cell_type,cell_type_class,gene,nCPM,specificity_log2_ratio,marker_rank
Bergmann glia,Glial cells,ALDH1A1,1353.3,5.796494639605955,1
Bergmann glia,Glial cells,TIMP4,138.4,5.756393643540915,2
Bergmann glia,Glial cells,COL22A1,226.2,5.318391887443079,3
Bergmann glia,Glial cells,LCAT,364.4,5.227258176508262,4
Bergmann glia,Glial cells,FAM181B,422.0,5.0502038668035105,5
Bergmann glia,Glial cells,BLM,286.6,4.943187305760972,6
Bergmann glia,Glial cells,ADAMTSL1,3673.3,4.9147039310558975,7
Bergmann glia,Glial cells,GLI1,41.3,4.835217317526169,8
Bergmann glia,Glial cells,ELOVL2,348.1,4.833322124727748,9
Bergmann glia,Glial cells,STON1,386.3,4.697428992887839,10
Bergmann glia,Glial cells,LGR6,226.5,4.655916910749775,11
Bergmann glia,Glial cells,SLC4A4,4574.7,4.5953154359721315,12
Bergmann glia,Glial cells,SMTN,246.5,4.544879979972938,13
Bergmann glia,Glial cells,PDLIM3,446.7,4.474223083704305,14
Bergmann glia,Glial cells,NDRG2,875.3,4.452478857995531,15
Bergmann glia,Glial cells,TSPAN11,131.3,4.415401035891802,16
Bergmann glia,Glial cells,ALDH1L1,281.3,4.350692388583445,17
Bergmann glia,Glial cells,SLC1A3,5853.4,4.336150471576703,18
Bergmann glia,Glial cells,ATP10B,948.7,4.327467340741125,19
Bergmann glia,Glial cells,KCNJ16,224.9,4.2577144585825,20
Bergmann glia,Glial cells,FXYD1,336.8,4.221866209849048,21
Bergmann glia,Glial cells,SRPX,204.6,4.1920376734247595,22
Bergmann glia,Glial cells,HEPN1,306.2,4.174286312791646,23
Bergmann glia,Glial cells,RGS20,532.1,4.1717713441152755,24
Bergmann glia,Glial cells,RGCC,596.0,4.13528198640872,25
Bergmann glia,Glial cells,TJP2,370.8,4.12950644537995,26
Bergmann glia,Glial cells,BMPR1B,1335.1,4.107123875937023,27
Bergmann glia,Glial cells,CDC42EP4,319.5,4.104835991132154,28
Bergmann glia,Glial cells,TUBB2B,539.4,4.088992650568117,29
Bergmann glia,Glial cells,TTPA,154.2,4.035590107525008,30
Bergmann glia,Glial cells,PCSK6,1017.2,3.9996823042483927,31
Bergmann glia,Glial cells,CYP2J2,181.5,3.976830835545819,32
Bergmann glia,Glial cells,TST,62.7,3.946973834809545,33
Bergmann glia,Glial cells,VIT,142.4,3.9307754465316393,34
Bergmann glia,Glial cells,COL23A1,282.8,3.9256359176503945,35
Bergmann glia,Glial cells,KCNE5,23.0,3.8717999311401563,36
Bergmann glia,Glial cells,RAB34,104.0,3.868071346717991,37
Bergmann glia,Glial cells,PLA2G5,68.1,3.867757281604734,38
Bergmann glia,Glial cells,LGI4,299.6,3.8555034416135188,39
Bergmann glia,Glial cells,IL33,76.4,3.8469805662234577,40
Bergmann glia,Glial cells,GDF10,44.6,3.8125413687729393,41
Bergmann glia,Glial cells,NHSL1,1279.1,3.806436524454606,42
Bergmann glia,Glial cells,HSD17B6,55.7,3.780088056288611,43
Bergmann glia,Glial cells,PLEKHH2,524.0,3.758752351977631,44
Bergmann glia,Glial cells,CLDN10,95.4,3.7551596317579543,45
Bergmann glia,Glial cells,BCAT2,379.8,3.70994242039966,46
Bergmann glia,Glial cells,GPR37L1,238.4,3.7054520663162234,47
Bergmann glia,Glial cells,CCDC80,101.1,3.685911888291014,48
Bergmann glia,Glial cells,BTBD17,30.9,3.6823266336178766,49
Bergmann glia,Glial cells,S1PR1,82.6,3.6816323069625136,50
Bergmann glia,Glial cells,IRX5,26.8,3.681535760416209,51
Bergmann glia,Glial cells,FGFR2,1277.6,3.677411464744082,52
Bergmann glia,Glial cells,PHYHD1,83.0,3.671176795774237,53
Bergmann glia,Glial cells,RNF182,267.8,3.6646032000850983,54
Bergmann glia,Glial cells,IRX1,43.3,3.653162654508943,55
Bergmann glia,Glial cells,HES5,84.6,3.652076696579694,56
Bergmann glia,Glial cells,ENHO,208.9,3.619936722275677,57
Bergmann glia,Glial cells,HIF3A,553.0,3.6091217736456356,58
Bergmann glia,Glial cells,MLC1,154.2,3.602305655266447,59
Bergmann glia,Glial cells,ASB18,81.3,3.5927923983259236,60
Bergmann glia,Glial cells,PHF21B,294.1,3.584651426614814,61
Bergmann glia,Glial cells,ID4,315.6,3.5822309851543586,62
Bergmann glia,Glial cells,FAM107A,228.4,3.552065932887337,63
Bergmann glia,Glial cells,FAM167A,54.9,3.544476939843273,64
Bergmann glia,Glial cells,ACBD7,40.3,3.5225037962318955,65
Bergmann glia,Glial cells,PTCH1,439.3,3.470835515079567,66
Bergmann glia,Glial cells,ZIC3,33.5,3.451092317724568,67
Bergmann glia,Glial cells,MDK,65.8,3.450818488332589,68
Bergmann glia,Glial cells,FGFR3,251.7,3.447869525945717,69
Bergmann glia,Glial cells,WFDC1,110.6,3.4465618183862556,70
Bergmann glia,Glial cells,MAP2K6,648.5,3.4338198893088743,71
Bergmann glia,Glial cells,ETNPPL,207.2,3.415751611180192,72
Bergmann glia,Glial cells,MCC,974.4,3.4144848175243165,73
Bergmann glia,Glial cells,SLC13A5,28.8,3.411813598404558,74
Bergmann glia,Glial cells,LRRC8A,222.3,3.3949923198627463,75
Bergmann glia,Glial cells,SERPINE2,536.0,3.394982041466399,76
Bergmann glia,Glial cells,TTYH1,451.6,3.3887286272940957,77
Bergmann glia,Glial cells,MT3,792.2,3.379305512414436,78
Bergmann glia,Glial cells,S100B,839.6,3.3699308869460816,79
Bergmann glia,Glial cells,SDS,28.5,3.318227926044771,80
Bergmann glia,Glial cells,NKX2-2,101.1,3.3177806350724532,81
Bergmann glia,Glial cells,GRID2,18167.2,3.297281840711046,82
Bergmann glia,Glial cells,GSTM5,38.4,3.2968485925361533,83
Bergmann glia,Glial cells,PREX2,1960.0,3.296318301116696,84
Bergmann glia,Glial cells,APOE,1030.8,3.2721797994651203,85
Bergmann glia,Glial cells,LFNG,64.1,3.2667865406949015,86
Bergmann glia,Glial cells,TRIL,79.6,3.2576421185397333,87
Bergmann glia,Glial cells,IL17RB,86.5,3.247203225047347,88
Bergmann glia,Glial cells,ATP1A4,16.4,3.2441636317342306,89
Bergmann glia,Glial cells,HEPACAM,279.6,3.2438124258962757,90
Bergmann glia,Glial cells,TLCD1,14.9,3.2383360019193006,91
Bergmann glia,Glial cells,TRIB2,224.2,3.219754668859859,92
Bergmann glia,Glial cells,KLF15,59.6,3.2181183354036205,93
Bergmann glia,Glial cells,SCARA3,117.1,3.207160085161063,94
Bergmann glia,Glial cells,COL8A1,302.0,3.2052859776675686,95
Bergmann glia,Glial cells,RGMA,280.0,3.1776937741250952,96
Bergmann glia,Glial cells,GLUL,673.0,3.1764976553657984,97
Bergmann glia,Glial cells,ARHGEF26,418.7,3.1755609030333543,98
Bergmann glia,Glial cells,SPRY1,111.0,3.175086706558091,99
Bergmann glia,Glial cells,SYPL2,21.5,3.156002625209943,100
Bergmann glia,Glial cells,SFXN5,887.5,3.152815193123622,101
Bergmann glia,Glial cells,PLSCR4,330.9,3.137996242521514,102
Bergmann glia,Glial cells,PON2,513.7,3.137596959522183,103
Bergmann glia,Glial cells,LGALS3,129.2,3.136765005668341,104
Bergmann glia,Glial cells,RHOJ,349.5,3.1216479231087844,105
Bergmann glia,Glial cells,PAX6,113.2,3.114941369097843,106
Bergmann glia,Glial cells,ANKDD1A,431.1,3.1145163680542187,107
Bergmann glia,Glial cells,GABRG1,350.0,3.1099824609860303,108
Bergmann glia,Glial cells,ROBO3,108.8,3.1016873444059634,109
Bergmann glia,Glial cells,PIK3C2A,1081.8,3.092486149299507,110
Bergmann glia,Glial cells,PLPP3,310.9,3.0908096990656952,111
Bergmann glia,Glial cells,MGST1,723.2,3.087668104826255,112
Bergmann glia,Glial cells,STK17A,365.7,3.0806476488868015,113
Bergmann glia,Glial cells,EDNRB,203.3,3.071660985127447,114
Bergmann glia,Glial cells,ANGPT1,398.6,3.065670778988869,115
Bergmann glia,Glial cells,TSC22D4,345.9,3.0521085270038455,116
Bergmann glia,Glial cells,AMER2,341.1,3.0243963571141608,117
Bergmann glia,Glial cells,CABLES1,442.8,3.021816271383244,118
Bergmann glia,Glial cells,METRN,446.0,3.0187231386750604,119
Bergmann glia,Glial cells,PRTG,195.3,3.0161924859615024,120
Bergmann glia,Glial cells,ARHGAP31,573.8,3.0132951324408013,121
Bergmann glia,Glial cells,IL17D,142.6,3.0035358696073167,122
Bergmann glia,Glial cells,ADORA2B,42.2,3.003242012692152,123
Bergmann glia,Glial cells,PNP,33.0,3.000514421485532,124
Bergmann glia,Glial cells,FAM181A,20.6,3.0,125
Bergmann glia,Glial cells,IZUMO4,55.6,2.993065064161828,126
Bergmann glia,Glial cells,CDH20,2215.0,2.9891978385181313,127
Bergmann glia,Glial cells,GYG1,169.6,2.9823242495751248,128
Bergmann glia,Glial cells,TOGARAM2,506.7,2.9821058388153023,129
Bergmann glia,Glial cells,GJA1,287.4,2.966023055805582,130
Bergmann glia,Glial cells,SCG3,499.0,2.957338684815078,131
Bergmann glia,Glial cells,DTNA,5440.0,2.9486418261971634,132
Bergmann glia,Glial cells,LAMA2,3075.9,2.9390295623717733,133
Bergmann glia,Glial cells,KLHDC8A,117.1,2.9274141923010464,134
Bergmann glia,Glial cells,GAREM2,40.2,2.923539724484068,135
Bergmann glia,Glial cells,RASSF4,323.9,2.9234961137972846,136
Bergmann glia,Glial cells,NTNG2,126.1,2.9220355057534575,137
Bergmann glia,Glial cells,SERPINI2,313.9,2.921394793026896,138
Bergmann glia,Glial cells,KREMEN1,158.8,2.9110412927824485,139
Bergmann glia,Glial cells,NPAS3,7724.8,2.8998592735891764,140
Bergmann glia,Glial cells,CARMIL1,1405.6,2.894829030084792,141
Bergmann glia,Glial cells,SPX,26.4,2.890943791698768,142
Bergmann glia,Glial cells,PREX1,548.2,2.8850739863629333,143
Bergmann glia,Glial cells,NKAIN4,93.8,2.880229739943426,144
Bergmann glia,Glial cells,XYLT1,1956.0,2.8715723854208135,145
Bergmann glia,Glial cells,LGR4,615.4,2.869743818148746,146
Bergmann glia,Glial cells,LIFR,904.8,2.8620288246638204,147
Bergmann glia,Glial cells,ST3GAL6,728.9,2.8562465538746418,148
Bergmann glia,Glial cells,DAB2,32.9,2.8524141537052285,149
Bergmann glia,Glial cells,SLC7A10,29.2,2.84296797470214,150
Bergmann glia,Glial cells,RUBCNL,147.7,2.836488667705409,151
Bergmann glia,Glial cells,PIRT,25.7,2.8336270231416334,152
Bergmann glia,Glial cells,FJX1,52.4,2.8336270231416325,153
Bergmann glia,Glial cells,WIF1,99.0,2.8077484380051883,154
Bergmann glia,Glial cells,VAT1L,715.7,2.798979707731789,155
Bergmann glia,Glial cells,LAMA4,540.3,2.792306417129384,156
Bergmann glia,Glial cells,ARHGEF28,563.2,2.7886551036669154,157
Bergmann glia,Glial cells,WDR49,657.4,2.7868573391150417,158
Bergmann glia,Glial cells,PTN,1231.5,2.7858293276786363,159
Bergmann glia,Glial cells,EFEMP1,304.7,2.7826974732242493,160
Bergmann glia,Glial cells,ACSS1,224.1,2.7810659916596676,161
Bergmann glia,Glial cells,MEIKIN,188.5,2.77929928631022,162
Bergmann glia,Glial cells,KCNJ10,102.9,2.7644495672863654,163
Bergmann glia,Glial cells,AHCYL1,637.3,2.7637345473551216,164
Bergmann glia,Glial cells,FGF2,186.9,2.7612182669715453,165
Bergmann glia,Glial cells,DGKG,1684.0,2.760938321046185,166
Bergmann glia,Glial cells,ZIC1,665.5,2.757610558562435,167
Bergmann glia,Glial cells,IRX3,23.5,2.7438220976060026,168
Bergmann glia,Glial cells,SMAD9,246.9,2.7355613283037696,169
Bergmann glia,Glial cells,C4orf19,169.8,2.724156352773291,170
Bergmann glia,Glial cells,RFTN2,484.0,2.721811754481944,171
Bergmann glia,Glial cells,S100A16,38.2,2.7121976890172643,172
Bergmann glia,Glial cells,MICALL2,159.1,2.705089342188274,173
Bergmann glia,Glial cells,CTH,74.3,2.7034328323084886,174
Bergmann glia,Glial cells,SLC12A4,43.6,2.6841621362944523,175
Bergmann glia,Glial cells,PPP1R1B,163.4,2.678561289676246,176
Bergmann glia,Glial cells,CHST7,49.7,2.669937629743748,177
Bergmann glia,Glial cells,CNTFR,81.1,2.6548407217131977,178
Bergmann glia,Glial cells,CTSH,78.6,2.653458257653325,179
Bergmann glia,Glial cells,POU3F1,35.7,2.6474044499904306,180
Bergmann glia,Glial cells,CRB2,66.1,2.642586254659949,181
Bergmann glia,Glial cells,ACSBG1,151.9,2.6424486927617132,182
Bergmann glia,Glial cells,ZFYVE21,180.0,2.636748413098605,183
Bergmann glia,Glial cells,GPRC5B,350.8,2.633797541392226,184
Bergmann glia,Glial cells,DDIT4L,15.1,2.6254415700762266,185
Bergmann glia,Glial cells,ESRRG,2637.2,2.6196180684054853,186
Bergmann glia,Glial cells,GABRA2,1113.2,2.619147517240222,187
Bergmann glia,Glial cells,RFX2,399.2,2.6183138149887264,188
Bergmann glia,Glial cells,ATP13A4,342.5,2.6176703694895886,189
Bergmann glia,Glial cells,NCKAP5,1724.0,2.6165858699420617,190
Bergmann glia,Glial cells,CTNNA3,2815.9,2.6140034732144555,191
Bergmann glia,Glial cells,PIPOX,57.2,2.610425160500086,192
Bergmann glia,Glial cells,SPRY2,157.4,2.6063163786815413,193
Bergmann glia,Glial cells,WNT3,57.0,2.599964664060403,194
Bergmann glia,Glial cells,TNFRSF11B,32.6,2.599872182388497,195
Bergmann glia,Glial cells,SHISAL2A,29.5,2.599223193846326,196
Bergmann glia,Glial cells,VSX1,22.4,2.5973462251769885,197
Bergmann glia,Glial cells,CASTOR1,24.4,2.594286953552358,198
Bergmann glia,Glial cells,PHGDH,61.5,2.5940142392874126,199
Bergmann glia,Glial cells,CCS,206.2,2.589019290855466,200
CGE interneuron,Neuronal cells,VIP,396.1,7.348629073703993,1
CGE interneuron,Neuronal cells,CXCL14,1651.6,7.070290922027374,2
CGE interneuron,Neuronal cells,TAC3,111.6,4.694550209875633,3
CGE interneuron,Neuronal cells,CRH,168.6,4.5184670889342495,4
CGE interneuron,Neuronal cells,DLX1,84.9,4.3151750095305195,5
CGE interneuron,Neuronal cells,CCK,1498.4,4.205685372466962,6
CGE interneuron,Neuronal cells,SLC10A4,42.9,4.115112116812928,7
CGE interneuron,Neuronal cells,KMO,71.0,4.069660877968884,8
CGE interneuron,Neuronal cells,RELN,1703.7,3.790230812352025,9
CGE interneuron,Neuronal cells,CNR1,892.7,3.78127900105487,10
CGE interneuron,Neuronal cells,ADARB2,6682.1,3.641354896789032,11
CGE interneuron,Neuronal cells,NR2E1,26.1,3.6049427209885985,12
CGE interneuron,Neuronal cells,SLC25A48,133.4,3.5365994791597575,13
CGE interneuron,Neuronal cells,NPAS1,71.4,3.4640886968275724,14
CGE interneuron,Neuronal cells,PRLHR,19.6,3.30253447383738,15
CGE interneuron,Neuronal cells,NPR3,29.3,3.2735476325164705,16
CGE interneuron,Neuronal cells,CHRNA2,27.8,3.2718046154615257,17
CGE interneuron,Neuronal cells,PTHLH,45.9,3.267684018198736,18
CGE interneuron,Neuronal cells,PROX1,244.6,3.1804298486579525,19
CGE interneuron,Neuronal cells,GRPR,19.2,3.1346495266947816,20
CGE interneuron,Neuronal cells,IGF1,256.9,3.082082296194015,21
CGE interneuron,Neuronal cells,DLX2,16.3,3.0360788511464496,22
CGE interneuron,Neuronal cells,HAPLN1,76.2,3.03461625528547,23
CGE interneuron,Neuronal cells,RGS12,657.8,2.9700267791038084,24
CGE interneuron,Neuronal cells,PRELID2,595.0,2.96178067776951,25
CGE interneuron,Neuronal cells,ADRA1B,144.7,2.9028006460252627,26
CGE interneuron,Neuronal cells,SHISA8,88.0,2.795272674855863,27
CGE interneuron,Neuronal cells,PKP2,136.5,2.696264731366567,28
CGE interneuron,Neuronal cells,CBLN4,72.3,2.678274704232304,29
CGE interneuron,Neuronal cells,PNOC,38.9,2.65328245932509,30
CGE interneuron,Neuronal cells,CHRNA7,144.7,2.647416231820173,31
CGE interneuron,Neuronal cells,SCG2,475.9,2.5680931591330016,32
CGE interneuron,Neuronal cells,ARSF,17.4,2.565141059808412,33
CGE interneuron,Neuronal cells,ELFN1,30.9,2.5641452072695627,34
CGE interneuron,Neuronal cells,ARL4C,271.4,2.535831438224508,35
CGE interneuron,Neuronal cells,SLC32A1,50.6,2.5034326152245585,36
CGE interneuron,Neuronal cells,AP1S2,286.9,2.4532644650587847,37
CGE interneuron,Neuronal cells,ARX,50.4,2.443150831178179,38
CGE interneuron,Neuronal cells,TNFAIP8L3,56.2,2.4385649684857422,39
CGE interneuron,Neuronal cells,ERBB4,8806.8,2.4374302544049287,40
CGE interneuron,Neuronal cells,CALB2,159.7,2.4345109119269464,41
CGE interneuron,Neuronal cells,LRRC39,119.5,2.4286340032701643,42
CGE interneuron,Neuronal cells,NECAB2,89.7,2.4076176382821135,43
CGE interneuron,Neuronal cells,GAD2,533.6,2.3864658884266037,44
CGE interneuron,Neuronal cells,FREM1,258.3,2.3761093855179465,45
CGE interneuron,Neuronal cells,NDNF,34.8,2.3589112008298643,46
CGE interneuron,Neuronal cells,PCDH8,75.5,2.3534147304664277,47
CGE interneuron,Neuronal cells,SLC17A8,16.4,2.3375904957024995,48
CGE interneuron,Neuronal cells,KIT,325.6,2.3363630355888976,49
CGE interneuron,Neuronal cells,GAD1,438.2,2.322834194687118,50
CGE interneuron,Neuronal cells,VSTM2A,64.0,2.293622725667217,51
CGE interneuron,Neuronal cells,NPBWR1,7.1,2.2809563138310565,52
CGE interneuron,Neuronal cells,TCIM,27.8,2.2492563640561385,53
CGE interneuron,Neuronal cells,ENTPD3,185.4,2.2481386138035604,54
CGE interneuron,Neuronal cells,POU3F4,21.3,2.222327074488249,55
CGE interneuron,Neuronal cells,NNMT,27.7,2.2093010460341413,56
CGE interneuron,Neuronal cells,PCP4L1,72.6,2.1902032803932463,57
CGE interneuron,Neuronal cells,GRIN2D,74.5,2.185293402865516,58
CGE interneuron,Neuronal cells,NRIP3,202.5,2.1708275723258237,59
CGE interneuron,Neuronal cells,LAMA3,132.3,2.122501858016224,60
CGE interneuron,Neuronal cells,FBN3,12.9,2.113486642631399,61
CGE interneuron,Neuronal cells,ASIC4,37.7,2.112129764738074,62
CGE interneuron,Neuronal cells,IL1RAPL2,416.9,2.0730720215112455,63
CGE interneuron,Neuronal cells,SYNPR,1100.3,2.050005236071782,64
CGE interneuron,Neuronal cells,CHRNA4,31.8,2.0389064937200225,65
CGE interneuron,Neuronal cells,FXYD6,10.2,2.036365745602519,66
CGE interneuron,Neuronal cells,GRIP1,2583.8,2.034132909186652,67
CGE interneuron,Neuronal cells,ADRA1D,14.8,2.0330253052792555,68
CGE interneuron,Neuronal cells,PARM1,133.0,2.0137681553276905,69
CGE interneuron,Neuronal cells,VWC2,408.7,2.0072851384248094,70
CGE interneuron,Neuronal cells,CCNG2,85.3,2.00522725360222,71
CGE interneuron,Neuronal cells,EGFR,314.5,2.00237145143964,72
CGE interneuron,Neuronal cells,B3GALT2,79.3,1.9973347379829467,73
CGE interneuron,Neuronal cells,SCTR,5.9,1.9905272473797178,74
CGE interneuron,Neuronal cells,TOX3,205.8,1.9848587551168229,75
CGE interneuron,Neuronal cells,FGF13,739.4,1.9822306004168178,76
CGE interneuron,Neuronal cells,SYCE1L,22.4,1.9810681839896245,77
CGE interneuron,Neuronal cells,CHRNA6,10.7,1.95041797114944,78
CGE interneuron,Neuronal cells,PTCHD4,540.6,1.9478093614436958,79
CGE interneuron,Neuronal cells,GLRA2,144.9,1.9430961188247071,80
CGE interneuron,Neuronal cells,FRMPD3,50.6,1.9298850453866978,81
CGE interneuron,Neuronal cells,FLRT1,31.7,1.9132215212122692,82
CGE interneuron,Neuronal cells,PLD5,718.9,1.9042558928266335,83
CGE interneuron,Neuronal cells,KCNC2,1174.1,1.9032093427257324,84
CGE interneuron,Neuronal cells,ZNF536,854.9,1.8950102779996656,85
CGE interneuron,Neuronal cells,TMEM200C,31.3,1.894458284811855,86
CGE interneuron,Neuronal cells,IGF2BP3,21.5,1.8780357329363333,87
CGE interneuron,Neuronal cells,ARHGAP28,89.3,1.8680925548684768,88
CGE interneuron,Neuronal cells,SP9,12.0,1.8391459889726844,89
CGE interneuron,Neuronal cells,OPRK1,26.8,1.82627085339722,90
CGE interneuron,Neuronal cells,TP53I11,44.0,1.8083267611249294,91
CGE interneuron,Neuronal cells,NAP1L3,132.9,1.8071100696205522,92
CGE interneuron,Neuronal cells,CCDC85A,596.5,1.8060677351850516,93
CGE interneuron,Neuronal cells,NETO2,319.6,1.801971814238001,94
CGE interneuron,Neuronal cells,SVEP1,153.0,1.7963679971836932,95
CGE interneuron,Neuronal cells,DNMT3B,14.9,1.7807927278459577,96
CGE interneuron,Neuronal cells,KCNIP1,513.6,1.7780518422611995,97
CGE interneuron,Neuronal cells,THSD7A,668.7,1.7756309486649284,98
CGE interneuron,Neuronal cells,RAB3C,825.3,1.7588531249373158,99
CGE interneuron,Neuronal cells,AARD,9.6,1.7541143951084268,100
CGE interneuron,Neuronal cells,FSTL5,1411.4,1.7519063273339381,101
CGE interneuron,Neuronal cells,HMGB3,12.9,1.7339284505679804,102
CGE interneuron,Neuronal cells,NMBR,12.4,1.7311049427449636,103
CGE interneuron,Neuronal cells,ANKRD30B,81.7,1.723513099664669,104
CGE interneuron,Neuronal cells,GRIP2,111.6,1.7169671137001188,105
CGE interneuron,Neuronal cells,NXPH2,192.4,1.7122823399368599,106
CGE interneuron,Neuronal cells,DNER,791.8,1.7058387391436678,107
CGE interneuron,Neuronal cells,CHRM3,1221.2,1.7056608359293846,108
CGE interneuron,Neuronal cells,MPPED1,131.4,1.705136145933174,109
CGE interneuron,Neuronal cells,GRIN3A,230.6,1.7018089157090917,110
CGE interneuron,Neuronal cells,MCUB,63.1,1.697254752793894,111
CGE interneuron,Neuronal cells,RPH3A,319.2,1.6861609400341577,112
CGE interneuron,Neuronal cells,TLE2,77.1,1.6752198993352898,113
CGE interneuron,Neuronal cells,CCDC184,24.1,1.674974909057526,114
CGE interneuron,Neuronal cells,SALL1,31.8,1.6714759867923166,115
CGE interneuron,Neuronal cells,CNTN5,3796.9,1.6662828725225725,116
CGE interneuron,Neuronal cells,PRRT4,12.5,1.664855301300996,117
CGE interneuron,Neuronal cells,HCRTR1,4.4,1.64953450201724,118
CGE interneuron,Neuronal cells,SERTM1,46.6,1.6425824083808942,119
CGE interneuron,Neuronal cells,BSPRY,13.3,1.641069183920106,120
CGE interneuron,Neuronal cells,B3GALT1,21.9,1.6410192180040508,121
CGE interneuron,Neuronal cells,LGI2,30.5,1.6353804077073795,122
CGE interneuron,Neuronal cells,LYPD6,91.1,1.625543456218688,123
CGE interneuron,Neuronal cells,ALK,363.7,1.6190220047777457,124
CGE interneuron,Neuronal cells,SLITRK4,93.1,1.6128265758039189,125
CGE interneuron,Neuronal cells,PPP1R1C,30.8,1.6044783162072933,126
CGE interneuron,Neuronal cells,RPP25,18.9,1.5975394125702604,127
CGE interneuron,Neuronal cells,NPTXR,214.9,1.596795935825675,128
CGE interneuron,Neuronal cells,ADRA1A,294.0,1.5951349349155912,129
CGE interneuron,Neuronal cells,CHRM1,22.8,1.5855136736183622,130
CGE interneuron,Neuronal cells,ZMAT4,517.3,1.5692331423642791,131
CGE interneuron,Neuronal cells,AMH,17.3,1.5615035278971672,132
CGE interneuron,Neuronal cells,PODXL2,141.3,1.5613771750094838,133
CGE interneuron,Neuronal cells,RGS8,40.2,1.5534751085524354,134
CGE interneuron,Neuronal cells,PDSS1,70.6,1.5520038064741108,135
CGE interneuron,Neuronal cells,TMEM132D,782.3,1.5516122278535491,136
CGE interneuron,Neuronal cells,SLC6A1,664.1,1.5507249092788078,137
CGE interneuron,Neuronal cells,KITLG,129.1,1.5459764339453357,138
CGE interneuron,Neuronal cells,SYNGR3,78.1,1.5447397027880407,139
CGE interneuron,Neuronal cells,CCNH,898.9,1.5438283128456896,140
CGE interneuron,Neuronal cells,TMEM132E,20.0,1.5425000805994415,141
CGE interneuron,Neuronal cells,MAFB,21.9,1.5260459028373135,142
CGE interneuron,Neuronal cells,GABRA1,343.4,1.5227275688829713,143
CGE interneuron,Neuronal cells,GRIN2A,1633.6,1.517160625713173,144
CGE interneuron,Neuronal cells,HRH3,50.3,1.513879402659674,145
CGE interneuron,Neuronal cells,C1QL2,12.3,1.5118990385314335,146
CGE interneuron,Neuronal cells,PLS3,148.0,1.5084246915075914,147
CGE interneuron,Neuronal cells,SLC29A4,48.8,1.5033052811520224,148
CGE interneuron,Neuronal cells,RGMB,76.5,1.497151284586456,149
CGE interneuron,Neuronal cells,LAMP5,91.5,1.4946916511871315,150
CGE interneuron,Neuronal cells,FGD5,41.2,1.492280498211304,151
CGE interneuron,Neuronal cells,DUSP4,19.0,1.4922630111046697,152
CGE interneuron,Neuronal cells,L3MBTL4,399.0,1.4733544684817528,153
CGE interneuron,Neuronal cells,MTUS2,1119.1,1.4680655731344725,154
CGE interneuron,Neuronal cells,PLPPR5,220.8,1.4658963635072213,155
CGE interneuron,Neuronal cells,GNG4,97.3,1.4627376049007823,156
CGE interneuron,Neuronal cells,FOXG1,70.5,1.4622929408953116,157
CGE interneuron,Neuronal cells,CYGB,28.6,1.461057190686339,158
CGE interneuron,Neuronal cells,LRRC2,31.0,1.4601832180504357,159
CGE interneuron,Neuronal cells,ALKAL1,3.0,1.4594316186372973,160
CGE interneuron,Neuronal cells,DIRAS1,44.8,1.4575952941260366,161
CGE interneuron,Neuronal cells,ZNF385D,1854.3,1.4470882151295008,162
CGE interneuron,Neuronal cells,ACADL,29.9,1.4389565562225215,163
CGE interneuron,Neuronal cells,NPB,8.0,1.4212035655264186,164
CGE interneuron,Neuronal cells,ZCCHC12,21.7,1.4171575511532133,165
CGE interneuron,Neuronal cells,TRPC3,153.1,1.4164661585696958,166
CGE interneuron,Neuronal cells,PRR16,478.9,1.4143240730517128,167
CGE interneuron,Neuronal cells,GABRB2,1030.8,1.40696170190374,168
CGE interneuron,Neuronal cells,YJEFN3,69.0,1.3988900767022463,169
CGE interneuron,Neuronal cells,SCN2B,52.1,1.3960890150223437,170
CGE interneuron,Neuronal cells,EYA4,216.6,1.3906533406518842,171
CGE interneuron,Neuronal cells,GPR12,29.7,1.3868807261253793,172
CGE interneuron,Neuronal cells,PRMT8,109.5,1.3863506947396333,173
CGE interneuron,Neuronal cells,HTR5A,16.7,1.3846501283823318,174
CGE interneuron,Neuronal cells,SCN7A,68.7,1.382028402180972,175
CGE interneuron,Neuronal cells,SRM,75.2,1.376058157157447,176
CGE interneuron,Neuronal cells,POU6F2,234.5,1.3721249411654388,177
CGE interneuron,Neuronal cells,GRIK2,3794.1,1.3711915493516218,178
CGE interneuron,Neuronal cells,SORCS3,534.8,1.3580033916902265,179
CGE interneuron,Neuronal cells,CAMK2N2,78.8,1.3537221774661823,180
CGE interneuron,Neuronal cells,GRIK1,1804.0,1.348394139000694,181
CGE interneuron,Neuronal cells,CILP2,2.2,1.3439544012173614,182
CGE interneuron,Neuronal cells,SEZ6L2,224.4,1.3433636976302,183
CGE interneuron,Neuronal cells,DRAXIN,6.7,1.3425138668581464,184
CGE interneuron,Neuronal cells,RXRA,50.0,1.3417800299830238,185
CGE interneuron,Neuronal cells,DCX,133.5,1.3367116931199057,186
CGE interneuron,Neuronal cells,CPLX2,134.1,1.336498596298314,187
CGE interneuron,Neuronal cells,ZBTB16,446.7,1.3349596134200046,188
CGE interneuron,Neuronal cells,ADCYAP1R1,72.9,1.3316926158222313,189
CGE interneuron,Neuronal cells,LRRC24,20.8,1.330779012469628,190
CGE interneuron,Neuronal cells,INPP4B,1567.2,1.3277411694140793,191
CGE interneuron,Neuronal cells,KCNJ12,15.3,1.3250157977307577,192
CGE interneuron,Neuronal cells,C1QTNF2,11.7,1.3205518056907959,193
CGE interneuron,Neuronal cells,CALY,422.8,1.3157673080764014,194
CGE interneuron,Neuronal cells,HAP1,20.9,1.3153554409638761,195
CGE interneuron,Neuronal cells,RIMBP2,351.2,1.3103808353102944,196
CGE interneuron,Neuronal cells,GPR27,18.7,1.3045021650795883,197
CGE interneuron,Neuronal cells,CORT,23.0,1.30157944949556,198
CGE interneuron,Neuronal cells,ATP6V0C,427.2,1.2943814783642127,199
CGE interneuron,Neuronal cells,ANO4,581.9,1.2910933420568405,200
LAMP5-LHX6 and Chandelier,Neuronal cells,LHX6,151.5,4.332429885088106,1
LAMP5-LHX6 and Chandelier,Neuronal cells,HAPLN1,119.2,3.8881364342272597,2
LAMP5-LHX6 and Chandelier,Neuronal cells,CHRDL1,123.8,3.8140964999366593,3
LAMP5-LHX6 and Chandelier,Neuronal cells,TMEM255A,105.4,3.7186744453087166,4
LAMP5-LHX6 and Chandelier,Neuronal cells,PDGFD,461.1,3.6669155408980907,5
LAMP5-LHX6 and Chandelier,Neuronal cells,C1QL1,156.3,3.622380158944695,6
LAMP5-LHX6 and Chandelier,Neuronal cells,FGF13,1825.8,3.5638946422114977,7
LAMP5-LHX6 and Chandelier,Neuronal cells,LAMP5,305.4,3.539956272008084,8
LAMP5-LHX6 and Chandelier,Neuronal cells,CA8,328.4,3.5378802869338513,9
LAMP5-LHX6 and Chandelier,Neuronal cells,CHST9,782.2,3.516354124371722,10
LAMP5-LHX6 and Chandelier,Neuronal cells,ARX,91.1,3.4863100023134446,11
LAMP5-LHX6 and Chandelier,Neuronal cells,SP9,31.6,3.4230163829773503,12
LAMP5-LHX6 and Chandelier,Neuronal cells,PTHLH,49.8,3.418368962015411,13
LAMP5-LHX6 and Chandelier,Neuronal cells,MYB,49.1,3.308292673191063,14
LAMP5-LHX6 and Chandelier,Neuronal cells,EYA4,676.6,3.2946888986281655,15
LAMP5-LHX6 and Chandelier,Neuronal cells,PKP2,179.7,3.1823168600127785,16
LAMP5-LHX6 and Chandelier,Neuronal cells,CCK,889.3,3.158363072604865,17
LAMP5-LHX6 and Chandelier,Neuronal cells,GRPR,19.3,3.143675998372538,18
LAMP5-LHX6 and Chandelier,Neuronal cells,GRIP1,4821.4,3.0978147511629186,19
LAMP5-LHX6 and Chandelier,Neuronal cells,ALK,876.2,3.087462841250339,20
LAMP5-LHX6 and Chandelier,Neuronal cells,CA13,129.8,3.0571344540032417,21
LAMP5-LHX6 and Chandelier,Neuronal cells,UNC5D,4656.9,3.040172476847869,22
LAMP5-LHX6 and Chandelier,Neuronal cells,GAD2,772.9,3.0262858046110264,23
LAMP5-LHX6 and Chandelier,Neuronal cells,PTCHD4,1007.7,2.998332337069088,24
LAMP5-LHX6 and Chandelier,Neuronal cells,KCNC2,2159.6,2.925961378745178,25
LAMP5-LHX6 and Chandelier,Neuronal cells,ERBB4,11575.6,2.908220695030268,26
LAMP5-LHX6 and Chandelier,Neuronal cells,NPPC,97.8,2.867025021548121,27
LAMP5-LHX6 and Chandelier,Neuronal cells,TMEM233,44.6,2.8576934051653144,28
LAMP5-LHX6 and Chandelier,Neuronal cells,IGF2BP3,38.2,2.803456797446396,29
LAMP5-LHX6 and Chandelier,Neuronal cells,MYO16,1314.4,2.793433467483408,30
LAMP5-LHX6 and Chandelier,Neuronal cells,PRELID2,533.3,2.7692821934553757,31
LAMP5-LHX6 and Chandelier,Neuronal cells,VWC2,634.7,2.741426583720814,32
LAMP5-LHX6 and Chandelier,Neuronal cells,ZNF536,1408.0,2.723264898652481,33
LAMP5-LHX6 and Chandelier,Neuronal cells,TCIM,36.6,2.6988709080586344,34
LAMP5-LHX6 and Chandelier,Neuronal cells,NXPH1,2484.1,2.6813290549723585,35
LAMP5-LHX6 and Chandelier,Neuronal cells,VSTM2A,80.4,2.673331943455607,36
LAMP5-LHX6 and Chandelier,Neuronal cells,GRIN3A,410.7,2.6468298910359027,37
LAMP5-LHX6 and Chandelier,Neuronal cells,THSD7A,1126.7,2.6336086404121772,38
LAMP5-LHX6 and Chandelier,Neuronal cells,SLC32A1,54.1,2.6150272513088084,39
LAMP5-LHX6 and Chandelier,Neuronal cells,SFRP1,153.9,2.604311806996048,40
LAMP5-LHX6 and Chandelier,Neuronal cells,B3GALT2,114.7,2.6033294037198385,41
LAMP5-LHX6 and Chandelier,Neuronal cells,CRTAC1,152.1,2.555370762492818,42
LAMP5-LHX6 and Chandelier,Neuronal cells,GLT8D2,86.0,2.5474646028992347,43
LAMP5-LHX6 and Chandelier,Neuronal cells,FSTL5,2260.9,2.522688594296736,44
LAMP5-LHX6 and Chandelier,Neuronal cells,TOX2,212.3,2.508154646635691,45
LAMP5-LHX6 and Chandelier,Neuronal cells,ARL4C,266.9,2.507617184299582,46
LAMP5-LHX6 and Chandelier,Neuronal cells,CALB1,95.1,2.4806036239426628,47
LAMP5-LHX6 and Chandelier,Neuronal cells,MAFB,40.1,2.473541218052733,48
LAMP5-LHX6 and Chandelier,Neuronal cells,GNG4,178.7,2.4364669489908106,49
LAMP5-LHX6 and Chandelier,Neuronal cells,TMEM132D,1349.3,2.4331400796388034,50
LAMP5-LHX6 and Chandelier,Neuronal cells,AARD,15.0,2.4252746079052354,51
LAMP5-LHX6 and Chandelier,Neuronal cells,IGF1,175.2,2.4197262312238497,52
LAMP5-LHX6 and Chandelier,Neuronal cells,PTPRT,2036.9,2.419254781246411,53
LAMP5-LHX6 and Chandelier,Neuronal cells,GABRD,138.2,2.407852831380366,54
LAMP5-LHX6 and Chandelier,Neuronal cells,ZNF385D,3344.5,2.3967256830048633,55
LAMP5-LHX6 and Chandelier,Neuronal cells,CRABP1,21.6,2.390867332154226,56
LAMP5-LHX6 and Chandelier,Neuronal cells,NOS1,205.1,2.3908545333801685,57
LAMP5-LHX6 and Chandelier,Neuronal cells,SLC27A6,124.7,2.3876037927221234,58
LAMP5-LHX6 and Chandelier,Neuronal cells,SERTM1,71.9,2.331977985229058,59
LAMP5-LHX6 and Chandelier,Neuronal cells,DLX2,10.3,2.302330657552568,60
LAMP5-LHX6 and Chandelier,Neuronal cells,DLX1,28.3,2.2805982583496904,61
LAMP5-LHX6 and Chandelier,Neuronal cells,CRH,52.1,2.2803784623750367,62
LAMP5-LHX6 and Chandelier,Neuronal cells,SYTL5,152.0,2.2801079191927354,63
LAMP5-LHX6 and Chandelier,Neuronal cells,BTBD8,476.2,2.2566502551357015,64
LAMP5-LHX6 and Chandelier,Neuronal cells,SEMA6D,1124.3,2.2435925327361166,65
LAMP5-LHX6 and Chandelier,Neuronal cells,LYPD6,133.3,2.2329016655357283,66
LAMP5-LHX6 and Chandelier,Neuronal cells,HMGB3,17.6,2.204174563395223,67
LAMP5-LHX6 and Chandelier,Neuronal cells,PCP4L1,72.4,2.1857355162897747,68
LAMP5-LHX6 and Chandelier,Neuronal cells,NXPH2,256.3,2.1722716770615857,69
LAMP5-LHX6 and Chandelier,Neuronal cells,MTUS2,1736.6,2.169800464773333,70
LAMP5-LHX6 and Chandelier,Neuronal cells,HTR7,134.7,2.154543286698523,71
LAMP5-LHX6 and Chandelier,Neuronal cells,ADGRG6,70.4,2.152669971344217,72
LAMP5-LHX6 and Chandelier,Neuronal cells,C1QL2,18.6,2.1316269574132662,73
LAMP5-LHX6 and Chandelier,Neuronal cells,ADAMTS5,43.7,2.120179425830795,74
LAMP5-LHX6 and Chandelier,Neuronal cells,ADRA1D,15.6,2.1133718612770367,75
LAMP5-LHX6 and Chandelier,Neuronal cells,SLC6A1,942.4,2.1096361984038277,76
LAMP5-LHX6 and Chandelier,Neuronal cells,OSBPL3,451.2,2.1054479240081196,77
LAMP5-LHX6 and Chandelier,Neuronal cells,CNTN5,4961.5,2.095337682566484,78
LAMP5-LHX6 and Chandelier,Neuronal cells,NRIP3,192.4,2.0876493443907824,79
LAMP5-LHX6 and Chandelier,Neuronal cells,SV2C,302.7,2.0766388176038415,80
LAMP5-LHX6 and Chandelier,Neuronal cells,WNT7A,18.9,2.0755392218404327,81
LAMP5-LHX6 and Chandelier,Neuronal cells,MYRFL,59.7,2.06353463282535,82
LAMP5-LHX6 and Chandelier,Neuronal cells,TAC1,198.8,2.061006742275759,83
LAMP5-LHX6 and Chandelier,Neuronal cells,TNFAIP8L3,44.4,2.057161415432332,84
LAMP5-LHX6 and Chandelier,Neuronal cells,TLE2,97.3,2.0436604834205037,85
LAMP5-LHX6 and Chandelier,Neuronal cells,SDK1,1419.8,2.037493167543355,86
LAMP5-LHX6 and Chandelier,Neuronal cells,COL4A2,266.4,2.0357874120078194,87
LAMP5-LHX6 and Chandelier,Neuronal cells,MAF,175.6,2.017584036391778,88
LAMP5-LHX6 and Chandelier,Neuronal cells,GAD1,359.6,1.9997333034393203,89
LAMP5-LHX6 and Chandelier,Neuronal cells,RPH3A,387.2,1.9941781868476385,90
LAMP5-LHX6 and Chandelier,Neuronal cells,PDGFRL,19.4,1.9931585169199655,91
LAMP5-LHX6 and Chandelier,Neuronal cells,GRIA4,3244.1,1.992565125464318,92
LAMP5-LHX6 and Chandelier,Neuronal cells,FREM3,24.3,1.9912140814992787,93
LAMP5-LHX6 and Chandelier,Neuronal cells,MPPED1,156.8,1.9859393396605332,94
LAMP5-LHX6 and Chandelier,Neuronal cells,GRIN2A,2191.9,1.984448184251299,95
LAMP5-LHX6 and Chandelier,Neuronal cells,FBXL7,1194.5,1.9738898654485622,96
LAMP5-LHX6 and Chandelier,Neuronal cells,MGAT4C,1929.0,1.9589201465812367,97
LAMP5-LHX6 and Chandelier,Neuronal cells,DCX,197.7,1.9533907110410131,98
LAMP5-LHX6 and Chandelier,Neuronal cells,FBLN7,46.1,1.944909497490727,99
LAMP5-LHX6 and Chandelier,Neuronal cells,DUSP4,25.2,1.9204701855330608,100
LAMP5-LHX6 and Chandelier,Neuronal cells,NECAB2,66.2,1.9160928615809343,101
LAMP5-LHX6 and Chandelier,Neuronal cells,ID2,128.3,1.9143143414494632,102
LAMP5-LHX6 and Chandelier,Neuronal cells,PRRT4,14.7,1.9054294270995864,103
LAMP5-LHX6 and Chandelier,Neuronal cells,KCNS3,86.6,1.9012497346780182,104
LAMP5-LHX6 and Chandelier,Neuronal cells,CORT,34.1,1.9007383686269235,105
LAMP5-LHX6 and Chandelier,Neuronal cells,ST6GAL2,281.3,1.8964980450193698,106
LAMP5-LHX6 and Chandelier,Neuronal cells,IGSF11,485.3,1.895319882102933,107
LAMP5-LHX6 and Chandelier,Neuronal cells,ITGA8,312.0,1.89260998187116,108
LAMP5-LHX6 and Chandelier,Neuronal cells,GRIP2,124.4,1.8887285412024497,109
LAMP5-LHX6 and Chandelier,Neuronal cells,HUNK,113.8,1.8771245999714457,110
LAMP5-LHX6 and Chandelier,Neuronal cells,RAB3IP,179.6,1.870657503966122,111
LAMP5-LHX6 and Chandelier,Neuronal cells,FGF9,100.4,1.8385599100093668,112
LAMP5-LHX6 and Chandelier,Neuronal cells,TOX,1190.9,1.8367051141059174,113
LAMP5-LHX6 and Chandelier,Neuronal cells,ANK1,210.0,1.828634565291361,114
LAMP5-LHX6 and Chandelier,Neuronal cells,RPP25,22.0,1.8271634031377841,115
LAMP5-LHX6 and Chandelier,Neuronal cells,CHRD,53.7,1.8113967037985528,116
LAMP5-LHX6 and Chandelier,Neuronal cells,FXYD6,8.7,1.8051031734486371,117
LAMP5-LHX6 and Chandelier,Neuronal cells,RET,16.1,1.8040351514925568,118
LAMP5-LHX6 and Chandelier,Neuronal cells,UNC5B,98.1,1.7925642222957383,119
LAMP5-LHX6 and Chandelier,Neuronal cells,KIT,231.1,1.7810748492645,120
LAMP5-LHX6 and Chandelier,Neuronal cells,ATRNL1,2899.2,1.7791498415863263,121
LAMP5-LHX6 and Chandelier,Neuronal cells,CTXND1,132.8,1.7789805466532767,122
LAMP5-LHX6 and Chandelier,Neuronal cells,NAT16,8.2,1.7767931868604478,123
LAMP5-LHX6 and Chandelier,Neuronal cells,AJAP1,196.7,1.7726595311064037,124
LAMP5-LHX6 and Chandelier,Neuronal cells,ITM2C,272.7,1.7535823020706538,125
LAMP5-LHX6 and Chandelier,Neuronal cells,FAM110B,540.6,1.7532387266675886,126
LAMP5-LHX6 and Chandelier,Neuronal cells,KCNC1,199.9,1.7487720148530776,127
LAMP5-LHX6 and Chandelier,Neuronal cells,ADARB2,2234.1,1.7373235822838144,128
LAMP5-LHX6 and Chandelier,Neuronal cells,GPR161,48.0,1.7331045449174383,129
LAMP5-LHX6 and Chandelier,Neuronal cells,KITLG,145.3,1.7312693056093837,130
LAMP5-LHX6 and Chandelier,Neuronal cells,TOX3,173.7,1.7148884811453062,131
LAMP5-LHX6 and Chandelier,Neuronal cells,OPRK1,24.9,1.7135810384768728,132
LAMP5-LHX6 and Chandelier,Neuronal cells,PKNOX2,350.0,1.709657988685502,133
LAMP5-LHX6 and Chandelier,Neuronal cells,NKX2-8,4.6,1.7096419841135073,134
LAMP5-LHX6 and Chandelier,Neuronal cells,CAMK2N2,99.0,1.707825077589338,135
LAMP5-LHX6 and Chandelier,Neuronal cells,ZCCHC12,26.3,1.7072215189250333,136
LAMP5-LHX6 and Chandelier,Neuronal cells,PCDH19,159.0,1.7050785469451701,137
LAMP5-LHX6 and Chandelier,Neuronal cells,ACADL,35.5,1.7008889459326373,138
LAMP5-LHX6 and Chandelier,Neuronal cells,MCHR1,8.8,1.699102031405581,139
LAMP5-LHX6 and Chandelier,Neuronal cells,RASGRF2,722.4,1.6962802992103996,140
LAMP5-LHX6 and Chandelier,Neuronal cells,SLC7A8,109.0,1.6909425030862093,141
LAMP5-LHX6 and Chandelier,Neuronal cells,KIRREL3,1711.3,1.6889623721142806,142
LAMP5-LHX6 and Chandelier,Neuronal cells,TMEM132B,1173.3,1.6880861908684759,143
LAMP5-LHX6 and Chandelier,Neuronal cells,ST8SIA4,168.3,1.6879440991448977,144
LAMP5-LHX6 and Chandelier,Neuronal cells,CHRM1,24.3,1.681982447334968,145
LAMP5-LHX6 and Chandelier,Neuronal cells,KCNIP1,480.8,1.6735095127098678,146
LAMP5-LHX6 and Chandelier,Neuronal cells,NAP1L3,122.0,1.6722120990414064,147
LAMP5-LHX6 and Chandelier,Neuronal cells,NPNT,64.8,1.6705703458270575,148
LAMP5-LHX6 and Chandelier,Neuronal cells,SYCE1L,18.2,1.6650157522871916,149
LAMP5-LHX6 and Chandelier,Neuronal cells,ELFN1,17.4,1.664827398603147,150
LAMP5-LHX6 and Chandelier,Neuronal cells,NTNG1,826.4,1.6645854022640194,151
LAMP5-LHX6 and Chandelier,Neuronal cells,RND3,64.5,1.6635547148223395,152
LAMP5-LHX6 and Chandelier,Neuronal cells,HRH1,75.2,1.6524373703417945,153
LAMP5-LHX6 and Chandelier,Neuronal cells,CACNG2,211.0,1.6464491211898618,154
LAMP5-LHX6 and Chandelier,Neuronal cells,GPR12,34.7,1.6233075754068047,155
LAMP5-LHX6 and Chandelier,Neuronal cells,C1QTNF2,14.4,1.6220562551400968,156
LAMP5-LHX6 and Chandelier,Neuronal cells,LRRTM1,39.5,1.6193725315069876,157
LAMP5-LHX6 and Chandelier,Neuronal cells,CACNG3,337.5,1.614872100734381,158
LAMP5-LHX6 and Chandelier,Neuronal cells,KCNK3,34.2,1.6109035143651593,159
LAMP5-LHX6 and Chandelier,Neuronal cells,CPNE8,327.0,1.610335515807544,160
LAMP5-LHX6 and Chandelier,Neuronal cells,GRIN2D,51.6,1.6047962609743054,161
LAMP5-LHX6 and Chandelier,Neuronal cells,MEF2C,1428.5,1.601776630201363,162
LAMP5-LHX6 and Chandelier,Neuronal cells,ENTPD3,123.7,1.6010384420188946,163
LAMP5-LHX6 and Chandelier,Neuronal cells,CYGB,31.2,1.5931318036418618,164
LAMP5-LHX6 and Chandelier,Neuronal cells,NYAP2,461.1,1.5889414891917575,165
LAMP5-LHX6 and Chandelier,Neuronal cells,LRRC8B,342.7,1.5886304685839197,166
LAMP5-LHX6 and Chandelier,Neuronal cells,DPP10,7206.2,1.5861931865487016,167
LAMP5-LHX6 and Chandelier,Neuronal cells,DIRAS1,48.7,1.58575439263065,168
LAMP5-LHX6 and Chandelier,Neuronal cells,TMSB4X,518.1,1.5809004517187553,169
LAMP5-LHX6 and Chandelier,Neuronal cells,NFIB,1419.7,1.5808418421820978,170
LAMP5-LHX6 and Chandelier,Neuronal cells,VAV2,78.5,1.5703540524900177,171
LAMP5-LHX6 and Chandelier,Neuronal cells,AMH,17.4,1.570070947586355,172
LAMP5-LHX6 and Chandelier,Neuronal cells,METAP1D,99.5,1.5664204407117521,173
LAMP5-LHX6 and Chandelier,Neuronal cells,EPHX4,55.9,1.5641380851181452,174
LAMP5-LHX6 and Chandelier,Neuronal cells,AP1S2,164.4,1.5552183938654096,175
LAMP5-LHX6 and Chandelier,Neuronal cells,KCNAB3,31.3,1.5540306411692655,176
LAMP5-LHX6 and Chandelier,Neuronal cells,LAPTM4B,79.5,1.53594971851402,177
LAMP5-LHX6 and Chandelier,Neuronal cells,DNER,710.5,1.5351941564574176,178
LAMP5-LHX6 and Chandelier,Neuronal cells,CITED2,35.7,1.5312958436149529,179
LAMP5-LHX6 and Chandelier,Neuronal cells,EEPD1,192.8,1.5295976364066046,180
LAMP5-LHX6 and Chandelier,Neuronal cells,DNMT3B,12.5,1.5222267453731937,181
LAMP5-LHX6 and Chandelier,Neuronal cells,RIMBP2,402.4,1.522045518701011,182
LAMP5-LHX6 and Chandelier,Neuronal cells,OPRM1,179.5,1.5189915256851059,183
LAMP5-LHX6 and Chandelier,Neuronal cells,SCN1A,968.2,1.5184912276573581,184
LAMP5-LHX6 and Chandelier,Neuronal cells,TRIM71,23.4,1.51723761960664,185
LAMP5-LHX6 and Chandelier,Neuronal cells,CACNA2D1,1555.8,1.5165354314663886,186
LAMP5-LHX6 and Chandelier,Neuronal cells,NKX6-3,3.0,1.5145731728297585,187
LAMP5-LHX6 and Chandelier,Neuronal cells,GABRB2,1102.2,1.5115374381683921,188
LAMP5-LHX6 and Chandelier,Neuronal cells,SCN2B,55.8,1.5013078238623652,189
LAMP5-LHX6 and Chandelier,Neuronal cells,SV2A,222.3,1.49287396903305,190
LAMP5-LHX6 and Chandelier,Neuronal cells,EXT1,1044.3,1.4921770028751489,191
LAMP5-LHX6 and Chandelier,Neuronal cells,TGFB3,17.2,1.4921684050492967,192
LAMP5-LHX6 and Chandelier,Neuronal cells,KCTD16,1289.6,1.4836488506717682,193
LAMP5-LHX6 and Chandelier,Neuronal cells,SYT1,6900.2,1.4543415335487295,194
LAMP5-LHX6 and Chandelier,Neuronal cells,PLCXD3,294.2,1.4501757348622786,195
LAMP5-LHX6 and Chandelier,Neuronal cells,TMEM74B,38.8,1.4459020255058523,196
LAMP5-LHX6 and Chandelier,Neuronal cells,XKR4,1576.6,1.4440589778755852,197
LAMP5-LHX6 and Chandelier,Neuronal cells,GPR176,115.4,1.4429998346182715,198
LAMP5-LHX6 and Chandelier,Neuronal cells,MGAT5B,65.2,1.4378016026657547,199
LAMP5-LHX6 and Chandelier,Neuronal cells,DAB1,2224.9,1.4317055066442144,200
MGE interneuron,Neuronal cells,SST,666.5,4.587027075393483,1
MGE interneuron,Neuronal cells,LHX6,127.5,3.953040032181794,2
MGE interneuron,Neuronal cells,ARX,113.7,3.928433214321793,3
MGE interneuron,Neuronal cells,NMU,38.6,3.8033860198546585,4
MGE interneuron,Neuronal cells,PNOC,71.0,3.7450843271331093,5
MGE interneuron,Neuronal cells,ELFN1,52.0,3.478613031840917,6
MGE interneuron,Neuronal cells,CRHBP,94.7,3.4409576799248844,7
MGE interneuron,Neuronal cells,TAC1,371.5,3.1266740319175494,8
MGE interneuron,Neuronal cells,NXPH1,3093.5,3.068191327069291,9
MGE interneuron,Neuronal cells,CORT,67.7,3.0349749670260593,10
MGE interneuron,Neuronal cells,MYO5B,209.9,2.971043546955134,11
MGE interneuron,Neuronal cells,DLX1,42.4,2.953415842398737,12
MGE interneuron,Neuronal cells,SCARA5,24.1,2.9087205977178434,13
MGE interneuron,Neuronal cells,MAFB,48.1,2.778180084275989,14
MGE interneuron,Neuronal cells,KCNC2,1938.6,2.7366981476706513,15
MGE interneuron,Neuronal cells,GAD1,554.5,2.7208567137028403,16
MGE interneuron,Neuronal cells,FLT3,94.6,2.714039746628017,17
MGE interneuron,Neuronal cells,GPR83,24.5,2.67680378248207,18
MGE interneuron,Neuronal cells,OSTN,26.6,2.6721283750408062,19
MGE interneuron,Neuronal cells,RSPO2,154.3,2.645412354730029,20
MGE interneuron,Neuronal cells,TAC3,38.6,2.5935994298239757,21
MGE interneuron,Neuronal cells,ELAVL2,708.9,2.558111097631923,22
MGE interneuron,Neuronal cells,TCIM,32.8,2.5167551803827477,23
MGE interneuron,Neuronal cells,GRIK1,3708.2,2.509995877690797,24
MGE interneuron,Neuronal cells,KIF26B,774.3,2.4605175065054916,25
MGE interneuron,Neuronal cells,KIAA1217,3064.5,2.4472547954576602,26
MGE interneuron,Neuronal cells,SPOCK3,2247.9,2.4325687214040093,27
MGE interneuron,Neuronal cells,CDH9,1041.3,2.4122955833070794,28
MGE interneuron,Neuronal cells,HGF,71.7,2.409695400909827,29
MGE interneuron,Neuronal cells,LGI2,49.3,2.3940132533037435,30
MGE interneuron,Neuronal cells,RAB3B,148.3,2.383515801889001,31
MGE interneuron,Neuronal cells,PRLHR,11.2,2.380806852996492,32
MGE interneuron,Neuronal cells,ERBB4,8483.6,2.3748315697766977,33
MGE interneuron,Neuronal cells,SIAH3,103.5,2.34682459087597,34
MGE interneuron,Neuronal cells,DLX2,10.6,2.345869059814097,35
MGE interneuron,Neuronal cells,LRP8,249.9,2.327899610008709,36
MGE interneuron,Neuronal cells,PRDM1,61.7,2.302948637314102,37
MGE interneuron,Neuronal cells,GRIK3,365.1,2.30145104168567,38
MGE interneuron,Neuronal cells,SLC26A4,108.7,2.2912124203574504,39
MGE interneuron,Neuronal cells,HUNK,145.7,2.2762007722959554,40
MGE interneuron,Neuronal cells,IGF1,160.0,2.2695334109076195,41
MGE interneuron,Neuronal cells,SLIT2,1400.0,2.2147777591016165,42
MGE interneuron,Neuronal cells,NPAS1,34.4,2.204229637550749,43
MGE interneuron,Neuronal cells,GRIN3A,314.1,2.1981915861092154,44
MGE interneuron,Neuronal cells,GRIP1,2856.6,2.197906980382963,45
MGE interneuron,Neuronal cells,CNTNAP3,128.6,2.1962735302588783,46
MGE interneuron,Neuronal cells,SYTL5,143.1,2.1813471012047834,47
MGE interneuron,Neuronal cells,KCNS3,103.0,2.179731759139232,48
MGE interneuron,Neuronal cells,EPHB6,104.9,2.152750956869346,49
MGE interneuron,Neuronal cells,ST8SIA4,224.1,2.1461174216152608,50
MGE interneuron,Neuronal cells,PTCHD4,608.5,2.13950898884953,51
MGE interneuron,Neuronal cells,PRRT4,17.1,2.135910265674268,52
MGE interneuron,Neuronal cells,SATB1,475.5,2.13369366730006,53
MGE interneuron,Neuronal cells,CYP26A1,8.0,2.133235192113131,54
MGE interneuron,Neuronal cells,TENM3,1553.7,2.1308068663315423,55
MGE interneuron,Neuronal cells,WIF1,65.9,2.1299039596716947,56
MGE interneuron,Neuronal cells,GAD2,455.0,2.1238166480157887,57
MGE interneuron,Neuronal cells,GRIP2,143.5,2.1181319865993933,58
MGE interneuron,Neuronal cells,RASGRF2,930.3,2.1020345342922098,59
MGE interneuron,Neuronal cells,MPPED1,166.7,2.084630598737575,60
MGE interneuron,Neuronal cells,DEPDC1,5.6,2.080359616646326,61
MGE interneuron,Neuronal cells,KCNMB2,1493.8,2.0685181653652944,62
MGE interneuron,Neuronal cells,CNTNAP2,12355.1,2.044684588454469,63
MGE interneuron,Neuronal cells,CMTM8,115.9,2.031646531402302,64
MGE interneuron,Neuronal cells,VWC2,408.6,2.0068900625326203,65
MGE interneuron,Neuronal cells,ANK1,233.0,1.994927174938851,66
MGE interneuron,Neuronal cells,WLS,402.0,1.9785293572730946,67
MGE interneuron,Neuronal cells,GRIN2D,65.0,1.9664778955261637,68
MGE interneuron,Neuronal cells,COL19A1,241.0,1.956159989642329,69
MGE interneuron,Neuronal cells,TRIM67,53.8,1.9560024047800362,70
MGE interneuron,Neuronal cells,VAV2,99.7,1.9464352401867455,71
MGE interneuron,Neuronal cells,VSTM2A,51.3,1.9387109141512393,72
MGE interneuron,Neuronal cells,CACNA2D2,81.7,1.9119744287855704,73
MGE interneuron,Neuronal cells,KCNAB3,39.3,1.9054268386070143,74
MGE interneuron,Neuronal cells,OSBPL3,396.9,1.89847701433362,75
MGE interneuron,Neuronal cells,HSPB3,9.0,1.888968687611256,76
MGE interneuron,Neuronal cells,NPY,211.7,1.8874142842395987,77
MGE interneuron,Neuronal cells,TSHZ3,180.6,1.8821691741421824,78
MGE interneuron,Neuronal cells,XKR4,2079.3,1.8815292769297323,79
MGE interneuron,Neuronal cells,SP9,12.3,1.8756748806615382,80
MGE interneuron,Neuronal cells,TOX3,192.0,1.8737218011209336,81
MGE interneuron,Neuronal cells,KCNT1,138.8,1.8582781081943764,82
MGE interneuron,Neuronal cells,PLCH1,397.1,1.8517773538139544,83
MGE interneuron,Neuronal cells,SLC32A1,33.5,1.8427602581888032,84
MGE interneuron,Neuronal cells,SLC27A6,88.9,1.8402854427640865,85
MGE interneuron,Neuronal cells,FBXO40,8.2,1.8366370443904023,86
MGE interneuron,Neuronal cells,FBLN7,42.9,1.8320126838201012,87
MGE interneuron,Neuronal cells,VGF,87.9,1.8222335493749977,88
MGE interneuron,Neuronal cells,TMEM132C,549.1,1.8182039237428815,89
MGE interneuron,Neuronal cells,NETO2,320.7,1.8074364624996586,90
MGE interneuron,Neuronal cells,CNTNAP3B,236.2,1.8072627706340723,91
MGE interneuron,Neuronal cells,KCNJ5,8.5,1.7956675502085429,92
MGE interneuron,Neuronal cells,DCX,178.5,1.7905143802176302,93
MGE interneuron,Neuronal cells,SLC44A5,908.1,1.7720926661350358,94
MGE interneuron,Neuronal cells,SERPINI1,411.3,1.7719428382910754,95
MGE interneuron,Neuronal cells,TRPC4,289.1,1.7398267034768584,96
MGE interneuron,Neuronal cells,SCN9A,277.7,1.7335865181998635,97
MGE interneuron,Neuronal cells,CDH7,216.9,1.7334988039396655,98
MGE interneuron,Neuronal cells,TRHDE,540.2,1.7294939942442153,99
MGE interneuron,Neuronal cells,MCUB,64.2,1.7242372893232845,100
MGE interneuron,Neuronal cells,PTPRM,1256.2,1.7163739594620795,101
MGE interneuron,Neuronal cells,DOCK11,189.0,1.7144396733043998,102
MGE interneuron,Neuronal cells,NTN4,147.4,1.7140328719231057,103
MGE interneuron,Neuronal cells,TENM1,579.0,1.7002023035402005,104
MGE interneuron,Neuronal cells,SOX6,1296.0,1.6988016436051563,105
MGE interneuron,Neuronal cells,ECM1,30.6,1.6944340888289875,106
MGE interneuron,Neuronal cells,ADCY8,418.5,1.692548842518097,107
MGE interneuron,Neuronal cells,LANCL3,35.3,1.692183457535049,108
MGE interneuron,Neuronal cells,ADCYAP1R1,91.9,1.690368978264648,109
MGE interneuron,Neuronal cells,SYNPR,874.1,1.6816042425951616,110
MGE interneuron,Neuronal cells,NXPH2,187.7,1.6733117905652148,111
MGE interneuron,Neuronal cells,INPP5J,30.4,1.6723470275597245,112
MGE interneuron,Neuronal cells,RBP4,28.7,1.6504584181813102,113
MGE interneuron,Neuronal cells,RPH3A,312.0,1.6501903330081238,114
MGE interneuron,Neuronal cells,CPLX1,175.1,1.6440237728822902,115
MGE interneuron,Neuronal cells,ZNF385D,2092.9,1.6370400045075268,116
MGE interneuron,Neuronal cells,OSBPL10,234.6,1.6296245477924238,117
MGE interneuron,Neuronal cells,GLDC,42.3,1.623641322710653,118
MGE interneuron,Neuronal cells,AFAP1,172.1,1.6186915656778114,119
MGE interneuron,Neuronal cells,ZNF124,77.1,1.6044049851282625,120
MGE interneuron,Neuronal cells,FAM78B,134.0,1.6001982520115126,121
MGE interneuron,Neuronal cells,ZMAT4,526.5,1.5969214676175303,122
MGE interneuron,Neuronal cells,KCNC1,180.8,1.5907454327688224,123
MGE interneuron,Neuronal cells,OXR1,2148.8,1.589276078096114,124
MGE interneuron,Neuronal cells,LRRC38,11.9,1.5880158246987102,125
MGE interneuron,Neuronal cells,CDH13,838.1,1.587778706920205,126
MGE interneuron,Neuronal cells,WFDC2,16.1,1.5834293496301233,127
MGE interneuron,Neuronal cells,CAMK1G,35.6,1.5813834985361386,128
MGE interneuron,Neuronal cells,ANO4,701.0,1.581342559637385,129
MGE interneuron,Neuronal cells,DUSP10,60.6,1.5701350830435172,130
MGE interneuron,Neuronal cells,SRRM4,515.4,1.5582141727362273,131
MGE interneuron,Neuronal cells,RND3,60.1,1.5539584409003402,132
MGE interneuron,Neuronal cells,SLC17A8,9.7,1.553440178583524,133
MGE interneuron,Neuronal cells,RPP25,18.3,1.5493883153761945,134
MGE interneuron,Neuronal cells,CRTAC1,81.2,1.5437533215669184,135
MGE interneuron,Neuronal cells,FBLIM1,16.0,1.5304575700769627,136
MGE interneuron,Neuronal cells,RPS6KA2,1030.4,1.5207105359457938,137
MGE interneuron,Neuronal cells,FGF12,3215.1,1.5122662606025599,138
MGE interneuron,Neuronal cells,STXBP6,385.0,1.510307995914209,139
MGE interneuron,Neuronal cells,CACNB4,416.7,1.508376949585734,140
MGE interneuron,Neuronal cells,UNC5D,1850.0,1.5068973386317888,141
MGE interneuron,Neuronal cells,DLGAP1,6562.3,1.506884371012541,142
MGE interneuron,Neuronal cells,CACNG2,193.0,1.5068674793022994,143
MGE interneuron,Neuronal cells,CYGB,29.2,1.4924503619316178,144
MGE interneuron,Neuronal cells,TOX2,111.5,1.4722050892216825,145
MGE interneuron,Neuronal cells,ASTN2,1430.2,1.4615584525059266,146
MGE interneuron,Neuronal cells,EPHA6,1936.1,1.4561893064209166,147
MGE interneuron,Neuronal cells,VSTM2L,98.4,1.4436735055476728,148
MGE interneuron,Neuronal cells,NETO1,582.7,1.4425791157122376,149
MGE interneuron,Neuronal cells,ASS1,25.8,1.4411553054203228,150
MGE interneuron,Neuronal cells,PAM,1045.3,1.440788687735069,151
MGE interneuron,Neuronal cells,MAF,121.7,1.439193859718289,152
MGE interneuron,Neuronal cells,ANKRD50,91.0,1.437128141270335,153
MGE interneuron,Neuronal cells,ENTPD3,111.2,1.4354162538219841,154
MGE interneuron,Neuronal cells,PCDH19,133.7,1.43439142078367,155
MGE interneuron,Neuronal cells,CCDC136,102.5,1.4313636316079597,156
MGE interneuron,Neuronal cells,PRKG2,108.9,1.4231354894143076,157
MGE interneuron,Neuronal cells,DPP10,6447.4,1.4119411587140616,158
MGE interneuron,Neuronal cells,GLIPR1,41.6,1.3956694377615162,159
MGE interneuron,Neuronal cells,SETBP1,818.9,1.3923194223242155,160
MGE interneuron,Neuronal cells,NRXN3,8221.4,1.3908208152621144,161
MGE interneuron,Neuronal cells,SCAMP5,241.7,1.3851883297672114,162
MGE interneuron,Neuronal cells,CAMK2N2,80.1,1.3788566650068708,163
MGE interneuron,Neuronal cells,RGS4,84.4,1.3631845151013595,164
MGE interneuron,Neuronal cells,CFAP161,132.4,1.3581666130952144,165
MGE interneuron,Neuronal cells,GPC6,1380.1,1.355993269272317,166
MGE interneuron,Neuronal cells,FARP1,450.6,1.3511973313740004,167
MGE interneuron,Neuronal cells,LGMN,72.8,1.3478694512207443,168
MGE interneuron,Neuronal cells,HCN1,1048.4,1.3468973167713236,169
MGE interneuron,Neuronal cells,EIF4E1B,14.9,1.3467489687563243,170
MGE interneuron,Neuronal cells,EPHX4,48.5,1.3464226568081115,171
MGE interneuron,Neuronal cells,ADGRL2,1016.2,1.3423297260494036,172
MGE interneuron,Neuronal cells,CLVS2,249.1,1.331143319366005,173
MGE interneuron,Neuronal cells,KAZN,3924.4,1.3286561594992166,174
MGE interneuron,Neuronal cells,GREB1,106.9,1.3273879733219676,175
MGE interneuron,Neuronal cells,FMN1,371.8,1.3270265851965453,176
MGE interneuron,Neuronal cells,GABRG3,799.2,1.3231770195011625,177
MGE interneuron,Neuronal cells,GLRA2,97.4,1.32112859636821,178
MGE interneuron,Neuronal cells,FGF9,71.8,1.3170720451609,179
MGE interneuron,Neuronal cells,MYBPC1,20.3,1.3140475717531162,180
MGE interneuron,Neuronal cells,CHRD,38.7,1.3075193778665362,181
MGE interneuron,Neuronal cells,SRPK3,6.4,1.3025627700204314,182
MGE interneuron,Neuronal cells,SLC8A3,228.0,1.302444411646109,183
MGE interneuron,Neuronal cells,STAR,5.4,1.3012427252459535,184
MGE interneuron,Neuronal cells,RSPO3,49.0,1.300233023788043,185
MGE interneuron,Neuronal cells,GABRA4,199.3,1.298632124270633,186
MGE interneuron,Neuronal cells,ROBO2,5196.2,1.2928621686903046,187
MGE interneuron,Neuronal cells,FRMD5,1335.0,1.288746914676789,188
MGE interneuron,Neuronal cells,PARM1,83.7,1.2884345675032063,189
MGE interneuron,Neuronal cells,PAWR,109.7,1.2851208633047841,190
MGE interneuron,Neuronal cells,NAT16,5.7,1.279176066014175,191
MGE interneuron,Neuronal cells,TRPC5,153.4,1.2749759015700775,192
MGE interneuron,Neuronal cells,AHR,23.3,1.2705019561938902,193
MGE interneuron,Neuronal cells,KIRREL3,1308.6,1.2693776974348512,194
MGE interneuron,Neuronal cells,TTC39A,21.0,1.2678115460956665,195
MGE interneuron,Neuronal cells,ROBO1,2681.0,1.2641850302152968,196
MGE interneuron,Neuronal cells,CUX2,280.8,1.2616388344733442,197
MGE interneuron,Neuronal cells,NKX6-3,2.4,1.2614922410253886,198
MGE interneuron,Neuronal cells,DIRAS1,39.3,1.2586800286858593,199
MGE interneuron,Neuronal cells,ZNF641,58.4,1.2573050457664112,200
amygdala excitatory,Neuronal cells,MOXD1,94.4,2.5569163991880934,1
amygdala excitatory,Neuronal cells,KCNG1,48.3,2.415244428398754,2
amygdala excitatory,Neuronal cells,CNGB1,115.6,2.376683074191326,3
amygdala excitatory,Neuronal cells,GLRA3,161.0,2.2913548724415906,4
amygdala excitatory,Neuronal cells,TG,52.6,2.281156973974559,5
amygdala excitatory,Neuronal cells,GLP2R,12.2,2.1729088598811335,6
amygdala excitatory,Neuronal cells,P2RX2,8.7,2.110977229239747,7
amygdala excitatory,Neuronal cells,ARHGAP36,8.3,2.107819499500087,8
amygdala excitatory,Neuronal cells,ENC1,463.9,2.099386564657099,9
amygdala excitatory,Neuronal cells,ALKAL2,14.8,2.09196617900817,10
amygdala excitatory,Neuronal cells,CNTN5,4737.3,2.0202244701309,11
amygdala excitatory,Neuronal cells,IQCJ,433.9,2.017974684236336,12
amygdala excitatory,Neuronal cells,PTGER3,55.3,2.011460229996371,13
amygdala excitatory,Neuronal cells,SLC30A3,44.3,1.9740806210137811,14
amygdala excitatory,Neuronal cells,SLC22A10,164.6,1.9664947785976787,15
amygdala excitatory,Neuronal cells,ESR1,87.2,1.9619433182991373,16
amygdala excitatory,Neuronal cells,SLC22A9,17.4,1.9550875781244257,17
amygdala excitatory,Neuronal cells,CBLN4,45.5,1.9228438916844237,18
amygdala excitatory,Neuronal cells,DNAJC5G,14.3,1.9105383726236627,19
amygdala excitatory,Neuronal cells,CACNA1E,1115.7,1.8361109460006524,20
amygdala excitatory,Neuronal cells,ADAM29,16.0,1.8090274629798984,21
amygdala excitatory,Neuronal cells,NPTX1,155.8,1.8018032785938825,22
amygdala excitatory,Neuronal cells,CDH9,712.4,1.7936806789105006,23
amygdala excitatory,Neuronal cells,KCNG3,43.7,1.7787397455584695,24
amygdala excitatory,Neuronal cells,C1QL3,25.5,1.7768300550441456,25
amygdala excitatory,Neuronal cells,ZNF831,94.2,1.7741478766676855,26
amygdala excitatory,Neuronal cells,PNMA5,20.5,1.7584758228513209,27
amygdala excitatory,Neuronal cells,CDH4,368.0,1.7225833215190758,28
amygdala excitatory,Neuronal cells,OPRK1,24.8,1.7074465072461513,29
amygdala excitatory,Neuronal cells,RTN4RL2,34.2,1.702117379079289,30
amygdala excitatory,Neuronal cells,KCNV1,23.8,1.6857074744609735,31
amygdala excitatory,Neuronal cells,LHX2,41.0,1.6831604875365591,32
amygdala excitatory,Neuronal cells,TMEM233,21.2,1.6651328494051394,33
amygdala excitatory,Neuronal cells,RAB27B,268.7,1.6610966841528316,34
amygdala excitatory,Neuronal cells,ITPKA,25.3,1.6466015665135423,35
amygdala excitatory,Neuronal cells,MLIP,284.6,1.6450698142399895,36
amygdala excitatory,Neuronal cells,MEIS3,108.0,1.6372784083806295,37
amygdala excitatory,Neuronal cells,WDR86,41.7,1.6197803604965268,38
amygdala excitatory,Neuronal cells,KCTD4,19.9,1.6160439653349368,39
amygdala excitatory,Neuronal cells,TRIM71,24.8,1.604925603208793,40
amygdala excitatory,Neuronal cells,ARHGEF28,272.7,1.5973305276838796,41
amygdala excitatory,Neuronal cells,PCSK2,641.1,1.5901190078815577,42
amygdala excitatory,Neuronal cells,GRB14,56.7,1.5888318436882325,43
amygdala excitatory,Neuronal cells,TBC1D26,12.4,1.5791018492999138,44
amygdala excitatory,Neuronal cells,GABRA5,120.9,1.5787356483419643,45
amygdala excitatory,Neuronal cells,DAB1,2440.9,1.576810933382719,46
amygdala excitatory,Neuronal cells,ICAM5,51.8,1.5404479510407585,47
amygdala excitatory,Neuronal cells,SLC17A6,76.2,1.5388190736660072,48
amygdala excitatory,Neuronal cells,WNT10B,27.9,1.5341330052637845,49
amygdala excitatory,Neuronal cells,CDH13,803.7,1.5220096794470035,50
amygdala excitatory,Neuronal cells,CDH22,116.2,1.5192274450600325,51
amygdala excitatory,Neuronal cells,PTPRD,7079.8,1.5167841590200828,52
amygdala excitatory,Neuronal cells,GPR26,11.6,1.511899038531433,53
amygdala excitatory,Neuronal cells,GREB1L,337.8,1.5085908622575486,54
amygdala excitatory,Neuronal cells,DDN,18.7,1.4971472430219837,55
amygdala excitatory,Neuronal cells,KCNH3,92.1,1.4897063592373279,56
amygdala excitatory,Neuronal cells,TBR1,12.1,1.4881659743811184,57
amygdala excitatory,Neuronal cells,GALNT16,109.8,1.4873694044084,58
amygdala excitatory,Neuronal cells,ST6GALNAC5,1143.0,1.4858396088922488,59
amygdala excitatory,Neuronal cells,NPTX2,37.1,1.483935906449966,60
amygdala excitatory,Neuronal cells,BAIAP3,131.0,1.4797018655700545,61
amygdala excitatory,Neuronal cells,CACNG3,307.4,1.4686611440065085,62
amygdala excitatory,Neuronal cells,PRKCG,103.7,1.464723385345383,63
amygdala excitatory,Neuronal cells,IGSF1,8.7,1.4643978715306467,64
amygdala excitatory,Neuronal cells,KCNH7,942.6,1.4588456491631618,65
amygdala excitatory,Neuronal cells,DLGAP2,1855.4,1.4550344953282317,66
amygdala excitatory,Neuronal cells,CCBE1,195.1,1.44558144462853,67
amygdala excitatory,Neuronal cells,GDA,167.8,1.4435652131782764,68
amygdala excitatory,Neuronal cells,PPP4R4,232.8,1.4407328765875607,69
amygdala excitatory,Neuronal cells,RASAL1,49.0,1.4386627535427248,70
amygdala excitatory,Neuronal cells,COL26A1,105.8,1.4380894215246292,71
amygdala excitatory,Neuronal cells,SLC17A7,126.1,1.426421697556839,72
amygdala excitatory,Neuronal cells,SEMA3D,80.8,1.4258739908723304,73
amygdala excitatory,Neuronal cells,FSTL4,396.3,1.424395323239772,74
amygdala excitatory,Neuronal cells,PGBD5,321.4,1.4238149851209383,75
amygdala excitatory,Neuronal cells,TOX3,144.1,1.4229430284585964,76
amygdala excitatory,Neuronal cells,RTN4RL1,93.7,1.4155454010763404,77
amygdala excitatory,Neuronal cells,FAM9B,10.9,1.413691073571327,78
amygdala excitatory,Neuronal cells,TRPC4,234.5,1.4117801174373907,79
amygdala excitatory,Neuronal cells,HS6ST3,2517.9,1.4081526289008577,80
amygdala excitatory,Neuronal cells,AK5,883.9,1.4022410178532243,81
amygdala excitatory,Neuronal cells,CAMK2A,347.9,1.3996285203418584,82
amygdala excitatory,Neuronal cells,AKAP5,31.8,1.39386771310828,83
amygdala excitatory,Neuronal cells,CNTN3,512.5,1.3823905828734695,84
amygdala excitatory,Neuronal cells,CACNA1I,49.2,1.3781807278970817,85
amygdala excitatory,Neuronal cells,ZDHHC23,50.1,1.3737967619026443,86
amygdala excitatory,Neuronal cells,MFSD4A,59.9,1.3730375264797325,87
amygdala excitatory,Neuronal cells,LRRK1,121.1,1.3678738569069044,88
amygdala excitatory,Neuronal cells,UNC5A,75.0,1.3669155496606729,89
amygdala excitatory,Neuronal cells,PDE2A,144.8,1.3665850748647952,90
amygdala excitatory,Neuronal cells,LRFN2,185.8,1.3641757948356878,91
amygdala excitatory,Neuronal cells,MCHR2,29.0,1.3621954020573488,92
amygdala excitatory,Neuronal cells,CACNA1H,23.0,1.3499781888451317,93
amygdala excitatory,Neuronal cells,EPB41L4B,178.6,1.3498985608677139,94
amygdala excitatory,Neuronal cells,PCDH8,39.8,1.3458596680325634,95
amygdala excitatory,Neuronal cells,DPYD,1233.6,1.3438735036900862,96
amygdala excitatory,Neuronal cells,ANKRD30B,63.8,1.3407041234713444,97
amygdala excitatory,Neuronal cells,NPTXR,181.9,1.337416222748542,98
amygdala excitatory,Neuronal cells,FFAR4,11.0,1.3301486016923305,99
amygdala excitatory,Neuronal cells,CCKBR,18.9,1.3295273305820814,100
amygdala excitatory,Neuronal cells,TMEM200A,37.9,1.3280661536577016,101
amygdala excitatory,Neuronal cells,BRINP2,270.3,1.3271585905429597,102
amygdala excitatory,Neuronal cells,STYK1,34.1,1.3269813226136482,103
amygdala excitatory,Neuronal cells,RIN1,21.8,1.3255758719025073,104
amygdala excitatory,Neuronal cells,SYN3,885.9,1.304373619251638,105
amygdala excitatory,Neuronal cells,C2orf80,55.0,1.3011946281966953,106
amygdala excitatory,Neuronal cells,NEGR1,3674.2,1.3007217418235035,107
amygdala excitatory,Neuronal cells,SCN3B,183.1,1.2975687446812245,108
amygdala excitatory,Neuronal cells,GABRB3,1126.9,1.2969397662223265,109
amygdala excitatory,Neuronal cells,KCNH1,185.9,1.293543331656068,110
amygdala excitatory,Neuronal cells,OR14I1,4.0,1.2852382855581814,111
amygdala excitatory,Neuronal cells,CELF5,289.7,1.2832157191825069,112
amygdala excitatory,Neuronal cells,CHRM3,931.6,1.2821116523888574,113
amygdala excitatory,Neuronal cells,NDST3,447.2,1.282110299198702,114
amygdala excitatory,Neuronal cells,TMEM196,83.8,1.2790845614794966,115
amygdala excitatory,Neuronal cells,TENM4,931.4,1.2782383144720002,116
amygdala excitatory,Neuronal cells,PTPRR,507.9,1.2737904313853694,117
amygdala excitatory,Neuronal cells,KCNV2,16.8,1.2727933722961224,118
amygdala excitatory,Neuronal cells,RAPGEFL1,118.0,1.2726327986305888,119
amygdala excitatory,Neuronal cells,STX1A,65.2,1.2716983121758507,120
amygdala excitatory,Neuronal cells,UPP2,370.1,1.2696159356247727,121
amygdala excitatory,Neuronal cells,SLC26A4,56.8,1.2689461668345885,122
amygdala excitatory,Neuronal cells,CCDC3,242.1,1.2633473536973285,123
amygdala excitatory,Neuronal cells,SHISA9,962.3,1.2603873405914838,124
amygdala excitatory,Neuronal cells,TMEM158,50.4,1.259670171800417,125
amygdala excitatory,Neuronal cells,EPHA10,63.4,1.25815493655703,126
amygdala excitatory,Neuronal cells,DNAH14,309.3,1.2568008488971028,127
amygdala excitatory,Neuronal cells,LMO3,399.0,1.254351952887457,128
amygdala excitatory,Neuronal cells,NWD2,147.8,1.2531261814684855,129
amygdala excitatory,Neuronal cells,STUM,84.4,1.2509830743646844,130
amygdala excitatory,Neuronal cells,KLK7,5.9,1.2505434616505968,131
amygdala excitatory,Neuronal cells,SEMA4A,32.9,1.2431316685209504,132
amygdala excitatory,Neuronal cells,ROBO1,2643.1,1.2421694166989856,133
amygdala excitatory,Neuronal cells,PRR16,428.5,1.242062455219032,134
amygdala excitatory,Neuronal cells,PDE1A,1323.9,1.2413312085735715,135
amygdala excitatory,Neuronal cells,TMEM132E,16.3,1.2406176076700992,136
amygdala excitatory,Neuronal cells,GRM2,18.1,1.2338056620490674,137
amygdala excitatory,Neuronal cells,SLIT1,226.5,1.2274681474064386,138
amygdala excitatory,Neuronal cells,PEX5L,1277.8,1.2250740145839971,139
amygdala excitatory,Neuronal cells,TNFAIP8L3,25.8,1.224024614112521,140
amygdala excitatory,Neuronal cells,EFNB3,29.9,1.22276975681861,141
amygdala excitatory,Neuronal cells,LINGO2,1652.3,1.2216266621919767,142
amygdala excitatory,Neuronal cells,SLC6A7,48.3,1.2189676243788314,143
amygdala excitatory,Neuronal cells,ATP2B4,369.9,1.2173642103198712,144
amygdala excitatory,Neuronal cells,ANKRD18B,30.6,1.216317906926764,145
amygdala excitatory,Neuronal cells,NEURL1,104.0,1.2161881057256998,146
amygdala excitatory,Neuronal cells,BAIAP2,131.3,1.2159301707067514,147
amygdala excitatory,Neuronal cells,CSMD1,8214.0,1.2075467517195124,148
amygdala excitatory,Neuronal cells,GRIN2B,1431.4,1.2058466916384434,149
amygdala excitatory,Neuronal cells,TYRO3,67.0,1.2057092463191927,150
amygdala excitatory,Neuronal cells,CEACAM19,17.4,1.2043688288908891,151
amygdala excitatory,Neuronal cells,TENM2,3327.7,1.2019271657277082,152
amygdala excitatory,Neuronal cells,LINGO1,108.8,1.200618908792955,153
amygdala excitatory,Neuronal cells,NELL2,1011.6,1.2003642397716454,154
amygdala excitatory,Neuronal cells,SYT7,126.7,1.197166277677416,155
amygdala excitatory,Neuronal cells,KCNN3,181.0,1.1957367893353956,156
amygdala excitatory,Neuronal cells,MGAT5B,55.6,1.194698925331478,157
amygdala excitatory,Neuronal cells,SHANK1,75.8,1.1912145423359555,158
amygdala excitatory,Neuronal cells,SLIT3,774.3,1.1910083225733594,159
amygdala excitatory,Neuronal cells,MAST3,102.4,1.1905567257005587,160
amygdala excitatory,Neuronal cells,CHD5,139.0,1.1875506721241473,161
amygdala excitatory,Neuronal cells,CAMKK1,88.9,1.1811656490701392,162
amygdala excitatory,Neuronal cells,SNX31,24.8,1.1810241823800733,163
amygdala excitatory,Neuronal cells,NEUROD2,33.4,1.1806400271279327,164
amygdala excitatory,Neuronal cells,PTPRN2,1182.2,1.1787727215203536,165
amygdala excitatory,Neuronal cells,PPP2R2C,363.7,1.1782924469495357,166
amygdala excitatory,Neuronal cells,SV2B,429.5,1.1770945692995705,167
amygdala excitatory,Neuronal cells,RAB3B,69.1,1.1765822353590347,168
amygdala excitatory,Neuronal cells,GABRA2,453.7,1.1753072411625884,169
amygdala excitatory,Neuronal cells,GPRIN1,19.5,1.1750523104051482,170
amygdala excitatory,Neuronal cells,PALMD,131.4,1.174662838985998,171
amygdala excitatory,Neuronal cells,ADCY1,278.2,1.1732876269953876,172
amygdala excitatory,Neuronal cells,PPL,17.2,1.1706458083725648,173
amygdala excitatory,Neuronal cells,ABLIM2,214.6,1.1706247407236552,174
amygdala excitatory,Neuronal cells,BEGAIN,48.2,1.170324916910123,175
amygdala excitatory,Neuronal cells,OPN4,8.7,1.1685735305791831,176
amygdala excitatory,Neuronal cells,KCNB2,617.9,1.166353363264281,177
amygdala excitatory,Neuronal cells,NXNL2,12.4,1.1606565990571158,178
amygdala excitatory,Neuronal cells,EPHA6,1599.5,1.160118774261529,179
amygdala excitatory,Neuronal cells,KLHL1,139.0,1.1595869048588623,180
amygdala excitatory,Neuronal cells,FAM110C,9.6,1.1576047298064447,181
amygdala excitatory,Neuronal cells,SYNPO,49.2,1.1564028869265723,182
amygdala excitatory,Neuronal cells,S100Z,32.5,1.1562869994293505,183
amygdala excitatory,Neuronal cells,FAM163A,37.1,1.1560503562662043,184
amygdala excitatory,Neuronal cells,SLC8A2,87.1,1.1556301419342576,185
amygdala excitatory,Neuronal cells,RBFOX1,9905.5,1.1524054740081466,186
amygdala excitatory,Neuronal cells,GLRA2,87.2,1.1519700492040268,187
amygdala excitatory,Neuronal cells,POLN,15.2,1.1494266911257545,188
amygdala excitatory,Neuronal cells,PLA2G7,12.0,1.1456648442801156,189
amygdala excitatory,Neuronal cells,ST6GAL2,173.9,1.1451676265682216,190
amygdala excitatory,Neuronal cells,KCND3,300.5,1.14409001580758,191
amygdala excitatory,Neuronal cells,ZFR2,124.7,1.1432536112378247,192
amygdala excitatory,Neuronal cells,DMD,2395.4,1.143121315845204,193
amygdala excitatory,Neuronal cells,NCAM2,2780.9,1.1426468270258945,194
amygdala excitatory,Neuronal cells,ASXL3,230.8,1.1420333127100886,195
amygdala excitatory,Neuronal cells,CNKSR2,784.8,1.1407016310959588,196
amygdala excitatory,Neuronal cells,LOXHD1,14.9,1.1393193767786949,197
amygdala excitatory,Neuronal cells,RASGEF1A,49.5,1.1314218072863034,198
amygdala excitatory,Neuronal cells,SEMA4F,39.6,1.1297070687897544,199
amygdala excitatory,Neuronal cells,PTPRK,1344.0,1.1286635403142837,200
astrocyte,Glial cells,TNC,995.4,7.3748902607098055,1
astrocyte,Glial cells,SLC14A1,756.9,6.502256169346769,2
astrocyte,Glial cells,GFAP,1723.3,5.993349764692996,3
astrocyte,Glial cells,ETNPPL,542.6,5.86213681021081,4
astrocyte,Glial cells,ANGPTL4,249.2,5.578372691360804,5
astrocyte,Glial cells,HPSE2,2414.9,5.570384107174445,6
astrocyte,Glial cells,SLC25A18,421.4,5.529411148190223,7
astrocyte,Glial cells,CPAMD8,206.5,5.368061448984353,8
astrocyte,Glial cells,SDC4,253.3,5.367315366203826,9
astrocyte,Glial cells,AQP4,951.4,5.320148156362692,10
astrocyte,Glial cells,APLNR,62.1,5.237365857562835,11
astrocyte,Glial cells,GJB6,82.3,5.199672344836365,12
astrocyte,Glial cells,NTSR2,65.2,5.127369146616222,13
astrocyte,Glial cells,FGFR3,516.1,5.093486522755138,14
astrocyte,Glial cells,PPP1R3C,147.8,4.987363174322075,15
astrocyte,Glial cells,SLC1A2,5025.1,4.959914517789352,16
astrocyte,Glial cells,AQP1,220.1,4.886920344771841,17
astrocyte,Glial cells,CD38,240.4,4.773809439914778,18
astrocyte,Glial cells,MYBPC1,136.3,4.764471640519137,19
astrocyte,Glial cells,EDNRB,449.1,4.739295346939308,20
astrocyte,Glial cells,ACSBG1,420.1,4.68586477807829,21
astrocyte,Glial cells,ADM,96.0,4.655622274773415,22
astrocyte,Glial cells,LAMA1,293.5,4.501347852327891,23
astrocyte,Glial cells,SLC7A10,67.4,4.486398666237568,24
astrocyte,Glial cells,GJA1,592.6,4.423586419690576,25
astrocyte,Glial cells,CHI3L1,49.0,4.415853800095693,26
astrocyte,Glial cells,RFX4,1093.3,4.3727470855779265,27
astrocyte,Glial cells,GLI3,487.7,4.364699467978324,28
astrocyte,Glial cells,PAPLN,159.3,4.357797479202385,29
astrocyte,Glial cells,EFEMP1,630.9,4.193381592487942,30
astrocyte,Glial cells,SLC25A48,179.5,4.147502413824985,31
astrocyte,Glial cells,IL33,86.9,4.118481087140443,32
astrocyte,Glial cells,ITGB4,182.1,4.112146302239031,33
astrocyte,Glial cells,LIX1,63.8,4.109283650102476,34
astrocyte,Glial cells,SDS,42.6,4.106946056773966,35
astrocyte,Glial cells,HSPB8,334.5,4.081195671351939,36
astrocyte,Glial cells,PAMR1,737.2,4.077206518348681,37
astrocyte,Glial cells,ADGRV1,2313.8,4.06615293316386,38
astrocyte,Glial cells,MASP1,114.5,4.0613561114371715,39
astrocyte,Glial cells,SERPINA3,21.9,4.03184886603934,40
astrocyte,Glial cells,GINS3,307.9,4.027446987807264,41
astrocyte,Glial cells,PSD2,321.9,4.0103948356801205,42
astrocyte,Glial cells,LCNL1,183.5,4.005436479135568,43
astrocyte,Glial cells,PIRT,46.9,3.948275965094634,44
astrocyte,Glial cells,PYGM,63.4,3.9427690970848124,45
astrocyte,Glial cells,RGMA,412.6,3.9352631568998135,46
astrocyte,Glial cells,DDIT4,315.6,3.934536248020996,47
astrocyte,Glial cells,ATP13A4,686.2,3.9151590890768615,48
astrocyte,Glial cells,CD44,403.2,3.860655009025823,49
astrocyte,Glial cells,SCARA3,163.0,3.8469736278235933,50
astrocyte,Glial cells,RANBP3L,466.6,3.842599294017236,51
astrocyte,Glial cells,SLC13A5,36.0,3.841065959648928,52
astrocyte,Glial cells,BBOX1,172.2,3.822834903382092,53
astrocyte,Glial cells,PHYHD1,88.8,3.806478880107264,54
astrocyte,Glial cells,NAA11,81.9,3.789066513806692,55
astrocyte,Glial cells,RASL12,109.5,3.7879025593914317,56
astrocyte,Glial cells,ID2,370.6,3.7848256686785438,57
astrocyte,Glial cells,IGFN1,23.6,3.775020330151689,58
astrocyte,Glial cells,MT1M,116.1,3.753096585597523,59
astrocyte,Glial cells,HES5,89.0,3.7529215308746084,60
astrocyte,Glial cells,COL5A3,404.1,3.712457866416331,61
astrocyte,Glial cells,LCN12,45.5,3.689948025608191,62
astrocyte,Glial cells,MLC1,160.8,3.6851467951848234,63
astrocyte,Glial cells,PLIN4,21.7,3.6786497921786014,64
astrocyte,Glial cells,TTPA,129.0,3.668018240448715,65
astrocyte,Glial cells,PMP2,203.9,3.6546606988091628,66
astrocyte,Glial cells,PLIN5,56.0,3.654247795621321,67
astrocyte,Glial cells,MRO,50.0,3.638935596891627,68
astrocyte,Glial cells,MT1G,63.2,3.636960886802215,69
astrocyte,Glial cells,ID4,323.8,3.63274747056247,70
astrocyte,Glial cells,NPL,523.2,3.614843289528329,71
astrocyte,Glial cells,EMX2,55.1,3.6007118331327157,72
astrocyte,Glial cells,MT2A,782.5,3.58759300113832,73
astrocyte,Glial cells,HIF3A,545.2,3.5811735685644495,74
astrocyte,Glial cells,EYA2,352.0,3.5785121228581387,75
astrocyte,Glial cells,ENTPD2,63.0,3.568660688392056,76
astrocyte,Glial cells,SMOX,91.6,3.5661071523080734,77
astrocyte,Glial cells,GAREM2,57.2,3.5657113580494646,78
astrocyte,Glial cells,STON2,429.3,3.5635727137137665,79
astrocyte,Glial cells,ALDH1L1,192.7,3.551432511156498,80
astrocyte,Glial cells,DAAM2,787.1,3.546067113882976,81
astrocyte,Glial cells,NKAIN4,134.3,3.5379476225612403,82
astrocyte,Glial cells,LRIG1,665.7,3.5370775262732366,83
astrocyte,Glial cells,RAPGEF3,133.9,3.5355539074597715,84
astrocyte,Glial cells,CLDN10,85.3,3.534928726175244,85
astrocyte,Glial cells,AQP6,17.8,3.530204693050678,86
astrocyte,Glial cells,AGT,277.4,3.521553330545095,87
astrocyte,Glial cells,WIF1,144.6,3.4965673847754424,88
astrocyte,Glial cells,GRIN2C,133.3,3.488000770834068,89
astrocyte,Glial cells,MMP28,99.0,3.4724746561128956,90
astrocyte,Glial cells,SYTL4,145.5,3.4614025138084203,91
astrocyte,Glial cells,APOE,1133.9,3.4524146878168707,92
astrocyte,Glial cells,F3,248.5,3.4404749706848174,93
astrocyte,Glial cells,POU3F2,119.2,3.436411511972695,94
astrocyte,Glial cells,GPT,36.4,3.432678891031612,95
astrocyte,Glial cells,ADAMTS9,283.4,3.4192453157591114,96
astrocyte,Glial cells,HES1,200.3,3.418219050157952,97
astrocyte,Glial cells,ACSS1,315.6,3.4007931351056975,98
astrocyte,Glial cells,OPLAH,30.9,3.3888269470570322,99
astrocyte,Glial cells,MT1E,208.0,3.3754107686346666,100
astrocyte,Glial cells,PLCD3,67.5,3.364349072783622,101
astrocyte,Glial cells,BCL6,355.9,3.3568539589501403,102
astrocyte,Glial cells,PHF21B,261.2,3.3567935577789063,103
astrocyte,Glial cells,CABLES1,528.5,3.346786609645328,104
astrocyte,Glial cells,GPAM,128.7,3.342329600015605,105
astrocyte,Glial cells,ANOS1,259.9,3.3333171655337637,106
astrocyte,Glial cells,TRIL,81.9,3.3102156693402236,107
astrocyte,Glial cells,PLXNB1,212.9,3.308440587696669,108
astrocyte,Glial cells,HEPH,120.4,3.302682813541597,109
astrocyte,Glial cells,SOX9,193.5,3.2977442352679742,110
astrocyte,Glial cells,GRAMD1C,343.5,3.28998751813189,111
astrocyte,Glial cells,DBX2,25.6,3.2874992493451956,112
astrocyte,Glial cells,GMPR,201.4,3.286131396960628,113
astrocyte,Glial cells,ARSF,26.6,3.2856398364269603,114
astrocyte,Glial cells,FAP,72.9,3.2763351723436247,115
astrocyte,Glial cells,GRAMD2B,885.9,3.2528108543614866,116
astrocyte,Glial cells,TTYH1,419.0,3.2482710531620533,117
astrocyte,Glial cells,P2RY1,47.6,3.2421370649405286,118
astrocyte,Glial cells,KCNN3,617.3,3.222677633731899,119
astrocyte,Glial cells,NHSL1,944.8,3.218290544278807,120
astrocyte,Glial cells,SH3BP2,94.9,3.21042241694319,121
astrocyte,Glial cells,GLIS3,1626.4,3.208946401840154,122
astrocyte,Glial cells,CRB2,89.2,3.166584587613885,123
astrocyte,Glial cells,HEPACAM,266.7,3.156999943784966,124
astrocyte,Glial cells,AMOT,101.7,3.140597324613846,125
astrocyte,Glial cells,RLBP1,17.1,3.136972242196927,126
astrocyte,Glial cells,SLC16A9,179.0,3.129191940587442,127
astrocyte,Glial cells,BMPR1B,814.4,3.1274184050361624,128
astrocyte,Glial cells,SPX,30.1,3.1181505693115232,129
astrocyte,Glial cells,LRP4,176.6,3.116429350544758,130
astrocyte,Glial cells,HHATL,61.7,3.1139208492923816,131
astrocyte,Glial cells,SRPX,118.8,3.112827862201807,132
astrocyte,Glial cells,PLPP3,313.9,3.10820691472724,133
astrocyte,Glial cells,PHKA1,187.6,3.0997542471504365,134
astrocyte,Glial cells,ACBD7,31.9,3.0957251114341666,135
astrocyte,Glial cells,SLC44A3,57.9,3.0923327339236173,136
astrocyte,Glial cells,AHCYL1,764.5,3.086318231374713,137
astrocyte,Glial cells,CDH20,2335.3,3.0844345954158596,138
astrocyte,Glial cells,ABCA1,485.5,3.0798178745974947,139
astrocyte,Glial cells,LFNG,57.6,3.0736158324027776,140
astrocyte,Glial cells,SAMD11,26.2,3.0671141958585366,141
astrocyte,Glial cells,SLCO1C1,274.4,3.0526685093373773,142
astrocyte,Glial cells,C2orf72,269.8,3.0474607057855034,143
astrocyte,Glial cells,ITPKB,600.5,3.043075549581172,144
astrocyte,Glial cells,RGR,22.7,3.0428730912356032,145
astrocyte,Glial cells,CERS1,492.2,3.0351364633494624,146
astrocyte,Glial cells,PRODH,13.8,3.0322603637225978,147
astrocyte,Glial cells,TJP2,211.9,3.0304011743252057,148
astrocyte,Glial cells,NDRG2,433.8,3.0253584266896616,149
astrocyte,Glial cells,NDP,36.7,3.0150373162989075,150
astrocyte,Glial cells,PITPNC1,2614.2,3.0110216522296476,151
astrocyte,Glial cells,GDPD2,21.5,3.0064262691594332,152
astrocyte,Glial cells,APOC1,54.1,3.006281758662719,153
astrocyte,Glial cells,CLU,1942.6,3.000800984775268,154
astrocyte,Glial cells,ARHGEF26,375.8,2.9801805493724465,155
astrocyte,Glial cells,ADGRA3,471.8,2.9749204976487906,156
astrocyte,Glial cells,GPR37L1,161.2,2.970704880547988,157
astrocyte,Glial cells,KCNJ10,115.7,2.9691269454697196,158
astrocyte,Glial cells,IGSF1,23.0,2.961180751109472,159
astrocyte,Glial cells,SPON1,662.9,2.9517635468700303,160
astrocyte,Glial cells,SMO,55.6,2.9440939690392014,161
astrocyte,Glial cells,TNFSF13,25.8,2.9405583083739133,162
astrocyte,Glial cells,FOXB1,26.7,2.9377579577124133,163
astrocyte,Glial cells,IQCA1,457.2,2.9373214933193683,164
astrocyte,Glial cells,FAM167A,39.3,2.9366481091760277,165
astrocyte,Glial cells,HILPDA,60.7,2.9303565378727616,166
astrocyte,Glial cells,PON2,456.4,2.9251127139881303,167
astrocyte,Glial cells,PON3,46.1,2.9134492630847526,168
astrocyte,Glial cells,AEBP1,112.8,2.905508262343175,169
astrocyte,Glial cells,ALDH1A1,398.2,2.904658235840747,170
astrocyte,Glial cells,CST3,982.6,2.897103313213632,171
astrocyte,Glial cells,PLCD1,47.4,2.8964954242461403,172
astrocyte,Glial cells,SNTA1,185.2,2.894581524491668,173
astrocyte,Glial cells,NCAN,209.1,2.894211851691604,174
astrocyte,Glial cells,KCTD15,73.0,2.8927809961930824,175
astrocyte,Glial cells,PLXNB3,62.5,2.891993487568289,176
astrocyte,Glial cells,APLN,12.8,2.881455548232248,177
astrocyte,Glial cells,ATP1B2,398.8,2.8771178118838243,178
astrocyte,Glial cells,PBXIP1,119.8,2.8609969982136603,179
astrocyte,Glial cells,BAG3,92.5,2.8592907926023483,180
astrocyte,Glial cells,TPD52L1,383.5,2.8591668151799854,181
astrocyte,Glial cells,ARHGEF4,766.9,2.855905895936657,182
astrocyte,Glial cells,CD109,107.9,2.855313811898519,183
astrocyte,Glial cells,S100A1,91.3,2.8536063581869215,184
astrocyte,Glial cells,GALNT15,165.9,2.849050295743595,185
astrocyte,Glial cells,AIFM3,15.4,2.832090515645589,186
astrocyte,Glial cells,PRDM16,195.6,2.8205347990233465,187
astrocyte,Glial cells,GLUD1,607.0,2.8088081277826755,188
astrocyte,Glial cells,LIFR,876.6,2.8065381800470934,189
astrocyte,Glial cells,SLC15A2,211.2,2.801987723865532,190
astrocyte,Glial cells,GNA14,291.4,2.8000026249421115,191
astrocyte,Glial cells,FKBP10,53.9,2.7952223669064056,192
astrocyte,Glial cells,GADD45B,126.0,2.78895286284689,193
astrocyte,Glial cells,PFKFB3,401.0,2.7888558077085506,194
astrocyte,Glial cells,FGF2,189.6,2.7860666131353478,195
astrocyte,Glial cells,ADGRG1,150.0,2.785745414138451,196
astrocyte,Glial cells,CAMK2G,808.7,2.785173271862291,197
astrocyte,Glial cells,SERPINI2,287.9,2.7699814920934553,198
astrocyte,Glial cells,SFXN5,714.4,2.766363634849034,199
astrocyte,Glial cells,SH3PXD2B,243.2,2.7635739597534554,200
central nervous system macrophage,Glial cells,P2RY12,1814.1,7.960334353611949,1
central nervous system macrophage,Glial cells,C3,753.0,7.849263778026463,2
central nervous system macrophage,Glial cells,CX3CR1,983.8,7.8071773617761675,3
central nervous system macrophage,Glial cells,OLR1,466.8,7.744217169381204,4
central nervous system macrophage,Glial cells,C1QC,409.5,7.6552432032448605,5
central nervous system macrophage,Glial cells,ADAM28,1395.1,7.462569600124716,6
central nervous system macrophage,Glial cells,CSF3R,410.8,7.455932477846298,7
central nervous system macrophage,Glial cells,SYK,863.3,7.39124042805526,8
central nervous system macrophage,Glial cells,LY86,762.5,7.355966773080842,9
central nervous system macrophage,Glial cells,C1QB,378.6,7.321789899088521,10
central nervous system macrophage,Glial cells,CSF1R,840.3,7.242807677760463,11
central nervous system macrophage,Glial cells,P2RY13,300.1,7.191030175945433,12
central nervous system macrophage,Glial cells,CD86,472.7,7.135211003216337,13
central nervous system macrophage,Glial cells,BLNK,868.9,7.044228282811238,14
central nervous system macrophage,Glial cells,TFEC,315.3,6.979728440704573,15
central nervous system macrophage,Glial cells,APBB1IP,2560.2,6.84265250263399,16
central nervous system macrophage,Glial cells,TMIGD3,181.1,6.800767863582786,17
central nervous system macrophage,Glial cells,ITGAX,457.7,6.789876796554517,18
central nervous system macrophage,Glial cells,LILRB4,157.6,6.777725719056921,19
central nervous system macrophage,Glial cells,TBXAS1,1339.0,6.718853048298798,20
central nervous system macrophage,Glial cells,RGS10,404.8,6.671197708792784,21
central nervous system macrophage,Glial cells,PLD4,150.2,6.661192707201617,22
central nervous system macrophage,Glial cells,FGD2,327.4,6.650153381648239,23
central nervous system macrophage,Glial cells,HPGDS,163.0,6.61534976208573,24
central nervous system macrophage,Glial cells,HLA-DRA,734.2,6.560762526566248,25
central nervous system macrophage,Glial cells,C1QA,167.9,6.527942992834761,26
central nervous system macrophage,Glial cells,GPR34,332.2,6.4974533520102735,27
central nervous system macrophage,Glial cells,RGS1,235.0,6.485752896793256,28
central nervous system macrophage,Glial cells,TREM2,127.5,6.483203514541436,29
central nervous system macrophage,Glial cells,CLEC9A,137.6,6.431257112045107,30
central nervous system macrophage,Glial cells,TLR2,299.3,6.412947497442385,31
central nervous system macrophage,Glial cells,CYBB,486.8,6.386575078384595,32
central nervous system macrophage,Glial cells,SLC2A5,213.3,6.383592094702803,33
central nervous system macrophage,Glial cells,DHRS9,119.0,6.342475472291451,34
central nervous system macrophage,Glial cells,CD74,1596.0,6.31463739665628,35
central nervous system macrophage,Glial cells,RHBDF2,386.7,6.254312705410283,36
central nervous system macrophage,Glial cells,LPAR5,137.1,6.1951209534859,37
central nervous system macrophage,Glial cells,ITGAM,246.3,6.179449531668161,38
central nervous system macrophage,Glial cells,MRC1,199.8,6.16888032721789,39
central nervous system macrophage,Glial cells,MILR1,96.8,6.123216391050452,40
central nervous system macrophage,Glial cells,CD84,226.4,6.0947483192455,41
central nervous system macrophage,Glial cells,ALOX5,355.2,5.954883787401618,42
central nervous system macrophage,Glial cells,TAL1,184.2,5.919122924979533,43
central nervous system macrophage,Glial cells,GPR183,216.7,5.918200690745893,44
central nervous system macrophage,Glial cells,HLA-DPA1,359.8,5.9100930276468615,45
central nervous system macrophage,Glial cells,SUSD3,126.7,5.841336489337453,46
central nervous system macrophage,Glial cells,TMEM119,64.9,5.834881586873184,47
central nervous system macrophage,Glial cells,HLA-DRB1,523.1,5.813180725034543,48
central nervous system macrophage,Glial cells,C3AR1,99.7,5.793829894576452,49
central nervous system macrophage,Glial cells,HLA-DRB5,203.0,5.7304085260779045,50
central nervous system macrophage,Glial cells,TLR1,250.0,5.72223613122849,51
central nervous system macrophage,Glial cells,RGS18,100.2,5.658881232545074,52
central nervous system macrophage,Glial cells,AIF1,129.5,5.642684151726602,53
central nervous system macrophage,Glial cells,TYROBP,253.3,5.635610677341374,54
central nervous system macrophage,Glial cells,LPCAT2,962.4,5.578090377146176,55
central nervous system macrophage,Glial cells,LST1,169.7,5.568537242744285,56
central nervous system macrophage,Glial cells,HCK,286.3,5.55832180708545,57
central nervous system macrophage,Glial cells,PTAFR,142.7,5.553098888176632,58
central nervous system macrophage,Glial cells,ARHGAP24,5568.0,5.54420276730796,59
central nervous system macrophage,Glial cells,LPAR6,1088.8,5.542906464306218,60
central nervous system macrophage,Glial cells,MS4A4A,72.2,5.510245408191934,61
central nervous system macrophage,Glial cells,HLA-DMB,154.3,5.508245121665525,62
central nervous system macrophage,Glial cells,CD14,162.3,5.500957336724843,63
central nervous system macrophage,Glial cells,TNFRSF13C,72.8,5.4950555283680185,64
central nervous system macrophage,Glial cells,ACY3,53.5,5.472728441250755,65
central nervous system macrophage,Glial cells,SELPLG,162.9,5.457379211973455,66
central nervous system macrophage,Glial cells,P2RY6,79.6,5.45585616441347,67
central nervous system macrophage,Glial cells,DOCK8,3289.7,5.452506680808204,68
central nervous system macrophage,Glial cells,INPP5D,1257.2,5.442484915094427,69
central nervous system macrophage,Glial cells,FYB1,1253.7,5.435598071544309,70
central nervous system macrophage,Glial cells,FCGR2A,82.9,5.421530765104354,71
central nervous system macrophage,Glial cells,LAIR1,108.8,5.406964198743163,72
central nervous system macrophage,Glial cells,VSIG4,52.9,5.366991523021861,73
central nervous system macrophage,Glial cells,CH25H,95.5,5.342230407734907,74
central nervous system macrophage,Glial cells,WDFY4,546.4,5.3111230087499885,75
central nervous system macrophage,Glial cells,CYTH4,144.5,5.272748098933619,76
central nervous system macrophage,Glial cells,CD68,88.4,5.269209202961757,77
central nervous system macrophage,Glial cells,EBI3,52.5,5.252920817386726,78
central nervous system macrophage,Glial cells,LTC4S,186.2,5.244987950416341,79
central nervous system macrophage,Glial cells,PIK3AP1,313.6,5.243210461948365,80
central nervous system macrophage,Glial cells,ACSM5,91.4,5.239718297496731,81
central nervous system macrophage,Glial cells,HLA-DQB1,120.7,5.174566499348674,82
central nervous system macrophage,Glial cells,PIK3R5,431.0,5.148947867675993,83
central nervous system macrophage,Glial cells,CCR1,44.4,5.143022152086169,84
central nervous system macrophage,Glial cells,IL13RA1,384.0,5.08891705652501,85
central nervous system macrophage,Glial cells,SIGLEC11,34.9,5.056500722215106,86
central nervous system macrophage,Glial cells,PRAM1,134.8,5.0539872506549175,87
central nervous system macrophage,Glial cells,SLCO2B1,847.1,5.041505159597498,88
central nervous system macrophage,Glial cells,STAB1,88.0,5.036311773060595,89
central nervous system macrophage,Glial cells,HK2,130.1,5.017141797106156,90
central nervous system macrophage,Glial cells,RNASET2,234.1,4.991970532391263,91
central nervous system macrophage,Glial cells,RASGEF1C,843.1,4.987915773399037,92
central nervous system macrophage,Glial cells,FOLR2,38.2,4.986678621502165,93
central nervous system macrophage,Glial cells,S100Z,257.6,4.977356000966694,94
central nervous system macrophage,Glial cells,TREML1,32.8,4.973598341248593,95
central nervous system macrophage,Glial cells,IGSF6,152.0,4.966391607357181,96
central nervous system macrophage,Glial cells,LAT2,173.5,4.965565084824755,97
central nervous system macrophage,Glial cells,RNASE6,35.0,4.962600028194806,98
central nervous system macrophage,Glial cells,CEBPA,104.2,4.941206051348206,99
central nervous system macrophage,Glial cells,ARHGAP25,487.9,4.932030053096544,100
central nervous system macrophage,Glial cells,CD53,423.9,4.921440364106444,101
central nervous system macrophage,Glial cells,CD33,37.3,4.904495512576225,102
central nervous system macrophage,Glial cells,TLR5,95.9,4.891944440229327,103
central nervous system macrophage,Glial cells,LAPTM5,256.1,4.879653394017361,104
central nervous system macrophage,Glial cells,VAV1,218.1,4.875566975849715,105
central nervous system macrophage,Glial cells,FCER1G,94.5,4.868271892793548,106
central nervous system macrophage,Glial cells,GAL3ST4,93.6,4.861312214712436,107
central nervous system macrophage,Glial cells,ALOX5AP,118.7,4.855973627277783,108
central nervous system macrophage,Glial cells,IRF5,55.7,4.851749041416057,109
central nervous system macrophage,Glial cells,HCLS1,224.3,4.850548895734263,110
central nervous system macrophage,Glial cells,FCGBP,76.5,4.8464070106902835,111
central nervous system macrophage,Glial cells,SLC7A7,102.4,4.841668731478083,112
central nervous system macrophage,Glial cells,SPP1,1317.0,4.813364553529732,113
central nervous system macrophage,Glial cells,PLCG2,427.3,4.8050193330723925,114
central nervous system macrophage,Glial cells,HLA-DPB1,263.9,4.8013765200386755,115
central nervous system macrophage,Glial cells,B3GNT5,360.9,4.78362047037712,116
central nervous system macrophage,Glial cells,NLRP3,82.8,4.76651586628564,117
central nervous system macrophage,Glial cells,LRRK1,745.6,4.717142562840026,118
central nervous system macrophage,Glial cells,SCIN,213.2,4.715210208468292,119
central nervous system macrophage,Glial cells,LYN,650.5,4.691229009769191,120
central nervous system macrophage,Glial cells,RIN3,588.4,4.678591215093008,121
central nervous system macrophage,Glial cells,NCF4,34.0,4.659554876132712,122
central nervous system macrophage,Glial cells,HAMP,28.2,4.601223481095512,123
central nervous system macrophage,Glial cells,ADRB2,63.3,4.5949919171510425,124
central nervous system macrophage,Glial cells,FAM149A,729.4,4.5863997343934075,125
central nervous system macrophage,Glial cells,CD163,33.5,4.586103422125725,126
central nervous system macrophage,Glial cells,ZFP36L2,826.6,4.554913762468959,127
central nervous system macrophage,Glial cells,MPEG1,39.0,4.515822800487696,128
central nervous system macrophage,Glial cells,LYL1,55.0,4.495957494662411,129
central nervous system macrophage,Glial cells,CYFIP1,1301.1,4.491359627962367,130
central nervous system macrophage,Glial cells,ADCY7,237.1,4.486958965027614,131
central nervous system macrophage,Glial cells,IL1B,27.1,4.485333482080054,132
central nervous system macrophage,Glial cells,MAF,651.7,4.482978766562785,133
central nervous system macrophage,Glial cells,ZNF710,675.1,4.460498937647944,134
central nervous system macrophage,Glial cells,LRMDA,5604.5,4.456355024415564,135
central nervous system macrophage,Glial cells,KYNU,180.0,4.447261370071122,136
central nervous system macrophage,Glial cells,ST6GAL1,2589.3,4.435551094222426,137
central nervous system macrophage,Glial cells,MYO1F,374.7,4.433175860932956,138
central nervous system macrophage,Glial cells,MNDA,159.8,4.432763668175217,139
central nervous system macrophage,Glial cells,SOCS6,633.7,4.424327089144845,140
central nervous system macrophage,Glial cells,CMKLR1,144.7,4.417469995318566,141
central nervous system macrophage,Glial cells,SYNDIG1,2747.7,4.41544313340914,142
central nervous system macrophage,Glial cells,PALD1,714.2,4.410123117745001,143
central nervous system macrophage,Glial cells,CD37,120.8,4.4044282602436775,144
central nervous system macrophage,Glial cells,HLA-DOA,26.9,4.390438301652282,145
central nervous system macrophage,Glial cells,CD4,162.0,4.377428466484386,146
central nervous system macrophage,Glial cells,SRGAP2B,513.5,4.375993556119403,147
central nervous system macrophage,Glial cells,ARHGAP22,1542.0,4.370477225652584,148
central nervous system macrophage,Glial cells,AOAH,1165.5,4.359535951807767,149
central nervous system macrophage,Glial cells,RUBCNL,318.5,4.35227990909884,150
central nervous system macrophage,Glial cells,BHLHE41,556.3,4.33904419392003,151
central nervous system macrophage,Glial cells,APOC1,105.4,4.3265373481399525,152
central nervous system macrophage,Glial cells,KCNMB1,172.4,4.325007272330083,153
central nervous system macrophage,Glial cells,HMOX1,56.5,4.323069016291932,154
central nervous system macrophage,Glial cells,LHFPL2,999.6,4.298086939766245,155
central nervous system macrophage,Glial cells,PLCB2,125.3,4.278254765160594,156
central nervous system macrophage,Glial cells,VSIR,282.0,4.272277177649973,157
central nervous system macrophage,Glial cells,ADAP2,292.4,4.27015051962267,158
central nervous system macrophage,Glial cells,PLXDC2,9410.5,4.258609982236527,159
central nervous system macrophage,Glial cells,PLVAP,36.8,4.2337714834669375,160
central nervous system macrophage,Glial cells,CYSLTR1,107.0,4.230945439388175,161
central nervous system macrophage,Glial cells,EVI2B,61.1,4.222181238573737,162
central nervous system macrophage,Glial cells,GIMAP8,118.1,4.207069381721377,163
central nervous system macrophage,Glial cells,MS4A7,24.0,4.206047382837223,164
central nervous system macrophage,Glial cells,SRGAP2,2914.3,4.205288228116697,165
central nervous system macrophage,Glial cells,CYTL1,102.6,4.192379852270008,166
central nervous system macrophage,Glial cells,CD83,261.1,4.17750085481876,167
central nervous system macrophage,Glial cells,FGL2,130.6,4.1691279323386725,168
central nervous system macrophage,Glial cells,TLR3,37.6,4.167209339387018,169
central nervous system macrophage,Glial cells,TMEM106A,87.3,4.133696220772633,170
central nervous system macrophage,Glial cells,CMTM7,232.6,4.118524726041459,171
central nervous system macrophage,Glial cells,CAPG,47.4,4.117767305688672,172
central nervous system macrophage,Glial cells,RASAL3,70.8,4.1175489173742905,173
central nervous system macrophage,Glial cells,PYCARD,49.0,4.1062965582843605,174
central nervous system macrophage,Glial cells,ABI3,45.6,4.104449242829416,175
central nervous system macrophage,Glial cells,SFMBT2,3486.3,4.102235843366049,176
central nervous system macrophage,Glial cells,CXCL16,65.8,4.098302073611804,177
central nervous system macrophage,Glial cells,PLA2G4A,388.1,4.063992451570706,178
central nervous system macrophage,Glial cells,RGS19,74.2,4.060794038983672,179
central nervous system macrophage,Glial cells,SLC15A3,47.0,4.045897709948842,180
central nervous system macrophage,Glial cells,NFAM1,38.4,4.035268883110851,181
central nervous system macrophage,Glial cells,KCNJ5,31.9,4.020475492452234,182
central nervous system macrophage,Glial cells,PRDM11,349.3,4.01423498916529,183
central nervous system macrophage,Glial cells,IL10RA,125.7,4.012858545925347,184
central nervous system macrophage,Glial cells,SYT6,151.0,4.003224930382049,185
central nervous system macrophage,Glial cells,ITGB2,126.3,3.9964670495245698,186
central nervous system macrophage,Glial cells,TRAF3IP3,162.7,3.9877936429331733,187
central nervous system macrophage,Glial cells,LILRA1,20.6,3.9822979982665405,188
central nervous system macrophage,Glial cells,C12orf75,213.7,3.9803222143016814,189
central nervous system macrophage,Glial cells,UNC93B1,92.3,3.977912638241827,190
central nervous system macrophage,Glial cells,FPR1,26.0,3.9740047914670558,191
central nervous system macrophage,Glial cells,LIPC,83.7,3.96809591356943,192
central nervous system macrophage,Glial cells,ARHGAP45,70.6,3.9441869563651673,193
central nervous system macrophage,Glial cells,SLC29A3,95.3,3.9403710548152255,194
central nervous system macrophage,Glial cells,SRGN,501.2,3.936227759915311,195
central nervous system macrophage,Glial cells,LY96,77.0,3.9331915570388434,196
central nervous system macrophage,Glial cells,SLC1A5,30.1,3.928560108307197,197
central nervous system macrophage,Glial cells,RCSD1,482.3,3.8966959751454007,198
central nervous system macrophage,Glial cells,CTSC,259.7,3.89421837896441,199
central nervous system macrophage,Glial cells,OAS1,85.8,3.89156021964749,200
cerebellar inhibitory,Neuronal cells,SCGN,199.3,5.762042407264828,1
cerebellar inhibitory,Neuronal cells,BHLHE22,185.4,5.311458835223164,2
cerebellar inhibitory,Neuronal cells,LRRC38,70.6,4.832981605126959,3
cerebellar inhibitory,Neuronal cells,PVALB,402.3,4.592625068250349,4
cerebellar inhibitory,Neuronal cells,SLN,25.4,4.249584450619962,5
cerebellar inhibitory,Neuronal cells,CLMP,533.5,4.215112213718364,6
cerebellar inhibitory,Neuronal cells,CHRNA3,55.5,4.030418100372321,7
cerebellar inhibitory,Neuronal cells,EN2,41.5,4.012500783569117,8
cerebellar inhibitory,Neuronal cells,DUSP10,238.8,3.965948373344336,9
cerebellar inhibitory,Neuronal cells,CLCNKA,29.3,3.888824410893211,10
cerebellar inhibitory,Neuronal cells,LBX1,13.8,3.806764258777751,11
cerebellar inhibitory,Neuronal cells,KIT,699.5,3.7151117129605447,12
cerebellar inhibitory,Neuronal cells,ATP4A,21.1,3.6449446055493886,13
cerebellar inhibitory,Neuronal cells,IL15,118.2,3.4970337312217503,14
cerebellar inhibitory,Neuronal cells,HOMER3,19.8,3.489805267680816,15
cerebellar inhibitory,Neuronal cells,PRR35,26.3,3.429792128197423,16
cerebellar inhibitory,Neuronal cells,SYT2,284.7,3.4297770275434165,17
cerebellar inhibitory,Neuronal cells,SIAH3,190.9,3.422811771269314,18
cerebellar inhibitory,Neuronal cells,GRID2,19185.0,3.400199891586017,19
cerebellar inhibitory,Neuronal cells,EML5,1415.8,3.3918638978940905,20
cerebellar inhibitory,Neuronal cells,MEGF10,510.3,3.2220817914096958,21
cerebellar inhibitory,Neuronal cells,TRIM67,113.6,3.2184557988842704,22
cerebellar inhibitory,Neuronal cells,SP5,17.0,3.174303441952887,23
cerebellar inhibitory,Neuronal cells,GRM1,2095.7,3.148245335176851,24
cerebellar inhibitory,Neuronal cells,EXPH5,275.4,3.1287611522111556,25
cerebellar inhibitory,Neuronal cells,LGI2,74.9,3.109518390707175,26
cerebellar inhibitory,Neuronal cells,LPL,150.9,3.0664058139729002,27
cerebellar inhibitory,Neuronal cells,ADAMTS2,129.1,3.0262121195516727,28
cerebellar inhibitory,Neuronal cells,SLC18A2,32.5,2.992580520722196,29
cerebellar inhibitory,Neuronal cells,INPP4B,4297.2,2.987287199511686,30
cerebellar inhibitory,Neuronal cells,SLC4A11,19.4,2.963602712150994,31
cerebellar inhibitory,Neuronal cells,HRH3,122.0,2.9614921801535075,32
cerebellar inhibitory,Neuronal cells,RYR1,239.5,2.8515241065029047,33
cerebellar inhibitory,Neuronal cells,SOCS2,75.1,2.8401250476091864,34
cerebellar inhibitory,Neuronal cells,INHBA,49.9,2.8344046209340035,35
cerebellar inhibitory,Neuronal cells,RORA,11925.0,2.8252395633520453,36
cerebellar inhibitory,Neuronal cells,LMCD1,161.9,2.7731174015433906,37
cerebellar inhibitory,Neuronal cells,AKAIN1,54.0,2.7720994152799685,38
cerebellar inhibitory,Neuronal cells,ASGR1,37.7,2.7472823446423003,39
cerebellar inhibitory,Neuronal cells,VAV3,720.8,2.7209477764826855,40
cerebellar inhibitory,Neuronal cells,COL8A2,24.3,2.716774912393235,41
cerebellar inhibitory,Neuronal cells,ZNF521,963.0,2.714853628030704,42
cerebellar inhibitory,Neuronal cells,SLC17A4,6.1,2.710325461598879,43
cerebellar inhibitory,Neuronal cells,LHX1,54.2,2.7099750802878937,44
cerebellar inhibitory,Neuronal cells,TRPC5,372.8,2.7093264246039968,45
cerebellar inhibitory,Neuronal cells,PLCH1,665.2,2.704987990556475,46
cerebellar inhibitory,Neuronal cells,TCERG1L,246.9,2.681048293192915,47
cerebellar inhibitory,Neuronal cells,ADAM11,210.3,2.663992983648066,48
cerebellar inhibitory,Neuronal cells,GJB3,6.1,2.6511094186078976,49
cerebellar inhibitory,Neuronal cells,TRIM7,22.0,2.6431435718096856,50
cerebellar inhibitory,Neuronal cells,SORCS3,1181.6,2.642246219813564,51
cerebellar inhibitory,Neuronal cells,TGFB3,35.4,2.620712525670358,52
cerebellar inhibitory,Neuronal cells,CHRNA2,18.9,2.61358437914558,53
cerebellar inhibitory,Neuronal cells,FAM131C,30.0,2.6079915241928675,54
cerebellar inhibitory,Neuronal cells,ANGPT1,306.4,2.6051560067707165,55
cerebellar inhibitory,Neuronal cells,C1QTNF4,172.5,2.566709327498998,56
cerebellar inhibitory,Neuronal cells,SCN1B,205.9,2.514026914062213,57
cerebellar inhibitory,Neuronal cells,KCNAB3,56.7,2.495722439296751,58
cerebellar inhibitory,Neuronal cells,SIPA1L3,750.3,2.481165483489071,59
cerebellar inhibitory,Neuronal cells,SYN3,1835.7,2.475174478299372,60
cerebellar inhibitory,Neuronal cells,UNC5C,3918.2,2.4617710101164114,61
cerebellar inhibitory,Neuronal cells,NXPH2,304.0,2.454630632373476,62
cerebellar inhibitory,Neuronal cells,PRMT8,211.5,2.4393181722308377,63
cerebellar inhibitory,Neuronal cells,GAD1,469.2,2.4367522930179546,64
cerebellar inhibitory,Neuronal cells,CACNA2D2,112.6,2.4327977827624863,65
cerebellar inhibitory,Neuronal cells,PHACTR2,1025.8,2.4236295197199413,66
cerebellar inhibitory,Neuronal cells,GREM1,34.3,2.4197928004414275,67
cerebellar inhibitory,Neuronal cells,ARL4A,86.7,2.4164838602174306,68
cerebellar inhibitory,Neuronal cells,KHK,26.7,2.4141434243474666,69
cerebellar inhibitory,Neuronal cells,SLC32A1,47.7,2.4061180432697045,70
cerebellar inhibitory,Neuronal cells,SCRT2,6.4,2.3927605789920094,71
cerebellar inhibitory,Neuronal cells,GABRA1,583.1,2.3750473838441923,72
cerebellar inhibitory,Neuronal cells,ONECUT1,16.5,2.3714839193615944,73
cerebellar inhibitory,Neuronal cells,CDH22,197.5,2.369050286362004,74
cerebellar inhibitory,Neuronal cells,EPHA8,31.1,2.347762356745422,75
cerebellar inhibitory,Neuronal cells,NSG1,176.2,2.3462107671943717,76
cerebellar inhibitory,Neuronal cells,CCDC134,43.4,2.3064540604197115,77
cerebellar inhibitory,Neuronal cells,NOS1,194.9,2.306324280943245,78
cerebellar inhibitory,Neuronal cells,CNR1,394.9,2.3055348420112756,79
cerebellar inhibitory,Neuronal cells,VCAN,854.8,2.303699334708023,80
cerebellar inhibitory,Neuronal cells,PPM1J,18.4,2.295578807314503,81
cerebellar inhibitory,Neuronal cells,NXPH1,1941.2,2.2657191392835547,82
cerebellar inhibitory,Neuronal cells,RSPO3,90.0,2.2552725526778605,83
cerebellar inhibitory,Neuronal cells,ZNF423,200.3,2.246901709819516,84
cerebellar inhibitory,Neuronal cells,GALNT14,361.5,2.2115669462737113,85
cerebellar inhibitory,Neuronal cells,FNDC5,86.4,2.200253951890955,86
cerebellar inhibitory,Neuronal cells,ARAP3,33.6,2.1976718320141426,87
cerebellar inhibitory,Neuronal cells,MYO16,917.0,2.185719635441507,88
cerebellar inhibitory,Neuronal cells,TMEM61,9.8,2.1827327777429324,89
cerebellar inhibitory,Neuronal cells,MEI1,27.9,2.1776606502219176,90
cerebellar inhibitory,Neuronal cells,CYGB,45.1,2.168929597993803,91
cerebellar inhibitory,Neuronal cells,CACNG2,291.2,2.162069104164207,92
cerebellar inhibitory,Neuronal cells,ENPP1,46.9,2.155079106033689,93
cerebellar inhibitory,Neuronal cells,ATP1A3,460.3,2.1368990090980753,94
cerebellar inhibitory,Neuronal cells,PRDM8,89.0,2.131531389091496,95
cerebellar inhibitory,Neuronal cells,CACNA1D,1307.2,2.104088716136429,96
cerebellar inhibitory,Neuronal cells,FASN,93.4,2.103072910233556,97
cerebellar inhibitory,Neuronal cells,CDR2L,33.4,2.094533484784377,98
cerebellar inhibitory,Neuronal cells,GAD2,446.8,2.0942149822490723,99
cerebellar inhibitory,Neuronal cells,GRIK3,320.9,2.0900387857241465,100
cerebellar inhibitory,Neuronal cells,LAPTM4B,112.2,2.080201245150182,101
cerebellar inhibitory,Neuronal cells,ZBTB18,258.1,2.079478720092902,102
cerebellar inhibitory,Neuronal cells,GPR3,10.8,2.0520558210665203,103
cerebellar inhibitory,Neuronal cells,ABCG4,27.6,2.0431335731525366,104
cerebellar inhibitory,Neuronal cells,ASIC2,388.1,2.035338551677477,105
cerebellar inhibitory,Neuronal cells,IGSF23,6.6,2.0302267874318596,106
cerebellar inhibitory,Neuronal cells,PYGM,21.2,2.0218263624531785,107
cerebellar inhibitory,Neuronal cells,PNOC,26.1,2.009549483165344,108
cerebellar inhibitory,Neuronal cells,PRKCD,42.9,2.0086900576767746,109
cerebellar inhibitory,Neuronal cells,ATP1B1,1998.8,2.002971809934383,110
cerebellar inhibitory,Neuronal cells,MAP3K9,194.4,1.9999552534763894,111
cerebellar inhibitory,Neuronal cells,CITED2,47.1,1.9613488669626822,112
cerebellar inhibitory,Neuronal cells,SLC12A5,254.1,1.957696624758911,113
cerebellar inhibitory,Neuronal cells,GOLT1A,21.4,1.9493739269300323,114
cerebellar inhibitory,Neuronal cells,CSDC2,62.1,1.9434111421260387,115
cerebellar inhibitory,Neuronal cells,NECTIN1,78.4,1.940775985806834,116
cerebellar inhibitory,Neuronal cells,ESRRG,1738.7,1.9301805094283095,117
cerebellar inhibitory,Neuronal cells,TIFA,13.9,1.9292893545134244,118
cerebellar inhibitory,Neuronal cells,CAPN13,12.2,1.9213700928851691,119
cerebellar inhibitory,Neuronal cells,THAP10,15.9,1.9197527465455682,120
cerebellar inhibitory,Neuronal cells,PTHLH,20.1,1.9005333929230384,121
cerebellar inhibitory,Neuronal cells,GRIA4,3049.4,1.8929001311180027,122
cerebellar inhibitory,Neuronal cells,GABRG2,515.8,1.8896857191681395,123
cerebellar inhibitory,Neuronal cells,RASGEF1B,446.0,1.8856652753125018,124
cerebellar inhibitory,Neuronal cells,CNTNAP5,2536.1,1.8816391255454905,125
cerebellar inhibitory,Neuronal cells,SHD,16.1,1.8782236939868096,126
cerebellar inhibitory,Neuronal cells,GRIN2D,61.4,1.8762684705389165,127
cerebellar inhibitory,Neuronal cells,TLL1,527.6,1.8728021906958552,128
cerebellar inhibitory,Neuronal cells,ALDOC,142.9,1.8674681577053214,129
cerebellar inhibitory,Neuronal cells,CAPN5,26.1,1.8621005604857228,130
cerebellar inhibitory,Neuronal cells,DACT2,11.7,1.8556592681413826,131
cerebellar inhibitory,Neuronal cells,PAK5,713.6,1.8543981037434076,132
cerebellar inhibitory,Neuronal cells,BEAN1,46.1,1.8488325249049193,133
cerebellar inhibitory,Neuronal cells,LYPD6,104.8,1.8458167851867158,134
cerebellar inhibitory,Neuronal cells,PPM1H,635.0,1.8456232389884775,135
cerebellar inhibitory,Neuronal cells,RGS7BP,444.0,1.8451585196998774,136
cerebellar inhibitory,Neuronal cells,EIF4E1B,20.7,1.83655883046065,137
cerebellar inhibitory,Neuronal cells,SLC24A3,987.3,1.834779004012219,138
cerebellar inhibitory,Neuronal cells,NRIP3,163.9,1.830525770328544,139
cerebellar inhibitory,Neuronal cells,ELMOD1,474.9,1.8258503470362537,140
cerebellar inhibitory,Neuronal cells,TMEM145,102.6,1.8216038777958834,141
cerebellar inhibitory,Neuronal cells,RAB3C,855.4,1.8158719496728497,142
cerebellar inhibitory,Neuronal cells,SRRM3,611.3,1.8157293748122625,143
cerebellar inhibitory,Neuronal cells,ADAMTS5,35.8,1.806404842970987,144
cerebellar inhibitory,Neuronal cells,CFAP161,175.9,1.8023591152796798,145
cerebellar inhibitory,Neuronal cells,LANCL3,37.5,1.7856598509582857,146
cerebellar inhibitory,Neuronal cells,HSD11B2,7.2,1.7853972801975477,147
cerebellar inhibitory,Neuronal cells,HES7,4.4,1.7741420592434136,148
cerebellar inhibitory,Neuronal cells,KRTAP5-11,9.0,1.7708782296563368,149
cerebellar inhibitory,Neuronal cells,NEUROD2,49.1,1.7689944483588436,150
cerebellar inhibitory,Neuronal cells,NOS1AP,668.4,1.764029499911188,151
cerebellar inhibitory,Neuronal cells,DPF3,268.3,1.7613977790325572,152
cerebellar inhibitory,Neuronal cells,PHYHIP,149.8,1.75938444387415,153
cerebellar inhibitory,Neuronal cells,TUNAR,36.6,1.758598420324425,154
cerebellar inhibitory,Neuronal cells,ALOXE3,5.9,1.7584558815263054,155
cerebellar inhibitory,Neuronal cells,ERICH2,20.8,1.757974126174708,156
cerebellar inhibitory,Neuronal cells,CLUL1,24.0,1.7545596541809447,157
cerebellar inhibitory,Neuronal cells,PCP4L1,54.9,1.7461450209406015,158
cerebellar inhibitory,Neuronal cells,CHAT,3.2,1.739744015902927,159
cerebellar inhibitory,Neuronal cells,TIAM1,1207.4,1.733985159228819,160
cerebellar inhibitory,Neuronal cells,STAC2,42.9,1.7333518509786436,161
cerebellar inhibitory,Neuronal cells,CLEC2L,169.1,1.7247578359790805,162
cerebellar inhibitory,Neuronal cells,GPR161,47.7,1.7233550221622933,163
cerebellar inhibitory,Neuronal cells,RFESD,16.6,1.7208275290753374,164
cerebellar inhibitory,Neuronal cells,PRDX2,70.8,1.7200568476670575,165
cerebellar inhibitory,Neuronal cells,EFCC1,17.6,1.7162741907568233,166
cerebellar inhibitory,Neuronal cells,CNTFR,45.3,1.7131482630770478,167
cerebellar inhibitory,Neuronal cells,LRRC36,22.4,1.7101876946926544,168
cerebellar inhibitory,Neuronal cells,SPOCK1,1441.9,1.706675016521027,169
cerebellar inhibitory,Neuronal cells,NANOS1,10.2,1.7020019219113751,170
cerebellar inhibitory,Neuronal cells,SNTG1,3592.5,1.7007578905616374,171
cerebellar inhibitory,Neuronal cells,KCTD8,1171.3,1.699234740501779,172
cerebellar inhibitory,Neuronal cells,FRMD3,458.9,1.688886422121117,173
cerebellar inhibitory,Neuronal cells,PPM1L,978.8,1.67811295549153,174
cerebellar inhibitory,Neuronal cells,NYNRIN,18.7,1.6594186719208615,175
cerebellar inhibitory,Neuronal cells,RAB31,205.6,1.6443826585402448,176
cerebellar inhibitory,Neuronal cells,KCNA2,89.8,1.643627506743875,177
cerebellar inhibitory,Neuronal cells,CPLX1,174.6,1.639533814345701,178
cerebellar inhibitory,Neuronal cells,DNER,755.0,1.6306632227108062,179
cerebellar inhibitory,Neuronal cells,ATP1A1,355.1,1.6303444811453887,180
cerebellar inhibitory,Neuronal cells,SGTB,110.9,1.6285107835223422,181
cerebellar inhibitory,Neuronal cells,SYNE4,12.3,1.6259708052402275,182
cerebellar inhibitory,Neuronal cells,EHD3,67.7,1.6234624472035786,183
cerebellar inhibitory,Neuronal cells,SNCB,147.2,1.6179029920835337,184
cerebellar inhibitory,Neuronal cells,RAB3B,91.4,1.6068446888710353,185
cerebellar inhibitory,Neuronal cells,SCRT1,41.6,1.6057389087352552,186
cerebellar inhibitory,Neuronal cells,IFITM10,22.9,1.6042981630875026,187
cerebellar inhibitory,Neuronal cells,ANP32E,68.8,1.603875921059397,188
cerebellar inhibitory,Neuronal cells,CTNNAL1,146.6,1.5997888168563932,189
cerebellar inhibitory,Neuronal cells,UNC5D,1957.1,1.5952538010266517,190
cerebellar inhibitory,Neuronal cells,CD40,19.1,1.5901920308364996,191
cerebellar inhibitory,Neuronal cells,LINGO3,8.5,1.5891101654108928,192
cerebellar inhibitory,Neuronal cells,ABCD2,118.4,1.5885919241218474,193
cerebellar inhibitory,Neuronal cells,HAPLN4,27.9,1.5881427461551536,194
cerebellar inhibitory,Neuronal cells,CKB,639.6,1.5857816785763363,195
cerebellar inhibitory,Neuronal cells,HPCAL4,81.4,1.584325970800886,196
cerebellar inhibitory,Neuronal cells,TYMS,12.0,1.5839539756602403,197
cerebellar inhibitory,Neuronal cells,SBK1,38.0,1.5792568248662056,198
cerebellar inhibitory,Neuronal cells,KLK10,6.6,1.5729328118599566,199
cerebellar inhibitory,Neuronal cells,CBR3,29.2,1.5719924249841806,200
choroid plexus epithelial cell,Ciliated cells,CLIC6,1750.1,7.165594905072508,1
choroid plexus epithelial cell,Ciliated cells,NWD1,1691.2,6.948580386297606,2
choroid plexus epithelial cell,Ciliated cells,TTR,40087.7,6.626045966055992,3
choroid plexus epithelial cell,Ciliated cells,SLC39A12,1084.0,6.430558324974052,4
choroid plexus epithelial cell,Ciliated cells,HTR2C,14796.7,5.931749272147835,5
choroid plexus epithelial cell,Ciliated cells,SLC2A12,843.7,5.423281537862885,6
choroid plexus epithelial cell,Ciliated cells,TMEM72,93.9,5.364802788048615,7
choroid plexus epithelial cell,Ciliated cells,PRDM16,612.6,5.3357306060274485,8
choroid plexus epithelial cell,Ciliated cells,FOLR1,156.2,5.311840440070629,9
choroid plexus epithelial cell,Ciliated cells,SERPINF1,368.9,5.292297256571084,10
choroid plexus epithelial cell,Ciliated cells,SLC4A2,368.4,5.258737649797243,11
choroid plexus epithelial cell,Ciliated cells,SFRP1,530.5,5.240339005761986,12
choroid plexus epithelial cell,Ciliated cells,AIM2,153.5,5.202114981213639,13
choroid plexus epithelial cell,Ciliated cells,POU2AF1,244.6,5.187547892005125,14
choroid plexus epithelial cell,Ciliated cells,CA12,419.9,5.142975265275415,15
choroid plexus epithelial cell,Ciliated cells,TRPM3,25353.9,4.99280871656576,16
choroid plexus epithelial cell,Ciliated cells,SULF1,1156.8,4.9671263174327125,17
choroid plexus epithelial cell,Ciliated cells,SLC24A4,1029.6,4.7873448444666655,18
choroid plexus epithelial cell,Ciliated cells,TYRP1,38.6,4.748938235832282,19
choroid plexus epithelial cell,Ciliated cells,CPXM2,226.8,4.671936044004829,20
choroid plexus epithelial cell,Ciliated cells,FRK,405.1,4.658876395480652,21
choroid plexus epithelial cell,Ciliated cells,TRMT9B,4192.3,4.62741405921392,22
choroid plexus epithelial cell,Ciliated cells,ENPP2,1864.0,4.618586378914428,23
choroid plexus epithelial cell,Ciliated cells,LOXL1,120.7,4.601764052900907,24
choroid plexus epithelial cell,Ciliated cells,HS3ST3A1,137.5,4.601247095680776,25
choroid plexus epithelial cell,Ciliated cells,GPX3,226.3,4.595328106647583,26
choroid plexus epithelial cell,Ciliated cells,MSX1,149.4,4.509532489920183,27
choroid plexus epithelial cell,Ciliated cells,LARGE2,28.6,4.492296252542924,28
choroid plexus epithelial cell,Ciliated cells,SLCO1C1,545.3,4.450743037517192,29
choroid plexus epithelial cell,Ciliated cells,PDK4,410.2,4.424994811671925,30
choroid plexus epithelial cell,Ciliated cells,CCNO,66.5,4.397378149913964,31
choroid plexus epithelial cell,Ciliated cells,OCA2,739.3,4.375584311807816,32
choroid plexus epithelial cell,Ciliated cells,PPP1R1C,140.3,4.3068160458619325,33
choroid plexus epithelial cell,Ciliated cells,GPR157,75.1,4.302130058960641,34
choroid plexus epithelial cell,Ciliated cells,PROS1,939.1,4.2945341385420335,35
choroid plexus epithelial cell,Ciliated cells,HVCN1,264.6,4.2271407362346105,36
choroid plexus epithelial cell,Ciliated cells,COL9A1,530.5,4.164924405768783,37
choroid plexus epithelial cell,Ciliated cells,GRM8,4988.7,4.148227772623521,38
choroid plexus epithelial cell,Ciliated cells,PLEKHG4B,136.8,4.141277470203125,39
choroid plexus epithelial cell,Ciliated cells,PIP5K1B,2334.6,4.137519995785978,40
choroid plexus epithelial cell,Ciliated cells,WFIKKN2,21.4,4.067114195858537,41
choroid plexus epithelial cell,Ciliated cells,GALNT5,69.9,4.033245735502153,42
choroid plexus epithelial cell,Ciliated cells,CDKN2A,63.1,4.030952763984686,43
choroid plexus epithelial cell,Ciliated cells,EZR,490.9,3.9767867468263107,44
choroid plexus epithelial cell,Ciliated cells,HPGD,85.5,3.9736077376484245,45
choroid plexus epithelial cell,Ciliated cells,STOX1,300.5,3.9299110641744046,46
choroid plexus epithelial cell,Ciliated cells,PLA1A,55.8,3.901819606061097,47
choroid plexus epithelial cell,Ciliated cells,STEAP1B,285.6,3.8864883698515995,48
choroid plexus epithelial cell,Ciliated cells,CLDN3,27.3,3.8648718155715946,49
choroid plexus epithelial cell,Ciliated cells,RBP1,214.2,3.859647793387691,50
choroid plexus epithelial cell,Ciliated cells,PLD5,2105.2,3.8085800949976636,51
choroid plexus epithelial cell,Ciliated cells,MYO7A,59.9,3.7760393815913953,52
choroid plexus epithelial cell,Ciliated cells,FBLN1,514.9,3.7719060860533147,53
choroid plexus epithelial cell,Ciliated cells,SNTB1,1039.1,3.764147499493507,54
choroid plexus epithelial cell,Ciliated cells,SLC16A6,155.4,3.733949856134396,55
choroid plexus epithelial cell,Ciliated cells,FGFR2,1305.0,3.7200378018108244,56
choroid plexus epithelial cell,Ciliated cells,STRIP2,644.9,3.7020176517141596,57
choroid plexus epithelial cell,Ciliated cells,RBBP8,307.9,3.7016007156261486,58
choroid plexus epithelial cell,Ciliated cells,EFHC2,323.0,3.6928495437049933,59
choroid plexus epithelial cell,Ciliated cells,TPD52L1,591.8,3.6667064438673016,60
choroid plexus epithelial cell,Ciliated cells,DOK7,37.5,3.6558288314408007,61
choroid plexus epithelial cell,Ciliated cells,PLA2G5,61.1,3.6504182356074404,62
choroid plexus epithelial cell,Ciliated cells,ADTRP,111.0,3.6369442464680057,63
choroid plexus epithelial cell,Ciliated cells,DDR2,472.9,3.6313367751211434,64
choroid plexus epithelial cell,Ciliated cells,KANK1,1361.2,3.6232664752485473,65
choroid plexus epithelial cell,Ciliated cells,SYTL3,345.3,3.6199616417488376,66
choroid plexus epithelial cell,Ciliated cells,TNFAIP8,456.5,3.6110259917895835,67
choroid plexus epithelial cell,Ciliated cells,NT5DC1,1621.6,3.6050996269053948,68
choroid plexus epithelial cell,Ciliated cells,SOD3,197.5,3.6000394868798065,69
choroid plexus epithelial cell,Ciliated cells,NDNF,70.0,3.586071271141472,70
choroid plexus epithelial cell,Ciliated cells,VAT1L,1061.8,3.52236748565723,71
choroid plexus epithelial cell,Ciliated cells,SINHCAF,117.3,3.4977409755347737,72
choroid plexus epithelial cell,Ciliated cells,SH3D19,2515.4,3.479367274267203,73
choroid plexus epithelial cell,Ciliated cells,CA2,468.9,3.475796232229605,74
choroid plexus epithelial cell,Ciliated cells,NYX,12.4,3.4310032103107795,75
choroid plexus epithelial cell,Ciliated cells,MMP14,59.8,3.417340285148265,76
choroid plexus epithelial cell,Ciliated cells,STK33,1194.0,3.3805017083398456,77
choroid plexus epithelial cell,Ciliated cells,AHCYL2,2527.4,3.370103798627216,78
choroid plexus epithelial cell,Ciliated cells,CLCNKA,22.2,3.3593432942307877,79
choroid plexus epithelial cell,Ciliated cells,CUX2,984.0,3.3556968459534406,80
choroid plexus epithelial cell,Ciliated cells,AMMECR1,1003.4,3.3292241460447967,81
choroid plexus epithelial cell,Ciliated cells,PHACTR2,1711.2,3.3270591787308925,82
choroid plexus epithelial cell,Ciliated cells,SPAG8,166.8,3.3178694392065458,83
choroid plexus epithelial cell,Ciliated cells,PIFO,76.6,3.291160136047498,84
choroid plexus epithelial cell,Ciliated cells,FZD8,23.1,3.2866272064699755,85
choroid plexus epithelial cell,Ciliated cells,RAB11FIP1,153.8,3.27891419601009,86
choroid plexus epithelial cell,Ciliated cells,TJP3,24.5,3.2788593729954765,87
choroid plexus epithelial cell,Ciliated cells,CDH1,52.1,3.2720034296340845,88
choroid plexus epithelial cell,Ciliated cells,SLC38A11,1236.5,3.269699156693231,89
choroid plexus epithelial cell,Ciliated cells,C2orf73,149.0,3.2667464663892396,90
choroid plexus epithelial cell,Ciliated cells,STMP1,393.3,3.2646385505326263,91
choroid plexus epithelial cell,Ciliated cells,FAT1,432.8,3.2621518497503685,92
choroid plexus epithelial cell,Ciliated cells,KLHDC7A,9.2,3.2451442469379046,93
choroid plexus epithelial cell,Ciliated cells,OCLN,59.7,3.2333091105009353,94
choroid plexus epithelial cell,Ciliated cells,C11orf16,31.3,3.2325795491101488,95
choroid plexus epithelial cell,Ciliated cells,PPP1R1B,220.2,3.2067975497735466,96
choroid plexus epithelial cell,Ciliated cells,ESRRB,61.0,3.2015774519091833,97
choroid plexus epithelial cell,Ciliated cells,GEM,106.5,3.194906825232022,98
choroid plexus epithelial cell,Ciliated cells,CBX5,557.6,3.19371656863321,99
choroid plexus epithelial cell,Ciliated cells,CDH3,123.0,3.1864131242308815,100
choroid plexus epithelial cell,Ciliated cells,DRC1,151.4,3.1813297647145613,101
choroid plexus epithelial cell,Ciliated cells,IGFBP7,1798.7,3.155047913014923,102
choroid plexus epithelial cell,Ciliated cells,TMEM116,263.6,3.153659947079528,103
choroid plexus epithelial cell,Ciliated cells,ITPKB,637.3,3.1509616398355043,104
choroid plexus epithelial cell,Ciliated cells,COL10A1,100.5,3.1467244834812305,105
choroid plexus epithelial cell,Ciliated cells,CFAP161,388.7,3.1379725283100517,106
choroid plexus epithelial cell,Ciliated cells,ART3,78.3,3.1277126690040147,107
choroid plexus epithelial cell,Ciliated cells,EYA1,539.4,3.1267934649192686,108
choroid plexus epithelial cell,Ciliated cells,PFKFB2,176.6,3.1181381988830044,109
choroid plexus epithelial cell,Ciliated cells,C6orf118,135.4,3.113171364439635,110
choroid plexus epithelial cell,Ciliated cells,ELL3,10.8,3.110053545464914,111
choroid plexus epithelial cell,Ciliated cells,PLEKHA7,484.7,3.0786597373026483,112
choroid plexus epithelial cell,Ciliated cells,TMEM98,140.4,3.0784629199098013,113
choroid plexus epithelial cell,Ciliated cells,RHOD,17.8,3.075421014979078,114
choroid plexus epithelial cell,Ciliated cells,GULP1,1386.4,3.066186877127908,115
choroid plexus epithelial cell,Ciliated cells,GEN1,193.4,3.058938667153395,116
choroid plexus epithelial cell,Ciliated cells,IL17RD,85.5,3.056116604382995,117
choroid plexus epithelial cell,Ciliated cells,MYOF,346.6,3.0512586606562673,118
choroid plexus epithelial cell,Ciliated cells,RARRES2,123.7,3.00953229336314,119
choroid plexus epithelial cell,Ciliated cells,PDZRN3,2398.4,3.0009368327474424,120
choroid plexus epithelial cell,Ciliated cells,PXDN,128.9,2.9795155148916628,121
choroid plexus epithelial cell,Ciliated cells,PTER,47.3,2.970878998349494,122
choroid plexus epithelial cell,Ciliated cells,KIAA2026,1292.1,2.970507900379176,123
choroid plexus epithelial cell,Ciliated cells,TP73,24.1,2.9606552378080364,124
choroid plexus epithelial cell,Ciliated cells,STK39,1901.5,2.9602940854192488,125
choroid plexus epithelial cell,Ciliated cells,ACOT11,415.1,2.9555654466534937,126
choroid plexus epithelial cell,Ciliated cells,SPSB4,66.7,2.955553046603775,127
choroid plexus epithelial cell,Ciliated cells,SLC16A9,162.3,2.9536609776135614,128
choroid plexus epithelial cell,Ciliated cells,TGFBR2,610.3,2.9500204328880097,129
choroid plexus epithelial cell,Ciliated cells,DNAJB13,40.5,2.942889844491122,130
choroid plexus epithelial cell,Ciliated cells,STIM2,1010.9,2.9416066989350464,131
choroid plexus epithelial cell,Ciliated cells,DOCK5,920.8,2.940800155961434,132
choroid plexus epithelial cell,Ciliated cells,CDKN1A,57.6,2.9399429553934224,133
choroid plexus epithelial cell,Ciliated cells,PPARGC1A,725.3,2.939267750191754,134
choroid plexus epithelial cell,Ciliated cells,ALDH4A1,46.6,2.9371001061865445,135
choroid plexus epithelial cell,Ciliated cells,ADAMTSL5,12.9,2.93451650158608,136
choroid plexus epithelial cell,Ciliated cells,ANXA4,396.1,2.9182805487927257,137
choroid plexus epithelial cell,Ciliated cells,GSTM3,155.4,2.9164822349896666,138
choroid plexus epithelial cell,Ciliated cells,FANK1,295.4,2.9092820236112886,139
choroid plexus epithelial cell,Ciliated cells,KLK12,6.6,2.904304347456904,140
choroid plexus epithelial cell,Ciliated cells,DOCK8,1065.3,2.9030274462199817,141
choroid plexus epithelial cell,Ciliated cells,TBC1D8B,99.8,2.8840424446229425,142
choroid plexus epithelial cell,Ciliated cells,RORC,14.8,2.880569317452559,143
choroid plexus epithelial cell,Ciliated cells,HSD17B14,107.5,2.87994593324671,144
choroid plexus epithelial cell,Ciliated cells,ROR1,587.9,2.879459024372999,145
choroid plexus epithelial cell,Ciliated cells,ADGRA3,445.8,2.8745408741540452,146
choroid plexus epithelial cell,Ciliated cells,CCDC40,181.2,2.87288634755345,147
choroid plexus epithelial cell,Ciliated cells,ISYNA1,189.4,2.8539054126748375,148
choroid plexus epithelial cell,Ciliated cells,KIAA1522,78.0,2.8503230305844385,149
choroid plexus epithelial cell,Ciliated cells,DNAH12,367.3,2.8490584949790585,150
choroid plexus epithelial cell,Ciliated cells,TSKU,19.7,2.8430633135498353,151
choroid plexus epithelial cell,Ciliated cells,AQP1,82.5,2.8423847030543414,152
choroid plexus epithelial cell,Ciliated cells,SLC6A16,121.9,2.8395484333530163,153
choroid plexus epithelial cell,Ciliated cells,SPEF2,680.5,2.8384408087319266,154
choroid plexus epithelial cell,Ciliated cells,DMRTA1,11.4,2.833683503069641,155
choroid plexus epithelial cell,Ciliated cells,NID2,86.6,2.833339241956286,156
choroid plexus epithelial cell,Ciliated cells,GRB7,10.0,2.831400396024255,157
choroid plexus epithelial cell,Ciliated cells,PDZD2,2518.2,2.826262175785304,158
choroid plexus epithelial cell,Ciliated cells,EFEMP1,309.3,2.8087786088820774,159
choroid plexus epithelial cell,Ciliated cells,LRRIQ1,556.5,2.7989339286314436,160
choroid plexus epithelial cell,Ciliated cells,TEX26,55.3,2.7982209708035737,161
choroid plexus epithelial cell,Ciliated cells,DNAH7,912.2,2.7966329127359817,162
choroid plexus epithelial cell,Ciliated cells,GLIS3,1289.9,2.793499227018346,163
choroid plexus epithelial cell,Ciliated cells,DLEC1,76.9,2.791115537484702,164
choroid plexus epithelial cell,Ciliated cells,RDH10,45.5,2.7904373751921367,165
choroid plexus epithelial cell,Ciliated cells,CALML4,33.5,2.785722266110727,166
choroid plexus epithelial cell,Ciliated cells,CRYZ,77.0,2.7829018783330652,167
choroid plexus epithelial cell,Ciliated cells,PRKCQ,245.3,2.7783608786759095,168
choroid plexus epithelial cell,Ciliated cells,MYO10,379.0,2.7657832702626455,169
choroid plexus epithelial cell,Ciliated cells,HDAC9,3812.7,2.7615539550084693,170
choroid plexus epithelial cell,Ciliated cells,SLC15A4,213.4,2.7522442093900943,171
choroid plexus epithelial cell,Ciliated cells,COL4A4,194.3,2.748856159596112,172
choroid plexus epithelial cell,Ciliated cells,MDFIC,402.2,2.745767803530697,173
choroid plexus epithelial cell,Ciliated cells,GNA14,281.8,2.74187960727119,174
choroid plexus epithelial cell,Ciliated cells,BTC,45.8,2.741706381167743,175
choroid plexus epithelial cell,Ciliated cells,PALMD,346.2,2.73523738343995,176
choroid plexus epithelial cell,Ciliated cells,VGLL3,49.2,2.7316919234795556,177
choroid plexus epithelial cell,Ciliated cells,DCDC1,630.8,2.7211878488038588,178
choroid plexus epithelial cell,Ciliated cells,PHKA1,151.3,2.7209511850712347,179
choroid plexus epithelial cell,Ciliated cells,ACSS1,216.4,2.7206091031360846,180
choroid plexus epithelial cell,Ciliated cells,DAP,177.9,2.7088215190421407,181
choroid plexus epithelial cell,Ciliated cells,ATP2B3,159.2,2.708663655649957,182
choroid plexus epithelial cell,Ciliated cells,C4orf47,384.3,2.6997307366611043,183
choroid plexus epithelial cell,Ciliated cells,RNF152,534.1,2.6990392315301763,184
choroid plexus epithelial cell,Ciliated cells,MSI1,62.3,2.697610835784815,185
choroid plexus epithelial cell,Ciliated cells,FAM117A,141.1,2.686965933156719,186
choroid plexus epithelial cell,Ciliated cells,MET,64.5,2.6842121522566833,187
choroid plexus epithelial cell,Ciliated cells,PBXIP1,108.0,2.6820078813299535,188
choroid plexus epithelial cell,Ciliated cells,FABP5,142.8,2.6774275272947423,189
choroid plexus epithelial cell,Ciliated cells,DNAH5,199.8,2.6741409009173975,190
choroid plexus epithelial cell,Ciliated cells,ATP13A4,353.9,2.6737054844324883,191
choroid plexus epithelial cell,Ciliated cells,NET1,218.3,2.6731880673611297,192
choroid plexus epithelial cell,Ciliated cells,ZNF19,142.5,2.672471040986083,193
choroid plexus epithelial cell,Ciliated cells,TMPRSS2,6.5,2.669586464868143,194
choroid plexus epithelial cell,Ciliated cells,CAB39L,466.9,2.669551589458327,195
choroid plexus epithelial cell,Ciliated cells,RGL3,52.0,2.669026765509631,196
choroid plexus epithelial cell,Ciliated cells,CLYBL,486.4,2.667579791284621,197
choroid plexus epithelial cell,Ciliated cells,ADGRV1,1103.6,2.6592218215243824,198
choroid plexus epithelial cell,Ciliated cells,CCDC170,159.3,2.6587348713349415,199
choroid plexus epithelial cell,Ciliated cells,KIF27,281.1,2.6569799689962665,200
committed oligodendrocyte precursor,Glial cells,GPR17,1418.6,7.978056192036752,1
committed oligodendrocyte precursor,Glial cells,BCAS1,6115.9,6.399037735294255,2
committed oligodendrocyte precursor,Glial cells,ACAN,70.7,4.662944688350697,3
committed oligodendrocyte precursor,Glial cells,TNS3,1548.4,4.527625148212088,4
committed oligodendrocyte precursor,Glial cells,DCT,152.3,4.506298223675271,5
committed oligodendrocyte precursor,Glial cells,SOX10,230.6,4.451149764430931,6
committed oligodendrocyte precursor,Glial cells,BCAN,758.0,4.392939631690456,7
committed oligodendrocyte precursor,Glial cells,MDFI,61.8,4.3689089776379,8
committed oligodendrocyte precursor,Glial cells,ZNF469,98.2,4.367413374041351,9
committed oligodendrocyte precursor,Glial cells,SMOC1,1125.6,4.332201419600456,10
committed oligodendrocyte precursor,Glial cells,ERBB3,315.9,4.216825184668152,11
committed oligodendrocyte precursor,Glial cells,NKX2-2,155.4,4.185777099426289,12
committed oligodendrocyte precursor,Glial cells,MYRF,291.3,4.113130946060697,13
committed oligodendrocyte precursor,Glial cells,FA2H,396.0,4.002843922655546,14
committed oligodendrocyte precursor,Glial cells,SOX8,225.9,3.990417396362869,15
committed oligodendrocyte precursor,Glial cells,SCRG1,538.1,3.9741449758703076,16
committed oligodendrocyte precursor,Glial cells,TMEM235,112.1,3.9631726518097743,17
committed oligodendrocyte precursor,Glial cells,SOX4,327.4,3.956207889583505,18
committed oligodendrocyte precursor,Glial cells,FIBIN,84.2,3.8934073662448965,19
committed oligodendrocyte precursor,Glial cells,CD22,159.9,3.8575327443733403,20
committed oligodendrocyte precursor,Glial cells,B3GNT7,60.9,3.836390286906967,21
committed oligodendrocyte precursor,Glial cells,ABTB2,494.3,3.810191038852519,22
committed oligodendrocyte precursor,Glial cells,SIRT2,721.7,3.777522027322412,23
committed oligodendrocyte precursor,Glial cells,ANGPTL2,132.6,3.770333376567142,24
committed oligodendrocyte precursor,Glial cells,CDH19,161.2,3.7410863231881883,25
committed oligodendrocyte precursor,Glial cells,ZNF488,67.1,3.7228897856845617,26
committed oligodendrocyte precursor,Glial cells,SOX6,4041.1,3.6755322423338717,27
committed oligodendrocyte precursor,Glial cells,SNX22,109.9,3.6329385303835973,28
committed oligodendrocyte precursor,Glial cells,ENPP6,169.7,3.5651987232256994,29
committed oligodendrocyte precursor,Glial cells,GAL3ST1,84.8,3.507877441876963,30
committed oligodendrocyte precursor,Glial cells,CENPJ,237.9,3.4899466107412023,31
committed oligodendrocyte precursor,Glial cells,PLXNB3,86.8,3.4893158985831954,32
committed oligodendrocyte precursor,Glial cells,MND1,62.8,3.482989448509095,33
committed oligodendrocyte precursor,Glial cells,DAPL1,67.9,3.4812324459870494,34
committed oligodendrocyte precursor,Glial cells,RASGEF1B,1111.9,3.4649299153937485,35
committed oligodendrocyte precursor,Glial cells,UGT8,526.4,3.4387004135846166,36
committed oligodendrocyte precursor,Glial cells,COL9A2,150.7,3.435226340497997,37
committed oligodendrocyte precursor,Glial cells,MAG,230.4,3.4300151306605624,38
committed oligodendrocyte precursor,Glial cells,OLIG2,125.2,3.429637615528793,39
committed oligodendrocyte precursor,Glial cells,BEST1,69.2,3.4063037752750533,40
committed oligodendrocyte precursor,Glial cells,NEU4,57.8,3.4032885405997635,41
committed oligodendrocyte precursor,Glial cells,ADAMTS14,24.1,3.386581053229616,42
committed oligodendrocyte precursor,Glial cells,CNP,508.1,3.3821899627455827,43
committed oligodendrocyte precursor,Glial cells,CERCAM,350.6,3.373675442106205,44
committed oligodendrocyte precursor,Glial cells,CDK18,407.0,3.36687482276404,45
committed oligodendrocyte precursor,Glial cells,OPALIN,180.8,3.3607779497851813,46
committed oligodendrocyte precursor,Glial cells,RGR,27.1,3.3570464576088117,47
committed oligodendrocyte precursor,Glial cells,TNFAIP6,24.8,3.355181656640616,48
committed oligodendrocyte precursor,Glial cells,FRMD4B,1499.9,3.3547082872650646,49
committed oligodendrocyte precursor,Glial cells,SHROOM4,434.4,3.3473738975644785,50
committed oligodendrocyte precursor,Glial cells,MOG,307.3,3.338600900084043,51
committed oligodendrocyte precursor,Glial cells,ADAM33,152.3,3.282517661135905,52
committed oligodendrocyte precursor,Glial cells,FYN,3021.6,3.2718488539479273,53
committed oligodendrocyte precursor,Glial cells,SPSB1,84.8,3.2715585687241866,54
committed oligodendrocyte precursor,Glial cells,RTKN,93.9,3.2653303919836594,55
committed oligodendrocyte precursor,Glial cells,GINS3,207.2,3.2427921311785357,56
committed oligodendrocyte precursor,Glial cells,CHADL,96.2,3.2159898737852792,57
committed oligodendrocyte precursor,Glial cells,PLP1,2316.0,3.207823115802143,58
committed oligodendrocyte precursor,Glial cells,COL11A1,855.2,3.1646041056504712,59
committed oligodendrocyte precursor,Glial cells,BMPER,1271.3,3.1588346388117814,60
committed oligodendrocyte precursor,Glial cells,BMP8B,19.8,3.1542467875845115,61
committed oligodendrocyte precursor,Glial cells,SEMA5A,2167.0,3.1486729693850983,62
committed oligodendrocyte precursor,Glial cells,P2RX7,481.6,3.1227122159701692,63
committed oligodendrocyte precursor,Glial cells,COL9A3,99.8,3.1208072348776215,64
committed oligodendrocyte precursor,Glial cells,TMEM108,4143.0,3.0950394646313435,65
committed oligodendrocyte precursor,Glial cells,BAMBI,82.3,3.087909012597916,66
committed oligodendrocyte precursor,Glial cells,IL17RB,79.2,3.0872993167343368,67
committed oligodendrocyte precursor,Glial cells,HMX1,14.7,3.0863494357998316,68
committed oligodendrocyte precursor,Glial cells,POLR2F,496.5,3.07724405343813,69
committed oligodendrocyte precursor,Glial cells,TMTC4,259.8,3.0731679629025876,70
committed oligodendrocyte precursor,Glial cells,PLPPR1,1085.9,3.054216676823225,71
committed oligodendrocyte precursor,Glial cells,SH3BP4,159.4,3.053190379953719,72
committed oligodendrocyte precursor,Glial cells,C10orf90,613.9,3.050507243085065,73
committed oligodendrocyte precursor,Glial cells,OLIG1,272.9,3.0470301424577713,74
committed oligodendrocyte precursor,Glial cells,PMP2,146.1,3.02902929023708,75
committed oligodendrocyte precursor,Glial cells,SLC44A1,2570.1,2.997524695913428,76
committed oligodendrocyte precursor,Glial cells,CNDP1,259.7,2.9886249467404102,77
committed oligodendrocyte precursor,Glial cells,MBP,2124.2,2.9869511861275058,78
committed oligodendrocyte precursor,Glial cells,KCNS3,165.1,2.9786031255932013,79
committed oligodendrocyte precursor,Glial cells,RND2,80.1,2.975784797912341,80
committed oligodendrocyte precursor,Glial cells,MYCL,11.6,2.939525001504498,81
committed oligodendrocyte precursor,Glial cells,COL9A1,282.8,2.933970129664803,82
committed oligodendrocyte precursor,Glial cells,KCNH8,514.5,2.9033330895218836,83
committed oligodendrocyte precursor,Glial cells,CRB1,1028.8,2.8959854260685773,84
committed oligodendrocyte precursor,Glial cells,PHLDB1,340.8,2.8914521867908944,85
committed oligodendrocyte precursor,Glial cells,ST18,1673.2,2.8793028499891404,86
committed oligodendrocyte precursor,Glial cells,CDH1,41.5,2.868822554774999,87
committed oligodendrocyte precursor,Glial cells,TSPAN15,110.3,2.867429114203511,88
committed oligodendrocyte precursor,Glial cells,VCAN,1174.2,2.84415400918572,89
committed oligodendrocyte precursor,Glial cells,TNR,3078.1,2.8294338504868195,90
committed oligodendrocyte precursor,Glial cells,MAL,96.2,2.8124914787395325,91
committed oligodendrocyte precursor,Glial cells,MOBP,715.4,2.8046723347452907,92
committed oligodendrocyte precursor,Glial cells,CNTN2,218.1,2.8030315057747597,93
committed oligodendrocyte precursor,Glial cells,TF,554.6,2.799859896270378,94
committed oligodendrocyte precursor,Glial cells,SGK2,25.3,2.7956007291013067,95
committed oligodendrocyte precursor,Glial cells,SEMA5B,302.0,2.7928125006709497,96
committed oligodendrocyte precursor,Glial cells,SH3TC2,104.4,2.7740212122508052,97
committed oligodendrocyte precursor,Glial cells,MAML2,3870.7,2.7643936080508835,98
committed oligodendrocyte precursor,Glial cells,GPR62,16.9,2.7600255718457833,99
committed oligodendrocyte precursor,Glial cells,APCDD1,317.5,2.759444937096219,100
committed oligodendrocyte precursor,Glial cells,FERMT1,139.2,2.7448659949335608,101
committed oligodendrocyte precursor,Glial cells,SHD,27.8,2.7446773035612497,102
committed oligodendrocyte precursor,Glial cells,SAPCD2,18.8,2.741535987469678,103
committed oligodendrocyte precursor,Glial cells,TNFRSF21,280.3,2.720518444810022,104
committed oligodendrocyte precursor,Glial cells,TMEM163,706.0,2.7129880902647376,105
committed oligodendrocyte precursor,Glial cells,EPHB1,823.0,2.7073481893505313,106
committed oligodendrocyte precursor,Glial cells,ASIC4,53.3,2.6790222599980615,107
committed oligodendrocyte precursor,Glial cells,UST,1018.7,2.6749549467735845,108
committed oligodendrocyte precursor,Glial cells,SEMA4D,512.8,2.662678579423447,109
committed oligodendrocyte precursor,Glial cells,GREM1,39.7,2.6613904477193233,110
committed oligodendrocyte precursor,Glial cells,SLC45A3,27.0,2.6599495403509823,111
committed oligodendrocyte precursor,Glial cells,CARNS1,142.3,2.6578892774865923,112
committed oligodendrocyte precursor,Glial cells,CHST3,74.7,2.648541677276104,113
committed oligodendrocyte precursor,Glial cells,MEX3B,20.6,2.64699677921534,114
committed oligodendrocyte precursor,Glial cells,PPP2R2B,7526.3,2.635417457430344,115
committed oligodendrocyte precursor,Glial cells,HIPK2,750.3,2.6292606100279396,116
committed oligodendrocyte precursor,Glial cells,RAB33A,42.7,2.628531515658555,117
committed oligodendrocyte precursor,Glial cells,OPHN1,1199.3,2.6281851990395433,118
committed oligodendrocyte precursor,Glial cells,FRMD5,3046.2,2.622045587512646,119
committed oligodendrocyte precursor,Glial cells,PLLP,170.2,2.6117156379990933,120
committed oligodendrocyte precursor,Glial cells,EPB41L2,1661.0,2.590291093318733,121
committed oligodendrocyte precursor,Glial cells,PRIMA1,48.2,2.5791097744757185,122
committed oligodendrocyte precursor,Glial cells,RHBDL3,212.2,2.57551986272381,123
committed oligodendrocyte precursor,Glial cells,TFEB,132.0,2.575134839823794,124
committed oligodendrocyte precursor,Glial cells,NCKAP5,1682.3,2.5748148002068083,125
committed oligodendrocyte precursor,Glial cells,PPP1R16B,626.3,2.5650088133662323,126
committed oligodendrocyte precursor,Glial cells,TNS2,207.6,2.564981985174032,127
committed oligodendrocyte precursor,Glial cells,AFAP1L2,171.8,2.564464190404598,128
committed oligodendrocyte precursor,Glial cells,PRR18,33.0,2.561242238847603,129
committed oligodendrocyte precursor,Glial cells,S100A1,76.1,2.5428847542826967,130
committed oligodendrocyte precursor,Glial cells,ADAMTS4,27.6,2.5380414533336633,131
committed oligodendrocyte precursor,Glial cells,TCF7L2,873.4,2.537513573693347,132
committed oligodendrocyte precursor,Glial cells,SRPK3,14.8,2.524807627489321,133
committed oligodendrocyte precursor,Glial cells,COL16A1,201.0,2.52070795900186,134
committed oligodendrocyte precursor,Glial cells,WIPF1,436.2,2.517278443088385,135
committed oligodendrocyte precursor,Glial cells,AATK,365.1,2.511184049293376,136
committed oligodendrocyte precursor,Glial cells,RRBP1,133.2,2.5080817515922376,137
committed oligodendrocyte precursor,Glial cells,LGI3,91.5,2.501366480531029,138
committed oligodendrocyte precursor,Glial cells,CFAP20,91.3,2.497173712628848,139
committed oligodendrocyte precursor,Glial cells,AFMID,105.0,2.495027173791296,140
committed oligodendrocyte precursor,Glial cells,TMEM100,19.4,2.4892035179157253,141
committed oligodendrocyte precursor,Glial cells,THBS2,73.0,2.46627136411776,142
committed oligodendrocyte precursor,Glial cells,TMEM63A,126.6,2.4660421331069244,143
committed oligodendrocyte precursor,Glial cells,MEGF11,462.0,2.463904772652251,144
committed oligodendrocyte precursor,Glial cells,PLEKHH1,354.5,2.4627496392499855,145
committed oligodendrocyte precursor,Glial cells,FOLH1,131.1,2.4612529735577686,146
committed oligodendrocyte precursor,Glial cells,CMTM5,63.2,2.4598061986837707,147
committed oligodendrocyte precursor,Glial cells,STX4,65.4,2.459069541827544,148
committed oligodendrocyte precursor,Glial cells,GNB4,296.1,2.452085535075186,149
committed oligodendrocyte precursor,Glial cells,PHYHIPL,1081.9,2.450665446140668,150
committed oligodendrocyte precursor,Glial cells,DLG1,2251.0,2.436761592095099,151
committed oligodendrocyte precursor,Glial cells,CAPN3,103.5,2.4363772242204966,152
committed oligodendrocyte precursor,Glial cells,GPD1,30.6,2.4315489453243204,153
committed oligodendrocyte precursor,Glial cells,PLPP2,30.3,2.42451988252103,154
committed oligodendrocyte precursor,Glial cells,TTYH2,129.4,2.4237357522472482,155
committed oligodendrocyte precursor,Glial cells,NKX6-2,89.4,2.421629585924913,156
committed oligodendrocyte precursor,Glial cells,NINJ2,69.6,2.421450499165565,157
committed oligodendrocyte precursor,Glial cells,SOGA1,319.3,2.409338899924966,158
committed oligodendrocyte precursor,Glial cells,EBF4,91.2,2.4066848070191273,159
committed oligodendrocyte precursor,Glial cells,FIGN,849.5,2.4055200458047827,160
committed oligodendrocyte precursor,Glial cells,SERINC5,623.8,2.395558980933393,161
committed oligodendrocyte precursor,Glial cells,RNF122,21.7,2.3952091756829703,162
committed oligodendrocyte precursor,Glial cells,PKP4,2317.7,2.3907429850322637,163
committed oligodendrocyte precursor,Glial cells,CPM,193.5,2.388394880415819,164
committed oligodendrocyte precursor,Glial cells,QKI,4394.7,2.3806951484023466,165
committed oligodendrocyte precursor,Glial cells,NTN1,205.6,2.380290218985554,166
committed oligodendrocyte precursor,Glial cells,RTKN2,33.3,2.375684830890515,167
committed oligodendrocyte precursor,Glial cells,SCD,205.0,2.3720237068560532,168
committed oligodendrocyte precursor,Glial cells,MMP15,21.3,2.3705740727522757,169
committed oligodendrocyte precursor,Glial cells,CYB5R2,10.8,2.3667043345078533,170
committed oligodendrocyte precursor,Glial cells,DSCAM,6349.4,2.3571914846792588,171
committed oligodendrocyte precursor,Glial cells,SCD5,1348.7,2.348788989719826,172
committed oligodendrocyte precursor,Glial cells,RHBDF1,31.5,2.347715428456964,173
committed oligodendrocyte precursor,Glial cells,PLD1,372.0,2.3437758977167245,174
committed oligodendrocyte precursor,Glial cells,MPZL1,337.9,2.3195049348025796,175
committed oligodendrocyte precursor,Glial cells,TMEM125,26.0,2.3162720443573757,176
committed oligodendrocyte precursor,Glial cells,LPAR1,330.0,2.315273494495503,177
committed oligodendrocyte precursor,Glial cells,UGDH,98.9,2.3050476611833264,178
committed oligodendrocyte precursor,Glial cells,AMOTL2,15.8,2.303569329736612,179
committed oligodendrocyte precursor,Glial cells,RFTN2,377.5,2.3021400895527027,180
committed oligodendrocyte precursor,Glial cells,GPNMB,40.6,2.299818991631123,181
committed oligodendrocyte precursor,Glial cells,GPR37,112.4,2.2996255252751263,182
committed oligodendrocyte precursor,Glial cells,FRMD4A,8967.2,2.2959138313005574,183
committed oligodendrocyte precursor,Glial cells,TRAF4,47.7,2.2953334749666428,184
committed oligodendrocyte precursor,Glial cells,CLCA4,14.4,2.292980481240129,185
committed oligodendrocyte precursor,Glial cells,TSC22D4,220.9,2.282420497487584,186
committed oligodendrocyte precursor,Glial cells,SLC5A11,191.4,2.276237311963122,187
committed oligodendrocyte precursor,Glial cells,PADI2,117.5,2.27349818124106,188
committed oligodendrocyte precursor,Glial cells,EMC10,126.1,2.2678510770155946,189
committed oligodendrocyte precursor,Glial cells,ASPA,105.4,2.2483179058261302,190
committed oligodendrocyte precursor,Glial cells,BCHE,92.9,2.2473921949203635,191
committed oligodendrocyte precursor,Glial cells,PIEZO2,125.5,2.246683900085158,192
committed oligodendrocyte precursor,Glial cells,RHOU,85.1,2.2442382892895134,193
committed oligodendrocyte precursor,Glial cells,NR0B1,7.2,2.2420747871981477,194
committed oligodendrocyte precursor,Glial cells,HHIP,281.6,2.2272995696263433,195
committed oligodendrocyte precursor,Glial cells,MMP16,1706.7,2.2250804198865692,196
committed oligodendrocyte precursor,Glial cells,GJC2,19.0,2.223704558799239,197
committed oligodendrocyte precursor,Glial cells,NFASC,899.8,2.2206818580614858,198
committed oligodendrocyte precursor,Glial cells,TMEM98,84.8,2.2193723485270507,199
committed oligodendrocyte precursor,Glial cells,FAM102A,139.2,2.21747396115217,200
deep-layer corticothalamic and 6b,Neuronal cells,KRT17,20.1,3.7320703065281884,1
deep-layer corticothalamic and 6b,Neuronal cells,HS3ST4,1379.3,3.483567562674983,2
deep-layer corticothalamic and 6b,Neuronal cells,RXFP1,386.5,3.4055952853669256,3
deep-layer corticothalamic and 6b,Neuronal cells,ADTRP,88.2,3.2018887421630846,4
deep-layer corticothalamic and 6b,Neuronal cells,CIDEA,13.0,3.057333175065952,5
deep-layer corticothalamic and 6b,Neuronal cells,CLPSL1,13.6,2.9910446947655194,6
deep-layer corticothalamic and 6b,Neuronal cells,KIAA1217,4060.3,2.9326817815811563,7
deep-layer corticothalamic and 6b,Neuronal cells,HS3ST2,296.1,2.826448245371339,8
deep-layer corticothalamic and 6b,Neuronal cells,TBR1,28.2,2.803766126572939,9
deep-layer corticothalamic and 6b,Neuronal cells,SLC22A9,29.1,2.7771719165612265,10
deep-layer corticothalamic and 6b,Neuronal cells,SLC22A10,264.6,2.755097383732915,11
deep-layer corticothalamic and 6b,Neuronal cells,CYP26A1,12.0,2.751612370130607,12
deep-layer corticothalamic and 6b,Neuronal cells,ADAMTSL1,1246.3,2.6745970170442352,13
deep-layer corticothalamic and 6b,Neuronal cells,SEMA3E,510.1,2.6499679151241646,14
deep-layer corticothalamic and 6b,Neuronal cells,B3GALT2,116.5,2.6297403666015926,15
deep-layer corticothalamic and 6b,Neuronal cells,CPZ,13.4,2.5813239236578074,16
deep-layer corticothalamic and 6b,Neuronal cells,SEC24D,262.3,2.5607099733173118,17
deep-layer corticothalamic and 6b,Neuronal cells,C5AR2,13.8,2.498959982823935,18
deep-layer corticothalamic and 6b,Neuronal cells,TMEM233,35.9,2.493053175456871,19
deep-layer corticothalamic and 6b,Neuronal cells,FEZF2,36.5,2.4833531689406856,20
deep-layer corticothalamic and 6b,Neuronal cells,NPTX1,234.2,2.465065352747926,21
deep-layer corticothalamic and 6b,Neuronal cells,FRMPD4,3965.2,2.445723052653164,22
deep-layer corticothalamic and 6b,Neuronal cells,SDK2,217.6,2.4448759525586525,23
deep-layer corticothalamic and 6b,Neuronal cells,MLIP,459.2,2.4194457965798266,24
deep-layer corticothalamic and 6b,Neuronal cells,ARSJ,107.0,2.3717592508393683,25
deep-layer corticothalamic and 6b,Neuronal cells,NXPH3,20.9,2.3587252826499903,26
deep-layer corticothalamic and 6b,Neuronal cells,SULF1,317.5,2.3505548983874984,27
deep-layer corticothalamic and 6b,Neuronal cells,DIRAS2,265.0,2.2936909105027454,28
deep-layer corticothalamic and 6b,Neuronal cells,POU6F2,415.1,2.282831702494529,29
deep-layer corticothalamic and 6b,Neuronal cells,LHFPL5,127.7,2.2718866403665077,30
deep-layer corticothalamic and 6b,Neuronal cells,SATB2,493.3,2.25765817599746,31
deep-layer corticothalamic and 6b,Neuronal cells,GDA,279.5,2.2571643018961574,32
deep-layer corticothalamic and 6b,Neuronal cells,TLE4,902.4,2.2558919207704475,33
deep-layer corticothalamic and 6b,Neuronal cells,CABP7,15.9,2.25544899676062,34
deep-layer corticothalamic and 6b,Neuronal cells,CDH24,19.9,2.2301528117156093,35
deep-layer corticothalamic and 6b,Neuronal cells,PDE1A,2463.4,2.2284342309603846,36
deep-layer corticothalamic and 6b,Neuronal cells,PDZRN4,1015.3,2.225827819615425,37
deep-layer corticothalamic and 6b,Neuronal cells,RPRML,41.7,2.21025986618525,38
deep-layer corticothalamic and 6b,Neuronal cells,NXPH4,15.4,2.1731274334806563,39
deep-layer corticothalamic and 6b,Neuronal cells,NPFFR2,65.3,2.1382290430213926,40
deep-layer corticothalamic and 6b,Neuronal cells,OLFML2B,26.7,2.133689161366995,41
deep-layer corticothalamic and 6b,Neuronal cells,FIBCD1,8.3,2.1261720513939495,42
deep-layer corticothalamic and 6b,Neuronal cells,LMO3,688.8,2.118141545236646,43
deep-layer corticothalamic and 6b,Neuronal cells,PCOLCE2,63.2,2.1125520301979055,44
deep-layer corticothalamic and 6b,Neuronal cells,SEMA4A,57.6,2.110190022925004,45
deep-layer corticothalamic and 6b,Neuronal cells,KHDRBS3,1511.4,2.086473136779035,46
deep-layer corticothalamic and 6b,Neuronal cells,EFHD2,138.3,2.0858944897447422,47
deep-layer corticothalamic and 6b,Neuronal cells,DPP10,9800.9,2.0778647987787955,48
deep-layer corticothalamic and 6b,Neuronal cells,SLIT1,387.5,2.073843639789296,49
deep-layer corticothalamic and 6b,Neuronal cells,COL24A1,383.0,2.0726589851616146,50
deep-layer corticothalamic and 6b,Neuronal cells,SLC17A7,188.8,2.0641010220531473,51
deep-layer corticothalamic and 6b,Neuronal cells,PLCXD2,41.7,2.0439718465496757,52
deep-layer corticothalamic and 6b,Neuronal cells,KCNMB4,367.1,2.0373078165684713,53
deep-layer corticothalamic and 6b,Neuronal cells,SV2B,734.0,2.0204991113984647,54
deep-layer corticothalamic and 6b,Neuronal cells,STX1A,104.9,2.014229800025521,55
deep-layer corticothalamic and 6b,Neuronal cells,SEMA3A,220.3,2.0081820130992747,56
deep-layer corticothalamic and 6b,Neuronal cells,CREB3L1,21.2,1.985500430304885,57
deep-layer corticothalamic and 6b,Neuronal cells,CCBE1,273.5,1.9792073121872555,58
deep-layer corticothalamic and 6b,Neuronal cells,IL12RB2,96.6,1.9675785223076228,59
deep-layer corticothalamic and 6b,Neuronal cells,ASIC2,371.0,1.9626458345811477,60
deep-layer corticothalamic and 6b,Neuronal cells,TTC9B,129.1,1.9424578007055713,61
deep-layer corticothalamic and 6b,Neuronal cells,COL19A1,236.8,1.9279605246804987,62
deep-layer corticothalamic and 6b,Neuronal cells,CES4A,162.0,1.9234804563500154,63
deep-layer corticothalamic and 6b,Neuronal cells,SYNPO2,422.2,1.9156956233375024,64
deep-layer corticothalamic and 6b,Neuronal cells,RASL10A,67.9,1.9145727722027177,65
deep-layer corticothalamic and 6b,Neuronal cells,GRIK3,285.2,1.899953202190488,66
deep-layer corticothalamic and 6b,Neuronal cells,SOHLH1,20.5,1.8932300460248028,67
deep-layer corticothalamic and 6b,Neuronal cells,PTPRD,8972.1,1.8923040063614702,68
deep-layer corticothalamic and 6b,Neuronal cells,MPPED1,147.6,1.8892149644285636,69
deep-layer corticothalamic and 6b,Neuronal cells,NGEF,162.2,1.8856111983547277,70
deep-layer corticothalamic and 6b,Neuronal cells,SEL1L3,211.3,1.8812048604410037,71
deep-layer corticothalamic and 6b,Neuronal cells,CLSTN2,1617.8,1.86026991815114,72
deep-layer corticothalamic and 6b,Neuronal cells,CHST1,84.0,1.8598337715477442,73
deep-layer corticothalamic and 6b,Neuronal cells,MEIS3,124.1,1.856260907391212,74
deep-layer corticothalamic and 6b,Neuronal cells,ROBO2,7303.2,1.827946457874763,75
deep-layer corticothalamic and 6b,Neuronal cells,RAB3B,105.2,1.8276893583171014,76
deep-layer corticothalamic and 6b,Neuronal cells,PCSK5,599.2,1.8261195969994999,77
deep-layer corticothalamic and 6b,Neuronal cells,NTSR1,14.4,1.8203297833130567,78
deep-layer corticothalamic and 6b,Neuronal cells,BRINP3,1055.6,1.8034398496281279,79
deep-layer corticothalamic and 6b,Neuronal cells,TNIP3,10.4,1.8018049840351786,80
deep-layer corticothalamic and 6b,Neuronal cells,SORCS3,707.9,1.798556792901482,81
deep-layer corticothalamic and 6b,Neuronal cells,CRYBB2,11.0,1.7926750267524938,82
deep-layer corticothalamic and 6b,Neuronal cells,PCDH11Y,176.6,1.7887913171562273,83
deep-layer corticothalamic and 6b,Neuronal cells,VIPR1,50.8,1.7795621069789582,84
deep-layer corticothalamic and 6b,Neuronal cells,COL12A1,168.3,1.767824464130454,85
deep-layer corticothalamic and 6b,Neuronal cells,GLIS1,119.2,1.76386264630226,86
deep-layer corticothalamic and 6b,Neuronal cells,PTPRR,692.1,1.7582502194265186,87
deep-layer corticothalamic and 6b,Neuronal cells,GCNT4,52.1,1.7451947262027143,88
deep-layer corticothalamic and 6b,Neuronal cells,BCL11A,372.0,1.7350915076272613,89
deep-layer corticothalamic and 6b,Neuronal cells,OSBPL10,248.4,1.7196920546226098,90
deep-layer corticothalamic and 6b,Neuronal cells,RALYL,4226.5,1.7194728306492548,91
deep-layer corticothalamic and 6b,Neuronal cells,FAM163B,68.1,1.7164239683893654,92
deep-layer corticothalamic and 6b,Neuronal cells,MS4A15,2.8,1.7148928047662901,93
deep-layer corticothalamic and 6b,Neuronal cells,PKDCC,46.3,1.7124356593338266,94
deep-layer corticothalamic and 6b,Neuronal cells,HRH1,77.7,1.7035260548686098,95
deep-layer corticothalamic and 6b,Neuronal cells,LRRC55,11.1,1.6941306774836304,96
deep-layer corticothalamic and 6b,Neuronal cells,SYT6,40.5,1.69389687227432,97
deep-layer corticothalamic and 6b,Neuronal cells,BMPER,531.8,1.6922943434024809,98
deep-layer corticothalamic and 6b,Neuronal cells,RAP1GAP,269.1,1.6873242183508341,99
deep-layer corticothalamic and 6b,Neuronal cells,VWC2L,225.9,1.6868576228377903,100
deep-layer corticothalamic and 6b,Neuronal cells,MRAP2,92.6,1.6802407532018688,101
deep-layer corticothalamic and 6b,Neuronal cells,PNPLA7,92.5,1.6794472236865263,102
deep-layer corticothalamic and 6b,Neuronal cells,KCNK2,135.6,1.6767283454750255,103
deep-layer corticothalamic and 6b,Neuronal cells,CNTNAP3,92.8,1.6755572815713862,104
deep-layer corticothalamic and 6b,Neuronal cells,NDFIP2,273.7,1.6733656178249339,105
deep-layer corticothalamic and 6b,Neuronal cells,GAS7,460.0,1.671973770297054,106
deep-layer corticothalamic and 6b,Neuronal cells,MCHR2,35.1,1.6522670131871706,107
deep-layer corticothalamic and 6b,Neuronal cells,NEUROD2,45.4,1.6473465446672955,108
deep-layer corticothalamic and 6b,Neuronal cells,CDH10,851.7,1.6347225518465083,109
deep-layer corticothalamic and 6b,Neuronal cells,RAB26,124.8,1.627172155946266,110
deep-layer corticothalamic and 6b,Neuronal cells,CHRM3,1156.8,1.6200722167353279,111
deep-layer corticothalamic and 6b,Neuronal cells,LRP1B,9620.2,1.6102392206818104,112
deep-layer corticothalamic and 6b,Neuronal cells,PCDH11X,920.6,1.6085936571636679,113
deep-layer corticothalamic and 6b,Neuronal cells,SCN3B,223.6,1.6082740588429634,114
deep-layer corticothalamic and 6b,Neuronal cells,RHCG,9.1,1.6045735191497217,115
deep-layer corticothalamic and 6b,Neuronal cells,CSMD1,10574.9,1.6013065341955537,116
deep-layer corticothalamic and 6b,Neuronal cells,ARPP21,1719.5,1.598857360416291,117
deep-layer corticothalamic and 6b,Neuronal cells,KCNH3,98.7,1.5972487009585477,118
deep-layer corticothalamic and 6b,Neuronal cells,ABCC12,7.0,1.576788569275456,119
deep-layer corticothalamic and 6b,Neuronal cells,IPCEF1,43.2,1.574319620185907,120
deep-layer corticothalamic and 6b,Neuronal cells,ST6GAL2,226.3,1.5524987096724419,121
deep-layer corticothalamic and 6b,Neuronal cells,SYT7,159.3,1.551001849666183,122
deep-layer corticothalamic and 6b,Neuronal cells,ILDR2,194.8,1.550937282871038,123
deep-layer corticothalamic and 6b,Neuronal cells,KCNF1,29.5,1.550125415436405,124
deep-layer corticothalamic and 6b,Neuronal cells,MDGA2,3899.3,1.5447589438201177,125
deep-layer corticothalamic and 6b,Neuronal cells,PTPRU,37.2,1.5440058264982988,126
deep-layer corticothalamic and 6b,Neuronal cells,NKAIN2,5038.3,1.5434751276386451,127
deep-layer corticothalamic and 6b,Neuronal cells,ANKRD24,50.5,1.542800382615269,128
deep-layer corticothalamic and 6b,Neuronal cells,ULK3,141.8,1.5423395641558368,129
deep-layer corticothalamic and 6b,Neuronal cells,FXYD7,84.6,1.5422408129123581,130
deep-layer corticothalamic and 6b,Neuronal cells,RYR3,1093.9,1.53079468904222,131
deep-layer corticothalamic and 6b,Neuronal cells,KCNH5,286.3,1.5243953196513278,132
deep-layer corticothalamic and 6b,Neuronal cells,MGST1,281.2,1.5173244933968497,133
deep-layer corticothalamic and 6b,Neuronal cells,CACNG3,313.8,1.5008070525865813,134
deep-layer corticothalamic and 6b,Neuronal cells,EXTL1,37.1,1.5003982054626839,135
deep-layer corticothalamic and 6b,Neuronal cells,GABRA5,114.9,1.4995046750062484,136
deep-layer corticothalamic and 6b,Neuronal cells,ISLR2,18.7,1.494643650131847,137
deep-layer corticothalamic and 6b,Neuronal cells,ASPHD2,40.8,1.4923042051536508,138
deep-layer corticothalamic and 6b,Neuronal cells,GPR78,3.3,1.4905192964213942,139
deep-layer corticothalamic and 6b,Neuronal cells,EPHA5,594.8,1.4899598360773012,140
deep-layer corticothalamic and 6b,Neuronal cells,GALNT9,69.8,1.477028803969623,141
deep-layer corticothalamic and 6b,Neuronal cells,C1orf115,29.4,1.4753380095466582,142
deep-layer corticothalamic and 6b,Neuronal cells,MMP16,1060.8,1.4642290948637708,143
deep-layer corticothalamic and 6b,Neuronal cells,RASAL1,49.5,1.4542035959668123,144
deep-layer corticothalamic and 6b,Neuronal cells,TSHZ3,137.2,1.4501532474007484,145
deep-layer corticothalamic and 6b,Neuronal cells,ANKRD33B,157.6,1.4376890296154163,146
deep-layer corticothalamic and 6b,Neuronal cells,KHDRBS2,1754.4,1.4376328986253348,147
deep-layer corticothalamic and 6b,Neuronal cells,EMX1,11.6,1.43389652653016,148
deep-layer corticothalamic and 6b,Neuronal cells,SLITRK1,33.4,1.4313970797194961,149
deep-layer corticothalamic and 6b,Neuronal cells,MCTP1,1263.4,1.4307651481470636,150
deep-layer corticothalamic and 6b,Neuronal cells,RAP1GAP2,351.3,1.4229390154829717,151
deep-layer corticothalamic and 6b,Neuronal cells,NAV3,3541.9,1.422357389391667,152
deep-layer corticothalamic and 6b,Neuronal cells,CABP1,251.7,1.4205205888521413,153
deep-layer corticothalamic and 6b,Neuronal cells,KCNIP3,71.0,1.4189287896781242,154
deep-layer corticothalamic and 6b,Neuronal cells,PDE2A,149.3,1.4139229213658193,155
deep-layer corticothalamic and 6b,Neuronal cells,ADCY1,322.4,1.4010019506555953,156
deep-layer corticothalamic and 6b,Neuronal cells,STYK1,35.8,1.400537929583729,157
deep-layer corticothalamic and 6b,Neuronal cells,RAMP3,19.7,1.400259174865271,158
deep-layer corticothalamic and 6b,Neuronal cells,GSG1L,120.2,1.3989199714568914,159
deep-layer corticothalamic and 6b,Neuronal cells,CHI3L1,8.4,1.395634968056328,160
deep-layer corticothalamic and 6b,Neuronal cells,SPRN,17.2,1.3954736153324483,161
deep-layer corticothalamic and 6b,Neuronal cells,LRP8,139.2,1.3945408968909647,162
deep-layer corticothalamic and 6b,Neuronal cells,CRYM,124.6,1.3920172406170879,163
deep-layer corticothalamic and 6b,Neuronal cells,SLC35F3,1001.5,1.3890879770977718,164
deep-layer corticothalamic and 6b,Neuronal cells,ZDHHC23,50.6,1.3889535340913515,165
deep-layer corticothalamic and 6b,Neuronal cells,SLC7A4,5.4,1.387969256080673,166
deep-layer corticothalamic and 6b,Neuronal cells,PRKAG2,556.6,1.3863875881698073,167
deep-layer corticothalamic and 6b,Neuronal cells,GABRG3,830.8,1.3833793706723039,168
deep-layer corticothalamic and 6b,Neuronal cells,GPR179,6.2,1.3798480708165437,169
deep-layer corticothalamic and 6b,Neuronal cells,C3orf80,13.8,1.379634550156529,170
deep-layer corticothalamic and 6b,Neuronal cells,SERTM1,39.2,1.377750564772218,171
deep-layer corticothalamic and 6b,Neuronal cells,GARNL3,484.0,1.3754608986723853,172
deep-layer corticothalamic and 6b,Neuronal cells,SEMA3D,78.1,1.373578988173059,173
deep-layer corticothalamic and 6b,Neuronal cells,LRFN2,186.5,1.3699937320076017,174
deep-layer corticothalamic and 6b,Neuronal cells,CHRNA4,20.5,1.3689457738720572,175
deep-layer corticothalamic and 6b,Neuronal cells,SOCS2,29.9,1.3649367952327314,176
deep-layer corticothalamic and 6b,Neuronal cells,AK5,862.2,1.3635906048245856,177
deep-layer corticothalamic and 6b,Neuronal cells,TMEM178A,258.9,1.3628224179089365,178
deep-layer corticothalamic and 6b,Neuronal cells,XKR4,1481.6,1.3473117033875708,179
deep-layer corticothalamic and 6b,Neuronal cells,SH3GL2,698.8,1.3448903457813293,180
deep-layer corticothalamic and 6b,Neuronal cells,CHN1,819.4,1.3421564143146831,181
deep-layer corticothalamic and 6b,Neuronal cells,CHGA,65.9,1.3394824653591637,182
deep-layer corticothalamic and 6b,Neuronal cells,ASXL3,261.9,1.3366700673836747,183
deep-layer corticothalamic and 6b,Neuronal cells,KALRN,1983.3,1.334372389530045,184
deep-layer corticothalamic and 6b,Neuronal cells,CDH11,548.6,1.3338132395075377,185
deep-layer corticothalamic and 6b,Neuronal cells,EFNA5,783.6,1.3332445488431763,186
deep-layer corticothalamic and 6b,Neuronal cells,DGAT2,10.1,1.3300248236440466,187
deep-layer corticothalamic and 6b,Neuronal cells,ST3GAL1,118.4,1.32860742043111,188
deep-layer corticothalamic and 6b,Neuronal cells,DOC2B,25.8,1.3262574493899741,189
deep-layer corticothalamic and 6b,Neuronal cells,SRRM4,443.9,1.3254896750589527,190
deep-layer corticothalamic and 6b,Neuronal cells,HBQ1,4.6,1.3242720353556614,191
deep-layer corticothalamic and 6b,Neuronal cells,ADAM11,91.4,1.322614309420442,192
deep-layer corticothalamic and 6b,Neuronal cells,EPHA8,15.9,1.3205060198181642,193
deep-layer corticothalamic and 6b,Neuronal cells,RASL11B,7.2,1.3158098989492282,194
deep-layer corticothalamic and 6b,Neuronal cells,PAK5,505.1,1.3112819939821339,195
deep-layer corticothalamic and 6b,Neuronal cells,CCKBR,18.6,1.3059571379755794,196
deep-layer corticothalamic and 6b,Neuronal cells,ERC2,1838.0,1.3032160337523677,197
deep-layer corticothalamic and 6b,Neuronal cells,TMEFF2,1104.9,1.296845190668453,198
deep-layer corticothalamic and 6b,Neuronal cells,SLC8A2,95.3,1.2931177316843707,199
deep-layer corticothalamic and 6b,Neuronal cells,HTR4,167.3,1.2883958385963614,200
deep-layer intratelencephalic,Neuronal cells,RXFP1,310.1,3.000210806295346,1
deep-layer intratelencephalic,Neuronal cells,MCHR2,69.1,2.745284106816183,2
deep-layer intratelencephalic,Neuronal cells,CPNE4,1337.7,2.680639074781141,3
deep-layer intratelencephalic,Neuronal cells,IL1RAPL2,594.7,2.664969934262864,4
deep-layer intratelencephalic,Neuronal cells,KCNV1,42.7,2.6143722443589064,5
deep-layer intratelencephalic,Neuronal cells,DNAJC5G,22.2,2.5985943663089226,6
deep-layer intratelencephalic,Neuronal cells,TRABD2A,43.2,2.5608336508455105,7
deep-layer intratelencephalic,Neuronal cells,SATB2,540.6,2.4096447224200306,8
deep-layer intratelencephalic,Neuronal cells,NWD2,304.2,2.4034148413029075,9
deep-layer intratelencephalic,Neuronal cells,RTN4RL2,52.0,2.3663222142458156,10
deep-layer intratelencephalic,Neuronal cells,HS3ST2,225.6,2.3638770857553024,11
deep-layer intratelencephalic,Neuronal cells,CBLN2,310.4,2.343028112234729,12
deep-layer intratelencephalic,Neuronal cells,KLK7,12.6,2.3341954347550327,13
deep-layer intratelencephalic,Neuronal cells,SMIM32,6.9,2.3313665798490026,14
deep-layer intratelencephalic,Neuronal cells,POU6F2,421.4,2.307735950353951,15
deep-layer intratelencephalic,Neuronal cells,NTNG2,87.4,2.300671540327261,16
deep-layer intratelencephalic,Neuronal cells,RORB,317.9,2.2995782091366617,17
deep-layer intratelencephalic,Neuronal cells,SLC26A4,108.4,2.286676558710723,18
deep-layer intratelencephalic,Neuronal cells,SLC22A10,197.5,2.262281374848545,19
deep-layer intratelencephalic,Neuronal cells,TBR1,19.8,2.2291339992155037,20
deep-layer intratelencephalic,Neuronal cells,NPTX1,202.0,2.2199824060908733,21
deep-layer intratelencephalic,Neuronal cells,STX1A,114.1,2.1498397051878078,22
deep-layer intratelencephalic,Neuronal cells,SLC30A3,49.4,2.1474611080274957,23
deep-layer intratelencephalic,Neuronal cells,LHX2,54.0,2.116325331514766,24
deep-layer intratelencephalic,Neuronal cells,SLC22A9,19.2,2.106415845965838,25
deep-layer intratelencephalic,Neuronal cells,SLC17A7,192.3,2.093837845175945,26
deep-layer intratelencephalic,Neuronal cells,PKD2L1,7.7,2.0217712103977825,27
deep-layer intratelencephalic,Neuronal cells,SLIT1,374.6,2.0190275038035463,28
deep-layer intratelencephalic,Neuronal cells,FSTL4,574.4,2.0123153454221963,29
deep-layer intratelencephalic,Neuronal cells,RHCG,12.0,2.0074174715624835,30
deep-layer intratelencephalic,Neuronal cells,SV2B,714.5,1.9770084298259925,31
deep-layer intratelencephalic,Neuronal cells,SLC6A7,77.7,1.9557456046542674,32
deep-layer intratelencephalic,Neuronal cells,LRFN2,266.3,1.930474652582107,33
deep-layer intratelencephalic,Neuronal cells,CABP1,344.2,1.914012961082011,34
deep-layer intratelencephalic,Neuronal cells,TMEM132D,972.8,1.897182400909098,35
deep-layer intratelencephalic,Neuronal cells,HRH1,87.8,1.8961122228218026,36
deep-layer intratelencephalic,Neuronal cells,IL12RB2,91.7,1.8847078097634726,37
deep-layer intratelencephalic,Neuronal cells,RHEBL1,10.8,1.8744691179161415,38
deep-layer intratelencephalic,Neuronal cells,C3orf80,19.2,1.8705067560711137,39
deep-layer intratelencephalic,Neuronal cells,C1QL3,27.1,1.8704814094399724,40
deep-layer intratelencephalic,Neuronal cells,CPNE5,119.5,1.864394205786927,41
deep-layer intratelencephalic,Neuronal cells,USP43,79.3,1.8583893782482792,42
deep-layer intratelencephalic,Neuronal cells,GCNT4,55.8,1.8526224156178923,43
deep-layer intratelencephalic,Neuronal cells,PPEF1,31.6,1.8443003651307808,44
deep-layer intratelencephalic,Neuronal cells,OPRK1,26.9,1.8320088713773865,45
deep-layer intratelencephalic,Neuronal cells,KCNG1,33.5,1.8318924475436529,46
deep-layer intratelencephalic,Neuronal cells,ENC1,390.4,1.8217910856069028,47
deep-layer intratelencephalic,Neuronal cells,CLSTN2,1576.8,1.8192448916871833,48
deep-layer intratelencephalic,Neuronal cells,GABRA5,139.9,1.8082084362757713,49
deep-layer intratelencephalic,Neuronal cells,NEUROD6,47.9,1.7925898500998212,50
deep-layer intratelencephalic,Neuronal cells,LINGO1,159.1,1.791495300623566,51
deep-layer intratelencephalic,Neuronal cells,ANKRD24,58.3,1.765682200884864,52
deep-layer intratelencephalic,Neuronal cells,ADRA1B,72.5,1.7620652711077334,53
deep-layer intratelencephalic,Neuronal cells,MLIP,305.9,1.7590762774385684,54
deep-layer intratelencephalic,Neuronal cells,TMEM233,22.5,1.7553759245455294,55
deep-layer intratelencephalic,Neuronal cells,MEIS3,116.2,1.7521902873910498,56
deep-layer intratelencephalic,Neuronal cells,ABCC12,7.9,1.745340490723678,57
deep-layer intratelencephalic,Neuronal cells,STUM,115.9,1.7428490295034265,58
deep-layer intratelencephalic,Neuronal cells,RTN4R,34.9,1.7390372941205603,59
deep-layer intratelencephalic,Neuronal cells,OVOL2,24.8,1.7387741911792352,60
deep-layer intratelencephalic,Neuronal cells,EPOP,8.5,1.7346664780766181,61
deep-layer intratelencephalic,Neuronal cells,RAB27B,279.8,1.7249857469844476,62
deep-layer intratelencephalic,Neuronal cells,ISLR2,21.7,1.7180240305127459,63
deep-layer intratelencephalic,Neuronal cells,FAP,28.1,1.6954530728333714,64
deep-layer intratelencephalic,Neuronal cells,HTR3B,6.5,1.6920122279293772,65
deep-layer intratelencephalic,Neuronal cells,GFRA2,55.3,1.6915372709993852,66
deep-layer intratelencephalic,Neuronal cells,LMO4,279.4,1.6914172348374472,67
deep-layer intratelencephalic,Neuronal cells,ADTRP,35.3,1.6840337126999239,68
deep-layer intratelencephalic,Neuronal cells,PDZRN4,724.4,1.681970447161012,69
deep-layer intratelencephalic,Neuronal cells,ZDHHC23,60.5,1.664304424959611,70
deep-layer intratelencephalic,Neuronal cells,RTN4RL1,109.5,1.657745446666385,71
deep-layer intratelencephalic,Neuronal cells,EMX1,13.5,1.6544476010424403,72
deep-layer intratelencephalic,Neuronal cells,RASL10A,57.5,1.6538393052789533,73
deep-layer intratelencephalic,Neuronal cells,FAM163B,65.2,1.648552617566807,74
deep-layer intratelencephalic,Neuronal cells,LHFPL5,86.2,1.6437496560740286,75
deep-layer intratelencephalic,Neuronal cells,C1orf115,32.8,1.6419496365991473,76
deep-layer intratelencephalic,Neuronal cells,NPY1R,127.5,1.6415827731150212,77
deep-layer intratelencephalic,Neuronal cells,OR14I1,5.2,1.6213798993567767,78
deep-layer intratelencephalic,Neuronal cells,CCKBR,22.8,1.6094155444456955,79
deep-layer intratelencephalic,Neuronal cells,KCNK10,108.9,1.6080595877100015,80
deep-layer intratelencephalic,Neuronal cells,EPHB6,74.1,1.6014727045064254,81
deep-layer intratelencephalic,Neuronal cells,DPP10,7254.1,1.5966224806554314,82
deep-layer intratelencephalic,Neuronal cells,UNC5A,86.5,1.5873627425823051,83
deep-layer intratelencephalic,Neuronal cells,ST6GAL2,229.7,1.5758384832110606,84
deep-layer intratelencephalic,Neuronal cells,STYK1,40.0,1.5696890095986027,85
deep-layer intratelencephalic,Neuronal cells,RASAL1,53.1,1.562113639557561,86
deep-layer intratelencephalic,Neuronal cells,MYOM2,51.4,1.5608859988972072,87
deep-layer intratelencephalic,Neuronal cells,CHRM3,1113.7,1.5603477101416028,88
deep-layer intratelencephalic,Neuronal cells,LARGE1,1475.7,1.5588748316983765,89
deep-layer intratelencephalic,Neuronal cells,VIPR1,43.7,1.5464574680152519,90
deep-layer intratelencephalic,Neuronal cells,MAPK11,40.3,1.533187083478371,91
deep-layer intratelencephalic,Neuronal cells,TNFRSF11A,18.3,1.5315973769256506,92
deep-layer intratelencephalic,Neuronal cells,CTNNA2,3968.2,1.5283010693387147,93
deep-layer intratelencephalic,Neuronal cells,FXYD7,83.8,1.5275047973084699,94
deep-layer intratelencephalic,Neuronal cells,GRM2,22.0,1.523015584135736,95
deep-layer intratelencephalic,Neuronal cells,KCNH3,94.0,1.5213604778879135,96
deep-layer intratelencephalic,Neuronal cells,LRRK1,133.7,1.5212513280056301,97
deep-layer intratelencephalic,Neuronal cells,FBXO40,6.5,1.5133246266324996,98
deep-layer intratelencephalic,Neuronal cells,OLFM1,258.8,1.5126945163762044,99
deep-layer intratelencephalic,Neuronal cells,C5AR2,7.0,1.5021360695915356,100
deep-layer intratelencephalic,Neuronal cells,NEUROD2,41.2,1.4981213768003643,101
deep-layer intratelencephalic,Neuronal cells,SYT7,153.5,1.4932066556163095,102
deep-layer intratelencephalic,Neuronal cells,CELF4,746.1,1.4797536573376682,103
deep-layer intratelencephalic,Neuronal cells,ANKRD33B,161.9,1.4794972416914025,104
deep-layer intratelencephalic,Neuronal cells,C2CD4C,14.3,1.4768232215225825,105
deep-layer intratelencephalic,Neuronal cells,TTC9B,95.9,1.4751498523842277,106
deep-layer intratelencephalic,Neuronal cells,BSN,172.0,1.468564174700936,107
deep-layer intratelencephalic,Neuronal cells,CDH12,1447.4,1.4652953785296743,108
deep-layer intratelencephalic,Neuronal cells,FMN1,405.9,1.4633666608200946,109
deep-layer intratelencephalic,Neuronal cells,ANKRD30B,69.1,1.4632096580418912,110
deep-layer intratelencephalic,Neuronal cells,PTPRT,1118.4,1.4531730001168917,111
deep-layer intratelencephalic,Neuronal cells,EGR3,14.0,1.4514388278837667,112
deep-layer intratelencephalic,Neuronal cells,KCTD16,1259.1,1.446258745213784,113
deep-layer intratelencephalic,Neuronal cells,KCNH7,934.5,1.4453766464049687,114
deep-layer intratelencephalic,Neuronal cells,ERC2,2011.0,1.4431099332808688,115
deep-layer intratelencephalic,Neuronal cells,NUAK1,225.1,1.4396282131889029,116
deep-layer intratelencephalic,Neuronal cells,NRGN,327.5,1.4381790694087004,117
deep-layer intratelencephalic,Neuronal cells,GALNT9,68.0,1.4367850508903854,118
deep-layer intratelencephalic,Neuronal cells,CPNE7,52.8,1.436376382409631,119
deep-layer intratelencephalic,Neuronal cells,RIMS3,55.7,1.4358768906584005,120
deep-layer intratelencephalic,Neuronal cells,MFSD4A,62.4,1.4357341004150534,121
deep-layer intratelencephalic,Neuronal cells,SOHLH1,15.1,1.4357317831583776,122
deep-layer intratelencephalic,Neuronal cells,SLC17A8,8.9,1.4317675897437343,123
deep-layer intratelencephalic,Neuronal cells,PHF24,43.7,1.4285649626938823,124
deep-layer intratelencephalic,Neuronal cells,NGEF,121.2,1.428191225776246,125
deep-layer intratelencephalic,Neuronal cells,DDN,17.8,1.424057288535412,126
deep-layer intratelencephalic,Neuronal cells,PDE1A,1489.3,1.4240115661622088,127
deep-layer intratelencephalic,Neuronal cells,CCK,312.4,1.4190326100503328,128
deep-layer intratelencephalic,Neuronal cells,RGS12,256.1,1.417448453877046,129
deep-layer intratelencephalic,Neuronal cells,PTPRD,6641.8,1.416945572546252,130
deep-layer intratelencephalic,Neuronal cells,TYRO3,76.9,1.416553554689301,131
deep-layer intratelencephalic,Neuronal cells,CES4A,117.2,1.4149635281946182,132
deep-layer intratelencephalic,Neuronal cells,CCDC3,267.0,1.4148200130282038,133
deep-layer intratelencephalic,Neuronal cells,CNTN3,521.8,1.410351089218198,134
deep-layer intratelencephalic,Neuronal cells,DLGAP2,1800.1,1.4078391358416815,135
deep-layer intratelencephalic,Neuronal cells,THRB,984.3,1.4045789715894075,136
deep-layer intratelencephalic,Neuronal cells,NPTX2,35.2,1.4040493032498227,137
deep-layer intratelencephalic,Neuronal cells,PGBD5,317.3,1.4038595411019434,138
deep-layer intratelencephalic,Neuronal cells,CREG2,147.1,1.3983186079664116,139
deep-layer intratelencephalic,Neuronal cells,RALYL,3439.9,1.3959114907001058,140
deep-layer intratelencephalic,Neuronal cells,KCNQ3,1308.9,1.3887398805479743,141
deep-layer intratelencephalic,Neuronal cells,KCNIP3,69.6,1.3883288718885112,142
deep-layer intratelencephalic,Neuronal cells,KCNN1,28.9,1.3865170859561127,143
deep-layer intratelencephalic,Neuronal cells,IPCEF1,38.2,1.386474178497292,144
deep-layer intratelencephalic,Neuronal cells,RPRML,24.4,1.3811301954071735,145
deep-layer intratelencephalic,Neuronal cells,HTR2A,92.7,1.377989154419957,146
deep-layer intratelencephalic,Neuronal cells,HECW1,703.0,1.3738988044853577,147
deep-layer intratelencephalic,Neuronal cells,KHDRBS3,964.3,1.3730329420771559,148
deep-layer intratelencephalic,Neuronal cells,COL26A1,101.4,1.3725213859051821,149
deep-layer intratelencephalic,Neuronal cells,ITPKA,21.0,1.3668346259155209,150
deep-layer intratelencephalic,Neuronal cells,LRRC2,29.1,1.3647503654893942,151
deep-layer intratelencephalic,Neuronal cells,CAMK2A,339.8,1.3630649608882026,152
deep-layer intratelencephalic,Neuronal cells,LCN15,3.0,1.3606976650519376,153
deep-layer intratelencephalic,Neuronal cells,CACNG3,285.7,1.3549116314138534,154
deep-layer intratelencephalic,Neuronal cells,LNX1,171.0,1.3519124226077786,155
deep-layer intratelencephalic,Neuronal cells,CHSY3,1054.9,1.3518480497473164,156
deep-layer intratelencephalic,Neuronal cells,DOC2A,69.0,1.3515843619238894,157
deep-layer intratelencephalic,Neuronal cells,KCNB2,695.2,1.348456590468765,158
deep-layer intratelencephalic,Neuronal cells,AK5,851.1,1.343472597856914,159
deep-layer intratelencephalic,Neuronal cells,ZNF697,26.0,1.3431325868739261,160
deep-layer intratelencephalic,Neuronal cells,PCSK2,546.9,1.3420516968160305,161
deep-layer intratelencephalic,Neuronal cells,CCBE1,182.0,1.3379028191861642,162
deep-layer intratelencephalic,Neuronal cells,MAST3,112.7,1.3375268306625425,163
deep-layer intratelencephalic,Neuronal cells,KCNIP4,15415.1,1.3351999896448048,164
deep-layer intratelencephalic,Neuronal cells,CAMKK1,98.3,1.3350412828006004,165
deep-layer intratelencephalic,Neuronal cells,ST8SIA5,198.9,1.3332242935604621,166
deep-layer intratelencephalic,Neuronal cells,TENM4,964.6,1.332495522249247,167
deep-layer intratelencephalic,Neuronal cells,PPL,19.2,1.3319181953030306,168
deep-layer intratelencephalic,Neuronal cells,ARPP19,217.1,1.327712621031582,169
deep-layer intratelencephalic,Neuronal cells,ADGRL2,1006.1,1.3268330514207192,170
deep-layer intratelencephalic,Neuronal cells,MGAT5B,60.4,1.3206470277252922,171
deep-layer intratelencephalic,Neuronal cells,NKAIN2,4359.5,1.317680855604111,172
deep-layer intratelencephalic,Neuronal cells,SMYD2,95.0,1.3156799472221847,173
deep-layer intratelencephalic,Neuronal cells,PRSS3,49.6,1.3094971100654833,174
deep-layer intratelencephalic,Neuronal cells,PHACTR1,3569.6,1.309311608802249,175
deep-layer intratelencephalic,Neuronal cells,TMEM150C,112.4,1.3086694711470503,176
deep-layer intratelencephalic,Neuronal cells,NRN1,97.8,1.3077936257992546,177
deep-layer intratelencephalic,Neuronal cells,OPN3,34.7,1.3071254698312151,178
deep-layer intratelencephalic,Neuronal cells,ICAM5,44.4,1.3048885684782765,179
deep-layer intratelencephalic,Neuronal cells,SH3GL2,679.8,1.3021668276953373,180
deep-layer intratelencephalic,Neuronal cells,GDA,153.0,1.3007924247415001,181
deep-layer intratelencephalic,Neuronal cells,SLITRK1,30.6,1.2993474541716665,182
deep-layer intratelencephalic,Neuronal cells,GALNT14,203.2,1.297746562523117,183
deep-layer intratelencephalic,Neuronal cells,SLC8B1,59.2,1.2951984309282274,184
deep-layer intratelencephalic,Neuronal cells,SYN2,1022.1,1.2909540229572265,185
deep-layer intratelencephalic,Neuronal cells,GABRB3,1122.3,1.290605856977118,186
deep-layer intratelencephalic,Neuronal cells,SLIT3,825.5,1.2898751687465837,187
deep-layer intratelencephalic,Neuronal cells,WNT10B,23.7,1.2892903048711835,188
deep-layer intratelencephalic,Neuronal cells,KALRN,1926.4,1.2892405017395527,189
deep-layer intratelencephalic,Neuronal cells,ADAMTS19,234.9,1.288849894565652,190
deep-layer intratelencephalic,Neuronal cells,DGKZ,216.0,1.2874397185020714,191
deep-layer intratelencephalic,Neuronal cells,MPPED1,100.4,1.2872951056952058,192
deep-layer intratelencephalic,Neuronal cells,VSTM2B,105.3,1.283337064462768,193
deep-layer intratelencephalic,Neuronal cells,NPTXR,175.4,1.2812909294050687,194
deep-layer intratelencephalic,Neuronal cells,PRKAG2,519.6,1.2797684551840924,195
deep-layer intratelencephalic,Neuronal cells,EIF4E1B,14.2,1.2769065804153512,196
deep-layer intratelencephalic,Neuronal cells,CDH10,677.1,1.2766490356359659,197
deep-layer intratelencephalic,Neuronal cells,CACNA1E,780.3,1.274680863816158,198
deep-layer intratelencephalic,Neuronal cells,PEX5L,1317.8,1.2727094051016568,199
deep-layer intratelencephalic,Neuronal cells,SNTB2,136.2,1.2705484594911005,200
deep-layer near-projecting,Neuronal cells,IL26,24.7,4.119281330989445,1
deep-layer near-projecting,Neuronal cells,CRYM,447.7,3.5591510340346586,2
deep-layer near-projecting,Neuronal cells,TSHZ2,2575.1,3.5589832931535845,3
deep-layer near-projecting,Neuronal cells,QRFPR,86.2,3.557549874316651,4
deep-layer near-projecting,Neuronal cells,PKD2L1,19.2,3.4931522364812984,5
deep-layer near-projecting,Neuronal cells,COL12A1,409.1,3.273221054980314,6
deep-layer near-projecting,Neuronal cells,ATP2C2,170.4,3.2728314593324663,7
deep-layer near-projecting,Neuronal cells,FEZF2,53.8,3.1480727654601224,8
deep-layer near-projecting,Neuronal cells,DIRAS2,412.1,3.0524489978963785,9
deep-layer near-projecting,Neuronal cells,NXPH3,30.0,2.956383869624639,10
deep-layer near-projecting,Neuronal cells,ATOH7,17.8,2.8608907114156006,11
deep-layer near-projecting,Neuronal cells,VWC2L,458.1,2.855357538443155,12
deep-layer near-projecting,Neuronal cells,CPNE7,121.7,2.785923111673398,13
deep-layer near-projecting,Neuronal cells,HS3ST4,914.5,2.735287250805046,14
deep-layer near-projecting,Neuronal cells,NXPH2,354.8,2.7173660114403444,15
deep-layer near-projecting,Neuronal cells,EPS8L2,54.6,2.6926763180214093,16
deep-layer near-projecting,Neuronal cells,CYP26B1,39.4,2.67055987517944,17
deep-layer near-projecting,Neuronal cells,CYP26A1,11.4,2.669915502417381,18
deep-layer near-projecting,Neuronal cells,SORCS2,430.6,2.639083067750654,19
deep-layer near-projecting,Neuronal cells,SEMA3E,506.8,2.638852112663823,20
deep-layer near-projecting,Neuronal cells,EFHD2,185.9,2.5748230711111035,21
deep-layer near-projecting,Neuronal cells,CCDC80,53.2,2.529887493037662,22
deep-layer near-projecting,Neuronal cells,TRHDE,864.7,2.4968536984814653,23
deep-layer near-projecting,Neuronal cells,SEL1L3,305.2,2.4826254268421906,24
deep-layer near-projecting,Neuronal cells,ITGA8,437.6,2.446008057213025,25
deep-layer near-projecting,Neuronal cells,PTGER3,72.2,2.444074964317403,26
deep-layer near-projecting,Neuronal cells,DAPL1,37.4,2.4364474009675967,27
deep-layer near-projecting,Neuronal cells,GPR179,12.8,2.426700416804424,28
deep-layer near-projecting,Neuronal cells,ERFE,6.8,2.410933100946107,29
deep-layer near-projecting,Neuronal cells,ADTRP,55.0,2.38781603054382,30
deep-layer near-projecting,Neuronal cells,TSHZ3,246.2,2.3865062611385057,31
deep-layer near-projecting,Neuronal cells,RFPL2,48.3,2.354573299196852,32
deep-layer near-projecting,Neuronal cells,SATB1,538.4,2.3381231654576684,33
deep-layer near-projecting,Neuronal cells,C1orf115,50.5,2.3227772385498335,34
deep-layer near-projecting,Neuronal cells,RANBP17,611.2,2.3139237047669954,35
deep-layer near-projecting,Neuronal cells,ZNF385D,3181.6,2.3135429770802762,36
deep-layer near-projecting,Neuronal cells,PCSK1,55.9,2.2946807759965395,37
deep-layer near-projecting,Neuronal cells,MYBPHL,13.7,2.2840645321267368,38
deep-layer near-projecting,Neuronal cells,KISS1R,11.1,2.2802627729513647,39
deep-layer near-projecting,Neuronal cells,TLE4,904.6,2.259909558749217,40
deep-layer near-projecting,Neuronal cells,GRM4,165.8,2.223878411258315,41
deep-layer near-projecting,Neuronal cells,VIPR1,65.5,2.183199910421927,42
deep-layer near-projecting,Neuronal cells,PRR16,769.9,2.170580155061293,43
deep-layer near-projecting,Neuronal cells,FABP7,62.7,2.1691016628319284,44
deep-layer near-projecting,Neuronal cells,DPY19L1,375.4,2.1605821912232384,45
deep-layer near-projecting,Neuronal cells,ADAMTS19,404.3,2.148484967087564,46
deep-layer near-projecting,Neuronal cells,OLFM3,1544.0,2.1387740281676813,47
deep-layer near-projecting,Neuronal cells,ROBO3,61.6,2.138118221262809,48
deep-layer near-projecting,Neuronal cells,MYH3,11.3,2.119629884988031,49
deep-layer near-projecting,Neuronal cells,MPP7,273.1,2.115806881490449,50
deep-layer near-projecting,Neuronal cells,TP53I11,53.0,2.102314095287635,51
deep-layer near-projecting,Neuronal cells,NR4A3,117.8,2.095849902551093,52
deep-layer near-projecting,Neuronal cells,RAB3B,123.9,2.089266593364786,53
deep-layer near-projecting,Neuronal cells,TRIM22,118.2,2.075437459565077,54
deep-layer near-projecting,Neuronal cells,CDHR1,33.6,2.073349014713312,55
deep-layer near-projecting,Neuronal cells,SEMA5B,195.6,2.0661128175121335,56
deep-layer near-projecting,Neuronal cells,PLCXD2,41.4,2.0325339641483917,57
deep-layer near-projecting,Neuronal cells,CHRM2,443.8,2.027706057928519,58
deep-layer near-projecting,Neuronal cells,ETV1,348.0,2.0047428637480063,59
deep-layer near-projecting,Neuronal cells,RPH3A,388.0,1.9975071926684727,60
deep-layer near-projecting,Neuronal cells,HTR2C,2444.0,1.9871015593369714,61
deep-layer near-projecting,Neuronal cells,GDA,236.7,1.986763417003608,62
deep-layer near-projecting,Neuronal cells,HRH2,145.4,1.9836096108456445,63
deep-layer near-projecting,Neuronal cells,SOWAHB,5.8,1.9445048874082962,64
deep-layer near-projecting,Neuronal cells,GREM2,131.8,1.935491845361708,65
deep-layer near-projecting,Neuronal cells,AIRE,9.8,1.919698371909139,66
deep-layer near-projecting,Neuronal cells,C10orf82,7.1,1.9146023050035619,67
deep-layer near-projecting,Neuronal cells,KRTAP5-11,9.9,1.9086965983991995,68
deep-layer near-projecting,Neuronal cells,RAB26,147.5,1.8910800807610564,69
deep-layer near-projecting,Neuronal cells,PCDH11Y,187.4,1.8831739591236818,70
deep-layer near-projecting,Neuronal cells,WNT7B,10.5,1.8689042313986166,71
deep-layer near-projecting,Neuronal cells,GOLT1A,20.1,1.853352451769918,72
deep-layer near-projecting,Neuronal cells,RPRML,33.2,1.8502996924243713,73
deep-layer near-projecting,Neuronal cells,CDH13,987.4,1.8476041877326532,74
deep-layer near-projecting,Neuronal cells,LPIN3,18.6,1.8469266579592145,75
deep-layer near-projecting,Neuronal cells,CDH6,357.1,1.8410621767909134,76
deep-layer near-projecting,Neuronal cells,SDK2,150.0,1.839337246456138,77
deep-layer near-projecting,Neuronal cells,CALCRL,256.6,1.830044827698882,78
deep-layer near-projecting,Neuronal cells,OVOL2,26.2,1.8229491565448535,79
deep-layer near-projecting,Neuronal cells,MPPED1,141.3,1.819866971375416,80
deep-layer near-projecting,Neuronal cells,LDB2,1497.9,1.805303043167382,81
deep-layer near-projecting,Neuronal cells,KCNF1,34.8,1.8036960435027602,82
deep-layer near-projecting,Neuronal cells,ST6GAL2,265.1,1.8019270888731873,83
deep-layer near-projecting,Neuronal cells,CREB3L1,18.8,1.8018455017788768,84
deep-layer near-projecting,Neuronal cells,FAM89A,48.7,1.8002911536212118,85
deep-layer near-projecting,Neuronal cells,NPTX1,154.9,1.7926240214807478,86
deep-layer near-projecting,Neuronal cells,ZNF385B,1308.8,1.7876356151302084,87
deep-layer near-projecting,Neuronal cells,GRIN3A,241.7,1.776180095842162,88
deep-layer near-projecting,Neuronal cells,GFPT2,85.6,1.7729850060410413,89
deep-layer near-projecting,Neuronal cells,KCNB2,909.5,1.7702941934924115,90
deep-layer near-projecting,Neuronal cells,PDE9A,140.2,1.76877078264318,91
deep-layer near-projecting,Neuronal cells,SHC4,52.6,1.765355317839534,92
deep-layer near-projecting,Neuronal cells,ASIC2,327.8,1.7648993261247778,93
deep-layer near-projecting,Neuronal cells,SATB2,363.5,1.7643094827717414,94
deep-layer near-projecting,Neuronal cells,TTC9B,115.3,1.7629733330004962,95
deep-layer near-projecting,Neuronal cells,TLL1,490.8,1.7575935248292294,96
deep-layer near-projecting,Neuronal cells,OR3A2,27.7,1.7539738257295803,97
deep-layer near-projecting,Neuronal cells,AACS,134.5,1.7509606482218185,98
deep-layer near-projecting,Neuronal cells,GHR,456.9,1.7471568696626274,99
deep-layer near-projecting,Neuronal cells,NELL1,852.7,1.7453250576362862,100
deep-layer near-projecting,Neuronal cells,STYK1,44.8,1.7446861893126544,101
deep-layer near-projecting,Neuronal cells,PLPPR3,41.9,1.7421040447439733,102
deep-layer near-projecting,Neuronal cells,EML6,872.2,1.7416594421871665,103
deep-layer near-projecting,Neuronal cells,TMEM200A,49.6,1.7408299324448062,104
deep-layer near-projecting,Neuronal cells,BCL11A,372.3,1.736368444901016,105
deep-layer near-projecting,Neuronal cells,CPNE4,751.4,1.7315642267675548,106
deep-layer near-projecting,Neuronal cells,TRIM5,56.0,1.7244922818840747,107
deep-layer near-projecting,Neuronal cells,PLB1,38.4,1.7224660244710912,108
deep-layer near-projecting,Neuronal cells,MELTF,31.0,1.722466024471091,109
deep-layer near-projecting,Neuronal cells,GABRA3,173.2,1.7203143536160423,110
deep-layer near-projecting,Neuronal cells,ASXL3,333.8,1.7159738750829645,111
deep-layer near-projecting,Neuronal cells,CXXC4,117.1,1.7156413012956189,112
deep-layer near-projecting,Neuronal cells,ABLIM3,182.3,1.715243113010374,113
deep-layer near-projecting,Neuronal cells,FGFR1,237.1,1.7085967490302405,114
deep-layer near-projecting,Neuronal cells,PAPSS2,120.1,1.6985997527245718,115
deep-layer near-projecting,Neuronal cells,HS3ST2,149.3,1.6977226270266506,116
deep-layer near-projecting,Neuronal cells,ADCY2,1128.6,1.6872035066130529,117
deep-layer near-projecting,Neuronal cells,OCA2,169.3,1.68574743488102,118
deep-layer near-projecting,Neuronal cells,PDZRN4,723.1,1.6791312834381724,119
deep-layer near-projecting,Neuronal cells,CABP7,10.8,1.6755547581000823,120
deep-layer near-projecting,Neuronal cells,BCL11B,368.4,1.6592733138440554,121
deep-layer near-projecting,Neuronal cells,ABCC9,102.0,1.652610385678867,122
deep-layer near-projecting,Neuronal cells,CDH18,2243.4,1.6511342346018363,123
deep-layer near-projecting,Neuronal cells,BMPER,516.2,1.6452917715108692,124
deep-layer near-projecting,Neuronal cells,CACNB4,454.0,1.642925680181832,125
deep-layer near-projecting,Neuronal cells,TNFRSF11A,19.7,1.641824837676832,126
deep-layer near-projecting,Neuronal cells,SV2B,578.3,1.639972042712866,127
deep-layer near-projecting,Neuronal cells,ETV5,180.5,1.6392268641036711,128
deep-layer near-projecting,Neuronal cells,MYRIP,1081.7,1.6353904432882929,129
deep-layer near-projecting,Neuronal cells,PCDH17,331.7,1.63452881634032,130
deep-layer near-projecting,Neuronal cells,ERG,109.7,1.6253303215257464,131
deep-layer near-projecting,Neuronal cells,KRTCAP3,8.3,1.6192120626740663,132
deep-layer near-projecting,Neuronal cells,MUC3A,2.4,1.6082950045517799,133
deep-layer near-projecting,Neuronal cells,KHDRBS2,1939.0,1.5943971669074413,134
deep-layer near-projecting,Neuronal cells,DIP2A,344.6,1.5919621950641172,135
deep-layer near-projecting,Neuronal cells,GALNT12,33.0,1.5915351546446423,136
deep-layer near-projecting,Neuronal cells,PCP4,272.4,1.5869787121336387,137
deep-layer near-projecting,Neuronal cells,GPRIN2,6.0,1.584962500721156,138
deep-layer near-projecting,Neuronal cells,TBR1,12.9,1.5811932104231836,139
deep-layer near-projecting,Neuronal cells,PHF24,48.1,1.5756435929057553,140
deep-layer near-projecting,Neuronal cells,GALNT9,74.3,1.5736852888705464,141
deep-layer near-projecting,Neuronal cells,DIAPH3,43.0,1.5724972531019592,142
deep-layer near-projecting,Neuronal cells,SLC5A4,19.4,1.5677074706230612,143
deep-layer near-projecting,Neuronal cells,PAK5,595.1,1.5668371562076306,144
deep-layer near-projecting,Neuronal cells,CTNNBIP1,92.7,1.5631525315195585,145
deep-layer near-projecting,Neuronal cells,CHSY3,1206.2,1.5611178960120349,146
deep-layer near-projecting,Neuronal cells,SLC27A3,15.9,1.5534898524223273,147
deep-layer near-projecting,Neuronal cells,TSTD1,14.9,1.5483128997235476,148
deep-layer near-projecting,Neuronal cells,SLC22A10,126.0,1.5443348594813122,149
deep-layer near-projecting,Neuronal cells,RAB15,89.6,1.5407701845038715,150
deep-layer near-projecting,Neuronal cells,PRRG3,33.4,1.5318144165943801,151
deep-layer near-projecting,Neuronal cells,CDH11,622.7,1.5312181711337882,152
deep-layer near-projecting,Neuronal cells,ASIP,17.7,1.5285678120810453,153
deep-layer near-projecting,Neuronal cells,CHRNA4,22.8,1.5277008946543256,154
deep-layer near-projecting,Neuronal cells,IPCEF1,41.9,1.5274268496626893,155
deep-layer near-projecting,Neuronal cells,GABRG3,908.7,1.5232544199668214,156
deep-layer near-projecting,Neuronal cells,SH3RF3,562.0,1.5227051274677939,157
deep-layer near-projecting,Neuronal cells,HTR2A,101.4,1.516672775073934,158
deep-layer near-projecting,Neuronal cells,MYLIP,69.3,1.5134453491999005,159
deep-layer near-projecting,Neuronal cells,KCNT2,750.1,1.5125797704447037,160
deep-layer near-projecting,Neuronal cells,VASH2,27.2,1.4996351606328981,161
deep-layer near-projecting,Neuronal cells,FAM163B,59.2,1.4991153201097798,162
deep-layer near-projecting,Neuronal cells,GDNF,5.1,1.4973731904774512,163
deep-layer near-projecting,Neuronal cells,ELAVL4,319.1,1.4965624087530784,164
deep-layer near-projecting,Neuronal cells,EPB41L4B,195.7,1.4917572510076231,165
deep-layer near-projecting,Neuronal cells,BRI3BP,91.6,1.4855023678633013,166
deep-layer near-projecting,Neuronal cells,IL12RB2,71.0,1.484528458510014,167
deep-layer near-projecting,Neuronal cells,TOX,951.9,1.4828608080704797,168
deep-layer near-projecting,Neuronal cells,STX1A,74.8,1.482453836553151,169
deep-layer near-projecting,Neuronal cells,CDH8,838.1,1.4810413767107513,170
deep-layer near-projecting,Neuronal cells,CPZ,6.3,1.4776623557143833,171
deep-layer near-projecting,Neuronal cells,TRPM2,136.9,1.475827551444879,172
deep-layer near-projecting,Neuronal cells,MOXD1,47.9,1.4725212979501066,173
deep-layer near-projecting,Neuronal cells,BSPRY,11.8,1.4669652913227051,174
deep-layer near-projecting,Neuronal cells,CA7,17.1,1.4660891987070086,175
deep-layer near-projecting,Neuronal cells,TRIM58,13.1,1.465412595688026,176
deep-layer near-projecting,Neuronal cells,SIDT1,272.1,1.4622959021010193,177
deep-layer near-projecting,Neuronal cells,PLK2,94.7,1.4616946701458664,178
deep-layer near-projecting,Neuronal cells,EPCAM,15.7,1.4615929599267643,179
deep-layer near-projecting,Neuronal cells,FARP1,481.7,1.454980195827143,180
deep-layer near-projecting,Neuronal cells,DPT,9.8,1.4527678883562865,181
deep-layer near-projecting,Neuronal cells,SPOCK1,1225.2,1.4506245677744851,182
deep-layer near-projecting,Neuronal cells,ADAMTSL1,586.0,1.4465452298088877,183
deep-layer near-projecting,Neuronal cells,DAB1,2245.0,1.4457400173622534,184
deep-layer near-projecting,Neuronal cells,KIAA1671,269.6,1.4422514798734154,185
deep-layer near-projecting,Neuronal cells,KCNMB4,251.9,1.4406812546538414,186
deep-layer near-projecting,Neuronal cells,RASSF7,22.4,1.4405459017479136,187
deep-layer near-projecting,Neuronal cells,ADORA1,59.4,1.4404485152697242,188
deep-layer near-projecting,Neuronal cells,WFDC2,14.6,1.4395320611995925,189
deep-layer near-projecting,Neuronal cells,TSPAN1,4.3,1.4369242192277278,190
deep-layer near-projecting,Neuronal cells,EPHA1,4.6,1.4360072731259672,191
deep-layer near-projecting,Neuronal cells,SLC17A7,126.5,1.4313247649803515,192
deep-layer near-projecting,Neuronal cells,SDK1,968.9,1.4308352450639898,193
deep-layer near-projecting,Neuronal cells,CNTN4,1752.0,1.4303461752518403,194
deep-layer near-projecting,Neuronal cells,INSM2,4.5,1.4248743966009285,195
deep-layer near-projecting,Neuronal cells,IQGAP3,2.7,1.4241247499013447,196
deep-layer near-projecting,Neuronal cells,TMEM14A,145.5,1.4161818833274138,197
deep-layer near-projecting,Neuronal cells,MGAT4C,1368.6,1.4155483143678784,198
deep-layer near-projecting,Neuronal cells,SLC35F3,1017.2,1.413301044212709,199
deep-layer near-projecting,Neuronal cells,KCTD8,973.0,1.408070237388485,200
eccentric medium spiny neuron,Neuronal cells,NPFFR2,296.7,5.208998194249564,1
eccentric medium spiny neuron,Neuronal cells,OTOF,169.3,4.217924004824554,2
eccentric medium spiny neuron,Neuronal cells,PCDH11Y,571.7,3.860513778899288,3
eccentric medium spiny neuron,Neuronal cells,DRD1,118.5,3.8041756087768714,4
eccentric medium spiny neuron,Neuronal cells,PCDH11X,3107.9,3.719990106073239,5
eccentric medium spiny neuron,Neuronal cells,FOXP2,2928.9,3.6907229109457678,6
eccentric medium spiny neuron,Neuronal cells,RXFP1,431.9,3.6207591115573408,7
eccentric medium spiny neuron,Neuronal cells,GPR88,87.9,3.5366529800111204,8
eccentric medium spiny neuron,Neuronal cells,PBX3,1632.7,3.5340659910898324,9
eccentric medium spiny neuron,Neuronal cells,SIX3,48.3,3.464317146641295,10
eccentric medium spiny neuron,Neuronal cells,CASZ1,51.2,3.325785794789875,11
eccentric medium spiny neuron,Neuronal cells,MEIS2,2454.7,3.3166344016827645,12
eccentric medium spiny neuron,Neuronal cells,NMBR,30.8,3.1923701479671203,13
eccentric medium spiny neuron,Neuronal cells,RARB,647.3,3.178141693364929,14
eccentric medium spiny neuron,Neuronal cells,LOXHD1,53.4,3.1682383431648202,15
eccentric medium spiny neuron,Neuronal cells,GPR149,282.1,3.122127697620316,16
eccentric medium spiny neuron,Neuronal cells,PDYN,39.2,3.0955329683502546,17
eccentric medium spiny neuron,Neuronal cells,GFRA1,189.2,3.0715758569159473,18
eccentric medium spiny neuron,Neuronal cells,SV2C,542.8,3.070765618938168,19
eccentric medium spiny neuron,Neuronal cells,SYTL5,237.8,3.046661438764126,20
eccentric medium spiny neuron,Neuronal cells,KCNH4,65.1,3.0248832955210094,21
eccentric medium spiny neuron,Neuronal cells,DIRAS3,79.4,2.991974764465435,22
eccentric medium spiny neuron,Neuronal cells,TSHZ1,476.0,2.9302436465821,23
eccentric medium spiny neuron,Neuronal cells,PENK,116.6,2.8029378423901212,24
eccentric medium spiny neuron,Neuronal cells,SEMA6D,1517.4,2.750034834401197,25
eccentric medium spiny neuron,Neuronal cells,ISM2,10.0,2.738290991632774,26
eccentric medium spiny neuron,Neuronal cells,RGS9,180.9,2.733772594611146,27
eccentric medium spiny neuron,Neuronal cells,OPRM1,374.0,2.7156342333311603,28
eccentric medium spiny neuron,Neuronal cells,TAC1,293.8,2.711642469967765,29
eccentric medium spiny neuron,Neuronal cells,EYA2,217.0,2.696104516225972,30
eccentric medium spiny neuron,Neuronal cells,PDIA5,94.2,2.6662905557993937,31
eccentric medium spiny neuron,Neuronal cells,SEMA5B,277.9,2.6493450878260125,32
eccentric medium spiny neuron,Neuronal cells,PHACTR1,7764.7,2.563523382107943,33
eccentric medium spiny neuron,Neuronal cells,DRAXIN,15.1,2.5329606540592624,34
eccentric medium spiny neuron,Neuronal cells,NPPB,5.8,2.5208321633014403,35
eccentric medium spiny neuron,Neuronal cells,PRSS35,9.8,2.495500873344819,36
eccentric medium spiny neuron,Neuronal cells,EPHA6,3566.6,2.4419204809929163,37
eccentric medium spiny neuron,Neuronal cells,LUZP2,2215.3,2.4114499167404224,38
eccentric medium spiny neuron,Neuronal cells,SORCS2,372.5,2.39429398842687,39
eccentric medium spiny neuron,Neuronal cells,ERBB4,8570.1,2.3917788965053055,40
eccentric medium spiny neuron,Neuronal cells,TMEM196,168.3,2.38632607543132,41
eccentric medium spiny neuron,Neuronal cells,SLC35F1,2028.3,2.364648051628789,42
eccentric medium spiny neuron,Neuronal cells,SP9,16.9,2.3607917507909724,43
eccentric medium spiny neuron,Neuronal cells,SORCS1,1099.4,2.347003323649734,44
eccentric medium spiny neuron,Neuronal cells,IL17RE,31.6,2.3391963920584264,45
eccentric medium spiny neuron,Neuronal cells,HS6ST2,275.3,2.324921682825618,46
eccentric medium spiny neuron,Neuronal cells,MRAP2,137.7,2.3167680783359486,47
eccentric medium spiny neuron,Neuronal cells,GNAL,743.1,2.3126631994623663,48
eccentric medium spiny neuron,Neuronal cells,CHRM5,130.6,2.309952158641044,49
eccentric medium spiny neuron,Neuronal cells,VSTM2A,63.8,2.2885174536040314,50
eccentric medium spiny neuron,Neuronal cells,WFS1,81.8,2.2766574492444076,51
eccentric medium spiny neuron,Neuronal cells,SYT10,123.0,2.271350652260521,52
eccentric medium spiny neuron,Neuronal cells,DLK1,8.3,2.2526360523518676,53
eccentric medium spiny neuron,Neuronal cells,GABRG3,1425.8,2.245833981019021,54
eccentric medium spiny neuron,Neuronal cells,PEG10,216.7,2.2046492770339294,55
eccentric medium spiny neuron,Neuronal cells,NRG1,5760.1,2.2012475071571433,56
eccentric medium spiny neuron,Neuronal cells,OPN4,17.2,2.165248514232839,57
eccentric medium spiny neuron,Neuronal cells,WNT7A,19.9,2.155563495294926,58
eccentric medium spiny neuron,Neuronal cells,RASGRP1,296.2,2.1548236253014883,59
eccentric medium spiny neuron,Neuronal cells,SEMA3A,239.1,2.140832189059519,60
eccentric medium spiny neuron,Neuronal cells,ARHGAP18,297.7,2.1407593362597805,61
eccentric medium spiny neuron,Neuronal cells,ADCY5,336.9,2.1300368614907463,62
eccentric medium spiny neuron,Neuronal cells,UNC5D,2704.7,2.113136781299665,63
eccentric medium spiny neuron,Neuronal cells,CPNE5,137.1,2.084513861301358,64
eccentric medium spiny neuron,Neuronal cells,ALK,482.3,2.069575441465159,65
eccentric medium spiny neuron,Neuronal cells,DDN,27.2,2.068901821595537,66
eccentric medium spiny neuron,Neuronal cells,TRHDE,667.5,2.0687696946277896,67
eccentric medium spiny neuron,Neuronal cells,NGEF,179.7,2.049993719006016,68
eccentric medium spiny neuron,Neuronal cells,SOWAHA,26.6,2.0391764100874337,69
eccentric medium spiny neuron,Neuronal cells,LAMP5,129.1,2.037755940280816,70
eccentric medium spiny neuron,Neuronal cells,PTPRO,963.6,2.025468081189509,71
eccentric medium spiny neuron,Neuronal cells,VGF,99.6,2.0210999607031295,72
eccentric medium spiny neuron,Neuronal cells,SMIM32,5.5,2.0114794968857184,73
eccentric medium spiny neuron,Neuronal cells,RERG,460.9,2.002415551734385,74
eccentric medium spiny neuron,Neuronal cells,GNG4,136.9,2.0004756189806336,75
eccentric medium spiny neuron,Neuronal cells,PCDH10,238.1,1.9940697706524186,76
eccentric medium spiny neuron,Neuronal cells,RIMS2,4301.4,1.986379245006277,77
eccentric medium spiny neuron,Neuronal cells,NETO1,820.9,1.9856408624993729,78
eccentric medium spiny neuron,Neuronal cells,PDE1B,90.4,1.9756217201223136,79
eccentric medium spiny neuron,Neuronal cells,FAM110C,16.8,1.9732330904372146,80
eccentric medium spiny neuron,Neuronal cells,RGS8,52.2,1.9601252024608493,81
eccentric medium spiny neuron,Neuronal cells,BSPRY,16.4,1.954007882901348,82
eccentric medium spiny neuron,Neuronal cells,POU3F4,17.9,1.9528957648729581,83
eccentric medium spiny neuron,Neuronal cells,AHRR,46.5,1.9330113159115963,84
eccentric medium spiny neuron,Neuronal cells,NSG2,449.5,1.9268614210204993,85
eccentric medium spiny neuron,Neuronal cells,S100Z,53.4,1.9178414691979488,86
eccentric medium spiny neuron,Neuronal cells,ACTN2,230.7,1.9131732742925518,87
eccentric medium spiny neuron,Neuronal cells,TH,6.4,1.9117728169882648,88
eccentric medium spiny neuron,Neuronal cells,ANO3,608.3,1.9073857641432657,89
eccentric medium spiny neuron,Neuronal cells,SOX11,29.6,1.9019700027254207,90
eccentric medium spiny neuron,Neuronal cells,FRAS1,843.9,1.8967625247202062,91
eccentric medium spiny neuron,Neuronal cells,VWC2L,254.7,1.8772301374965785,92
eccentric medium spiny neuron,Neuronal cells,DLX2,7.6,1.8577903767695105,93
eccentric medium spiny neuron,Neuronal cells,FNDC9,8.8,1.8517490414160576,94
eccentric medium spiny neuron,Neuronal cells,CHRM1,26.6,1.8203225183474083,95
eccentric medium spiny neuron,Neuronal cells,OLFM3,1267.1,1.8197362391937697,96
eccentric medium spiny neuron,Neuronal cells,STRIP2,219.2,1.8161870550284251,97
eccentric medium spiny neuron,Neuronal cells,PDE10A,1685.1,1.8141420880477819,98
eccentric medium spiny neuron,Neuronal cells,CAMKV,141.1,1.8026247701452065,99
eccentric medium spiny neuron,Neuronal cells,NECAB1,680.8,1.7969121503173187,100
eccentric medium spiny neuron,Neuronal cells,TLL1,500.8,1.789643198769526,101
eccentric medium spiny neuron,Neuronal cells,PTPN5,188.1,1.7890571651857299,102
eccentric medium spiny neuron,Neuronal cells,OSBPL8,956.2,1.7828551316070285,103
eccentric medium spiny neuron,Neuronal cells,EGR3,17.5,1.7821722705953587,104
eccentric medium spiny neuron,Neuronal cells,GUCY1A1,384.0,1.7734186814322601,105
eccentric medium spiny neuron,Neuronal cells,PLCB1,4672.3,1.7684224838938514,106
eccentric medium spiny neuron,Neuronal cells,CACNG4,120.1,1.7573128037326737,107
eccentric medium spiny neuron,Neuronal cells,NPNT,68.4,1.7550528716304978,108
eccentric medium spiny neuron,Neuronal cells,NNAT,243.5,1.7534800927721883,109
eccentric medium spiny neuron,Neuronal cells,EGR4,11.3,1.7485038853726147,110
eccentric medium spiny neuron,Neuronal cells,LRP12,267.4,1.7448926295954137,111
eccentric medium spiny neuron,Neuronal cells,GPR158,1157.8,1.7256692035039534,112
eccentric medium spiny neuron,Neuronal cells,TENM1,586.7,1.721116507348174,113
eccentric medium spiny neuron,Neuronal cells,PLCXD3,347.8,1.7127375451346594,114
eccentric medium spiny neuron,Neuronal cells,KCNS2,11.4,1.7016742228660395,115
eccentric medium spiny neuron,Neuronal cells,CTSV,5.5,1.7004397181410922,116
eccentric medium spiny neuron,Neuronal cells,PCP4L1,53.2,1.6971364191983451,117
eccentric medium spiny neuron,Neuronal cells,NRGN,386.2,1.6966903986545165,118
eccentric medium spiny neuron,Neuronal cells,B3GALT1,22.7,1.6953298945335769,119
eccentric medium spiny neuron,Neuronal cells,PPP3CA,2631.6,1.6932104094591716,120
eccentric medium spiny neuron,Neuronal cells,TMEM35A,84.7,1.6888554167973602,121
eccentric medium spiny neuron,Neuronal cells,PDE8B,766.4,1.683517013030398,122
eccentric medium spiny neuron,Neuronal cells,PRR16,564.7,1.6726122782269832,123
eccentric medium spiny neuron,Neuronal cells,ILDR2,210.0,1.6687781535771036,124
eccentric medium spiny neuron,Neuronal cells,KCNJ4,30.9,1.6648392068890359,125
eccentric medium spiny neuron,Neuronal cells,DCX,164.6,1.662569070397335,126
eccentric medium spiny neuron,Neuronal cells,AARD,9.0,1.6617268666134124,127
eccentric medium spiny neuron,Neuronal cells,LRRC7,3794.5,1.6614267848034152,128
eccentric medium spiny neuron,Neuronal cells,SYNDIG1L,34.2,1.6583356870513757,129
eccentric medium spiny neuron,Neuronal cells,SMPD3,136.0,1.657905369342976,130
eccentric medium spiny neuron,Neuronal cells,BCL11B,367.9,1.6571323420138082,131
eccentric medium spiny neuron,Neuronal cells,TMEM47,120.9,1.649767888472562,132
eccentric medium spiny neuron,Neuronal cells,ACVR1C,86.0,1.6464023724864179,133
eccentric medium spiny neuron,Neuronal cells,TMEM91,11.9,1.6419934457575354,134
eccentric medium spiny neuron,Neuronal cells,WSCD2,132.9,1.6382391360710105,135
eccentric medium spiny neuron,Neuronal cells,CACNA2D3,1993.8,1.6373159619299227,136
eccentric medium spiny neuron,Neuronal cells,PIANP,79.5,1.634518325195388,137
eccentric medium spiny neuron,Neuronal cells,PCP4,280.7,1.6341177560922937,138
eccentric medium spiny neuron,Neuronal cells,EPHA10,80.7,1.6297981487872302,139
eccentric medium spiny neuron,Neuronal cells,LRRC55,10.6,1.6274146423454243,140
eccentric medium spiny neuron,Neuronal cells,HACD2,186.0,1.6235579697526652,141
eccentric medium spiny neuron,Neuronal cells,KCNIP4,18486.4,1.6194493323932302,142
eccentric medium spiny neuron,Neuronal cells,FOXG1,77.8,1.6148971003744288,143
eccentric medium spiny neuron,Neuronal cells,NAT16,7.3,1.613689678553759,144
eccentric medium spiny neuron,Neuronal cells,PMEPA1,150.5,1.6093200982323244,145
eccentric medium spiny neuron,Neuronal cells,LRRTM3,1250.1,1.6075087013178189,146
eccentric medium spiny neuron,Neuronal cells,SCN3A,647.2,1.6064478935463873,147
eccentric medium spiny neuron,Neuronal cells,LZTS1,82.8,1.6051359739763356,148
eccentric medium spiny neuron,Neuronal cells,SLC32A1,28.7,1.6049724614526506,149
eccentric medium spiny neuron,Neuronal cells,PLPPR3,38.3,1.6034351607926352,150
eccentric medium spiny neuron,Neuronal cells,PPP1R1B,84.3,1.6032207897621154,151
eccentric medium spiny neuron,Neuronal cells,GDNF,5.5,1.5971201151473915,152
eccentric medium spiny neuron,Neuronal cells,NIPAL1,27.3,1.5947277582654888,153
eccentric medium spiny neuron,Neuronal cells,SYNPR,825.3,1.5910226161402576,154
eccentric medium spiny neuron,Neuronal cells,ASPHD2,43.3,1.5834829651172877,155
eccentric medium spiny neuron,Neuronal cells,KCNIP2,100.3,1.5786323309948385,156
eccentric medium spiny neuron,Neuronal cells,TMEM120B,162.8,1.5782522791316038,157
eccentric medium spiny neuron,Neuronal cells,PLPPR5,236.8,1.5751237193822332,158
eccentric medium spiny neuron,Neuronal cells,EPCAM,16.9,1.5703823357889657,159
eccentric medium spiny neuron,Neuronal cells,TMEM158,61.7,1.5695658398756394,160
eccentric medium spiny neuron,Neuronal cells,DOC2B,30.3,1.5687124786399707,161
eccentric medium spiny neuron,Neuronal cells,SLC25A48,41.6,1.5684323957986706,162
eccentric medium spiny neuron,Neuronal cells,ST8SIA3,156.0,1.5640631268336618,163
eccentric medium spiny neuron,Neuronal cells,FSTL4,431.5,1.5573003999855735,164
eccentric medium spiny neuron,Neuronal cells,PDE7B,735.6,1.554849649211464,165
eccentric medium spiny neuron,Neuronal cells,EFNB3,37.2,1.5530446694087892,166
eccentric medium spiny neuron,Neuronal cells,SHISA7,69.9,1.5405179318942523,167
eccentric medium spiny neuron,Neuronal cells,SDK2,123.7,1.5362562542529345,168
eccentric medium spiny neuron,Neuronal cells,CDH4,326.9,1.5362369036892942,169
eccentric medium spiny neuron,Neuronal cells,ZNF831,80.8,1.5343917166688845,170
eccentric medium spiny neuron,Neuronal cells,CACNA1H,25.9,1.5280789655868674,171
eccentric medium spiny neuron,Neuronal cells,LRRN3,170.7,1.5254792352337638,172
eccentric medium spiny neuron,Neuronal cells,VWDE,34.6,1.5225952027984857,173
eccentric medium spiny neuron,Neuronal cells,JAKMIP1,276.4,1.51442458690441,174
eccentric medium spiny neuron,Neuronal cells,RBFOX1,12486.1,1.5119358389853363,175
eccentric medium spiny neuron,Neuronal cells,SUSD4,418.7,1.5110166069151623,176
eccentric medium spiny neuron,Neuronal cells,GABRA2,561.1,1.5047303527709674,177
eccentric medium spiny neuron,Neuronal cells,RYR2,3128.5,1.504194223755087,178
eccentric medium spiny neuron,Neuronal cells,PLPPR4,439.5,1.4996151576948173,179
eccentric medium spiny neuron,Neuronal cells,RNF112,56.3,1.4972707874086428,180
eccentric medium spiny neuron,Neuronal cells,RNF128,44.5,1.4963640594222924,181
eccentric medium spiny neuron,Neuronal cells,C11orf87,97.4,1.4950555283680185,182
eccentric medium spiny neuron,Neuronal cells,MKX,67.3,1.4891312895751148,183
eccentric medium spiny neuron,Neuronal cells,SPON1,272.0,1.4831418482889778,184
eccentric medium spiny neuron,Neuronal cells,KIRREL1,109.6,1.4778101479521515,185
eccentric medium spiny neuron,Neuronal cells,CAMK1G,33.1,1.4704027364583003,186
eccentric medium spiny neuron,Neuronal cells,GRM4,102.9,1.4659260767339461,187
eccentric medium spiny neuron,Neuronal cells,KCNN3,215.1,1.4623832259731138,188
eccentric medium spiny neuron,Neuronal cells,PPP1R14C,99.8,1.4565719644980566,189
eccentric medium spiny neuron,Neuronal cells,RSAD2,61.7,1.4546459211523504,190
eccentric medium spiny neuron,Neuronal cells,CHST2,24.7,1.4538289124079216,191
eccentric medium spiny neuron,Neuronal cells,DACH2,114.6,1.448965622001107,192
eccentric medium spiny neuron,Neuronal cells,DPYD,1317.0,1.4456960148123612,193
eccentric medium spiny neuron,Neuronal cells,RPS6KA6,176.3,1.440167558115449,194
eccentric medium spiny neuron,Neuronal cells,CENPVL3,4.5,1.439891432241652,195
eccentric medium spiny neuron,Neuronal cells,GABRA3,144.6,1.438121112391885,196
eccentric medium spiny neuron,Neuronal cells,PRPS2,28.7,1.430180029703602,197
eccentric medium spiny neuron,Neuronal cells,NRSN1,261.5,1.4197695746172696,198
eccentric medium spiny neuron,Neuronal cells,GPR176,113.5,1.4173174739054204,199
eccentric medium spiny neuron,Neuronal cells,IVNS1ABP,109.7,1.4157880491301684,200
endothelial cell,Endothelial and mural cells,FLT1,3142.1,7.880351242269477,1
endothelial cell,Endothelial and mural cells,ABCG2,1911.5,7.724534426457954,2
endothelial cell,Endothelial and mural cells,VWF,1181.2,7.551906581750981,3
endothelial cell,Endothelial and mural cells,MECOM,3226.1,7.543827935368292,4
endothelial cell,Endothelial and mural cells,ZNF366,348.7,7.168837773601249,5
endothelial cell,Endothelial and mural cells,TIE1,263.3,7.1362304237257845,6
endothelial cell,Endothelial and mural cells,ABCB1,4738.8,7.040199793703264,7
endothelial cell,Endothelial and mural cells,CD34,241.9,7.019077866089946,8
endothelial cell,Endothelial and mural cells,SOX18,248.5,6.917707231571006,9
endothelial cell,Endothelial and mural cells,CLDN5,1608.8,6.879116896127644,10
endothelial cell,Endothelial and mural cells,MYCT1,151.9,6.828350944369153,11
endothelial cell,Endothelial and mural cells,SLC38A5,334.8,6.766258788219789,12
endothelial cell,Endothelial and mural cells,TM4SF18,219.3,6.647810714157041,13
endothelial cell,Endothelial and mural cells,MFSD2A,392.2,6.327230242947239,14
endothelial cell,Endothelial and mural cells,NOTCH4,141.3,6.285494389125233,15
endothelial cell,Endothelial and mural cells,ATP10A,2806.9,6.2236619065112855,16
endothelial cell,Endothelial and mural cells,ST6GALNAC1,107.8,6.204078998526451,17
endothelial cell,Endothelial and mural cells,ITM2A,909.6,6.2029960715851304,18
endothelial cell,Endothelial and mural cells,ANO2,1260.0,6.148759381658166,19
endothelial cell,Endothelial and mural cells,EMCN,806.0,6.0674604319991285,20
endothelial cell,Endothelial and mural cells,TGM2,270.7,6.0630994476759525,21
endothelial cell,Endothelial and mural cells,PMAIP1,105.1,5.997570977312692,22
endothelial cell,Endothelial and mural cells,IFI27,904.1,5.997196386694654,23
endothelial cell,Endothelial and mural cells,CYYR1,451.9,5.993383645380059,24
endothelial cell,Endothelial and mural cells,RAMP2,400.5,5.975973873809371,25
endothelial cell,Endothelial and mural cells,ROBO4,175.1,5.96703852680701,26
endothelial cell,Endothelial and mural cells,ERG,838.9,5.929062252986664,27
endothelial cell,Endothelial and mural cells,SLC19A3,265.3,5.88698361688094,28
endothelial cell,Endothelial and mural cells,NOSTRIN,577.6,5.875633185213027,29
endothelial cell,Endothelial and mural cells,EDN1,140.5,5.868928764149722,30
endothelial cell,Endothelial and mural cells,CLEC14A,157.6,5.836367386965487,31
endothelial cell,Endothelial and mural cells,SEMA3G,98.3,5.740300763196046,32
endothelial cell,Endothelial and mural cells,SLC52A3,57.2,5.733414435379566,33
endothelial cell,Endothelial and mural cells,SLC2A1,678.3,5.700085795454312,34
endothelial cell,Endothelial and mural cells,ANXA3,341.4,5.691123600711506,35
endothelial cell,Endothelial and mural cells,TNFSF10,285.4,5.686645548892132,36
endothelial cell,Endothelial and mural cells,SLC7A5,994.5,5.667611443688379,37
endothelial cell,Endothelial and mural cells,ADGRF5,767.0,5.647503966789869,38
endothelial cell,Endothelial and mural cells,ID1,608.4,5.647102463264943,39
endothelial cell,Endothelial and mural cells,ALPL,166.4,5.622907369103371,40
endothelial cell,Endothelial and mural cells,ADGRL4,529.5,5.608969125203057,41
endothelial cell,Endothelial and mural cells,SRARP,81.0,5.602340701523868,42
endothelial cell,Endothelial and mural cells,ADCY4,108.9,5.595623004924442,43
endothelial cell,Endothelial and mural cells,FOXF1,55.5,5.586588334473876,44
endothelial cell,Endothelial and mural cells,CAVIN2,237.5,5.583808146737613,45
endothelial cell,Endothelial and mural cells,TRPM6,369.5,5.537708172816409,46
endothelial cell,Endothelial and mural cells,HSPA12B,104.9,5.530638569129717,47
endothelial cell,Endothelial and mural cells,SLCO2A1,144.5,5.482419279168687,48
endothelial cell,Endothelial and mural cells,ACVRL1,100.5,5.463702056015526,49
endothelial cell,Endothelial and mural cells,NOS3,82.2,5.459431618637297,50
endothelial cell,Endothelial and mural cells,CLEC3B,655.3,5.421609372503672,51
endothelial cell,Endothelial and mural cells,EGFL7,586.0,5.384251802709865,52
endothelial cell,Endothelial and mural cells,PODXL,580.7,5.382721967083157,53
endothelial cell,Endothelial and mural cells,ICAM2,176.0,5.375521151092281,54
endothelial cell,Endothelial and mural cells,SOX17,52.6,5.325848464258705,55
endothelial cell,Endothelial and mural cells,LSR,195.4,5.313317084554706,56
endothelial cell,Endothelial and mural cells,C2CD4B,44.2,5.302330657552568,57
endothelial cell,Endothelial and mural cells,CXCL2,89.8,5.282227971067106,58
endothelial cell,Endothelial and mural cells,GBP4,139.1,5.238069325899339,59
endothelial cell,Endothelial and mural cells,ELOVL7,1911.7,5.201627918436975,60
endothelial cell,Endothelial and mural cells,TM4SF1,244.0,5.180779251988634,61
endothelial cell,Endothelial and mural cells,ARHGEF15,56.2,5.154416906686282,62
endothelial cell,Endothelial and mural cells,RAMP3,143.3,5.138370267567468,63
endothelial cell,Endothelial and mural cells,RNF144B,655.8,5.1313079272114095,64
endothelial cell,Endothelial and mural cells,PECAM1,446.3,5.128052048405363,65
endothelial cell,Endothelial and mural cells,CGNL1,760.9,5.101955050060264,66
endothelial cell,Endothelial and mural cells,FLI1,1439.5,5.100557069036907,67
endothelial cell,Endothelial and mural cells,DEPP1,158.4,5.096928583658155,68
endothelial cell,Endothelial and mural cells,GPCPD1,2622.5,5.096350414993991,69
endothelial cell,Endothelial and mural cells,PTGS2,100.5,5.054378207931076,70
endothelial cell,Endothelial and mural cells,MMRN2,112.1,5.043119090516392,71
endothelial cell,Endothelial and mural cells,SLC1A7,53.8,5.026082241081512,72
endothelial cell,Endothelial and mural cells,SLC7A1,1091.3,4.980706026048361,73
endothelial cell,Endothelial and mural cells,ENG,451.0,4.973700842231571,74
endothelial cell,Endothelial and mural cells,GPR85,588.1,4.965992092003114,75
endothelial cell,Endothelial and mural cells,CDA,44.2,4.951683745543679,76
endothelial cell,Endothelial and mural cells,SMAD6,273.0,4.938344190144605,77
endothelial cell,Endothelial and mural cells,EPAS1,1673.4,4.904026598481193,78
endothelial cell,Endothelial and mural cells,LAMA3,542.0,4.899182071457181,79
endothelial cell,Endothelial and mural cells,HEG1,788.5,4.885372815898509,80
endothelial cell,Endothelial and mural cells,GIMAP7,225.8,4.86967094941332,81
endothelial cell,Endothelial and mural cells,ITGA6,920.9,4.845736664671184,82
endothelial cell,Endothelial and mural cells,KLF2,567.9,4.841294569341268,83
endothelial cell,Endothelial and mural cells,MYLK2,33.2,4.832890014164741,84
endothelial cell,Endothelial and mural cells,PRX,53.4,4.830360765626244,85
endothelial cell,Endothelial and mural cells,RASIP1,104.8,4.7865963618908065,86
endothelial cell,Endothelial and mural cells,TEK,417.7,4.764914662045401,87
endothelial cell,Endothelial and mural cells,FGD5,240.3,4.7501123383802835,88
endothelial cell,Endothelial and mural cells,ADGRG6,268.7,4.746305634098306,89
endothelial cell,Endothelial and mural cells,CASP10,170.8,4.708094102824643,90
endothelial cell,Endothelial and mural cells,LIMS2,308.4,4.700807143341318,91
endothelial cell,Endothelial and mural cells,BTNL9,549.0,4.691122161435467,92
endothelial cell,Endothelial and mural cells,HLA-E,878.4,4.684323477488063,93
endothelial cell,Endothelial and mural cells,PLA1A,78.6,4.678203724295049,94
endothelial cell,Endothelial and mural cells,HYAL2,142.4,4.652172515331822,95
endothelial cell,Endothelial and mural cells,MATN3,57.3,4.648663425056016,96
endothelial cell,Endothelial and mural cells,TCN2,122.1,4.625260545421285,97
endothelial cell,Endothelial and mural cells,AFAP1L1,110.3,4.622567454416972,98
endothelial cell,Endothelial and mural cells,SLC39A8,341.3,4.620532769692604,99
endothelial cell,Endothelial and mural cells,A2M,1846.2,4.598143621716882,100
endothelial cell,Endothelial and mural cells,BST2,258.9,4.5900683174675905,101
endothelial cell,Endothelial and mural cells,LEF1,1148.3,4.585772955478129,102
endothelial cell,Endothelial and mural cells,BCL6B,24.6,4.576788569275456,103
endothelial cell,Endothelial and mural cells,SLC9A3R2,252.0,4.567546277076994,104
endothelial cell,Endothelial and mural cells,OCLN,113.3,4.564567893582461,105
endothelial cell,Endothelial and mural cells,KDR,114.8,4.560926387045124,106
endothelial cell,Endothelial and mural cells,FLT4,32.6,4.560194595572214,107
endothelial cell,Endothelial and mural cells,CD320,323.2,4.541527353498071,108
endothelial cell,Endothelial and mural cells,FOXQ1,122.7,4.538125428326447,109
endothelial cell,Endothelial and mural cells,TMEM88,70.6,4.536688050547014,110
endothelial cell,Endothelial and mural cells,CCDC68,136.6,4.535493824456856,111
endothelial cell,Endothelial and mural cells,PLAT,233.4,4.533950595717585,112
endothelial cell,Endothelial and mural cells,IFI44L,501.3,4.521544139604571,113
endothelial cell,Endothelial and mural cells,SLCO1A2,830.6,4.513759303176491,114
endothelial cell,Endothelial and mural cells,ESAM,194.5,4.512801261219229,115
endothelial cell,Endothelial and mural cells,TDRD10,51.7,4.489863514851257,116
endothelial cell,Endothelial and mural cells,LMO2,455.8,4.4733953400103195,117
endothelial cell,Endothelial and mural cells,XAF1,566.3,4.461552418479551,118
endothelial cell,Endothelial and mural cells,ITPR3,100.5,4.416948287315784,119
endothelial cell,Endothelial and mural cells,KANK3,181.6,4.409223352103159,120
endothelial cell,Endothelial and mural cells,VEGFC,210.0,4.383950356881053,121
endothelial cell,Endothelial and mural cells,GIMAP8,127.2,4.3763444010113055,122
endothelial cell,Endothelial and mural cells,EMP1,133.1,4.375495918503751,123
endothelial cell,Endothelial and mural cells,KLF4,101.2,4.374462058221048,124
endothelial cell,Endothelial and mural cells,SLC39A10,2874.0,4.368896269920132,125
endothelial cell,Endothelial and mural cells,GIMAP6,49.5,4.3609755927803375,126
endothelial cell,Endothelial and mural cells,FAM110D,32.0,4.339253971047645,127
endothelial cell,Endothelial and mural cells,THSD4,1745.1,4.331758697654743,128
endothelial cell,Endothelial and mural cells,GIMAP1,82.1,4.288799492508899,129
endothelial cell,Endothelial and mural cells,MEDAG,35.9,4.281852278486231,130
endothelial cell,Endothelial and mural cells,ID3,562.7,4.260890814180172,131
endothelial cell,Endothelial and mural cells,APOL3,72.8,4.24431848133761,132
endothelial cell,Endothelial and mural cells,ETS2,528.4,4.2377401207062535,133
endothelial cell,Endothelial and mural cells,NFKBIA,393.4,4.232239599912452,134
endothelial cell,Endothelial and mural cells,SLC30A1,224.4,4.2230261551664885,135
endothelial cell,Endothelial and mural cells,CLIC5,204.7,4.2134864975443,136
endothelial cell,Endothelial and mural cells,PTPRB,1515.8,4.212732771920093,137
endothelial cell,Endothelial and mural cells,FOXL2,18.5,4.204641206898412,138
endothelial cell,Endothelial and mural cells,TMEM204,130.7,4.185846628350162,139
endothelial cell,Endothelial and mural cells,CXCL3,25.5,4.166464706726672,140
endothelial cell,Endothelial and mural cells,IGFBP3,105.8,4.134265149683391,141
endothelial cell,Endothelial and mural cells,STOM,560.8,4.113429469716293,142
endothelial cell,Endothelial and mural cells,ARAP3,96.5,4.112565622000033,143
endothelial cell,Endothelial and mural cells,FGR,71.5,4.101216458392328,144
endothelial cell,Endothelial and mural cells,PLA2G4A,394.2,4.0979435876351875,145
endothelial cell,Endothelial and mural cells,PRKCH,1433.4,4.096779588896641,146
endothelial cell,Endothelial and mural cells,SLCO2B1,577.9,4.093570144723575,147
endothelial cell,Endothelial and mural cells,IL4R,197.2,4.083497938495838,148
endothelial cell,Endothelial and mural cells,IFIH1,118.9,4.071724457548379,149
endothelial cell,Endothelial and mural cells,DUSP5,102.9,4.055545440894557,150
endothelial cell,Endothelial and mural cells,GALNT15,311.0,4.055301702390537,151
endothelial cell,Endothelial and mural cells,COBLL1,2638.0,4.045022941221227,152
endothelial cell,Endothelial and mural cells,PTGES,25.0,4.0196380202728825,153
endothelial cell,Endothelial and mural cells,CARD10,30.4,4.017086773362718,154
endothelial cell,Endothelial and mural cells,EMP2,251.9,3.9868016672864504,155
endothelial cell,Endothelial and mural cells,AIF1L,139.2,3.967746225248752,156
endothelial cell,Endothelial and mural cells,MEGF6,50.8,3.9671247213731027,157
endothelial cell,Endothelial and mural cells,TMEM45B,57.2,3.9613123778638983,158
endothelial cell,Endothelial and mural cells,TNFRSF10A,53.1,3.9589719765095817,159
endothelial cell,Endothelial and mural cells,EDN3,95.4,3.957283455588415,160
endothelial cell,Endothelial and mural cells,DUSP1,653.9,3.9503762948076018,161
endothelial cell,Endothelial and mural cells,GRAP,22.6,3.9158099132970405,162
endothelial cell,Endothelial and mural cells,MYO10,689.7,3.8940734449277152,163
endothelial cell,Endothelial and mural cells,DACT2,38.9,3.893476167025781,164
endothelial cell,Endothelial and mural cells,THBD,27.8,3.8923910259134034,165
endothelial cell,Endothelial and mural cells,NET1,415.6,3.874546076017186,166
endothelial cell,Endothelial and mural cells,PARP9,224.8,3.8723409348470987,167
endothelial cell,Endothelial and mural cells,SOX7,52.5,3.8586757479332343,168
endothelial cell,Endothelial and mural cells,GPR146,52.2,3.850563102145915,169
endothelial cell,Endothelial and mural cells,EPSTI1,317.8,3.845596333009838,170
endothelial cell,Endothelial and mural cells,CLEC2B,152.7,3.83709870998828,171
endothelial cell,Endothelial and mural cells,HHEX,34.8,3.8260372112571623,172
endothelial cell,Endothelial and mural cells,GNG11,203.7,3.8130685732519973,173
endothelial cell,Endothelial and mural cells,IFI44,281.1,3.807463407604212,174
endothelial cell,Endothelial and mural cells,THSD1,105.6,3.8066169076971215,175
endothelial cell,Endothelial and mural cells,MLKL,57.5,3.8041450334409617,176
endothelial cell,Endothelial and mural cells,CCM2L,102.2,3.8035473319855235,177
endothelial cell,Endothelial and mural cells,CLIC4,719.9,3.796161185586862,178
endothelial cell,Endothelial and mural cells,SRGN,465.6,3.7834740817133907,179
endothelial cell,Endothelial and mural cells,HBB,66.8,3.7788793333763575,180
endothelial cell,Endothelial and mural cells,PERP,97.8,3.76394266044725,181
endothelial cell,Endothelial and mural cells,APOL1,30.4,3.761586040214332,182
endothelial cell,Endothelial and mural cells,JCAD,444.2,3.7614867910306167,183
endothelial cell,Endothelial and mural cells,LRRC32,74.0,3.7520049936303472,184
endothelial cell,Endothelial and mural cells,PDGFB,165.6,3.743751789116947,185
endothelial cell,Endothelial and mural cells,S1PR1,85.0,3.7386610874168094,186
endothelial cell,Endothelial and mural cells,NXN,640.1,3.7371679119344208,187
endothelial cell,Endothelial and mural cells,PALMD,593.9,3.736355772385246,188
endothelial cell,Endothelial and mural cells,CA4,253.1,3.736042551839757,189
endothelial cell,Endothelial and mural cells,GPIHBP1,32.9,3.731859159428401,190
endothelial cell,Endothelial and mural cells,OAS3,49.9,3.7207664031778487,191
endothelial cell,Endothelial and mural cells,PRTG,282.9,3.7156725644192545,192
endothelial cell,Endothelial and mural cells,CMTM8,300.9,3.7153156957376825,193
endothelial cell,Endothelial and mural cells,NES,73.9,3.7082823798674434,194
endothelial cell,Endothelial and mural cells,WWTR1,964.7,3.7081062940639655,195
endothelial cell,Endothelial and mural cells,TFRC,425.2,3.6956368916386495,196
endothelial cell,Endothelial and mural cells,MAOA,246.7,3.6942052539299017,197
endothelial cell,Endothelial and mural cells,SLC38A3,71.9,3.682263886026204,198
endothelial cell,Endothelial and mural cells,FOXC1,128.4,3.6763836339895466,199
endothelial cell,Endothelial and mural cells,ZFP36,227.9,3.6737581254694254,200
ependymal cell,Ciliated cells,CFAP73,549.1,6.929744268421679,1
ependymal cell,Ciliated cells,CAPS,990.8,6.570358201975079,2
ependymal cell,Ciliated cells,MAP3K19,509.7,6.531347219268818,3
ependymal cell,Ciliated cells,ROPN1L,359.6,6.0174418896794455,4
ependymal cell,Ciliated cells,DNAH12,1354.1,5.997366611797436,5
ependymal cell,Ciliated cells,CFAP52,591.8,5.9717814120389185,6
ependymal cell,Ciliated cells,DNAH9,3176.0,5.963168666763942,7
ependymal cell,Ciliated cells,ZMYND10,205.6,5.894627329466608,8
ependymal cell,Ciliated cells,LRRC46,107.0,5.840438946278682,9
ependymal cell,Ciliated cells,PRR29,174.0,5.711624817506988,10
ependymal cell,Ciliated cells,DYDC2,132.9,5.705116205350566,11
ependymal cell,Ciliated cells,C7orf57,162.7,5.647091263080102,12
ependymal cell,Ciliated cells,OR5V1,85.8,5.555646933896601,13
ependymal cell,Ciliated cells,C10orf105,66.9,5.550795075622437,14
ependymal cell,Ciliated cells,CFAP65,230.1,5.533947043404458,15
ependymal cell,Ciliated cells,TUBA4B,71.5,5.490948868759561,16
ependymal cell,Ciliated cells,MUSK,245.7,5.444885265913419,17
ependymal cell,Ciliated cells,TPPP3,315.8,5.409894719841981,18
ependymal cell,Ciliated cells,SPATA18,254.1,5.376822844159787,19
ependymal cell,Ciliated cells,DCDC1,2099.3,5.3551519353333505,20
ependymal cell,Ciliated cells,WDR38,49.5,5.352108355026115,21
ependymal cell,Ciliated cells,DYNLRB2,313.5,5.343001975883456,22
ependymal cell,Ciliated cells,PPP1R42,671.9,5.337191948647389,23
ependymal cell,Ciliated cells,C6orf118,360.2,5.334522186074522,24
ependymal cell,Ciliated cells,DLEC1,243.5,5.30001286919805,25
ependymal cell,Ciliated cells,C22orf15,42.5,5.293565871810501,26
ependymal cell,Ciliated cells,TEKT4,56.4,5.287460108959652,27
ependymal cell,Ciliated cells,PIFO,179.8,5.235216461694031,28
ependymal cell,Ciliated cells,RSPH1,653.9,5.20427578238086,29
ependymal cell,Ciliated cells,C5orf49,214.0,5.180824408883042,30
ependymal cell,Ciliated cells,ZBBX,1171.6,5.180409700971921,31
ependymal cell,Ciliated cells,DNAJB13,113.2,5.160081903084082,32
ependymal cell,Ciliated cells,CCDC78,140.4,5.126256231693801,33
ependymal cell,Ciliated cells,LRRIQ1,1608.5,5.060528892029756,34
ependymal cell,Ciliated cells,AGBL2,120.0,5.052764524344333,35
ependymal cell,Ciliated cells,CCDC153,59.3,5.001958853038056,36
ependymal cell,Ciliated cells,VWA3A,911.9,4.99407869885551,37
ependymal cell,Ciliated cells,DNAH5,607.6,4.993620918416673,38
ependymal cell,Ciliated cells,C11orf16,70.5,4.990918174403401,39
ependymal cell,Ciliated cells,EFCAB12,148.0,4.990233253258942,40
ependymal cell,Ciliated cells,CCDC170,486.2,4.976149727562062,41
ependymal cell,Ciliated cells,RGS22,590.4,4.937688026935128,42
ependymal cell,Ciliated cells,SPAG8,346.8,4.9346077617780635,43
ependymal cell,Ciliated cells,MORN5,112.1,4.880576524207465,44
ependymal cell,Ciliated cells,WDR93,191.6,4.858412338211689,45
ependymal cell,Ciliated cells,HYDIN,1758.1,4.847592861500369,46
ependymal cell,Ciliated cells,BBOX1,264.9,4.817435836229929,47
ependymal cell,Ciliated cells,DRC1,321.6,4.792283038848569,48
ependymal cell,Ciliated cells,WDR49,1727.6,4.7787331060230525,49
ependymal cell,Ciliated cells,EFHB,166.6,4.771494360398455,50
ependymal cell,Ciliated cells,DNAH2,211.4,4.714338143587691,51
ependymal cell,Ciliated cells,ENTPD2,104.6,4.675160309692735,52
ependymal cell,Ciliated cells,CABCOCO1,445.5,4.670986742415921,53
ependymal cell,Ciliated cells,SERPINI2,729.7,4.656813625911852,54
ependymal cell,Ciliated cells,PPP1R32,103.0,4.590015728447441,55
ependymal cell,Ciliated cells,CFAP53,181.9,4.538047763659289,56
ependymal cell,Ciliated cells,AGT,438.0,4.501896315000654,57
ependymal cell,Ciliated cells,FANK1,642.3,4.474234015259813,58
ependymal cell,Ciliated cells,AK1,580.6,4.438580926240797,59
ependymal cell,Ciliated cells,DNALI1,177.9,4.437291276858711,60
ependymal cell,Ciliated cells,CFAP44,1447.2,4.427965332042808,61
ependymal cell,Ciliated cells,PLTP,336.0,4.414475458020547,62
ependymal cell,Ciliated cells,CD24,145.3,4.389183172054629,63
ependymal cell,Ciliated cells,DNAH7,2037.1,4.388012324951918,64
ependymal cell,Ciliated cells,PIH1D2,116.2,4.386621464376505,65
ependymal cell,Ciliated cells,AK8,261.3,4.36659724904617,66
ependymal cell,Ciliated cells,CFAP206,116.5,4.3269597819750425,67
ependymal cell,Ciliated cells,GMPR,333.0,4.316701880003944,68
ependymal cell,Ciliated cells,TP73,48.5,4.31619873481998,69
ependymal cell,Ciliated cells,FABP6,136.7,4.265303049519571,70
ependymal cell,Ciliated cells,KIF19,54.9,4.25521921336587,71
ependymal cell,Ciliated cells,EFHC2,415.5,4.226341014976493,72
ependymal cell,Ciliated cells,TEKT2,32.9,4.211130843169718,73
ependymal cell,Ciliated cells,PPIL6,421.1,4.2106708582887284,74
ependymal cell,Ciliated cells,RNF43,241.8,4.1919147426536085,75
ependymal cell,Ciliated cells,MNS1,263.8,4.174588302288872,76
ependymal cell,Ciliated cells,CFAP70,1161.9,4.171877449217073,77
ependymal cell,Ciliated cells,CFAP61,616.6,4.153035379362277,78
ependymal cell,Ciliated cells,CCDC74B,51.3,4.116508540174384,79
ependymal cell,Ciliated cells,PAMR1,747.5,4.107530411223217,80
ependymal cell,Ciliated cells,RIBC1,33.2,4.102497073922022,81
ependymal cell,Ciliated cells,SCIN,163.0,4.083177381293806,82
ependymal cell,Ciliated cells,C2orf73,224.4,4.082989364671032,83
ependymal cell,Ciliated cells,CETN2,192.1,4.079943318696321,84
ependymal cell,Ciliated cells,IRX3,46.8,4.0174829652568596,85
ependymal cell,Ciliated cells,TEX26,104.1,3.9898446583298415,86
ependymal cell,Ciliated cells,EYA4,957.0,3.983718492686405,87
ependymal cell,Ciliated cells,WFDC3,44.9,3.975352474928802,88
ependymal cell,Ciliated cells,CCDC8,33.0,3.9459904152974588,89
ependymal cell,Ciliated cells,FBXO15,237.3,3.9122943671764676,90
ependymal cell,Ciliated cells,MLC1,178.9,3.9024502985796152,91
ependymal cell,Ciliated cells,LAMA1,223.9,3.895505577471156,92
ependymal cell,Ciliated cells,CRB2,128.1,3.8639533505271575,93
ependymal cell,Ciliated cells,SOX9,258.3,3.863445547653489,94
ependymal cell,Ciliated cells,C9orf24,273.7,3.8600115639778187,95
ependymal cell,Ciliated cells,LRRC23,202.7,3.854230030919812,96
ependymal cell,Ciliated cells,CFAP46,519.4,3.840135007934645,97
ependymal cell,Ciliated cells,CCDC40,301.8,3.8349922629156805,98
ependymal cell,Ciliated cells,WFDC10B,29.3,3.819962552748407,99
ependymal cell,Ciliated cells,GYG2,212.8,3.8043725845524254,100
ependymal cell,Ciliated cells,SPA17,119.3,3.798551014952811,101
ependymal cell,Ciliated cells,NEK11,1507.8,3.7950179551886625,102
ependymal cell,Ciliated cells,COL8A1,408.2,3.7875133216367143,103
ependymal cell,Ciliated cells,TOGARAM2,773.7,3.7859294873447116,104
ependymal cell,Ciliated cells,TMEM232,3784.4,3.7854243715933307,105
ependymal cell,Ciliated cells,IQUB,213.8,3.7755504953513586,106
ependymal cell,Ciliated cells,HSPB8,288.9,3.7732129611050946,107
ependymal cell,Ciliated cells,IQCD,71.4,3.7579703787931926,108
ependymal cell,Ciliated cells,SPEF2,1106.5,3.7489961329575245,109
ependymal cell,Ciliated cells,NKX6-1,37.9,3.748663541421534,110
ependymal cell,Ciliated cells,GABRG1,484.2,3.7291418686662388,111
ependymal cell,Ciliated cells,RFX2,729.6,3.7272922867522817,112
ependymal cell,Ciliated cells,IQCG,356.3,3.7256189273871523,113
ependymal cell,Ciliated cells,CFAP221,756.8,3.724752387930424,114
ependymal cell,Ciliated cells,TGIF1,73.2,3.7240223299519917,115
ependymal cell,Ciliated cells,C4orf47,668.6,3.723500585319218,116
ependymal cell,Ciliated cells,RSPH9,76.9,3.7110291799539517,117
ependymal cell,Ciliated cells,C20orf96,129.8,3.7057974256852617,118
ependymal cell,Ciliated cells,C2orf81,114.5,3.6735897333510827,119
ependymal cell,Ciliated cells,TMEM231,110.8,3.651462339358431,120
ependymal cell,Ciliated cells,KIF6,477.7,3.6391468667495963,121
ependymal cell,Ciliated cells,ZNF19,241.4,3.63494716819324,122
ependymal cell,Ciliated cells,EFCAB6,804.5,3.6323821962480505,123
ependymal cell,Ciliated cells,GLB1L,38.6,3.6307234558435155,124
ependymal cell,Ciliated cells,CCDC103,27.1,3.6280736541961365,125
ependymal cell,Ciliated cells,ANXA1,259.6,3.6267293892029056,126
ependymal cell,Ciliated cells,ENKUR,194.3,3.626589124427793,127
ependymal cell,Ciliated cells,ID4,321.9,3.6211145353583465,128
ependymal cell,Ciliated cells,SPATA4,36.1,3.6081259420284852,129
ependymal cell,Ciliated cells,MT1G,61.4,3.580764956180499,130
ependymal cell,Ciliated cells,CRISPLD1,217.3,3.580463541624567,131
ependymal cell,Ciliated cells,MT1F,76.1,3.5803768513128156,132
ependymal cell,Ciliated cells,CCDC146,801.1,3.578876306830489,133
ependymal cell,Ciliated cells,PLEKHG4B,103.6,3.568753674505088,134
ependymal cell,Ciliated cells,TEX9,500.8,3.5664205434100924,135
ependymal cell,Ciliated cells,TTC23L,317.5,3.562692886347594,136
ependymal cell,Ciliated cells,GPR39,155.1,3.561544182959863,137
ependymal cell,Ciliated cells,STK33,1309.6,3.5584484417616844,138
ependymal cell,Ciliated cells,RORC,21.7,3.5512704857023736,139
ependymal cell,Ciliated cells,PLEKHA7,620.6,3.541811865697047,140
ependymal cell,Ciliated cells,FAM181A,27.7,3.529820946528695,141
ependymal cell,Ciliated cells,GJA1,388.5,3.524589330734816,142
ependymal cell,Ciliated cells,IQCH,475.9,3.519451776195156,143
ependymal cell,Ciliated cells,NAA11,71.2,3.513725703725859,144
ependymal cell,Ciliated cells,CRB1,1432.7,3.506998988383084,145
ependymal cell,Ciliated cells,ULK4,1660.5,3.501485916185477,146
ependymal cell,Ciliated cells,MYB,54.4,3.4999248026558467,147
ependymal cell,Ciliated cells,CCDC113,133.0,3.493199522037191,148
ependymal cell,Ciliated cells,CD109,153.0,3.492598482572496,149
ependymal cell,Ciliated cells,UBXN10,31.5,3.4787969435042285,150
ependymal cell,Ciliated cells,METRN,570.9,3.4767734371895713,151
ependymal cell,Ciliated cells,MYCBPAP,56.2,3.468709432225308,152
ependymal cell,Ciliated cells,CFAP69,559.0,3.4500161918934364,153
ependymal cell,Ciliated cells,ZMYND12,35.8,3.4412516025722764,154
ependymal cell,Ciliated cells,C8orf34,2549.8,3.4342577525512796,155
ependymal cell,Ciliated cells,NRG4,359.8,3.433541139155315,156
ependymal cell,Ciliated cells,MTTP,30.4,3.421642788773239,157
ependymal cell,Ciliated cells,POU2AF1,112.7,3.404654908132388,158
ependymal cell,Ciliated cells,CCDC30,1297.9,3.403157127262372,159
ependymal cell,Ciliated cells,CACNG6,13.3,3.3936938213956958,160
ependymal cell,Ciliated cells,C2orf50,72.7,3.386899927570767,161
ependymal cell,Ciliated cells,GDPD2,26.6,3.3830807325071826,162
ependymal cell,Ciliated cells,STON2,390.3,3.380401014097647,163
ependymal cell,Ciliated cells,C21orf58,75.8,3.3802431673658817,164
ependymal cell,Ciliated cells,ITGB4,126.6,3.378456805446865,165
ependymal cell,Ciliated cells,TMEM47,335.1,3.3767151130019437,166
ependymal cell,Ciliated cells,SCO2,60.4,3.359582690272235,167
ependymal cell,Ciliated cells,USP43,191.4,3.3592628845148584,168
ependymal cell,Ciliated cells,TUBB4B,488.1,3.3368698703499575,169
ependymal cell,Ciliated cells,TOB1,317.6,3.33388815818321,170
ependymal cell,Ciliated cells,GLIS3,1730.9,3.324927532878614,171
ependymal cell,Ciliated cells,TRIL,82.3,3.3192539605890365,172
ependymal cell,Ciliated cells,MLF1,307.6,3.3071013145606107,173
ependymal cell,Ciliated cells,FLNC,27.8,3.2969470413239246,174
ependymal cell,Ciliated cells,CHST6,51.3,3.2953419004619904,175
ependymal cell,Ciliated cells,DOC2A,222.1,3.2911601360474982,176
ependymal cell,Ciliated cells,TMEM67,599.5,3.285161989898095,177
ependymal cell,Ciliated cells,TRIM29,17.9,3.2824559969607843,178
ependymal cell,Ciliated cells,CYP11A1,26.0,3.269460674993227,179
ependymal cell,Ciliated cells,EYA1,580.1,3.26060341239408,180
ependymal cell,Ciliated cells,TSPAN6,58.3,3.243657875039398,181
ependymal cell,Ciliated cells,GALNT3,118.3,3.242751477407326,182
ependymal cell,Ciliated cells,RSPH14,53.9,3.2314190303145485,183
ependymal cell,Ciliated cells,BEST4,42.4,3.221922411545391,184
ependymal cell,Ciliated cells,COL5A1,93.3,3.2159934193268342,185
ependymal cell,Ciliated cells,EFHC1,505.3,3.215423719599248,186
ependymal cell,Ciliated cells,MORN3,61.5,3.20992559764815,187
ependymal cell,Ciliated cells,RPGR,378.1,3.1998474985979386,188
ependymal cell,Ciliated cells,AQP4,376.8,3.1951036866749987,189
ependymal cell,Ciliated cells,TCTE1,27.4,3.1941412388631356,190
ependymal cell,Ciliated cells,SPEF1,110.2,3.191073343348669,191
ependymal cell,Ciliated cells,LRRC10B,37.9,3.179396421426627,192
ependymal cell,Ciliated cells,DPYSL3,469.3,3.1654421140003723,193
ependymal cell,Ciliated cells,MEIG1,28.2,3.1600772154859653,194
ependymal cell,Ciliated cells,TTC30B,25.1,3.1460041211472265,195
ependymal cell,Ciliated cells,ITGA2,200.0,3.1400897719015495,196
ependymal cell,Ciliated cells,ERBB2,55.2,3.1378458407620733,197
ependymal cell,Ciliated cells,TYMP,61.8,3.134443724000877,198
ependymal cell,Ciliated cells,SPATA6L,456.1,3.124620829702198,199
ependymal cell,Ciliated cells,CLU,2071.7,3.117014259174692,200
fibroblast,Mesenchymal cells,C7,381.7,7.440580751107355,1
fibroblast,Mesenchymal cells,FMO2,361.2,6.857136332940513,2
fibroblast,Mesenchymal cells,CEMIP,5459.2,6.8134737677613,3
fibroblast,Mesenchymal cells,ISLR,355.3,6.754482648774845,4
fibroblast,Mesenchymal cells,FMOD,136.2,6.394996522974642,5
fibroblast,Mesenchymal cells,CYP1B1,507.2,5.993082973365746,6
fibroblast,Mesenchymal cells,FBLN2,337.3,5.898887737911658,7
fibroblast,Mesenchymal cells,COL6A3,211.5,5.634116871999701,8
fibroblast,Mesenchymal cells,APOD,2810.5,5.524381659007265,9
fibroblast,Mesenchymal cells,MFAP4,140.1,5.504081376348664,10
fibroblast,Mesenchymal cells,COL1A2,815.9,5.453967192009441,11
fibroblast,Mesenchymal cells,IGFBP6,333.0,5.376617546491172,12
fibroblast,Mesenchymal cells,VIT,241.9,5.248881742357104,13
fibroblast,Mesenchymal cells,LTBP2,154.4,5.216758166252183,14
fibroblast,Mesenchymal cells,ISM1,293.6,5.147922978615077,15
fibroblast,Mesenchymal cells,PCOLCE,156.7,5.108940350880299,16
fibroblast,Mesenchymal cells,C1R,154.8,5.0715009460593174,17
fibroblast,Mesenchymal cells,EDN3,146.8,4.990741906001671,18
fibroblast,Mesenchymal cells,MLPH,54.2,4.98299357469431,19
fibroblast,Mesenchymal cells,ABCA9,1809.6,4.960732823533996,20
fibroblast,Mesenchymal cells,COL13A1,146.6,4.959002628127809,21
fibroblast,Mesenchymal cells,CYTL1,139.8,4.9550038295370005,22
fibroblast,Mesenchymal cells,ABCA8,1081.1,4.847073632877163,23
fibroblast,Mesenchymal cells,LAMC3,382.9,4.825818424902147,24
fibroblast,Mesenchymal cells,OLFML3,125.7,4.7998866668785745,25
fibroblast,Mesenchymal cells,SCN4A,36.6,4.778804008620903,26
fibroblast,Mesenchymal cells,DCN,1649.3,4.767988304989049,27
fibroblast,Mesenchymal cells,SFRP2,67.1,4.741659589704402,28
fibroblast,Mesenchymal cells,ITGA11,154.7,4.73157526896065,29
fibroblast,Mesenchymal cells,F3,443.7,4.703579190072665,30
fibroblast,Mesenchymal cells,FBLN1,764.6,4.663970375160948,31
fibroblast,Mesenchymal cells,SLPI,38.4,4.660821389620952,32
fibroblast,Mesenchymal cells,SCARA5,57.4,4.645504042656207,33
fibroblast,Mesenchymal cells,CXCL12,282.1,4.583341937095163,34
fibroblast,Mesenchymal cells,WNT4,77.1,4.547664348929275,35
fibroblast,Mesenchymal cells,FAM180A,28.1,4.542768935083518,36
fibroblast,Mesenchymal cells,BICC1,1315.7,4.498487290319866,37
fibroblast,Mesenchymal cells,F13A1,174.2,4.446860224092367,38
fibroblast,Mesenchymal cells,EMILIN3,41.5,4.364202162371447,39
fibroblast,Mesenchymal cells,LAMA2,6196.9,4.337164521015889,40
fibroblast,Mesenchymal cells,KCNK2,583.5,4.325410289614669,41
fibroblast,Mesenchymal cells,KCNE4,270.6,4.307641014336292,42
fibroblast,Mesenchymal cells,CCL2,54.4,4.303267902147406,43
fibroblast,Mesenchymal cells,NID2,182.5,4.289302799414365,44
fibroblast,Mesenchymal cells,FAM20A,205.2,4.283971809331697,45
fibroblast,Mesenchymal cells,ACADL,149.5,4.275198780511102,46
fibroblast,Mesenchymal cells,WDR86,181.8,4.243819853872874,47
fibroblast,Mesenchymal cells,SLC7A11,1249.8,4.211107545845058,48
fibroblast,Mesenchymal cells,KIAA1755,470.3,4.2055071695443615,49
fibroblast,Mesenchymal cells,TGFBR3,801.1,4.191489267755151,50
fibroblast,Mesenchymal cells,CSF1,159.8,4.172864279282551,51
fibroblast,Mesenchymal cells,COLEC12,2125.1,4.135166633315035,52
fibroblast,Mesenchymal cells,PRELP,376.0,4.1317493365117635,53
fibroblast,Mesenchymal cells,HSD11B1,151.2,4.112817906235337,54
fibroblast,Mesenchymal cells,TNXB,87.4,4.110343065948499,55
fibroblast,Mesenchymal cells,ITIH5,1370.1,4.100775636160972,56
fibroblast,Mesenchymal cells,FHL2,320.3,4.083305215776684,57
fibroblast,Mesenchymal cells,UACA,1031.7,4.022350879640258,58
fibroblast,Mesenchymal cells,SLC6A13,408.5,4.015790427724032,59
fibroblast,Mesenchymal cells,PTGDS,3342.5,4.011988942584443,60
fibroblast,Mesenchymal cells,ABCA10,1346.6,3.962458416936227,61
fibroblast,Mesenchymal cells,CMKLR1,117.4,3.952922994011103,62
fibroblast,Mesenchymal cells,C1S,348.0,3.951736919841881,63
fibroblast,Mesenchymal cells,MXRA8,128.9,3.9363687229740054,64
fibroblast,Mesenchymal cells,FOXD1,105.5,3.9062749800494063,65
fibroblast,Mesenchymal cells,CPZ,28.3,3.9059956234700848,66
fibroblast,Mesenchymal cells,THBS1,84.0,3.899196203818518,67
fibroblast,Mesenchymal cells,CD248,42.7,3.880718539255357,68
fibroblast,Mesenchymal cells,NKD2,42.9,3.8494914628275203,69
fibroblast,Mesenchymal cells,COL6A2,301.2,3.8292490320785495,70
fibroblast,Mesenchymal cells,FOXC2,76.7,3.8275827302853056,71
fibroblast,Mesenchymal cells,PTGIS,95.5,3.8008008015684642,72
fibroblast,Mesenchymal cells,OAF,152.3,3.7912751823897426,73
fibroblast,Mesenchymal cells,BMP6,404.5,3.7524476098730344,74
fibroblast,Mesenchymal cells,FGFR4,21.8,3.750579660680005,75
fibroblast,Mesenchymal cells,PRRX1,764.3,3.745535043052008,76
fibroblast,Mesenchymal cells,LAMA4,897.8,3.739191800563119,77
fibroblast,Mesenchymal cells,IGFBP2,151.1,3.7302649091331888,78
fibroblast,Mesenchymal cells,FGL2,105.0,3.7116186422340984,79
fibroblast,Mesenchymal cells,FBLN5,161.6,3.706934046265825,80
fibroblast,Mesenchymal cells,HTRA3,15.3,3.7066217464063125,81
fibroblast,Mesenchymal cells,ANTXR2,431.8,3.693295678539177,82
fibroblast,Mesenchymal cells,DSP,58.6,3.6851899484598105,83
fibroblast,Mesenchymal cells,MGP,249.1,3.6558448550652702,84
fibroblast,Mesenchymal cells,RNF220,3004.9,3.6371227501585404,85
fibroblast,Mesenchymal cells,SLC26A2,186.8,3.633684275682136,86
fibroblast,Mesenchymal cells,FGD6,439.2,3.6108764546169927,87
fibroblast,Mesenchymal cells,C16orf89,69.4,3.5864536585189093,88
fibroblast,Mesenchymal cells,RAB3IL1,32.7,3.58301790541274,89
fibroblast,Mesenchymal cells,NKD1,337.9,3.546584087511879,90
fibroblast,Mesenchymal cells,ABCA6,623.5,3.54313092428101,91
fibroblast,Mesenchymal cells,THBS2,132.4,3.524693038075662,92
fibroblast,Mesenchymal cells,EFCC1,51.5,3.502195040551134,93
fibroblast,Mesenchymal cells,IGFBP5,373.6,3.4920194118286587,94
fibroblast,Mesenchymal cells,TWIST1,65.2,3.487303564083329,95
fibroblast,Mesenchymal cells,F10,49.8,3.484256897671868,96
fibroblast,Mesenchymal cells,BHMT2,105.8,3.4821231062554974,97
fibroblast,Mesenchymal cells,AEBP1,153.2,3.4650561678311758,98
fibroblast,Mesenchymal cells,CDC42EP5,32.6,3.460863574130429,99
fibroblast,Mesenchymal cells,KANK2,189.1,3.456651615070634,100
fibroblast,Mesenchymal cells,FLRT2,3299.2,3.4323077978453975,101
fibroblast,Mesenchymal cells,PDGFRA,133.8,3.4144754580205463,102
fibroblast,Mesenchymal cells,NR2F1,801.9,3.4065663785170406,103
fibroblast,Mesenchymal cells,GPNMB,76.6,3.3987542552898993,104
fibroblast,Mesenchymal cells,RND3,180.1,3.398595463199096,105
fibroblast,Mesenchymal cells,PRDM6,85.8,3.3976156110355413,106
fibroblast,Mesenchymal cells,FOXC1,109.9,3.376030227346645,107
fibroblast,Mesenchymal cells,TSKU,26.7,3.373501439850121,108
fibroblast,Mesenchymal cells,STRA6,15.2,3.373016866819824,109
fibroblast,Mesenchymal cells,AKR1C1,81.0,3.3712789877295957,110
fibroblast,Mesenchymal cells,EMP1,80.4,3.3366110417670325,111
fibroblast,Mesenchymal cells,ECM2,242.1,3.3187485113208917,112
fibroblast,Mesenchymal cells,RANBP3L,355.3,3.3083601193664385,113
fibroblast,Mesenchymal cells,TFAP2C,12.7,3.303222414222036,114
fibroblast,Mesenchymal cells,COL18A1,463.1,3.299245109954194,115
fibroblast,Mesenchymal cells,SERPING1,154.2,3.2911601360474987,116
fibroblast,Mesenchymal cells,NT5E,112.0,3.2845029909925083,117
fibroblast,Mesenchymal cells,ZIC1,888.0,3.2754268803663047,118
fibroblast,Mesenchymal cells,OLFML2A,69.4,3.2547122852820225,119
fibroblast,Mesenchymal cells,THSD4,1030.1,3.2500299353769293,120
fibroblast,Mesenchymal cells,PTN,1570.4,3.2216711085686227,121
fibroblast,Mesenchymal cells,A4GALT,52.5,3.2167650104974657,122
fibroblast,Mesenchymal cells,ENPP6,140.7,3.211236200225367,123
fibroblast,Mesenchymal cells,BMP2,41.7,3.2097861524916516,124
fibroblast,Mesenchymal cells,FRMD6,617.3,3.207706197691351,125
fibroblast,Mesenchymal cells,COL12A1,393.2,3.1998782235439402,126
fibroblast,Mesenchymal cells,CFH,269.5,3.196989938794129,127
fibroblast,Mesenchymal cells,FZD2,24.3,3.192916644068542,128
fibroblast,Mesenchymal cells,CYBRD1,169.3,3.1921207475565088,129
fibroblast,Mesenchymal cells,MDFI,34.3,3.1882463716826397,130
fibroblast,Mesenchymal cells,ADAM33,143.9,3.178094304363018,131
fibroblast,Mesenchymal cells,PLD1,598.4,3.1695311990539277,132
fibroblast,Mesenchymal cells,COL5A1,90.3,3.156484534178874,133
fibroblast,Mesenchymal cells,ARHGAP29,1091.2,3.1499382634617357,134
fibroblast,Mesenchymal cells,USP53,1030.6,3.1417238443908078,135
fibroblast,Mesenchymal cells,LEPR,492.0,3.1410585492756504,136
fibroblast,Mesenchymal cells,PON3,51.7,3.1152283696330514,137
fibroblast,Mesenchymal cells,SLC2A10,45.6,3.112540655182964,138
fibroblast,Mesenchymal cells,FOXF2,52.6,3.111187922792815,139
fibroblast,Mesenchymal cells,PLAU,17.4,3.10647662812931,140
fibroblast,Mesenchymal cells,PAPLN,84.5,3.0837350109906216,141
fibroblast,Mesenchymal cells,KDR,55.5,3.0753655064262966,142
fibroblast,Mesenchymal cells,EMILIN1,33.1,3.0732382982892728,143
fibroblast,Mesenchymal cells,TMEM132C,1153.2,3.067419772134142,144
fibroblast,Mesenchymal cells,ANXA2,169.0,3.0426978286975546,145
fibroblast,Mesenchymal cells,LAMC1,657.7,3.0285476484216747,146
fibroblast,Mesenchymal cells,KREMEN1,168.8,3.0193360990889633,147
fibroblast,Mesenchymal cells,SSC5D,40.1,3.0097122799737397,148
fibroblast,Mesenchymal cells,CTHRC1,37.5,3.0092272649272584,149
fibroblast,Mesenchymal cells,FAM43A,67.5,2.9936954231457915,150
fibroblast,Mesenchymal cells,ENG,178.6,2.9878801074827632,151
fibroblast,Mesenchymal cells,CCR9,8.0,2.981658364010491,152
fibroblast,Mesenchymal cells,FAM114A1,134.9,2.9772437335303703,153
fibroblast,Mesenchymal cells,PKP2,159.9,2.9720420568723327,154
fibroblast,Mesenchymal cells,FAP,61.2,2.9621252592325416,155
fibroblast,Mesenchymal cells,TCEA3,59.9,2.95595615469087,156
fibroblast,Mesenchymal cells,IGDCC4,64.8,2.95564212152078,157
fibroblast,Mesenchymal cells,PDZRN3,2333.9,2.9522466159990493,158
fibroblast,Mesenchymal cells,PMP22,260.3,2.9446744168461456,159
fibroblast,Mesenchymal cells,GSN,740.1,2.9324402247907293,160
fibroblast,Mesenchymal cells,APOL1,19.2,2.927818542509075,161
fibroblast,Mesenchymal cells,GYPC,71.2,2.9273806489545837,162
fibroblast,Mesenchymal cells,SLC7A2,129.3,2.9233914450085696,163
fibroblast,Mesenchymal cells,NFATC4,64.9,2.9081848050961017,164
fibroblast,Mesenchymal cells,ZCCHC24,280.3,2.902723745936646,165
fibroblast,Mesenchymal cells,KCTD9,210.2,2.90251921187391,166
fibroblast,Mesenchymal cells,TIMP3,1119.7,2.8999091969711013,167
fibroblast,Mesenchymal cells,TIMP1,110.8,2.8946833503089655,168
fibroblast,Mesenchymal cells,F2R,35.2,2.893188315262731,169
fibroblast,Mesenchymal cells,BGN,196.0,2.891658879213656,170
fibroblast,Mesenchymal cells,APCDD1,340.2,2.880023564231179,171
fibroblast,Mesenchymal cells,C1RL,82.2,2.846988381494034,172
fibroblast,Mesenchymal cells,GJB6,27.3,2.8469776941911977,173
fibroblast,Mesenchymal cells,SLC41A1,124.1,2.8456713471382438,174
fibroblast,Mesenchymal cells,AHNAK,243.7,2.8377958551573967,175
fibroblast,Mesenchymal cells,TRABD2B,54.4,2.8362081905202796,176
fibroblast,Mesenchymal cells,AFAP1L1,45.2,2.8314003960242555,177
fibroblast,Mesenchymal cells,PHLDB2,328.1,2.828214945648154,178
fibroblast,Mesenchymal cells,COPZ2,26.4,2.820498107431618,179
fibroblast,Mesenchymal cells,RAB7B,20.1,2.80115244027322,180
fibroblast,Mesenchymal cells,PSORS1C1,11.2,2.800205774420661,181
fibroblast,Mesenchymal cells,SYTL4,100.8,2.796317436185025,182
fibroblast,Mesenchymal cells,WNT5B,107.2,2.7837506294846803,183
fibroblast,Mesenchymal cells,CD4,71.2,2.7687596767450264,184
fibroblast,Mesenchymal cells,WNT5A,72.1,2.7580307276858957,185
fibroblast,Mesenchymal cells,PLAC9,94.7,2.738839788332813,186
fibroblast,Mesenchymal cells,SLC47A1,110.9,2.7388029991843528,187
fibroblast,Mesenchymal cells,SLC40A1,99.8,2.7342502311748476,188
fibroblast,Mesenchymal cells,LONRF3,76.1,2.731099323537307,189
fibroblast,Mesenchymal cells,CYP11A1,18.9,2.722466024471091,190
fibroblast,Mesenchymal cells,PROSER2,29.8,2.7159231786043194,191
fibroblast,Mesenchymal cells,ATP1A2,1690.7,2.709409103350488,192
fibroblast,Mesenchymal cells,LRP1,578.6,2.7091363184204176,193
fibroblast,Mesenchymal cells,LRRC17,81.2,2.696376795602431,194
fibroblast,Mesenchymal cells,FOXL1,13.9,2.6861338117848663,195
fibroblast,Mesenchymal cells,CAVIN2,64.5,2.6807843037990553,196
fibroblast,Mesenchymal cells,GNRH1,30.2,2.6796421245456084,197
fibroblast,Mesenchymal cells,RCN3,22.3,2.6749605872530315,198
fibroblast,Mesenchymal cells,SPRY4,101.7,2.674390159552917,199
fibroblast,Mesenchymal cells,EYA2,212.9,2.6633942858669206,200
hippocampal CA1-3,Neuronal cells,COL5A2,684.1,3.782975077028158,1
hippocampal CA1-3,Neuronal cells,FIBCD1,18.3,3.400836964726449,2
hippocampal CA1-3,Neuronal cells,COL24A1,818.7,3.3920374454756077,3
hippocampal CA1-3,Neuronal cells,CBLN2,530.6,3.2806484454221403,4
hippocampal CA1-3,Neuronal cells,POU3F1,47.1,3.1253573754770088,5
hippocampal CA1-3,Neuronal cells,CTXND1,295.0,3.118907841494423,6
hippocampal CA1-3,Neuronal cells,FEZF2,51.6,3.073484491282648,7
hippocampal CA1-3,Neuronal cells,ASGR2,10.3,3.073410193218623,8
hippocampal CA1-3,Neuronal cells,CCBE1,458.6,2.8439617759331286,9
hippocampal CA1-3,Neuronal cells,SLC26A4,144.5,2.7702477584044347,10
hippocampal CA1-3,Neuronal cells,ABCC12,13.9,2.5911372978491194,11
hippocampal CA1-3,Neuronal cells,TESPA1,116.6,2.48709323802937,12
hippocampal CA1-3,Neuronal cells,CLPSL1,9.4,2.404983834614921,13
hippocampal CA1-3,Neuronal cells,PEX5L,2571.4,2.3406707779165954,14
hippocampal CA1-3,Neuronal cells,TRPC4,411.7,2.3114367189778164,15
hippocampal CA1-3,Neuronal cells,ST6GALNAC5,1854.7,2.261976062464721,16
hippocampal CA1-3,Neuronal cells,TMEM200A,66.6,2.208661355424886,17
hippocampal CA1-3,Neuronal cells,CABP7,15.4,2.2059588259480285,18
hippocampal CA1-3,Neuronal cells,MET,48.0,2.1963972128035034,19
hippocampal CA1-3,Neuronal cells,IL12RB2,110.5,2.1842285394718104,20
hippocampal CA1-3,Neuronal cells,GDA,266.9,2.1815005392758633,21
hippocampal CA1-3,Neuronal cells,KCNN2,649.6,2.168585054066944,22
hippocampal CA1-3,Neuronal cells,CABP1,399.7,2.1558377406765517,23
hippocampal CA1-3,Neuronal cells,TCERG1L,178.8,2.142647973296047,24
hippocampal CA1-3,Neuronal cells,RASL10A,78.3,2.1424848328948203,25
hippocampal CA1-3,Neuronal cells,SEMA3D,127.1,2.141036686911314,26
hippocampal CA1-3,Neuronal cells,ZDHHC23,81.2,2.1302672742505675,27
hippocampal CA1-3,Neuronal cells,CLMP,164.9,2.0541011949998422,28
hippocampal CA1-3,Neuronal cells,HS3ST2,186.2,2.049702231661499,29
hippocampal CA1-3,Neuronal cells,MOXD1,69.1,2.0456809761388866,30
hippocampal CA1-3,Neuronal cells,NEUROD6,55.4,2.0218689013829345,31
hippocampal CA1-3,Neuronal cells,SOHLH1,22.2,2.0159164187823206,32
hippocampal CA1-3,Neuronal cells,HOMER1,743.5,1.982542500236209,33
hippocampal CA1-3,Neuronal cells,GRB14,72.7,1.9788601544167435,34
hippocampal CA1-3,Neuronal cells,CAMK1G,45.4,1.9591277185844715,35
hippocampal CA1-3,Neuronal cells,ARC,21.2,1.9394530627854478,36
hippocampal CA1-3,Neuronal cells,C16orf74,17.5,1.922930606872786,37
hippocampal CA1-3,Neuronal cells,RTN4RL2,39.4,1.922065834638287,38
hippocampal CA1-3,Neuronal cells,KCNH3,121.1,1.9196757943452933,39
hippocampal CA1-3,Neuronal cells,MPPED1,148.1,1.8946061158285217,40
hippocampal CA1-3,Neuronal cells,ST8SIA2,35.6,1.8872266812087033,41
hippocampal CA1-3,Neuronal cells,CRYBB2,11.7,1.883331686625937,42
hippocampal CA1-3,Neuronal cells,ANKRD33B,208.6,1.8785281962230862,43
hippocampal CA1-3,Neuronal cells,SLIT2,1135.5,1.8751039672293075,44
hippocampal CA1-3,Neuronal cells,KCNG1,34.0,1.854908393620689,45
hippocampal CA1-3,Neuronal cells,UNC5A,101.4,1.836769651131696,46
hippocampal CA1-3,Neuronal cells,PRSS55,12.0,1.8343410052108315,47
hippocampal CA1-3,Neuronal cells,TRIM36,150.9,1.8304044164027529,48
hippocampal CA1-3,Neuronal cells,DAB1,2857.4,1.8264320141959962,49
hippocampal CA1-3,Neuronal cells,TBC1D26,14.6,1.8200213338937647,50
hippocampal CA1-3,Neuronal cells,WIPF3,184.8,1.816300323202643,51
hippocampal CA1-3,Neuronal cells,DCBLD1,73.5,1.814001265207379,52
hippocampal CA1-3,Neuronal cells,HTR4,230.7,1.790416601410783,53
hippocampal CA1-3,Neuronal cells,FOXG1,86.5,1.7808445572824823,54
hippocampal CA1-3,Neuronal cells,MYBPHL,9.7,1.7690528180730463,55
hippocampal CA1-3,Neuronal cells,GPR22,83.0,1.7662323216760774,56
hippocampal CA1-3,Neuronal cells,BCL11B,393.7,1.7643345782081268,57
hippocampal CA1-3,Neuronal cells,CRYM,157.8,1.7610433027872645,58
hippocampal CA1-3,Neuronal cells,RSPO3,66.0,1.7595441282697948,59
hippocampal CA1-3,Neuronal cells,PKDCC,47.3,1.7456508118918908,60
hippocampal CA1-3,Neuronal cells,ADRA1D,12.2,1.7444923308010898,61
hippocampal CA1-3,Neuronal cells,STXBP5L,3297.7,1.7335516597712288,62
hippocampal CA1-3,Neuronal cells,CHST8,71.8,1.7290205805724088,63
hippocampal CA1-3,Neuronal cells,SLIT3,1082.7,1.7144077750674827,64
hippocampal CA1-3,Neuronal cells,OPN4,12.7,1.7077979746822554,65
hippocampal CA1-3,Neuronal cells,SLC17A7,150.8,1.7056474623131221,66
hippocampal CA1-3,Neuronal cells,C1QL3,24.3,1.7032071474340227,67
hippocampal CA1-3,Neuronal cells,PTGER3,45.4,1.7017829767967718,68
hippocampal CA1-3,Neuronal cells,AMN,4.9,1.6934174919605927,69
hippocampal CA1-3,Neuronal cells,SPHKAP,680.6,1.692304053960839,70
hippocampal CA1-3,Neuronal cells,NDST3,579.2,1.6861751463524173,71
hippocampal CA1-3,Neuronal cells,NELL1,818.7,1.6808661205374404,72
hippocampal CA1-3,Neuronal cells,CACNA1H,28.6,1.6787810204087474,73
hippocampal CA1-3,Neuronal cells,CHRM5,87.9,1.6753697221895119,74
hippocampal CA1-3,Neuronal cells,CLEC2L,162.5,1.6620695389714124,75
hippocampal CA1-3,Neuronal cells,HRK,40.8,1.6616408317750473,76
hippocampal CA1-3,Neuronal cells,GRIA3,1279.6,1.6599627942638346,77
hippocampal CA1-3,Neuronal cells,LDB2,1365.1,1.657987685614804,78
hippocampal CA1-3,Neuronal cells,PRKCG,117.0,1.6526590154739318,79
hippocampal CA1-3,Neuronal cells,AK5,1036.6,1.6519840051960069,80
hippocampal CA1-3,Neuronal cells,EXTL1,40.7,1.64238918423196,81
hippocampal CA1-3,Neuronal cells,HCN1,1261.6,1.6365014892153316,82
hippocampal CA1-3,Neuronal cells,GPR63,109.7,1.634006926214199,83
hippocampal CA1-3,Neuronal cells,DUSP4,20.7,1.6204504275920664,84
hippocampal CA1-3,Neuronal cells,MYO16,641.7,1.612923660304876,85
hippocampal CA1-3,Neuronal cells,ICAM5,53.9,1.6017829199138487,86
hippocampal CA1-3,Neuronal cells,NWD2,184.9,1.6004964748322894,87
hippocampal CA1-3,Neuronal cells,NRGN,362.6,1.5973518224093648,88
hippocampal CA1-3,Neuronal cells,CAMK2A,394.6,1.5963791044737643,89
hippocampal CA1-3,Neuronal cells,NELL2,1301.0,1.5920310843907894,90
hippocampal CA1-3,Neuronal cells,CCSER1,3629.5,1.5885868374239165,91
hippocampal CA1-3,Neuronal cells,PCSK1,35.7,1.5878242820530675,92
hippocampal CA1-3,Neuronal cells,IGFBP3,24.6,1.5834263567880322,93
hippocampal CA1-3,Neuronal cells,CADPS2,919.5,1.5771188901569757,94
hippocampal CA1-3,Neuronal cells,ENC1,333.3,1.5719180116454794,95
hippocampal CA1-3,Neuronal cells,PPEF1,26.4,1.5687790148256586,96
hippocampal CA1-3,Neuronal cells,POPDC3,22.4,1.5610606298938234,97
hippocampal CA1-3,Neuronal cells,SEZ6L,693.3,1.5599434994202694,98
hippocampal CA1-3,Neuronal cells,NRP1,416.0,1.5584422546508123,99
hippocampal CA1-3,Neuronal cells,B3GAT1,142.7,1.5560479979067179,100
hippocampal CA1-3,Neuronal cells,ADRA1A,285.6,1.5497025011529957,101
hippocampal CA1-3,Neuronal cells,TENM2,4148.7,1.544996421549964,102
hippocampal CA1-3,Neuronal cells,GABRA5,118.2,1.5435321933216422,103
hippocampal CA1-3,Neuronal cells,RASAL1,52.4,1.5416554153358089,104
hippocampal CA1-3,Neuronal cells,THEMIS2,18.1,1.5396739060403304,105
hippocampal CA1-3,Neuronal cells,FAM135B,625.6,1.531159848014409,106
hippocampal CA1-3,Neuronal cells,EMX1,12.4,1.5302247423164383,107
hippocampal CA1-3,Neuronal cells,GALNT9,72.2,1.5292544255011167,108
hippocampal CA1-3,Neuronal cells,CNTN3,562.3,1.5270256014762575,109
hippocampal CA1-3,Neuronal cells,SLITRK4,87.6,1.5181443941486026,110
hippocampal CA1-3,Neuronal cells,LMO4,249.9,1.516264338651385,111
hippocampal CA1-3,Neuronal cells,PTTG1,7.2,1.5116818469554274,112
hippocampal CA1-3,Neuronal cells,PCSK2,607.3,1.5051919555484643,113
hippocampal CA1-3,Neuronal cells,CCKBR,21.2,1.500073603134643,114
hippocampal CA1-3,Neuronal cells,BTC,20.9,1.49838063007799,115
hippocampal CA1-3,Neuronal cells,EML6,745.5,1.4944303832440042,116
hippocampal CA1-3,Neuronal cells,PPM1E,1078.0,1.4916897707143013,117
hippocampal CA1-3,Neuronal cells,PLK2,96.5,1.4908445712687588,118
hippocampal CA1-3,Neuronal cells,ITGA8,241.8,1.4902604642828852,119
hippocampal CA1-3,Neuronal cells,SSUH2,10.2,1.4887094111595431,120
hippocampal CA1-3,Neuronal cells,IQCJ,309.7,1.4831126276010937,121
hippocampal CA1-3,Neuronal cells,TCIM,16.8,1.4777841705311598,122
hippocampal CA1-3,Neuronal cells,KCNN1,30.7,1.4777518018440858,123
hippocampal CA1-3,Neuronal cells,SMPD3,121.0,1.475584501712165,124
hippocampal CA1-3,Neuronal cells,GLRA3,96.4,1.4744449641820738,125
hippocampal CA1-3,Neuronal cells,PTPRN2,1427.5,1.4712456247508818,126
hippocampal CA1-3,Neuronal cells,CHSY3,1138.4,1.470500361918916,127
hippocampal CA1-3,Neuronal cells,NEUROD2,40.4,1.4681699557149963,128
hippocampal CA1-3,Neuronal cells,RYR3,1050.3,1.4671485152827561,129
hippocampal CA1-3,Neuronal cells,LYPD1,49.9,1.4651115277096518,130
hippocampal CA1-3,Neuronal cells,ULBP2,6.3,1.462729208737872,131
hippocampal CA1-3,Neuronal cells,C3orf80,14.6,1.4617454844755435,132
hippocampal CA1-3,Neuronal cells,PTK2B,255.4,1.459290957101488,133
hippocampal CA1-3,Neuronal cells,RTN4RL1,96.3,1.457826222748842,134
hippocampal CA1-3,Neuronal cells,SLC6A7,56.4,1.4552486785052172,135
hippocampal CA1-3,Neuronal cells,PARM1,93.1,1.452167470316458,136
hippocampal CA1-3,Neuronal cells,SATB2,296.1,1.4421353212586434,137
hippocampal CA1-3,Neuronal cells,SLC8A1,2899.6,1.438969384165712,138
hippocampal CA1-3,Neuronal cells,ST8SIA5,212.5,1.4356956572282413,139
hippocampal CA1-3,Neuronal cells,CARMIL2,44.7,1.4343950676999735,140
hippocampal CA1-3,Neuronal cells,GFRA1,69.9,1.434051229563996,141
hippocampal CA1-3,Neuronal cells,ADAM29,12.4,1.4336447033420725,142
hippocampal CA1-3,Neuronal cells,SLC24A3,765.3,1.4331271463925013,143
hippocampal CA1-3,Neuronal cells,PRKCB,991.2,1.4325298695254067,144
hippocampal CA1-3,Neuronal cells,KSR2,747.7,1.431285698203601,145
hippocampal CA1-3,Neuronal cells,SERTM1,40.6,1.4311004872357258,146
hippocampal CA1-3,Neuronal cells,MAL2,85.0,1.4303691530348346,147
hippocampal CA1-3,Neuronal cells,GRIA2,2012.0,1.430248961189979,148
hippocampal CA1-3,Neuronal cells,ZNF184,25.9,1.4284807984776102,149
hippocampal CA1-3,Neuronal cells,EPHA5,571.5,1.427613198229402,150
hippocampal CA1-3,Neuronal cells,ROBO2,5625.1,1.4161296783625106,151
hippocampal CA1-3,Neuronal cells,RELL2,55.4,1.4103941253287424,152
hippocampal CA1-3,Neuronal cells,NAGPA,67.0,1.4007076683969006,153
hippocampal CA1-3,Neuronal cells,DOC2B,27.1,1.3999219635710034,154
hippocampal CA1-3,Neuronal cells,RFC5,23.8,1.398677587558201,155
hippocampal CA1-3,Neuronal cells,NCAPG2,42.7,1.3977674476515636,156
hippocampal CA1-3,Neuronal cells,LIN28B,63.3,1.3950736780734394,157
hippocampal CA1-3,Neuronal cells,DOK6,897.3,1.39095294434969,158
hippocampal CA1-3,Neuronal cells,LMO7,360.4,1.3881681258828076,159
hippocampal CA1-3,Neuronal cells,GRIA1,2106.7,1.3809500446887732,160
hippocampal CA1-3,Neuronal cells,MICAL2,316.9,1.377362402759585,161
hippocampal CA1-3,Neuronal cells,RBFOX1,11446.9,1.3762413361436463,162
hippocampal CA1-3,Neuronal cells,STX1A,69.8,1.3759698200558992,163
hippocampal CA1-3,Neuronal cells,DPP10,6277.8,1.3704323732659918,164
hippocampal CA1-3,Neuronal cells,GPR26,10.5,1.369265489746549,165
hippocampal CA1-3,Neuronal cells,RIN1,22.4,1.3659369304831068,166
hippocampal CA1-3,Neuronal cells,LHX2,33.3,1.365468101438504,167
hippocampal CA1-3,Neuronal cells,SV2B,485.0,1.3648387230704855,168
hippocampal CA1-3,Neuronal cells,RAPGEF5,928.2,1.355790796908676,169
hippocampal CA1-3,Neuronal cells,EFNB2,131.3,1.3537177326125323,170
hippocampal CA1-3,Neuronal cells,ITPKA,20.8,1.3526345957604493,171
hippocampal CA1-3,Neuronal cells,CNKSR2,900.2,1.3526126601102506,172
hippocampal CA1-3,Neuronal cells,PAK3,852.4,1.3490871155220505,173
hippocampal CA1-3,Neuronal cells,DCLK1,1657.3,1.3442355004663293,174
hippocampal CA1-3,Neuronal cells,PDE1A,1413.7,1.342966329086204,175
hippocampal CA1-3,Neuronal cells,SUSD4,375.7,1.3423644273389719,176
hippocampal CA1-3,Neuronal cells,TTC39C,301.6,1.3402916211426557,177
hippocampal CA1-3,Neuronal cells,SLC35F3,970.4,1.3400753276604627,178
hippocampal CA1-3,Neuronal cells,FAM163A,41.9,1.339563418381807,179
hippocampal CA1-3,Neuronal cells,BHLHE22,23.3,1.3389394979374647,180
hippocampal CA1-3,Neuronal cells,CACNA1E,812.4,1.33712155127145,181
hippocampal CA1-3,Neuronal cells,WSCD2,108.4,1.322008020376477,182
hippocampal CA1-3,Neuronal cells,P2RX2,4.9,1.3215576506586255,183
hippocampal CA1-3,Neuronal cells,FAM81A,149.9,1.3164917037822184,184
hippocampal CA1-3,Neuronal cells,DUSP6,37.2,1.3149068338716603,185
hippocampal CA1-3,Neuronal cells,ADAMTSL3,233.7,1.3124778706237334,186
hippocampal CA1-3,Neuronal cells,APBA2,351.5,1.3119478553028427,187
hippocampal CA1-3,Neuronal cells,ZNF831,69.8,1.3091106119215437,188
hippocampal CA1-3,Neuronal cells,GREB1L,296.8,1.3075254186434329,189
hippocampal CA1-3,Neuronal cells,PLCH2,46.7,1.2983833855892402,190
hippocampal CA1-3,Neuronal cells,RAVER2,216.2,1.298340730569656,191
hippocampal CA1-3,Neuronal cells,KIAA0319,309.2,1.2970711335727383,192
hippocampal CA1-3,Neuronal cells,RHBDL3,95.4,1.2942813675035452,193
hippocampal CA1-3,Neuronal cells,ADGRB2,80.5,1.2795103205501237,194
hippocampal CA1-3,Neuronal cells,VSTM2L,88.1,1.2735828666923203,195
hippocampal CA1-3,Neuronal cells,CACNG3,270.3,1.2692647271909727,196
hippocampal CA1-3,Neuronal cells,CES4A,106.6,1.2689949546283714,197
hippocampal CA1-3,Neuronal cells,POLN,16.5,1.2685910375416496,198
hippocampal CA1-3,Neuronal cells,CORO6,104.8,1.268150791426244,199
hippocampal CA1-3,Neuronal cells,C2orf72,90.7,1.2640359296788668,200
hippocampal CA4,Neuronal cells,NEUROD6,180.7,4.170430361633945,1
hippocampal CA4,Neuronal cells,CARTPT,269.3,3.896399628217001,2
hippocampal CA4,Neuronal cells,TRHDE,1752.3,3.7931746517534837,3
hippocampal CA4,Neuronal cells,NRP1,1340.3,3.5619821049238705,4
hippocampal CA4,Neuronal cells,KREMEN2,13.4,3.5418937788292704,5
hippocampal CA4,Neuronal cells,TSPAN18,214.2,3.443873209823213,6
hippocampal CA4,Neuronal cells,SHISA6,1756.1,3.4375392600975077,7
hippocampal CA4,Neuronal cells,PRDM8,174.0,3.2842035937723106,8
hippocampal CA4,Neuronal cells,GAL,23.5,3.180132158440719,9
hippocampal CA4,Neuronal cells,HPCA,294.8,3.096536424875801,10
hippocampal CA4,Neuronal cells,DUSP4,49.7,3.036589996345197,11
hippocampal CA4,Neuronal cells,KLK7,18.6,2.9621364372393746,12
hippocampal CA4,Neuronal cells,KCNG3,88.1,2.9311605960779787,13
hippocampal CA4,Neuronal cells,TG,73.9,2.8509065917332053,14
hippocampal CA4,Neuronal cells,HOPX,296.1,2.8503384782817456,15
hippocampal CA4,Neuronal cells,C16orf74,31.0,2.8398229751092496,16
hippocampal CA4,Neuronal cells,LHX2,82.9,2.8287729036292393,17
hippocampal CA4,Neuronal cells,NEUROG3,6.9,2.809016056427525,18
hippocampal CA4,Neuronal cells,B3GAT2,301.8,2.7915599860888043,19
hippocampal CA4,Neuronal cells,FAM241A,155.2,2.774755572886204,20
hippocampal CA4,Neuronal cells,CPNE4,1403.7,2.7639539580250867,21
hippocampal CA4,Neuronal cells,PCDH20,66.8,2.6722802673028747,22
hippocampal CA4,Neuronal cells,RSPO3,115.0,2.6639703751609463,23
hippocampal CA4,Neuronal cells,TNFAIP8L3,64.3,2.663590010197043,24
hippocampal CA4,Neuronal cells,GRIA1,4632.2,2.660607042670359,25
hippocampal CA4,Neuronal cells,GHSR,7.2,2.6205864104518772,26
hippocampal CA4,Neuronal cells,AFF2,499.4,2.5922146165144353,27
hippocampal CA4,Neuronal cells,F12,19.9,2.5843351056075985,28
hippocampal CA4,Neuronal cells,EPHA4,1112.5,2.5199592787829457,29
hippocampal CA4,Neuronal cells,SDK1,1871.2,2.4937028173852944,30
hippocampal CA4,Neuronal cells,RAP2B,82.9,2.4752808197322276,31
hippocampal CA4,Neuronal cells,DCC,3187.4,2.465106336516666,32
hippocampal CA4,Neuronal cells,ZNF208,98.2,2.4638012182650617,33
hippocampal CA4,Neuronal cells,CTXND1,199.8,2.441817238299478,34
hippocampal CA4,Neuronal cells,AHRR,63.5,2.435401549274221,35
hippocampal CA4,Neuronal cells,ZNF676,53.2,2.433927659017745,36
hippocampal CA4,Neuronal cells,ANKRD33B,292.6,2.430647302507722,37
hippocampal CA4,Neuronal cells,RASL11A,30.5,2.42250504963894,38
hippocampal CA4,Neuronal cells,EMX1,22.0,2.4030491487397785,39
hippocampal CA4,Neuronal cells,SLC24A3,1388.7,2.391303239136041,40
hippocampal CA4,Neuronal cells,SUSD4,722.3,2.3893240952603674,41
hippocampal CA4,Neuronal cells,CNIH2,130.2,2.3652573551808747,42
hippocampal CA4,Neuronal cells,SLC9A2,53.0,2.353852862283599,43
hippocampal CA4,Neuronal cells,NKAIN3,1732.6,2.3237398888937855,44
hippocampal CA4,Neuronal cells,SLC2A14,19.3,2.3195610803434463,45
hippocampal CA4,Neuronal cells,CLSTN2,2121.8,2.3015989942243076,46
hippocampal CA4,Neuronal cells,RTP1,5.6,2.3008856793254755,47
hippocampal CA4,Neuronal cells,SCGN,39.9,2.2629702732276664,48
hippocampal CA4,Neuronal cells,SNTG2,303.9,2.261306220406329,49
hippocampal CA4,Neuronal cells,DPF3,365.3,2.2596083481635354,50
hippocampal CA4,Neuronal cells,COPS9,179.6,2.2352144444366955,51
hippocampal CA4,Neuronal cells,TMEM215,13.8,2.2342567566295224,52
hippocampal CA4,Neuronal cells,CARMIL2,73.8,2.222509319204752,53
hippocampal CA4,Neuronal cells,ARC,25.4,2.2215094990072446,54
hippocampal CA4,Neuronal cells,YBX2,6.0,2.216575094741134,55
hippocampal CA4,Neuronal cells,FKBP1B,39.6,2.2143746443076484,56
hippocampal CA4,Neuronal cells,EPHA5,930.6,2.205766614393594,57
hippocampal CA4,Neuronal cells,RESP18,8.4,2.198103534753906,58
hippocampal CA4,Neuronal cells,NRIP3,204.8,2.189268365838839,59
hippocampal CA4,Neuronal cells,ACVR1C,120.1,2.178179546516954,60
hippocampal CA4,Neuronal cells,NECTIN3,355.0,2.1778306043742846,61
hippocampal CA4,Neuronal cells,STUM,151.8,2.174868908114646,62
hippocampal CA4,Neuronal cells,PPM1E,1649.8,2.1718290563524536,63
hippocampal CA4,Neuronal cells,SNCG,290.1,2.1673141953515906,64
hippocampal CA4,Neuronal cells,LMO4,374.6,2.1618812806559147,65
hippocampal CA4,Neuronal cells,MYBPHL,12.6,2.156008992602008,66
hippocampal CA4,Neuronal cells,ENC1,479.3,2.1526211663980184,67
hippocampal CA4,Neuronal cells,IQCJ,470.9,2.150915467934908,68
hippocampal CA4,Neuronal cells,DUSP19,49.6,2.1416913207133685,69
hippocampal CA4,Neuronal cells,KCNN2,629.9,2.118286386297814,70
hippocampal CA4,Neuronal cells,ZDHHC23,80.3,2.1122901664157614,71
hippocampal CA4,Neuronal cells,NETO1,886.6,2.110494738376033,72
hippocampal CA4,Neuronal cells,GALNT18,1018.1,2.1047609900279705,73
hippocampal CA4,Neuronal cells,CHRM3,1563.6,2.1024869689103625,74
hippocampal CA4,Neuronal cells,HTR7,129.8,2.0944737310136228,75
hippocampal CA4,Neuronal cells,USH1C,30.0,2.09169983413681,76
hippocampal CA4,Neuronal cells,KCNQ5,4345.2,2.0899172900207104,77
hippocampal CA4,Neuronal cells,KHDRBS3,1508.7,2.0835638399265193,78
hippocampal CA4,Neuronal cells,PRKCG,152.8,2.0772447044483533,79
hippocampal CA4,Neuronal cells,CAMK2A,531.6,2.0719119717226464,80
hippocampal CA4,Neuronal cells,KCNJ6,655.4,2.0523283009006703,81
hippocampal CA4,Neuronal cells,ST6GALNAC5,1621.1,2.041717288040808,82
hippocampal CA4,Neuronal cells,RTN4RL2,41.9,2.018977029463134,83
hippocampal CA4,Neuronal cells,PGBD5,466.1,2.0123227278938414,84
hippocampal CA4,Neuronal cells,NEUROD2,57.1,2.006712501778677,85
hippocampal CA4,Neuronal cells,ZNF728,10.3,2.0034861757782476,86
hippocampal CA4,Neuronal cells,IL12RB2,98.3,1.995472411719171,87
hippocampal CA4,Neuronal cells,NRN1,150.2,1.9802430394055301,88
hippocampal CA4,Neuronal cells,YJEFN3,99.6,1.9733903121331877,89
hippocampal CA4,Neuronal cells,PRKCE,1694.0,1.9609322073159383,90
hippocampal CA4,Neuronal cells,KLHL34,20.6,1.9569312781081143,91
hippocampal CA4,Neuronal cells,TESC,133.5,1.9552286852534708,92
hippocampal CA4,Neuronal cells,NELL2,1634.0,1.954701094615876,93
hippocampal CA4,Neuronal cells,FOXG1,96.2,1.9492684665394395,94
hippocampal CA4,Neuronal cells,NNAT,272.9,1.9351293864896435,95
hippocampal CA4,Neuronal cells,WIPF3,198.7,1.9319487391647332,96
hippocampal CA4,Neuronal cells,BTNL9,128.8,1.9316554388450677,97
hippocampal CA4,Neuronal cells,KLHL2,440.4,1.9314332896568103,98
hippocampal CA4,Neuronal cells,OPCML,7073.0,1.9302729777435796,99
hippocampal CA4,Neuronal cells,SLC6A7,76.4,1.928916901938518,100
hippocampal CA4,Neuronal cells,OLFML2B,23.4,1.9280075448073137,101
hippocampal CA4,Neuronal cells,ARHGAP28,92.5,1.9239995948190904,102
hippocampal CA4,Neuronal cells,TNNI3,4.7,1.917282201455114,103
hippocampal CA4,Neuronal cells,TSTD1,18.9,1.904585707457369,104
hippocampal CA4,Neuronal cells,SCN3B,268.6,1.898692477957722,105
hippocampal CA4,Neuronal cells,NR4A3,104.1,1.8976855779152833,106
hippocampal CA4,Neuronal cells,AMN,5.7,1.8961641890154601,107
hippocampal CA4,Neuronal cells,ADCYAP1,50.9,1.895312729584104,108
hippocampal CA4,Neuronal cells,TRPS1,1493.6,1.8876893762589058,109
hippocampal CA4,Neuronal cells,SMPD3,156.8,1.8829253187013464,110
hippocampal CA4,Neuronal cells,HOMER1,698.4,1.881960312030138,111
hippocampal CA4,Neuronal cells,CPNE6,64.1,1.8747153746447225,112
hippocampal CA4,Neuronal cells,FZD7,21.2,1.8701431925133511,113
hippocampal CA4,Neuronal cells,COL25A1,575.3,1.868972178307972,114
hippocampal CA4,Neuronal cells,STXBP5L,3514.7,1.835061647994754,115
hippocampal CA4,Neuronal cells,HS6ST3,3286.4,1.8281462088757128,116
hippocampal CA4,Neuronal cells,CACNG8,244.9,1.8236789580387303,117
hippocampal CA4,Neuronal cells,ZNF99,7.9,1.8231600240905639,118
hippocampal CA4,Neuronal cells,FLRT3,84.4,1.8215794252132276,119
hippocampal CA4,Neuronal cells,GLRX,75.4,1.819508541402712,120
hippocampal CA4,Neuronal cells,ZFPM2,2543.4,1.8191755033540529,121
hippocampal CA4,Neuronal cells,TEAD1,798.1,1.8172831438559196,122
hippocampal CA4,Neuronal cells,NNMT,21.5,1.8151480269809432,123
hippocampal CA4,Neuronal cells,RIIAD1,16.8,1.8119058202864986,124
hippocampal CA4,Neuronal cells,MMD,118.1,1.8099818624194561,125
hippocampal CA4,Neuronal cells,RIMS1,2203.3,1.8096196517498164,126
hippocampal CA4,Neuronal cells,YWHAH,406.0,1.8011756815209372,127
hippocampal CA4,Neuronal cells,GREM2,121.1,1.800888710868807,128
hippocampal CA4,Neuronal cells,SIPA1L3,494.8,1.8008226095602398,129
hippocampal CA4,Neuronal cells,PDE4D,6067.6,1.7975205149705957,130
hippocampal CA4,Neuronal cells,CCBE1,243.8,1.7954743809507994,131
hippocampal CA4,Neuronal cells,SV2B,635.3,1.7888375946238702,132
hippocampal CA4,Neuronal cells,KCNN1,37.6,1.788619455532716,133
hippocampal CA4,Neuronal cells,SMCO4,53.9,1.784209374183987,134
hippocampal CA4,Neuronal cells,GALNT17,1387.0,1.781034935818849,135
hippocampal CA4,Neuronal cells,CABP7,11.6,1.7796908931640407,136
hippocampal CA4,Neuronal cells,ADRA2A,12.9,1.7710177693032008,137
hippocampal CA4,Neuronal cells,PPFIBP1,677.9,1.7706064161435717,138
hippocampal CA4,Neuronal cells,AMPH,664.1,1.764436133812192,139
hippocampal CA4,Neuronal cells,SLIT1,319.4,1.7638955695003375,140
hippocampal CA4,Neuronal cells,KCNMB2,1235.8,1.763869417460022,141
hippocampal CA4,Neuronal cells,TMEM158,69.7,1.7594628820687719,142
hippocampal CA4,Neuronal cells,RNF182,88.6,1.7505940628155345,143
hippocampal CA4,Neuronal cells,NME1,61.9,1.7462860076241054,144
hippocampal CA4,Neuronal cells,RASAL1,59.6,1.7413971005640534,145
hippocampal CA4,Neuronal cells,BRINP1,687.6,1.7406611087306183,146
hippocampal CA4,Neuronal cells,IGF2BP2,71.4,1.7397056034464333,147
hippocampal CA4,Neuronal cells,TDRD9,38.3,1.7375961021828517,148
hippocampal CA4,Neuronal cells,UPP2,498.9,1.7365021647715653,149
hippocampal CA4,Neuronal cells,NT5DC3,142.9,1.7342440140245505,150
hippocampal CA4,Neuronal cells,PTK2B,303.3,1.7290235245010732,151
hippocampal CA4,Neuronal cells,FEZF2,22.6,1.7273648238839305,152
hippocampal CA4,Neuronal cells,FAM241B,47.0,1.7269815055935842,153
hippocampal CA4,Neuronal cells,RGS14,27.2,1.7240016233823159,154
hippocampal CA4,Neuronal cells,FCRLB,6.3,1.720491082286033,155
hippocampal CA4,Neuronal cells,AJAP1,190.3,1.7203559394133159,156
hippocampal CA4,Neuronal cells,EMB,161.6,1.719806678020601,157
hippocampal CA4,Neuronal cells,CACNA2D3,2100.0,1.7194067193577574,158
hippocampal CA4,Neuronal cells,FAM110C,14.1,1.7100986321962401,159
hippocampal CA4,Neuronal cells,CACNA1I,61.0,1.709724355579509,160
hippocampal CA4,Neuronal cells,SLC17A7,150.2,1.6993702950484604,161
hippocampal CA4,Neuronal cells,FAM153A,154.8,1.6978604725306354,162
hippocampal CA4,Neuronal cells,CCDC158,28.5,1.685292303780144,163
hippocampal CA4,Neuronal cells,CDH9,663.0,1.6796951256143793,164
hippocampal CA4,Neuronal cells,BDNF,92.4,1.678652432593618,165
hippocampal CA4,Neuronal cells,MUC6,11.6,1.6740526742902353,166
hippocampal CA4,Neuronal cells,CA7,19.6,1.6695234538818606,167
hippocampal CA4,Neuronal cells,WSCD2,135.5,1.6686290342939472,168
hippocampal CA4,Neuronal cells,LAGE3,41.6,1.6588658622423327,169
hippocampal CA4,Neuronal cells,DYNLL1,450.5,1.6568471499382345,170
hippocampal CA4,Neuronal cells,B3GAT1,152.0,1.6548632980421727,171
hippocampal CA4,Neuronal cells,ULBP1,2.7,1.6539346428002755,172
hippocampal CA4,Neuronal cells,GNG3,100.7,1.6524144930739875,173
hippocampal CA4,Neuronal cells,ZNF729,2.6,1.6520766965796931,174
hippocampal CA4,Neuronal cells,LATS2,76.7,1.650751055541013,175
hippocampal CA4,Neuronal cells,ARHGAP39,88.5,1.6503123071358166,176
hippocampal CA4,Neuronal cells,FABP3,39.4,1.644275575904596,177
hippocampal CA4,Neuronal cells,TMSB4X,539.3,1.6439998199224792,178
hippocampal CA4,Neuronal cells,KCTD16,1426.7,1.642346201818629,179
hippocampal CA4,Neuronal cells,LY6H,219.4,1.6287635285847657,180
hippocampal CA4,Neuronal cells,PHACTR1,4377.9,1.6284508752364764,181
hippocampal CA4,Neuronal cells,PLXNA4,733.2,1.6264060151011608,182
hippocampal CA4,Neuronal cells,PNO1,48.0,1.6254056647231079,183
hippocampal CA4,Neuronal cells,COL19A1,195.1,1.6209208553709378,184
hippocampal CA4,Neuronal cells,TMEM150C,137.3,1.6190272497580096,185
hippocampal CA4,Neuronal cells,MSRA,1533.8,1.6167135181446384,186
hippocampal CA4,Neuronal cells,PCDH8,47.5,1.6164009649756965,187
hippocampal CA4,Neuronal cells,PTX3,5.2,1.6084214735451452,188
hippocampal CA4,Neuronal cells,TRAIP,11.3,1.607530257626431,189
hippocampal CA4,Neuronal cells,PLK2,103.8,1.6042381960351204,190
hippocampal CA4,Neuronal cells,GPR22,74.8,1.6035961557807699,191
hippocampal CA4,Neuronal cells,IGDCC3,31.4,1.6032943234934134,192
hippocampal CA4,Neuronal cells,NWD2,185.2,1.6030367372378025,193
hippocampal CA4,Neuronal cells,DUSP23,16.6,1.6014506235097257,194
hippocampal CA4,Neuronal cells,CHGB,164.8,1.601190604577356,195
hippocampal CA4,Neuronal cells,EGR4,10.2,1.6002666307958455,196
hippocampal CA4,Neuronal cells,KLHDC8A,51.8,1.5929332118297352,197
hippocampal CA4,Neuronal cells,FAM9B,12.3,1.5879239010922637,198
hippocampal CA4,Neuronal cells,ULBP2,6.9,1.5866236350910767,199
hippocampal CA4,Neuronal cells,PALMD,170.7,1.5792449245797415,200
hippocampal dentate gyrus,Neuronal cells,TNNT2,62.9,4.995559778797756,1
hippocampal dentate gyrus,Neuronal cells,GRP,75.0,4.303636946029873,2
hippocampal dentate gyrus,Neuronal cells,SLC47A1,215.7,3.9953069946466995,3
hippocampal dentate gyrus,Neuronal cells,BDNF,336.0,3.950749689913226,4
hippocampal dentate gyrus,Neuronal cells,P2RX2,24.9,3.8837828690557705,5
hippocampal dentate gyrus,Neuronal cells,C1QL3,82.3,3.792370494337126,6
hippocampal dentate gyrus,Neuronal cells,CNGB1,228.9,3.5955552331085356,7
hippocampal dentate gyrus,Neuronal cells,ADRA1A,910.2,3.528396687611069,8
hippocampal dentate gyrus,Neuronal cells,SLC30A3,96.1,3.2851658636973355,9
hippocampal dentate gyrus,Neuronal cells,PPM1E,2643.5,2.9753953034345324,10
hippocampal dentate gyrus,Neuronal cells,PPP1R1A,58.5,2.9625045708195183,11
hippocampal dentate gyrus,Neuronal cells,PROX1,215.1,2.94898123034816,12
hippocampal dentate gyrus,Neuronal cells,TMEM200A,103.0,2.9432871341427673,13
hippocampal dentate gyrus,Neuronal cells,TLL1,961.0,2.8743024960945216,14
hippocampal dentate gyrus,Neuronal cells,PCDH20,75.1,2.8734162863428243,15
hippocampal dentate gyrus,Neuronal cells,COL6A3,63.2,2.871475973604158,16
hippocampal dentate gyrus,Neuronal cells,NPTX2,87.2,2.8654103474720016,17
hippocampal dentate gyrus,Neuronal cells,CDH9,1333.8,2.835981064722887,18
hippocampal dentate gyrus,Neuronal cells,KCNG3,82.0,2.8061965959890456,19
hippocampal dentate gyrus,Neuronal cells,DNAJC5G,24.5,2.761460156086955,20
hippocampal dentate gyrus,Neuronal cells,COL19A1,385.8,2.7379907173849247,21
hippocampal dentate gyrus,Neuronal cells,ST6GALNAC5,2450.7,2.732765211680337,22
hippocampal dentate gyrus,Neuronal cells,GNA14,273.2,2.6884599610562123,23
hippocampal dentate gyrus,Neuronal cells,COL25A1,930.6,2.663835005398228,24
hippocampal dentate gyrus,Neuronal cells,NPY1R,238.6,2.6634759983976286,25
hippocampal dentate gyrus,Neuronal cells,ACVR1C,160.4,2.660015572788679,26
hippocampal dentate gyrus,Neuronal cells,PPFIA2,4705.4,2.637726375294738,27
hippocampal dentate gyrus,Neuronal cells,SPON1,545.6,2.612725661932561,28
hippocampal dentate gyrus,Neuronal cells,KCTD4,37.4,2.61046099895796,29
hippocampal dentate gyrus,Neuronal cells,MYO5B,168.5,2.5900007961121445,30
hippocampal dentate gyrus,Neuronal cells,GRM1,1515.5,2.577414864422792,31
hippocampal dentate gyrus,Neuronal cells,EDIL3,2255.3,2.567416176873661,32
hippocampal dentate gyrus,Neuronal cells,NRN1,214.0,2.562806802214588,33
hippocampal dentate gyrus,Neuronal cells,CENPW,17.0,2.55182875688699,34
hippocampal dentate gyrus,Neuronal cells,FLRT3,132.0,2.549506962939145,35
hippocampal dentate gyrus,Neuronal cells,CCDC85A,937.3,2.5471219089590007,36
hippocampal dentate gyrus,Neuronal cells,RFX3,2844.9,2.5444605710631105,37
hippocampal dentate gyrus,Neuronal cells,CALB1,97.7,2.5257339890054524,38
hippocampal dentate gyrus,Neuronal cells,ADRA1B,115.4,2.5145946349587356,39
hippocampal dentate gyrus,Neuronal cells,SLC29A4,91.3,2.503337367576785,40
hippocampal dentate gyrus,Neuronal cells,RIN1,45.7,2.479653012255624,41
hippocampal dentate gyrus,Neuronal cells,EPHA7,902.2,2.47573615366524,42
hippocampal dentate gyrus,Neuronal cells,CLSTN2,2288.4,2.4276152242416513,43
hippocampal dentate gyrus,Neuronal cells,JPH1,295.6,2.4181952542573977,44
hippocampal dentate gyrus,Neuronal cells,STXBP6,674.7,2.414724814771911,45
hippocampal dentate gyrus,Neuronal cells,PLXNA4,1189.9,2.4107158603885015,46
hippocampal dentate gyrus,Neuronal cells,AKAIN1,43.4,2.4067901388960675,47
hippocampal dentate gyrus,Neuronal cells,C1QL2,21.9,2.3887423229641995,48
hippocampal dentate gyrus,Neuronal cells,KCTD16,2240.0,2.37271372655447,49
hippocampal dentate gyrus,Neuronal cells,PDYN,25.4,2.3659807075473602,50
hippocampal dentate gyrus,Neuronal cells,AHR,46.1,2.327787612826827,51
hippocampal dentate gyrus,Neuronal cells,NRP1,669.1,2.3231225004970004,52
hippocampal dentate gyrus,Neuronal cells,NELL2,2044.0,2.3206459841245635,53
hippocampal dentate gyrus,Neuronal cells,KLHL2,558.4,2.3185091071984547,54
hippocampal dentate gyrus,Neuronal cells,CAMK1,132.8,2.282415626327577,55
hippocampal dentate gyrus,Neuronal cells,FHL2,118.6,2.254375323241624,56
hippocampal dentate gyrus,Neuronal cells,GPC4,99.3,2.250250404603474,57
hippocampal dentate gyrus,Neuronal cells,KCNH1,338.3,2.2439805137494844,58
hippocampal dentate gyrus,Neuronal cells,OR5V1,17.5,2.240385225180841,59
hippocampal dentate gyrus,Neuronal cells,SPINK8,29.2,2.2315899177687673,60
hippocampal dentate gyrus,Neuronal cells,HTR4,298.5,2.205659487727379,61
hippocampal dentate gyrus,Neuronal cells,CREG2,244.4,2.20465131401616,62
hippocampal dentate gyrus,Neuronal cells,SPHKAP,929.0,2.1930400045344727,63
hippocampal dentate gyrus,Neuronal cells,GRM2,33.9,2.191124785239886,64
hippocampal dentate gyrus,Neuronal cells,SEMA5A,1239.8,2.186621625874147,65
hippocampal dentate gyrus,Neuronal cells,SLC7A14,291.6,2.186107119130504,66
hippocampal dentate gyrus,Neuronal cells,SYDE2,53.9,2.1857789526431497,67
hippocampal dentate gyrus,Neuronal cells,LONRF3,54.5,2.1777445059016114,68
hippocampal dentate gyrus,Neuronal cells,CHST9,365.6,2.1769721303325085,69
hippocampal dentate gyrus,Neuronal cells,OLFM1,388.1,2.158894514487447,70
hippocampal dentate gyrus,Neuronal cells,SYNPR,1174.4,2.1561823271241836,71
hippocampal dentate gyrus,Neuronal cells,ANKRD33B,247.4,2.1536231891132114,72
hippocampal dentate gyrus,Neuronal cells,ITGA7,139.5,2.1318328944998983,73
hippocampal dentate gyrus,Neuronal cells,ICAM5,75.3,2.1293331531733912,74
hippocampal dentate gyrus,Neuronal cells,TBC1D26,17.7,2.112518959770327,75
hippocampal dentate gyrus,Neuronal cells,DSP,23.6,2.111159273277638,76
hippocampal dentate gyrus,Neuronal cells,CNKSR2,1447.8,2.107037767423585,77
hippocampal dentate gyrus,Neuronal cells,KCNJ6,677.3,2.105739180019787,78
hippocampal dentate gyrus,Neuronal cells,CDH8,1240.1,2.105430817977759,79
hippocampal dentate gyrus,Neuronal cells,DAPK1,688.5,2.0844921879660125,80
hippocampal dentate gyrus,Neuronal cells,OR11A1,5.0,2.08400597525731,81
hippocampal dentate gyrus,Neuronal cells,TDRD9,47.7,2.082287911137967,82
hippocampal dentate gyrus,Neuronal cells,DPF3,327.6,2.081528029079519,83
hippocampal dentate gyrus,Neuronal cells,SLIT3,1357.6,2.0774226961884024,84
hippocampal dentate gyrus,Neuronal cells,COL26A1,156.6,2.056920884598159,85
hippocampal dentate gyrus,Neuronal cells,NCAM2,4965.4,2.0566356416518783,86
hippocampal dentate gyrus,Neuronal cells,DUSP9,11.1,2.0414164195585576,87
hippocampal dentate gyrus,Neuronal cells,SUSD4,582.3,2.0353024122872823,88
hippocampal dentate gyrus,Neuronal cells,ZMAT4,688.0,2.0233218826529957,89
hippocampal dentate gyrus,Neuronal cells,KCNK1,414.7,2.022394762391495,90
hippocampal dentate gyrus,Neuronal cells,ADAMTS8,37.3,2.0201151832217414,91
hippocampal dentate gyrus,Neuronal cells,FBXO34,479.9,2.020001580896368,92
hippocampal dentate gyrus,Neuronal cells,SHISA6,773.0,2.011454971474692,93
hippocampal dentate gyrus,Neuronal cells,MUC6,14.5,2.0053689623763904,94
hippocampal dentate gyrus,Neuronal cells,AHRR,48.1,1.9864409861467807,95
hippocampal dentate gyrus,Neuronal cells,DIAPH2,1228.1,1.9835298235716046,96
hippocampal dentate gyrus,Neuronal cells,KLHL34,20.9,1.9791901084197412,97
hippocampal dentate gyrus,Neuronal cells,SLC8A2,147.6,1.9783339100286512,98
hippocampal dentate gyrus,Neuronal cells,C11orf87,131.4,1.9664489584351186,99
hippocampal dentate gyrus,Neuronal cells,ERC2,2779.6,1.9560159631114875,100
hippocampal dentate gyrus,Neuronal cells,SLC27A2,30.4,1.9526134446093024,101
hippocampal dentate gyrus,Neuronal cells,PFN2,29.0,1.9507212722568654,102
hippocampal dentate gyrus,Neuronal cells,ZDHHC19,14.5,1.9498311178254732,103
hippocampal dentate gyrus,Neuronal cells,PTK2B,347.9,1.947742029436248,104
hippocampal dentate gyrus,Neuronal cells,CACNA1E,1193.7,1.944462011729128,105
hippocampal dentate gyrus,Neuronal cells,TIAM1,1373.4,1.9398060438871925,106
hippocampal dentate gyrus,Neuronal cells,DAB1,3045.7,1.9287220404812004,107
hippocampal dentate gyrus,Neuronal cells,PSRC1,58.7,1.9272448580493424,108
hippocampal dentate gyrus,Neuronal cells,TUBA8,59.1,1.9210904106202877,109
hippocampal dentate gyrus,Neuronal cells,DENND2C,55.6,1.9208027901958433,110
hippocampal dentate gyrus,Neuronal cells,SLC4A7,388.2,1.9171459933494965,111
hippocampal dentate gyrus,Neuronal cells,FAM153A,176.7,1.9076842333986537,112
hippocampal dentate gyrus,Neuronal cells,NPTXR,260.2,1.8996031664595419,113
hippocampal dentate gyrus,Neuronal cells,TRIM17,27.5,1.8733446478351392,114
hippocampal dentate gyrus,Neuronal cells,C21orf91,53.9,1.8668974269264142,115
hippocampal dentate gyrus,Neuronal cells,RAP2B,56.9,1.8667379106786308,116
hippocampal dentate gyrus,Neuronal cells,ATP6V1H,590.6,1.8659590525510967,117
hippocampal dentate gyrus,Neuronal cells,UPP2,539.9,1.8622224333744404,118
hippocampal dentate gyrus,Neuronal cells,CHGB,194.3,1.861233290759447,119
hippocampal dentate gyrus,Neuronal cells,RAPGEFL1,170.9,1.8509755521825009,120
hippocampal dentate gyrus,Neuronal cells,EMX1,15.4,1.850237862355849,121
hippocampal dentate gyrus,Neuronal cells,C8orf34,1012.7,1.8430449257195,122
hippocampal dentate gyrus,Neuronal cells,LRRC10B,16.5,1.8240641644788977,123
hippocampal dentate gyrus,Neuronal cells,ZFPM2,2542.0,1.8182965915016707,124
hippocampal dentate gyrus,Neuronal cells,PGBD5,412.4,1.815994269057382,125
hippocampal dentate gyrus,Neuronal cells,CD24,35.2,1.8108009235422258,126
hippocampal dentate gyrus,Neuronal cells,IL1RAP,171.4,1.7952339094363055,127
hippocampal dentate gyrus,Neuronal cells,MCTP1,1588.3,1.791311180020357,128
hippocampal dentate gyrus,Neuronal cells,PLEKHG5,57.5,1.7885706284197573,129
hippocampal dentate gyrus,Neuronal cells,PLEKHA2,178.5,1.7881571724139573,130
hippocampal dentate gyrus,Neuronal cells,KCNIP2,114.5,1.7863125064957173,131
hippocampal dentate gyrus,Neuronal cells,LARGE1,1696.2,1.779016911508883,132
hippocampal dentate gyrus,Neuronal cells,CAMK2A,441.1,1.7723324200815787,133
hippocampal dentate gyrus,Neuronal cells,VGLL3,27.0,1.766409372058688,134
hippocampal dentate gyrus,Neuronal cells,GPR22,83.0,1.7662323216760774,135
hippocampal dentate gyrus,Neuronal cells,ERICH3,253.1,1.7603755851389469,136
hippocampal dentate gyrus,Neuronal cells,NEK10,606.7,1.75762292036392,137
hippocampal dentate gyrus,Neuronal cells,HPCA,131.4,1.74376161298237,138
hippocampal dentate gyrus,Neuronal cells,TTC39C,387.3,1.7317471939203106,139
hippocampal dentate gyrus,Neuronal cells,PCDHB2,9.1,1.7253256786103315,140
hippocampal dentate gyrus,Neuronal cells,RSPO2,87.6,1.7227917260281553,141
hippocampal dentate gyrus,Neuronal cells,MEIS3,113.6,1.716561312355806,142
hippocampal dentate gyrus,Neuronal cells,ZDHHC22,40.3,1.7130650581535265,143
hippocampal dentate gyrus,Neuronal cells,BTBD9,1548.4,1.707727266939926,144
hippocampal dentate gyrus,Neuronal cells,CACNA1I,60.9,1.707164921265366,145
hippocampal dentate gyrus,Neuronal cells,GNAL,510.8,1.706487309236488,146
hippocampal dentate gyrus,Neuronal cells,YJEFN3,84.1,1.705779488891171,147
hippocampal dentate gyrus,Neuronal cells,SLC17A7,150.7,1.704602822512961,148
hippocampal dentate gyrus,Neuronal cells,SLC2A14,12.7,1.682994583681683,149
hippocampal dentate gyrus,Neuronal cells,SLC24A3,895.1,1.6790138016332372,150
hippocampal dentate gyrus,Neuronal cells,PRB1,16.3,1.6789313593701833,151
hippocampal dentate gyrus,Neuronal cells,TNFRSF25,91.7,1.6780247451158736,152
hippocampal dentate gyrus,Neuronal cells,MAL2,99.5,1.6751603096927346,153
hippocampal dentate gyrus,Neuronal cells,MFSD4A,72.8,1.6744037836969563,154
hippocampal dentate gyrus,Neuronal cells,DTNB,798.7,1.673287646276284,155
hippocampal dentate gyrus,Neuronal cells,NMNAT3,177.5,1.6676710415940263,156
hippocampal dentate gyrus,Neuronal cells,RECK,340.2,1.6671352663813994,157
hippocampal dentate gyrus,Neuronal cells,LRRC7,3806.6,1.6664597035631774,158
hippocampal dentate gyrus,Neuronal cells,ZNF831,87.9,1.6655080456875448,159
hippocampal dentate gyrus,Neuronal cells,GABRA5,127.4,1.6606629146978427,160
hippocampal dentate gyrus,Neuronal cells,FHL1,216.0,1.6530901365236466,161
hippocampal dentate gyrus,Neuronal cells,CHODL,57.5,1.6505508423487332,162
hippocampal dentate gyrus,Neuronal cells,RTP5,20.8,1.649557804554586,163
hippocampal dentate gyrus,Neuronal cells,HUNK,98.5,1.6495242911747492,164
hippocampal dentate gyrus,Neuronal cells,KCNA4,38.1,1.6480411833445359,165
hippocampal dentate gyrus,Neuronal cells,ARFGEF3,677.5,1.6458832367568863,166
hippocampal dentate gyrus,Neuronal cells,GSG1L,140.8,1.6451169482116996,167
hippocampal dentate gyrus,Neuronal cells,ESYT3,42.3,1.6392821420032169,168
hippocampal dentate gyrus,Neuronal cells,GHSR,3.5,1.6384017596826168,169
hippocampal dentate gyrus,Neuronal cells,NPY5R,11.8,1.6297088835512388,170
hippocampal dentate gyrus,Neuronal cells,DTWD1,266.1,1.6196500747733977,171
hippocampal dentate gyrus,Neuronal cells,DDIT4L,7.7,1.6185150604321827,172
hippocampal dentate gyrus,Neuronal cells,FAM210B,40.6,1.6152288263470402,173
hippocampal dentate gyrus,Neuronal cells,NKAIN3,1116.8,1.614909322890918,174
hippocampal dentate gyrus,Neuronal cells,SLIT1,288.9,1.6055119176867367,175
hippocampal dentate gyrus,Neuronal cells,NEUROG3,2.8,1.6023236613825937,176
hippocampal dentate gyrus,Neuronal cells,ENC1,339.5,1.6008419890029006,177
hippocampal dentate gyrus,Neuronal cells,C2orf80,66.7,1.5976101206878417,178
hippocampal dentate gyrus,Neuronal cells,SLITRK3,41.3,1.5958555147042874,179
hippocampal dentate gyrus,Neuronal cells,NBEA,3056.6,1.5940460570042754,180
hippocampal dentate gyrus,Neuronal cells,PPP4R4,255.7,1.5872123180049968,181
hippocampal dentate gyrus,Neuronal cells,SIPA1L3,431.8,1.5855383845439837,182
hippocampal dentate gyrus,Neuronal cells,PROP1,2.5,1.584962500721156,183
hippocampal dentate gyrus,Neuronal cells,FIGN,511.2,1.584604060807825,184
hippocampal dentate gyrus,Neuronal cells,BTG3,48.5,1.5817865059527831,185
hippocampal dentate gyrus,Neuronal cells,ADAM22,869.6,1.581351473140702,186
hippocampal dentate gyrus,Neuronal cells,GABRB3,1349.2,1.5778018916606802,187
hippocampal dentate gyrus,Neuronal cells,NPTX1,135.1,1.5775613373392527,188
hippocampal dentate gyrus,Neuronal cells,NAF1,143.0,1.5729898590550804,189
hippocampal dentate gyrus,Neuronal cells,GRIN2A,1691.8,1.5720967738989435,190
hippocampal dentate gyrus,Neuronal cells,ADAMTS19,281.7,1.5712950042915332,191
hippocampal dentate gyrus,Neuronal cells,STK17B,81.4,1.5691329032369967,192
hippocampal dentate gyrus,Neuronal cells,VAX2,7.1,1.5688608264295394,193
hippocampal dentate gyrus,Neuronal cells,SLA,44.9,1.5670723418252672,194
hippocampal dentate gyrus,Neuronal cells,KCNC4,63.2,1.5660875548667268,195
hippocampal dentate gyrus,Neuronal cells,RTN4RL1,103.0,1.5621911930624977,196
hippocampal dentate gyrus,Neuronal cells,BTNL9,101.7,1.5593938021549745,197
hippocampal dentate gyrus,Neuronal cells,CACNA2D1,1598.4,1.5589093061825994,198
hippocampal dentate gyrus,Neuronal cells,CAMK2B,479.0,1.558511154934998,199
hippocampal dentate gyrus,Neuronal cells,GRAMD1B,513.4,1.5486323237532122,200
leukocyte,Blood and immune cells,NKG7,512.2,8.780984938865863,1
leukocyte,Blood and immune cells,IL7R,454.7,8.413627929024166,2
leukocyte,Blood and immune cells,CD2,345.7,8.241623816340212,3
leukocyte,Blood and immune cells,PRF1,262.5,7.93224793491663,4
leukocyte,Blood and immune cells,GNLY,659.9,7.80239564781211,5
leukocyte,Blood and immune cells,SKAP1,1622.2,7.548139312388445,6
leukocyte,Blood and immune cells,THEMIS,1445.6,7.52826599587188,7
leukocyte,Blood and immune cells,CD3E,199.2,7.507794640198698,8
leukocyte,Blood and immune cells,CD7,196.4,7.190400493894548,9
leukocyte,Blood and immune cells,GZMH,133.6,7.00006496139051,10
leukocyte,Blood and immune cells,CD3D,121.3,6.899723371603656,11
leukocyte,Blood and immune cells,CD247,1073.1,6.543830818460105,12
leukocyte,Blood and immune cells,PTPRCAP,248.6,6.537006043919637,13
leukocyte,Blood and immune cells,RAC2,173.0,6.53547011088028,14
leukocyte,Blood and immune cells,SLAMF7,94.0,6.5352983862945795,15
leukocyte,Blood and immune cells,LY9,105.7,6.530091392689559,16
leukocyte,Blood and immune cells,IL2RB,108.2,6.48251523175034,17
leukocyte,Blood and immune cells,GZMB,86.6,6.422576397777768,18
leukocyte,Blood and immune cells,HCST,211.4,6.372448317042657,19
leukocyte,Blood and immune cells,TBC1D10C,110.4,6.307946641570913,20
leukocyte,Blood and immune cells,ZAP70,123.0,6.21723071622067,21
leukocyte,Blood and immune cells,LCP1,549.0,6.209866758967055,22
leukocyte,Blood and immune cells,TC2N,734.2,6.193957283426037,23
leukocyte,Blood and immune cells,LSP1,143.8,6.188888910016847,24
leukocyte,Blood and immune cells,IL32,288.4,6.171466681552254,25
leukocyte,Blood and immune cells,CLEC12A,91.0,6.141691320713369,26
leukocyte,Blood and immune cells,CXCR4,200.7,6.1366931146320205,27
leukocyte,Blood and immune cells,GZMM,92.4,6.123770299676685,28
leukocyte,Blood and immune cells,MYBL1,367.6,6.099444180688102,29
leukocyte,Blood and immune cells,PTPN22,298.6,6.02146338431366,30
leukocyte,Blood and immune cells,PTPRC,3019.5,6.02131884591971,31
leukocyte,Blood and immune cells,CD8B,126.3,6.011897090094178,32
leukocyte,Blood and immune cells,CD52,85.1,5.970896306709063,33
leukocyte,Blood and immune cells,KLRC1,107.2,5.948953220684591,34
leukocyte,Blood and immune cells,CD6,129.7,5.894600360251589,35
leukocyte,Blood and immune cells,DENND2D,96.6,5.655459335974345,36
leukocyte,Blood and immune cells,JAML,106.2,5.630703045787127,37
leukocyte,Blood and immune cells,TMC8,229.7,5.4908301501457935,38
leukocyte,Blood and immune cells,LTB,116.4,5.450447923913488,39
leukocyte,Blood and immune cells,PTGER2,55.3,5.383723705584923,40
leukocyte,Blood and immune cells,STK17B,552.0,5.35527698322077,41
leukocyte,Blood and immune cells,DUSP2,153.8,5.348262242700825,42
leukocyte,Blood and immune cells,ADGRE5,256.8,5.2823529820482,43
leukocyte,Blood and immune cells,TRAF3IP3,265.8,5.212832850901132,44
leukocyte,Blood and immune cells,S100A8,38.2,5.183370532507264,45
leukocyte,Blood and immune cells,ICAM3,61.6,5.182128123984491,46
leukocyte,Blood and immune cells,ITGB2,200.1,5.13087087019542,47
leukocyte,Blood and immune cells,IL21R,66.8,5.116380232184181,48
leukocyte,Blood and immune cells,PTGER4,81.0,5.09451759878429,49
leukocyte,Blood and immune cells,GPSM3,116.3,5.0742183347408485,50
leukocyte,Blood and immune cells,CXCR3,32.4,5.048720044761243,51
leukocyte,Blood and immune cells,CISH,46.3,5.041347243799589,52
leukocyte,Blood and immune cells,S100A4,363.0,5.032945665195969,53
leukocyte,Blood and immune cells,SH2D2A,48.7,5.01850258622643,54
leukocyte,Blood and immune cells,BCL2A1,37.5,4.9856503284857965,55
leukocyte,Blood and immune cells,IL10RA,186.8,4.968819569964716,56
leukocyte,Blood and immune cells,ADGRG5,88.4,4.959781891643513,57
leukocyte,Blood and immune cells,S1PR4,35.0,4.955046633763171,58
leukocyte,Blood and immune cells,LCP2,291.8,4.947225460351453,59
leukocyte,Blood and immune cells,ARHGAP45,106.4,4.912273792305421,60
leukocyte,Blood and immune cells,RASAL3,97.9,4.898823807325009,61
leukocyte,Blood and immune cells,LAG3,37.5,4.888274917441171,62
leukocyte,Blood and immune cells,CLEC2B,238.8,4.879692639993917,63
leukocyte,Blood and immune cells,PSTPIP1,79.9,4.868339656730361,64
leukocyte,Blood and immune cells,CLIC3,50.5,4.8506989175985735,65
leukocyte,Blood and immune cells,IFI30,88.4,4.779746862556359,66
leukocyte,Blood and immune cells,ITGB7,38.1,4.760601153357862,67
leukocyte,Blood and immune cells,CD8A,170.6,4.744150904923059,68
leukocyte,Blood and immune cells,FGD3,187.7,4.735213612427242,69
leukocyte,Blood and immune cells,C11orf21,27.3,4.693197335303164,70
leukocyte,Blood and immune cells,CD53,382.3,4.648585892201648,71
leukocyte,Blood and immune cells,PDCD1,25.4,4.645844742868179,72
leukocyte,Blood and immune cells,CD37,131.2,4.603936405946884,73
leukocyte,Blood and immune cells,AOAH,1282.1,4.589600358545246,74
leukocyte,Blood and immune cells,LAPTM5,227.8,4.576275671821139,75
leukocyte,Blood and immune cells,CCR5,26.6,4.564203940554359,76
leukocyte,Blood and immune cells,CD27,37.0,4.5616816768852475,77
leukocyte,Blood and immune cells,MYO1F,391.8,4.541029837824419,78
leukocyte,Blood and immune cells,FGR,85.8,4.517079277637113,79
leukocyte,Blood and immune cells,PIK3R5,339.9,4.512447737827169,80
leukocyte,Blood and immune cells,DENND1C,58.8,4.498557949927119,81
leukocyte,Blood and immune cells,TES,127.4,4.463933010872238,82
leukocyte,Blood and immune cells,CASP8,145.9,4.454529490098507,83
leukocyte,Blood and immune cells,ARHGDIB,206.7,4.439884164342864,84
leukocyte,Blood and immune cells,HLA-B,1130.2,4.432393719060013,85
leukocyte,Blood and immune cells,SYTL3,503.2,4.43053709416789,86
leukocyte,Blood and immune cells,NLRC5,200.4,4.407373590074197,87
leukocyte,Blood and immune cells,CORO1A,151.3,4.3936959311341175,88
leukocyte,Blood and immune cells,TNFAIP8,654.8,4.382888726439121,89
leukocyte,Blood and immune cells,TNIP3,44.6,4.351763324428126,90
leukocyte,Blood and immune cells,CLEC2D,592.4,4.338988276858795,91
leukocyte,Blood and immune cells,CEACAM21,66.0,4.32388694792542,92
leukocyte,Blood and immune cells,SNX20,26.8,4.317845141137585,93
leukocyte,Blood and immune cells,ISG20,68.1,4.308263901614481,94
leukocyte,Blood and immune cells,FYB1,822.9,4.2924474954423095,95
leukocyte,Blood and immune cells,STAT4,922.4,4.241286168401036,96
leukocyte,Blood and immune cells,CD44,474.2,4.210226366166883,97
leukocyte,Blood and immune cells,S1PR5,42.3,4.191592536777827,98
leukocyte,Blood and immune cells,GIMAP7,169.4,4.169925001442312,99
leukocyte,Blood and immune cells,UCP2,61.7,4.16428824351501,100
leukocyte,Blood and immune cells,SIRPG,24.2,4.142090793245586,101
leukocyte,Blood and immune cells,EVI2B,58.6,4.130420427420014,102
leukocyte,Blood and immune cells,PRKCH,1439.9,4.106696066764129,103
leukocyte,Blood and immune cells,GBP2,127.8,4.09860497758064,104
leukocyte,Blood and immune cells,CYBA,348.4,4.093745170099901,105
leukocyte,Blood and immune cells,ALOX5AP,85.5,4.073029987319341,106
leukocyte,Blood and immune cells,ETS1,767.2,4.054098488305733,107
leukocyte,Blood and immune cells,ZC3HAV1,410.9,4.028198567686708,108
leukocyte,Blood and immune cells,STK10,481.1,4.025367986898956,109
leukocyte,Blood and immune cells,HCLS1,158.3,4.021483020674591,110
leukocyte,Blood and immune cells,GPR171,47.8,4.016578741490329,111
leukocyte,Blood and immune cells,BTN3A2,92.1,3.9986388561434967,112
leukocyte,Blood and immune cells,ELF4,41.9,3.9579207130559477,113
leukocyte,Blood and immune cells,CCDC88C,315.7,3.9498476329637255,114
leukocyte,Blood and immune cells,SOCS1,41.0,3.948068002283429,115
leukocyte,Blood and immune cells,KYNU,143.9,3.9476489593291677,116
leukocyte,Blood and immune cells,NMUR1,18.5,3.9443653010271813,117
leukocyte,Blood and immune cells,SLA,174.4,3.9226036805876285,118
leukocyte,Blood and immune cells,SLFN5,202.8,3.8965026847512667,119
leukocyte,Blood and immune cells,STK26,72.5,3.8909196386967353,120
leukocyte,Blood and immune cells,VAV1,143.0,3.8860930020130344,121
leukocyte,Blood and immune cells,EMB,546.8,3.861360768233261,122
leukocyte,Blood and immune cells,PSMB9,99.2,3.8557139771908187,123
leukocyte,Blood and immune cells,FCER1G,60.9,3.8516033808534744,124
leukocyte,Blood and immune cells,KLRC2,49.4,3.8417649528434357,125
leukocyte,Blood and immune cells,ABI3,40.1,3.837124426019027,126
leukocyte,Blood and immune cells,CASP1,43.0,3.8314003960242555,127
leukocyte,Blood and immune cells,MPZL3,81.8,3.8175282214426973,128
leukocyte,Blood and immune cells,CCND3,757.6,3.7938864889080377,129
leukocyte,Blood and immune cells,SPON2,161.0,3.7906662548985093,130
leukocyte,Blood and immune cells,TRAF1,77.4,3.785659850958285,131
leukocyte,Blood and immune cells,HLA-C,747.9,3.7810065799666766,132
leukocyte,Blood and immune cells,BTN3A1,54.4,3.7809257550190893,133
leukocyte,Blood and immune cells,SHISAL2A,56.7,3.7769907440225436,134
leukocyte,Blood and immune cells,FXYD5,105.3,3.7763919060021953,135
leukocyte,Blood and immune cells,EMP3,161.1,3.7718974452723,136
leukocyte,Blood and immune cells,TNF,17.3,3.759194057722191,137
leukocyte,Blood and immune cells,MDFIC,692.1,3.755266008295925,138
leukocyte,Blood and immune cells,B2M,2950.5,3.754163370274128,139
leukocyte,Blood and immune cells,PIM1,77.2,3.7530438021797803,140
leukocyte,Blood and immune cells,F2R,56.1,3.7515608075565434,141
leukocyte,Blood and immune cells,PRKCQ,413.7,3.7512077398549377,142
leukocyte,Blood and immune cells,WAS,54.4,3.74874534926994,143
leukocyte,Blood and immune cells,TNFRSF10A,47.8,3.745111021215706,144
leukocyte,Blood and immune cells,CD226,317.1,3.737510855503118,145
leukocyte,Blood and immune cells,GIMAP4,74.5,3.735133110330111,146
leukocyte,Blood and immune cells,EMILIN2,50.7,3.733109134583706,147
leukocyte,Blood and immune cells,ARHGAP25,290.9,3.730892715906614,148
leukocyte,Blood and immune cells,NLRC3,91.1,3.727173027148619,149
leukocyte,Blood and immune cells,ADAM8,57.8,3.7214849329399877,150
leukocyte,Blood and immune cells,CYTH4,75.8,3.715719192030506,151
leukocyte,Blood and immune cells,ARHGAP9,57.5,3.69655889524712,152
leukocyte,Blood and immune cells,CCDC69,97.4,3.6945869918956546,153
leukocyte,Blood and immune cells,GIMAP2,43.1,3.6754769332078623,154
leukocyte,Blood and immune cells,CNN2,55.9,3.6731170056080225,155
leukocyte,Blood and immune cells,CCR7,12.9,3.6714820957522862,156
leukocyte,Blood and immune cells,DEF6,99.0,3.6631107468546698,157
leukocyte,Blood and immune cells,APOL6,102.7,3.662782338845994,158
leukocyte,Blood and immune cells,MFNG,32.5,3.6559783722588555,159
leukocyte,Blood and immune cells,PGGHG,72.3,3.6491741712623034,160
leukocyte,Blood and immune cells,SRGN,433.6,3.640269456150429,161
leukocyte,Blood and immune cells,RNF125,177.7,3.63582974385394,162
leukocyte,Blood and immune cells,HLA-A,779.7,3.6303733510983878,163
leukocyte,Blood and immune cells,SP140,140.6,3.6126427465183397,164
leukocyte,Blood and immune cells,LIPN,12.0,3.6114347120823473,165
leukocyte,Blood and immune cells,LYN,398.7,3.605018840537666,166
leukocyte,Blood and immune cells,SERPINA1,17.5,3.5757755798747657,167
leukocyte,Blood and immune cells,GPR132,32.1,3.5680241800743357,168
leukocyte,Blood and immune cells,NABP1,145.7,3.559880768366676,169
leukocyte,Blood and immune cells,CARD16,23.0,3.535542946676881,170
leukocyte,Blood and immune cells,LITAF,212.6,3.532153026028698,171
leukocyte,Blood and immune cells,ERAP2,131.8,3.526511327074787,172
leukocyte,Blood and immune cells,JAK3,70.3,3.5256788970691146,173
leukocyte,Blood and immune cells,KLRC3,52.4,3.520127550324851,174
leukocyte,Blood and immune cells,UNC13D,56.3,3.512427560893906,175
leukocyte,Blood and immune cells,NEDD9,471.4,3.504828169813717,176
leukocyte,Blood and immune cells,PIK3AP1,148.9,3.49483097690312,177
leukocyte,Blood and immune cells,TYROBP,106.7,3.49422970911215,178
leukocyte,Blood and immune cells,PPP1R18,71.2,3.487002020333198,179
leukocyte,Blood and immune cells,TYMP,74.7,3.4850688111000445,180
leukocyte,Blood and immune cells,LST1,72.3,3.484580150632758,181
leukocyte,Blood and immune cells,HLA-E,507.1,3.4826159878855605,182
leukocyte,Blood and immune cells,SELPLG,71.2,3.471470868260212,183
leukocyte,Blood and immune cells,RASSF1,158.3,3.4685166300254258,184
leukocyte,Blood and immune cells,RIN3,336.1,3.458718507535393,185
leukocyte,Blood and immune cells,CTSS,207.2,3.4550496784486477,186
leukocyte,Blood and immune cells,HSPA6,23.2,3.451504702865668,187
leukocyte,Blood and immune cells,PLEKHF1,36.4,3.4440836543038613,188
leukocyte,Blood and immune cells,ADCY7,143.7,3.4275493736931666,189
leukocyte,Blood and immune cells,PIK3CD,245.1,3.4002800144767162,190
leukocyte,Blood and immune cells,FMNL1,150.1,3.3971428577849188,191
leukocyte,Blood and immune cells,LAT,75.1,3.396373211969125,192
leukocyte,Blood and immune cells,SH3BP1,46.3,3.37838223107716,193
leukocyte,Blood and immune cells,MPEG1,22.4,3.3775404384032615,194
leukocyte,Blood and immune cells,TCIRG1,44.5,3.3772630770564707,195
leukocyte,Blood and immune cells,VNN2,19.4,3.3769694584453243,196
leukocyte,Blood and immune cells,MYL12A,218.0,3.372097952749974,197
leukocyte,Blood and immune cells,ZNF217,95.5,3.3663222142458156,198
leukocyte,Blood and immune cells,ZNF600,54.6,3.365673666228201,199
leukocyte,Blood and immune cells,SAMD9,70.8,3.3641888849574153,200
lower rhombic lip,Neuronal cells,KRT18,45.2,4.274091341318136,1
lower rhombic lip,Neuronal cells,ST8SIA2,106.6,3.796748906090094,2
lower rhombic lip,Neuronal cells,MAB21L2,23.9,3.7876501932312285,3
lower rhombic lip,Neuronal cells,CDH7,689.0,3.7517830628710915,4
lower rhombic lip,Neuronal cells,FAM163A,164.6,3.645454261077524,5
lower rhombic lip,Neuronal cells,KLK10,23.4,3.5763877649831466,6
lower rhombic lip,Neuronal cells,SYT10,253.4,3.549117301774434,7
lower rhombic lip,Neuronal cells,CYP26B1,62.9,3.5037551853859665,8
lower rhombic lip,Neuronal cells,CPNE9,203.7,3.4589618384179426,9
lower rhombic lip,Neuronal cells,RASGEF1B,1106.4,3.4553986527333502,10
lower rhombic lip,Neuronal cells,AQP7,19.0,3.3328992127083654,11
lower rhombic lip,Neuronal cells,KANK4,80.9,3.326044203359594,12
lower rhombic lip,Neuronal cells,CHST8,181.8,3.2947777046841207,13
lower rhombic lip,Neuronal cells,NRG1,10642.2,3.2680669348526017,14
lower rhombic lip,Neuronal cells,CTXN3,53.8,3.2295368660890187,15
lower rhombic lip,Neuronal cells,SNCG,535.4,3.2248722324888464,16
lower rhombic lip,Neuronal cells,HOXA3,21.2,3.159329886203113,17
lower rhombic lip,Neuronal cells,SLC17A6,196.0,3.102296448829098,18
lower rhombic lip,Neuronal cells,IRX1,30.8,3.0274807364221075,19
lower rhombic lip,Neuronal cells,ARTN,15.5,3.0055748704679255,20
lower rhombic lip,Neuronal cells,BICDL2,16.2,2.9608838697336144,21
lower rhombic lip,Neuronal cells,KRT8,15.3,2.9173888426231334,22
lower rhombic lip,Neuronal cells,NEFL,444.3,2.9131038066399437,23
lower rhombic lip,Neuronal cells,NEFH,112.6,2.88125828357878,24
lower rhombic lip,Neuronal cells,PCSK9,10.3,2.8561444597030605,25
lower rhombic lip,Neuronal cells,MRGPRE,9.8,2.8248670317163946,26
lower rhombic lip,Neuronal cells,CD163L1,50.7,2.796319744303209,27
lower rhombic lip,Neuronal cells,CALB2,196.7,2.788920130838458,28
lower rhombic lip,Neuronal cells,NEFM,249.4,2.7825845651823773,29
lower rhombic lip,Neuronal cells,FAM43A,59.2,2.765767153288977,30
lower rhombic lip,Neuronal cells,HOXB3,27.4,2.735734625626603,31
lower rhombic lip,Neuronal cells,KLHL1,368.7,2.730370364899583,32
lower rhombic lip,Neuronal cells,PTPN20,131.3,2.7163722665584173,33
lower rhombic lip,Neuronal cells,GPC5,5156.8,2.6775786803800004,34
lower rhombic lip,Neuronal cells,ADCYAP1,81.8,2.6694386608319527,35
lower rhombic lip,Neuronal cells,GPAT3,99.4,2.6196004790781275,36
lower rhombic lip,Neuronal cells,TPBG,47.8,2.6175794523032563,37
lower rhombic lip,Neuronal cells,SDR16C5,21.3,2.608084058523737,38
lower rhombic lip,Neuronal cells,CDH23,147.5,2.6031825170035767,39
lower rhombic lip,Neuronal cells,KCNQ5,5906.4,2.6011401909192053,40
lower rhombic lip,Neuronal cells,TMEM61,12.7,2.5801837780979073,41
lower rhombic lip,Neuronal cells,SEMA3A,307.1,2.5562606405167783,42
lower rhombic lip,Neuronal cells,NXPH2,316.8,2.524033191782756,43
lower rhombic lip,Neuronal cells,PRSS56,8.7,2.4794000348698932,44
lower rhombic lip,Neuronal cells,NOXO1,13.1,2.4783130843958325,45
lower rhombic lip,Neuronal cells,QRFPR,46.3,2.456892109020322,46
lower rhombic lip,Neuronal cells,CRYBA2,5.5,2.4520520882717,47
lower rhombic lip,Neuronal cells,TUNAR,55.9,2.4342969229546423,48
lower rhombic lip,Neuronal cells,FLT3,79.5,2.421405582346963,49
lower rhombic lip,Neuronal cells,MYC,12.6,2.4124681396667107,50
lower rhombic lip,Neuronal cells,STEAP3,26.7,2.3637204190575356,51
lower rhombic lip,Neuronal cells,GULP1,920.1,2.3571349850966103,52
lower rhombic lip,Neuronal cells,RET,23.0,2.3560272335179366,53
lower rhombic lip,Neuronal cells,SIGIRR,90.8,2.3558504815783397,54
lower rhombic lip,Neuronal cells,KRTAP5-11,13.3,2.352516414720785,55
lower rhombic lip,Neuronal cells,ANK1,286.0,2.3294880862002074,56
lower rhombic lip,Neuronal cells,GRIK1,3228.1,2.2781420763470135,57
lower rhombic lip,Neuronal cells,FHOD3,920.2,2.2677918076059886,58
lower rhombic lip,Neuronal cells,HSPB3,11.6,2.265117720334283,59
lower rhombic lip,Neuronal cells,BDKRB2,13.6,2.2598040884329436,60
lower rhombic lip,Neuronal cells,GALNT12,50.2,2.250384474337482,61
lower rhombic lip,Neuronal cells,ELAVL4,507.2,2.237809943590798,62
lower rhombic lip,Neuronal cells,ANKRD18B,58.9,2.2329162270047322,63
lower rhombic lip,Neuronal cells,PKIB,159.7,2.232301698789196,64
lower rhombic lip,Neuronal cells,SYNE4,18.1,2.20819501837003,65
lower rhombic lip,Neuronal cells,GPR149,163.9,2.191641764213821,66
lower rhombic lip,Neuronal cells,S100A10,97.5,2.182831669343469,67
lower rhombic lip,Neuronal cells,NKAIN1,59.0,2.167959030153451,68
lower rhombic lip,Neuronal cells,ROBO2,8990.0,2.1639987147378816,69
lower rhombic lip,Neuronal cells,IL1RAPL2,438.2,2.1541990710746943,70
lower rhombic lip,Neuronal cells,SNTG2,283.5,2.1474430071314643,71
lower rhombic lip,Neuronal cells,GCHFR,20.7,2.1397213489997537,72
lower rhombic lip,Neuronal cells,CABP7,14.7,2.1344437240008767,73
lower rhombic lip,Neuronal cells,VAMP1,72.5,2.133974712269688,74
lower rhombic lip,Neuronal cells,CHRM2,470.6,2.1228938288655836,75
lower rhombic lip,Neuronal cells,SYT2,132.9,2.105607294946599,76
lower rhombic lip,Neuronal cells,BTNL9,143.4,2.10431849454203,77
lower rhombic lip,Neuronal cells,ANKS6,200.1,2.0803498655867094,78
lower rhombic lip,Neuronal cells,INA,156.7,2.077007933170946,79
lower rhombic lip,Neuronal cells,MVK,41.1,2.074257479859919,80
lower rhombic lip,Neuronal cells,SAMD5,502.8,2.062258755962092,81
lower rhombic lip,Neuronal cells,ARHGEF16,11.4,2.057542823404748,82
lower rhombic lip,Neuronal cells,RAB37,125.1,2.0541517916041028,83
lower rhombic lip,Neuronal cells,KCNMB1,50.2,2.0511018778699057,84
lower rhombic lip,Neuronal cells,ADAM7,10.7,2.0474800992321955,85
lower rhombic lip,Neuronal cells,CLEC2L,206.7,2.0451757619365236,86
lower rhombic lip,Neuronal cells,EPN3,6.5,2.0371986179542496,87
lower rhombic lip,Neuronal cells,ALDOC,157.2,2.0200914775611736,88
lower rhombic lip,Neuronal cells,HS3ST5,573.5,2.019991722946891,89
lower rhombic lip,Neuronal cells,TXN,185.3,2.014030553598523,90
lower rhombic lip,Neuronal cells,KCNH5,387.8,2.0059944302938395,91
lower rhombic lip,Neuronal cells,DACH1,607.0,2.0050132644282432,92
lower rhombic lip,Neuronal cells,CRTAC1,108.3,1.9974823115845244,93
lower rhombic lip,Neuronal cells,CHGB,208.8,1.9763971852318993,94
lower rhombic lip,Neuronal cells,GGH,56.4,1.9750823677956704,95
lower rhombic lip,Neuronal cells,ZNF730,41.1,1.9709076538698314,96
lower rhombic lip,Neuronal cells,ELAVL2,494.7,1.9642945664039675,97
lower rhombic lip,Neuronal cells,ELMO3,7.1,1.9600778334249778,98
lower rhombic lip,Neuronal cells,SEMA3C,293.3,1.9539066685105844,99
lower rhombic lip,Neuronal cells,RHOV,5.8,1.9469816177005088,100
lower rhombic lip,Neuronal cells,EVPL,4.1,1.9420324017287756,101
lower rhombic lip,Neuronal cells,ESRRG,1740.6,1.9319372520111529,102
lower rhombic lip,Neuronal cells,SHC4,58.0,1.9188887088102005,103
lower rhombic lip,Neuronal cells,DPP6,4864.0,1.917188417446096,104
lower rhombic lip,Neuronal cells,TNFRSF12A,10.7,1.9161684091965292,105
lower rhombic lip,Neuronal cells,PLPP4,139.1,1.916141231011976,106
lower rhombic lip,Neuronal cells,FANCL,321.3,1.9110880927212375,107
lower rhombic lip,Neuronal cells,TSPAN2,42.0,1.9023226919268044,108
lower rhombic lip,Neuronal cells,GCK,19.6,1.8932667133702668,109
lower rhombic lip,Neuronal cells,CDHR3,535.6,1.893080140531494,110
lower rhombic lip,Neuronal cells,SHROOM3,388.9,1.8917991206624156,111
lower rhombic lip,Neuronal cells,MPP3,44.8,1.8878307565775954,112
lower rhombic lip,Neuronal cells,SCN1B,140.2,1.8856378374140519,113
lower rhombic lip,Neuronal cells,EXOC3L1,4.8,1.8827843861281446,114
lower rhombic lip,Neuronal cells,KLK7,9.3,1.8807078088958975,115
lower rhombic lip,Neuronal cells,MYO15A,24.7,1.8701095785373967,116
lower rhombic lip,Neuronal cells,SPHK1,9.2,1.8681965209006108,117
lower rhombic lip,Neuronal cells,TLL2,21.0,1.8585275740471199,118
lower rhombic lip,Neuronal cells,DMKN,33.0,1.8538722133090275,119
lower rhombic lip,Neuronal cells,EPHA3,415.3,1.8504121877379394,120
lower rhombic lip,Neuronal cells,DYSF,120.8,1.8473509718941088,121
lower rhombic lip,Neuronal cells,FABP3,44.8,1.8436507472863037,122
lower rhombic lip,Neuronal cells,RERG,417.2,1.842550287290628,123
lower rhombic lip,Neuronal cells,TLL1,514.9,1.8338754681494647,124
lower rhombic lip,Neuronal cells,RGS6,1534.8,1.832236868101238,125
lower rhombic lip,Neuronal cells,STMN2,687.6,1.8267534499626188,126
lower rhombic lip,Neuronal cells,PTPRU,44.5,1.8208697285320856,127
lower rhombic lip,Neuronal cells,MLLT11,145.9,1.8011780004851319,128
lower rhombic lip,Neuronal cells,PRDX2,74.4,1.7978771605752097,129
lower rhombic lip,Neuronal cells,CGN,22.6,1.7951802081115018,130
lower rhombic lip,Neuronal cells,ZMAT4,591.4,1.7806850793361846,131
lower rhombic lip,Neuronal cells,GNG3,109.2,1.7797514336552704,132
lower rhombic lip,Neuronal cells,FNDC4,48.9,1.7757689138200095,133
lower rhombic lip,Neuronal cells,EPS8L2,30.9,1.775436038009358,134
lower rhombic lip,Neuronal cells,GRIN2C,48.7,1.7738802175065158,135
lower rhombic lip,Neuronal cells,PDZD7,67.3,1.7631683614142566,136
lower rhombic lip,Neuronal cells,MEIS1,242.4,1.7576854554247072,137
lower rhombic lip,Neuronal cells,KCNK9,42.4,1.7567774794307627,138
lower rhombic lip,Neuronal cells,STAC2,43.5,1.754924343671684,139
lower rhombic lip,Neuronal cells,PTX3,5.8,1.7546464302202407,140
lower rhombic lip,Neuronal cells,HOPX,152.6,1.7537992312758823,141
lower rhombic lip,Neuronal cells,MUC12,9.2,1.7524785935375309,142
lower rhombic lip,Neuronal cells,VWA5B2,93.9,1.7507129246223163,143
lower rhombic lip,Neuronal cells,RASSF7,27.4,1.745508671132583,144
lower rhombic lip,Neuronal cells,TPO,6.6,1.7415748474187958,145
lower rhombic lip,Neuronal cells,SEMA7A,27.3,1.7383565906174212,146
lower rhombic lip,Neuronal cells,BEAN1,42.7,1.7294155953949835,147
lower rhombic lip,Neuronal cells,EFHD2,110.5,1.72817043357439,148
lower rhombic lip,Neuronal cells,KCND2,3843.3,1.723502173671181,149
lower rhombic lip,Neuronal cells,FBXO2,94.5,1.7189956482810964,150
lower rhombic lip,Neuronal cells,TNIP3,9.8,1.7158022941900806,151
lower rhombic lip,Neuronal cells,ATP5MC3,208.3,1.70895041462237,152
lower rhombic lip,Neuronal cells,ULBP2,7.5,1.702240996407057,153
lower rhombic lip,Neuronal cells,CAPN12,9.6,1.7008522113650288,154
lower rhombic lip,Neuronal cells,TGFBR3L,26.0,1.7007231035835095,155
lower rhombic lip,Neuronal cells,ARHGAP24,847.0,1.6922632235469022,156
lower rhombic lip,Neuronal cells,AHNAK2,26.3,1.6911018535617561,157
lower rhombic lip,Neuronal cells,ISCU,178.4,1.6847645174906143,158
lower rhombic lip,Neuronal cells,TBX5,3.0,1.683327630564133,159
lower rhombic lip,Neuronal cells,IGSF9,3.2,1.678488327410489,160
lower rhombic lip,Neuronal cells,P2RX6,20.1,1.6753808884013497,161
lower rhombic lip,Neuronal cells,TMEM74B,44.8,1.6665489938990592,162
lower rhombic lip,Neuronal cells,DEFB131A,2.4,1.6642514105257955,163
lower rhombic lip,Neuronal cells,FZD6,86.0,1.661265868034353,164
lower rhombic lip,Neuronal cells,PALM3,3.8,1.6578130661288373,165
lower rhombic lip,Neuronal cells,TMEM117,826.6,1.6517114951498177,166
lower rhombic lip,Neuronal cells,CA10,1121.0,1.6466131167145328,167
lower rhombic lip,Neuronal cells,GIPR,10.4,1.6448632063471187,168
lower rhombic lip,Neuronal cells,FSTL5,1316.3,1.6414612040639058,169
lower rhombic lip,Neuronal cells,PIP5KL1,9.7,1.641202862927718,170
lower rhombic lip,Neuronal cells,ATP5MC1,144.7,1.6259568786983223,171
lower rhombic lip,Neuronal cells,PCP4L1,50.8,1.6255321461084564,172
lower rhombic lip,Neuronal cells,RPH3AL,34.5,1.6178458625349397,173
lower rhombic lip,Neuronal cells,DNAJC22,5.8,1.61615712232475,174
lower rhombic lip,Neuronal cells,RELL2,63.1,1.610976310153281,175
lower rhombic lip,Neuronal cells,TTC39A,26.4,1.6105574271414267,176
lower rhombic lip,Neuronal cells,GPC6,1622.3,1.6088645881311305,177
lower rhombic lip,Neuronal cells,ST8SIA4,160.0,1.6085336553217926,178
lower rhombic lip,Neuronal cells,TNFAIP2,40.2,1.597752434141071,179
lower rhombic lip,Neuronal cells,TCEAL6,43.8,1.5858410321849568,180
lower rhombic lip,Neuronal cells,TRIM58,14.2,1.5832378202516948,181
lower rhombic lip,Neuronal cells,CNTNAP5,2101.0,1.582855092804063,182
lower rhombic lip,Neuronal cells,MYRFL,43.9,1.5817529442452662,183
lower rhombic lip,Neuronal cells,RESP18,5.4,1.5808697460872732,184
lower rhombic lip,Neuronal cells,NDUFA4,416.5,1.5792877142017372,185
lower rhombic lip,Neuronal cells,MCF2,86.0,1.5778945065016252,186
lower rhombic lip,Neuronal cells,EPHB3,15.0,1.5767885692754557,187
lower rhombic lip,Neuronal cells,RNF182,79.1,1.5733836958000507,188
lower rhombic lip,Neuronal cells,PIN1,145.7,1.5715254289561478,189
lower rhombic lip,Neuronal cells,COX5A,117.4,1.5708529013057204,190
lower rhombic lip,Neuronal cells,GPRIN2,5.9,1.562331526221588,191
lower rhombic lip,Neuronal cells,SOD1,256.2,1.5571854578273485,192
lower rhombic lip,Neuronal cells,WHRN,101.3,1.5547678161078111,193
lower rhombic lip,Neuronal cells,TMEM14A,158.9,1.5531627057894264,194
lower rhombic lip,Neuronal cells,LIMA1,211.0,1.552541023028779,195
lower rhombic lip,Neuronal cells,SLC5A4,19.2,1.5522236332924002,196
lower rhombic lip,Neuronal cells,TUBB2A,339.5,1.5489018056144632,197
lower rhombic lip,Neuronal cells,DYTN,6.0,1.547968293238955,198
lower rhombic lip,Neuronal cells,CKMT1B,115.3,1.5444865515495254,199
lower rhombic lip,Neuronal cells,TRIM7,10.7,1.5397194075949334,200
mammillary body,Neuronal cells,FOXB1,56.2,4.393693821395695,1
mammillary body,Neuronal cells,MYO5B,375.0,4.10212919364805,2
mammillary body,Neuronal cells,GPR139,41.7,3.860645441904454,3
mammillary body,Neuronal cells,ONECUT2,263.4,3.826295320262535,4
mammillary body,Neuronal cells,LHX1,98.7,3.814167667404221,5
mammillary body,Neuronal cells,HTR7,335.5,3.786011840966791,6
mammillary body,Neuronal cells,ADCYAP1,125.3,3.432647910990563,7
mammillary body,Neuronal cells,CPNE9,178.2,3.208343764300383,8
mammillary body,Neuronal cells,TRH,16.7,3.1923275484944567,9
mammillary body,Neuronal cells,TNFRSF11B,45.3,3.1662471809327273,10
mammillary body,Neuronal cells,CHRNA7,168.8,2.9142859702331023,11
mammillary body,Neuronal cells,ADARB2,4248.6,2.8020593562269362,12
mammillary body,Neuronal cells,TAC1,307.5,2.790547017375451,13
mammillary body,Neuronal cells,SMPX,16.3,2.7460070253092157,14
mammillary body,Neuronal cells,ADAM7,16.6,2.730686531276059,15
mammillary body,Neuronal cells,PCDH19,296.4,2.727325224217676,16
mammillary body,Neuronal cells,NRP2,448.4,2.7248435818099788,17
mammillary body,Neuronal cells,OTOS,7.6,2.7224660244710908,18
mammillary body,Neuronal cells,EPHA8,38.8,2.7123519467068933,19
mammillary body,Neuronal cells,ARHGEF16,17.0,2.6798216870625975,20
mammillary body,Neuronal cells,HTR2A,206.5,2.670033368731727,21
mammillary body,Neuronal cells,NXPH4,21.0,2.6658824961047234,22
mammillary body,Neuronal cells,LTBP1,645.5,2.6631814213747695,23
mammillary body,Neuronal cells,SLC17A6,152.0,2.656123529642395,24
mammillary body,Neuronal cells,HAPLN4,54.5,2.6559190929630803,25
mammillary body,Neuronal cells,INSM2,10.7,2.6526639935716783,26
mammillary body,Neuronal cells,DEPTOR,269.0,2.6326665903394892,27
mammillary body,Neuronal cells,ALCAM,2102.2,2.6176700092244283,28
mammillary body,Neuronal cells,SHISAL1,71.5,2.597499064441137,29
mammillary body,Neuronal cells,DGKB,4039.7,2.5961552189396246,30
mammillary body,Neuronal cells,BACE2,188.6,2.595933618542159,31
mammillary body,Neuronal cells,FAT3,2248.0,2.543596599756471,32
mammillary body,Neuronal cells,NEFH,92.3,2.5408026878028727,33
mammillary body,Neuronal cells,MAL2,169.5,2.5384138097793723,34
mammillary body,Neuronal cells,SLIT2,1693.5,2.5323347614147234,35
mammillary body,Neuronal cells,MRGPRE,8.1,2.5298209465286954,36
mammillary body,Neuronal cells,TOX,1804.9,2.5189334713111498,37
mammillary body,Neuronal cells,COL25A1,849.5,2.5085167081150406,38
mammillary body,Neuronal cells,INPP5J,51.1,2.4977810381334167,39
mammillary body,Neuronal cells,SCTR,8.3,2.4828905914612864,40
mammillary body,Neuronal cells,MKX,121.1,2.427298997696488,41
mammillary body,Neuronal cells,ACTN2,315.0,2.422027153245956,42
mammillary body,Neuronal cells,HAPLN1,53.2,2.421342782649209,43
mammillary body,Neuronal cells,ANK1,298.3,2.3994778683857874,44
mammillary body,Neuronal cells,CRHBP,52.1,2.3939237811761904,45
mammillary body,Neuronal cells,DYSF,168.4,2.3860983172920345,46
mammillary body,Neuronal cells,TMEM196,167.5,2.378413034029056,47
mammillary body,Neuronal cells,LANCL3,52.9,2.3326744763513587,48
mammillary body,Neuronal cells,CCDC68,42.7,2.315539619588648,49
mammillary body,Neuronal cells,CCDC158,42.4,2.310090324915762,50
mammillary body,Neuronal cells,CRYBG3,311.8,2.30966717643315,51
mammillary body,Neuronal cells,PPARGC1A,499.5,2.3014166279572197,52
mammillary body,Neuronal cells,KCNA4,57.5,2.298945313752124,53
mammillary body,Neuronal cells,ADGRL2,1846.8,2.2970156726448683,54
mammillary body,Neuronal cells,HS6ST3,4377.5,2.2941012321452976,55
mammillary body,Neuronal cells,DAPL1,34.2,2.2913293528018026,56
mammillary body,Neuronal cells,HTR1E,325.5,2.264955796739827,57
mammillary body,Neuronal cells,CUX2,524.1,2.253023480182011,58
mammillary body,Neuronal cells,UNC13C,1477.0,2.249981770537025,59
mammillary body,Neuronal cells,RIT2,772.1,2.2000355411559958,60
mammillary body,Neuronal cells,TENM2,6183.6,2.184623669495356,61
mammillary body,Neuronal cells,BDNF,126.7,2.182250734238394,62
mammillary body,Neuronal cells,HTR4,292.7,2.17354666352777,63
mammillary body,Neuronal cells,GRM7,3463.7,2.1700328904792836,64
mammillary body,Neuronal cells,ELAVL2,559.3,2.163432255565538,65
mammillary body,Neuronal cells,ARPP21,2425.7,2.150430403678415,66
mammillary body,Neuronal cells,PCDH15,2032.6,2.122915987526889,67
mammillary body,Neuronal cells,KCNK9,53.4,2.1206297051855385,68
mammillary body,Neuronal cells,GRIK3,326.7,2.1191595460138393,69
mammillary body,Neuronal cells,ADGRL4,102.3,2.1168886217420693,70
mammillary body,Neuronal cells,INA,160.5,2.1158111192489693,71
mammillary body,Neuronal cells,P2RX6,26.5,2.1005580156564494,72
mammillary body,Neuronal cells,SYT2,131.8,2.0921616139002235,73
mammillary body,Neuronal cells,BRINP3,1254.5,2.081288343682558,74
mammillary body,Neuronal cells,BRINP2,434.8,2.079028336540707,75
mammillary body,Neuronal cells,NKX2-8,6.0,2.067768627732262,76
mammillary body,Neuronal cells,ZFHX3,1565.3,2.062071672753286,77
mammillary body,Neuronal cells,SARDH,15.0,2.0500406824995956,78
mammillary body,Neuronal cells,ANKRD34C,9.2,2.047934477063702,79
mammillary body,Neuronal cells,ZFHX4,363.9,2.043257886110534,80
mammillary body,Neuronal cells,GABRA1,471.2,2.025423995923432,81
mammillary body,Neuronal cells,GALNT13,2228.9,2.008042937824246,82
mammillary body,Neuronal cells,CACNA1G,77.5,2.0042946513900937,83
mammillary body,Neuronal cells,ANXA3,59.3,1.9903894643259195,84
mammillary body,Neuronal cells,PLCXD3,410.3,1.9764371387449888,85
mammillary body,Neuronal cells,CALB2,120.4,1.9732410341851376,86
mammillary body,Neuronal cells,SHISA9,1501.1,1.9611124727999147,87
mammillary body,Neuronal cells,DOK6,1285.5,1.9595524820026866,88
mammillary body,Neuronal cells,FAR2,480.7,1.9589234519452208,89
mammillary body,Neuronal cells,LGI2,37.4,1.9511966625368495,90
mammillary body,Neuronal cells,CALN1,1616.8,1.949418096458191,91
mammillary body,Neuronal cells,LRRC39,87.7,1.9257924258160586,92
mammillary body,Neuronal cells,AFF3,2049.1,1.9201767114205748,93
mammillary body,Neuronal cells,FRAS1,856.0,1.9196104504912084,94
mammillary body,Neuronal cells,PLXDC2,2635.2,1.9192292659160477,95
mammillary body,Neuronal cells,ENOX1,1866.4,1.918678154530682,96
mammillary body,Neuronal cells,TUNAR,40.5,1.9164029050642182,97
mammillary body,Neuronal cells,PCSK5,630.5,1.9075657350413315,98
mammillary body,Neuronal cells,KCNK15,4.6,1.888853036078797,99
mammillary body,Neuronal cells,TPBG,30.4,1.8888346210853275,100
mammillary body,Neuronal cells,CITED1,10.3,1.8858626226672839,101
mammillary body,Neuronal cells,VWA5A,66.5,1.8823273425687057,102
mammillary body,Neuronal cells,TTC39A,31.5,1.8818865894786247,103
mammillary body,Neuronal cells,KCTD8,1312.1,1.8800220916444044,104
mammillary body,Neuronal cells,SYNE4,14.6,1.8796160910559483,105
mammillary body,Neuronal cells,TMEM266,139.8,1.8704898942711725,106
mammillary body,Neuronal cells,GLRA2,137.4,1.8583443048597683,107
mammillary body,Neuronal cells,DNAH14,453.5,1.8568019558943654,108
mammillary body,Neuronal cells,SLC4A4,1068.7,1.8558134790797074,109
mammillary body,Neuronal cells,CNIH3,337.0,1.8532370542492216,110
mammillary body,Neuronal cells,KHDRBS2,2280.8,1.8519614575110006,111
mammillary body,Neuronal cells,GLRA3,122.5,1.8498884641750766,112
mammillary body,Neuronal cells,CHRM5,97.9,1.8449500309960862,113
mammillary body,Neuronal cells,GPAT3,61.5,1.8377508953750583,114
mammillary body,Neuronal cells,MGAT5,899.8,1.8372974195456648,115
mammillary body,Neuronal cells,SLC4A9,10.5,1.8346017348016392,116
mammillary body,Neuronal cells,CDH6,354.9,1.8312096485017548,117
mammillary body,Neuronal cells,PTCHD4,501.0,1.8259896013054742,118
mammillary body,Neuronal cells,SYT4,167.5,1.825921068911085,119
mammillary body,Neuronal cells,TUBB3,235.6,1.8216533051101729,120
mammillary body,Neuronal cells,UTRN,1385.5,1.8205382659506746,121
mammillary body,Neuronal cells,FBXO40,8.1,1.819173437871187,122
mammillary body,Neuronal cells,LHFPL3,1395.6,1.8153908770741594,123
mammillary body,Neuronal cells,LGR5,62.3,1.814937411018126,124
mammillary body,Neuronal cells,DOK7,12.3,1.8004685364723645,125
mammillary body,Neuronal cells,TRIM58,16.4,1.7973396437877363,126
mammillary body,Neuronal cells,EPHA7,595.4,1.7966448594569353,127
mammillary body,Neuronal cells,CPLX1,192.6,1.794350239986783,128
mammillary body,Neuronal cells,TSHZ2,925.7,1.7868709525439268,129
mammillary body,Neuronal cells,KIF26B,511.5,1.78397183004704,130
mammillary body,Neuronal cells,EGLN3,111.7,1.7716846524868783,131
mammillary body,Neuronal cells,EDIL3,1373.8,1.7548326489697266,132
mammillary body,Neuronal cells,LRRTM4,5898.8,1.7512291531821917,133
mammillary body,Neuronal cells,SCN1B,128.6,1.7487527159913672,134
mammillary body,Neuronal cells,CLEC2L,171.5,1.747011283534774,135
mammillary body,Neuronal cells,VAMP1,56.8,1.746882801807802,136
mammillary body,Neuronal cells,ZCCHC12,26.8,1.7360223479469972,137
mammillary body,Neuronal cells,NSG1,120.6,1.7348579312042147,138
mammillary body,Neuronal cells,SCG2,285.0,1.7302046564941467,139
mammillary body,Neuronal cells,SEMA3E,291.0,1.7292507621220166,140
mammillary body,Neuronal cells,SCRT1,44.7,1.7167947984006984,141
mammillary body,Neuronal cells,CHST8,71.2,1.7158870126761412,142
mammillary body,Neuronal cells,PCDH7,2466.8,1.7150721772516901,143
mammillary body,Neuronal cells,KCNH6,6.3,1.714582425395258,144
mammillary body,Neuronal cells,PLCL1,1537.4,1.7109956912804338,145
mammillary body,Neuronal cells,NDST3,587.5,1.708681237771122,146
mammillary body,Neuronal cells,SSTR1,17.3,1.7005591712598431,147
mammillary body,Neuronal cells,KCNJ2,61.5,1.6968418423683889,148
mammillary body,Neuronal cells,AP1S3,83.9,1.6950301755854578,149
mammillary body,Neuronal cells,ASTN2,1657.5,1.693461998106479,150
mammillary body,Neuronal cells,KLHL29,475.3,1.6930537603754436,151
mammillary body,Neuronal cells,RET,14.9,1.688392090376562,152
mammillary body,Neuronal cells,HS3ST1,79.6,1.688152424879386,153
mammillary body,Neuronal cells,SYT13,101.5,1.6863272649017211,154
mammillary body,Neuronal cells,CGN,20.9,1.6764359022080975,155
mammillary body,Neuronal cells,VSNL1,677.1,1.6764236695244827,156
mammillary body,Neuronal cells,GABRB2,1223.0,1.6751603096927346,157
mammillary body,Neuronal cells,IL1RAPL1,5787.9,1.6609965312864727,158
mammillary body,Neuronal cells,KCNN1,34.6,1.6602045774630934,159
mammillary body,Neuronal cells,SCN1A,1052.6,1.6499004988268693,160
mammillary body,Neuronal cells,GPC6,1655.4,1.640707596014615,161
mammillary body,Neuronal cells,NETO2,288.6,1.640593483758978,162
mammillary body,Neuronal cells,TNFAIP2,41.2,1.6355663745552456,163
mammillary body,Neuronal cells,ADAMTS2,55.4,1.6315165232307778,164
mammillary body,Neuronal cells,SHD,13.6,1.6268883644888597,165
mammillary body,Neuronal cells,NXPH1,1301.2,1.6213122613103255,166
mammillary body,Neuronal cells,GABRA4,245.2,1.621157858975197,167
mammillary body,Neuronal cells,ADCY2,1082.3,1.621065317996903,168
mammillary body,Neuronal cells,CACNA1H,27.5,1.6189536609107698,169
mammillary body,Neuronal cells,STBD1,9.6,1.6187625422135405,170
mammillary body,Neuronal cells,CALHM1,4.5,1.6187395127055806,171
mammillary body,Neuronal cells,ST8SIA2,29.9,1.6180207893004521,172
mammillary body,Neuronal cells,GRIN2D,52.0,1.6167373514393064,173
mammillary body,Neuronal cells,FGF12,3433.6,1.6155937260413078,174
mammillary body,Neuronal cells,EPHB1,419.1,1.601857255022524,175
mammillary body,Neuronal cells,FSTL5,1282.3,1.6002196896857315,176
mammillary body,Neuronal cells,SOX11,24.3,1.5995510905942438,177
mammillary body,Neuronal cells,KCNH2,40.8,1.5978845962160964,178
mammillary body,Neuronal cells,BAAT,22.8,1.5965815839879898,179
mammillary body,Neuronal cells,SLC24A3,849.2,1.5960035683347251,180
mammillary body,Neuronal cells,LIN28B,72.0,1.5937929644905593,181
mammillary body,Neuronal cells,NHS,417.3,1.5930746160824967,182
mammillary body,Neuronal cells,ZNF208,57.0,1.59267140345575,183
mammillary body,Neuronal cells,NEFM,120.0,1.585721443006439,184
mammillary body,Neuronal cells,GRPR,7.0,1.583324005325402,185
mammillary body,Neuronal cells,FRMD5,1611.3,1.5822075047770687,186
mammillary body,Neuronal cells,MX1,63.3,1.5817026319913978,187
mammillary body,Neuronal cells,SLC38A6,308.4,1.579504551478699,188
mammillary body,Neuronal cells,CHRNA6,8.2,1.5679560754154664,189
mammillary body,Neuronal cells,ZBTB7C,184.9,1.5663169744113656,190
mammillary body,Neuronal cells,NRG1,3877.7,1.5662366713756959,191
mammillary body,Neuronal cells,FIG4,187.6,1.5510119343420339,192
mammillary body,Neuronal cells,MCTP1,1360.5,1.5465887430113099,193
mammillary body,Neuronal cells,ADAM23,870.0,1.5451321966860676,194
mammillary body,Neuronal cells,SNCA,497.0,1.543300350662361,195
mammillary body,Neuronal cells,TMEM132B,1069.6,1.5423179254384571,196
mammillary body,Neuronal cells,STMN2,571.6,1.534723495278611,197
mammillary body,Neuronal cells,ANKK1,5.8,1.5300861722010828,198
mammillary body,Neuronal cells,DPY19L1,252.3,1.526613620830518,199
mammillary body,Neuronal cells,IL13RA2,7.7,1.5258879208089855,200
medium spiny neuron,Neuronal cells,PENK,341.4,5.091938617678586,1
medium spiny neuron,Neuronal cells,DRD2,148.7,5.0696710941620395,2
medium spiny neuron,Neuronal cells,GPR88,139.3,4.522845444971568,3
medium spiny neuron,Neuronal cells,GPR6,31.9,4.209121199983643,4
medium spiny neuron,Neuronal cells,KCNH4,116.1,4.154440152527826,5
medium spiny neuron,Neuronal cells,RGS9,375.4,4.133115171994558,6
medium spiny neuron,Neuronal cells,ISL1,20.2,4.085814046738434,7
medium spiny neuron,Neuronal cells,PDE1B,260.4,3.8531640067040835,8
medium spiny neuron,Neuronal cells,ONECUT2,258.1,3.7847044485024575,9
medium spiny neuron,Neuronal cells,GPR149,393.6,3.7594982178547522,10
medium spiny neuron,Neuronal cells,SYNDIG1L,105.5,3.5662426229913873,11
medium spiny neuron,Neuronal cells,SIX3,50.2,3.5375906815628078,12
medium spiny neuron,Neuronal cells,OTOF,116.2,3.4451413287597292,13
medium spiny neuron,Neuronal cells,ADCY5,668.8,3.318564073691862,14
medium spiny neuron,Neuronal cells,CCDC88C,222.3,3.259081123214573,15
medium spiny neuron,Neuronal cells,LPL,166.6,3.246662957710483,16
medium spiny neuron,Neuronal cells,STRIP2,495.2,3.1954445178104076,17
medium spiny neuron,Neuronal cells,SV2C,578.8,3.1877694360499578,18
medium spiny neuron,Neuronal cells,RARB,638.2,3.152203732488679,19
medium spiny neuron,Neuronal cells,RASD2,68.1,3.089995774422402,20
medium spiny neuron,Neuronal cells,LOXHD1,51.1,3.089394103997804,21
medium spiny neuron,Neuronal cells,SLC35F3,2781.8,3.0812018377125705,22
medium spiny neuron,Neuronal cells,PPP1R1B,205.3,3.0792533516510066,23
medium spiny neuron,Neuronal cells,COCH,282.4,3.0521783492463666,24
medium spiny neuron,Neuronal cells,GNAL,1131.3,3.0363576851043605,25
medium spiny neuron,Neuronal cells,NGEF,319.9,3.0263001609953606,26
medium spiny neuron,Neuronal cells,HTR4,469.9,2.9788125859630794,27
medium spiny neuron,Neuronal cells,DRD1,74.5,2.9327436814790304,28
medium spiny neuron,Neuronal cells,ANO3,1104.8,2.907489678357752,29
medium spiny neuron,Neuronal cells,BSPRY,29.3,2.8856219788548674,30
medium spiny neuron,Neuronal cells,PHACTR1,9113.3,2.8401329869142193,31
medium spiny neuron,Neuronal cells,PDE10A,3075.4,2.8143779007452414,32
medium spiny neuron,Neuronal cells,CALB1,115.5,2.811074808194718,33
medium spiny neuron,Neuronal cells,CPNE5,206.2,2.76572043334964,34
medium spiny neuron,Neuronal cells,SYTL5,201.9,2.758317484138743,35
medium spiny neuron,Neuronal cells,SLITRK6,19.8,2.710034874922278,36
medium spiny neuron,Neuronal cells,PTPN5,328.5,2.7069623907711287,37
medium spiny neuron,Neuronal cells,MYO3A,99.2,2.705575463964186,38
medium spiny neuron,Neuronal cells,RGS14,49.2,2.673307374630818,39
medium spiny neuron,Neuronal cells,TPBG,49.2,2.666103581851979,40
medium spiny neuron,Neuronal cells,RGS8,79.5,2.647730841305337,41
medium spiny neuron,Neuronal cells,SCN4B,71.0,2.6463630453852995,42
medium spiny neuron,Neuronal cells,GNG7,595.4,2.6462368419087823,43
medium spiny neuron,Neuronal cells,SPEF1,79.9,2.6272404961986977,44
medium spiny neuron,Neuronal cells,NNAT,409.7,2.6055789834716756,45
medium spiny neuron,Neuronal cells,AKAP5,66.7,2.5670573347774233,46
medium spiny neuron,Neuronal cells,GPR139,20.1,2.553605013519635,47
medium spiny neuron,Neuronal cells,ENTPD3,221.5,2.5443368901113126,48
medium spiny neuron,Neuronal cells,POU3F4,25.9,2.5355979144152903,49
medium spiny neuron,Neuronal cells,CA12,120.1,2.5279458281525145,50
medium spiny neuron,Neuronal cells,DACT2,18.1,2.5264259246016456,51
medium spiny neuron,Neuronal cells,DGKH,849.1,2.521976307029785,52
medium spiny neuron,Neuronal cells,MYB,30.6,2.4917493389100254,53
medium spiny neuron,Neuronal cells,DACH1,810.4,2.4812883380511517,54
medium spiny neuron,Neuronal cells,RAP1GAP,436.8,2.4742818450741333,55
medium spiny neuron,Neuronal cells,MEIS2,1513.3,2.461147524134673,56
medium spiny neuron,Neuronal cells,TMEM158,106.9,2.449438308944031,57
medium spiny neuron,Neuronal cells,PASK,49.8,2.4202103088395788,58
medium spiny neuron,Neuronal cells,DDIT4L,13.2,2.4127815253384757,59
medium spiny neuron,Neuronal cells,PCP4,451.2,2.40148259468279,60
medium spiny neuron,Neuronal cells,OPN4,19.8,2.3861826366066587,61
medium spiny neuron,Neuronal cells,INPP5A,311.8,2.3753731553654216,62
medium spiny neuron,Neuronal cells,HS3ST5,705.6,2.3599367805083675,63
medium spiny neuron,Neuronal cells,ABHD12B,29.7,2.354475799839146,64
medium spiny neuron,Neuronal cells,RPRML,45.3,2.3441941112853537,65
medium spiny neuron,Neuronal cells,NPNT,98.7,2.343620508438809,66
medium spiny neuron,Neuronal cells,PDYN,25.0,2.3405437730547094,67
medium spiny neuron,Neuronal cells,SLC9A7,295.7,2.3327396137214347,68
medium spiny neuron,Neuronal cells,RIPPLY3,4.8,2.332519506155078,69
medium spiny neuron,Neuronal cells,TBL1Y,51.0,2.3274032249535135,70
medium spiny neuron,Neuronal cells,TAC1,232.6,2.3176860528255916,71
medium spiny neuron,Neuronal cells,KCNIP2,158.2,2.307473836677698,72
medium spiny neuron,Neuronal cells,ZNF732,18.5,2.3074285251922477,73
medium spiny neuron,Neuronal cells,EGR4,16.3,2.3016028090059417,74
medium spiny neuron,Neuronal cells,HRH2,176.5,2.2987174284801637,75
medium spiny neuron,Neuronal cells,CACNG4,165.2,2.2701541523491877,76
medium spiny neuron,Neuronal cells,TBC1D26,19.1,2.230900060203443,77
medium spiny neuron,Neuronal cells,LAMP5,143.6,2.2103493192161183,78
medium spiny neuron,Neuronal cells,PDE7B,1106.8,2.2098189456751327,79
medium spiny neuron,Neuronal cells,YPEL1,152.3,2.204339899956987,80
medium spiny neuron,Neuronal cells,SORCS1,1006.7,2.2014247655637296,81
medium spiny neuron,Neuronal cells,P2RY1,25.6,2.196547878047324,82
medium spiny neuron,Neuronal cells,CYP46A1,271.1,2.190092700170185,83
medium spiny neuron,Neuronal cells,ANKRD18A,103.9,2.184754227373459,84
medium spiny neuron,Neuronal cells,TRAIP,16.6,2.183025189114114,85
medium spiny neuron,Neuronal cells,ISM2,6.9,2.180756721703819,86
medium spiny neuron,Neuronal cells,CAMK4,1197.4,2.176385520178433,87
medium spiny neuron,Neuronal cells,COL25A1,694.4,2.1733805600785314,88
medium spiny neuron,Neuronal cells,PRMT8,179.9,2.1722105887227103,89
medium spiny neuron,Neuronal cells,LRRC10B,20.7,2.1720419424544137,90
medium spiny neuron,Neuronal cells,ST8SIA3,228.0,2.169180650602013,91
medium spiny neuron,Neuronal cells,ARPP19,368.0,2.1643377937475257,92
medium spiny neuron,Neuronal cells,HPCA,170.3,2.159055682501945,93
medium spiny neuron,Neuronal cells,DGKB,3076.0,2.1413658784604377,94
medium spiny neuron,Neuronal cells,OBSCN,105.6,2.1346192143231155,95
medium spiny neuron,Neuronal cells,EML1,311.2,2.127311661770753,96
medium spiny neuron,Neuronal cells,FSTL4,614.0,2.1205260552664065,97
medium spiny neuron,Neuronal cells,PLPPR1,625.9,2.1142643062281308,98
medium spiny neuron,Neuronal cells,TERT,3.9,2.104515111796024,99
medium spiny neuron,Neuronal cells,PPP1R1A,34.8,2.0998497239184184,100
medium spiny neuron,Neuronal cells,WIPF3,219.9,2.0953263649327836,101
medium spiny neuron,Neuronal cells,SMPD3,178.2,2.088432917182008,102
medium spiny neuron,Neuronal cells,FAT3,1693.4,2.07356175139787,103
medium spiny neuron,Neuronal cells,JCAD,171.8,2.0725312791297625,104
medium spiny neuron,Neuronal cells,DGAT2,16.7,2.070092964899212,105
medium spiny neuron,Neuronal cells,EPB41,541.1,2.063414234768338,106
medium spiny neuron,Neuronal cells,CACNA1H,36.6,2.062250081200677,107
medium spiny neuron,Neuronal cells,MACROD2,4992.8,2.0603241475084215,108
medium spiny neuron,Neuronal cells,JAKMIP1,387.8,2.0525340546162307,109
medium spiny neuron,Neuronal cells,TESPA1,89.4,2.0519946376382614,110
medium spiny neuron,Neuronal cells,RYR3,1515.8,2.050542078393043,111
medium spiny neuron,Neuronal cells,KCTD17,103.2,2.050116698692778,112
medium spiny neuron,Neuronal cells,OR2H2,9.3,2.049656234763867,113
medium spiny neuron,Neuronal cells,ACE,7.4,2.04654258593703,114
medium spiny neuron,Neuronal cells,FAM9B,16.7,2.0443941193584534,115
medium spiny neuron,Neuronal cells,DCC,2460.4,2.0377349808695935,116
medium spiny neuron,Neuronal cells,NPY5R,15.5,2.035676902257345,117
medium spiny neuron,Neuronal cells,ADAMTS19,376.5,2.0327373559663173,118
medium spiny neuron,Neuronal cells,FTCD,49.2,2.0308072998423268,119
medium spiny neuron,Neuronal cells,ACTN2,247.9,2.0287567532151654,120
medium spiny neuron,Neuronal cells,TOMM70,212.5,2.0211844817381652,121
medium spiny neuron,Neuronal cells,PRKCB,1416.0,1.9980945726399797,122
medium spiny neuron,Neuronal cells,PRB1,20.1,1.996481986968624,123
medium spiny neuron,Neuronal cells,BCL11B,451.8,1.9844812179411322,124
medium spiny neuron,Neuronal cells,TMEM120B,209.6,1.9786116960116817,125
medium spiny neuron,Neuronal cells,TMEM215,11.6,1.971825493407808,126
medium spiny neuron,Neuronal cells,DPYSL5,267.9,1.9625915791280844,127
medium spiny neuron,Neuronal cells,ITPKA,31.0,1.959585731554092,128
medium spiny neuron,Neuronal cells,RGS20,157.8,1.9562901277942268,129
medium spiny neuron,Neuronal cells,TNFRSF8,5.9,1.953246231300258,130
medium spiny neuron,Neuronal cells,TRIM71,31.1,1.9529710915948586,131
medium spiny neuron,Neuronal cells,CACNA2D3,2423.0,1.9480242598501132,132
medium spiny neuron,Neuronal cells,ASPHD2,54.6,1.9450746932846565,133
medium spiny neuron,Neuronal cells,TRIM17,28.8,1.9450198301178914,134
medium spiny neuron,Neuronal cells,RERG,442.0,1.9349920505543678,135
medium spiny neuron,Neuronal cells,GSG1L,168.0,1.924753087756093,136
medium spiny neuron,Neuronal cells,CAMKV,152.2,1.9230973161811182,137
medium spiny neuron,Neuronal cells,NPY1R,152.1,1.9206410018289128,138
medium spiny neuron,Neuronal cells,SOWAHA,24.5,1.9113980151581922,139
medium spiny neuron,Neuronal cells,GAD2,397.4,1.9051304388435435,140
medium spiny neuron,Neuronal cells,NDST3,664.5,1.9048965795019883,141
medium spiny neuron,Neuronal cells,DDN,24.4,1.8999365937300179,142
medium spiny neuron,Neuronal cells,SH2D5,23.9,1.8991422717256512,143
medium spiny neuron,Neuronal cells,MAPK4,397.0,1.8880251488993862,144
medium spiny neuron,Neuronal cells,RHOBTB2,88.1,1.8744691179161406,145
medium spiny neuron,Neuronal cells,TUNAR,39.4,1.8732792662685813,146
medium spiny neuron,Neuronal cells,EPHX4,68.1,1.8723827906676755,147
medium spiny neuron,Neuronal cells,ATP2B1,1533.5,1.8689847681722078,148
medium spiny neuron,Neuronal cells,LINGO3,10.3,1.864573081773641,149
medium spiny neuron,Neuronal cells,PEG10,174.8,1.8579685611562555,150
medium spiny neuron,Neuronal cells,PCDH11X,1070.6,1.8480115935384005,151
medium spiny neuron,Neuronal cells,WNT10B,34.0,1.8373937484389873,152
medium spiny neuron,Neuronal cells,ASB18,29.0,1.8354607375307315,153
medium spiny neuron,Neuronal cells,CAMK1G,41.9,1.8332148787699,154
medium spiny neuron,Neuronal cells,KCNA4,42.6,1.821056598059684,155
medium spiny neuron,Neuronal cells,SLC9A5,44.9,1.8166235182954387,156
medium spiny neuron,Neuronal cells,MAGEL2,14.2,1.8165882018356414,157
medium spiny neuron,Neuronal cells,PPP2R2C,546.5,1.8149045230816931,158
medium spiny neuron,Neuronal cells,DLK1,6.1,1.8147628717918731,159
medium spiny neuron,Neuronal cells,PDZD2,1367.3,1.8105583303651829,160
medium spiny neuron,Neuronal cells,PDE2A,191.8,1.8065048477663672,161
medium spiny neuron,Neuronal cells,WNT10A,9.5,1.8058983898380876,162
medium spiny neuron,Neuronal cells,GABRA4,275.5,1.8052535605164894,163
medium spiny neuron,Neuronal cells,RNF212,32.9,1.8016275082129896,164
medium spiny neuron,Neuronal cells,TESC,121.2,1.801446143314643,165
medium spiny neuron,Neuronal cells,GUCY1A2,854.1,1.7975414641151615,166
medium spiny neuron,Neuronal cells,PCP4L1,56.6,1.793832507974991,167
medium spiny neuron,Neuronal cells,GOLT1A,19.3,1.7916121855118576,168
medium spiny neuron,Neuronal cells,LRRN1,325.6,1.7857653429316709,169
medium spiny neuron,Neuronal cells,EGR3,17.5,1.7821722705953587,170
medium spiny neuron,Neuronal cells,GABRA5,137.6,1.7819670362197524,171
medium spiny neuron,Neuronal cells,MAN1A1,465.3,1.7797105656238423,172
medium spiny neuron,Neuronal cells,EPHB6,82.8,1.7750609754186477,173
medium spiny neuron,Neuronal cells,MFSD2B,13.1,1.7745545356195453,174
medium spiny neuron,Neuronal cells,BAIAP2,187.0,1.7662511557904057,175
medium spiny neuron,Neuronal cells,CARNMT1,183.8,1.7635631051505527,176
medium spiny neuron,Neuronal cells,C20orf27,58.8,1.7628323171959777,177
medium spiny neuron,Neuronal cells,PPP3CA,2744.1,1.7596348352599984,178
medium spiny neuron,Neuronal cells,KCNQ5,3522.2,1.752229235468535,179
medium spiny neuron,Neuronal cells,TPD52L1,195.3,1.7417767261570656,180
medium spiny neuron,Neuronal cells,RYR2,3636.4,1.741437990774815,181
medium spiny neuron,Neuronal cells,HS6ST2,191.2,1.736116655725139,182
medium spiny neuron,Neuronal cells,OSBPL8,924.4,1.72912268154615,183
medium spiny neuron,Neuronal cells,NSG2,396.0,1.7248664554254223,184
medium spiny neuron,Neuronal cells,MGAT5B,77.8,1.7118860918149965,185
medium spiny neuron,Neuronal cells,TH,5.5,1.7048181586516666,186
medium spiny neuron,Neuronal cells,FNBP1L,421.7,1.703444775786442,187
medium spiny neuron,Neuronal cells,FBXL16,85.2,1.696754768368266,188
medium spiny neuron,Neuronal cells,ACTN1,302.6,1.6938130165946261,189
medium spiny neuron,Neuronal cells,NECAB1,637.2,1.691890351232126,190
medium spiny neuron,Neuronal cells,IVNS1ABP,130.5,1.6862802915539084,191
medium spiny neuron,Neuronal cells,PLCB2,29.3,1.685797314423695,192
medium spiny neuron,Neuronal cells,DIO2,53.5,1.6848420005465496,193
medium spiny neuron,Neuronal cells,NEB,52.2,1.6826152080993528,194
medium spiny neuron,Neuronal cells,PRKAR2B,286.2,1.6777553190098748,195
medium spiny neuron,Neuronal cells,HRH3,55.9,1.677042708821823,196
medium spiny neuron,Neuronal cells,KCNN3,246.7,1.6770027363030526,197
medium spiny neuron,Neuronal cells,EPHB1,439.5,1.676724768386436,198
medium spiny neuron,Neuronal cells,RSAD2,70.8,1.6676610714078635,199
medium spiny neuron,Neuronal cells,AP1G2,85.0,1.6665278528772336,200
midbrain-derived inhibitory,Neuronal cells,CHRM2,1544.5,4.351059142391029,1
midbrain-derived inhibitory,Neuronal cells,NPPC,198.7,4.251456414278339,2
midbrain-derived inhibitory,Neuronal cells,SHISA8,181.7,4.194030198259587,3
midbrain-derived inhibitory,Neuronal cells,GREM2,433.1,4.084494963264178,4
midbrain-derived inhibitory,Neuronal cells,GRIK1,8188.5,3.9899939656470216,5
midbrain-derived inhibitory,Neuronal cells,IGSF3,215.2,3.9225659194772042,6
midbrain-derived inhibitory,Neuronal cells,LMO1,55.9,3.8747508667776733,7
midbrain-derived inhibitory,Neuronal cells,SYNDIG1L,121.5,3.8481468047358622,8
midbrain-derived inhibitory,Neuronal cells,RORB,722.3,3.783622034410267,9
midbrain-derived inhibitory,Neuronal cells,CHRNA3,49.0,3.7741642121204553,10
midbrain-derived inhibitory,Neuronal cells,LYPD6,312.9,3.7626379769350566,11
midbrain-derived inhibitory,Neuronal cells,CTXN3,70.4,3.74117617446714,12
midbrain-derived inhibitory,Neuronal cells,PCOLCE2,156.5,3.712061270404247,13
midbrain-derived inhibitory,Neuronal cells,TMEM215,32.7,3.7113781569872732,14
midbrain-derived inhibitory,Neuronal cells,ASIC4,93.5,3.7021524456781023,15
midbrain-derived inhibitory,Neuronal cells,SEMA3C,782.7,3.6802703588057795,16
midbrain-derived inhibitory,Neuronal cells,PCBP3,1029.0,3.6086878559665982,17
midbrain-derived inhibitory,Neuronal cells,SLC27A6,242.9,3.5768654343190076,18
midbrain-derived inhibitory,Neuronal cells,NYAP2,1450.1,3.55293655104001,19
midbrain-derived inhibitory,Neuronal cells,VASH2,91.8,3.5333231074846374,20
midbrain-derived inhibitory,Neuronal cells,SPHKAP,1973.5,3.5232708271071562,21
midbrain-derived inhibitory,Neuronal cells,GALNT14,754.6,3.5094213863818666,22
midbrain-derived inhibitory,Neuronal cells,GRIP2,291.2,3.3423601370585616,23
midbrain-derived inhibitory,Neuronal cells,KIT,571.8,3.323715168329502,24
midbrain-derived inhibitory,Neuronal cells,SMPX,22.4,3.289049995877393,25
midbrain-derived inhibitory,Neuronal cells,SYNPR,2199.1,3.2413454027951976,26
midbrain-derived inhibitory,Neuronal cells,IGF1,274.1,3.2001312902962202,27
midbrain-derived inhibitory,Neuronal cells,NELL1,1859.3,3.0531451776162446,28
midbrain-derived inhibitory,Neuronal cells,SPOCD1,14.0,3.018184240035605,29
midbrain-derived inhibitory,Neuronal cells,TSPAN12,62.5,2.9963557001250947,30
midbrain-derived inhibitory,Neuronal cells,ZMAT4,1206.1,2.9725314955463262,31
midbrain-derived inhibitory,Neuronal cells,CACNA1G,132.5,2.89880824931066,32
midbrain-derived inhibitory,Neuronal cells,GAD2,705.5,2.864137221819692,33
midbrain-derived inhibitory,Neuronal cells,HCN4,26.4,2.8137512749910325,34
midbrain-derived inhibitory,Neuronal cells,ARHGEF33,119.7,2.798292125114122,35
midbrain-derived inhibitory,Neuronal cells,B4GALT6,503.8,2.7879480275535555,36
midbrain-derived inhibitory,Neuronal cells,KCNAB3,66.6,2.767113598097878,37
midbrain-derived inhibitory,Neuronal cells,CAPN13,20.9,2.765255297428522,38
midbrain-derived inhibitory,Neuronal cells,FNDC5,120.5,2.7561024033223283,39
midbrain-derived inhibitory,Neuronal cells,FBN1,794.0,2.7349323519185726,40
midbrain-derived inhibitory,Neuronal cells,VSTM2L,216.7,2.7236593755219003,41
midbrain-derived inhibitory,Neuronal cells,GAD1,529.1,2.640215556123965,42
midbrain-derived inhibitory,Neuronal cells,MEI1,36.5,2.613573622838682,43
midbrain-derived inhibitory,Neuronal cells,TSPAN18,134.2,2.606463569932078,44
midbrain-derived inhibitory,Neuronal cells,NR2F2,334.6,2.596970966606369,45
midbrain-derived inhibitory,Neuronal cells,TRPC5,346.7,2.585075666587072,46
midbrain-derived inhibitory,Neuronal cells,GULP1,1053.3,2.5847510375504004,47
midbrain-derived inhibitory,Neuronal cells,RASD2,50.3,2.567428870936408,48
midbrain-derived inhibitory,Neuronal cells,DSEL,222.6,2.5628437702237346,49
midbrain-derived inhibitory,Neuronal cells,KIFC3,200.5,2.5419358957786047,50
midbrain-derived inhibitory,Neuronal cells,GUCY1A1,584.0,2.45680345889258,51
midbrain-derived inhibitory,Neuronal cells,RPP25,32.6,2.447317042292481,52
midbrain-derived inhibitory,Neuronal cells,VAV3,607.1,2.4289533543376964,53
midbrain-derived inhibitory,Neuronal cells,UNC13C,1643.2,2.4272974515387564,54
midbrain-derived inhibitory,Neuronal cells,ZFHX4,455.0,2.4104938957200996,55
midbrain-derived inhibitory,Neuronal cells,SP5,10.6,2.4065200875988544,56
midbrain-derived inhibitory,Neuronal cells,TMEM72,22.5,2.395390256828383,57
midbrain-derived inhibitory,Neuronal cells,HS3ST2,229.3,2.390922840707007,58
midbrain-derived inhibitory,Neuronal cells,SOX11,40.2,2.3888199785425335,59
midbrain-derived inhibitory,Neuronal cells,SAMD5,609.1,2.3775016109695652,60
midbrain-derived inhibitory,Neuronal cells,PAQR9,42.6,2.372747560153987,61
midbrain-derived inhibitory,Neuronal cells,RDH12,11.6,2.3724178653410553,62
midbrain-derived inhibitory,Neuronal cells,SYT9,283.2,2.3557168457704445,63
midbrain-derived inhibitory,Neuronal cells,DHCR24,122.1,2.355631075698863,64
midbrain-derived inhibitory,Neuronal cells,EPHA8,31.1,2.347762356745422,65
midbrain-derived inhibitory,Neuronal cells,SV2C,351.2,2.3201417519370957,66
midbrain-derived inhibitory,Neuronal cells,BACH1,670.5,2.3148166494481672,67
midbrain-derived inhibitory,Neuronal cells,RIMS3,96.8,2.3107514327055294,68
midbrain-derived inhibitory,Neuronal cells,SMAD9,190.7,2.3001094712384256,69
midbrain-derived inhibitory,Neuronal cells,SYT6,59.1,2.292978166400215,70
midbrain-derived inhibitory,Neuronal cells,OLFML2B,29.0,2.2647841877837536,71
midbrain-derived inhibitory,Neuronal cells,KCND2,5323.0,2.249960676064544,72
midbrain-derived inhibitory,Neuronal cells,SIPA1L2,664.3,2.2464875020897126,73
midbrain-derived inhibitory,Neuronal cells,RALGAPA2,778.1,2.2359285775070563,74
midbrain-derived inhibitory,Neuronal cells,IGFBPL1,24.4,2.2297548870891286,75
midbrain-derived inhibitory,Neuronal cells,GPR153,29.9,2.219800908081882,76
midbrain-derived inhibitory,Neuronal cells,EDA,210.2,2.21255909247355,77
midbrain-derived inhibitory,Neuronal cells,SLC1A7,12.5,2.20234647913469,78
midbrain-derived inhibitory,Neuronal cells,PKIB,154.7,2.1803233055194715,79
midbrain-derived inhibitory,Neuronal cells,SLC12A5,289.4,2.1683677099176215,80
midbrain-derived inhibitory,Neuronal cells,LAMB1,267.7,2.166536646531508,81
midbrain-derived inhibitory,Neuronal cells,SLC32A1,41.0,2.1610525974383608,82
midbrain-derived inhibitory,Neuronal cells,KCNK3,48.5,2.15805090115402,83
midbrain-derived inhibitory,Neuronal cells,CDH13,1191.2,2.150876540586808,84
midbrain-derived inhibitory,Neuronal cells,NXPH2,252.5,2.1478986951123136,85
midbrain-derived inhibitory,Neuronal cells,PPP1R14C,153.7,2.140179388245921,86
midbrain-derived inhibitory,Neuronal cells,AFF2,376.6,2.122704442532679,87
midbrain-derived inhibitory,Neuronal cells,MEIS2,1225.2,2.111602162751831,88
midbrain-derived inhibitory,Neuronal cells,PMEPA1,205.0,2.101446950104538,89
midbrain-derived inhibitory,Neuronal cells,CARMIL3,43.9,2.097159081902372,90
midbrain-derived inhibitory,Neuronal cells,DEFB1,4.9,2.0721687854600583,91
midbrain-derived inhibitory,Neuronal cells,CBLN4,49.9,2.0690500650466106,92
midbrain-derived inhibitory,Neuronal cells,HTR2A,143.6,2.067019178567305,93
midbrain-derived inhibitory,Neuronal cells,KCNIP2,136.5,2.066864400162148,94
midbrain-derived inhibitory,Neuronal cells,KCNC4,85.6,2.0437695309768578,95
midbrain-derived inhibitory,Neuronal cells,FZD1,27.6,2.0412448165560497,96
midbrain-derived inhibitory,Neuronal cells,PTCHD4,570.5,2.034676423184421,97
midbrain-derived inhibitory,Neuronal cells,CNTN4,2533.9,2.015984277377782,98
midbrain-derived inhibitory,Neuronal cells,ANKRD34C,9.0,2.0158249671616826,99
midbrain-derived inhibitory,Neuronal cells,SYN3,1384.1,2.0094842509447637,100
midbrain-derived inhibitory,Neuronal cells,KLHL13,220.0,2.000989434947834,101
midbrain-derived inhibitory,Neuronal cells,HMGCS1,292.2,1.9978544623024599,102
midbrain-derived inhibitory,Neuronal cells,STARD4,120.2,1.9953902865116544,103
midbrain-derived inhibitory,Neuronal cells,ADAMTS5,40.3,1.9916616142587247,104
midbrain-derived inhibitory,Neuronal cells,ADGRB1,191.7,1.9902097817658964,105
midbrain-derived inhibitory,Neuronal cells,FIGN,658.3,1.9869891894326945,106
midbrain-derived inhibitory,Neuronal cells,NR1D1,50.9,1.9811705100440604,107
midbrain-derived inhibitory,Neuronal cells,KIZ,418.6,1.9738165179364713,108
midbrain-derived inhibitory,Neuronal cells,AMIGO2,19.4,1.9736680672174494,109
midbrain-derived inhibitory,Neuronal cells,HPCA,151.5,1.970068376907885,110
midbrain-derived inhibitory,Neuronal cells,CACNA1D,1203.1,1.9695812696722164,111
midbrain-derived inhibitory,Neuronal cells,GDF10,15.2,1.9695588864358635,112
midbrain-derived inhibitory,Neuronal cells,ACAT2,88.7,1.9642346379834779,113
midbrain-derived inhibitory,Neuronal cells,SCG2,326.7,1.947869952981357,114
midbrain-derived inhibitory,Neuronal cells,PPARG,146.5,1.9443857757189087,115
midbrain-derived inhibitory,Neuronal cells,CNTNAP5,2634.7,1.9429193337637514,116
midbrain-derived inhibitory,Neuronal cells,NAALAD2,287.5,1.9410463040817796,117
midbrain-derived inhibitory,Neuronal cells,INSM1,11.1,1.9381177943545393,118
midbrain-derived inhibitory,Neuronal cells,MYO3A,61.9,1.9313890849880642,119
midbrain-derived inhibitory,Neuronal cells,TMEM97,26.3,1.9313580108811486,120
midbrain-derived inhibitory,Neuronal cells,NTSR1,15.5,1.9309360695751692,121
midbrain-derived inhibitory,Neuronal cells,N4BP2,162.9,1.918459855462687,122
midbrain-derived inhibitory,Neuronal cells,MYCN,13.5,1.9182415199450469,123
midbrain-derived inhibitory,Neuronal cells,EEPD1,245.8,1.9133084427577045,124
midbrain-derived inhibitory,Neuronal cells,CDH8,1093.2,1.9015904125656524,125
midbrain-derived inhibitory,Neuronal cells,CHRNA7,91.8,1.9004392013623845,126
midbrain-derived inhibitory,Neuronal cells,QPRT,33.1,1.8976892141701847,127
midbrain-derived inhibitory,Neuronal cells,CACNA2D2,80.7,1.89243517270393,128
midbrain-derived inhibitory,Neuronal cells,GALNT13,2073.9,1.8919339331725094,129
midbrain-derived inhibitory,Neuronal cells,LINGO2,2530.9,1.8917230815304247,130
midbrain-derived inhibitory,Neuronal cells,ERICH5,9.3,1.8869735952526372,131
midbrain-derived inhibitory,Neuronal cells,DOK5,255.8,1.8828579953376194,132
midbrain-derived inhibitory,Neuronal cells,HRH1,86.8,1.8779421896950428,133
midbrain-derived inhibitory,Neuronal cells,LRFN2,256.9,1.8729781527495806,134
midbrain-derived inhibitory,Neuronal cells,RGPD3,11.4,1.8693074128003622,135
midbrain-derived inhibitory,Neuronal cells,CPNE4,819.1,1.8689870281888161,136
midbrain-derived inhibitory,Neuronal cells,NPAS2,430.0,1.868715775722908,137
midbrain-derived inhibitory,Neuronal cells,BDH2,28.1,1.8667776562206744,138
midbrain-derived inhibitory,Neuronal cells,KIAA1958,547.7,1.8573636409134833,139
midbrain-derived inhibitory,Neuronal cells,FAT3,1476.7,1.852795904695542,140
midbrain-derived inhibitory,Neuronal cells,CEP112,890.6,1.8523989547489035,141
midbrain-derived inhibitory,Neuronal cells,ELMOD1,478.1,1.8365612334637746,142
midbrain-derived inhibitory,Neuronal cells,ALK,416.4,1.833278909872615,143
midbrain-derived inhibitory,Neuronal cells,FAM163B,73.1,1.8276449889704378,144
midbrain-derived inhibitory,Neuronal cells,SOX4,98.6,1.8260424279136418,145
midbrain-derived inhibitory,Neuronal cells,IPCEF1,50.8,1.8257864714424812,146
midbrain-derived inhibitory,Neuronal cells,GSG1L,157.7,1.8239510227894395,147
midbrain-derived inhibitory,Neuronal cells,FOXP2,1001.9,1.8136567561426782,148
midbrain-derived inhibitory,Neuronal cells,FUT9,1317.0,1.8104181021905876,149
midbrain-derived inhibitory,Neuronal cells,CADPS,2972.0,1.8079336807616766,150
midbrain-derived inhibitory,Neuronal cells,HGF,49.1,1.8020852348272662,151
midbrain-derived inhibitory,Neuronal cells,BEND7,105.4,1.8014707560617413,152
midbrain-derived inhibitory,Neuronal cells,KCNIP4,20665.2,1.796098500144953,153
midbrain-derived inhibitory,Neuronal cells,ZFPM2,2505.5,1.7952281227329312,154
midbrain-derived inhibitory,Neuronal cells,C11orf87,117.7,1.7912943916285997,155
midbrain-derived inhibitory,Neuronal cells,ZEB1,1599.6,1.787547185891993,156
midbrain-derived inhibitory,Neuronal cells,KCNH2,45.9,1.7802066336384017,157
midbrain-derived inhibitory,Neuronal cells,SBK1,43.2,1.7773532621765598,158
midbrain-derived inhibitory,Neuronal cells,ZNF730,36.3,1.7768543048725443,159
midbrain-derived inhibitory,Neuronal cells,TMEM145,99.5,1.7731587481052506,160
midbrain-derived inhibitory,Neuronal cells,ROBO2,7046.5,1.7708872267711917,161
midbrain-derived inhibitory,Neuronal cells,CHGA,86.9,1.7684920997201496,162
midbrain-derived inhibitory,Neuronal cells,RAI14,137.7,1.762543463846426,163
midbrain-derived inhibitory,Neuronal cells,EPHA10,87.4,1.754646430220241,164
midbrain-derived inhibitory,Neuronal cells,NSG2,403.1,1.7530265484540193,165
midbrain-derived inhibitory,Neuronal cells,ANO5,423.3,1.7501004309158406,166
midbrain-derived inhibitory,Neuronal cells,NRXN3,10328.3,1.7496104904432008,167
midbrain-derived inhibitory,Neuronal cells,MGARP,7.3,1.7487773015869383,168
midbrain-derived inhibitory,Neuronal cells,EPHB3,16.8,1.7453404907236776,169
midbrain-derived inhibitory,Neuronal cells,RBBP9,22.9,1.7443623223007574,170
midbrain-derived inhibitory,Neuronal cells,ARL6IP1,56.7,1.7395693040659836,171
midbrain-derived inhibitory,Neuronal cells,GNG3,105.8,1.7299148302462188,172
midbrain-derived inhibitory,Neuronal cells,TMTC2,1097.6,1.7274121717712805,173
midbrain-derived inhibitory,Neuronal cells,B3GLCT,237.4,1.7249493054501515,174
midbrain-derived inhibitory,Neuronal cells,GRIN1,505.7,1.7245174930583398,175
midbrain-derived inhibitory,Neuronal cells,PRSS56,5.1,1.7224660244710912,176
midbrain-derived inhibitory,Neuronal cells,TMCC3,120.0,1.7188935215125374,177
midbrain-derived inhibitory,Neuronal cells,SV2A,255.5,1.7112605697632102,178
midbrain-derived inhibitory,Neuronal cells,SYT1,8074.5,1.7015764936455247,179
midbrain-derived inhibitory,Neuronal cells,CA10,1159.8,1.7004011151235032,180
midbrain-derived inhibitory,Neuronal cells,PCP4L1,53.1,1.6942106380521749,181
midbrain-derived inhibitory,Neuronal cells,PLPPR3,40.5,1.689472989687363,182
midbrain-derived inhibitory,Neuronal cells,RGS6,1398.1,1.6839552438289955,183
midbrain-derived inhibitory,Neuronal cells,LRTM2,30.5,1.6822693849505455,184
midbrain-derived inhibitory,Neuronal cells,BCAT1,179.6,1.6758562365650256,185
midbrain-derived inhibitory,Neuronal cells,HDAC9,1968.9,1.6718354056654177,186
midbrain-derived inhibitory,Neuronal cells,DGAT2,12.8,1.6711191444708706,187
midbrain-derived inhibitory,Neuronal cells,TOX2,126.5,1.6690411668154286,188
midbrain-derived inhibitory,Neuronal cells,PNPLA3,19.9,1.6656170264120265,189
midbrain-derived inhibitory,Neuronal cells,DLGAP1,7246.3,1.6629133367746765,190
midbrain-derived inhibitory,Neuronal cells,DOK6,1066.3,1.661382043242157,191
midbrain-derived inhibitory,Neuronal cells,TMEM200C,26.8,1.6555405518832649,192
midbrain-derived inhibitory,Neuronal cells,CACHD1,480.0,1.6527052720817654,193
midbrain-derived inhibitory,Neuronal cells,GUCY1B1,267.1,1.64990024141214,194
midbrain-derived inhibitory,Neuronal cells,TOX3,166.6,1.6492102242659596,195
midbrain-derived inhibitory,Neuronal cells,PDE3A,590.9,1.6484483813520812,196
midbrain-derived inhibitory,Neuronal cells,ZNF608,451.3,1.6472092537442395,197
midbrain-derived inhibitory,Neuronal cells,FAM135B,672.0,1.6436085513040122,198
midbrain-derived inhibitory,Neuronal cells,LRRTM2,72.3,1.6392932982176014,199
midbrain-derived inhibitory,Neuronal cells,INSM2,5.3,1.6379697503843176,200
miscellaneous,Neuronal cells,GRB14,136.0,3.0294654906759466,1
miscellaneous,Neuronal cells,KCNB2,1482.6,2.5717276423603836,2
miscellaneous,Neuronal cells,TSHZ2,1434.1,2.503078245495652,3
miscellaneous,Neuronal cells,RSPO2,141.7,2.5013162221536107,4
miscellaneous,Neuronal cells,PTTG1,14.0,2.4902146009339208,5
miscellaneous,Neuronal cells,VIPR2,55.1,2.4594316186372978,6
miscellaneous,Neuronal cells,NEUROD6,71.6,2.4380628384001377,7
miscellaneous,Neuronal cells,POU3F1,31.3,2.4306873183231703,8
miscellaneous,Neuronal cells,CNTN5,5880.7,2.375529806711208,9
miscellaneous,Neuronal cells,COL24A1,458.1,2.366783834233087,10
miscellaneous,Neuronal cells,MLIP,429.2,2.3070261559131398,11
miscellaneous,Neuronal cells,NTSR1,19.2,2.2606988975680085,12
miscellaneous,Neuronal cells,SLC26A4,103.6,2.2126176133931006,13
miscellaneous,Neuronal cells,TCERG1L,182.1,2.1724342239513192,14
miscellaneous,Neuronal cells,PPEF1,36.9,2.087376330589151,15
miscellaneous,Neuronal cells,SATB2,439.0,2.0669892926039775,16
miscellaneous,Neuronal cells,ITPKA,32.8,2.0481337494050345,17
miscellaneous,Neuronal cells,CHST8,83.6,1.9694239668583886,18
miscellaneous,Neuronal cells,CABP1,352.9,1.9540805036346558,19
miscellaneous,Neuronal cells,KCNG1,36.0,1.9441437739571281,20
miscellaneous,Neuronal cells,STYK1,50.5,1.9322608449861312,21
miscellaneous,Neuronal cells,COL26A1,143.8,1.920015711379447,22
miscellaneous,Neuronal cells,ST8SIA2,35.5,1.8828376975641383,23
miscellaneous,Neuronal cells,NWD2,217.6,1.8577735193894775,24
miscellaneous,Neuronal cells,C3orf80,18.9,1.84654768991788,25
miscellaneous,Neuronal cells,CDH12,1826.3,1.8324782650043867,26
miscellaneous,Neuronal cells,SOHLH1,19.6,1.8247556503462918,27
miscellaneous,Neuronal cells,RGS4,113.3,1.8222721948899379,28
miscellaneous,Neuronal cells,NRGN,409.3,1.7887700484965243,29
miscellaneous,Neuronal cells,OPN4,13.3,1.7759052834325515,30
miscellaneous,Neuronal cells,EMX1,14.6,1.7704192476940186,31
miscellaneous,Neuronal cells,FABP7,48.4,1.758842142356154,32
miscellaneous,Neuronal cells,TESPA1,74.3,1.7583533985867392,33
miscellaneous,Neuronal cells,MCHR2,37.5,1.7542914703264891,34
miscellaneous,Neuronal cells,RTN4RL2,35.1,1.7421824258825618,35
miscellaneous,Neuronal cells,PCSK1,39.3,1.7357727912533727,36
miscellaneous,Neuronal cells,POPDC3,25.1,1.733563733354422,37
miscellaneous,Neuronal cells,RAB27B,280.0,1.726115881141832,38
miscellaneous,Neuronal cells,HS3ST2,151.7,1.722843990163818,39
miscellaneous,Neuronal cells,CCKBR,24.5,1.7185111109756626,40
miscellaneous,Neuronal cells,MPPED1,131.7,1.708724422084368,41
miscellaneous,Neuronal cells,STX1A,86.4,1.706705885503777,42
miscellaneous,Neuronal cells,CRYM,151.8,1.6998890561596407,43
miscellaneous,Neuronal cells,BCL11A,363.6,1.698956633638533,44
miscellaneous,Neuronal cells,PTPRT,1307.3,1.698483707951683,45
miscellaneous,Neuronal cells,GDA,196.3,1.6888588344915634,46
miscellaneous,Neuronal cells,VWC2L,223.3,1.6686186843176725,47
miscellaneous,Neuronal cells,SLC30A3,36.3,1.663727056318619,48
miscellaneous,Neuronal cells,GFRA2,53.9,1.6517013368687459,49
miscellaneous,Neuronal cells,IQCJ,344.6,1.650487300097588,50
miscellaneous,Neuronal cells,GCNT4,48.6,1.6371948965794392,51
miscellaneous,Neuronal cells,HTR1F,12.3,1.6280013404675988,52
miscellaneous,Neuronal cells,OPN3,42.2,1.6051403826587867,53
miscellaneous,Neuronal cells,LHX2,38.9,1.602157327717696,54
miscellaneous,Neuronal cells,RASL10A,55.0,1.5849625007211563,55
miscellaneous,Neuronal cells,GRM2,22.9,1.5833171536039605,56
miscellaneous,Neuronal cells,TBR1,12.9,1.5811932104231836,57
miscellaneous,Neuronal cells,KCNH3,95.9,1.5524417698182627,58
miscellaneous,Neuronal cells,CNGB1,68.9,1.550295368832336,59
miscellaneous,Neuronal cells,DLGAP2,1970.8,1.5495102421091809,60
miscellaneous,Neuronal cells,CREG2,161.6,1.5444011790535475,61
miscellaneous,Neuronal cells,FAM81A,173.5,1.5432561431389644,62
miscellaneous,Neuronal cells,KCNJ4,28.5,1.5416061315267746,63
miscellaneous,Neuronal cells,ADAMTS19,274.4,1.5302007909747004,64
miscellaneous,Neuronal cells,RIT2,507.3,1.5278461499459735,65
miscellaneous,Neuronal cells,SV2B,535.2,1.5183309131002423,66
miscellaneous,Neuronal cells,DCC,1773.4,1.516335528520575,67
miscellaneous,Neuronal cells,NKAIN2,4945.7,1.514378375234131,68
miscellaneous,Neuronal cells,KCNH7,972.8,1.5081471032003886,69
miscellaneous,Neuronal cells,FEZF2,19.5,1.5053109826736288,70
miscellaneous,Neuronal cells,NECAB1,565.2,1.503346071319578,71
miscellaneous,Neuronal cells,SLC17A7,131.9,1.4961709090300428,72
miscellaneous,Neuronal cells,LOXHD1,19.0,1.4953410900211652,73
miscellaneous,Neuronal cells,ZDHHC23,54.1,1.4914217328817339,74
miscellaneous,Neuronal cells,KCNN2,423.6,1.486209557223048,75
miscellaneous,Neuronal cells,ABCC12,6.5,1.475551284000574,76
miscellaneous,Neuronal cells,GPR26,11.3,1.474168161894195,77
miscellaneous,Neuronal cells,NKAIN1,37.5,1.4591193807741827,78
miscellaneous,Neuronal cells,EPHA6,1929.7,1.4510186185486886,79
miscellaneous,Neuronal cells,MEF2C,1292.7,1.4452183971781871,80
miscellaneous,Neuronal cells,MEIS3,95.1,1.4395526263261516,81
miscellaneous,Neuronal cells,PRKCG,101.9,1.437631921779842,82
miscellaneous,Neuronal cells,ARL9,16.3,1.431898434881152,83
miscellaneous,Neuronal cells,FFAR4,11.8,1.4306046548858733,84
miscellaneous,Neuronal cells,RND1,19.4,1.4285301191489792,85
miscellaneous,Neuronal cells,PTPRD,6691.2,1.4285030363192108,86
miscellaneous,Neuronal cells,LNX1,179.1,1.4235667621014085,87
miscellaneous,Neuronal cells,CACNG3,298.6,1.4234475772991293,88
miscellaneous,Neuronal cells,CBLN4,32.9,1.422666377231402,89
miscellaneous,Neuronal cells,TMEM233,18.0,1.4207243671881862,90
miscellaneous,Neuronal cells,PHF24,43.3,1.4145441521342457,91
miscellaneous,Neuronal cells,PDYN,13.6,1.414039715823283,92
miscellaneous,Neuronal cells,ZNF385B,1029.6,1.4099532430056467,93
miscellaneous,Neuronal cells,KHDRBS2,1719.2,1.406036708668749,94
miscellaneous,Neuronal cells,TSHZ3,133.2,1.4043270191968427,95
miscellaneous,Neuronal cells,VIPR1,39.8,1.4036529853527506,96
miscellaneous,Neuronal cells,KCNK10,95.4,1.4026946039107777,97
miscellaneous,Neuronal cells,DAB1,2183.5,1.4024279781882554,98
miscellaneous,Neuronal cells,ANKRD30B,66.2,1.3972783758127192,99
miscellaneous,Neuronal cells,OLFM1,239.9,1.3946808390580097,100
miscellaneous,Neuronal cells,WNT10B,25.3,1.3867801945724558,101
miscellaneous,Neuronal cells,TENM2,3738.8,1.3824040076611628,102
miscellaneous,Neuronal cells,TNFRSF11A,16.5,1.378611553643801,103
miscellaneous,Neuronal cells,CPNE7,50.7,1.374323483144293,104
miscellaneous,Neuronal cells,KLHL4,104.7,1.3733343194111873,105
miscellaneous,Neuronal cells,CAMK2N1,418.0,1.3696077394564423,106
miscellaneous,Neuronal cells,PEX5L,1399.0,1.365428857251717,107
miscellaneous,Neuronal cells,SYT12,66.8,1.3625700793847084,108
miscellaneous,Neuronal cells,LIN28B,61.9,1.3608136900542833,109
miscellaneous,Neuronal cells,KCNIP4,15627.8,1.3564918778170147,110
miscellaneous,Neuronal cells,LRRK1,120.2,1.3563689107199983,111
miscellaneous,Neuronal cells,CACNB4,377.9,1.3562199639923957,112
miscellaneous,Neuronal cells,KHDRBS3,952.7,1.3542309653062419,113
miscellaneous,Neuronal cells,KCNQ5,2731.8,1.3530551176116792,114
miscellaneous,Neuronal cells,TRIM36,110.6,1.3449491575422918,115
miscellaneous,Neuronal cells,LDB2,1117.4,1.344559818737033,116
miscellaneous,Neuronal cells,FXYD7,74.4,1.3441015924678983,117
miscellaneous,Neuronal cells,TOX,868.2,1.3395308103081252,118
miscellaneous,Neuronal cells,PTPRR,529.8,1.3391328549874828,119
miscellaneous,Neuronal cells,FOXG1,65.0,1.3375789504938866,120
miscellaneous,Neuronal cells,SHC3,314.4,1.3360592013650852,121
miscellaneous,Neuronal cells,STAT4,178.9,1.3341179457370904,122
miscellaneous,Neuronal cells,FMN1,371.1,1.3241091823835756,123
miscellaneous,Neuronal cells,CLPSL1,4.3,1.3231659285462158,124
miscellaneous,Neuronal cells,QRFPR,22.3,1.3184610899055589,125
miscellaneous,Neuronal cells,C2orf80,55.4,1.312232708922025,126
miscellaneous,Neuronal cells,HRH2,94.7,1.3116179655268883,127
miscellaneous,Neuronal cells,GRIN2A,1431.1,1.310936012881715,128
miscellaneous,Neuronal cells,STMN1,277.0,1.3098306910606814,129
miscellaneous,Neuronal cells,LINGO1,116.7,1.3081028393157124,130
miscellaneous,Neuronal cells,SORCS1,573.8,1.3075979539215294,131
miscellaneous,Neuronal cells,PDE1C,522.2,1.3062501989364588,132
miscellaneous,Neuronal cells,EPCAM,14.1,1.3048034900705707,133
miscellaneous,Neuronal cells,ADGRL2,989.1,1.3004222443851388,134
miscellaneous,Neuronal cells,ERFE,2.9,1.2991292019737604,135
miscellaneous,Neuronal cells,ZBTB18,157.2,1.2974997832340651,136
miscellaneous,Neuronal cells,CDH22,100.6,1.296571171252118,137
miscellaneous,Neuronal cells,ZNF697,25.2,1.2964574073712443,138
miscellaneous,Neuronal cells,ST6GALNAC5,1011.8,1.296127067148917,139
miscellaneous,Neuronal cells,HOPX,113.7,1.2956222135954165,140
miscellaneous,Neuronal cells,CAMK2A,325.3,1.295561854284665,141
miscellaneous,Neuronal cells,COL21A1,213.7,1.2931697047397055,142
miscellaneous,Neuronal cells,KCNN1,27.1,1.2900771906811204,143
miscellaneous,Neuronal cells,R3HDM1,1240.3,1.2878932900741424,144
miscellaneous,Neuronal cells,TMEM45B,11.5,1.2873708728509938,145
miscellaneous,Neuronal cells,ENC1,277.5,1.2869188227058288,146
miscellaneous,Neuronal cells,RTN4R,25.9,1.286530146073411,147
miscellaneous,Neuronal cells,CAMK1G,29.3,1.2865118281966257,148
miscellaneous,Neuronal cells,KCNV1,18.2,1.2850607121637925,149
miscellaneous,Neuronal cells,CBLN2,158.7,1.2754226613474484,150
miscellaneous,Neuronal cells,NEURL1,108.0,1.274001482214864,151
miscellaneous,Neuronal cells,AACS,98.8,1.271522577429077,152
miscellaneous,Neuronal cells,ARPP19,209.1,1.2697795215987688,153
miscellaneous,Neuronal cells,FTCD,30.0,1.2686298687273134,154
miscellaneous,Neuronal cells,NELL2,1056.3,1.2671262865057622,155
miscellaneous,Neuronal cells,SPTSSB,34.5,1.265770915844166,156
miscellaneous,Neuronal cells,CACNA1H,21.7,1.2636122928997577,157
miscellaneous,Neuronal cells,HRK,31.4,1.2633582794552882,158
miscellaneous,Neuronal cells,C1orf115,25.5,1.261748184472903,159
miscellaneous,Neuronal cells,HECW1,653.7,1.2612445930317397,160
miscellaneous,Neuronal cells,PRR16,433.0,1.258183221377732,161
miscellaneous,Neuronal cells,DCLK1,1567.1,1.2575231087507905,162
miscellaneous,Neuronal cells,SYT7,131.3,1.2518361992289295,163
miscellaneous,Neuronal cells,TMTC1,590.3,1.2518060155878015,164
miscellaneous,Neuronal cells,SCN3B,177.7,1.2514700350850918,165
miscellaneous,Neuronal cells,TMEM200A,36.0,1.2504701247850831,166
miscellaneous,Neuronal cells,RAPGEF5,866.9,1.2499677701833902,167
miscellaneous,Neuronal cells,ADTRP,26.4,1.2442027311034218,168
miscellaneous,Neuronal cells,GPC5,2124.0,1.2425391830358232,169
miscellaneous,Neuronal cells,GLRA3,82.9,1.2424536169790075,170
miscellaneous,Neuronal cells,GALNTL5,3.0,1.2422009024166283,171
miscellaneous,Neuronal cells,EGR3,12.1,1.240977761147187,172
miscellaneous,Neuronal cells,SEMA3D,71.5,1.2384612723700474,173
miscellaneous,Neuronal cells,ICAM5,42.4,1.235140914078436,174
miscellaneous,Neuronal cells,CHN1,763.8,1.2334192193180458,175
miscellaneous,Neuronal cells,LINGO2,1662.2,1.2308504283544623,176
miscellaneous,Neuronal cells,TRPC4,208.4,1.2294804062778995,177
miscellaneous,Neuronal cells,NDST3,431.2,1.2258762640873277,178
miscellaneous,Neuronal cells,KCNIP3,62.5,1.223953804608339,179
miscellaneous,Neuronal cells,TYRO3,67.7,1.2215229893879722,180
miscellaneous,Neuronal cells,DDN,15.5,1.2215094990072446,181
miscellaneous,Neuronal cells,PARM1,80.1,1.221242877786168,182
miscellaneous,Neuronal cells,SLIT1,225.2,1.2186156884838668,183
miscellaneous,Neuronal cells,SHISA9,935.1,1.216110645978739,184
miscellaneous,Neuronal cells,CCBE1,168.0,1.2146526225107719,185
miscellaneous,Neuronal cells,PCDH11Y,122.0,1.2131100509460082,186
miscellaneous,Neuronal cells,GRM7,1889.8,1.2095831405855728,187
miscellaneous,Neuronal cells,MFSD4A,53.8,1.2094733101242654,188
miscellaneous,Neuronal cells,SYCE1,53.0,1.207946285780523,189
miscellaneous,Neuronal cells,NRN1,91.5,1.2058511289487541,190
miscellaneous,Neuronal cells,TENM4,888.7,1.2057604655455647,191
miscellaneous,Neuronal cells,PPL,17.6,1.204174563395223,192
miscellaneous,Neuronal cells,FSD1,59.6,1.202759715027043,193
miscellaneous,Neuronal cells,RAB3B,70.2,1.2005965449490443,194
miscellaneous,Neuronal cells,NXNL2,12.7,1.1947892643671527,195
miscellaneous,Neuronal cells,SOX11,18.5,1.1938305957933644,196
miscellaneous,Neuronal cells,GPRIN1,19.7,1.1900225707993617,197
miscellaneous,Neuronal cells,SSX2IP,161.0,1.1886873601155428,198
miscellaneous,Neuronal cells,ANKRD18B,30.0,1.186734115452784,199
miscellaneous,Neuronal cells,MYO1D,388.5,1.1858129510306736,200
oligodendrocyte,Glial cells,FOLH1,694.1,6.648789260729952,1
oligodendrocyte,Glial cells,SLC5A11,1101.4,6.504447497631949,2
oligodendrocyte,Glial cells,MOBP,2942.1,6.391466515729067,3
oligodendrocyte,Glial cells,ANLN,798.3,6.282271571771697,4
oligodendrocyte,Glial cells,CNDP1,905.4,6.0929524961887465,5
oligodendrocyte,Glial cells,TRIM59,479.9,6.001537176987793,6
oligodendrocyte,Glial cells,ST18,6059.6,6.001245584612971,7
oligodendrocyte,Glial cells,NKX6-2,423.0,5.970121356979828,8
oligodendrocyte,Glial cells,MOG,841.5,5.881813034752577,9
oligodendrocyte,Glial cells,KLK6,183.5,5.8686596580277035,10
oligodendrocyte,Glial cells,PLP1,6763.0,5.865529205325231,11
oligodendrocyte,Glial cells,SH3TC2,386.8,5.822745930713716,12
oligodendrocyte,Glial cells,CARNS1,551.4,5.743724297953119,13
oligodendrocyte,Glial cells,TF,1970.0,5.739400123432235,14
oligodendrocyte,Glial cells,ERMN,407.8,5.729257853605968,15
oligodendrocyte,Glial cells,OPALIN,469.7,5.7179980516157,16
oligodendrocyte,Glial cells,MAG,563.7,5.634218922824366,17
oligodendrocyte,Glial cells,GJB1,102.4,5.56856662923409,18
oligodendrocyte,Glial cells,PIEZO2,586.2,5.531640203335143,19
oligodendrocyte,Glial cells,UGT8,1203.7,5.421182292606426,20
oligodendrocyte,Glial cells,CAPN3,415.1,5.398666864350214,21
oligodendrocyte,Glial cells,LRP2,498.7,5.398287729899627,22
oligodendrocyte,Glial cells,TMEM144,2149.2,5.370824654853847,23
oligodendrocyte,Glial cells,CD22,290.3,5.3487244022593385,24
oligodendrocyte,Glial cells,TMEM125,111.0,5.298695788649645,25
oligodendrocyte,Glial cells,GPR37,466.1,5.245225162386481,26
oligodendrocyte,Glial cells,MAL,286.7,5.15699083007552,27
oligodendrocyte,Glial cells,SLC31A2,222.0,5.144160864430786,28
oligodendrocyte,Glial cells,MBP,5605.9,5.108180641930517,29
oligodendrocyte,Glial cells,CERCAM,743.3,5.078918448987758,30
oligodendrocyte,Glial cells,ADAMTS4,95.5,5.0730828781745005,31
oligodendrocyte,Glial cells,ITGA2,479.7,5.0686060581377,32
oligodendrocyte,Glial cells,TMEM235,174.8,5.037843846853391,33
oligodendrocyte,Glial cells,HAPLN2,543.6,5.016323705810519,34
oligodendrocyte,Glial cells,LRRC63,366.8,4.9999762274761546,35
oligodendrocyte,Glial cells,ASPA,414.7,4.9966070902088875,36
oligodendrocyte,Glial cells,MYRF,415.4,4.9869979513860025,37
oligodendrocyte,Glial cells,FA2H,572.3,4.883585128538062,38
oligodendrocyte,Glial cells,PLEKHH1,1170.9,4.881805789322252,39
oligodendrocyte,Glial cells,SCD,714.3,4.875926510321589,40
oligodendrocyte,Glial cells,CLCA4,54.9,4.867317844024541,41
oligodendrocyte,Glial cells,C10orf90,1414.6,4.824653899225933,42
oligodendrocyte,Glial cells,CMTM5,204.9,4.803008781276979,43
oligodendrocyte,Glial cells,CNP,962.3,4.779937638455461,44
oligodendrocyte,Glial cells,CDH19,250.5,4.738037939033378,45
oligodendrocyte,Glial cells,NINJ2,222.5,4.708973788142978,46
oligodendrocyte,Glial cells,CDK18,755.9,4.707184420708216,47
oligodendrocyte,Glial cells,LDB3,423.2,4.706905739543874,48
oligodendrocyte,Glial cells,PLPP2,97.4,4.695737925375833,49
oligodendrocyte,Glial cells,SHROOM4,807.8,4.6840256743748645,50
oligodendrocyte,Glial cells,EVI2A,95.4,4.67767287453593,51
oligodendrocyte,Glial cells,CNTN2,537.4,4.631703174791282,52
oligodendrocyte,Glial cells,GLDN,847.0,4.583972997910838,53
oligodendrocyte,Glial cells,SELENOP,764.7,4.555848357288325,54
oligodendrocyte,Glial cells,PRR5L,546.9,4.554010475698079,55
oligodendrocyte,Glial cells,KCNH8,1153.5,4.542548143999272,56
oligodendrocyte,Glial cells,PRIMA1,130.9,4.525452449501563,57
oligodendrocyte,Glial cells,CTNNA3,7394.5,4.524287471760199,58
oligodendrocyte,Glial cells,GREM1,102.3,4.509160152165097,59
oligodendrocyte,Glial cells,HOXD1,30.6,4.471657920970557,60
oligodendrocyte,Glial cells,PPP1R14A,601.6,4.458793328596628,61
oligodendrocyte,Glial cells,LPAR1,1006.4,4.452573875286761,62
oligodendrocyte,Glial cells,RNASE1,446.3,4.437770245524336,63
oligodendrocyte,Glial cells,SLC45A3,66.9,4.39773600207208,64
oligodendrocyte,Glial cells,TTYH2,359.7,4.37993525221227,65
oligodendrocyte,Glial cells,GJC2,61.3,4.376197757415484,66
oligodendrocyte,Glial cells,CLDND1,911.7,4.359836231396519,67
oligodendrocyte,Glial cells,PRR18,84.3,4.342004198098483,68
oligodendrocyte,Glial cells,HSD17B3,107.7,4.332868818532003,69
oligodendrocyte,Glial cells,ERBB3,330.4,4.319055118273925,70
oligodendrocyte,Glial cells,TMEM98,256.6,4.28453694283232,71
oligodendrocyte,Glial cells,HHATL,110.4,4.271867790424463,72
oligodendrocyte,Glial cells,RNF220,4026.7,4.257150559164441,73
oligodendrocyte,Glial cells,MAN2A1,3403.4,4.2381050790015715,74
oligodendrocyte,Glial cells,CRYAB,1086.7,4.187845402199227,75
oligodendrocyte,Glial cells,SLCO1A2,712.7,4.158120493067277,76
oligodendrocyte,Glial cells,TMEM63A,309.1,4.142070050414147,77
oligodendrocyte,Glial cells,ENPP2,1518.1,4.13604172073188,78
oligodendrocyte,Glial cells,PLLP,376.6,4.11746998646064,79
oligodendrocyte,Glial cells,PI16,82.0,4.112005025513131,80
oligodendrocyte,Glial cells,KCNJ2,237.5,4.0961224020272375,81
oligodendrocyte,Glial cells,RHOU,231.8,4.08397412733314,82
oligodendrocyte,Glial cells,COL4A5,863.3,4.0831344624706905,83
oligodendrocyte,Glial cells,S100A1,171.7,4.062890462975843,84
oligodendrocyte,Glial cells,GPR62,34.2,4.054677092620315,85
oligodendrocyte,Glial cells,FAM107B,865.7,4.045726401610251,86
oligodendrocyte,Glial cells,SLC44A1,4379.5,4.035594568398518,87
oligodendrocyte,Glial cells,PCSK6,1025.3,4.016687954169512,88
oligodendrocyte,Glial cells,VRK2,659.6,4.007843674485306,89
oligodendrocyte,Glial cells,SEMA3B,247.7,4.002938620583978,90
oligodendrocyte,Glial cells,PIP4K2A,2968.6,3.9925991982076536,91
oligodendrocyte,Glial cells,HHIP,731.0,3.9693197998819376,92
oligodendrocyte,Glial cells,CHADL,139.2,3.936376808204247,93
oligodendrocyte,Glial cells,LGR5,206.9,3.9332471554372503,94
oligodendrocyte,Glial cells,RASGRP3,343.0,3.92666042392601,95
oligodendrocyte,Glial cells,SPP1,901.7,3.9242405340867705,96
oligodendrocyte,Glial cells,DAPK2,179.9,3.9155441012205836,97
oligodendrocyte,Glial cells,TP53TG5,238.4,3.914250459877143,98
oligodendrocyte,Glial cells,GALNT6,70.4,3.909464539272345,99
oligodendrocyte,Glial cells,ATP10B,772.5,3.8771034582409585,100
oligodendrocyte,Glial cells,HSPA2,184.0,3.8622172234699734,101
oligodendrocyte,Glial cells,KLHL4,441.8,3.8557661879214886,102
oligodendrocyte,Glial cells,DOCK5,1478.7,3.8425525575430792,103
oligodendrocyte,Glial cells,GPIHBP1,34.6,3.8318772411916733,104
oligodendrocyte,Glial cells,C21orf91,165.2,3.830957929833077,105
oligodendrocyte,Glial cells,TMEM165,1598.0,3.8235492391099357,106
oligodendrocyte,Glial cells,PXK,1093.6,3.821135836271429,107
oligodendrocyte,Glial cells,QDPR,754.7,3.819467570035682,108
oligodendrocyte,Glial cells,SYNJ2,978.0,3.8166014481122965,109
oligodendrocyte,Glial cells,FAM124A,396.6,3.81615610709174,110
oligodendrocyte,Glial cells,POLR2F,726.2,3.806189098107544,111
oligodendrocyte,Glial cells,MAP6D1,129.3,3.8014284380115537,112
oligodendrocyte,Glial cells,RBP7,37.6,3.7960732330314793,113
oligodendrocyte,Glial cells,PLEKHB1,179.2,3.7909991371865797,114
oligodendrocyte,Glial cells,ABCA8,684.9,3.7894980914436314,115
oligodendrocyte,Glial cells,ELOVL1,135.3,3.7876359617677595,116
oligodendrocyte,Glial cells,MARCKSL1,724.2,3.7759653412984897,117
oligodendrocyte,Glial cells,ABCA2,623.2,3.771455326136,118
oligodendrocyte,Glial cells,S100B,1025.9,3.7625517745650314,119
oligodendrocyte,Glial cells,SLAIN1,1777.8,3.7493498271171797,120
oligodendrocyte,Glial cells,S1PR5,33.9,3.733254130841381,121
oligodendrocyte,Glial cells,DMRT2,16.7,3.730639955916791,122
oligodendrocyte,Glial cells,SGK2,42.3,3.725801737034348,123
oligodendrocyte,Glial cells,CREB5,998.9,3.7173673934245643,124
oligodendrocyte,Glial cells,CDC42EP1,72.2,3.7161729063534614,125
oligodendrocyte,Glial cells,IP6K3,26.7,3.698704666770344,126
oligodendrocyte,Glial cells,BOK,99.2,3.6945181028509375,127
oligodendrocyte,Glial cells,FRMD4B,1782.9,3.6908063926814907,128
oligodendrocyte,Glial cells,MEGF10,637.4,3.6475211303905968,129
oligodendrocyte,Glial cells,CDKN1C,154.7,3.6245002243968436,130
oligodendrocyte,Glial cells,NDE1,225.6,3.6199961641481715,131
oligodendrocyte,Glial cells,CA14,27.6,3.6118084188687627,132
oligodendrocyte,Glial cells,TMTC2,3223.6,3.5923431574158995,133
oligodendrocyte,Glial cells,PLD1,747.6,3.5916002758038514,134
oligodendrocyte,Glial cells,RASSF2,182.8,3.5604818738971615,135
oligodendrocyte,Glial cells,VWA1,129.4,3.5507719301757232,136
oligodendrocyte,Glial cells,ZDHHC9,202.1,3.550317014620694,137
oligodendrocyte,Glial cells,FAM222A,141.0,3.531294873703657,138
oligodendrocyte,Glial cells,GAB1,1748.2,3.5080511552833267,139
oligodendrocyte,Glial cells,USH1C,68.1,3.4975108244152384,140
oligodendrocyte,Glial cells,KIF6,443.9,3.495550130996342,141
oligodendrocyte,Glial cells,ACSBG1,243.7,3.494844278725593,142
oligodendrocyte,Glial cells,GPD1,56.2,3.4925984825724967,143
oligodendrocyte,Glial cells,HPN,60.7,3.4893575887637134,144
oligodendrocyte,Glial cells,NCKAP5,2771.2,3.4737268916421713,145
oligodendrocyte,Glial cells,GAL3ST1,82.4,3.453102736922462,146
oligodendrocyte,Glial cells,APLP1,746.7,3.4528861535278073,147
oligodendrocyte,Glial cells,BEST1,70.7,3.4467441007285164,148
oligodendrocyte,Glial cells,ADAMTS14,24.9,3.446492562929799,149
oligodendrocyte,Glial cells,ENPP6,159.1,3.440927622206237,150
oligodendrocyte,Glial cells,TSPAN15,150.6,3.4336516793819465,151
oligodendrocyte,Glial cells,LAMP2,659.3,3.4213389219296735,152
oligodendrocyte,Glial cells,PAQR4,81.2,3.4184808989761972,153
oligodendrocyte,Glial cells,SLC35D2,190.8,3.4149919128963173,154
oligodendrocyte,Glial cells,PADI2,223.6,3.3988431485352133,155
oligodendrocyte,Glial cells,PHLPP1,2621.0,3.385343920558072,156
oligodendrocyte,Glial cells,TMC7,175.6,3.385131527978608,157
oligodendrocyte,Glial cells,TSPAN8,33.2,3.3827618504175363,158
oligodendrocyte,Glial cells,TFEB,207.2,3.3770592864213387,159
oligodendrocyte,Glial cells,DAAM2,719.8,3.3743254296161878,160
oligodendrocyte,Glial cells,SLC24A2,4299.7,3.3741258575638797,161
oligodendrocyte,Glial cells,GLTP,229.8,3.3691769849206152,162
oligodendrocyte,Glial cells,STMN4,365.0,3.353812155907148,163
oligodendrocyte,Glial cells,PMP22,324.0,3.3438861095773458,164
oligodendrocyte,Glial cells,AMER2,405.3,3.3408712227761677,165
oligodendrocyte,Glial cells,KCNJ10,141.2,3.3310571546379744,166
oligodendrocyte,Glial cells,DPYSL5,593.5,3.329855111950289,167
oligodendrocyte,Glial cells,PAQR6,96.1,3.318016339306234,168
oligodendrocyte,Glial cells,PRUNE2,1535.5,3.3114245873308263,169
oligodendrocyte,Glial cells,CDH1,53.1,3.3068952799298876,170
oligodendrocyte,Glial cells,QKI,7417.4,3.3014375313227275,171
oligodendrocyte,Glial cells,MBOAT1,105.7,3.2919625248562183,172
oligodendrocyte,Glial cells,HEPACAM,286.9,3.2916797287270696,173
oligodendrocyte,Glial cells,COL9A2,139.3,3.2874134654963454,174
oligodendrocyte,Glial cells,CYP2J2,127.4,3.2787271914899656,175
oligodendrocyte,Glial cells,AFMID,163.0,3.266236837872138,176
oligodendrocyte,Glial cells,CPM,317.8,3.255517189213961,177
oligodendrocyte,Glial cells,KIF13B,687.8,3.2465255112443923,178
oligodendrocyte,Glial cells,LARP6,166.4,3.2348247762354068,179
oligodendrocyte,Glial cells,CA2,412.5,3.234101474930352,180
oligodendrocyte,Glial cells,COLGALT2,576.5,3.2330832370266935,181
oligodendrocyte,Glial cells,ARHGAP23,218.7,3.2249882540305483,182
oligodendrocyte,Glial cells,SHTN1,1894.5,3.2129402575109705,183
oligodendrocyte,Glial cells,RHOG,81.7,3.2115959234938787,184
oligodendrocyte,Glial cells,DOCK10,2639.5,3.202953373097819,185
oligodendrocyte,Glial cells,TRPV6,10.1,3.1949537959338343,186
oligodendrocyte,Glial cells,HEPN1,186.6,3.1841873150351145,187
oligodendrocyte,Glial cells,LANCL1,992.6,3.1785438227282454,188
oligodendrocyte,Glial cells,PRRG1,339.3,3.1773051247422957,189
oligodendrocyte,Glial cells,PSEN1,755.9,3.1613214633427686,190
oligodendrocyte,Glial cells,SOX10,122.4,3.1536494617294824,191
oligodendrocyte,Glial cells,TMTC4,271.0,3.149718992368871,192
oligodendrocyte,Glial cells,CLMN,732.2,3.1487762822405,193
oligodendrocyte,Glial cells,EFS,79.4,3.145661142589522,194
oligodendrocyte,Glial cells,PHLDB1,392.0,3.1422591537325144,195
oligodendrocyte,Glial cells,EDIL3,3119.7,3.138184804427296,196
oligodendrocyte,Glial cells,EFHD1,275.2,3.1335392135287092,197
oligodendrocyte,Glial cells,MAP7,2683.2,3.129378300057313,198
oligodendrocyte,Glial cells,RFTN2,605.8,3.119358554587846,199
oligodendrocyte,Glial cells,MYO1E,551.1,3.1174185551893867,200
oligodendrocyte precursor cell,Glial cells,PDGFRA,320.9,5.528745712612041,1
oligodendrocyte precursor cell,Glial cells,FERMT1,456.5,5.339377065643579,2
oligodendrocyte precursor cell,Glial cells,OLIG1,746.8,5.315476622245011,3
oligodendrocyte precursor cell,Glial cells,OLIG2,276.8,5.28639400532765,4
oligodendrocyte precursor cell,Glial cells,BEST3,109.9,5.212531495063766,5
oligodendrocyte precursor cell,Glial cells,NEU4,112.8,4.8702494745427325,6
oligodendrocyte precursor cell,Glial cells,SNX22,175.2,4.661857186900943,7
oligodendrocyte precursor cell,Glial cells,GALR1,99.0,4.6286354528359555,8
oligodendrocyte precursor cell,Glial cells,B3GNT7,84.4,4.559691476110833,9
oligodendrocyte precursor cell,Glial cells,MYT1,284.5,4.546747081757579,10
oligodendrocyte precursor cell,Glial cells,SAPCD2,47.7,4.545907326738698,11
oligodendrocyte precursor cell,Glial cells,VCAN,2704.7,4.5279878834618925,12
oligodendrocyte precursor cell,Glial cells,PTPRZ1,4812.8,4.474636311128938,13
oligodendrocyte precursor cell,Glial cells,MEGF11,1273.9,4.425765901936457,14
oligodendrocyte precursor cell,Glial cells,ASCL1,113.2,4.317570535612862,15
oligodendrocyte precursor cell,Glial cells,KLRC3,76.4,4.300733872618239,16
oligodendrocyte precursor cell,Glial cells,BCHE,269.3,4.227388010622814,17
oligodendrocyte precursor cell,Glial cells,C1QL1,199.8,4.13176715420079,18
oligodendrocyte precursor cell,Glial cells,NR0B1,21.5,4.113341473075945,19
oligodendrocyte precursor cell,Glial cells,KLRC2,56.1,4.1076633690493916,20
oligodendrocyte precursor cell,Glial cells,LHFPL3,4970.5,4.107128907396377,21
oligodendrocyte precursor cell,Glial cells,CD82,171.7,4.087640053188026,22
oligodendrocyte precursor cell,Glial cells,FBN3,38.4,4.01360096581285,23
oligodendrocyte precursor cell,Glial cells,WSCD1,206.2,3.935143290974328,24
oligodendrocyte precursor cell,Glial cells,C1QL2,49.9,3.8522805839609306,25
oligodendrocyte precursor cell,Glial cells,DLL3,67.7,3.8292196995243217,26
oligodendrocyte precursor cell,Glial cells,ATP2C2,224.5,3.8085380234083717,27
oligodendrocyte precursor cell,Glial cells,LRP4,251.1,3.790305279020926,28
oligodendrocyte precursor cell,Glial cells,PLPP4,393.3,3.744513721315136,29
oligodendrocyte precursor cell,Glial cells,CSPG5,315.1,3.743337036538309,30
oligodendrocyte precursor cell,Glial cells,PHLDA1,235.5,3.729191887659405,31
oligodendrocyte precursor cell,Glial cells,SMOC1,842.9,3.7097687692113523,32
oligodendrocyte precursor cell,Glial cells,TNR,4920.8,3.7052050622169057,33
oligodendrocyte precursor cell,Glial cells,PCDH15,4937.3,3.704286980477888,34
oligodendrocyte precursor cell,Glial cells,HMX1,20.7,3.7026575433909104,35
oligodendrocyte precursor cell,Glial cells,CSPG4,111.5,3.670328401135916,36
oligodendrocyte precursor cell,Glial cells,EPN2,1848.7,3.6587365752034375,37
oligodendrocyte precursor cell,Glial cells,ONECUT1,34.7,3.656895643677891,38
oligodendrocyte precursor cell,Glial cells,SOX21,35.0,3.6490266002197433,39
oligodendrocyte precursor cell,Glial cells,SPSB4,96.5,3.6393792426882356,40
oligodendrocyte precursor cell,Glial cells,COL9A1,406.9,3.611343018000098,41
oligodendrocyte precursor cell,Glial cells,SOX8,185.8,3.5920007381211208,42
oligodendrocyte precursor cell,Glial cells,BCAN,517.8,3.5792100802896285,43
oligodendrocyte precursor cell,Glial cells,EMILIN3,28.4,3.578730547009642,44
oligodendrocyte precursor cell,Glial cells,VIPR2,103.2,3.575178078104117,45
oligodendrocyte precursor cell,Glial cells,TMEM100,35.4,3.531208820652938,46
oligodendrocyte precursor cell,Glial cells,AMZ1,300.8,3.5196271992699915,47
oligodendrocyte precursor cell,Glial cells,CREB3L1,51.2,3.4742476157667386,48
oligodendrocyte precursor cell,Glial cells,GPR37L1,211.6,3.471698348531187,49
oligodendrocyte precursor cell,Glial cells,SOX10,143.8,3.4534659518009088,50
oligodendrocyte precursor cell,Glial cells,CACNG4,321.2,3.438097476958421,51
oligodendrocyte precursor cell,Glial cells,HIP1R,303.5,3.4091486767476575,52
oligodendrocyte precursor cell,Glial cells,DBX2,27.2,3.397675844108781,53
oligodendrocyte precursor cell,Glial cells,KCNMB2,3205.3,3.396380928222323,54
oligodendrocyte precursor cell,Glial cells,VSX1,35.4,3.3897974308002445,55
oligodendrocyte precursor cell,Glial cells,ZCCHC24,361.8,3.3677644369545843,56
oligodendrocyte precursor cell,Glial cells,COL9A3,113.2,3.352335953773538,57
oligodendrocyte precursor cell,Glial cells,TRAF4,87.4,3.3419471730105985,58
oligodendrocyte precursor cell,Glial cells,PLLP,256.0,3.3383516949879857,59
oligodendrocyte precursor cell,Glial cells,BLM,138.1,3.328322373955261,60
oligodendrocyte precursor cell,Glial cells,COL9A2,140.2,3.2993792858912703,61
oligodendrocyte precursor cell,Glial cells,NKAIN4,117.7,3.2881118176580775,62
oligodendrocyte precursor cell,Glial cells,SOX3,10.5,3.2825538565532177,63
oligodendrocyte precursor cell,Glial cells,SOX6,3252.1,3.2571288314673015,64
oligodendrocyte precursor cell,Glial cells,WNT7B,24.8,3.2482664527241027,65
oligodendrocyte precursor cell,Glial cells,AFAP1L2,253.0,3.2471359867383676,66
oligodendrocyte precursor cell,Glial cells,PLEKHH2,398.1,3.227824943285434,67
oligodendrocyte precursor cell,Glial cells,ASIC4,72.7,3.2234011952878876,68
oligodendrocyte precursor cell,Glial cells,CCND1,91.2,3.19474648209576,69
oligodendrocyte precursor cell,Glial cells,CHAD,16.5,3.1424584056926994,70
oligodendrocyte precursor cell,Glial cells,LUZP2,3348.4,3.131297117150728,71
oligodendrocyte precursor cell,Glial cells,ASB5,17.4,3.1270869078045966,72
oligodendrocyte precursor cell,Glial cells,CMYA5,277.7,3.109783840901113,73
oligodendrocyte precursor cell,Glial cells,PRRX1,546.8,3.105451189735593,74
oligodendrocyte precursor cell,Glial cells,GFRA1,191.7,3.095254172065466,75
oligodendrocyte precursor cell,Glial cells,MMP16,2825.3,3.0924538009500866,76
oligodendrocyte precursor cell,Glial cells,SUSD5,132.9,3.083159497147207,77
oligodendrocyte precursor cell,Glial cells,NTN1,308.7,3.082629073764452,78
oligodendrocyte precursor cell,Glial cells,COL11A1,815.0,3.076936148130148,79
oligodendrocyte precursor cell,Glial cells,KLHL1,448.6,3.0767627250667107,80
oligodendrocyte precursor cell,Glial cells,DSCAM,9545.4,3.0626822674213376,81
oligodendrocyte precursor cell,Glial cells,ALDH1A3,37.8,3.059344460824425,82
oligodendrocyte precursor cell,Glial cells,KAT2B,887.0,3.040581219401162,83
oligodendrocyte precursor cell,Glial cells,FZD9,19.5,3.0373736916806813,84
oligodendrocyte precursor cell,Glial cells,OPHN1,1506.9,3.0283148509999145,85
oligodendrocyte precursor cell,Glial cells,SULF2,399.3,3.0271086195407895,86
oligodendrocyte precursor cell,Glial cells,RTKN,82.3,3.0267502017058745,87
oligodendrocyte precursor cell,Glial cells,GPC2,16.6,3.0039798509125455,88
oligodendrocyte precursor cell,Glial cells,BMP7,166.6,2.997393880860577,89
oligodendrocyte precursor cell,Glial cells,RAB31,458.0,2.9734810321435,90
oligodendrocyte precursor cell,Glial cells,NT5E,93.7,2.962228213484556,91
oligodendrocyte precursor cell,Glial cells,LRRK2,470.3,2.9539273299646336,92
oligodendrocyte precursor cell,Glial cells,CA10,2453.6,2.948513008021495,93
oligodendrocyte precursor cell,Glial cells,BAMBI,75.7,2.9396638242964563,94
oligodendrocyte precursor cell,Glial cells,KCNH8,520.2,2.922818858606857,95
oligodendrocyte precursor cell,Glial cells,HTRA1,347.2,2.89926452571298,96
oligodendrocyte precursor cell,Glial cells,EHD4,59.3,2.8800625147238432,97
oligodendrocyte precursor cell,Glial cells,LRRN1,626.8,2.874724475730654,98
oligodendrocyte precursor cell,Glial cells,SLC22A3,196.0,2.865546038894525,99
oligodendrocyte precursor cell,Glial cells,CA8,227.0,2.8586666490981636,100
oligodendrocyte precursor cell,Glial cells,CCDC50,498.5,2.8359324765431633,101
oligodendrocyte precursor cell,Glial cells,HES5,54.0,2.829704105363357,102
oligodendrocyte precursor cell,Glial cells,CALCRL,468.1,2.8284305169853545,103
oligodendrocyte precursor cell,Glial cells,IL17RB,68.3,2.8269171884361217,104
oligodendrocyte precursor cell,Glial cells,IL1RAP,318.6,2.821485897143831,105
oligodendrocyte precursor cell,Glial cells,SPATA6,817.9,2.8149718629852556,106
oligodendrocyte precursor cell,Glial cells,SDC3,176.6,2.807108782968257,107
oligodendrocyte precursor cell,Glial cells,TMEM132C,992.9,2.8016786684368977,108
oligodendrocyte precursor cell,Glial cells,BRINP3,1923.9,2.799985612058716,109
oligodendrocyte precursor cell,Glial cells,WFDC1,77.0,2.7929663331726435,110
oligodendrocyte precursor cell,Glial cells,SCD5,1725.2,2.7672488262340926,111
oligodendrocyte precursor cell,Glial cells,LRRC4C,8620.3,2.759072140484747,112
oligodendrocyte precursor cell,Glial cells,KIF13A,1362.4,2.748066497217372,113
oligodendrocyte precursor cell,Glial cells,ADGRG1,144.9,2.7260301919078014,114
oligodendrocyte precursor cell,Glial cells,XYLT1,1799.3,2.7257714265134,115
oligodendrocyte precursor cell,Glial cells,CHST11,1638.3,2.720179661011759,116
oligodendrocyte precursor cell,Glial cells,KCNJ16,101.0,2.7123180690950077,117
oligodendrocyte precursor cell,Glial cells,NLGN3,148.7,2.710756240606761,118
oligodendrocyte precursor cell,Glial cells,EMID1,100.5,2.698502781120375,119
oligodendrocyte precursor cell,Glial cells,PLPPR1,885.3,2.694353359214706,120
oligodendrocyte precursor cell,Glial cells,KIF19,23.9,2.686983437661665,121
oligodendrocyte precursor cell,Glial cells,MARCKS,489.9,2.680127020253422,122
oligodendrocyte precursor cell,Glial cells,CNMD,22.4,2.6680182404487147,123
oligodendrocyte precursor cell,Glial cells,EBF4,106.4,2.6655725390639167,124
oligodendrocyte precursor cell,Glial cells,LINGO3,17.3,2.662248501636984,125
oligodendrocyte precursor cell,Glial cells,TSPAN11,53.2,2.6614869928811498,126
oligodendrocyte precursor cell,Glial cells,NOVA1,3101.9,2.657446894584318,127
oligodendrocyte precursor cell,Glial cells,BMP8B,14.7,2.6560202845683976,128
oligodendrocyte precursor cell,Glial cells,TNK2,409.0,2.6553646241907245,129
oligodendrocyte precursor cell,Glial cells,THBS4,163.2,2.6533324152079203,130
oligodendrocyte precursor cell,Glial cells,ATOH8,34.0,2.643075721786586,131
oligodendrocyte precursor cell,Glial cells,PMP2,117.0,2.6420974262335055,132
oligodendrocyte precursor cell,Glial cells,ZNF462,857.6,2.638839334914477,133
oligodendrocyte precursor cell,Glial cells,C3orf70,245.7,2.628406637240089,134
oligodendrocyte precursor cell,Glial cells,GPSM2,294.1,2.6231976319598553,135
oligodendrocyte precursor cell,Glial cells,SLITRK2,151.4,2.622450794485476,136
oligodendrocyte precursor cell,Glial cells,SLC35F1,2361.1,2.6211423164002534,137
oligodendrocyte precursor cell,Glial cells,ATP13A4,341.7,2.6136816823267135,138
oligodendrocyte precursor cell,Glial cells,TEK,143.8,2.6111026381849465,139
oligodendrocyte precursor cell,Glial cells,SEMA5A,1597.1,2.610188109537291,140
oligodendrocyte precursor cell,Glial cells,PXDN,103.7,2.6029877573370297,141
oligodendrocyte precursor cell,Glial cells,SPRY4,97.1,2.5958325859400735,142
oligodendrocyte precursor cell,Glial cells,ANGPTL2,69.6,2.5931596536877755,143
oligodendrocyte precursor cell,Glial cells,PDPN,40.4,2.576749193873473,144
oligodendrocyte precursor cell,Glial cells,ASIC1,114.0,2.5645787152131465,145
oligodendrocyte precursor cell,Glial cells,SOX13,116.6,2.5643664584255683,146
oligodendrocyte precursor cell,Glial cells,FIBIN,40.7,2.5640421973977685,147
oligodendrocyte precursor cell,Glial cells,GSG1L,247.8,2.563302048625304,148
oligodendrocyte precursor cell,Glial cells,TMEM255A,55.1,2.5459839549404766,149
oligodendrocyte precursor cell,Glial cells,PCDHGC3,464.9,2.5416752135081095,150
oligodendrocyte precursor cell,Glial cells,PRKG2,215.9,2.522886893153455,151
oligodendrocyte precursor cell,Glial cells,GAL3ST1,48.6,2.521338105807376,152
oligodendrocyte precursor cell,Glial cells,SLC7A10,24.0,2.5173237838457934,153
oligodendrocyte precursor cell,Glial cells,SEMA3E,469.9,2.510360445939621,154
oligodendrocyte precursor cell,Glial cells,PRRX2,7.9,2.506107080009917,155
oligodendrocyte precursor cell,Glial cells,IFITM10,40.6,2.505832079733963,156
oligodendrocyte precursor cell,Glial cells,SERPINE2,322.2,2.4901092169163004,157
oligodendrocyte precursor cell,Glial cells,CHD7,573.4,2.4796661023773514,158
oligodendrocyte precursor cell,Glial cells,SCRG1,238.8,2.4669715910672165,159
oligodendrocyte precursor cell,Glial cells,GLDC,71.4,2.4587675472603765,160
oligodendrocyte precursor cell,Glial cells,HIP1,682.4,2.451291877942651,161
oligodendrocyte precursor cell,Glial cells,RFTN2,412.4,2.449404208707977,162
oligodendrocyte precursor cell,Glial cells,ATP6V0A4,13.2,2.44930740136359,163
oligodendrocyte precursor cell,Glial cells,NAV1,1015.4,2.4444403049025785,164
oligodendrocyte precursor cell,Glial cells,APOD,679.9,2.4380496588253155,165
oligodendrocyte precursor cell,Glial cells,CHST9,425.9,2.4295532405844256,166
oligodendrocyte precursor cell,Glial cells,USP43,111.5,2.409852478067988,167
oligodendrocyte precursor cell,Glial cells,PDZRN4,1133.5,2.408541006667351,168
oligodendrocyte precursor cell,Glial cells,NXPH1,2114.0,2.407512439312513,169
oligodendrocyte precursor cell,Glial cells,OLFM2,247.0,2.391630085235055,170
oligodendrocyte precursor cell,Glial cells,PYGL,59.1,2.3891566043659336,171
oligodendrocyte precursor cell,Glial cells,EFS,50.9,2.383185813143353,172
oligodendrocyte precursor cell,Glial cells,VEGFA,116.3,2.382789131689436,173
oligodendrocyte precursor cell,Glial cells,NKX2-2,58.9,2.378643002285273,174
oligodendrocyte precursor cell,Glial cells,PON3,33.1,2.359331951709033,175
oligodendrocyte precursor cell,Glial cells,SCN9A,408.5,2.358636021100683,176
oligodendrocyte precursor cell,Glial cells,DOCK1,652.3,2.3469982959611673,177
oligodendrocyte precursor cell,Glial cells,DSEL,195.6,2.3463271625196205,178
oligodendrocyte precursor cell,Glial cells,CLDN10,43.3,2.3452075021741847,179
oligodendrocyte precursor cell,Glial cells,LGR5,85.7,2.32677698521058,180
oligodendrocyte precursor cell,Glial cells,RHBDL3,182.2,2.3205208317555117,181
oligodendrocyte precursor cell,Glial cells,CTSO,60.2,2.298264049942503,182
oligodendrocyte precursor cell,Glial cells,NLGN4X,1009.9,2.2969840854339543,183
oligodendrocyte precursor cell,Glial cells,COBL,732.7,2.292094294010402,184
oligodendrocyte precursor cell,Glial cells,KCNIP3,122.5,2.283505183689651,185
oligodendrocyte precursor cell,Glial cells,MAP3K1,299.8,2.2768435593442757,186
oligodendrocyte precursor cell,Glial cells,CRISPLD1,103.9,2.274255409883813,187
oligodendrocyte precursor cell,Glial cells,UGDH,96.9,2.2715530400660775,188
oligodendrocyte precursor cell,Glial cells,DDR1,99.8,2.2481226964298653,189
oligodendrocyte precursor cell,Glial cells,GPR156,27.2,2.245101014291076,190
oligodendrocyte precursor cell,Glial cells,ZNF469,31.3,2.2408727559096357,191
oligodendrocyte precursor cell,Glial cells,RAMP1,172.9,2.2405990651398615,192
oligodendrocyte precursor cell,Glial cells,MASP1,42.0,2.2379981172702768,193
oligodendrocyte precursor cell,Glial cells,UST,785.5,2.237851769134712,194
oligodendrocyte precursor cell,Glial cells,PLAT,69.7,2.2291897540372494,195
oligodendrocyte precursor cell,Glial cells,NEDD4,138.1,2.21775882360057,196
oligodendrocyte precursor cell,Glial cells,ATP10B,307.7,2.2098570385218466,197
oligodendrocyte precursor cell,Glial cells,TNFAIP6,12.4,2.2096165018354776,198
oligodendrocyte precursor cell,Glial cells,EFNA2,14.9,2.201193998354127,199
oligodendrocyte precursor cell,Glial cells,MATN2,175.8,2.1968052724981737,200
pericyte,Endothelial and mural cells,SLC6A12,1055.4,7.01198478101658,1
pericyte,Endothelial and mural cells,PTH1R,798.2,6.402792547525504,2
pericyte,Endothelial and mural cells,NDUFA4L2,1113.6,6.381415481845176,3
pericyte,Endothelial and mural cells,GPER1,311.3,6.28351362710035,4
pericyte,Endothelial and mural cells,HIGD1B,452.8,6.185207746136823,5
pericyte,Endothelial and mural cells,SLC12A7,581.5,6.09608203867917,6
pericyte,Endothelial and mural cells,RGS5,1979.3,5.883848928396334,7
pericyte,Endothelial and mural cells,SLC19A1,1430.9,5.838460537955637,8
pericyte,Endothelial and mural cells,GJC1,520.7,5.501994840721174,9
pericyte,Endothelial and mural cells,GGT5,440.7,5.414308554722466,10
pericyte,Endothelial and mural cells,TFPI,575.2,5.325772386791929,11
pericyte,Endothelial and mural cells,ATP1A2,5546.4,5.289789828933489,12
pericyte,Endothelial and mural cells,SLC6A13,665.0,5.246602140088199,13
pericyte,Endothelial and mural cells,FAM162B,269.0,5.229426013190974,14
pericyte,Endothelial and mural cells,PLXDC1,696.1,5.1377932922052425,15
pericyte,Endothelial and mural cells,SLC30A10,1371.5,5.048604833886058,16
pericyte,Endothelial and mural cells,RERGL,799.9,4.927822655168569,17
pericyte,Endothelial and mural cells,PDGFRB,1272.1,4.915787951948038,18
pericyte,Endothelial and mural cells,MYO1B,1572.8,4.895253953968094,19
pericyte,Endothelial and mural cells,FOXS1,76.2,4.824673851112086,20
pericyte,Endothelial and mural cells,TRPC3,950.2,4.8242568581675584,21
pericyte,Endothelial and mural cells,BGN,494.2,4.821835230008102,22
pericyte,Endothelial and mural cells,KCNJ8,92.6,4.708965589544701,23
pericyte,Endothelial and mural cells,GJA4,92.0,4.704582420315403,24
pericyte,Endothelial and mural cells,TBX3,137.8,4.661411989966147,25
pericyte,Endothelial and mural cells,FOXD1,141.0,4.558241772916754,26
pericyte,Endothelial and mural cells,PRELP,443.8,4.5152023464293025,27
pericyte,Endothelial and mural cells,ITIH5,1626.0,4.494919570890231,28
pericyte,Endothelial and mural cells,ABCC9,470.3,4.447542463851884,29
pericyte,Endothelial and mural cells,GNG11,271.2,4.442570126006327,30
pericyte,Endothelial and mural cells,HES4,1049.2,4.441140037107869,31
pericyte,Endothelial and mural cells,EDNRA,307.5,4.424168945913226,32
pericyte,Endothelial and mural cells,PEAR1,113.4,4.406603930283083,33
pericyte,Endothelial and mural cells,COX4I2,62.7,4.392317422778761,34
pericyte,Endothelial and mural cells,P2RY14,985.4,4.389302329506676,35
pericyte,Endothelial and mural cells,TBXA2R,43.3,4.376125389276175,36
pericyte,Endothelial and mural cells,TBX2,228.0,4.368686642594043,37
pericyte,Endothelial and mural cells,MYL3,44.8,4.352216446939085,38
pericyte,Endothelial and mural cells,DLC1,9442.6,4.351225725344077,39
pericyte,Endothelial and mural cells,PCDH18,123.4,4.318838810964122,40
pericyte,Endothelial and mural cells,CA4,330.1,4.30620900268439,41
pericyte,Endothelial and mural cells,CD248,51.6,4.285651582796996,42
pericyte,Endothelial and mural cells,SMOC2,448.8,4.282562080716396,43
pericyte,Endothelial and mural cells,FHL5,419.1,4.277183663291857,44
pericyte,Endothelial and mural cells,RHOJ,617.3,4.265212405196791,45
pericyte,Endothelial and mural cells,EPS8,3175.1,4.254528998080945,46
pericyte,Endothelial and mural cells,DCN,1333.3,4.249589644346001,47
pericyte,Endothelial and mural cells,FN1,1227.5,4.248543291519008,48
pericyte,Endothelial and mural cells,ISYNA1,385.1,4.241904952472665,49
pericyte,Endothelial and mural cells,IFITM2,790.1,4.24029940858099,50
pericyte,Endothelial and mural cells,PLAC9,205.0,4.227864000900512,51
pericyte,Endothelial and mural cells,COL4A4,416.8,4.226912910252962,52
pericyte,Endothelial and mural cells,EVA1B,112.9,4.208551651221833,53
pericyte,Endothelial and mural cells,EHD2,142.0,4.202575787732628,54
pericyte,Endothelial and mural cells,STARD8,110.6,4.1948180648822895,55
pericyte,Endothelial and mural cells,LAMC3,292.5,4.172563901200334,56
pericyte,Endothelial and mural cells,IFITM3,688.4,4.1431228412480445,57
pericyte,Endothelial and mural cells,COLEC12,2132.7,4.143063136112056,58
pericyte,Endothelial and mural cells,ADORA2B,75.6,4.129739674396239,59
pericyte,Endothelial and mural cells,SYDE1,66.2,4.053007249663161,60
pericyte,Endothelial and mural cells,CPM,469.3,4.029896083467088,61
pericyte,Endothelial and mural cells,KCNE4,236.0,4.004767045237743,62
pericyte,Endothelial and mural cells,FOXF2,82.6,3.9810893585225764,63
pericyte,Endothelial and mural cells,CFH,401.5,3.9805910844790056,64
pericyte,Endothelial and mural cells,EBF1,3043.0,3.9738919513270803,65
pericyte,Endothelial and mural cells,ARHGAP42,1081.0,3.9667214761145155,66
pericyte,Endothelial and mural cells,LPL,236.7,3.935702544009311,67
pericyte,Endothelial and mural cells,KANK3,146.5,3.9329100547171665,68
pericyte,Endothelial and mural cells,SLC38A11,1722.3,3.9232545916353394,69
pericyte,Endothelial and mural cells,GPRC5C,153.3,3.9126821650358115,70
pericyte,Endothelial and mural cells,PDE4C,107.6,3.9033925665392726,71
pericyte,Endothelial and mural cells,PLEKHG2,93.6,3.902875607538013,72
pericyte,Endothelial and mural cells,FRZB,309.0,3.8537282868295955,73
pericyte,Endothelial and mural cells,RASL12,112.9,3.850324782498431,74
pericyte,Endothelial and mural cells,IGFBP7,2548.6,3.829701622977303,75
pericyte,Endothelial and mural cells,HRC,25.1,3.810205270558159,76
pericyte,Endothelial and mural cells,ITGA1,578.6,3.7918102997699688,77
pericyte,Endothelial and mural cells,TESC,376.3,3.787298709531042,78
pericyte,Endothelial and mural cells,FOXL1,25.9,3.7849396038004604,79
pericyte,Endothelial and mural cells,LZTS1,290.7,3.77925927075265,80
pericyte,Endothelial and mural cells,HTR1F,44.6,3.7779363231200027,81
pericyte,Endothelial and mural cells,CSAG1,13.8,3.7740672209583037,82
pericyte,Endothelial and mural cells,WNT6,38.8,3.75324077781976,83
pericyte,Endothelial and mural cells,MXRA8,117.7,3.7497036988016634,84
pericyte,Endothelial and mural cells,SMIM3,115.6,3.7469232982968044,85
pericyte,Endothelial and mural cells,HEYL,81.3,3.724922273461884,86
pericyte,Endothelial and mural cells,CAVIN3,113.3,3.7217089029418333,87
pericyte,Endothelial and mural cells,ARHGAP29,1467.9,3.717896402786348,88
pericyte,Endothelial and mural cells,PDE7B,2559.7,3.711767412481443,89
pericyte,Endothelial and mural cells,CCDC141,125.9,3.6965520236182723,90
pericyte,Endothelial and mural cells,A4GALT,67.6,3.6949694160306676,91
pericyte,Endothelial and mural cells,LAMA2,4582.9,3.6884573579197686,92
pericyte,Endothelial and mural cells,SLC6A1,2290.5,3.6884569066483452,93
pericyte,Endothelial and mural cells,FZD10,23.2,3.682486586502445,94
pericyte,Endothelial and mural cells,GABRE,48.6,3.680047620042605,95
pericyte,Endothelial and mural cells,NT5DC2,86.4,3.6604328575469145,96
pericyte,Endothelial and mural cells,PLOD1,135.8,3.641668751588577,97
pericyte,Endothelial and mural cells,AXL,261.6,3.641286341382586,98
pericyte,Endothelial and mural cells,CDH6,1000.4,3.637646281090367,99
pericyte,Endothelial and mural cells,PAPSS2,366.8,3.623924392981475,100
pericyte,Endothelial and mural cells,TXNIP,912.9,3.616958728647502,101
pericyte,Endothelial and mural cells,LAMB2,147.6,3.6122259985547673,102
pericyte,Endothelial and mural cells,ADRA2C,42.4,3.597710993463144,103
pericyte,Endothelial and mural cells,DOCK6,231.2,3.5950517147184424,104
pericyte,Endothelial and mural cells,MELTF,93.3,3.5940312581739304,105
pericyte,Endothelial and mural cells,RRAS,120.1,3.569129263225136,106
pericyte,Endothelial and mural cells,LGALS1,504.3,3.565446640714113,107
pericyte,Endothelial and mural cells,MFGE8,250.7,3.5597044266882247,108
pericyte,Endothelial and mural cells,CSPG4,105.3,3.558191962307458,109
pericyte,Endothelial and mural cells,COL1A2,374.1,3.5500389157730954,110
pericyte,Endothelial and mural cells,LRRC32,66.5,3.542271003315898,111
pericyte,Endothelial and mural cells,NR2F2,559.7,3.5267622915581027,112
pericyte,Endothelial and mural cells,RBPMS2,54.4,3.510677858952721,113
pericyte,Endothelial and mural cells,RNF152,830.7,3.5019134878160076,114
pericyte,Endothelial and mural cells,GRM3,3059.1,3.4946996248329016,115
pericyte,Endothelial and mural cells,CALD1,1943.5,3.4775742695561394,116
pericyte,Endothelial and mural cells,FRMD3,1293.7,3.463746724469902,117
pericyte,Endothelial and mural cells,SPARC,516.5,3.4595245488470554,118
pericyte,Endothelial and mural cells,TIMP1,150.2,3.4496054692011717,119
pericyte,Endothelial and mural cells,OAF,125.7,3.4149569894966927,120
pericyte,Endothelial and mural cells,COL6A2,243.9,3.4126770985403456,121
pericyte,Endothelial and mural cells,RRAD,66.8,3.407192202701106,122
pericyte,Endothelial and mural cells,FOXC2,61.8,3.406061976055366,123
pericyte,Endothelial and mural cells,SLC20A2,2226.2,3.4018236617123403,124
pericyte,Endothelial and mural cells,VAMP5,92.1,3.38543103719352,125
pericyte,Endothelial and mural cells,ESAM,113.9,3.3840087147136515,126
pericyte,Endothelial and mural cells,CCM2L,81.7,3.3676311770220364,127
pericyte,Endothelial and mural cells,SLC4A11,24.4,3.3659672640555915,128
pericyte,Endothelial and mural cells,PDLIM2,108.8,3.355930411938422,129
pericyte,Endothelial and mural cells,PIK3CD,237.2,3.338467270837233,130
pericyte,Endothelial and mural cells,SNRK,901.4,3.3379654581520617,131
pericyte,Endothelial and mural cells,RGS4,274.4,3.327208037655887,132
pericyte,Endothelial and mural cells,PHLDB2,431.3,3.3225248789231068,133
pericyte,Endothelial and mural cells,CD9,336.9,3.3137614000559408,134
pericyte,Endothelial and mural cells,CD38,120.4,3.284322276420257,135
pericyte,Endothelial and mural cells,ADGRF5,289.3,3.284307048427899,136
pericyte,Endothelial and mural cells,TBL1Y,88.2,3.272120234592273,137
pericyte,Endothelial and mural cells,CSRP2,156.9,3.2239160195780525,138
pericyte,Endothelial and mural cells,PDE8B,1895.2,3.2115067747921433,139
pericyte,Endothelial and mural cells,PLCE1,715.0,3.2101190590542874,140
pericyte,Endothelial and mural cells,PALD1,398.3,3.207965114660251,141
pericyte,Endothelial and mural cells,FOXQ1,64.2,3.199596913088316,142
pericyte,Endothelial and mural cells,HEY2,151.4,3.1938750180336752,143
pericyte,Endothelial and mural cells,EMP3,119.2,3.1937990219604413,144
pericyte,Endothelial and mural cells,RASL11A,47.9,3.1926323061521447,145
pericyte,Endothelial and mural cells,TDRD1,17.2,3.19243919923482,146
pericyte,Endothelial and mural cells,SNTB1,772.3,3.191678663900973,147
pericyte,Endothelial and mural cells,NFATC4,76.1,3.1915195570460932,148
pericyte,Endothelial and mural cells,SLC40A1,129.1,3.189513760851952,149
pericyte,Endothelial and mural cells,AGRN,18.6,3.1894621462341455,150
pericyte,Endothelial and mural cells,TMEM204,79.0,3.183927860841287,151
pericyte,Endothelial and mural cells,WDFY4,215.2,3.1818642786690097,152
pericyte,Endothelial and mural cells,COBLL1,1684.9,3.1589588342019943,153
pericyte,Endothelial and mural cells,DACH1,1190.8,3.155188189777959,154
pericyte,Endothelial and mural cells,OLFML2A,65.5,3.1495581253570677,155
pericyte,Endothelial and mural cells,C2CD2,432.8,3.1454628113961522,156
pericyte,Endothelial and mural cells,RBPMS,874.4,3.13537363045074,157
pericyte,Endothelial and mural cells,TMC4,29.8,3.135007510945865,158
pericyte,Endothelial and mural cells,TNS1,433.0,3.1296356248022486,159
pericyte,Endothelial and mural cells,KANK2,158.1,3.123606185017573,160
pericyte,Endothelial and mural cells,SELENBP1,67.5,3.11507306838889,161
pericyte,Endothelial and mural cells,EFHD1,271.6,3.109619426732114,162
pericyte,Endothelial and mural cells,EPAS1,727.1,3.10540704075234,163
pericyte,Endothelial and mural cells,TNS2,281.9,3.099754247150437,164
pericyte,Endothelial and mural cells,ARHGAP10,1098.7,3.0996873165691063,165
pericyte,Endothelial and mural cells,BCAM,138.1,3.093715067625225,166
pericyte,Endothelial and mural cells,LBH,210.7,3.0925519368376717,167
pericyte,Endothelial and mural cells,TMEM30B,16.6,3.0838655601478617,168
pericyte,Endothelial and mural cells,MGLL,861.6,3.06757619728903,169
pericyte,Endothelial and mural cells,TAGLN2,102.0,3.049656234763867,170
pericyte,Endothelial and mural cells,PTEN,1886.3,3.0221874321205453,171
pericyte,Endothelial and mural cells,RHOC,118.1,3.020368667528239,172
pericyte,Endothelial and mural cells,ETS1,441.8,2.9804266970810134,173
pericyte,Endothelial and mural cells,PTN,1366.0,2.9685372759455997,174
pericyte,Endothelial and mural cells,ADAP2,150.9,2.962024300513898,175
pericyte,Endothelial and mural cells,TOR4A,13.6,2.960423079024206,176
pericyte,Endothelial and mural cells,FGF1,375.4,2.9543182707307243,177
pericyte,Endothelial and mural cells,TCF15,19.1,2.9405583083739133,178
pericyte,Endothelial and mural cells,DAAM2,567.6,2.939455719621232,179
pericyte,Endothelial and mural cells,ADAM33,125.8,2.9369913812077697,180
pericyte,Endothelial and mural cells,EMILIN1,30.2,2.9140545699306113,181
pericyte,Endothelial and mural cells,ZNF703,47.2,2.899968577805712,182
pericyte,Endothelial and mural cells,PHLDB3,87.5,2.876462917523602,183
pericyte,Endothelial and mural cells,SERPINH1,75.1,2.8763661530887386,184
pericyte,Endothelial and mural cells,ADIRF,231.9,2.872062161358542,185
pericyte,Endothelial and mural cells,GPC5,5675.4,2.844199723948852,186
pericyte,Endothelial and mural cells,TSPAN4,74.1,2.8334358651450975,187
pericyte,Endothelial and mural cells,TMEM51,118.2,2.832587467232546,188
pericyte,Endothelial and mural cells,CD151,165.3,2.8273406504344867,189
pericyte,Endothelial and mural cells,SORBS3,132.4,2.826721575525319,190
pericyte,Endothelial and mural cells,MNDA,70.3,2.81134595210299,191
pericyte,Endothelial and mural cells,C20orf27,110.8,2.800683623321945,192
pericyte,Endothelial and mural cells,CLMN,600.1,2.7939550132892403,193
pericyte,Endothelial and mural cells,CYTH3,612.3,2.777903943852449,194
pericyte,Endothelial and mural cells,MOCS1,49.1,2.7580323427349325,195
pericyte,Endothelial and mural cells,SERPING1,114.2,2.754887502163469,196
pericyte,Endothelial and mural cells,SH3RF1,748.4,2.7533656994876434,197
pericyte,Endothelial and mural cells,ITGA7,202.3,2.753162821694007,198
pericyte,Endothelial and mural cells,ARHGDIB,87.4,2.7451653772093554,199
pericyte,Endothelial and mural cells,NKX6-1,21.5,2.7301809895990963,200
splatter,Neuronal cells,NPY,1711.7,7.152729059546414,1
splatter,Neuronal cells,SST,546.4,4.12320216033871,2
splatter,Neuronal cells,CORT,109.3,3.953166153497474,3
splatter,Neuronal cells,CRHBP,90.0,3.345174439379617,4
splatter,Neuronal cells,AVP,32.1,3.3157337157624784,5
splatter,Neuronal cells,ECEL1,16.1,3.174534254694902,6
splatter,Neuronal cells,DLK1,14.4,3.1238285868528584,7
splatter,Neuronal cells,ASAH2,14.0,3.0933037198394,8
splatter,Neuronal cells,NOS1,285.6,2.9590055211351793,9
splatter,Neuronal cells,IL1RAPL2,702.1,2.954989310115683,10
splatter,Neuronal cells,OXT,16.0,2.920455323190321,11
splatter,Neuronal cells,HDC,16.5,2.873553411734406,12
splatter,Neuronal cells,CRABP1,26.4,2.71825991350088,13
splatter,Neuronal cells,KLHL1,326.0,2.5201801150710814,14
splatter,Neuronal cells,TLL2,30.5,2.4465130094329766,15
splatter,Neuronal cells,HOXB7,5.4,2.4333693220511012,16
splatter,Neuronal cells,SCN7A,129.4,2.3885506584218748,17
splatter,Neuronal cells,ARHGAP36,9.9,2.3696349482866514,18
splatter,Neuronal cells,TRH,9.9,2.347012039325981,19
splatter,Neuronal cells,HOXB3,20.9,2.2956192229026136,20
splatter,Neuronal cells,PEG10,197.0,2.049686409928651,21
splatter,Neuronal cells,ISL1,5.8,2.0129158878852853,22
splatter,Neuronal cells,GAL,11.2,1.9878674448488012,23
splatter,Neuronal cells,LHX8,3.3,1.9046048358894596,24
splatter,Neuronal cells,ACHE,48.7,1.877374849091552,25
splatter,Neuronal cells,AMIGO2,18.0,1.859362225525933,26
splatter,Neuronal cells,HAP1,29.6,1.8418381136761748,27
splatter,Neuronal cells,RBP4,31.9,1.8129467703019582,28
splatter,Neuronal cells,PRPH,3.2,1.803716344994256,29
splatter,Neuronal cells,DIRAS3,38.5,1.7997382428395143,30
splatter,Neuronal cells,TAC3,23.4,1.797089128056518,31
splatter,Neuronal cells,NPPC,50.6,1.7850340343341968,32
splatter,Neuronal cells,TMEM255A,34.1,1.7769138084934675,33
splatter,Neuronal cells,PNOC,22.3,1.7671117086196493,34
splatter,Neuronal cells,KISS1R,7.8,1.76404512822249,35
splatter,Neuronal cells,SAMD11,11.4,1.7471080191251165,36
splatter,Neuronal cells,MAGEL2,13.5,1.7414952526467202,37
splatter,Neuronal cells,CALY,554.0,1.738962513331581,38
splatter,Neuronal cells,PRRT4,13.0,1.7224660244710912,39
splatter,Neuronal cells,PCSK1N,540.3,1.7214535881601032,40
splatter,Neuronal cells,FNDC9,8.0,1.7160682532729405,41
splatter,Neuronal cells,RELN,517.9,1.7050556441169527,42
splatter,Neuronal cells,ONECUT1,10.6,1.7039300730336633,43
splatter,Neuronal cells,KANK4,29.9,1.669748505756724,44
splatter,Neuronal cells,CHAT,3.0,1.6624186408011523,45
splatter,Neuronal cells,CALB2,98.7,1.6587761565907793,46
splatter,Neuronal cells,CDHR1,25.7,1.658006824836355,47
splatter,Neuronal cells,GLRA3,108.4,1.6571092125081432,48
splatter,Neuronal cells,TMEM196,106.6,1.6514383641765136,49
splatter,Neuronal cells,NGB,14.9,1.648193262092465,50
splatter,Neuronal cells,RET,14.3,1.627589693905422,51
splatter,Neuronal cells,MAB21L2,6.2,1.6218620835326856,52
splatter,Neuronal cells,PDE11A,4.5,1.6065853124209515,53
splatter,Neuronal cells,ZCCHC12,24.6,1.605602266780193,54
splatter,Neuronal cells,HCRT,6.7,1.6038215279724721,55
splatter,Neuronal cells,ELFN1,16.7,1.6036070486677,56
splatter,Neuronal cells,KCNH6,5.7,1.5791018492999138,57
splatter,Neuronal cells,LHX6,32.3,1.5743673854819564,58
splatter,Neuronal cells,NDNF,21.0,1.5724972531019594,59
splatter,Neuronal cells,CALB1,53.3,1.554608979825204,60
splatter,Neuronal cells,QPCT,24.8,1.537460019024752,61
splatter,Neuronal cells,NMU,9.7,1.5272950718696672,62
splatter,Neuronal cells,GPRIN2,5.7,1.5161587058913781,63
splatter,Neuronal cells,SCN9A,240.6,1.5082691520577443,64
splatter,Neuronal cells,KCNH7,972.4,1.507503298414209,65
splatter,Neuronal cells,IL11,3.9,1.50681912116708,66
splatter,Neuronal cells,NXPH4,9.8,1.504660872630295,67
splatter,Neuronal cells,GPR139,10.0,1.4959574946624115,68
splatter,Neuronal cells,ANK1,169.5,1.4916608010890182,69
splatter,Neuronal cells,PDGFD,129.3,1.488510177502708,70
splatter,Neuronal cells,TTC39A,24.3,1.485323151769322,71
splatter,Neuronal cells,PRSS56,4.2,1.4710382382852811,72
splatter,Neuronal cells,CACNA2D2,61.6,1.4708074219696217,73
splatter,Neuronal cells,SLC27A6,70.0,1.4672419203866074,74
splatter,Neuronal cells,PRLHR,5.9,1.4629206047171768,75
splatter,Neuronal cells,TAC1,135.8,1.458113968494658,76
splatter,Neuronal cells,SNCG,185.2,1.4535679133535393,77
splatter,Neuronal cells,TLX3,2.7,1.4432758502462564,78
splatter,Neuronal cells,CYGB,28.0,1.4290752433447091,79
splatter,Neuronal cells,SCG2,234.4,1.4238675023018468,80
splatter,Neuronal cells,TMEM114,2.6,1.4134192208804615,81
splatter,Neuronal cells,SLC17A6,69.6,1.3990673755894805,82
splatter,Neuronal cells,SLC18A2,11.7,1.3919302087193866,83
splatter,Neuronal cells,PAX8,15.1,1.385916497628338,84
splatter,Neuronal cells,ROBO1,2895.1,1.383394207948563,85
splatter,Neuronal cells,NSG1,96.0,1.3796297958293329,86
splatter,Neuronal cells,ANKRD30B,64.8,1.3645076539921956,87
splatter,Neuronal cells,SLC10A4,8.2,1.3597217170756775,88
splatter,Neuronal cells,C10orf82,4.7,1.359614745389383,89
splatter,Neuronal cells,SYNE4,10.2,1.3568934569248592,90
splatter,Neuronal cells,HAPLN4,23.9,1.3551398739092197,91
splatter,Neuronal cells,COL7A1,32.1,1.3530353884451807,92
splatter,Neuronal cells,GALR1,15.7,1.346614973738832,93
splatter,Neuronal cells,GPR83,10.2,1.3409848734981664,94
splatter,Neuronal cells,LRP8,134.3,1.3392049184188468,95
splatter,Neuronal cells,RAB3B,75.7,1.315728571856428,96
splatter,Neuronal cells,NPB,7.4,1.3138835473295472,97
splatter,Neuronal cells,TLE6,4.9,1.3123273246050866,98
splatter,Neuronal cells,AR,37.9,1.3117928748612564,99
splatter,Neuronal cells,PKP1,1.8,1.3087172211608198,100
splatter,Neuronal cells,CASZ1,14.6,1.3046567759421939,101
splatter,Neuronal cells,LGI2,24.4,1.2987925740342725,102
splatter,Neuronal cells,SP9,8.2,1.2953262904390968,103
splatter,Neuronal cells,CLGN,21.9,1.2925431334186168,104
splatter,Neuronal cells,CAMK2N2,75.6,1.2902043465894855,105
splatter,Neuronal cells,DMKN,22.7,1.2861287298150657,106
splatter,Neuronal cells,TUBB3,167.2,1.2853827252224514,107
splatter,Neuronal cells,NXPH1,1046.1,1.2806495979148187,108
splatter,Neuronal cells,LRRC36,16.6,1.264227208746627,109
splatter,Neuronal cells,CENPVL3,3.9,1.2603602715354685,110
splatter,Neuronal cells,FLT3,37.7,1.2479981192273966,111
splatter,Neuronal cells,SYTL5,78.7,1.2409233288066863,112
splatter,Neuronal cells,VGF,60.2,1.236197533989603,113
splatter,Neuronal cells,ELAVL2,311.2,1.235488674829666,114
splatter,Neuronal cells,AFF2,214.6,1.2347467788509972,115
splatter,Neuronal cells,GNAS,918.4,1.2276102224927083,116
splatter,Neuronal cells,RTP5,15.6,1.2240613433026393,117
splatter,Neuronal cells,CDH4,265.0,1.2106670102525259,118
splatter,Neuronal cells,PENK,43.1,1.2088091394084883,119
splatter,Neuronal cells,STAR,5.0,1.2014152875701278,120
splatter,Neuronal cells,CITED1,6.3,1.1994197156612028,121
splatter,Neuronal cells,DNAH14,297.9,1.1989670265004013,122
splatter,Neuronal cells,GRIN2D,39.3,1.1897499797985616,123
splatter,Neuronal cells,CHGA,59.6,1.186413124230881,124
splatter,Neuronal cells,GRIP1,1504.4,1.1813263420520286,125
splatter,Neuronal cells,TMEM91,8.5,1.165101082313965,126
splatter,Neuronal cells,DACH2,95.1,1.1624382433802893,127
splatter,Neuronal cells,HCN4,8.9,1.1610102766345647,128
splatter,Neuronal cells,IGDCC4,20.9,1.1582939086570607,129
splatter,Neuronal cells,TMEM200C,19.2,1.1576411693210111,130
splatter,Neuronal cells,ISOC1,18.1,1.1572771970602629,131
splatter,Neuronal cells,INA,87.0,1.1560936526445613,132
splatter,Neuronal cells,ADAM29,10.2,1.1556508704601942,133
splatter,Neuronal cells,NAP1L5,58.0,1.1463333747526891,134
splatter,Neuronal cells,NDN,59.4,1.1389373768156736,135
splatter,Neuronal cells,VWDE,26.8,1.1385418073794125,136
splatter,Neuronal cells,GNG8,3.2,1.132930793960111,137
splatter,Neuronal cells,VSTM2A,30.2,1.1273663722053495,138
splatter,Neuronal cells,MYRFL,32.5,1.126349715275247,139
splatter,Neuronal cells,SMIM32,2.7,1.1245644680424365,140
splatter,Neuronal cells,TCEAL6,32.2,1.1199393116960141,141
splatter,Neuronal cells,FAM43B,11.3,1.1188577709525356,142
splatter,Neuronal cells,CACNA1G,43.6,1.114823882094538,143
splatter,Neuronal cells,FAM9B,8.8,1.1131741943881943,144
splatter,Neuronal cells,IGSF1,6.7,1.1066095158041516,145
splatter,Neuronal cells,HS6ST2,126.9,1.1006054601132667,146
splatter,Neuronal cells,TH,3.4,1.096557973751019,147
splatter,Neuronal cells,NMBR,7.9,1.0928147061898867,148
splatter,Neuronal cells,CHRNA2,6.7,1.0883857571852438,149
splatter,Neuronal cells,PTH2,2.3,1.0775609832936528,150
splatter,Neuronal cells,PEG3,6.4,1.0764279469981666,151
splatter,Neuronal cells,NAP1L3,82.8,1.0748410295440918,152
splatter,Neuronal cells,KRTAP5-11,5.4,1.074288228746273,153
splatter,Neuronal cells,BAIAP3,100.6,1.0742542516683944,154
splatter,Neuronal cells,ZNF208,40.5,1.072698222417444,155
splatter,Neuronal cells,GPR179,4.9,1.0721687854600583,156
splatter,Neuronal cells,SNTG2,142.8,1.0703346053848934,157
splatter,Neuronal cells,GAD1,198.3,1.0681141876809224,158
splatter,Neuronal cells,RPH3A,214.0,1.0660281898429396,159
splatter,Neuronal cells,NEFH,36.1,1.0647089326490742,160
splatter,Neuronal cells,GLRA2,82.2,1.0622780964192353,161
splatter,Neuronal cells,CHRM2,239.7,1.0622228463206735,162
splatter,Neuronal cells,HOXA3,5.2,1.061952490742758,163
splatter,Neuronal cells,BRINP3,656.1,1.0616218521175114,164
splatter,Neuronal cells,HCRTR1,2.7,1.061554670516636,165
splatter,Neuronal cells,HTR5A,13.3,1.055153465429955,166
splatter,Neuronal cells,ARX,20.5,1.0536502872717741,167
splatter,Neuronal cells,LRRC55,7.0,1.050040682499596,168
splatter,Neuronal cells,KIF26B,319.2,1.0499806090036827,169
splatter,Neuronal cells,DDC,1.3,1.0483198225722534,170
splatter,Neuronal cells,SCGB3A1,1.8,1.0443941193584534,171
splatter,Neuronal cells,STMN2,415.1,1.0399154098104921,172
splatter,Neuronal cells,ARHGDIG,75.1,1.0363594333350072,173
splatter,Neuronal cells,FNDC10,16.7,1.0337356378597313,174
splatter,Neuronal cells,TUBB2A,243.2,1.033579097855451,175
splatter,Neuronal cells,NEFM,83.6,1.0304989966645755,176
splatter,Neuronal cells,TSPAN33,11.2,1.0289562161977808,177
splatter,Neuronal cells,SLC32A1,19.4,1.0220263063299992,178
splatter,Neuronal cells,THSD7A,411.5,1.0201389224765425,179
splatter,Neuronal cells,LHX1,18.3,1.0189245998277823,180
splatter,Neuronal cells,KLK10,4.3,1.0140913591949279,181
splatter,Neuronal cells,COL19A1,131.1,1.0077317343640468,182
splatter,Neuronal cells,RPP25,12.6,1.0070894247863191,183
splatter,Neuronal cells,TMEM35A,54.1,1.0021438549917179,184
splatter,Neuronal cells,TRPC5,128.3,1.0019285334265802,185
splatter,Neuronal cells,KCNB2,555.0,1.0017938686108798,186
thalamic excitatory,Neuronal cells,CARTPT,361.5,4.560958590007304,1
thalamic excitatory,Neuronal cells,RGS16,165.1,4.375908263075014,2
thalamic excitatory,Neuronal cells,NTNG1,2777.8,3.7830523648460597,3
thalamic excitatory,Neuronal cells,SLITRK6,34.0,3.67064649066226,4
thalamic excitatory,Neuronal cells,SLC17A6,260.8,3.641670275138247,5
thalamic excitatory,Neuronal cells,PTH2,13.5,3.5660917266215932,6
thalamic excitatory,Neuronal cells,PPP1R17,26.1,3.5491143326765764,7
thalamic excitatory,Neuronal cells,PTPN3,239.2,3.33520267239769,8
thalamic excitatory,Neuronal cells,NMU,30.1,3.329397738611254,9
thalamic excitatory,Neuronal cells,CHRNA2,26.3,3.1728103924858875,10
thalamic excitatory,Neuronal cells,CALB2,240.7,3.147686591019637,11
thalamic excitatory,Neuronal cells,FAM9B,31.4,3.0747677684019723,12
thalamic excitatory,Neuronal cells,CRH,81.9,3.047442834541665,13
thalamic excitatory,Neuronal cells,PCP4,606.9,2.910162908191009,14
thalamic excitatory,Neuronal cells,MATN3,23.8,2.8926819211741712,15
thalamic excitatory,Neuronal cells,ABHD12B,39.1,2.809973838212928,16
thalamic excitatory,Neuronal cells,SMCO2,27.8,2.7085075668811713,17
thalamic excitatory,Neuronal cells,CALCA,5.3,2.587045815221645,18
thalamic excitatory,Neuronal cells,CIT,651.0,2.563201379717241,19
thalamic excitatory,Neuronal cells,KCNH5,525.1,2.50568652231891,20
thalamic excitatory,Neuronal cells,VANGL1,32.1,2.50219218993571,21
thalamic excitatory,Neuronal cells,TCF7L2,827.1,2.4456473890580828,22
thalamic excitatory,Neuronal cells,ADCYAP1,71.2,2.4366334898510784,23
thalamic excitatory,Neuronal cells,NEFM,202.2,2.42563289644802,24
thalamic excitatory,Neuronal cells,CACNA1G,98.5,2.393999020223951,25
thalamic excitatory,Neuronal cells,FSTL4,714.9,2.3712300530393944,26
thalamic excitatory,Neuronal cells,RGS8,67.2,2.3672479937418753,27
thalamic excitatory,Neuronal cells,CPNE9,107.7,2.3363175744026967,28
thalamic excitatory,Neuronal cells,DEFB1,5.9,2.3295513360903874,29
thalamic excitatory,Neuronal cells,SHISAL1,60.0,2.3069555879512023,30
thalamic excitatory,Neuronal cells,PVALB,121.6,2.281249461245975,31
thalamic excitatory,Neuronal cells,MCF2,131.9,2.2597026589610807,32
thalamic excitatory,Neuronal cells,FAM20A,67.9,2.2242336871243156,33
thalamic excitatory,Neuronal cells,NPBWR1,6.8,2.2186606679859944,34
thalamic excitatory,Neuronal cells,SCN7A,115.5,2.201738938376683,35
thalamic excitatory,Neuronal cells,WNT3,44.7,2.200964374911077,36
thalamic excitatory,Neuronal cells,NGB,21.0,2.1702231097274702,37
thalamic excitatory,Neuronal cells,NPTXR,307.4,2.1690322051192323,38
thalamic excitatory,Neuronal cells,KRT31,7.3,2.164404980886649,39
thalamic excitatory,Neuronal cells,NEFL,281.4,2.1403672324135132,40
thalamic excitatory,Neuronal cells,CHRNA4,33.8,2.1352941894117485,41
thalamic excitatory,Neuronal cells,LRP2,103.0,2.1251640641208125,42
thalamic excitatory,Neuronal cells,GAL,12.0,2.090913964380123,43
thalamic excitatory,Neuronal cells,DBNDD1,26.6,2.0814562135799988,44
thalamic excitatory,Neuronal cells,TTC39A,35.5,2.0693117515627835,45
thalamic excitatory,Neuronal cells,ROBO1,4456.5,2.068356437979049,46
thalamic excitatory,Neuronal cells,FRAS1,930.1,2.053623450898661,47
thalamic excitatory,Neuronal cells,FAP,35.2,2.045390799909934,48
thalamic excitatory,Neuronal cells,SPTSSB,56.9,2.0394193039431614,49
thalamic excitatory,Neuronal cells,HTR7,124.9,2.032412007429964,50
thalamic excitatory,Neuronal cells,SSTR3,9.3,1.992802386921181,51
thalamic excitatory,Neuronal cells,RTP5,26.0,1.9912827828988908,52
thalamic excitatory,Neuronal cells,GDNF,7.3,1.9868916503171192,53
thalamic excitatory,Neuronal cells,RIMS3,79.0,1.9819701502840168,54
thalamic excitatory,Neuronal cells,GAP43,544.6,1.966419441686516,55
thalamic excitatory,Neuronal cells,CPNE4,866.3,1.9589385778369266,56
thalamic excitatory,Neuronal cells,CPNE7,73.5,1.9522684309071887,57
thalamic excitatory,Neuronal cells,SCG2,326.2,1.9454097029465258,58
thalamic excitatory,Neuronal cells,CD226,114.3,1.9426495901432221,59
thalamic excitatory,Neuronal cells,CCBE1,266.7,1.93875460798159,60
thalamic excitatory,Neuronal cells,ADGRA1,80.1,1.9379078232789007,61
thalamic excitatory,Neuronal cells,OPRM1,233.1,1.931811546359782,62
thalamic excitatory,Neuronal cells,ASB18,30.8,1.9289169019385175,63
thalamic excitatory,Neuronal cells,GDF7,7.2,1.920146692310785,64
thalamic excitatory,Neuronal cells,LHFPL3,1483.9,1.913599010547313,65
thalamic excitatory,Neuronal cells,FGF13,704.9,1.9053632241672134,66
thalamic excitatory,Neuronal cells,NEFH,62.4,1.9041005817673078,67
thalamic excitatory,Neuronal cells,TESPA1,81.0,1.8945478830222329,68
thalamic excitatory,Neuronal cells,GAS2,381.5,1.8803482500726028,69
thalamic excitatory,Neuronal cells,RDH12,8.3,1.876193798385602,70
thalamic excitatory,Neuronal cells,CCDC136,134.9,1.8616690860890643,71
thalamic excitatory,Neuronal cells,CNTN6,352.7,1.859366002259012,72
thalamic excitatory,Neuronal cells,GNG13,4.1,1.858838466202377,73
thalamic excitatory,Neuronal cells,OPN3,49.6,1.856210896400992,74
thalamic excitatory,Neuronal cells,PRKG2,143.5,1.855404085320412,75
thalamic excitatory,Neuronal cells,KCNC2,1136.6,1.8512101605376123,76
thalamic excitatory,Neuronal cells,NPL,187.6,1.832420689589333,77
thalamic excitatory,Neuronal cells,CNTN5,4188.6,1.822275975464979,78
thalamic excitatory,Neuronal cells,LRTM2,33.3,1.8176519358054959,79
thalamic excitatory,Neuronal cells,SDR16C5,12.7,1.8059196425087258,80
thalamic excitatory,Neuronal cells,CDH18,2459.6,1.7971024385829775,81
thalamic excitatory,Neuronal cells,SNCG,230.4,1.7964666059148677,82
thalamic excitatory,Neuronal cells,RELL2,70.8,1.7907671667803573,83
thalamic excitatory,Neuronal cells,HRH3,59.8,1.7822992739882744,84
thalamic excitatory,Neuronal cells,ZDHHC22,42.1,1.7808716452172613,85
thalamic excitatory,Neuronal cells,ANKRD34C,7.6,1.7736913478262644,86
thalamic excitatory,Neuronal cells,GPR153,22.4,1.7701005961099756,87
thalamic excitatory,Neuronal cells,OPRK1,25.7,1.761904335598126,88
thalamic excitatory,Neuronal cells,ARSJ,73.2,1.7610873184983984,89
thalamic excitatory,Neuronal cells,TUBB3,226.5,1.7591382506112196,90
thalamic excitatory,Neuronal cells,TPBG,27.9,1.7563063884094399,91
thalamic excitatory,Neuronal cells,PCSK1,39.7,1.7514676955375372,92
thalamic excitatory,Neuronal cells,EPN3,5.2,1.7318038890504273,93
thalamic excitatory,Neuronal cells,CNTN4,2116.2,1.7273669098543551,94
thalamic excitatory,Neuronal cells,CBLN4,40.1,1.7256286747129206,95
thalamic excitatory,Neuronal cells,KITLG,144.4,1.7214741405950391,96
thalamic excitatory,Neuronal cells,QRFPR,29.0,1.7147920965856704,97
thalamic excitatory,Neuronal cells,CALB1,58.7,1.7042159769955516,98
thalamic excitatory,Neuronal cells,ILDR2,212.5,1.6874190773718911,99
thalamic excitatory,Neuronal cells,IL1RAPL2,323.9,1.669541947125682,100
thalamic excitatory,Neuronal cells,SMPX,8.0,1.6689684759784662,101
thalamic excitatory,Neuronal cells,TMEM163,368.8,1.6474027344757234,102
thalamic excitatory,Neuronal cells,ZBTB7C,194.6,1.6464680004656165,103
thalamic excitatory,Neuronal cells,TOX3,166.0,1.6435453540264109,104
thalamic excitatory,Neuronal cells,FLT3,48.5,1.6323653699519483,105
thalamic excitatory,Neuronal cells,SYT9,180.5,1.6301020063224314,106
thalamic excitatory,Neuronal cells,GPAT3,53.1,1.6086718727765186,107
thalamic excitatory,Neuronal cells,BSPRY,13.0,1.6076230981323285,108
thalamic excitatory,Neuronal cells,CKMT1B,119.4,1.5989736097250944,109
thalamic excitatory,Neuronal cells,SAMD5,375.8,1.5978990477930008,110
thalamic excitatory,Neuronal cells,PROX1,94.3,1.5904779238235562,111
thalamic excitatory,Neuronal cells,CAMK2N2,91.3,1.5812727415720949,112
thalamic excitatory,Neuronal cells,NPTX2,39.5,1.5797903865877987,113
thalamic excitatory,Neuronal cells,HS3ST5,434.7,1.5788047657379563,114
thalamic excitatory,Neuronal cells,LIN28B,71.3,1.5786273388655987,115
thalamic excitatory,Neuronal cells,NAT16,7.0,1.5557505795046687,116
thalamic excitatory,Neuronal cells,CTXN3,19.2,1.5515890632180003,117
thalamic excitatory,Neuronal cells,GPR26,11.9,1.5488179369860617,118
thalamic excitatory,Neuronal cells,LRRTM1,37.7,1.5478267345830112,119
thalamic excitatory,Neuronal cells,SYNGR3,77.9,1.5407648463155437,120
thalamic excitatory,Neuronal cells,PRSS55,9.8,1.5407155876319891,121
thalamic excitatory,Neuronal cells,ADRA1D,10.6,1.5404313407507837,122
thalamic excitatory,Neuronal cells,IPCEF1,42.2,1.5383620878590172,123
thalamic excitatory,Neuronal cells,HCN4,11.6,1.5358447341564647,124
thalamic excitatory,Neuronal cells,ARTN,5.8,1.5338044604471932,125
thalamic excitatory,Neuronal cells,PDZD7,57.9,1.5292699373612677,126
thalamic excitatory,Neuronal cells,FOXP2,836.9,1.5292636218976274,127
thalamic excitatory,Neuronal cells,SMIM10L2A,25.9,1.529016693953251,128
thalamic excitatory,Neuronal cells,CHRM3,1085.5,1.5201222337992668,129
thalamic excitatory,Neuronal cells,PTPRD,7047.2,1.5095508078528403,130
thalamic excitatory,Neuronal cells,TUBA1B,476.2,1.5019751845554492,131
thalamic excitatory,Neuronal cells,CHRNA6,7.8,1.498201188801873,132
thalamic excitatory,Neuronal cells,MAB21L3,7.2,1.4950555283680185,133
thalamic excitatory,Neuronal cells,TP53I3,12.2,1.4925984825724965,134
thalamic excitatory,Neuronal cells,RFPL2,27.8,1.4889528629051245,135
thalamic excitatory,Neuronal cells,PDP1,90.4,1.486919943737843,136
thalamic excitatory,Neuronal cells,RORB,191.1,1.485194714702379,137
thalamic excitatory,Neuronal cells,ADAM23,837.0,1.4845840144633224,138
thalamic excitatory,Neuronal cells,GRIN2D,47.7,1.4838298039082718,139
thalamic excitatory,Neuronal cells,ACHE,37.7,1.4813432250911913,140
thalamic excitatory,Neuronal cells,CLMN,268.6,1.4789614674419718,141
thalamic excitatory,Neuronal cells,TSPAN2,31.9,1.4781896769246576,142
thalamic excitatory,Neuronal cells,OLFM3,1019.8,1.4769803757785795,143
thalamic excitatory,Neuronal cells,GPRIN2,5.5,1.468709432225308,144
thalamic excitatory,Neuronal cells,KIAA0319,344.2,1.463477277739248,145
thalamic excitatory,Neuronal cells,ELAVL2,360.3,1.4624962225087126,146
thalamic excitatory,Neuronal cells,KCTD17,70.9,1.4597660790632507,147
thalamic excitatory,Neuronal cells,PIF1,6.5,1.4578295140407955,148
thalamic excitatory,Neuronal cells,DYSF,94.1,1.4562745972871447,149
thalamic excitatory,Neuronal cells,NXPH1,1170.0,1.4546142601118737,150
thalamic excitatory,Neuronal cells,RET,12.7,1.454175893185802,151
thalamic excitatory,Neuronal cells,PLEKHG4B,29.3,1.4530970528471823,152
thalamic excitatory,Neuronal cells,SEZ6L,646.9,1.451566777969641,153
thalamic excitatory,Neuronal cells,CLTCL1,75.9,1.4474434723737664,154
thalamic excitatory,Neuronal cells,TINCR,14.0,1.4450763256602273,155
thalamic excitatory,Neuronal cells,STMN2,538.7,1.4420939600785718,156
thalamic excitatory,Neuronal cells,RTTN,241.7,1.4354581992619724,157
thalamic excitatory,Neuronal cells,SCN1B,104.9,1.4307689770399008,158
thalamic excitatory,Neuronal cells,SLC6A7,55.5,1.4305704355766051,159
thalamic excitatory,Neuronal cells,CHAC1,5.5,1.4265169961645623,160
thalamic excitatory,Neuronal cells,RIMS2,3019.5,1.425313237052743,161
thalamic excitatory,Neuronal cells,MTUS2,1085.9,1.4210768206865556,162
thalamic excitatory,Neuronal cells,COL5A2,172.9,1.4139736420547238,163
thalamic excitatory,Neuronal cells,TNFAIP2,35.4,1.4037121773788725,164
thalamic excitatory,Neuronal cells,HECW1,716.6,1.4036937558015237,165
thalamic excitatory,Neuronal cells,B3GLCT,193.1,1.40175741437789,166
thalamic excitatory,Neuronal cells,CCDC158,23.6,1.4000688367358674,167
thalamic excitatory,Neuronal cells,CYP2J2,40.8,1.3986064259412536,168
thalamic excitatory,Neuronal cells,ADAMTS2,47.6,1.3981650753631443,169
thalamic excitatory,Neuronal cells,ZMAT4,463.2,1.3967140480243005,170
thalamic excitatory,Neuronal cells,WIF1,40.9,1.3850580735624067,171
thalamic excitatory,Neuronal cells,CLEC4M,2.0,1.381429106636024,172
thalamic excitatory,Neuronal cells,IL1RAP,130.3,1.3666141065828263,173
thalamic excitatory,Neuronal cells,TUNAR,28.2,1.361159130577001,174
thalamic excitatory,Neuronal cells,ADAMTSL1,551.8,1.3530167122921655,175
thalamic excitatory,Neuronal cells,AHNAK2,21.0,1.3525554492055856,176
thalamic excitatory,Neuronal cells,RAB3B,77.4,1.349769726072693,177
thalamic excitatory,Neuronal cells,PAQR9,22.0,1.346852350047591,178
thalamic excitatory,Neuronal cells,DIRAS3,28.6,1.3458302239246005,179
thalamic excitatory,Neuronal cells,FGF18,3.9,1.3439544012173614,180
thalamic excitatory,Neuronal cells,ATAD2,77.6,1.3380365111226433,181
thalamic excitatory,Neuronal cells,CORO6,109.1,1.3299115102735328,182
thalamic excitatory,Neuronal cells,LYNX1,56.7,1.3290298366623474,183
thalamic excitatory,Neuronal cells,KCNH7,867.1,1.3289477855810226,184
thalamic excitatory,Neuronal cells,OPRL1,15.6,1.3240365279128217,185
thalamic excitatory,Neuronal cells,DAPL1,18.2,1.3227252583671085,186
thalamic excitatory,Neuronal cells,INA,97.0,1.322485830635171,187
thalamic excitatory,Neuronal cells,SUSD2,6.6,1.3207780788512669,188
thalamic excitatory,Neuronal cells,C1orf53,9.2,1.3180757693917557,189
thalamic excitatory,Neuronal cells,SCN4B,30.7,1.3172466982057065,190
thalamic excitatory,Neuronal cells,C11orf97,11.7,1.317116815875475,191
thalamic excitatory,Neuronal cells,SV2C,187.1,1.3169512993107546,192
thalamic excitatory,Neuronal cells,KCNJ12,15.2,1.3154658442576652,193
thalamic excitatory,Neuronal cells,RHOBTB1,132.0,1.3128351908385218,194
thalamic excitatory,Neuronal cells,RAD51AP2,8.4,1.3112705914866416,195
thalamic excitatory,Neuronal cells,THSD4,321.0,1.3100295116407934,196
thalamic excitatory,Neuronal cells,CLGN,22.1,1.3060239866673358,197
thalamic excitatory,Neuronal cells,PLCH2,46.9,1.3048706879789598,198
thalamic excitatory,Neuronal cells,HAPLN4,23.1,1.304438482586436,199
thalamic excitatory,Neuronal cells,PLCD4,17.4,1.3017551629165056,200
upper rhombic lip,Neuronal cells,CBLN1,168.6,5.675599419433117,1
upper rhombic lip,Neuronal cells,SLC22A31,59.8,5.453117844705095,2
upper rhombic lip,Neuronal cells,PRR35,42.8,4.429012222759443,3
upper rhombic lip,Neuronal cells,GRM4,493.8,4.263267681772678,4
upper rhombic lip,Neuronal cells,CADPS2,4043.5,4.241361802026444,5
upper rhombic lip,Neuronal cells,GALNT5,75.4,4.197656658576102,6
upper rhombic lip,Neuronal cells,EN2,38.7,3.8684251415821502,7
upper rhombic lip,Neuronal cells,PKIB,374.0,3.75861709509067,8
upper rhombic lip,Neuronal cells,RELN,1671.0,3.750732173502272,9
upper rhombic lip,Neuronal cells,MTCL1,722.9,3.718525374224889,10
upper rhombic lip,Neuronal cells,NEUROD1,14.2,3.7111210508770816,11
upper rhombic lip,Neuronal cells,CHN2,2324.6,3.667353006840474,12
upper rhombic lip,Neuronal cells,KRT31,17.1,3.541424990834605,13
upper rhombic lip,Neuronal cells,TLX3,11.1,3.4515047028656687,14
upper rhombic lip,Neuronal cells,PAX6,135.0,3.4411605166310957,15
upper rhombic lip,Neuronal cells,ZNF385D,5757.5,3.3566076899491484,16
upper rhombic lip,Neuronal cells,ETV1,760.4,3.3539878848001035,17
upper rhombic lip,Neuronal cells,KCNK9,107.4,3.3175789857930633,18
upper rhombic lip,Neuronal cells,LHX1,74.7,3.2759475515549705,19
upper rhombic lip,Neuronal cells,FSTL5,3379.9,3.232529126378724,20
upper rhombic lip,Neuronal cells,CHGB,434.7,3.2289729711192394,21
upper rhombic lip,Neuronal cells,AKAIN1,67.6,3.1666784826727254,22
upper rhombic lip,Neuronal cells,RIT2,1321.7,3.125173062205709,23
upper rhombic lip,Neuronal cells,RAB37,234.0,3.1182331538516235,24
upper rhombic lip,Neuronal cells,TMEM266,291.2,3.1068254366240153,25
upper rhombic lip,Neuronal cells,ZIC4,128.2,3.1019159278755373,26
upper rhombic lip,Neuronal cells,MDGA1,125.2,3.1006347340344482,27
upper rhombic lip,Neuronal cells,COL13A1,59.8,3.0432081800883104,28
upper rhombic lip,Neuronal cells,KCNJ12,44.5,3.016913382936346,29
upper rhombic lip,Neuronal cells,SHISA8,99.7,3.013916008840304,30
upper rhombic lip,Neuronal cells,ZIC5,70.7,3.0096047475040786,31
upper rhombic lip,Neuronal cells,TRIM72,12.2,2.956931278108114,32
upper rhombic lip,Neuronal cells,GRIN2C,99.1,2.944186017437925,33
upper rhombic lip,Neuronal cells,CDH18,4848.5,2.9315280532099472,34
upper rhombic lip,Neuronal cells,UNC13C,2153.8,2.8924044164994083,35
upper rhombic lip,Neuronal cells,SEL1L3,382.3,2.869500996737081,36
upper rhombic lip,Neuronal cells,COL27A1,172.2,2.866531552405501,37
upper rhombic lip,Neuronal cells,CLEC4G,16.2,2.8413022539809414,38
upper rhombic lip,Neuronal cells,ZNF600,40.6,2.8379432418910273,39
upper rhombic lip,Neuronal cells,ARSJ,139.7,2.823540572878195,40
upper rhombic lip,Neuronal cells,RBFOX3,1134.8,2.815023420161921,41
upper rhombic lip,Neuronal cells,TIAM1,2286.5,2.790745358164637,42
upper rhombic lip,Neuronal cells,VAX2,15.9,2.7781620135656095,43
upper rhombic lip,Neuronal cells,LRRC26,9.6,2.7751350929840313,44
upper rhombic lip,Neuronal cells,LIMA1,441.7,2.7615762295590134,45
upper rhombic lip,Neuronal cells,PRAG1,265.7,2.753081391709175,46
upper rhombic lip,Neuronal cells,ATP4A,12.6,2.7481526681347406,47
upper rhombic lip,Neuronal cells,SVEP1,269.8,2.7306938376209966,48
upper rhombic lip,Neuronal cells,FAM131C,32.2,2.725946593206053,49
upper rhombic lip,Neuronal cells,ZNF521,967.5,2.722912979100851,50
upper rhombic lip,Neuronal cells,GABRD,165.5,2.7124496672183582,51
upper rhombic lip,Neuronal cells,FZD7,35.8,2.7084212890328137,52
upper rhombic lip,Neuronal cells,ZBTB18,370.5,2.681802465512048,53
upper rhombic lip,Neuronal cells,KCNK1,616.1,2.68107741596843,54
upper rhombic lip,Neuronal cells,EXPH5,208.1,2.6359694431512626,55
upper rhombic lip,Neuronal cells,PGAM2,21.0,2.6126496132412065,56
upper rhombic lip,Neuronal cells,POLB,189.9,2.603702206582297,57
upper rhombic lip,Neuronal cells,RIMS1,3566.2,2.60210158281295,58
upper rhombic lip,Neuronal cells,KRT19,10.4,2.5965133633925928,59
upper rhombic lip,Neuronal cells,MEIS1,403.4,2.591398325702831,60
upper rhombic lip,Neuronal cells,CAMK4,1533.2,2.589226045096121,61
upper rhombic lip,Neuronal cells,ENO3,12.2,2.5889423516337016,62
upper rhombic lip,Neuronal cells,CCNG2,121.0,2.579168967821422,63
upper rhombic lip,Neuronal cells,EPB41,737.3,2.5767609695819877,64
upper rhombic lip,Neuronal cells,CHD7,607.1,2.5762967355527038,65
upper rhombic lip,Neuronal cells,SHF,79.5,2.5551320350578828,66
upper rhombic lip,Neuronal cells,TSPAN9,227.3,2.5538757136061103,67
upper rhombic lip,Neuronal cells,RCAN3,84.8,2.549629427608876,68
upper rhombic lip,Neuronal cells,CNTN6,532.0,2.5337171487371237,69
upper rhombic lip,Neuronal cells,FLT3,84.5,2.522961277765666,70
upper rhombic lip,Neuronal cells,MAP1LC3B2,40.6,2.497499659470817,71
upper rhombic lip,Neuronal cells,INSM1,15.7,2.4680964797644247,72
upper rhombic lip,Neuronal cells,PCSK9,8.0,2.464784853131504,73
upper rhombic lip,Neuronal cells,IGF2BP2,109.8,2.4331961669452826,74
upper rhombic lip,Neuronal cells,CDH22,203.5,2.4188549573176528,75
upper rhombic lip,Neuronal cells,OXT,11.5,2.391792901761934,76
upper rhombic lip,Neuronal cells,CA10,1773.4,2.389741950756482,77
upper rhombic lip,Neuronal cells,SYT4,236.5,2.386008230656266,78
upper rhombic lip,Neuronal cells,HS3ST1,122.7,2.38351765470538,79
upper rhombic lip,Neuronal cells,VSX1,19.5,2.3740401274066523,80
upper rhombic lip,Neuronal cells,CAMKK2,220.7,2.3687441929602997,81
upper rhombic lip,Neuronal cells,BTG1,249.1,2.3544198924533326,82
upper rhombic lip,Neuronal cells,CHAD,10.0,2.3359058724438153,83
upper rhombic lip,Neuronal cells,MPP3,59.1,2.331269265931805,84
upper rhombic lip,Neuronal cells,PYDC1,8.2,2.329551336090387,85
upper rhombic lip,Neuronal cells,ANK1,286.0,2.3294880862002074,86
upper rhombic lip,Neuronal cells,TSPAN18,113.2,2.322157805108513,87
upper rhombic lip,Neuronal cells,SPTBN5,11.5,2.297651403580717,88
upper rhombic lip,Neuronal cells,LAMC2,8.5,2.296837113924532,89
upper rhombic lip,Neuronal cells,PTCHD1,156.6,2.2961672081939684,90
upper rhombic lip,Neuronal cells,WSCD2,200.0,2.294139604531367,91
upper rhombic lip,Neuronal cells,SYNE4,19.1,2.2924337869623854,92
upper rhombic lip,Neuronal cells,SAMD14,46.0,2.287007656574934,93
upper rhombic lip,Neuronal cells,NREP,391.6,2.282094589672286,94
upper rhombic lip,Neuronal cells,CHRNA6,13.3,2.2779694613557315,95
upper rhombic lip,Neuronal cells,CDON,266.1,2.2766211470981412,96
upper rhombic lip,Neuronal cells,TENM1,821.9,2.2656218741226173,97
upper rhombic lip,Neuronal cells,KCND2,5357.6,2.260658329788093,98
upper rhombic lip,Neuronal cells,C20orf204,12.7,2.258255683210545,99
upper rhombic lip,Neuronal cells,PLPP4,170.1,2.2415029476956994,100
upper rhombic lip,Neuronal cells,LRRC3B,346.1,2.236979821025879,101
upper rhombic lip,Neuronal cells,ALS2,396.1,2.2185259941870594,102
upper rhombic lip,Neuronal cells,CALN1,1901.0,2.2128727421711023,103
upper rhombic lip,Neuronal cells,PATJ,969.6,2.205139703846634,104
upper rhombic lip,Neuronal cells,SLC36A1,150.8,2.197004535498596,105
upper rhombic lip,Neuronal cells,USP3,395.1,2.1887385012928045,106
upper rhombic lip,Neuronal cells,LDLRAP1,65.0,2.1791951227285646,107
upper rhombic lip,Neuronal cells,LURAP1L,116.0,2.1778496011514044,108
upper rhombic lip,Neuronal cells,GALNT12,47.9,2.174760855269197,109
upper rhombic lip,Neuronal cells,ESPNL,4.7,2.1733805600785314,110
upper rhombic lip,Neuronal cells,NXPH4,15.4,2.1731274334806563,111
upper rhombic lip,Neuronal cells,DPF3,346.5,2.172890809383597,112
upper rhombic lip,Neuronal cells,GLCE,513.0,2.1700143114695014,113
upper rhombic lip,Neuronal cells,TUBB4A,191.0,2.164300452248435,114
upper rhombic lip,Neuronal cells,RNF122,18.7,2.160634384895235,115
upper rhombic lip,Neuronal cells,SYT9,251.1,2.1577507246780487,116
upper rhombic lip,Neuronal cells,DISP2,96.7,2.156828939488359,117
upper rhombic lip,Neuronal cells,VWC2,447.0,2.1527405899863497,118
upper rhombic lip,Neuronal cells,UBTD2,161.8,2.1494869965005186,119
upper rhombic lip,Neuronal cells,TSPAN15,71.7,2.146394741492019,120
upper rhombic lip,Neuronal cells,GALNT9,106.4,2.1425272150772012,121
upper rhombic lip,Neuronal cells,FGF3,3.5,2.1268562795504264,122
upper rhombic lip,Neuronal cells,TMEM163,494.7,2.1175218389983193,123
upper rhombic lip,Neuronal cells,PRSS3,82.0,2.0945779537549467,124
upper rhombic lip,Neuronal cells,EPHB1,568.7,2.089372980118578,125
upper rhombic lip,Neuronal cells,NEUROD2,59.8,2.080433338256035,126
upper rhombic lip,Neuronal cells,CCDC88B,35.9,2.078015676178027,127
upper rhombic lip,Neuronal cells,ZIC1,440.8,2.068016376098738,128
upper rhombic lip,Neuronal cells,ADAMTS5,42.2,2.064572001296084,129
upper rhombic lip,Neuronal cells,TMEM178A,403.2,2.0637528121689983,130
upper rhombic lip,Neuronal cells,PDE3B,654.6,2.061550156529734,131
upper rhombic lip,Neuronal cells,BEST3,22.5,2.0590487258643018,132
upper rhombic lip,Neuronal cells,ATP6V1G2,139.4,2.047866311265259,133
upper rhombic lip,Neuronal cells,BDKRB2,11.8,2.0443941193584534,134
upper rhombic lip,Neuronal cells,ABLIM1,1525.7,2.0423166683580636,135
upper rhombic lip,Neuronal cells,PDE1A,2193.9,2.039120766579267,136
upper rhombic lip,Neuronal cells,SH3GL2,1082.7,2.0380844148099007,137
upper rhombic lip,Neuronal cells,NRIP2,17.8,2.0357866988193534,138
upper rhombic lip,Neuronal cells,CHRD,61.6,2.0283512768627308,139
upper rhombic lip,Neuronal cells,PAXIP1,130.8,2.0171509120513593,140
upper rhombic lip,Neuronal cells,MSRA,1970.6,2.0167000901147394,141
upper rhombic lip,Neuronal cells,FABP7,56.5,2.0023588995612416,142
upper rhombic lip,Neuronal cells,GRB7,5.7,1.9993476395815188,143
upper rhombic lip,Neuronal cells,DAB2IP,170.5,1.996308450256907,144
upper rhombic lip,Neuronal cells,TLL1,568.9,1.9938989912680372,145
upper rhombic lip,Neuronal cells,ANKRD18B,50.7,1.9926618878564155,146
upper rhombic lip,Neuronal cells,MCU,469.2,1.9901963632303208,147
upper rhombic lip,Neuronal cells,MICAL2,460.6,1.9677081752902075,148
upper rhombic lip,Neuronal cells,STK10,153.4,1.9654206624413093,149
upper rhombic lip,Neuronal cells,DIRAS2,215.8,1.959517104851988,150
upper rhombic lip,Neuronal cells,MEGF11,336.4,1.9433626498820578,151
upper rhombic lip,Neuronal cells,KCNJ3,1139.4,1.9412848130050326,152
upper rhombic lip,Neuronal cells,MNS1,76.8,1.936138435992558,153
upper rhombic lip,Neuronal cells,RAB3IP,186.7,1.932587281125252,154
upper rhombic lip,Neuronal cells,MGARP,8.3,1.9307079574645056,155
upper rhombic lip,Neuronal cells,SOGA1,237.5,1.925779470384758,156
upper rhombic lip,Neuronal cells,CA4,89.9,1.9203353836384285,157
upper rhombic lip,Neuronal cells,NDP,18.5,1.9026930510678606,158
upper rhombic lip,Neuronal cells,GPRC5C,49.1,1.9022513856550085,159
upper rhombic lip,Neuronal cells,RASGEF1C,173.8,1.8986047579386789,160
upper rhombic lip,Neuronal cells,NIPAL1,32.7,1.8720927460382288,161
upper rhombic lip,Neuronal cells,RNF43,67.0,1.8716430738373777,162
upper rhombic lip,Neuronal cells,SLC8A2,137.2,1.8616512363815205,163
upper rhombic lip,Neuronal cells,PLCXD3,381.9,1.86138316989165,164
upper rhombic lip,Neuronal cells,CDK15,15.2,1.8587233131480083,165
upper rhombic lip,Neuronal cells,NXPH3,15.0,1.8466859614026028,166
upper rhombic lip,Neuronal cells,P2RX4,57.0,1.8433010998224617,167
upper rhombic lip,Neuronal cells,CDH7,231.0,1.8333953568492987,168
upper rhombic lip,Neuronal cells,CECR2,276.1,1.827628135701358,169
upper rhombic lip,Neuronal cells,GDNF,6.5,1.8240641644788977,170
upper rhombic lip,Neuronal cells,DNAJC12,74.9,1.8232241483486893,171
upper rhombic lip,Neuronal cells,CCDC85C,47.7,1.8211555425485477,172
upper rhombic lip,Neuronal cells,SCN2A,1211.3,1.8210839530541054,173
upper rhombic lip,Neuronal cells,PPFIA4,150.9,1.8210183466815772,174
upper rhombic lip,Neuronal cells,NKAIN1,47.3,1.8172092175628152,175
upper rhombic lip,Neuronal cells,DUSP5,28.9,1.8161545531257406,176
upper rhombic lip,Neuronal cells,CLDN9,4.8,1.8069780916934688,177
upper rhombic lip,Neuronal cells,RUNX1T1,1132.0,1.8032648127043278,178
upper rhombic lip,Neuronal cells,SRRM4,601.8,1.8031075928096296,179
upper rhombic lip,Neuronal cells,ARVCF,47.7,1.8016210461240953,180
upper rhombic lip,Neuronal cells,MREG,65.7,1.7981752181404222,181
upper rhombic lip,Neuronal cells,RALYL,4427.1,1.7932036794524449,182
upper rhombic lip,Neuronal cells,ANP32E,77.6,1.7920296182709463,183
upper rhombic lip,Neuronal cells,CYP26B1,22.7,1.7903920915051839,184
upper rhombic lip,Neuronal cells,AQP7,7.1,1.7880543660986676,185
upper rhombic lip,Neuronal cells,KCNC1,204.9,1.7878995735527605,186
upper rhombic lip,Neuronal cells,GRIK2,4939.9,1.7863821630659862,187
upper rhombic lip,Neuronal cells,OPRM1,212.5,1.7843190890052039,188
upper rhombic lip,Neuronal cells,CXXC5,117.3,1.7841317070700937,189
upper rhombic lip,Neuronal cells,MYT1,64.0,1.7822848145764858,190
upper rhombic lip,Neuronal cells,PDE10A,1641.7,1.7725693221177232,191
upper rhombic lip,Neuronal cells,TP73,11.3,1.767740104235532,192
upper rhombic lip,Neuronal cells,MAP6D1,40.0,1.766409372058688,193
upper rhombic lip,Neuronal cells,GFRA3,3.1,1.7653215034328882,194
upper rhombic lip,Neuronal cells,PAIP2B,38.0,1.765265737404359,195
upper rhombic lip,Neuronal cells,MAML3,866.4,1.763733523080179,196
upper rhombic lip,Neuronal cells,SMIM20,40.0,1.7598944310485602,197
upper rhombic lip,Neuronal cells,MPP7,218.0,1.7544384142093707,198
upper rhombic lip,Neuronal cells,MYO5C,112.4,1.7511191454894641,199
upper rhombic lip,Neuronal cells,EGR4,11.3,1.7485038853726147,200
upper-layer intratelencephalic,Neuronal cells,GLP2R,33.8,3.936590829823938,1
upper-layer intratelencephalic,Neuronal cells,MCHR2,116.6,3.7053925111121493,2
upper-layer intratelencephalic,Neuronal cells,CBLN2,623.5,3.5892321080025362,3
upper-layer intratelencephalic,Neuronal cells,HTR3B,20.8,3.5294900911113776,4
upper-layer intratelencephalic,Neuronal cells,TESPA1,190.2,3.3504698092499376,5
upper-layer intratelencephalic,Neuronal cells,SLC22A10,351.6,3.2639422807431244,6
upper-layer intratelencephalic,Neuronal cells,MLIP,657.4,3.040564582664377,7
upper-layer intratelencephalic,Neuronal cells,ITPKA,53.0,2.8363856161846615,8
upper-layer intratelencephalic,Neuronal cells,DNAJC5G,24.6,2.768269714084216,9
upper-layer intratelencephalic,Neuronal cells,SLC22A9,27.9,2.706579339055634,10
upper-layer intratelencephalic,Neuronal cells,FREM3,37.3,2.681614786939672,11
upper-layer intratelencephalic,Neuronal cells,CNGB1,129.5,2.566488562008743,12
upper-layer intratelencephalic,Neuronal cells,COL26A1,206.7,2.5141733040329965,13
upper-layer intratelencephalic,Neuronal cells,SLC30A3,61.7,2.5105645373602856,14
upper-layer intratelencephalic,Neuronal cells,EMX1,22.6,2.4462469676244782,15
upper-layer intratelencephalic,Neuronal cells,ART3,52.6,2.44381546912587,16
upper-layer intratelencephalic,Neuronal cells,MGAT5B,117.4,2.373116049845739,17
upper-layer intratelencephalic,Neuronal cells,LTK,6.7,2.3657368236754435,18
upper-layer intratelencephalic,Neuronal cells,SATB2,516.6,2.3339975202823804,19
upper-layer intratelencephalic,Neuronal cells,KCNV1,35.0,2.2883197022445425,20
upper-layer intratelencephalic,Neuronal cells,LRRC2,52.3,2.27862056232797,21
upper-layer intratelencephalic,Neuronal cells,ENC1,516.9,2.2766571034447796,22
upper-layer intratelencephalic,Neuronal cells,ASB2,11.4,2.27237227041313,23
upper-layer intratelencephalic,Neuronal cells,KCNS1,6.1,2.260450583910902,24
upper-layer intratelencephalic,Neuronal cells,ANKRD24,79.2,2.2546206447738952,25
upper-layer intratelencephalic,Neuronal cells,CUX2,516.3,2.2283402209320644,26
upper-layer intratelencephalic,Neuronal cells,OR14I1,7.8,2.1841536170487563,27
upper-layer intratelencephalic,Neuronal cells,STYK1,58.9,2.177718921703022,28
upper-layer intratelencephalic,Neuronal cells,NWD2,261.8,2.155845455481274,29
upper-layer intratelencephalic,Neuronal cells,KCNG3,55.3,2.1510629487946478,30
upper-layer intratelencephalic,Neuronal cells,KCNH1,317.5,2.1400726142203963,31
upper-layer intratelencephalic,Neuronal cells,NECTIN3,345.8,2.134954298184385,32
upper-layer intratelencephalic,Neuronal cells,GLRA3,145.1,2.121464321225401,33
upper-layer intratelencephalic,Neuronal cells,CDH22,167.9,2.102789627942566,34
upper-layer intratelencephalic,Neuronal cells,CHRM3,1539.7,2.0774139994330416,35
upper-layer intratelencephalic,Neuronal cells,LNX1,268.0,2.061455661386281,36
upper-layer intratelencephalic,Neuronal cells,PTGER3,56.8,2.054098733638188,37
upper-layer intratelencephalic,Neuronal cells,CAMK2A,519.9,2.0358337446843433,38
upper-layer intratelencephalic,Neuronal cells,RSPO2,106.4,2.0313561192346685,39
upper-layer intratelencephalic,Neuronal cells,SLC6A7,81.3,2.028052914962922,40
upper-layer intratelencephalic,Neuronal cells,PNMA5,24.3,2.019659579420509,41
upper-layer intratelencephalic,Neuronal cells,TMEM132D,1048.2,2.017438848794301,42
upper-layer intratelencephalic,Neuronal cells,FSTL4,572.8,2.0078077446899925,43
upper-layer intratelencephalic,Neuronal cells,C1orf115,41.4,2.004130249144726,44
upper-layer intratelencephalic,Neuronal cells,USP43,86.3,1.9928565706153545,45
upper-layer intratelencephalic,Neuronal cells,ANKRD18B,49.8,1.9643005281452066,46
upper-layer intratelencephalic,Neuronal cells,C2CD4C,19.8,1.9642940700275844,47
upper-layer intratelencephalic,Neuronal cells,DLGAP2,2555.0,1.9623067297518098,48
upper-layer intratelencephalic,Neuronal cells,NRGN,454.4,1.9559253314961391,49
upper-layer intratelencephalic,Neuronal cells,EGR3,19.6,1.9544616140969389,50
upper-layer intratelencephalic,Neuronal cells,CABP1,352.2,1.9508890696699928,51
upper-layer intratelencephalic,Neuronal cells,LDB2,1638.4,1.9489607381252725,52
upper-layer intratelencephalic,Neuronal cells,EPHX4,71.3,1.9451245275200033,53
upper-layer intratelencephalic,Neuronal cells,NPTX2,49.8,1.9403216652107667,54
upper-layer intratelencephalic,Neuronal cells,CAMKK1,142.8,1.9195322356825433,55
upper-layer intratelencephalic,Neuronal cells,RFTN1,232.1,1.9161901894239777,56
upper-layer intratelencephalic,Neuronal cells,GCNT4,58.0,1.9135749089137322,57
upper-layer intratelencephalic,Neuronal cells,HRH2,138.3,1.9035285728390945,58
upper-layer intratelencephalic,Neuronal cells,EPB41L4B,253.9,1.9025365175934144,59
upper-layer intratelencephalic,Neuronal cells,MEIS3,126.1,1.8816759702307806,60
upper-layer intratelencephalic,Neuronal cells,KCNH3,117.2,1.8675691706815303,61
upper-layer intratelencephalic,Neuronal cells,VIPR1,53.7,1.866578332296676,62
upper-layer intratelencephalic,Neuronal cells,HTR2A,125.8,1.8551307627143718,63
upper-layer intratelencephalic,Neuronal cells,HOPX,162.2,1.850506445627757,64
upper-layer intratelencephalic,Neuronal cells,NGEF,158.4,1.8478652647873208,65
upper-layer intratelencephalic,Neuronal cells,KCNH4,31.8,1.8449611663820735,66
upper-layer intratelencephalic,Neuronal cells,ADRB1,23.2,1.836552883789858,67
upper-layer intratelencephalic,Neuronal cells,LCN15,4.4,1.833497336859835,68
upper-layer intratelencephalic,Neuronal cells,CACNG3,387.4,1.8331348514132808,69
upper-layer intratelencephalic,Neuronal cells,CDH9,727.1,1.8262326341725774,70
upper-layer intratelencephalic,Neuronal cells,TBR1,15.2,1.8239112880306372,71
upper-layer intratelencephalic,Neuronal cells,ADAMTS8,32.9,1.8238267394303318,72
upper-layer intratelencephalic,Neuronal cells,LRFN2,248.5,1.8199999179606694,73
upper-layer intratelencephalic,Neuronal cells,OPN3,48.3,1.8146003054453281,74
upper-layer intratelencephalic,Neuronal cells,ZNF697,35.1,1.8000467574777248,75
upper-layer intratelencephalic,Neuronal cells,RTN4RL1,119.4,1.7939461736859577,76
upper-layer intratelencephalic,Neuronal cells,RTKN2,23.0,1.7939377796041291,77
upper-layer intratelencephalic,Neuronal cells,IQCJ,374.5,1.782120322495949,78
upper-layer intratelencephalic,Neuronal cells,GPR26,13.9,1.776727618257565,79
upper-layer intratelencephalic,Neuronal cells,SNTB2,188.1,1.7738770359960776,80
upper-layer intratelencephalic,Neuronal cells,OLFM1,303.9,1.7654487180361242,81
upper-layer intratelencephalic,Neuronal cells,TCERG1L,141.0,1.7621213920506436,82
upper-layer intratelencephalic,Neuronal cells,MFSD4A,76.7,1.7560906715858595,83
upper-layer intratelencephalic,Neuronal cells,RORB,226.0,1.748438122335464,84
upper-layer intratelencephalic,Neuronal cells,LRRTM4,5882.5,1.746831193354012,85
upper-layer intratelencephalic,Neuronal cells,GRM2,25.5,1.7466213002408806,86
upper-layer intratelencephalic,Neuronal cells,KCNG1,31.6,1.741622052936793,87
upper-layer intratelencephalic,Neuronal cells,PRMT8,137.3,1.739148404564552,88
upper-layer intratelencephalic,Neuronal cells,FFAR4,14.5,1.7318038890504275,89
upper-layer intratelencephalic,Neuronal cells,C3orf80,17.5,1.73028552893039,90
upper-layer intratelencephalic,Neuronal cells,FXYD7,95.2,1.7265208614820908,91
upper-layer intratelencephalic,Neuronal cells,R3HDM1,1638.5,1.7239539245081428,92
upper-layer intratelencephalic,Neuronal cells,HSPB3,8.0,1.7208639198745894,93
upper-layer intratelencephalic,Neuronal cells,LHX2,42.0,1.7204543647806798,94
upper-layer intratelencephalic,Neuronal cells,PPEF1,28.9,1.7066305299288518,95
upper-layer intratelencephalic,Neuronal cells,RASL10A,59.2,1.6991694045599535,96
upper-layer intratelencephalic,Neuronal cells,RTN4RL2,34.1,1.6976089210769487,97
upper-layer intratelencephalic,Neuronal cells,FAM163A,52.9,1.6975227263317332,98
upper-layer intratelencephalic,Neuronal cells,MET,34.9,1.6950004528424176,99
upper-layer intratelencephalic,Neuronal cells,C1QL3,24.0,1.6843108234451223,100
upper-layer intratelencephalic,Neuronal cells,UNC5A,90.9,1.6647659174140137,101
upper-layer intratelencephalic,Neuronal cells,DDN,20.8,1.656495367846698,102
upper-layer intratelencephalic,Neuronal cells,SLC26A4,73.0,1.655236630290979,103
upper-layer intratelencephalic,Neuronal cells,MATN4,5.3,1.6509866360511523,104
upper-layer intratelencephalic,Neuronal cells,RPRML,28.9,1.6367639876389213,105
upper-layer intratelencephalic,Neuronal cells,SV2B,572.3,1.6235411447654091,106
upper-layer intratelencephalic,Neuronal cells,ICAM5,54.6,1.621754532090792,107
upper-layer intratelencephalic,Neuronal cells,LMO4,265.9,1.6134481176965212,108
upper-layer intratelencephalic,Neuronal cells,MPL,4.1,1.6109109527587913,109
upper-layer intratelencephalic,Neuronal cells,ANKRD30B,76.0,1.6105675514858913,110
upper-layer intratelencephalic,Neuronal cells,RTN4R,32.1,1.610547123170446,111
upper-layer intratelencephalic,Neuronal cells,KCNS2,10.7,1.6098371693601854,112
upper-layer intratelencephalic,Neuronal cells,TYRO3,86.4,1.5968663656589333,113
upper-layer intratelencephalic,Neuronal cells,MAN1A1,414.4,1.5966602206842186,114
upper-layer intratelencephalic,Neuronal cells,RND1,21.7,1.5959821345087672,115
upper-layer intratelencephalic,Neuronal cells,FBXO40,6.9,1.5949581183566013,116
upper-layer intratelencephalic,Neuronal cells,RASAL1,54.2,1.5937805204942381,117
upper-layer intratelencephalic,Neuronal cells,ATRNL1,2571.6,1.5893740096241646,118
upper-layer intratelencephalic,Neuronal cells,MYOM2,52.3,1.5876717879791422,119
upper-layer intratelencephalic,Neuronal cells,CREG2,165.7,1.5835470143579606,120
upper-layer intratelencephalic,Neuronal cells,NPTXR,212.8,1.5814089119549437,121
upper-layer intratelencephalic,Neuronal cells,KCNIP4,18019.3,1.5791401160536893,122
upper-layer intratelencephalic,Neuronal cells,CNTN3,580.6,1.5772483173463336,123
upper-layer intratelencephalic,Neuronal cells,CDC6,5.4,1.5747523021189376,124
upper-layer intratelencephalic,Neuronal cells,PTPRD,7332.3,1.5718023140744943,125
upper-layer intratelencephalic,Neuronal cells,FAM153A,142.7,1.570252114169147,126
upper-layer intratelencephalic,Neuronal cells,NPBWR1,4.2,1.567414299510309,127
upper-layer intratelencephalic,Neuronal cells,NAGPA,74.6,1.5665180928146965,128
upper-layer intratelencephalic,Neuronal cells,MAPK11,41.1,1.5633185772311133,129
upper-layer intratelencephalic,Neuronal cells,GALNTL5,3.9,1.5584416244684631,130
upper-layer intratelencephalic,Neuronal cells,LINGO2,2049.9,1.5572649554805107,131
upper-layer intratelencephalic,Neuronal cells,CBLN4,35.9,1.5554110204396425,132
upper-layer intratelencephalic,Neuronal cells,C2orf80,64.9,1.5552192189628307,133
upper-layer intratelencephalic,Neuronal cells,RGS6,1286.6,1.5529892737830104,134
upper-layer intratelencephalic,Neuronal cells,KIAA1549L,677.0,1.5503108497282159,135
upper-layer intratelencephalic,Neuronal cells,DOC2A,78.3,1.5464491821748776,136
upper-layer intratelencephalic,Neuronal cells,AKAP5,35.1,1.5437756575123969,137
upper-layer intratelencephalic,Neuronal cells,CCKBR,21.8,1.5418937788292704,138
upper-layer intratelencephalic,Neuronal cells,TGFBR3L,23.4,1.5410245283113855,139
upper-layer intratelencephalic,Neuronal cells,BRINP2,309.9,1.5398207448164294,140
upper-layer intratelencephalic,Neuronal cells,DGKA,45.1,1.5349153523469443,141
upper-layer intratelencephalic,Neuronal cells,DUSP9,7.8,1.53371984738357,142
upper-layer intratelencephalic,Neuronal cells,TRIM17,22.0,1.5334322000810738,143
upper-layer intratelencephalic,Neuronal cells,ZNF184,27.5,1.5188527048968443,144
upper-layer intratelencephalic,Neuronal cells,CA11,104.4,1.5180971955802016,145
upper-layer intratelencephalic,Neuronal cells,STX1A,76.4,1.5151704050195491,146
upper-layer intratelencephalic,Neuronal cells,HECW1,766.5,1.5087463908682852,147
upper-layer intratelencephalic,Neuronal cells,KCTD16,1309.5,1.5076106517270287,148
upper-layer intratelencephalic,Neuronal cells,KCNB1,306.8,1.500395041344827,149
upper-layer intratelencephalic,Neuronal cells,TWIST1,19.6,1.4996734658304867,150
upper-layer intratelencephalic,Neuronal cells,ARPP19,241.8,1.494972591632206,151
upper-layer intratelencephalic,Neuronal cells,KCTD1,421.4,1.4917832361099368,152
upper-layer intratelencephalic,Neuronal cells,NOS2,4.5,1.4881319308906056,153
upper-layer intratelencephalic,Neuronal cells,PDE2A,156.5,1.4870209869809115,154
upper-layer intratelencephalic,Neuronal cells,RAD51AP2,9.5,1.4836791648839747,155
upper-layer intratelencephalic,Neuronal cells,CDH13,784.0,1.4831808568969338,156
upper-layer intratelencephalic,Neuronal cells,STEAP1,6.4,1.4823580154868048,157
upper-layer intratelencephalic,Neuronal cells,DRP2,58.3,1.476768234760956,158
upper-layer intratelencephalic,Neuronal cells,LINGO1,130.0,1.4748399492749689,159
upper-layer intratelencephalic,Neuronal cells,UBE2L5,6.0,1.466318004222537,160
upper-layer intratelencephalic,Neuronal cells,KCNV2,19.1,1.4618261337776801,161
upper-layer intratelencephalic,Neuronal cells,ADAM29,12.6,1.4567820402233478,162
upper-layer intratelencephalic,Neuronal cells,SYNPO,59.9,1.4560794930678131,163
upper-layer intratelencephalic,Neuronal cells,MAST3,121.5,1.4536527991783301,164
upper-layer intratelencephalic,Neuronal cells,SLC17A7,128.1,1.4507968701529133,165
upper-layer intratelencephalic,Neuronal cells,GDA,168.2,1.447261681487022,166
upper-layer intratelencephalic,Neuronal cells,FLRT2,1018.8,1.4440350643344975,167
upper-layer intratelencephalic,Neuronal cells,PRKCB,996.6,1.4410027489848105,168
upper-layer intratelencephalic,Neuronal cells,ABLIM2,255.5,1.440017548562596,169
upper-layer intratelencephalic,Neuronal cells,NIPAL2,189.5,1.4398121931379486,170
upper-layer intratelencephalic,Neuronal cells,MAL2,85.4,1.4376119420291482,171
upper-layer intratelencephalic,Neuronal cells,ASXL3,279.1,1.435340030837351,172
upper-layer intratelencephalic,Neuronal cells,RAB40C,111.1,1.4333923626454022,173
upper-layer intratelencephalic,Neuronal cells,NPY1R,111.0,1.4259037357766293,174
upper-layer intratelencephalic,Neuronal cells,DLGAP3,113.5,1.4172154986418408,175
upper-layer intratelencephalic,Neuronal cells,CA7,16.5,1.4134561898369107,176
upper-layer intratelencephalic,Neuronal cells,KALRN,2086.7,1.413412713294704,177
upper-layer intratelencephalic,Neuronal cells,GABBR2,704.2,1.409864103949988,178
upper-layer intratelencephalic,Neuronal cells,CCNYL1,77.7,1.4082578093517737,179
upper-layer intratelencephalic,Neuronal cells,PLA2G7,14.4,1.4080519832410354,180
upper-layer intratelencephalic,Neuronal cells,GABRB3,1209.5,1.4067918211583992,181
upper-layer intratelencephalic,Neuronal cells,HS6ST3,2511.6,1.4042496328790182,182
upper-layer intratelencephalic,Neuronal cells,SYT7,144.9,1.4037452837794169,183
upper-layer intratelencephalic,Neuronal cells,PPP4R4,227.1,1.4022339821331824,184
upper-layer intratelencephalic,Neuronal cells,WNT10B,25.5,1.3985793720209925,185
upper-layer intratelencephalic,Neuronal cells,HRH1,63.7,1.3958184341446886,186
upper-layer intratelencephalic,Neuronal cells,SEC14L5,74.3,1.3911422174489882,187
upper-layer intratelencephalic,Neuronal cells,BEGAIN,55.7,1.3900927576642468,188
upper-layer intratelencephalic,Neuronal cells,SLC8A2,101.5,1.3900480036070444,189
upper-layer intratelencephalic,Neuronal cells,OTUB2,9.2,1.387023123109247,190
upper-layer intratelencephalic,Neuronal cells,SYTL2,177.0,1.378595132022972,191
upper-layer intratelencephalic,Neuronal cells,PTPRR,542.0,1.3744611186667752,192
upper-layer intratelencephalic,Neuronal cells,RHCG,7.7,1.3709936539697134,193
upper-layer intratelencephalic,Neuronal cells,TMEM132B,958.4,1.3709371629520772,194
upper-layer intratelencephalic,Neuronal cells,KHDRBS2,1679.8,1.3699572927990435,195
upper-layer intratelencephalic,Neuronal cells,CELF5,306.4,1.3699272925253068,196
upper-layer intratelencephalic,Neuronal cells,STUM,90.9,1.364753214590475,197
upper-layer intratelencephalic,Neuronal cells,NDST3,471.7,1.364716023625843,198
upper-layer intratelencephalic,Neuronal cells,SLCO2A1,17.3,1.3641066596139877,199
upper-layer intratelencephalic,Neuronal cells,EPOP,6.5,1.3633197260842926,200
vascular associated smooth muscle cell,Endothelial and mural cells,ACTA2,2247.8,7.679886465366257,1
vascular associated smooth muscle cell,Endothelial and mural cells,MYH11,1444.2,7.662477053752453,2
vascular associated smooth muscle cell,Endothelial and mural cells,TAGLN,2667.4,7.578782749533154,3
vascular associated smooth muscle cell,Endothelial and mural cells,CCL19,165.0,7.030555211893389,4
vascular associated smooth muscle cell,Endothelial and mural cells,MYL9,1610.3,6.746244720600729,5
vascular associated smooth muscle cell,Endothelial and mural cells,ACTG2,117.5,6.685209854813127,6
vascular associated smooth muscle cell,Endothelial and mural cells,CNN1,146.9,6.6176984148952345,7
vascular associated smooth muscle cell,Endothelial and mural cells,TPM2,1056.0,6.177863197390028,8
vascular associated smooth muscle cell,Endothelial and mural cells,AOC3,85.5,5.977583201836305,9
vascular associated smooth muscle cell,Endothelial and mural cells,LMOD1,416.3,5.92405839967962,10
vascular associated smooth muscle cell,Endothelial and mural cells,MCAM,849.7,5.693687394982953,11
vascular associated smooth muscle cell,Endothelial and mural cells,PLN,197.5,5.592049647144043,12
vascular associated smooth muscle cell,Endothelial and mural cells,ADIRF,739.6,5.494529661944328,13
vascular associated smooth muscle cell,Endothelial and mural cells,TRABD2B,173.3,5.390738117704913,14
vascular associated smooth muscle cell,Endothelial and mural cells,TBX2,320.5,5.278727397050556,15
vascular associated smooth muscle cell,Endothelial and mural cells,ADAMTS1,457.4,5.247870292024008,16
vascular associated smooth muscle cell,Endothelial and mural cells,CRIP1,252.0,5.217458828331333,17
vascular associated smooth muscle cell,Endothelial and mural cells,PHLDA2,96.9,5.16417587314861,18
vascular associated smooth muscle cell,Endothelial and mural cells,FHL5,579.5,5.110242570071904,19
vascular associated smooth muscle cell,Endothelial and mural cells,GPR20,35.4,4.989946335336077,20
vascular associated smooth muscle cell,Endothelial and mural cells,RBPMS,2005.7,4.940661160268779,21
vascular associated smooth muscle cell,Endothelial and mural cells,CAV1,329.5,4.9031255765392086,22
vascular associated smooth muscle cell,Endothelial and mural cells,WTIP,284.1,4.782709761620267,23
vascular associated smooth muscle cell,Endothelial and mural cells,NRARP,220.9,4.7780044814134985,24
vascular associated smooth muscle cell,Endothelial and mural cells,HEYL,127.8,4.741407588124551,25
vascular associated smooth muscle cell,Endothelial and mural cells,FLNA,1014.0,4.719002032824656,26
vascular associated smooth muscle cell,Endothelial and mural cells,BCAM,296.0,4.689617144897084,27
vascular associated smooth muscle cell,Endothelial and mural cells,CAVIN1,266.3,4.68128441212347,28
vascular associated smooth muscle cell,Endothelial and mural cells,EDNRA,339.4,4.666599914145762,29
vascular associated smooth muscle cell,Endothelial and mural cells,MRGPRF,75.5,4.639291598137329,30
vascular associated smooth muscle cell,Endothelial and mural cells,COL4A1,770.0,4.605693942305242,31
vascular associated smooth muscle cell,Endothelial and mural cells,FOSB,65.0,4.526545814495834,32
vascular associated smooth muscle cell,Endothelial and mural cells,ACKR3,193.2,4.484409649778293,33
vascular associated smooth muscle cell,Endothelial and mural cells,COX4I2,64.6,4.462366909661844,34
vascular associated smooth muscle cell,Endothelial and mural cells,SOD3,287.8,4.404860494666578,35
vascular associated smooth muscle cell,Endothelial and mural cells,CAVIN3,154.7,4.393328598597894,36
vascular associated smooth muscle cell,Endothelial and mural cells,VIM,1423.6,4.384320868095627,37
vascular associated smooth muscle cell,Endothelial and mural cells,NR4A1,497.8,4.284587337386822,38
vascular associated smooth muscle cell,Endothelial and mural cells,PDE3A,2523.0,4.27627272337544,39
vascular associated smooth muscle cell,Endothelial and mural cells,ATF3,213.9,4.274246403765062,40
vascular associated smooth muscle cell,Endothelial and mural cells,GJA4,76.3,4.257175772098716,41
vascular associated smooth muscle cell,Endothelial and mural cells,CAV2,263.0,4.230496351434078,42
vascular associated smooth muscle cell,Endothelial and mural cells,FOS,860.2,4.1892117127167365,43
vascular associated smooth muscle cell,Endothelial and mural cells,JAG1,624.6,4.184887135504151,44
vascular associated smooth muscle cell,Endothelial and mural cells,JUNB,627.1,4.177734746297087,45
vascular associated smooth muscle cell,Endothelial and mural cells,SLC38A11,1915.6,4.153012671284865,46
vascular associated smooth muscle cell,Endothelial and mural cells,RBPMS2,72.7,4.0972240892107425,47
vascular associated smooth muscle cell,Endothelial and mural cells,S100A4,245.4,4.068899709750911,48
vascular associated smooth muscle cell,Endothelial and mural cells,FILIP1,405.7,4.064217312900716,49
vascular associated smooth muscle cell,Endothelial and mural cells,GADD45B,244.9,4.0570636354302,50
vascular associated smooth muscle cell,Endothelial and mural cells,FRZB,338.7,4.047582866786926,51
vascular associated smooth muscle cell,Endothelial and mural cells,SGCA,29.5,4.030273011113801,52
vascular associated smooth muscle cell,Endothelial and mural cells,HEY2,231.2,4.027715378211823,53
vascular associated smooth muscle cell,Endothelial and mural cells,GPRC5C,160.1,4.004212409984008,54
vascular associated smooth muscle cell,Endothelial and mural cells,SUSD2,34.2,3.996031097797055,55
vascular associated smooth muscle cell,Endothelial and mural cells,FOXC2,82.8,3.986189231960791,56
vascular associated smooth muscle cell,Endothelial and mural cells,EHD2,126.6,3.954007882901348,57
vascular associated smooth muscle cell,Endothelial and mural cells,FBLIM1,64.7,3.8973402418851366,58
vascular associated smooth muscle cell,Endothelial and mural cells,CALD1,2377.0,3.880792471104445,59
vascular associated smooth muscle cell,Endothelial and mural cells,LRRC32,78.3,3.866607000143171,60
vascular associated smooth muscle cell,Endothelial and mural cells,HSPB1,632.2,3.8664914327833846,61
vascular associated smooth muscle cell,Endothelial and mural cells,LBH,314.7,3.8650051381183244,62
vascular associated smooth muscle cell,Endothelial and mural cells,MYOM1,410.1,3.864017997952895,63
vascular associated smooth muscle cell,Endothelial and mural cells,EBF1,2855.4,3.8403949356277347,64
vascular associated smooth muscle cell,Endothelial and mural cells,RRAD,83.0,3.8316024683042813,65
vascular associated smooth muscle cell,Endothelial and mural cells,TEAD3,58.7,3.8261503566418664,66
vascular associated smooth muscle cell,Endothelial and mural cells,NTN4,489.0,3.812234602924437,67
vascular associated smooth muscle cell,Endothelial and mural cells,GEM,142.4,3.75091445410046,68
vascular associated smooth muscle cell,Endothelial and mural cells,RRAS,131.4,3.7470829904931438,69
vascular associated smooth muscle cell,Endothelial and mural cells,CSPG4,115.7,3.744138618608465,70
vascular associated smooth muscle cell,Endothelial and mural cells,SLC22A3,313.0,3.7409623680884807,71
vascular associated smooth muscle cell,Endothelial and mural cells,FOSL2,224.3,3.7406376882471943,72
vascular associated smooth muscle cell,Endothelial and mural cells,OLFML2A,89.2,3.7346732697706444,73
vascular associated smooth muscle cell,Endothelial and mural cells,MFGE8,271.2,3.715275796836459,74
vascular associated smooth muscle cell,Endothelial and mural cells,AEBP1,173.4,3.707324664434497,75
vascular associated smooth muscle cell,Endothelial and mural cells,PHLDB2,523.8,3.699015919538249,76
vascular associated smooth muscle cell,Endothelial and mural cells,RASL12,104.5,3.6940309455090143,77
vascular associated smooth muscle cell,Endothelial and mural cells,VASN,52.1,3.6780554389047078,78
vascular associated smooth muscle cell,Endothelial and mural cells,ZFHX3,3880.9,3.6702832077786582,79
vascular associated smooth muscle cell,Endothelial and mural cells,COL4A2,671.3,3.666608986864769,80
vascular associated smooth muscle cell,Endothelial and mural cells,MSRB3,777.0,3.635256271538149,81
vascular associated smooth muscle cell,Endothelial and mural cells,MYLK,308.4,3.634027051613611,82
vascular associated smooth muscle cell,Endothelial and mural cells,ARHGAP10,1433.0,3.6012979874690734,83
vascular associated smooth muscle cell,Endothelial and mural cells,HSPB6,22.9,3.589909830914389,84
vascular associated smooth muscle cell,Endothelial and mural cells,MGP,238.8,3.5726545071842137,85
vascular associated smooth muscle cell,Endothelial and mural cells,KCNA5,38.9,3.5669959541917073,86
vascular associated smooth muscle cell,Endothelial and mural cells,S100A6,612.4,3.5542877603676764,87
vascular associated smooth muscle cell,Endothelial and mural cells,DSTN,1186.2,3.544140087518141,88
vascular associated smooth muscle cell,Endothelial and mural cells,HRC,21.8,3.539662231530688,89
vascular associated smooth muscle cell,Endothelial and mural cells,TCF15,26.6,3.5290370861231635,90
vascular associated smooth muscle cell,Endothelial and mural cells,PDE4C,88.8,3.5201338259816004,91
vascular associated smooth muscle cell,Endothelial and mural cells,NEURL1B,206.3,3.5176585140262095,92
vascular associated smooth muscle cell,Endothelial and mural cells,ID3,393.4,3.513598049412514,93
vascular associated smooth muscle cell,Endothelial and mural cells,MAP3K20,651.3,3.5129779892915867,94
vascular associated smooth muscle cell,Endothelial and mural cells,COL6A2,256.5,3.509210865530699,95
vascular associated smooth muscle cell,Endothelial and mural cells,MFAP4,61.1,3.49629509028802,96
vascular associated smooth muscle cell,Endothelial and mural cells,THBS1,68.4,3.491664125861019,97
vascular associated smooth muscle cell,Endothelial and mural cells,LTBP1,1013.2,3.479581451638514,98
vascular associated smooth muscle cell,Endothelial and mural cells,TNS1,517.8,3.463887823078742,99
vascular associated smooth muscle cell,Endothelial and mural cells,BTG2,242.7,3.456868579284457,100
vascular associated smooth muscle cell,Endothelial and mural cells,RNF152,811.3,3.4563563913148254,101
vascular associated smooth muscle cell,Endothelial and mural cells,FOXC1,114.1,3.4469514799039613,102
vascular associated smooth muscle cell,Endothelial and mural cells,TMEM30B,20.2,3.430239905922514,103
vascular associated smooth muscle cell,Endothelial and mural cells,KANK2,186.5,3.430233978066009,104
vascular associated smooth muscle cell,Endothelial and mural cells,C11orf96,10.4,3.430200907313543,105
vascular associated smooth muscle cell,Endothelial and mural cells,BGN,261.2,3.415715716113309,106
vascular associated smooth muscle cell,Endothelial and mural cells,IGFBP7,2059.2,3.4075745626114746,107
vascular associated smooth muscle cell,Endothelial and mural cells,YBX3,238.0,3.3830185031181297,108
vascular associated smooth muscle cell,Endothelial and mural cells,MNDA,96.3,3.3763655102147174,109
vascular associated smooth muscle cell,Endothelial and mural cells,TUBB6,104.4,3.3743862974313212,110
vascular associated smooth muscle cell,Endothelial and mural cells,CNN2,47.6,3.3665077579462697,111
vascular associated smooth muscle cell,Endothelial and mural cells,PLS3,445.2,3.3630320522475015,112
vascular associated smooth muscle cell,Endothelial and mural cells,PDLIM5,1322.3,3.347993884465804,113
vascular associated smooth muscle cell,Endothelial and mural cells,MYO3A,141.9,3.344653513109788,114
vascular associated smooth muscle cell,Endothelial and mural cells,ASB2,21.7,3.3317837955413374,115
vascular associated smooth muscle cell,Endothelial and mural cells,PTP4A3,107.2,3.3181350310336497,116
vascular associated smooth muscle cell,Endothelial and mural cells,MAP7D3,59.4,3.2969569216801915,117
vascular associated smooth muscle cell,Endothelial and mural cells,SUSD5,149.3,3.295955740748298,118
vascular associated smooth muscle cell,Endothelial and mural cells,EMILIN1,37.3,3.286858318709494,119
vascular associated smooth muscle cell,Endothelial and mural cells,CSRP1,291.5,3.2798752021664725,120
vascular associated smooth muscle cell,Endothelial and mural cells,TMEM51,150.4,3.2642477014283684,121
vascular associated smooth muscle cell,Endothelial and mural cells,MYL6,729.6,3.2577233514725874,122
vascular associated smooth muscle cell,Endothelial and mural cells,ZNF331,519.7,3.243982588511005,123
vascular associated smooth muscle cell,Endothelial and mural cells,GJC1,200.1,3.243922150345625,124
vascular associated smooth muscle cell,Endothelial and mural cells,UAP1,178.0,3.232211434711321,125
vascular associated smooth muscle cell,Endothelial and mural cells,ANGPT4,14.3,3.2222971782242897,126
vascular associated smooth muscle cell,Endothelial and mural cells,RCAN2,2187.2,3.2202030539000854,127
vascular associated smooth muscle cell,Endothelial and mural cells,NEXN,154.6,3.2199220525121395,128
vascular associated smooth muscle cell,Endothelial and mural cells,PLAC9,124.1,3.2178913557040496,129
vascular associated smooth muscle cell,Endothelial and mural cells,COX6A2,12.9,3.217891355704049,130
vascular associated smooth muscle cell,Endothelial and mural cells,TPM1,1012.5,3.2168257288499555,131
vascular associated smooth muscle cell,Endothelial and mural cells,SMIM10,29.0,3.209817728565825,132
vascular associated smooth muscle cell,Endothelial and mural cells,ARID5A,93.6,3.2013196431551854,133
vascular associated smooth muscle cell,Endothelial and mural cells,KCNAB1,41.1,3.1941144670093826,134
vascular associated smooth muscle cell,Endothelial and mural cells,LAMB2,117.8,3.185910705615012,135
vascular associated smooth muscle cell,Endothelial and mural cells,PDGFRB,573.5,3.1809938875719084,136
vascular associated smooth muscle cell,Endothelial and mural cells,ALKAL2,28.7,3.1765641988053477,137
vascular associated smooth muscle cell,Endothelial and mural cells,ESAM,101.6,3.1726119425638735,138
vascular associated smooth muscle cell,Endothelial and mural cells,TIMP3,1297.4,3.1649335478152345,139
vascular associated smooth muscle cell,Endothelial and mural cells,RBM24,111.7,3.16029810650222,140
vascular associated smooth muscle cell,Endothelial and mural cells,ITGA8,654.5,3.148594604432052,141
vascular associated smooth muscle cell,Endothelial and mural cells,FOXS1,34.3,3.143783837621582,142
vascular associated smooth muscle cell,Endothelial and mural cells,PRKG1,7325.8,3.1345974861874084,143
vascular associated smooth muscle cell,Endothelial and mural cells,ADGRA2,139.6,3.13136002955129,144
vascular associated smooth muscle cell,Endothelial and mural cells,PLEKHG2,62.0,3.1129812046158656,145
vascular associated smooth muscle cell,Endothelial and mural cells,AXL,197.3,3.1083591181758257,146
vascular associated smooth muscle cell,Endothelial and mural cells,CD151,190.7,3.080591985168435,147
vascular associated smooth muscle cell,Endothelial and mural cells,CRIM1,1358.0,3.0776572698658646,148
vascular associated smooth muscle cell,Endothelial and mural cells,MYO1B,673.7,3.073826324152261,149
vascular associated smooth muscle cell,Endothelial and mural cells,ITGA1,396.9,3.0708310805803323,150
vascular associated smooth muscle cell,Endothelial and mural cells,TLN1,215.3,3.06336065854963,151
vascular associated smooth muscle cell,Endothelial and mural cells,PLCE1,658.7,3.0605027274266963,152
vascular associated smooth muscle cell,Endothelial and mural cells,LGALS1,383.5,3.0525781773343206,153
vascular associated smooth muscle cell,Endothelial and mural cells,VGLL3,58.9,3.043792118498106,154
vascular associated smooth muscle cell,Endothelial and mural cells,RERGL,330.2,3.0300905813289556,155
vascular associated smooth muscle cell,Endothelial and mural cells,FOXL1,17.1,3.0285401681576163,156
vascular associated smooth muscle cell,Endothelial and mural cells,PLP2,38.4,3.0280100248243578,157
vascular associated smooth muscle cell,Endothelial and mural cells,PDLIM7,131.5,3.022244088055959,158
vascular associated smooth muscle cell,Endothelial and mural cells,PDLIM3,218.7,3.0217535631894386,159
vascular associated smooth muscle cell,Endothelial and mural cells,NR2F2,426.2,3.0192027024244026,160
vascular associated smooth muscle cell,Endothelial and mural cells,DUSP1,402.9,3.0148727717367105,161
vascular associated smooth muscle cell,Endothelial and mural cells,S100A11,138.2,3.0080625849569764,162
vascular associated smooth muscle cell,Endothelial and mural cells,LDB3,187.0,3.006152226981595,163
vascular associated smooth muscle cell,Endothelial and mural cells,TPM4,345.7,3.004382234941272,164
vascular associated smooth muscle cell,Endothelial and mural cells,NFIL3,68.6,2.9944829950324343,165
vascular associated smooth muscle cell,Endothelial and mural cells,HIGD1B,127.3,2.9943885769750653,166
vascular associated smooth muscle cell,Endothelial and mural cells,APOE,882.6,2.9890576691860087,167
vascular associated smooth muscle cell,Endothelial and mural cells,NPNT,143.6,2.983586089283063,168
vascular associated smooth muscle cell,Endothelial and mural cells,RHOB,525.6,2.960577994354171,169
vascular associated smooth muscle cell,Endothelial and mural cells,ITGA7,227.6,2.9595322691766013,170
vascular associated smooth muscle cell,Endothelial and mural cells,PPP1R14A,285.7,2.954890293261346,171
vascular associated smooth muscle cell,Endothelial and mural cells,LAMA5,109.5,2.9233036854993517,172
vascular associated smooth muscle cell,Endothelial and mural cells,KLF2,227.7,2.923008972260948,173
vascular associated smooth muscle cell,Endothelial and mural cells,TNFRSF12A,20.2,2.9143335787940803,174
vascular associated smooth muscle cell,Endothelial and mural cells,CSRP2,131.9,2.911981913287306,175
vascular associated smooth muscle cell,Endothelial and mural cells,EPS8,1605.6,2.908593681162576,176
vascular associated smooth muscle cell,Endothelial and mural cells,ZFP36,150.4,2.8998907736576554,177
vascular associated smooth muscle cell,Endothelial and mural cells,COL18A1,371.1,2.897615267388178,178
vascular associated smooth muscle cell,Endothelial and mural cells,TGFBI,29.3,2.896324513403962,179
vascular associated smooth muscle cell,Endothelial and mural cells,KLF4,47.7,2.8946887245812887,180
vascular associated smooth muscle cell,Endothelial and mural cells,LPP,2556.0,2.893755658303232,181
vascular associated smooth muscle cell,Endothelial and mural cells,HBB,41.3,2.8885591643223765,182
vascular associated smooth muscle cell,Endothelial and mural cells,ACTN4,671.8,2.8790987280081315,183
vascular associated smooth muscle cell,Endothelial and mural cells,EIF4A3,91.7,2.877065294684567,184
vascular associated smooth muscle cell,Endothelial and mural cells,MYO1C,86.6,2.8708139473749497,185
vascular associated smooth muscle cell,Endothelial and mural cells,LIMS2,125.4,2.8573239907952583,186
vascular associated smooth muscle cell,Endothelial and mural cells,PEAR1,51.5,2.8523502896185042,187
vascular associated smooth muscle cell,Endothelial and mural cells,MROH5,8.6,2.8512794905442513,188
vascular associated smooth muscle cell,Endothelial and mural cells,TM4SF1,82.7,2.8458361282432696,189
vascular associated smooth muscle cell,Endothelial and mural cells,SYNPO2,736.4,2.8447776745178683,190
vascular associated smooth muscle cell,Endothelial and mural cells,ACTB,2209.7,2.8272132258799707,191
vascular associated smooth muscle cell,Endothelial and mural cells,SMOC2,210.0,2.7975466022529307,192
vascular associated smooth muscle cell,Endothelial and mural cells,KCNMB1,78.8,2.796276314410155,193
vascular associated smooth muscle cell,Endothelial and mural cells,EPAS1,610.1,2.7934504008513907,194
vascular associated smooth muscle cell,Endothelial and mural cells,CLMN,598.7,2.7898849738290115,195
vascular associated smooth muscle cell,Endothelial and mural cells,CDH6,631.5,2.7870733647190535,196
vascular associated smooth muscle cell,Endothelial and mural cells,ANGPT1,338.2,2.7749586489012716,197
vascular associated smooth muscle cell,Endothelial and mural cells,PTGIS,54.5,2.764668522956054,198
vascular associated smooth muscle cell,Endothelial and mural cells,NRIP2,28.0,2.761800936776124,199
vascular associated smooth muscle cell,Endothelial and mural cells,IFITM3,336.0,2.7615188010348657,200
