disease,gene,ensembl_id,locus_id,credible_set_id,lead_variant,chromosome,position,p_value_if_available,l2g_score,fine_mapping_method,credible_set_confidence,study,evidence_source,gene_name,lead_variant_ot_id,distance_features_json,colocalisation_features_json,variant_effect_features_json,other_evidence_json,all_feature_values_json,all_feature_shap_values_json,shap_base_value,genome_build,evidence_class,broad_threshold,stringent_threshold
Parkinson disease,ITPKB,ENSG00000143772,PD_CHR01_008,b66309d22dd2384d5567a0af77a089a3,rs4653767,1,226728377,2.9999999999999996e-24,0.9014809131622314,PICS,PICS fine-mapped credible set based on reported top hit,GCST90308590,Open Targets Platform Locus-to-Gene,inositol-trisphosphate 3-kinase B,1_226728377_T_C,"{""distanceFootprintMean"":0.9999388456344604,""distanceFootprintMeanNeighbourhood"":1,""distanceSentinelFootprint"":1,""distanceSentinelFootprintNeighbourhood"":1,""distanceSentinelTss"":0.9983195662498474,""distanceSentinelTssNeighbourhood"":1,""distanceTssMean"":0.998886227607727,""distanceTssMeanNeighbourhood"":1}","{""eQtlColocClppMaximum"":0,""eQtlColocClppMaximumNeighbourhood"":0,""eQtlColocH4Maximum"":0,""eQtlColocH4MaximumNeighbourhood"":0,""pQtlColocClppMaximum"":0,""pQtlColocClppMaximumNeighbourhood"":0,""pQtlColocH4Maximum"":0,""pQtlColocH4MaximumNeighbourhood"":0,""sQtlColocClppMaximum"":0,""sQtlColocClppMaximumNeighbourhood"":0,""sQtlColocH4Maximum"":0,""sQtlColocH4MaximumNeighbourhood"":0,""transPQtlColocH4Maximum"":0,""transPQtlColocH4MaximumNeighbourhood"":0}","{""vepMaximum"":0.7099999785423279,""vepMaximumNeighbourhood"":1,""vepMean"":0.04469848796725273,""vepMeanNeighbourhood"":1}","{""credibleSetConfidence"":0.25,""e2gMean"":0.791339099407196,""e2gMeanNeighbourhood"":1,""geneCount500kb"":15,""proteinGeneCount500kb"":5}","{""credibleSetConfidence"":0.25,""distanceFootprintMean"":0.9999388456344604,""distanceFootprintMeanNeighbourhood"":1,""distanceSentinelFootprint"":1,""distanceSentinelFootprintNeighbourhood"":1,""distanceSentinelTss"":0.9983195662498474,""distanceSentinelTssNeighbourhood"":1,""distanceTssMean"":0.998886227607727,""distanceTssMeanNeighbourhood"":1,""e2gMean"":0.791339099407196,""e2gMeanNeighbourhood"":1,""eQtlColocClppMaximum"":0,""eQtlColocClppMaximumNeighbourhood"":0,""eQtlColocH4Maximum"":0,""eQtlColocH4MaximumNeighbourhood"":0,""geneCount500kb"":15,""pQtlColocClppMaximum"":0,""pQtlColocClppMaximumNeighbourhood"":0,""pQtlColocH4Maximum"":0,""pQtlColocH4MaximumNeighbourhood"":0,""proteinGeneCount500kb"":5,""sQtlColocClppMaximum"":0,""sQtlColocClppMaximumNeighbourhood"":0,""sQtlColocH4Maximum"":0,""sQtlColocH4MaximumNeighbourhood"":0,""transPQtlColocH4Maximum"":0,""transPQtlColocH4MaximumNeighbourhood"":0,""vepMaximum"":0.7099999785423279,""vepMaximumNeighbourhood"":1,""vepMean"":0.04469848796725273,""vepMeanNeighbourhood"":1}","{""credibleSetConfidence"":0.0001422728964826092,""distanceFootprintMean"":0.019544251263141632,""distanceFootprintMeanNeighbourhood"":0.025827867910265923,""distanceSentinelFootprint"":0.022623468190431595,""distanceSentinelFootprintNeighbourhood"":0.15299956500530243,""distanceSentinelTss"":-0.014659079723060131,""distanceSentinelTssNeighbourhood"":0.11559149622917175,""distanceTssMean"":0.013862264342606068,""distanceTssMeanNeighbourhood"":0.06653973460197449,""e2gMean"":0.01850442960858345,""e2gMeanNeighbourhood"":0.06786017119884491,""eQtlColocClppMaximum"":-0.0004944796673953533,""eQtlColocClppMaximumNeighbourhood"":-0.0006893907557241619,""eQtlColocH4Maximum"":-0.0003359995025675744,""eQtlColocH4MaximumNeighbourhood"":-0.0005749919218942523,""geneCount500kb"":0.027059657499194145,""pQtlColocClppMaximum"":-0.00011724199430318549,""pQtlColocClppMaximumNeighbourhood"":-7.752464443910867e-05,""pQtlColocH4Maximum"":-0.00017084096907638013,""pQtlColocH4MaximumNeighbourhood"":0,""proteinGeneCount500kb"":0.051667917519807816,""sQtlColocClppMaximum"":-0.00036044116131961346,""sQtlColocClppMaximumNeighbourhood"":-0.00013050035340711474,""sQtlColocH4Maximum"":-0.0003824316372629255,""sQtlColocH4MaximumNeighbourhood"":-0.0004369434027466923,""transPQtlColocH4Maximum"":-0.0004982583341188729,""transPQtlColocH4MaximumNeighbourhood"":-0.0015451926738023758,""vepMaximum"":0.10003519058227539,""vepMaximumNeighbourhood"":0.12440429627895355,""vepMean"":0.0020099522080272436,""vepMeanNeighbourhood"":0.07387851923704147}",0.03940320387482643,GRCh38,high_prioritization,0.05,0.6150293350219727
Parkinson disease,SH3GL2,ENSG00000107295,PD_CHR09_038,1d050957d0bcfbfc986f88f4ae76cd6d,rs13294100,9,17579692,8e-21,0.8994671702384949,PICS,PICS fine-mapped credible set based on reported top hit,GCST90308590,Open Targets Platform Locus-to-Gene,"SH3 domain containing GRB2 like 2, endophilin A1",9_17579692_T_G,"{""distanceFootprintMean"":0.9961596131324768,""distanceFootprintMeanNeighbourhood"":1,""distanceSentinelFootprint"":1,""distanceSentinelFootprintNeighbourhood"":1,""distanceSentinelTss"":0.9999045133590698,""distanceSentinelTssNeighbourhood"":1,""distanceTssMean"":0.9960120916366577,""distanceTssMeanNeighbourhood"":1}","{""eQtlColocClppMaximum"":0,""eQtlColocClppMaximumNeighbourhood"":0,""eQtlColocH4Maximum"":0,""eQtlColocH4MaximumNeighbourhood"":0,""pQtlColocClppMaximum"":0,""pQtlColocClppMaximumNeighbourhood"":0,""pQtlColocH4Maximum"":0,""pQtlColocH4MaximumNeighbourhood"":0,""sQtlColocClppMaximum"":0,""sQtlColocClppMaximumNeighbourhood"":0,""sQtlColocH4Maximum"":0,""sQtlColocH4MaximumNeighbourhood"":0,""transPQtlColocH4Maximum"":0,""transPQtlColocH4MaximumNeighbourhood"":0}","{""vepMaximum"":0.3199999928474426,""vepMaximumNeighbourhood"":1,""vepMean"":0.029781287536025047,""vepMeanNeighbourhood"":1}","{""credibleSetConfidence"":0.25,""e2gMean"":0.9074648022651672,""e2gMeanNeighbourhood"":1,""geneCount500kb"":5,""proteinGeneCount500kb"":1}","{""credibleSetConfidence"":0.25,""distanceFootprintMean"":0.9961596131324768,""distanceFootprintMeanNeighbourhood"":1,""distanceSentinelFootprint"":1,""distanceSentinelFootprintNeighbourhood"":1,""distanceSentinelTss"":0.9999045133590698,""distanceSentinelTssNeighbourhood"":1,""distanceTssMean"":0.9960120916366577,""distanceTssMeanNeighbourhood"":1,""e2gMean"":0.9074648022651672,""e2gMeanNeighbourhood"":1,""eQtlColocClppMaximum"":0,""eQtlColocClppMaximumNeighbourhood"":0,""eQtlColocH4Maximum"":0,""eQtlColocH4MaximumNeighbourhood"":0,""geneCount500kb"":5,""pQtlColocClppMaximum"":0,""pQtlColocClppMaximumNeighbourhood"":0,""pQtlColocH4Maximum"":0,""pQtlColocH4MaximumNeighbourhood"":0,""proteinGeneCount500kb"":1,""sQtlColocClppMaximum"":0,""sQtlColocClppMaximumNeighbourhood"":0,""sQtlColocH4Maximum"":0,""sQtlColocH4MaximumNeighbourhood"":0,""transPQtlColocH4Maximum"":0,""transPQtlColocH4MaximumNeighbourhood"":0,""vepMaximum"":0.3199999928474426,""vepMaximumNeighbourhood"":1,""vepMean"":0.029781287536025047,""vepMeanNeighbourhood"":1}","{""credibleSetConfidence"":0.0007466654060408473,""distanceFootprintMean"":0.009683789685368538,""distanceFootprintMeanNeighbourhood"":0.025156067684292793,""distanceSentinelFootprint"":0.017353789880871773,""distanceSentinelFootprintNeighbourhood"":0.15983939170837402,""distanceSentinelTss"":0.0011471767211332917,""distanceSentinelTssNeighbourhood"":0.11333048343658447,""distanceTssMean"":0.02391519956290722,""distanceTssMeanNeighbourhood"":0.06032566726207733,""e2gMean"":0.014033939689397812,""e2gMeanNeighbourhood"":0.06923090666532516,""eQtlColocClppMaximum"":2.5832001483649947e-05,""eQtlColocClppMaximumNeighbourhood"":-0.00203714263625443,""eQtlColocH4Maximum"":-0.0004890688578598201,""eQtlColocH4MaximumNeighbourhood"":-0.0015729659935459495,""geneCount500kb"":0.039727333933115005,""pQtlColocClppMaximum"":-0.0005318091716617346,""pQtlColocClppMaximumNeighbourhood"":-0.0005045343423262239,""pQtlColocH4Maximum"":0,""pQtlColocH4MaximumNeighbourhood"":-4.189717583358288e-05,""proteinGeneCount500kb"":0.15243831276893616,""sQtlColocClppMaximum"":-0.0007599311065860093,""sQtlColocClppMaximumNeighbourhood"":-0.00044900018838234246,""sQtlColocH4Maximum"":-0.0003683412214741111,""sQtlColocH4MaximumNeighbourhood"":-0.0011260085739195347,""transPQtlColocH4Maximum"":-0.0007110043079592288,""transPQtlColocH4MaximumNeighbourhood"":-0.002460564486682415,""vepMaximum"":0.008171193301677704,""vepMaximumNeighbourhood"":0.09017149358987808,""vepMean"":-0.00020549781038425863,""vepMeanNeighbourhood"":0.07160969078540802}",0.0538179911673069,GRCh38,high_prioritization,0.05,0.6150293350219727
Parkinson disease,GPNMB,ENSG00000136235,PD_CHR07_034,9120864c91ae901e3ae7b15b16c15603,rs199351,7,23260430,4e-28,0.8844435214996338,PICS,PICS fine-mapped credible set based on reported top hit,GCST90308590,Open Targets Platform Locus-to-Gene,glycoprotein nmb,7_23260430_A_C,"{""distanceFootprintMean"":0.9954286813735962,""distanceFootprintMeanNeighbourhood"":1,""distanceSentinelFootprint"":1,""distanceSentinelFootprintNeighbourhood"":1,""distanceSentinelTss"":0.9978898763656616,""distanceSentinelTssNeighbourhood"":1,""distanceTssMean"":0.9944598078727722,""distanceTssMeanNeighbourhood"":1}","{""eQtlColocClppMaximum"":0.06201145052909851,""eQtlColocClppMaximumNeighbourhood"":1,""eQtlColocH4Maximum"":0.9865972995758057,""eQtlColocH4MaximumNeighbourhood"":1,""pQtlColocClppMaximum"":0.04357266426086426,""pQtlColocClppMaximumNeighbourhood"":1,""pQtlColocH4Maximum"":0.980626106262207,""pQtlColocH4MaximumNeighbourhood"":1,""sQtlColocClppMaximum"":0.06209791824221611,""sQtlColocClppMaximumNeighbourhood"":1,""sQtlColocH4Maximum"":0.9866170883178711,""sQtlColocH4MaximumNeighbourhood"":1,""transPQtlColocH4Maximum"":0,""transPQtlColocH4MaximumNeighbourhood"":0}","{""vepMaximum"":0.46000000834465027,""vepMaximumNeighbourhood"":1,""vepMean"":0.011230041272938251,""vepMeanNeighbourhood"":1}","{""credibleSetConfidence"":0.25,""e2gMean"":0.32220762968063354,""e2gMeanNeighbourhood"":1,""geneCount500kb"":19,""proteinGeneCount500kb"":6}","{""credibleSetConfidence"":0.25,""distanceFootprintMean"":0.9954286813735962,""distanceFootprintMeanNeighbourhood"":1,""distanceSentinelFootprint"":1,""distanceSentinelFootprintNeighbourhood"":1,""distanceSentinelTss"":0.9978898763656616,""distanceSentinelTssNeighbourhood"":1,""distanceTssMean"":0.9944598078727722,""distanceTssMeanNeighbourhood"":1,""e2gMean"":0.32220762968063354,""e2gMeanNeighbourhood"":1,""eQtlColocClppMaximum"":0.06201145052909851,""eQtlColocClppMaximumNeighbourhood"":1,""eQtlColocH4Maximum"":0.9865972995758057,""eQtlColocH4MaximumNeighbourhood"":1,""geneCount500kb"":19,""pQtlColocClppMaximum"":0.04357266426086426,""pQtlColocClppMaximumNeighbourhood"":1,""pQtlColocH4Maximum"":0.980626106262207,""pQtlColocH4MaximumNeighbourhood"":1,""proteinGeneCount500kb"":6,""sQtlColocClppMaximum"":0.06209791824221611,""sQtlColocClppMaximumNeighbourhood"":1,""sQtlColocH4Maximum"":0.9866170883178711,""sQtlColocH4MaximumNeighbourhood"":1,""transPQtlColocH4Maximum"":0,""transPQtlColocH4MaximumNeighbourhood"":0,""vepMaximum"":0.46000000834465027,""vepMaximumNeighbourhood"":1,""vepMean"":0.011230041272938251,""vepMeanNeighbourhood"":1}","{""credibleSetConfidence"":0.0010282958392053843,""distanceFootprintMean"":0.0069817123003304005,""distanceFootprintMeanNeighbourhood"":0.01982898637652397,""distanceSentinelFootprint"":-0.0004994079354219139,""distanceSentinelFootprintNeighbourhood"":0.08523736894130707,""distanceSentinelTss"":-0.00358290015719831,""distanceSentinelTssNeighbourhood"":0.13209564983844757,""distanceTssMean"":0.008997038938105106,""distanceTssMeanNeighbourhood"":0.048684049397706985,""e2gMean"":0.016392294317483902,""e2gMeanNeighbourhood"":0.0636918768286705,""eQtlColocClppMaximum"":0.012435181066393852,""eQtlColocClppMaximumNeighbourhood"":0.01753653958439827,""eQtlColocH4Maximum"":0.01172910537570715,""eQtlColocH4MaximumNeighbourhood"":0.01880997233092785,""geneCount500kb"":0.006600887048989534,""pQtlColocClppMaximum"":0.09802314639091492,""pQtlColocClppMaximumNeighbourhood"":0.05517568439245224,""pQtlColocH4Maximum"":0.045121416449546814,""pQtlColocH4MaximumNeighbourhood"":0.014053345657885075,""proteinGeneCount500kb"":0.026369312778115273,""sQtlColocClppMaximum"":0.021779412403702736,""sQtlColocClppMaximumNeighbourhood"":0.006952362135052681,""sQtlColocH4Maximum"":0.012091701850295067,""sQtlColocH4MaximumNeighbourhood"":0.01671822927892208,""transPQtlColocH4Maximum"":-0.00028638297226279974,""transPQtlColocH4MaximumNeighbourhood"":-0.0008065820438787341,""vepMaximum"":0.023777330294251442,""vepMaximumNeighbourhood"":0.040157366544008255,""vepMean"":-0.011138373985886574,""vepMeanNeighbourhood"":0.011862095445394516}",0.07862681150436401,GRCh38,high_prioritization,0.05,0.6150293350219727
Parkinson disease,HIP1R,ENSG00000130787,PD_CHR12_050,317cf131406ec8091068e88c2420bdd3,rs10847864,12,122842051,2e-41,0.8798125386238098,PICS,PICS fine-mapped credible set based on reported top hit,GCST90308590,Open Targets Platform Locus-to-Gene,huntingtin interacting protein 1 related,12_122842051_G_T,"{""distanceFootprintMean"":1,""distanceFootprintMeanNeighbourhood"":1,""distanceSentinelFootprint"":1,""distanceSentinelFootprintNeighbourhood"":1,""distanceSentinelTss"":0.9989883303642273,""distanceSentinelTssNeighbourhood"":1,""distanceTssMean"":0.9990844130516052,""distanceTssMeanNeighbourhood"":1}","{""eQtlColocClppMaximum"":0.8035662174224854,""eQtlColocClppMaximumNeighbourhood"":1,""eQtlColocH4Maximum"":0.9998177886009216,""eQtlColocH4MaximumNeighbourhood"":1,""pQtlColocClppMaximum"":0.6893213391304016,""pQtlColocClppMaximumNeighbourhood"":1,""pQtlColocH4Maximum"":0.9995495080947876,""pQtlColocH4MaximumNeighbourhood"":1,""sQtlColocClppMaximum"":0,""sQtlColocClppMaximumNeighbourhood"":0,""sQtlColocH4Maximum"":0,""sQtlColocH4MaximumNeighbourhood"":0,""transPQtlColocH4Maximum"":0,""transPQtlColocH4MaximumNeighbourhood"":0}","{""vepMaximum"":0.3199999928474426,""vepMaximumNeighbourhood"":1,""vepMean"":0.1599999964237213,""vepMeanNeighbourhood"":1}","{""credibleSetConfidence"":0.25,""e2gMean"":0.9925060272216797,""e2gMeanNeighbourhood"":1,""geneCount500kb"":21,""proteinGeneCount500kb"":10}","{""credibleSetConfidence"":0.25,""distanceFootprintMean"":1,""distanceFootprintMeanNeighbourhood"":1,""distanceSentinelFootprint"":1,""distanceSentinelFootprintNeighbourhood"":1,""distanceSentinelTss"":0.9989883303642273,""distanceSentinelTssNeighbourhood"":1,""distanceTssMean"":0.9990844130516052,""distanceTssMeanNeighbourhood"":1,""e2gMean"":0.9925060272216797,""e2gMeanNeighbourhood"":1,""eQtlColocClppMaximum"":0.8035662174224854,""eQtlColocClppMaximumNeighbourhood"":1,""eQtlColocH4Maximum"":0.9998177886009216,""eQtlColocH4MaximumNeighbourhood"":1,""geneCount500kb"":21,""pQtlColocClppMaximum"":0.6893213391304016,""pQtlColocClppMaximumNeighbourhood"":1,""pQtlColocH4Maximum"":0.9995495080947876,""pQtlColocH4MaximumNeighbourhood"":1,""proteinGeneCount500kb"":10,""sQtlColocClppMaximum"":0,""sQtlColocClppMaximumNeighbourhood"":0,""sQtlColocH4Maximum"":0,""sQtlColocH4MaximumNeighbourhood"":0,""transPQtlColocH4Maximum"":0,""transPQtlColocH4MaximumNeighbourhood"":0,""vepMaximum"":0.3199999928474426,""vepMaximumNeighbourhood"":1,""vepMean"":0.1599999964237213,""vepMeanNeighbourhood"":1}","{""credibleSetConfidence"":0.0004536226624622941,""distanceFootprintMean"":0.01487127784639597,""distanceFootprintMeanNeighbourhood"":0.02303791046142578,""distanceSentinelFootprint"":0.003691880963742733,""distanceSentinelFootprintNeighbourhood"":0.1074407622218132,""distanceSentinelTss"":-0.0003088140219915658,""distanceSentinelTssNeighbourhood"":0.14118342101573944,""distanceTssMean"":0.007219240535050631,""distanceTssMeanNeighbourhood"":0.041931990534067154,""e2gMean"":-0.01063494011759758,""e2gMeanNeighbourhood"":0.06726723164319992,""eQtlColocClppMaximum"":0.01311230193823576,""eQtlColocClppMaximumNeighbourhood"":0.01873624697327614,""eQtlColocH4Maximum"":0.013453951105475426,""eQtlColocH4MaximumNeighbourhood"":0.017985785380005836,""geneCount500kb"":-0.0029498415533453226,""pQtlColocClppMaximum"":0.12378432601690292,""pQtlColocClppMaximumNeighbourhood"":0.06443669646978378,""pQtlColocH4Maximum"":0.05375215783715248,""pQtlColocH4MaximumNeighbourhood"":0.022863024845719337,""proteinGeneCount500kb"":-0.003619492519646883,""sQtlColocClppMaximum"":-0.0006422474980354309,""sQtlColocClppMaximumNeighbourhood"":-0.00021533934341277927,""sQtlColocH4Maximum"":-0.00045307757682166994,""sQtlColocH4MaximumNeighbourhood"":-0.0006481130258180201,""transPQtlColocH4Maximum"":-0.00018965406343340874,""transPQtlColocH4MaximumNeighbourhood"":-0.0007354969857260585,""vepMaximum"":0.007288118824362755,""vepMaximumNeighbourhood"":0.05955544114112854,""vepMean"":0.003621512558311224,""vepMeanNeighbourhood"":0.034431084990501404}",0.060091521590948105,GRCh38,high_prioritization,0.05,0.6150293350219727
Parkinson disease,FCGR2A,ENSG00000143226,PD_CHR01_005,b7521a623d84c257ed1519ccfb493ec4,rs6658353,1,161499264,2e-11,0.8712173104286194,PICS,PICS fine-mapped credible set based on reported top hit,GCST90308590,Open Targets Platform Locus-to-Gene,Fc gamma receptor IIa,1_161499264_G_C,"{""distanceFootprintMean"":0.9987563490867615,""distanceFootprintMeanNeighbourhood"":1,""distanceSentinelFootprint"":0.9990501999855042,""distanceSentinelFootprintNeighbourhood"":1,""distanceSentinelTss"":0.9990501999855042,""distanceSentinelTssNeighbourhood"":1,""distanceTssMean"":0.9984937310218811,""distanceTssMeanNeighbourhood"":1}","{""eQtlColocClppMaximum"":0,""eQtlColocClppMaximumNeighbourhood"":0,""eQtlColocH4Maximum"":0,""eQtlColocH4MaximumNeighbourhood"":0,""pQtlColocClppMaximum"":0.2113390862941742,""pQtlColocClppMaximumNeighbourhood"":1,""pQtlColocH4Maximum"":0.9964519739151001,""pQtlColocH4MaximumNeighbourhood"":1,""sQtlColocClppMaximum"":0.017404211685061455,""sQtlColocClppMaximumNeighbourhood"":1,""sQtlColocH4Maximum"":0.9496056437492371,""sQtlColocH4MaximumNeighbourhood"":1,""transPQtlColocH4Maximum"":0,""transPQtlColocH4MaximumNeighbourhood"":0}","{""vepMaximum"":0.6800000071525574,""vepMaximumNeighbourhood"":1,""vepMean"":0.05463951453566551,""vepMeanNeighbourhood"":1}","{""credibleSetConfidence"":0.25,""e2gMean"":0.4024584889411926,""e2gMeanNeighbourhood"":1,""geneCount500kb"":49,""proteinGeneCount500kb"":13}","{""credibleSetConfidence"":0.25,""distanceFootprintMean"":0.9987563490867615,""distanceFootprintMeanNeighbourhood"":1,""distanceSentinelFootprint"":0.9990501999855042,""distanceSentinelFootprintNeighbourhood"":1,""distanceSentinelTss"":0.9990501999855042,""distanceSentinelTssNeighbourhood"":1,""distanceTssMean"":0.9984937310218811,""distanceTssMeanNeighbourhood"":1,""e2gMean"":0.4024584889411926,""e2gMeanNeighbourhood"":1,""eQtlColocClppMaximum"":0,""eQtlColocClppMaximumNeighbourhood"":0,""eQtlColocH4Maximum"":0,""eQtlColocH4MaximumNeighbourhood"":0,""geneCount500kb"":49,""pQtlColocClppMaximum"":0.2113390862941742,""pQtlColocClppMaximumNeighbourhood"":1,""pQtlColocH4Maximum"":0.9964519739151001,""pQtlColocH4MaximumNeighbourhood"":1,""proteinGeneCount500kb"":13,""sQtlColocClppMaximum"":0.017404211685061455,""sQtlColocClppMaximumNeighbourhood"":1,""sQtlColocH4Maximum"":0.9496056437492371,""sQtlColocH4MaximumNeighbourhood"":1,""transPQtlColocH4Maximum"":0,""transPQtlColocH4MaximumNeighbourhood"":0,""vepMaximum"":0.6800000071525574,""vepMaximumNeighbourhood"":1,""vepMean"":0.05463951453566551,""vepMeanNeighbourhood"":1}","{""credibleSetConfidence"":0.0006463320460170507,""distanceFootprintMean"":0.017866121605038643,""distanceFootprintMeanNeighbourhood"":0.02351425029337406,""distanceSentinelFootprint"":0.008430621586740017,""distanceSentinelFootprintNeighbourhood"":0.0833270251750946,""distanceSentinelTss"":-0.005786769092082977,""distanceSentinelTssNeighbourhood"":0.14893580973148346,""distanceTssMean"":0.003945480100810528,""distanceTssMeanNeighbourhood"":0.028372174128890038,""e2gMean"":0.022791260853409767,""e2gMeanNeighbourhood"":0.05353018268942833,""eQtlColocClppMaximum"":-0.0009775070939213037,""eQtlColocClppMaximumNeighbourhood"":-0.001306684222072363,""eQtlColocH4Maximum"":-0.0007014203583821654,""eQtlColocH4MaximumNeighbourhood"":-0.0020248224027454853,""geneCount500kb"":-0.045712679624557495,""pQtlColocClppMaximum"":0.12311559170484543,""pQtlColocClppMaximumNeighbourhood"":0.06830915063619614,""pQtlColocH4Maximum"":0.08315437287092209,""pQtlColocH4MaximumNeighbourhood"":0.020312942564487457,""proteinGeneCount500kb"":-0.006691155023872852,""sQtlColocClppMaximum"":0.0120035819709301,""sQtlColocClppMaximumNeighbourhood"":0.0053222524002194405,""sQtlColocH4Maximum"":0.002731056185439229,""sQtlColocH4MaximumNeighbourhood"":0.01627679169178009,""transPQtlColocH4Maximum"":-5.7980174460681155e-05,""transPQtlColocH4MaximumNeighbourhood"":-0.0009170355624519289,""vepMaximum"":0.0610087513923645,""vepMaximumNeighbourhood"":0.057154253125190735,""vepMean"":0.0037386140320450068,""vepMeanNeighbourhood"":0.0323677659034729}",0.0585390143096447,GRCh38,high_prioritization,0.05,0.6150293350219727
Parkinson disease,SIPA1L2,ENSG00000116991,PD_CHR01_009,40d678df691f623cbc9d6dba734fcb27,rs1326293,1,232533936,1e-17,0.8528462648391724,PICS,PICS fine-mapped credible set based on reported top hit,GCST90308590,Open Targets Platform Locus-to-Gene,signal induced proliferation associated 1 like 2,1_232533936_G_T,"{""distanceFootprintMean"":0.9979073405265808,""distanceFootprintMeanNeighbourhood"":1,""distanceSentinelFootprint"":1,""distanceSentinelFootprintNeighbourhood"":1,""distanceSentinelTss"":0.9837163090705872,""distanceSentinelTssNeighbourhood"":1,""distanceTssMean"":0.9810977578163147,""distanceTssMeanNeighbourhood"":1}","{""eQtlColocClppMaximum"":0.17201414704322815,""eQtlColocClppMaximumNeighbourhood"":1,""eQtlColocH4Maximum"":0.9956458210945129,""eQtlColocH4MaximumNeighbourhood"":1,""pQtlColocClppMaximum"":0,""pQtlColocClppMaximumNeighbourhood"":0,""pQtlColocH4Maximum"":0,""pQtlColocH4MaximumNeighbourhood"":0,""sQtlColocClppMaximum"":0.17201414704322815,""sQtlColocClppMaximumNeighbourhood"":1,""sQtlColocH4Maximum"":0.9956458210945129,""sQtlColocH4MaximumNeighbourhood"":1,""transPQtlColocH4Maximum"":0,""transPQtlColocH4MaximumNeighbourhood"":0}","{""vepMaximum"":0.3199999928474426,""vepMaximumNeighbourhood"":1,""vepMean"":0.023948632180690765,""vepMeanNeighbourhood"":1}","{""credibleSetConfidence"":0.25,""e2gMean"":0.34886428713798523,""e2gMeanNeighbourhood"":1,""geneCount500kb"":7,""proteinGeneCount500kb"":1}","{""credibleSetConfidence"":0.25,""distanceFootprintMean"":0.9979073405265808,""distanceFootprintMeanNeighbourhood"":1,""distanceSentinelFootprint"":1,""distanceSentinelFootprintNeighbourhood"":1,""distanceSentinelTss"":0.9837163090705872,""distanceSentinelTssNeighbourhood"":1,""distanceTssMean"":0.9810977578163147,""distanceTssMeanNeighbourhood"":1,""e2gMean"":0.34886428713798523,""e2gMeanNeighbourhood"":1,""eQtlColocClppMaximum"":0.17201414704322815,""eQtlColocClppMaximumNeighbourhood"":1,""eQtlColocH4Maximum"":0.9956458210945129,""eQtlColocH4MaximumNeighbourhood"":1,""geneCount500kb"":7,""pQtlColocClppMaximum"":0,""pQtlColocClppMaximumNeighbourhood"":0,""pQtlColocH4Maximum"":0,""pQtlColocH4MaximumNeighbourhood"":0,""proteinGeneCount500kb"":1,""sQtlColocClppMaximum"":0.17201414704322815,""sQtlColocClppMaximumNeighbourhood"":1,""sQtlColocH4Maximum"":0.9956458210945129,""sQtlColocH4MaximumNeighbourhood"":1,""transPQtlColocH4Maximum"":0,""transPQtlColocH4MaximumNeighbourhood"":0,""vepMaximum"":0.3199999928474426,""vepMaximumNeighbourhood"":1,""vepMean"":0.023948632180690765,""vepMeanNeighbourhood"":1}","{""credibleSetConfidence"":0.0007258484256453812,""distanceFootprintMean"":0.010812046006321907,""distanceFootprintMeanNeighbourhood"":0.019102133810520172,""distanceSentinelFootprint"":0.013377170078456402,""distanceSentinelFootprintNeighbourhood"":0.10387451946735382,""distanceSentinelTss"":-0.0011317412136122584,""distanceSentinelTssNeighbourhood"":0.10283254832029343,""distanceTssMean"":-0.00157121941447258,""distanceTssMeanNeighbourhood"":0.07707694172859192,""e2gMean"":0.019360490143299103,""e2gMeanNeighbourhood"":0.07465872168540955,""eQtlColocClppMaximum"":0.006630890071392059,""eQtlColocClppMaximumNeighbourhood"":0.018377328291535378,""eQtlColocH4Maximum"":0.015742691233754158,""eQtlColocH4MaximumNeighbourhood"":0.0191878080368042,""geneCount500kb"":0.040923092514276505,""pQtlColocClppMaximum"":-0.00015769648598507047,""pQtlColocClppMaximumNeighbourhood"":-8.460431126877666e-05,""pQtlColocH4Maximum"":-0.00019379444711375982,""pQtlColocH4MaximumNeighbourhood"":0,""proteinGeneCount500kb"":0.10343864560127258,""sQtlColocClppMaximum"":0.028592292219400406,""sQtlColocClppMaximumNeighbourhood"":0.01010830607265234,""sQtlColocH4Maximum"":0.023508746176958084,""sQtlColocH4MaximumNeighbourhood"":0.022756269201636314,""transPQtlColocH4Maximum"":-0.0006058111903257668,""transPQtlColocH4MaximumNeighbourhood"":-0.0020101547706872225,""vepMaximum"":0.002584979170933366,""vepMaximumNeighbourhood"":0.07398181408643723,""vepMean"":-0.0009520877501927316,""vepMeanNeighbourhood"":0.03249698877334595}",0.03940320387482643,GRCh38,high_prioritization,0.05,0.6150293350219727
Parkinson disease,TMEM163,ENSG00000152128,PD_CHR02_011,440112da51393d8f0d80dd493b5e915d,rs57891859,2,134707046,5e-12,0.8511537313461304,PICS,PICS fine-mapped credible set based on reported top hit,GCST90308590,Open Targets Platform Locus-to-Gene,transmembrane protein 163,2_134707046_A_G,"{""distanceFootprintMean"":0.9985766410827637,""distanceFootprintMeanNeighbourhood"":1,""distanceSentinelFootprint"":1,""distanceSentinelFootprintNeighbourhood"":1,""distanceSentinelTss"":0.998155951499939,""distanceSentinelTssNeighbourhood"":1,""distanceTssMean"":0.9967325925827026,""distanceTssMeanNeighbourhood"":1}","{""eQtlColocClppMaximum"":0,""eQtlColocClppMaximumNeighbourhood"":0,""eQtlColocH4Maximum"":0,""eQtlColocH4MaximumNeighbourhood"":0,""pQtlColocClppMaximum"":0,""pQtlColocClppMaximumNeighbourhood"":0,""pQtlColocH4Maximum"":0,""pQtlColocH4MaximumNeighbourhood"":0,""sQtlColocClppMaximum"":0,""sQtlColocClppMaximumNeighbourhood"":0,""sQtlColocH4Maximum"":0,""sQtlColocH4MaximumNeighbourhood"":0,""transPQtlColocH4Maximum"":0,""transPQtlColocH4MaximumNeighbourhood"":0}","{""vepMaximum"":0.3199999928474426,""vepMaximumNeighbourhood"":1,""vepMean"":0.31407853960990906,""vepMeanNeighbourhood"":1}","{""credibleSetConfidence"":0.25,""e2gMean"":0.9781898260116577,""e2gMeanNeighbourhood"":1,""geneCount500kb"":11,""proteinGeneCount500kb"":3}","{""credibleSetConfidence"":0.25,""distanceFootprintMean"":0.9985766410827637,""distanceFootprintMeanNeighbourhood"":1,""distanceSentinelFootprint"":1,""distanceSentinelFootprintNeighbourhood"":1,""distanceSentinelTss"":0.998155951499939,""distanceSentinelTssNeighbourhood"":1,""distanceTssMean"":0.9967325925827026,""distanceTssMeanNeighbourhood"":1,""e2gMean"":0.9781898260116577,""e2gMeanNeighbourhood"":1,""eQtlColocClppMaximum"":0,""eQtlColocClppMaximumNeighbourhood"":0,""eQtlColocH4Maximum"":0,""eQtlColocH4MaximumNeighbourhood"":0,""geneCount500kb"":11,""pQtlColocClppMaximum"":0,""pQtlColocClppMaximumNeighbourhood"":0,""pQtlColocH4Maximum"":0,""pQtlColocH4MaximumNeighbourhood"":0,""proteinGeneCount500kb"":3,""sQtlColocClppMaximum"":0,""sQtlColocClppMaximumNeighbourhood"":0,""sQtlColocH4Maximum"":0,""sQtlColocH4MaximumNeighbourhood"":0,""transPQtlColocH4Maximum"":0,""transPQtlColocH4MaximumNeighbourhood"":0,""vepMaximum"":0.3199999928474426,""vepMaximumNeighbourhood"":1,""vepMean"":0.31407853960990906,""vepMeanNeighbourhood"":1}","{""credibleSetConfidence"":0.00035751156974583864,""distanceFootprintMean"":0.010326901450753212,""distanceFootprintMeanNeighbourhood"":0.02469923347234726,""distanceSentinelFootprint"":0.015156068839132786,""distanceSentinelFootprintNeighbourhood"":0.1510896235704422,""distanceSentinelTss"":-0.008348720148205757,""distanceSentinelTssNeighbourhood"":0.10679446160793304,""distanceTssMean"":0.024116702377796173,""distanceTssMeanNeighbourhood"":0.07494144886732101,""e2gMean"":0.014548949897289276,""e2gMeanNeighbourhood"":0.07553955912590027,""eQtlColocClppMaximum"":-0.00011358382471371442,""eQtlColocClppMaximumNeighbourhood"":-0.0014977514510974288,""eQtlColocH4Maximum"":-0.0008243180345743895,""eQtlColocH4MaximumNeighbourhood"":-0.001165318419225514,""geneCount500kb"":0.03456927090883255,""pQtlColocClppMaximum"":-0.0005715203587897122,""pQtlColocClppMaximumNeighbourhood"":-0.00022312533110380173,""pQtlColocH4Maximum"":-0.0001927601988427341,""pQtlColocH4MaximumNeighbourhood"":-0.00010379540617577732,""proteinGeneCount500kb"":0.09052855521440506,""sQtlColocClppMaximum"":-0.0026200844440609217,""sQtlColocClppMaximumNeighbourhood"":-0.0005593242240138352,""sQtlColocH4Maximum"":-0.0014173747040331364,""sQtlColocH4MaximumNeighbourhood"":-0.0016684745205566287,""transPQtlColocH4Maximum"":-0.0011909030145034194,""transPQtlColocH4MaximumNeighbourhood"":-0.003653337247669697,""vepMaximum"":0.010342824272811413,""vepMaximumNeighbourhood"":0.11944001913070679,""vepMean"":0.008366357535123825,""vepMeanNeighbourhood"":0.05818738043308258}",0.0562993623316288,GRCh38,high_prioritization,0.05,0.6150293350219727
Parkinson disease,RIT2,ENSG00000152214,PD_CHR18_072,2223af89455373212794d1f533caaf40,rs4588066,18,43092999,2e-28,0.8445248007774353,PICS,PICS fine-mapped credible set based on reported top hit,GCST90308590,Open Targets Platform Locus-to-Gene,Ras like without CAAX 2,18_43092999_G_A,"{""distanceFootprintMean"":0.9999932050704956,""distanceFootprintMeanNeighbourhood"":1,""distanceSentinelFootprint"":1,""distanceSentinelFootprintNeighbourhood"":1,""distanceSentinelTss"":0.9964615106582642,""distanceSentinelTssNeighbourhood"":1,""distanceTssMean"":0.9966709017753601,""distanceTssMeanNeighbourhood"":1}","{""eQtlColocClppMaximum"":0,""eQtlColocClppMaximumNeighbourhood"":0,""eQtlColocH4Maximum"":0,""eQtlColocH4MaximumNeighbourhood"":0,""pQtlColocClppMaximum"":0,""pQtlColocClppMaximumNeighbourhood"":0,""pQtlColocH4Maximum"":0,""pQtlColocH4MaximumNeighbourhood"":0,""sQtlColocClppMaximum"":0,""sQtlColocClppMaximumNeighbourhood"":0,""sQtlColocH4Maximum"":0,""sQtlColocH4MaximumNeighbourhood"":0,""transPQtlColocH4Maximum"":0,""transPQtlColocH4MaximumNeighbourhood"":0}","{""vepMaximum"":0.3199999928474426,""vepMaximumNeighbourhood"":1,""vepMean"":0.10665716230869293,""vepMeanNeighbourhood"":1}","{""credibleSetConfidence"":0.25,""e2gMean"":0.49038898944854736,""e2gMeanNeighbourhood"":1,""geneCount500kb"":3,""proteinGeneCount500kb"":2}","{""credibleSetConfidence"":0.25,""distanceFootprintMean"":0.9999932050704956,""distanceFootprintMeanNeighbourhood"":1,""distanceSentinelFootprint"":1,""distanceSentinelFootprintNeighbourhood"":1,""distanceSentinelTss"":0.9964615106582642,""distanceSentinelTssNeighbourhood"":1,""distanceTssMean"":0.9966709017753601,""distanceTssMeanNeighbourhood"":1,""e2gMean"":0.49038898944854736,""e2gMeanNeighbourhood"":1,""eQtlColocClppMaximum"":0,""eQtlColocClppMaximumNeighbourhood"":0,""eQtlColocH4Maximum"":0,""eQtlColocH4MaximumNeighbourhood"":0,""geneCount500kb"":3,""pQtlColocClppMaximum"":0,""pQtlColocClppMaximumNeighbourhood"":0,""pQtlColocH4Maximum"":0,""pQtlColocH4MaximumNeighbourhood"":0,""proteinGeneCount500kb"":2,""sQtlColocClppMaximum"":0,""sQtlColocClppMaximumNeighbourhood"":0,""sQtlColocH4Maximum"":0,""sQtlColocH4MaximumNeighbourhood"":0,""transPQtlColocH4Maximum"":0,""transPQtlColocH4MaximumNeighbourhood"":0,""vepMaximum"":0.3199999928474426,""vepMaximumNeighbourhood"":1,""vepMean"":0.10665716230869293,""vepMeanNeighbourhood"":1}","{""credibleSetConfidence"":0.0007214266224764287,""distanceFootprintMean"":0.005941456183791161,""distanceFootprintMeanNeighbourhood"":0.025321511551737785,""distanceSentinelFootprint"":0.015167202800512314,""distanceSentinelFootprintNeighbourhood"":0.1555575728416443,""distanceSentinelTss"":-0.006047144066542387,""distanceSentinelTssNeighbourhood"":0.11673135310411453,""distanceTssMean"":0.025345144793391228,""distanceTssMeanNeighbourhood"":0.061966683715581894,""e2gMean"":0.010124090127646923,""e2gMeanNeighbourhood"":0.07024136185646057,""eQtlColocClppMaximum"":5.507847527042031e-05,""eQtlColocClppMaximumNeighbourhood"":-0.0005265652434900403,""eQtlColocH4Maximum"":-0.00031648625736124814,""eQtlColocH4MaximumNeighbourhood"":-0.0004801170725841075,""geneCount500kb"":0.045341115444898605,""pQtlColocClppMaximum"":-0.002189280930906534,""pQtlColocClppMaximumNeighbourhood"":-0.0011378780473023653,""pQtlColocH4Maximum"":-0.0009679564391262829,""pQtlColocH4MaximumNeighbourhood"":-0.00034028783557005227,""proteinGeneCount500kb"":0.11246434599161148,""sQtlColocClppMaximum"":-0.0012589441612362862,""sQtlColocClppMaximumNeighbourhood"":-0.00013931101420894265,""sQtlColocH4Maximum"":-0.0006219573551788926,""sQtlColocH4MaximumNeighbourhood"":-0.0005052158958278596,""transPQtlColocH4Maximum"":-0.0008123831357806921,""transPQtlColocH4MaximumNeighbourhood"":-0.002091147704049945,""vepMaximum"":0.007339879404753447,""vepMaximumNeighbourhood"":0.09306531399488449,""vepMean"":0.0026690885424613953,""vepMeanNeighbourhood"":0.06131383776664734}",0.05259302631020546,GRCh38,high_prioritization,0.05,0.6150293350219727
Parkinson disease,CTSB,ENSG00000164733,PD_CHR08_035,1cd39541c9ad8cbe5d0e944a08f8f2eb,rs1293298,8,11854934,2e-14,0.8426995277404785,PICS,PICS fine-mapped credible set based on reported top hit,GCST90308590,Open Targets Platform Locus-to-Gene,cathepsin B,8_11854934_A_C,"{""distanceFootprintMean"":0.9964266419410706,""distanceFootprintMeanNeighbourhood"":1,""distanceSentinelFootprint"":1,""distanceSentinelFootprintNeighbourhood"":1,""distanceSentinelTss"":0.9979684948921204,""distanceSentinelTssNeighbourhood"":1,""distanceTssMean"":0.9938400387763977,""distanceTssMeanNeighbourhood"":1}","{""eQtlColocClppMaximum"":0.2855340540409088,""eQtlColocClppMaximumNeighbourhood"":1,""eQtlColocH4Maximum"":0.997829020023346,""eQtlColocH4MaximumNeighbourhood"":1,""pQtlColocClppMaximum"":0.011152771301567554,""pQtlColocClppMaximumNeighbourhood"":1,""pQtlColocH4Maximum"":0.9240765571594238,""pQtlColocH4MaximumNeighbourhood"":1,""sQtlColocClppMaximum"":0.12252160161733627,""sQtlColocClppMaximumNeighbourhood"":1,""sQtlColocH4Maximum"":0.9936397671699524,""sQtlColocH4MaximumNeighbourhood"":1,""transPQtlColocH4Maximum"":0,""transPQtlColocH4MaximumNeighbourhood"":0}","{""vepMaximum"":0.3700000047683716,""vepMaximumNeighbourhood"":1,""vepMean"":0.008181576617062092,""vepMeanNeighbourhood"":1}","{""credibleSetConfidence"":0.25,""e2gMean"":0.30516210198402405,""e2gMeanNeighbourhood"":1,""geneCount500kb"":31,""proteinGeneCount500kb"":9}","{""credibleSetConfidence"":0.25,""distanceFootprintMean"":0.9964266419410706,""distanceFootprintMeanNeighbourhood"":1,""distanceSentinelFootprint"":1,""distanceSentinelFootprintNeighbourhood"":1,""distanceSentinelTss"":0.9979684948921204,""distanceSentinelTssNeighbourhood"":1,""distanceTssMean"":0.9938400387763977,""distanceTssMeanNeighbourhood"":1,""e2gMean"":0.30516210198402405,""e2gMeanNeighbourhood"":1,""eQtlColocClppMaximum"":0.2855340540409088,""eQtlColocClppMaximumNeighbourhood"":1,""eQtlColocH4Maximum"":0.997829020023346,""eQtlColocH4MaximumNeighbourhood"":1,""geneCount500kb"":31,""pQtlColocClppMaximum"":0.011152771301567554,""pQtlColocClppMaximumNeighbourhood"":1,""pQtlColocH4Maximum"":0.9240765571594238,""pQtlColocH4MaximumNeighbourhood"":1,""proteinGeneCount500kb"":9,""sQtlColocClppMaximum"":0.12252160161733627,""sQtlColocClppMaximumNeighbourhood"":1,""sQtlColocH4Maximum"":0.9936397671699524,""sQtlColocH4MaximumNeighbourhood"":1,""transPQtlColocH4Maximum"":0,""transPQtlColocH4MaximumNeighbourhood"":0,""vepMaximum"":0.3700000047683716,""vepMaximumNeighbourhood"":1,""vepMean"":0.008181576617062092,""vepMeanNeighbourhood"":1}","{""credibleSetConfidence"":0.0009578035678714514,""distanceFootprintMean"":0.015234633348882198,""distanceFootprintMeanNeighbourhood"":0.022706545889377594,""distanceSentinelFootprint"":0.002194245345890522,""distanceSentinelFootprintNeighbourhood"":0.08733851462602615,""distanceSentinelTss"":-0.006252789869904518,""distanceSentinelTssNeighbourhood"":0.11487443745136261,""distanceTssMean"":0.013238046318292618,""distanceTssMeanNeighbourhood"":0.05025814101099968,""e2gMean"":0.023364458233118057,""e2gMeanNeighbourhood"":0.07748645544052124,""eQtlColocClppMaximum"":0.016582565382122993,""eQtlColocClppMaximumNeighbourhood"":0.019888484850525856,""eQtlColocH4Maximum"":0.015304268337786198,""eQtlColocH4MaximumNeighbourhood"":0.022917211055755615,""geneCount500kb"":-0.00041681426228024065,""pQtlColocClppMaximum"":0.05862171947956085,""pQtlColocClppMaximumNeighbourhood"":0.061054475605487823,""pQtlColocH4Maximum"":0.02555219829082489,""pQtlColocH4MaximumNeighbourhood"":0.014129717834293842,""proteinGeneCount500kb"":0.0016979301581159234,""sQtlColocClppMaximum"":0.029018361121416092,""sQtlColocClppMaximumNeighbourhood"":0.007693813182413578,""sQtlColocH4Maximum"":0.015356271527707577,""sQtlColocH4MaximumNeighbourhood"":0.023766735568642616,""transPQtlColocH4Maximum"":-0.00028407704667188227,""transPQtlColocH4MaximumNeighbourhood"":-0.0008495228830724955,""vepMaximum"":0.015893539413809776,""vepMaximumNeighbourhood"":0.04954078793525696,""vepMean"":-0.017854338511824608,""vepMeanNeighbourhood"":0.014899034053087234}",0.06878669559955597,GRCh38,high_prioritization,0.05,0.6150293350219727
Parkinson disease,STK39,ENSG00000198648,PD_CHR02_012,d8eff9af6b3bf50e76800c339580e801,rs12987123,2,168264031,4e-42,0.8421160578727722,PICS,PICS fine-mapped credible set based on reported top hit,GCST90308590,Open Targets Platform Locus-to-Gene,serine/threonine kinase 39,2_168264031_A_T,"{""distanceFootprintMean"":0.9940801858901978,""distanceFootprintMeanNeighbourhood"":1,""distanceSentinelFootprint"":0.9974528551101685,""distanceSentinelFootprintNeighbourhood"":1,""distanceSentinelTss"":0.9974528551101685,""distanceSentinelTssNeighbourhood"":1,""distanceTssMean"":0.9940801858901978,""distanceTssMeanNeighbourhood"":1}","{""eQtlColocClppMaximum"":0.12118011713027954,""eQtlColocClppMaximumNeighbourhood"":1,""eQtlColocH4Maximum"":0.9935750365257263,""eQtlColocH4MaximumNeighbourhood"":1,""pQtlColocClppMaximum"":0,""pQtlColocClppMaximumNeighbourhood"":0,""pQtlColocH4Maximum"":0,""pQtlColocH4MaximumNeighbourhood"":0,""sQtlColocClppMaximum"":0,""sQtlColocClppMaximumNeighbourhood"":0,""sQtlColocH4Maximum"":0,""sQtlColocH4MaximumNeighbourhood"":0,""transPQtlColocH4Maximum"":0,""transPQtlColocH4MaximumNeighbourhood"":0}","{""vepMaximum"":0.2199999988079071,""vepMaximumNeighbourhood"":1,""vepMean"":0.034921690821647644,""vepMeanNeighbourhood"":1}","{""credibleSetConfidence"":0.25,""e2gMean"":0.024961097165942192,""e2gMeanNeighbourhood"":1,""geneCount500kb"":6,""proteinGeneCount500kb"":2}","{""credibleSetConfidence"":0.25,""distanceFootprintMean"":0.9940801858901978,""distanceFootprintMeanNeighbourhood"":1,""distanceSentinelFootprint"":0.9974528551101685,""distanceSentinelFootprintNeighbourhood"":1,""distanceSentinelTss"":0.9974528551101685,""distanceSentinelTssNeighbourhood"":1,""distanceTssMean"":0.9940801858901978,""distanceTssMeanNeighbourhood"":1,""e2gMean"":0.024961097165942192,""e2gMeanNeighbourhood"":1,""eQtlColocClppMaximum"":0.12118011713027954,""eQtlColocClppMaximumNeighbourhood"":1,""eQtlColocH4Maximum"":0.9935750365257263,""eQtlColocH4MaximumNeighbourhood"":1,""geneCount500kb"":6,""pQtlColocClppMaximum"":0,""pQtlColocClppMaximumNeighbourhood"":0,""pQtlColocH4Maximum"":0,""pQtlColocH4MaximumNeighbourhood"":0,""proteinGeneCount500kb"":2,""sQtlColocClppMaximum"":0,""sQtlColocClppMaximumNeighbourhood"":0,""sQtlColocH4Maximum"":0,""sQtlColocH4MaximumNeighbourhood"":0,""transPQtlColocH4Maximum"":0,""transPQtlColocH4MaximumNeighbourhood"":0,""vepMaximum"":0.2199999988079071,""vepMaximumNeighbourhood"":1,""vepMean"":0.034921690821647644,""vepMeanNeighbourhood"":1}","{""credibleSetConfidence"":6.150813715066761e-05,""distanceFootprintMean"":-0.004018659237772226,""distanceFootprintMeanNeighbourhood"":0.019395291805267334,""distanceSentinelFootprint"":-0.004061486106365919,""distanceSentinelFootprintNeighbourhood"":0.12034311890602112,""distanceSentinelTss"":-0.0030983276665210724,""distanceSentinelTssNeighbourhood"":0.12174399942159653,""distanceTssMean"":0.02129841409623623,""distanceTssMeanNeighbourhood"":0.07086081802845001,""e2gMean"":0.007287566550076008,""e2gMeanNeighbourhood"":0.0885804146528244,""eQtlColocClppMaximum"":0.005338375456631184,""eQtlColocClppMaximumNeighbourhood"":0.017520662397146225,""eQtlColocH4Maximum"":0.014828670769929886,""eQtlColocH4MaximumNeighbourhood"":0.014659195207059383,""geneCount500kb"":0.04297100007534027,""pQtlColocClppMaximum"":-0.0017097215168178082,""pQtlColocClppMaximumNeighbourhood"":-0.00048788392450660467,""pQtlColocH4Maximum"":-0.00098605512175709,""pQtlColocH4MaximumNeighbourhood"":-6.021161243552342e-05,""proteinGeneCount500kb"":0.08891917765140533,""sQtlColocClppMaximum"":-0.0008398857316933572,""sQtlColocClppMaximumNeighbourhood"":-0.0005104794981889427,""sQtlColocH4Maximum"":-0.0007536369375884533,""sQtlColocH4MaximumNeighbourhood"":3.2968560844892636e-05,""transPQtlColocH4Maximum"":-0.0007999016670510173,""transPQtlColocH4MaximumNeighbourhood"":-0.002421426121145487,""vepMaximum"":-0.0024460009299218655,""vepMaximumNeighbourhood"":0.06703544408082962,""vepMean"":0.0011733530554920435,""vepMeanNeighbourhood"":0.04659634828567505}",0.11566341668367386,GRCh38,high_prioritization,0.05,0.6150293350219727
Parkinson disease,IGSF9B,ENSG00000080854,PD_CHR11_045,5dd6ec393088e0e55eb1cf0664f32415,rs3802920,11,133917106,8.999999999999999e-20,0.8415665030479431,PICS,PICS fine-mapped credible set based on reported top hit,GCST90308590,Open Targets Platform Locus-to-Gene,immunoglobulin superfamily member 9B,11_133917106_G_T,"{""distanceFootprintMean"":0.9991629123687744,""distanceFootprintMeanNeighbourhood"":1,""distanceSentinelFootprint"":1,""distanceSentinelFootprintNeighbourhood"":1,""distanceSentinelTss"":0.9936687350273132,""distanceSentinelTssNeighbourhood"":1,""distanceTssMean"":0.9924924373626709,""distanceTssMeanNeighbourhood"":1}","{""eQtlColocClppMaximum"":0,""eQtlColocClppMaximumNeighbourhood"":0,""eQtlColocH4Maximum"":0,""eQtlColocH4MaximumNeighbourhood"":0,""pQtlColocClppMaximum"":0,""pQtlColocClppMaximumNeighbourhood"":0,""pQtlColocH4Maximum"":0,""pQtlColocH4MaximumNeighbourhood"":0,""sQtlColocClppMaximum"":0,""sQtlColocClppMaximumNeighbourhood"":0,""sQtlColocH4Maximum"":0,""sQtlColocH4MaximumNeighbourhood"":0,""transPQtlColocH4Maximum"":0,""transPQtlColocH4MaximumNeighbourhood"":0}","{""vepMaximum"":0.3700000047683716,""vepMaximumNeighbourhood"":1,""vepMean"":0.053584106266498566,""vepMeanNeighbourhood"":1}","{""credibleSetConfidence"":0.25,""e2gMean"":0,""e2gMeanNeighbourhood"":0,""geneCount500kb"":17,""proteinGeneCount500kb"":3}","{""credibleSetConfidence"":0.25,""distanceFootprintMean"":0.9991629123687744,""distanceFootprintMeanNeighbourhood"":1,""distanceSentinelFootprint"":1,""distanceSentinelFootprintNeighbourhood"":1,""distanceSentinelTss"":0.9936687350273132,""distanceSentinelTssNeighbourhood"":1,""distanceTssMean"":0.9924924373626709,""distanceTssMeanNeighbourhood"":1,""e2gMean"":0,""e2gMeanNeighbourhood"":0,""eQtlColocClppMaximum"":0,""eQtlColocClppMaximumNeighbourhood"":0,""eQtlColocH4Maximum"":0,""eQtlColocH4MaximumNeighbourhood"":0,""geneCount500kb"":17,""pQtlColocClppMaximum"":0,""pQtlColocClppMaximumNeighbourhood"":0,""pQtlColocH4Maximum"":0,""pQtlColocH4MaximumNeighbourhood"":0,""proteinGeneCount500kb"":3,""sQtlColocClppMaximum"":0,""sQtlColocClppMaximumNeighbourhood"":0,""sQtlColocH4Maximum"":0,""sQtlColocH4MaximumNeighbourhood"":0,""transPQtlColocH4Maximum"":0,""transPQtlColocH4MaximumNeighbourhood"":0,""vepMaximum"":0.3700000047683716,""vepMaximumNeighbourhood"":1,""vepMean"":0.053584106266498566,""vepMeanNeighbourhood"":1}","{""credibleSetConfidence"":0.00023261448950506747,""distanceFootprintMean"":0.019095269963145256,""distanceFootprintMeanNeighbourhood"":0.016888108104467392,""distanceSentinelFootprint"":0.031299903988838196,""distanceSentinelFootprintNeighbourhood"":0.15655861794948578,""distanceSentinelTss"":-0.005445261485874653,""distanceSentinelTssNeighbourhood"":0.14097152650356293,""distanceTssMean"":0.017959099262952805,""distanceTssMeanNeighbourhood"":0.076541468501091,""e2gMean"":-0.00022164803522173315,""e2gMeanNeighbourhood"":-0.0007578931399621069,""eQtlColocClppMaximum"":9.198746556648985e-05,""eQtlColocClppMaximumNeighbourhood"":-0.0003143435751553625,""eQtlColocH4Maximum"":-1.2609831401277916e-06,""eQtlColocH4MaximumNeighbourhood"":-0.0003412491932976991,""geneCount500kb"":0.021220676600933075,""pQtlColocClppMaximum"":-0.0011552609503269196,""pQtlColocClppMaximumNeighbourhood"":-0.00024387703160755336,""pQtlColocH4Maximum"":-0.00039005474536679685,""pQtlColocH4MaximumNeighbourhood"":-8.61235021147877e-05,""proteinGeneCount500kb"":0.08498767018318176,""sQtlColocClppMaximum"":-0.0001491833245381713,""sQtlColocClppMaximumNeighbourhood"":-1.804986095521599e-05,""sQtlColocH4Maximum"":-6.615152960876003e-05,""sQtlColocH4MaximumNeighbourhood"":-5.868339940207079e-05,""transPQtlColocH4Maximum"":-0.0012871731305494905,""transPQtlColocH4MaximumNeighbourhood"":-0.0045443810522556305,""vepMaximum"":0.04066303372383118,""vepMaximumNeighbourhood"":0.11546723544597626,""vepMean"":-0.0033372018951922655,""vepMeanNeighbourhood"":0.07717079669237137}",0.06083634868264198,GRCh38,high_prioritization,0.05,0.6150293350219727
Parkinson disease,CCSER1,ENSG00000184305,PD_CHR04_024,14648e8c292380917802dc831f614f56,rs75541595,4,90290373,2.9999999999999996e-24,0.8328624963760376,PICS,PICS fine-mapped credible set based on reported top hit,GCST90308590,Open Targets Platform Locus-to-Gene,coiled-coil serine rich protein 1,4_90290373_G_A,"{""distanceFootprintMean"":0.999927818775177,""distanceFootprintMeanNeighbourhood"":1,""distanceSentinelFootprint"":1,""distanceSentinelFootprintNeighbourhood"":1,""distanceSentinelTss"":0.9699397087097168,""distanceSentinelTssNeighbourhood"":1,""distanceTssMean"":0.9738722443580627,""distanceTssMeanNeighbourhood"":1}","{""eQtlColocClppMaximum"":0,""eQtlColocClppMaximumNeighbourhood"":0,""eQtlColocH4Maximum"":0,""eQtlColocH4MaximumNeighbourhood"":0,""pQtlColocClppMaximum"":0,""pQtlColocClppMaximumNeighbourhood"":0,""pQtlColocH4Maximum"":0,""pQtlColocH4MaximumNeighbourhood"":0,""sQtlColocClppMaximum"":0,""sQtlColocClppMaximumNeighbourhood"":0,""sQtlColocH4Maximum"":0,""sQtlColocH4MaximumNeighbourhood"":0,""transPQtlColocH4Maximum"":0,""transPQtlColocH4MaximumNeighbourhood"":0}","{""vepMaximum"":0.3199999928474426,""vepMaximumNeighbourhood"":1,""vepMean"":0.07992423325777054,""vepMeanNeighbourhood"":1}","{""credibleSetConfidence"":0.25,""e2gMean"":0,""e2gMeanNeighbourhood"":0,""geneCount500kb"":3,""proteinGeneCount500kb"":1}","{""credibleSetConfidence"":0.25,""distanceFootprintMean"":0.999927818775177,""distanceFootprintMeanNeighbourhood"":1,""distanceSentinelFootprint"":1,""distanceSentinelFootprintNeighbourhood"":1,""distanceSentinelTss"":0.9699397087097168,""distanceSentinelTssNeighbourhood"":1,""distanceTssMean"":0.9738722443580627,""distanceTssMeanNeighbourhood"":1,""e2gMean"":0,""e2gMeanNeighbourhood"":0,""eQtlColocClppMaximum"":0,""eQtlColocClppMaximumNeighbourhood"":0,""eQtlColocH4Maximum"":0,""eQtlColocH4MaximumNeighbourhood"":0,""geneCount500kb"":3,""pQtlColocClppMaximum"":0,""pQtlColocClppMaximumNeighbourhood"":0,""pQtlColocH4Maximum"":0,""pQtlColocH4MaximumNeighbourhood"":0,""proteinGeneCount500kb"":1,""sQtlColocClppMaximum"":0,""sQtlColocClppMaximumNeighbourhood"":0,""sQtlColocH4Maximum"":0,""sQtlColocH4MaximumNeighbourhood"":0,""transPQtlColocH4Maximum"":0,""transPQtlColocH4MaximumNeighbourhood"":0,""vepMaximum"":0.3199999928474426,""vepMaximumNeighbourhood"":1,""vepMean"":0.07992423325777054,""vepMeanNeighbourhood"":1}","{""credibleSetConfidence"":0.0005747133982367814,""distanceFootprintMean"":0.015646468847990036,""distanceFootprintMeanNeighbourhood"":0.014247525483369827,""distanceSentinelFootprint"":0.03048260696232319,""distanceSentinelFootprintNeighbourhood"":0.12720036506652832,""distanceSentinelTss"":0.014483056031167507,""distanceSentinelTssNeighbourhood"":0.12532182037830353,""distanceTssMean"":-0.0010861658956855536,""distanceTssMeanNeighbourhood"":0.08567795157432556,""e2gMean"":-0.0009405096643604338,""e2gMeanNeighbourhood"":-0.003288999432697892,""eQtlColocClppMaximum"":-0.0004073524323757738,""eQtlColocClppMaximumNeighbourhood"":-0.0013924245722591877,""eQtlColocH4Maximum"":-0.0006929393275640905,""eQtlColocH4MaximumNeighbourhood"":-0.001135610626079142,""geneCount500kb"":0.05516338720917702,""pQtlColocClppMaximum"":-0.0011684808414429426,""pQtlColocClppMaximumNeighbourhood"":-0.00032034970354288816,""pQtlColocH4Maximum"":-0.0005499886465258896,""pQtlColocH4MaximumNeighbourhood"":-9.579020843375474e-05,""proteinGeneCount500kb"":0.1451677680015564,""sQtlColocClppMaximum"":-0.0015544283669441938,""sQtlColocClppMaximumNeighbourhood"":-0.0007750022341497242,""sQtlColocH4Maximum"":-0.0010162745602428913,""sQtlColocH4MaximumNeighbourhood"":-0.0011957627721130848,""transPQtlColocH4Maximum"":-0.0006466793129220605,""transPQtlColocH4MaximumNeighbourhood"":-0.0023180381394922733,""vepMaximum"":0.011460978537797928,""vepMaximumNeighbourhood"":0.09207134693861008,""vepMean"":0.002690558787435293,""vepMeanNeighbourhood"":0.07264090329408646}",0.05861789733171463,GRCh38,high_prioritization,0.05,0.6150293350219727
Parkinson disease,CLCN3,ENSG00000109572,PD_CHR04_026,27fbf89e6668fc09644f795c52ea42f7,rs7434295,4,169642795,2e-11,0.8020431399345398,PICS,PICS fine-mapped credible set based on reported top hit,GCST90308590,Open Targets Platform Locus-to-Gene,Cl-/H+ antiporter 3,4_169642795_C_T,"{""distanceFootprintMean"":0.9961166977882385,""distanceFootprintMeanNeighbourhood"":1,""distanceSentinelFootprint"":1,""distanceSentinelFootprintNeighbourhood"":1,""distanceSentinelTss"":0.996536374092102,""distanceSentinelTssNeighbourhood"":1,""distanceTssMean"":0.9917921423912048,""distanceTssMeanNeighbourhood"":1}","{""eQtlColocClppMaximum"":0.001176617108285427,""eQtlColocClppMaximumNeighbourhood"":1,""eQtlColocH4Maximum"":0.5661594867706299,""eQtlColocH4MaximumNeighbourhood"":1,""pQtlColocClppMaximum"":0,""pQtlColocClppMaximumNeighbourhood"":0,""pQtlColocH4Maximum"":0,""pQtlColocH4MaximumNeighbourhood"":0,""sQtlColocClppMaximum"":0.001143821282312274,""sQtlColocClppMaximumNeighbourhood"":1,""sQtlColocH4Maximum"":0.5591945052146912,""sQtlColocH4MaximumNeighbourhood"":1,""transPQtlColocH4Maximum"":0,""transPQtlColocH4MaximumNeighbourhood"":0}","{""vepMaximum"":0.3199999928474426,""vepMaximumNeighbourhood"":1,""vepMean"":0.006610911805182695,""vepMeanNeighbourhood"":1}","{""credibleSetConfidence"":0.25,""e2gMean"":0.0016812753165140748,""e2gMeanNeighbourhood"":1,""geneCount500kb"":11,""proteinGeneCount500kb"":3}","{""credibleSetConfidence"":0.25,""distanceFootprintMean"":0.9961166977882385,""distanceFootprintMeanNeighbourhood"":1,""distanceSentinelFootprint"":1,""distanceSentinelFootprintNeighbourhood"":1,""distanceSentinelTss"":0.996536374092102,""distanceSentinelTssNeighbourhood"":1,""distanceTssMean"":0.9917921423912048,""distanceTssMeanNeighbourhood"":1,""e2gMean"":0.0016812753165140748,""e2gMeanNeighbourhood"":1,""eQtlColocClppMaximum"":0.001176617108285427,""eQtlColocClppMaximumNeighbourhood"":1,""eQtlColocH4Maximum"":0.5661594867706299,""eQtlColocH4MaximumNeighbourhood"":1,""geneCount500kb"":11,""pQtlColocClppMaximum"":0,""pQtlColocClppMaximumNeighbourhood"":0,""pQtlColocH4Maximum"":0,""pQtlColocH4MaximumNeighbourhood"":0,""proteinGeneCount500kb"":3,""sQtlColocClppMaximum"":0.001143821282312274,""sQtlColocClppMaximumNeighbourhood"":1,""sQtlColocH4Maximum"":0.5591945052146912,""sQtlColocH4MaximumNeighbourhood"":1,""transPQtlColocH4Maximum"":0,""transPQtlColocH4MaximumNeighbourhood"":0,""vepMaximum"":0.3199999928474426,""vepMaximumNeighbourhood"":1,""vepMean"":0.006610911805182695,""vepMeanNeighbourhood"":1}","{""credibleSetConfidence"":0.0009917450370267034,""distanceFootprintMean"":0.00824837014079094,""distanceFootprintMeanNeighbourhood"":0.01897488348186016,""distanceSentinelFootprint"":0.00980998482555151,""distanceSentinelFootprintNeighbourhood"":0.1003744900226593,""distanceSentinelTss"":-0.0020126604940742254,""distanceSentinelTssNeighbourhood"":0.11679449677467346,""distanceTssMean"":0.003852704307064414,""distanceTssMeanNeighbourhood"":0.07294104248285294,""e2gMean"":-0.001169365830719471,""e2gMeanNeighbourhood"":0.0699828714132309,""eQtlColocClppMaximum"":0.0016868097009137273,""eQtlColocClppMaximumNeighbourhood"":0.019067183136940002,""eQtlColocH4Maximum"":-0.0010674491059035063,""eQtlColocH4MaximumNeighbourhood"":0.018487004563212395,""geneCount500kb"":0.03570694476366043,""pQtlColocClppMaximum"":-0.001827346277423203,""pQtlColocClppMaximumNeighbourhood"":-0.0010368152288720012,""pQtlColocH4Maximum"":-0.0007376086432486773,""pQtlColocH4MaximumNeighbourhood"":-0.00018162363267038018,""proteinGeneCount500kb"":0.07015088945627213,""sQtlColocClppMaximum"":-0.0037484627682715654,""sQtlColocClppMaximumNeighbourhood"":0.010947155766189098,""sQtlColocH4Maximum"":-0.001634022337384522,""sQtlColocH4MaximumNeighbourhood"":0.014754129573702812,""transPQtlColocH4Maximum"":-0.0008144680177792907,""transPQtlColocH4MaximumNeighbourhood"":-0.003710831282660365,""vepMaximum"":0.004251507110893726,""vepMaximumNeighbourhood"":0.09225981682538986,""vepMean"":0.0020321898628026247,""vepMeanNeighbourhood"":0.04980894550681114}",0.09886063635349274,GRCh38,high_prioritization,0.05,0.6150293350219727
Parkinson disease,BST1,ENSG00000109743,PD_CHR04_021,4a2c27b955e21a147ccc9b58ee7fa86d,rs4698412,4,15735725,6e-33,0.8018874526023865,PICS,PICS fine-mapped credible set based on reported top hit,GCST90308590,Open Targets Platform Locus-to-Gene,bone marrow stromal cell antigen 1,4_15735725_G_A,"{""distanceFootprintMean"":0.9975675344467163,""distanceFootprintMeanNeighbourhood"":1,""distanceSentinelFootprint"":0.9995508790016174,""distanceSentinelFootprintNeighbourhood"":1,""distanceSentinelTss"":0.9948522448539734,""distanceSentinelTssNeighbourhood"":1,""distanceTssMean"":0.9929369688034058,""distanceTssMeanNeighbourhood"":1}","{""eQtlColocClppMaximum"":0.19973808526992798,""eQtlColocClppMaximumNeighbourhood"":0.7731707096099854,""eQtlColocH4Maximum"":0.9963816404342651,""eQtlColocH4MaximumNeighbourhood"":0.9989532232284546,""pQtlColocClppMaximum"":0,""pQtlColocClppMaximumNeighbourhood"":0,""pQtlColocH4Maximum"":0,""pQtlColocH4MaximumNeighbourhood"":0,""sQtlColocClppMaximum"":0.21524153649806976,""sQtlColocClppMaximumNeighbourhood"":1,""sQtlColocH4Maximum"":0.9967129230499268,""sQtlColocH4MaximumNeighbourhood"":1,""transPQtlColocH4Maximum"":0,""transPQtlColocH4MaximumNeighbourhood"":0}","{""vepMaximum"":0.3199999928474426,""vepMaximumNeighbourhood"":1,""vepMean"":0.05161505192518234,""vepMeanNeighbourhood"":0.9637231230735779}","{""credibleSetConfidence"":0.25,""e2gMean"":0,""e2gMeanNeighbourhood"":0,""geneCount500kb"":18,""proteinGeneCount500kb"":6}","{""credibleSetConfidence"":0.25,""distanceFootprintMean"":0.9975675344467163,""distanceFootprintMeanNeighbourhood"":1,""distanceSentinelFootprint"":0.9995508790016174,""distanceSentinelFootprintNeighbourhood"":1,""distanceSentinelTss"":0.9948522448539734,""distanceSentinelTssNeighbourhood"":1,""distanceTssMean"":0.9929369688034058,""distanceTssMeanNeighbourhood"":1,""e2gMean"":0,""e2gMeanNeighbourhood"":0,""eQtlColocClppMaximum"":0.19973808526992798,""eQtlColocClppMaximumNeighbourhood"":0.7731707096099854,""eQtlColocH4Maximum"":0.9963816404342651,""eQtlColocH4MaximumNeighbourhood"":0.9989532232284546,""geneCount500kb"":18,""pQtlColocClppMaximum"":0,""pQtlColocClppMaximumNeighbourhood"":0,""pQtlColocH4Maximum"":0,""pQtlColocH4MaximumNeighbourhood"":0,""proteinGeneCount500kb"":6,""sQtlColocClppMaximum"":0.21524153649806976,""sQtlColocClppMaximumNeighbourhood"":1,""sQtlColocH4Maximum"":0.9967129230499268,""sQtlColocH4MaximumNeighbourhood"":1,""transPQtlColocH4Maximum"":0,""transPQtlColocH4MaximumNeighbourhood"":0,""vepMaximum"":0.3199999928474426,""vepMaximumNeighbourhood"":1,""vepMean"":0.05161505192518234,""vepMeanNeighbourhood"":0.9637231230735779}","{""credibleSetConfidence"":0.0002616029523778707,""distanceFootprintMean"":0.017434194684028625,""distanceFootprintMeanNeighbourhood"":0.019819796085357666,""distanceSentinelFootprint"":0.015345534309744835,""distanceSentinelFootprintNeighbourhood"":0.12212588638067245,""distanceSentinelTss"":-0.007927359081804752,""distanceSentinelTssNeighbourhood"":0.14826902747154236,""distanceTssMean"":0.010781124234199524,""distanceTssMeanNeighbourhood"":0.08366493135690689,""e2gMean"":-0.0012142915511503816,""e2gMeanNeighbourhood"":-0.002451095264405012,""eQtlColocClppMaximum"":0.015051743946969509,""eQtlColocClppMaximumNeighbourhood"":0.021938560530543327,""eQtlColocH4Maximum"":0.020993543788790703,""eQtlColocH4MaximumNeighbourhood"":0.01680346019566059,""geneCount500kb"":0.019885757938027382,""pQtlColocClppMaximum"":-0.0013767093187198043,""pQtlColocClppMaximumNeighbourhood"":-0.00037414286634884775,""pQtlColocH4Maximum"":-0.0010496409377083182,""pQtlColocH4MaximumNeighbourhood"":0,""proteinGeneCount500kb"":0.04150322824716568,""sQtlColocClppMaximum"":0.03497966751456261,""sQtlColocClppMaximumNeighbourhood"":0.012547139078378677,""sQtlColocH4Maximum"":0.024813292548060417,""sQtlColocH4MaximumNeighbourhood"":0.017374470829963684,""transPQtlColocH4Maximum"":0,""transPQtlColocH4MaximumNeighbourhood"":0,""vepMaximum"":0.008687603287398815,""vepMaximumNeighbourhood"":0.09332707524299622,""vepMean"":-0.004561046604067087,""vepMeanNeighbourhood"":0.0337955579161644}",0.04143852740526199,GRCh38,high_prioritization,0.05,0.6150293350219727
Parkinson disease,TMEM175,ENSG00000127419,PD_CHR04_020,c54fb958fa227c40069441cd9d03aa2a,rs34311866,4,958159,5e-75,0.7957037091255188,PICS,PICS fine-mapped credible set based on reported top hit,GCST90308590,Open Targets Platform Locus-to-Gene,transmembrane protein 175,4_958159_T_C,"{""distanceFootprintMean"":1,""distanceFootprintMeanNeighbourhood"":1,""distanceSentinelFootprint"":1,""distanceSentinelFootprintNeighbourhood"":1,""distanceSentinelTss"":0.9959789514541626,""distanceSentinelTssNeighbourhood"":0.9983606338500977,""distanceTssMean"":0.9959789514541626,""distanceTssMeanNeighbourhood"":0.9983606338500977}","{""eQtlColocClppMaximum"":0,""eQtlColocClppMaximumNeighbourhood"":0,""eQtlColocH4Maximum"":0,""eQtlColocH4MaximumNeighbourhood"":0,""pQtlColocClppMaximum"":0,""pQtlColocClppMaximumNeighbourhood"":0,""pQtlColocH4Maximum"":0,""pQtlColocH4MaximumNeighbourhood"":0,""sQtlColocClppMaximum"":0,""sQtlColocClppMaximumNeighbourhood"":0,""sQtlColocH4Maximum"":0,""sQtlColocH4MaximumNeighbourhood"":0,""transPQtlColocH4Maximum"":0,""transPQtlColocH4MaximumNeighbourhood"":0}","{""vepMaximum"":0.6800000071525574,""vepMaximumNeighbourhood"":1,""vepMean"":0.6800000071525574,""vepMeanNeighbourhood"":1}","{""credibleSetConfidence"":0.25,""e2gMean"":0,""e2gMeanNeighbourhood"":0,""geneCount500kb"":28,""proteinGeneCount500kb"":9}","{""credibleSetConfidence"":0.25,""distanceFootprintMean"":1,""distanceFootprintMeanNeighbourhood"":1,""distanceSentinelFootprint"":1,""distanceSentinelFootprintNeighbourhood"":1,""distanceSentinelTss"":0.9959789514541626,""distanceSentinelTssNeighbourhood"":0.9983606338500977,""distanceTssMean"":0.9959789514541626,""distanceTssMeanNeighbourhood"":0.9983606338500977,""e2gMean"":0,""e2gMeanNeighbourhood"":0,""eQtlColocClppMaximum"":0,""eQtlColocClppMaximumNeighbourhood"":0,""eQtlColocH4Maximum"":0,""eQtlColocH4MaximumNeighbourhood"":0,""geneCount500kb"":28,""pQtlColocClppMaximum"":0,""pQtlColocClppMaximumNeighbourhood"":0,""pQtlColocH4Maximum"":0,""pQtlColocH4MaximumNeighbourhood"":0,""proteinGeneCount500kb"":9,""sQtlColocClppMaximum"":0,""sQtlColocClppMaximumNeighbourhood"":0,""sQtlColocH4Maximum"":0,""sQtlColocH4MaximumNeighbourhood"":0,""transPQtlColocH4Maximum"":0,""transPQtlColocH4MaximumNeighbourhood"":0,""vepMaximum"":0.6800000071525574,""vepMaximumNeighbourhood"":1,""vepMean"":0.6800000071525574,""vepMeanNeighbourhood"":1}","{""credibleSetConfidence"":0.0004465556121431291,""distanceFootprintMean"":0.025084305554628372,""distanceFootprintMeanNeighbourhood"":0.027449285611510277,""distanceSentinelFootprint"":0.03209338337182999,""distanceSentinelFootprintNeighbourhood"":0.1361331343650818,""distanceSentinelTss"":-0.012570283375680447,""distanceSentinelTssNeighbourhood"":0.11081288009881973,""distanceTssMean"":0.010229051113128662,""distanceTssMeanNeighbourhood"":0.05011965334415436,""e2gMean"":-0.001172495074570179,""e2gMeanNeighbourhood"":-0.0012950964737683535,""eQtlColocClppMaximum"":-0.0002351205184822902,""eQtlColocClppMaximumNeighbourhood"":-0.0002478534006513655,""eQtlColocH4Maximum"":-0.00022846943465992808,""eQtlColocH4MaximumNeighbourhood"":-0.0005112944054417312,""geneCount500kb"":-0.008802227675914764,""pQtlColocClppMaximum"":0,""pQtlColocClppMaximumNeighbourhood"":0,""pQtlColocH4Maximum"":0,""pQtlColocH4MaximumNeighbourhood"":0,""proteinGeneCount500kb"":0.014418283477425575,""sQtlColocClppMaximum"":-9.335321374237537e-05,""sQtlColocClppMaximumNeighbourhood"":-0.00028480435139499605,""sQtlColocH4Maximum"":-0.0006019918946549296,""sQtlColocH4MaximumNeighbourhood"":-0.00010009091784013435,""transPQtlColocH4Maximum"":-0.0002710172557272017,""transPQtlColocH4MaximumNeighbourhood"":-0.0009179367334581912,""vepMaximum"":0.12701952457427979,""vepMaximumNeighbourhood"":0.12157042324542999,""vepMean"":0.04269227758049965,""vepMeanNeighbourhood"":0.07815751433372498}",0.04680948704481125,GRCh38,high_prioritization,0.05,0.6150293350219727
Parkinson disease,FYN,ENSG00000010810,PD_CHR06_032,68edb235c2263b6189e993240b99f029,rs9487736,6,111847106,4e-15,0.7615038752555847,PICS,PICS fine-mapped credible set based on reported top hit,GCST90308590,Open Targets Platform Locus-to-Gene,"FYN proto-oncogene, Src family tyrosine kinase",6_111847106_G_A,"{""distanceFootprintMean"":0.9962035417556763,""distanceFootprintMeanNeighbourhood"":1,""distanceSentinelFootprint"":1,""distanceSentinelFootprintNeighbourhood"":1,""distanceSentinelTss"":0.9958749413490295,""distanceSentinelTssNeighbourhood"":1,""distanceTssMean"":0.9880656599998474,""distanceTssMeanNeighbourhood"":1}","{""eQtlColocClppMaximum"":0.043440185487270355,""eQtlColocClppMaximumNeighbourhood"":1,""eQtlColocH4Maximum"":0.9805783033370972,""eQtlColocH4MaximumNeighbourhood"":1,""pQtlColocClppMaximum"":0,""pQtlColocClppMaximumNeighbourhood"":0,""pQtlColocH4Maximum"":0,""pQtlColocH4MaximumNeighbourhood"":0,""sQtlColocClppMaximum"":0,""sQtlColocClppMaximumNeighbourhood"":0,""sQtlColocH4Maximum"":0,""sQtlColocH4MaximumNeighbourhood"":0,""transPQtlColocH4Maximum"":0,""transPQtlColocH4MaximumNeighbourhood"":0}","{""vepMaximum"":0.3199999928474426,""vepMaximumNeighbourhood"":1,""vepMean"":0.00845690630376339,""vepMeanNeighbourhood"":1}","{""credibleSetConfidence"":0.25,""e2gMean"":0.1254962831735611,""e2gMeanNeighbourhood"":1,""geneCount500kb"":13,""proteinGeneCount500kb"":5}","{""credibleSetConfidence"":0.25,""distanceFootprintMean"":0.9962035417556763,""distanceFootprintMeanNeighbourhood"":1,""distanceSentinelFootprint"":1,""distanceSentinelFootprintNeighbourhood"":1,""distanceSentinelTss"":0.9958749413490295,""distanceSentinelTssNeighbourhood"":1,""distanceTssMean"":0.9880656599998474,""distanceTssMeanNeighbourhood"":1,""e2gMean"":0.1254962831735611,""e2gMeanNeighbourhood"":1,""eQtlColocClppMaximum"":0.043440185487270355,""eQtlColocClppMaximumNeighbourhood"":1,""eQtlColocH4Maximum"":0.9805783033370972,""eQtlColocH4MaximumNeighbourhood"":1,""geneCount500kb"":13,""pQtlColocClppMaximum"":0,""pQtlColocClppMaximumNeighbourhood"":0,""pQtlColocH4Maximum"":0,""pQtlColocH4MaximumNeighbourhood"":0,""proteinGeneCount500kb"":5,""sQtlColocClppMaximum"":0,""sQtlColocClppMaximumNeighbourhood"":0,""sQtlColocH4Maximum"":0,""sQtlColocH4MaximumNeighbourhood"":0,""transPQtlColocH4Maximum"":0,""transPQtlColocH4MaximumNeighbourhood"":0,""vepMaximum"":0.3199999928474426,""vepMaximumNeighbourhood"":1,""vepMean"":0.00845690630376339,""vepMeanNeighbourhood"":1}","{""credibleSetConfidence"":0.0002582790330052376,""distanceFootprintMean"":0.006195175927132368,""distanceFootprintMeanNeighbourhood"":0.020216641947627068,""distanceSentinelFootprint"":0.00506654754281044,""distanceSentinelFootprintNeighbourhood"":0.11789537966251373,""distanceSentinelTss"":-0.011550628580152988,""distanceSentinelTssNeighbourhood"":0.10150888562202454,""distanceTssMean"":-0.00502112926915288,""distanceTssMeanNeighbourhood"":0.07388930022716522,""e2gMean"":0.009740862064063549,""e2gMeanNeighbourhood"":0.07524515688419342,""eQtlColocClppMaximum"":0.013019843958318233,""eQtlColocClppMaximumNeighbourhood"":0.022029485553503036,""eQtlColocH4Maximum"":0.013697817921638489,""eQtlColocH4MaximumNeighbourhood"":0.019815167412161827,""geneCount500kb"":0.03840601071715355,""pQtlColocClppMaximum"":-0.0007130972226150334,""pQtlColocClppMaximumNeighbourhood"":-0.00032270827796310186,""pQtlColocH4Maximum"":-0.00032227905467152596,""pQtlColocH4MaximumNeighbourhood"":-0.00016533798770979047,""proteinGeneCount500kb"":0.04656246677041054,""sQtlColocClppMaximum"":-0.001760942628607154,""sQtlColocClppMaximumNeighbourhood"":-0.0007809120579622686,""sQtlColocH4Maximum"":-0.0017998573603108525,""sQtlColocH4MaximumNeighbourhood"":-0.0012664964888244867,""transPQtlColocH4Maximum"":-0.0007765176706016064,""transPQtlColocH4MaximumNeighbourhood"":-0.0019113993039354682,""vepMaximum"":0.004276042338460684,""vepMaximumNeighbourhood"":0.10310284793376923,""vepMean"":0.0009708817233331501,""vepMeanNeighbourhood"":0.050934627652168274}",0.06506378948688507,GRCh38,high_prioritization,0.05,0.6150293350219727
Parkinson disease,CNTN1,ENSG00000018236,PD_CHR12_049,60085c9852da11c93c1d7802e713e01a,rs73273590,12,40861076,9.000000000000001e-17,0.7606772780418396,PICS,PICS fine-mapped credible set based on reported top hit,GCST90308590,Open Targets Platform Locus-to-Gene,contactin 1,12_40861076_A_T,"{""distanceFootprintMean"":0.9969179630279541,""distanceFootprintMeanNeighbourhood"":1,""distanceSentinelFootprint"":1,""distanceSentinelFootprintNeighbourhood"":1,""distanceSentinelTss"":0.9686495065689087,""distanceSentinelTssNeighbourhood"":1,""distanceTssMean"":0.9554667472839355,""distanceTssMeanNeighbourhood"":1}","{""eQtlColocClppMaximum"":0,""eQtlColocClppMaximumNeighbourhood"":0,""eQtlColocH4Maximum"":0,""eQtlColocH4MaximumNeighbourhood"":0,""pQtlColocClppMaximum"":0,""pQtlColocClppMaximumNeighbourhood"":0,""pQtlColocH4Maximum"":0,""pQtlColocH4MaximumNeighbourhood"":0,""sQtlColocClppMaximum"":0,""sQtlColocClppMaximumNeighbourhood"":0,""sQtlColocH4Maximum"":0,""sQtlColocH4MaximumNeighbourhood"":0,""transPQtlColocH4Maximum"":0,""transPQtlColocH4MaximumNeighbourhood"":0}","{""vepMaximum"":0.3199999928474426,""vepMaximumNeighbourhood"":1,""vepMean"":0.017073122784495354,""vepMeanNeighbourhood"":0.42004796862602234}","{""credibleSetConfidence"":0.25,""e2gMean"":0.011645750142633915,""e2gMeanNeighbourhood"":1,""geneCount500kb"":4,""proteinGeneCount500kb"":1}","{""credibleSetConfidence"":0.25,""distanceFootprintMean"":0.9969179630279541,""distanceFootprintMeanNeighbourhood"":1,""distanceSentinelFootprint"":1,""distanceSentinelFootprintNeighbourhood"":1,""distanceSentinelTss"":0.9686495065689087,""distanceSentinelTssNeighbourhood"":1,""distanceTssMean"":0.9554667472839355,""distanceTssMeanNeighbourhood"":1,""e2gMean"":0.011645750142633915,""e2gMeanNeighbourhood"":1,""eQtlColocClppMaximum"":0,""eQtlColocClppMaximumNeighbourhood"":0,""eQtlColocH4Maximum"":0,""eQtlColocH4MaximumNeighbourhood"":0,""geneCount500kb"":4,""pQtlColocClppMaximum"":0,""pQtlColocClppMaximumNeighbourhood"":0,""pQtlColocH4Maximum"":0,""pQtlColocH4MaximumNeighbourhood"":0,""proteinGeneCount500kb"":1,""sQtlColocClppMaximum"":0,""sQtlColocClppMaximumNeighbourhood"":0,""sQtlColocH4Maximum"":0,""sQtlColocH4MaximumNeighbourhood"":0,""transPQtlColocH4Maximum"":0,""transPQtlColocH4MaximumNeighbourhood"":0,""vepMaximum"":0.3199999928474426,""vepMaximumNeighbourhood"":1,""vepMean"":0.017073122784495354,""vepMeanNeighbourhood"":0.42004796862602234}","{""credibleSetConfidence"":0.0008032827754504979,""distanceFootprintMean"":0.006477328948676586,""distanceFootprintMeanNeighbourhood"":0.022298255935311317,""distanceSentinelFootprint"":0.013288605026900768,""distanceSentinelFootprintNeighbourhood"":0.1413147896528244,""distanceSentinelTss"":0.01364337932318449,""distanceSentinelTssNeighbourhood"":0.115946464240551,""distanceTssMean"":-0.0022043492645025253,""distanceTssMeanNeighbourhood"":0.07763996720314026,""e2gMean"":0.004316141828894615,""e2gMeanNeighbourhood"":0.08391746133565903,""eQtlColocClppMaximum"":-0.0001657684042584151,""eQtlColocClppMaximumNeighbourhood"":-0.0015351887559518218,""eQtlColocH4Maximum"":-0.00045134706306271255,""eQtlColocH4MaximumNeighbourhood"":-0.0007897184696048498,""geneCount500kb"":0.041201625019311905,""pQtlColocClppMaximum"":-0.004304975271224976,""pQtlColocClppMaximumNeighbourhood"":-0.001307009719312191,""pQtlColocH4Maximum"":-0.002666333457455039,""pQtlColocH4MaximumNeighbourhood"":-0.0006133255665190518,""proteinGeneCount500kb"":0.1326599270105362,""sQtlColocClppMaximum"":-0.0006590607226826251,""sQtlColocClppMaximumNeighbourhood"":-0.0004953726311214268,""sQtlColocH4Maximum"":-0.00035428444971330464,""sQtlColocH4MaximumNeighbourhood"":-0.0011497082887217402,""transPQtlColocH4Maximum"":-0.00124910450540483,""transPQtlColocH4MaximumNeighbourhood"":-0.005622273776680231,""vepMaximum"":0.00939469039440155,""vepMaximumNeighbourhood"":0.10332328826189041,""vepMean"":-0.0027026496827602386,""vepMeanNeighbourhood"":-0.04258451238274574}",0.06330708414316177,GRCh38,high_prioritization,0.05,0.6150293350219727
Parkinson disease,NOD2,ENSG00000167207,PD_CHR16_062,c4324116aa13f50cded13161dc92c6bd,rs34133110,16,50710008,1e-09,0.7565200924873352,PICS,PICS fine-mapped credible set based on reported top hit,GCST90308590,Open Targets Platform Locus-to-Gene,nucleotide binding oligomerization domain containing 2,16_50710008_C_T,"{""distanceFootprintMean"":0.9957476258277893,""distanceFootprintMeanNeighbourhood"":1,""distanceSentinelFootprint"":1,""distanceSentinelFootprintNeighbourhood"":1,""distanceSentinelTss"":0.9974582195281982,""distanceSentinelTssNeighbourhood"":1,""distanceTssMean"":0.9925805330276489,""distanceTssMeanNeighbourhood"":1}","{""eQtlColocClppMaximum"":0.04223846644163132,""eQtlColocClppMaximumNeighbourhood"":1,""eQtlColocH4Maximum"":0.9800005555152893,""eQtlColocH4MaximumNeighbourhood"":1,""pQtlColocClppMaximum"":0,""pQtlColocClppMaximumNeighbourhood"":0,""pQtlColocH4Maximum"":0,""pQtlColocH4MaximumNeighbourhood"":0,""sQtlColocClppMaximum"":0.039573945105075836,""sQtlColocClppMaximumNeighbourhood"":1,""sQtlColocH4Maximum"":0.9786182045936584,""sQtlColocH4MaximumNeighbourhood"":1,""transPQtlColocH4Maximum"":0,""transPQtlColocH4MaximumNeighbourhood"":0}","{""vepMaximum"":0.46000000834465027,""vepMaximumNeighbourhood"":1,""vepMean"":0.007859190925955772,""vepMeanNeighbourhood"":1}","{""credibleSetConfidence"":0.25,""e2gMean"":0.4312452971935272,""e2gMeanNeighbourhood"":1,""geneCount500kb"":18,""proteinGeneCount500kb"":4}","{""credibleSetConfidence"":0.25,""distanceFootprintMean"":0.9957476258277893,""distanceFootprintMeanNeighbourhood"":1,""distanceSentinelFootprint"":1,""distanceSentinelFootprintNeighbourhood"":1,""distanceSentinelTss"":0.9974582195281982,""distanceSentinelTssNeighbourhood"":1,""distanceTssMean"":0.9925805330276489,""distanceTssMeanNeighbourhood"":1,""e2gMean"":0.4312452971935272,""e2gMeanNeighbourhood"":1,""eQtlColocClppMaximum"":0.04223846644163132,""eQtlColocClppMaximumNeighbourhood"":1,""eQtlColocH4Maximum"":0.9800005555152893,""eQtlColocH4MaximumNeighbourhood"":1,""geneCount500kb"":18,""pQtlColocClppMaximum"":0,""pQtlColocClppMaximumNeighbourhood"":0,""pQtlColocH4Maximum"":0,""pQtlColocH4MaximumNeighbourhood"":0,""proteinGeneCount500kb"":4,""sQtlColocClppMaximum"":0.039573945105075836,""sQtlColocClppMaximumNeighbourhood"":1,""sQtlColocH4Maximum"":0.9786182045936584,""sQtlColocH4MaximumNeighbourhood"":1,""transPQtlColocH4Maximum"":0,""transPQtlColocH4MaximumNeighbourhood"":0,""vepMaximum"":0.46000000834465027,""vepMaximumNeighbourhood"":1,""vepMean"":0.007859190925955772,""vepMeanNeighbourhood"":1}","{""credibleSetConfidence"":0.0007938978378660977,""distanceFootprintMean"":0.0015280945226550102,""distanceFootprintMeanNeighbourhood"":0.013206911273300648,""distanceSentinelFootprint"":0.0064271544106304646,""distanceSentinelFootprintNeighbourhood"":0.08330187201499939,""distanceSentinelTss"":-0.009194130077958107,""distanceSentinelTssNeighbourhood"":0.1122480034828186,""distanceTssMean"":0.013134395703673363,""distanceTssMeanNeighbourhood"":0.07572037726640701,""e2gMean"":0.017010660842061043,""e2gMeanNeighbourhood"":0.08112267404794693,""eQtlColocClppMaximum"":0.012023607268929482,""eQtlColocClppMaximumNeighbourhood"":0.021882126107811928,""eQtlColocH4Maximum"":0.015758560970425606,""eQtlColocH4MaximumNeighbourhood"":0.022765913978219032,""geneCount500kb"":0.00862363912165165,""pQtlColocClppMaximum"":-0.0001620887196622789,""pQtlColocClppMaximumNeighbourhood"":-6.035395199432969e-05,""pQtlColocH4Maximum"":-0.00014474874478764832,""pQtlColocH4MaximumNeighbourhood"":0,""proteinGeneCount500kb"":0.041656192392110825,""sQtlColocClppMaximum"":0.013195987790822983,""sQtlColocClppMaximumNeighbourhood"":0.009331300854682922,""sQtlColocH4Maximum"":0.006401171442121267,""sQtlColocH4MaximumNeighbourhood"":0.019301332533359528,""transPQtlColocH4Maximum"":-0.0008524245349690318,""transPQtlColocH4MaximumNeighbourhood"":-0.002022105734795332,""vepMaximum"":0.035648468881845474,""vepMaximumNeighbourhood"":0.0743328332901001,""vepMean"":-0.009377474896609783,""vepMeanNeighbourhood"":0.02351268194615841}",0.06940560787916183,GRCh38,high_prioritization,0.05,0.6150293350219727
Parkinson disease,RNF141,ENSG00000110315,PD_CHR11_043,3e13e700e702859efc1893b1447cbe74,rs4910150,11,10511626,1e-11,0.7541582584381104,PICS,PICS fine-mapped credible set based on reported top hit,GCST90308590,Open Targets Platform Locus-to-Gene,ring finger protein 141,11_10511626_C_T,"{""distanceFootprintMean"":0.9969733357429504,""distanceFootprintMeanNeighbourhood"":1,""distanceSentinelFootprint"":0.999992847442627,""distanceSentinelFootprintNeighbourhood"":1,""distanceSentinelTss"":0.9953559041023254,""distanceSentinelTssNeighbourhood"":1,""distanceTssMean"":0.993985116481781,""distanceTssMeanNeighbourhood"":1}","{""eQtlColocClppMaximum"":0.06065172329545021,""eQtlColocClppMaximumNeighbourhood"":1,""eQtlColocH4Maximum"":0.98614102602005,""eQtlColocH4MaximumNeighbourhood"":1,""pQtlColocClppMaximum"":0,""pQtlColocClppMaximumNeighbourhood"":0,""pQtlColocH4Maximum"":0,""pQtlColocH4MaximumNeighbourhood"":0,""sQtlColocClppMaximum"":0.057733532041311264,""sQtlColocClppMaximumNeighbourhood"":1,""sQtlColocH4Maximum"":0.9854016304016113,""sQtlColocH4MaximumNeighbourhood"":1,""transPQtlColocH4Maximum"":0,""transPQtlColocH4MaximumNeighbourhood"":0}","{""vepMaximum"":0.3700000047683716,""vepMaximumNeighbourhood"":1,""vepMean"":0.017382312566041946,""vepMeanNeighbourhood"":1}","{""credibleSetConfidence"":0.25,""e2gMean"":0.0760515108704567,""e2gMeanNeighbourhood"":0.7162507176399231,""geneCount500kb"":15,""proteinGeneCount500kb"":7}","{""credibleSetConfidence"":0.25,""distanceFootprintMean"":0.9969733357429504,""distanceFootprintMeanNeighbourhood"":1,""distanceSentinelFootprint"":0.999992847442627,""distanceSentinelFootprintNeighbourhood"":1,""distanceSentinelTss"":0.9953559041023254,""distanceSentinelTssNeighbourhood"":1,""distanceTssMean"":0.993985116481781,""distanceTssMeanNeighbourhood"":1,""e2gMean"":0.0760515108704567,""e2gMeanNeighbourhood"":0.7162507176399231,""eQtlColocClppMaximum"":0.06065172329545021,""eQtlColocClppMaximumNeighbourhood"":1,""eQtlColocH4Maximum"":0.98614102602005,""eQtlColocH4MaximumNeighbourhood"":1,""geneCount500kb"":15,""pQtlColocClppMaximum"":0,""pQtlColocClppMaximumNeighbourhood"":0,""pQtlColocH4Maximum"":0,""pQtlColocH4MaximumNeighbourhood"":0,""proteinGeneCount500kb"":7,""sQtlColocClppMaximum"":0.057733532041311264,""sQtlColocClppMaximumNeighbourhood"":1,""sQtlColocH4Maximum"":0.9854016304016113,""sQtlColocH4MaximumNeighbourhood"":1,""transPQtlColocH4Maximum"":0,""transPQtlColocH4MaximumNeighbourhood"":0,""vepMaximum"":0.3700000047683716,""vepMaximumNeighbourhood"":1,""vepMean"":0.017382312566041946,""vepMeanNeighbourhood"":1}","{""credibleSetConfidence"":0.0011120467679575086,""distanceFootprintMean"":0.015891307964920998,""distanceFootprintMeanNeighbourhood"":0.015697132796049118,""distanceSentinelFootprint"":0.017779329791665077,""distanceSentinelFootprintNeighbourhood"":0.08194708079099655,""distanceSentinelTss"":-0.005268256179988384,""distanceSentinelTssNeighbourhood"":0.11763668060302734,""distanceTssMean"":0.014579192735254765,""distanceTssMeanNeighbourhood"":0.06527174264192581,""e2gMean"":0.012920656241476536,""e2gMeanNeighbourhood"":0.02515769749879837,""eQtlColocClppMaximum"":0.01342922542244196,""eQtlColocClppMaximumNeighbourhood"":0.023176008835434914,""eQtlColocH4Maximum"":0.016303442418575287,""eQtlColocH4MaximumNeighbourhood"":0.021101806312799454,""geneCount500kb"":0.02088390663266182,""pQtlColocClppMaximum"":-0.001751806354150176,""pQtlColocClppMaximumNeighbourhood"":-0.0010368236107751727,""pQtlColocH4Maximum"":-0.0010814720299094915,""pQtlColocH4MaximumNeighbourhood"":-0.0003683716640807688,""proteinGeneCount500kb"":0.019632408395409584,""sQtlColocClppMaximum"":0.01910586655139923,""sQtlColocClppMaximumNeighbourhood"":0.014848371967673302,""sQtlColocH4Maximum"":0.01551157794892788,""sQtlColocH4MaximumNeighbourhood"":0.02580646239221096,""transPQtlColocH4Maximum"":-0.0004304441390559077,""transPQtlColocH4MaximumNeighbourhood"":-0.0012715813936665654,""vepMaximum"":0.023335961624979973,""vepMaximumNeighbourhood"":0.08734488487243652,""vepMean"":-0.004535751882940531,""vepMeanNeighbourhood"":0.04732879623770714}",0.054101165384054184,GRCh38,high_prioritization,0.05,0.6150293350219727
Parkinson disease,MAP4K4,ENSG00000071054,PD_CHR02_010,fc4abf134a9277d1a61486c08d7dfbfe,rs11683001,2,101780501,2e-12,0.7526438236236572,PICS,PICS fine-mapped credible set based on reported top hit,GCST90308590,Open Targets Platform Locus-to-Gene,mitogen-activated protein kinase kinase kinase kinase 4,2_101780501_T_A,"{""distanceFootprintMean"":0.9967389702796936,""distanceFootprintMeanNeighbourhood"":1,""distanceSentinelFootprint"":1,""distanceSentinelFootprintNeighbourhood"":1,""distanceSentinelTss"":0.9862046241760254,""distanceSentinelTssNeighbourhood"":1,""distanceTssMean"":0.9872079491615295,""distanceTssMeanNeighbourhood"":1}","{""eQtlColocClppMaximum"":0.01895337551832199,""eQtlColocClppMaximumNeighbourhood"":1,""eQtlColocH4Maximum"":0.9550014138221741,""eQtlColocH4MaximumNeighbourhood"":1,""pQtlColocClppMaximum"":0,""pQtlColocClppMaximumNeighbourhood"":0,""pQtlColocH4Maximum"":0,""pQtlColocH4MaximumNeighbourhood"":0,""sQtlColocClppMaximum"":0,""sQtlColocClppMaximumNeighbourhood"":0,""sQtlColocH4Maximum"":0,""sQtlColocH4MaximumNeighbourhood"":0,""transPQtlColocH4Maximum"":0,""transPQtlColocH4MaximumNeighbourhood"":0}","{""vepMaximum"":0.3199999928474426,""vepMaximumNeighbourhood"":1,""vepMean"":0.006678216625005007,""vepMeanNeighbourhood"":1}","{""credibleSetConfidence"":0.25,""e2gMean"":0.3220607042312622,""e2gMeanNeighbourhood"":1,""geneCount500kb"":7,""proteinGeneCount500kb"":2}","{""credibleSetConfidence"":0.25,""distanceFootprintMean"":0.9967389702796936,""distanceFootprintMeanNeighbourhood"":1,""distanceSentinelFootprint"":1,""distanceSentinelFootprintNeighbourhood"":1,""distanceSentinelTss"":0.9862046241760254,""distanceSentinelTssNeighbourhood"":1,""distanceTssMean"":0.9872079491615295,""distanceTssMeanNeighbourhood"":1,""e2gMean"":0.3220607042312622,""e2gMeanNeighbourhood"":1,""eQtlColocClppMaximum"":0.01895337551832199,""eQtlColocClppMaximumNeighbourhood"":1,""eQtlColocH4Maximum"":0.9550014138221741,""eQtlColocH4MaximumNeighbourhood"":1,""geneCount500kb"":7,""pQtlColocClppMaximum"":0,""pQtlColocClppMaximumNeighbourhood"":0,""pQtlColocH4Maximum"":0,""pQtlColocH4MaximumNeighbourhood"":0,""proteinGeneCount500kb"":2,""sQtlColocClppMaximum"":0,""sQtlColocClppMaximumNeighbourhood"":0,""sQtlColocH4Maximum"":0,""sQtlColocH4MaximumNeighbourhood"":0,""transPQtlColocH4Maximum"":0,""transPQtlColocH4MaximumNeighbourhood"":0,""vepMaximum"":0.3199999928474426,""vepMaximumNeighbourhood"":1,""vepMean"":0.006678216625005007,""vepMeanNeighbourhood"":1}","{""credibleSetConfidence"":0.0007574657211080194,""distanceFootprintMean"":0.0067406315356493,""distanceFootprintMeanNeighbourhood"":0.02105521596968174,""distanceSentinelFootprint"":0.007339972071349621,""distanceSentinelFootprintNeighbourhood"":0.12269207090139389,""distanceSentinelTss"":-0.010120194405317307,""distanceSentinelTssNeighbourhood"":0.10028435289859772,""distanceTssMean"":-0.006137887481600046,""distanceTssMeanNeighbourhood"":0.05984421446919441,""e2gMean"":0.012323662638664246,""e2gMeanNeighbourhood"":0.06770602613687515,""eQtlColocClppMaximum"":0.006548356264829636,""eQtlColocClppMaximumNeighbourhood"":0.016579853370785713,""eQtlColocH4Maximum"":0.010721918195486069,""eQtlColocH4MaximumNeighbourhood"":0.014844920486211777,""geneCount500kb"":0.04198753088712692,""pQtlColocClppMaximum"":-0.002612125361338258,""pQtlColocClppMaximumNeighbourhood"":-0.0012810713378712535,""pQtlColocH4Maximum"":-0.0015520359156653285,""pQtlColocH4MaximumNeighbourhood"":-0.0005242127808742225,""proteinGeneCount500kb"":0.08642566204071045,""sQtlColocClppMaximum"":-0.0017704705242067575,""sQtlColocClppMaximumNeighbourhood"":-0.0009016060503199697,""sQtlColocH4Maximum"":-0.001217596116475761,""sQtlColocH4MaximumNeighbourhood"":-0.0015047428896650672,""transPQtlColocH4Maximum"":-0.00043886181083507836,""transPQtlColocH4MaximumNeighbourhood"":-0.0017713868292048573,""vepMaximum"":0.006024383474141359,""vepMaximumNeighbourhood"":0.08765824139118195,""vepMean"":0.004610217176377773,""vepMeanNeighbourhood"":0.05624252185225487}",0.052088890224695206,GRCh38,high_prioritization,0.05,0.6150293350219727
Parkinson disease,DYRK1A,ENSG00000157540,PD_CHR21_078,99953a2192622c8188ffde74b66139c5,rs2248244,21,37480059,6e-10,0.7525694370269775,PICS,PICS fine-mapped credible set based on reported top hit,GCST90308590,Open Targets Platform Locus-to-Gene,dual specificity tyrosine phosphorylation regulated kinase 1A,21_37480059_G_A,"{""distanceFootprintMean"":0.9960903525352478,""distanceFootprintMeanNeighbourhood"":1,""distanceSentinelFootprint"":1,""distanceSentinelFootprintNeighbourhood"":1,""distanceSentinelTss"":0.9804210662841797,""distanceSentinelTssNeighbourhood"":1,""distanceTssMean"":0.9776666760444641,""distanceTssMeanNeighbourhood"":1}","{""eQtlColocClppMaximum"":0.020841091871261597,""eQtlColocClppMaximumNeighbourhood"":1,""eQtlColocH4Maximum"":0.9593806862831116,""eQtlColocH4MaximumNeighbourhood"":1,""pQtlColocClppMaximum"":0,""pQtlColocClppMaximumNeighbourhood"":0,""pQtlColocH4Maximum"":0,""pQtlColocH4MaximumNeighbourhood"":0,""sQtlColocClppMaximum"":0.019990362226963043,""sQtlColocClppMaximumNeighbourhood"":1,""sQtlColocH4Maximum"":0.9576860666275024,""sQtlColocH4MaximumNeighbourhood"":1,""transPQtlColocH4Maximum"":0,""transPQtlColocH4MaximumNeighbourhood"":0}","{""vepMaximum"":0.3700000047683716,""vepMaximumNeighbourhood"":1,""vepMean"":0.0056219506077468395,""vepMeanNeighbourhood"":1}","{""credibleSetConfidence"":0.25,""e2gMean"":0,""e2gMeanNeighbourhood"":0,""geneCount500kb"":11,""proteinGeneCount500kb"":2}","{""credibleSetConfidence"":0.25,""distanceFootprintMean"":0.9960903525352478,""distanceFootprintMeanNeighbourhood"":1,""distanceSentinelFootprint"":1,""distanceSentinelFootprintNeighbourhood"":1,""distanceSentinelTss"":0.9804210662841797,""distanceSentinelTssNeighbourhood"":1,""distanceTssMean"":0.9776666760444641,""distanceTssMeanNeighbourhood"":1,""e2gMean"":0,""e2gMeanNeighbourhood"":0,""eQtlColocClppMaximum"":0.020841091871261597,""eQtlColocClppMaximumNeighbourhood"":1,""eQtlColocH4Maximum"":0.9593806862831116,""eQtlColocH4MaximumNeighbourhood"":1,""geneCount500kb"":11,""pQtlColocClppMaximum"":0,""pQtlColocClppMaximumNeighbourhood"":0,""pQtlColocH4Maximum"":0,""pQtlColocH4MaximumNeighbourhood"":0,""proteinGeneCount500kb"":2,""sQtlColocClppMaximum"":0.019990362226963043,""sQtlColocClppMaximumNeighbourhood"":1,""sQtlColocH4Maximum"":0.9576860666275024,""sQtlColocH4MaximumNeighbourhood"":1,""transPQtlColocH4Maximum"":0,""transPQtlColocH4MaximumNeighbourhood"":0,""vepMaximum"":0.3700000047683716,""vepMaximumNeighbourhood"":1,""vepMean"":0.0056219506077468395,""vepMeanNeighbourhood"":1}","{""credibleSetConfidence"":0.0005725443479605019,""distanceFootprintMean"":0.015503652393817902,""distanceFootprintMeanNeighbourhood"":0.005276413168758154,""distanceSentinelFootprint"":0.021217338740825653,""distanceSentinelFootprintNeighbourhood"":0.09027282893657684,""distanceSentinelTss"":0.007347058970481157,""distanceSentinelTssNeighbourhood"":0.13187988102436066,""distanceTssMean"":-0.0014036438660696149,""distanceTssMeanNeighbourhood"":0.07733844220638275,""e2gMean"":-0.0022711402270942926,""e2gMeanNeighbourhood"":-0.005132314283400774,""eQtlColocClppMaximum"":0.006063318811357021,""eQtlColocClppMaximumNeighbourhood"":0.015476686879992485,""eQtlColocH4Maximum"":0.010453054681420326,""eQtlColocH4MaximumNeighbourhood"":0.015206024050712585,""geneCount500kb"":0.045525502413511276,""pQtlColocClppMaximum"":-0.000460611074231565,""pQtlColocClppMaximumNeighbourhood"":-0.0005859388038516045,""pQtlColocH4Maximum"":0,""pQtlColocH4MaximumNeighbourhood"":-1.383634980811621e-06,""proteinGeneCount500kb"":0.08856682479381561,""sQtlColocClppMaximum"":0.0061060646548867226,""sQtlColocClppMaximumNeighbourhood"":0.010807247832417488,""sQtlColocH4Maximum"":0.002262979280203581,""sQtlColocH4MaximumNeighbourhood"":0.011912344954907894,""transPQtlColocH4Maximum"":-0.0007484558736905456,""transPQtlColocH4MaximumNeighbourhood"":-0.002676282776519656,""vepMaximum"":0.030363699421286583,""vepMaximumNeighbourhood"":0.07707527279853821,""vepMean"":-0.005839606747031212,""vepMeanNeighbourhood"":0.05238459259271622}",0.050077106803655624,GRCh38,high_prioritization,0.05,0.6150293350219727
Parkinson disease,IRS2,ENSG00000185950,PD_CHR13_054,e5ba17ca78d559dbcdc1b5be492db7ab,rs1078514,13,109810821,2e-09,0.7469207048416138,PICS,PICS fine-mapped credible set based on reported top hit,GCST90308590,Open Targets Platform Locus-to-Gene,insulin receptor substrate 2,13_109810821_C_T,"{""distanceFootprintMean"":0.994949996471405,""distanceFootprintMeanNeighbourhood"":1,""distanceSentinelFootprint"":0.9962133169174194,""distanceSentinelFootprintNeighbourhood"":1,""distanceSentinelTss"":0.9962133169174194,""distanceSentinelTssNeighbourhood"":1,""distanceTssMean"":0.9947340488433838,""distanceTssMeanNeighbourhood"":1}","{""eQtlColocClppMaximum"":0,""eQtlColocClppMaximumNeighbourhood"":0,""eQtlColocH4Maximum"":0,""eQtlColocH4MaximumNeighbourhood"":0,""pQtlColocClppMaximum"":0,""pQtlColocClppMaximumNeighbourhood"":0,""pQtlColocH4Maximum"":0,""pQtlColocH4MaximumNeighbourhood"":0,""sQtlColocClppMaximum"":0,""sQtlColocClppMaximumNeighbourhood"":0,""sQtlColocH4Maximum"":0,""sQtlColocH4MaximumNeighbourhood"":0,""transPQtlColocH4Maximum"":0,""transPQtlColocH4MaximumNeighbourhood"":0}","{""vepMaximum"":0.6800000071525574,""vepMaximumNeighbourhood"":1,""vepMean"":0.01059994287788868,""vepMeanNeighbourhood"":0.48347824811935425}","{""credibleSetConfidence"":0.25,""e2gMean"":0.3513152599334717,""e2gMeanNeighbourhood"":1,""geneCount500kb"":19,""proteinGeneCount500kb"":1}","{""credibleSetConfidence"":0.25,""distanceFootprintMean"":0.994949996471405,""distanceFootprintMeanNeighbourhood"":1,""distanceSentinelFootprint"":0.9962133169174194,""distanceSentinelFootprintNeighbourhood"":1,""distanceSentinelTss"":0.9962133169174194,""distanceSentinelTssNeighbourhood"":1,""distanceTssMean"":0.9947340488433838,""distanceTssMeanNeighbourhood"":1,""e2gMean"":0.3513152599334717,""e2gMeanNeighbourhood"":1,""eQtlColocClppMaximum"":0,""eQtlColocClppMaximumNeighbourhood"":0,""eQtlColocH4Maximum"":0,""eQtlColocH4MaximumNeighbourhood"":0,""geneCount500kb"":19,""pQtlColocClppMaximum"":0,""pQtlColocClppMaximumNeighbourhood"":0,""pQtlColocH4Maximum"":0,""pQtlColocH4MaximumNeighbourhood"":0,""proteinGeneCount500kb"":1,""sQtlColocClppMaximum"":0,""sQtlColocClppMaximumNeighbourhood"":0,""sQtlColocH4Maximum"":0,""sQtlColocH4MaximumNeighbourhood"":0,""transPQtlColocH4Maximum"":0,""transPQtlColocH4MaximumNeighbourhood"":0,""vepMaximum"":0.6800000071525574,""vepMaximumNeighbourhood"":1,""vepMean"":0.01059994287788868,""vepMeanNeighbourhood"":0.48347824811935425}","{""credibleSetConfidence"":0.00044570278259925544,""distanceFootprintMean"":0.009214768186211586,""distanceFootprintMeanNeighbourhood"":0.023273209109902382,""distanceSentinelFootprint"":0.0032913025934249163,""distanceSentinelFootprintNeighbourhood"":0.163834810256958,""distanceSentinelTss"":-0.002912734169512987,""distanceSentinelTssNeighbourhood"":0.0987112894654274,""distanceTssMean"":0.025236748158931732,""distanceTssMeanNeighbourhood"":0.056548938155174255,""e2gMean"":0.013338606804609299,""e2gMeanNeighbourhood"":0.07216592878103256,""eQtlColocClppMaximum"":-0.0005227850051596761,""eQtlColocClppMaximumNeighbourhood"":-0.002335037337616086,""eQtlColocH4Maximum"":-0.0012617792235687375,""eQtlColocH4MaximumNeighbourhood"":-0.001848288462497294,""geneCount500kb"":0.015271683223545551,""pQtlColocClppMaximum"":-0.0024042106233537197,""pQtlColocClppMaximumNeighbourhood"":-0.0007526517729274929,""pQtlColocH4Maximum"":-0.001736349193379283,""pQtlColocH4MaximumNeighbourhood"":-0.00012733387120533735,""proteinGeneCount500kb"":0.13186399638652802,""sQtlColocClppMaximum"":-0.0016018891474232078,""sQtlColocClppMaximumNeighbourhood"":-0.0005552899674512446,""sQtlColocH4Maximum"":-0.0006539534078910947,""sQtlColocH4MaximumNeighbourhood"":-0.0020431233569979668,""transPQtlColocH4Maximum"":-0.0007053167792037129,""transPQtlColocH4MaximumNeighbourhood"":-0.002075434196740389,""vepMaximum"":0.05696140602231026,""vepMaximumNeighbourhood"":0.08513420075178146,""vepMean"":-0.005485927686095238,""vepMeanNeighbourhood"":-0.04331110417842865}",0.06196129694581032,GRCh38,high_prioritization,0.05,0.6150293350219727
Parkinson disease,GALC,ENSG00000054983,PD_CHR14_058,96331731b4895b8745ce0bfa50d10d9b,rs1561758,14,88021226,9e-10,0.730959951877594,PICS,PICS fine-mapped credible set based on reported top hit,GCST90308590,Open Targets Platform Locus-to-Gene,galactosylceramidase,14_88021226_G_C,"{""distanceFootprintMean"":0.994048535823822,""distanceFootprintMeanNeighbourhood"":0.9988659024238586,""distanceSentinelFootprint"":0.995601236820221,""distanceSentinelFootprintNeighbourhood"":0.9965819120407104,""distanceSentinelTss"":0.995601236820221,""distanceSentinelTssNeighbourhood"":0.9980892539024353,""distanceTssMean"":0.9938206672668457,""distanceTssMeanNeighbourhood"":0.9991932511329651}","{""eQtlColocClppMaximum"":0.10172070562839508,""eQtlColocClppMaximumNeighbourhood"":1,""eQtlColocH4Maximum"":0.9921741485595703,""eQtlColocH4MaximumNeighbourhood"":1,""pQtlColocClppMaximum"":0,""pQtlColocClppMaximumNeighbourhood"":0,""pQtlColocH4Maximum"":0,""pQtlColocH4MaximumNeighbourhood"":0,""sQtlColocClppMaximum"":0.0556487999856472,""sQtlColocClppMaximumNeighbourhood"":1,""sQtlColocH4Maximum"":0.9849832653999329,""sQtlColocH4MaximumNeighbourhood"":1,""transPQtlColocH4Maximum"":0,""transPQtlColocH4MaximumNeighbourhood"":0}","{""vepMaximum"":0.46000000834465027,""vepMaximumNeighbourhood"":1,""vepMean"":0.005032749846577644,""vepMeanNeighbourhood"":0.926199734210968}","{""credibleSetConfidence"":0.25,""e2gMean"":0.21974064409732819,""e2gMeanNeighbourhood"":0.5594872832298279,""geneCount500kb"":11,""proteinGeneCount500kb"":2}","{""credibleSetConfidence"":0.25,""distanceFootprintMean"":0.994048535823822,""distanceFootprintMeanNeighbourhood"":0.9988659024238586,""distanceSentinelFootprint"":0.995601236820221,""distanceSentinelFootprintNeighbourhood"":0.9965819120407104,""distanceSentinelTss"":0.995601236820221,""distanceSentinelTssNeighbourhood"":0.9980892539024353,""distanceTssMean"":0.9938206672668457,""distanceTssMeanNeighbourhood"":0.9991932511329651,""e2gMean"":0.21974064409732819,""e2gMeanNeighbourhood"":0.5594872832298279,""eQtlColocClppMaximum"":0.10172070562839508,""eQtlColocClppMaximumNeighbourhood"":1,""eQtlColocH4Maximum"":0.9921741485595703,""eQtlColocH4MaximumNeighbourhood"":1,""geneCount500kb"":11,""pQtlColocClppMaximum"":0,""pQtlColocClppMaximumNeighbourhood"":0,""pQtlColocH4Maximum"":0,""pQtlColocH4MaximumNeighbourhood"":0,""proteinGeneCount500kb"":2,""sQtlColocClppMaximum"":0.0556487999856472,""sQtlColocClppMaximumNeighbourhood"":1,""sQtlColocH4Maximum"":0.9849832653999329,""sQtlColocH4MaximumNeighbourhood"":1,""transPQtlColocH4Maximum"":0,""transPQtlColocH4MaximumNeighbourhood"":0,""vepMaximum"":0.46000000834465027,""vepMaximumNeighbourhood"":1,""vepMean"":0.005032749846577644,""vepMeanNeighbourhood"":0.926199734210968}","{""credibleSetConfidence"":-0.001520782127045095,""distanceFootprintMean"":0.005697398446500301,""distanceFootprintMeanNeighbourhood"":-0.002491145394742489,""distanceSentinelFootprint"":-0.0016621837858110666,""distanceSentinelFootprintNeighbourhood"":0.000357488461304456,""distanceSentinelTss"":-0.01330164261162281,""distanceSentinelTssNeighbourhood"":0.12788383662700653,""distanceTssMean"":0.015134289860725403,""distanceTssMeanNeighbourhood"":0.0904623419046402,""e2gMean"":0.02068266086280346,""e2gMeanNeighbourhood"":0.026694539934396744,""eQtlColocClppMaximum"":0.011222412809729576,""eQtlColocClppMaximumNeighbourhood"":0.03042919933795929,""eQtlColocH4Maximum"":0.025117378681898117,""eQtlColocH4MaximumNeighbourhood"":0.027273910120129585,""geneCount500kb"":0.027590548619627953,""pQtlColocClppMaximum"":-0.0021909207571297884,""pQtlColocClppMaximumNeighbourhood"":-0.0013291726354509592,""pQtlColocH4Maximum"":-0.0017775680171325803,""pQtlColocH4MaximumNeighbourhood"":0.00023314838472288102,""proteinGeneCount500kb"":0.0818815678358078,""sQtlColocClppMaximum"":0.02190743014216423,""sQtlColocClppMaximumNeighbourhood"":0.01850968785583973,""sQtlColocH4Maximum"":0.009294760413467884,""sQtlColocH4MaximumNeighbourhood"":0.04061135649681091,""transPQtlColocH4Maximum"":-0.00034684804268181324,""transPQtlColocH4MaximumNeighbourhood"":-0.0004244630690664053,""vepMaximum"":0.04355877265334129,""vepMaximumNeighbourhood"":0.025376273319125175,""vepMean"":0.0002218303707195446,""vepMeanNeighbourhood"":0.030419252812862396}",0.0754445418715477,GRCh38,high_prioritization,0.05,0.6150293350219727
Parkinson disease,TOX3,ENSG00000103460,PD_CHR16_063,fff01aee854c10480f3e04fbb440d230,rs3104776,16,52597550,4e-12,0.7276461720466614,PICS,PICS fine-mapped credible set based on reported top hit,GCST90308590,Open Targets Platform Locus-to-Gene,TOX high mobility group box family member 3,16_52597550_A_G,"{""distanceFootprintMean"":0.9884453415870667,""distanceFootprintMeanNeighbourhood"":1,""distanceSentinelFootprint"":0.9919019937515259,""distanceSentinelFootprintNeighbourhood"":1,""distanceSentinelTss"":0.9919019937515259,""distanceSentinelTssNeighbourhood"":1,""distanceTssMean"":0.9884453415870667,""distanceTssMeanNeighbourhood"":1}","{""eQtlColocClppMaximum"":0,""eQtlColocClppMaximumNeighbourhood"":0,""eQtlColocH4Maximum"":0,""eQtlColocH4MaximumNeighbourhood"":0,""pQtlColocClppMaximum"":0,""pQtlColocClppMaximumNeighbourhood"":0,""pQtlColocH4Maximum"":0,""pQtlColocH4MaximumNeighbourhood"":0,""sQtlColocClppMaximum"":0,""sQtlColocClppMaximumNeighbourhood"":0,""sQtlColocH4Maximum"":0,""sQtlColocH4MaximumNeighbourhood"":0,""transPQtlColocH4Maximum"":0,""transPQtlColocH4MaximumNeighbourhood"":0}","{""vepMaximum"":0.2199999988079071,""vepMaximumNeighbourhood"":1,""vepMean"":0.003636281006038189,""vepMeanNeighbourhood"":1}","{""credibleSetConfidence"":0.25,""e2gMean"":0.1999114453792572,""e2gMeanNeighbourhood"":1,""geneCount500kb"":11,""proteinGeneCount500kb"":1}","{""credibleSetConfidence"":0.25,""distanceFootprintMean"":0.9884453415870667,""distanceFootprintMeanNeighbourhood"":1,""distanceSentinelFootprint"":0.9919019937515259,""distanceSentinelFootprintNeighbourhood"":1,""distanceSentinelTss"":0.9919019937515259,""distanceSentinelTssNeighbourhood"":1,""distanceTssMean"":0.9884453415870667,""distanceTssMeanNeighbourhood"":1,""e2gMean"":0.1999114453792572,""e2gMeanNeighbourhood"":1,""eQtlColocClppMaximum"":0,""eQtlColocClppMaximumNeighbourhood"":0,""eQtlColocH4Maximum"":0,""eQtlColocH4MaximumNeighbourhood"":0,""geneCount500kb"":11,""pQtlColocClppMaximum"":0,""pQtlColocClppMaximumNeighbourhood"":0,""pQtlColocH4Maximum"":0,""pQtlColocH4MaximumNeighbourhood"":0,""proteinGeneCount500kb"":1,""sQtlColocClppMaximum"":0,""sQtlColocClppMaximumNeighbourhood"":0,""sQtlColocH4Maximum"":0,""sQtlColocH4MaximumNeighbourhood"":0,""transPQtlColocH4Maximum"":0,""transPQtlColocH4MaximumNeighbourhood"":0,""vepMaximum"":0.2199999988079071,""vepMaximumNeighbourhood"":1,""vepMean"":0.003636281006038189,""vepMeanNeighbourhood"":1}","{""credibleSetConfidence"":0.0004902096698060632,""distanceFootprintMean"":-0.00697759073227644,""distanceFootprintMeanNeighbourhood"":0.0182233527302742,""distanceSentinelFootprint"":-0.000924130785278976,""distanceSentinelFootprintNeighbourhood"":0.13938944041728973,""distanceSentinelTss"":-0.0025267391465604305,""distanceSentinelTssNeighbourhood"":0.11604410409927368,""distanceTssMean"":-0.002414240036159754,""distanceTssMeanNeighbourhood"":0.07204603403806686,""e2gMean"":0.008531150408089161,""e2gMeanNeighbourhood"":0.06743123382329941,""eQtlColocClppMaximum"":-4.110125155420974e-05,""eQtlColocClppMaximumNeighbourhood"":-0.0006258772918954492,""eQtlColocH4Maximum"":-0.000304295594105497,""eQtlColocH4MaximumNeighbourhood"":-0.0006914271507412195,""geneCount500kb"":0.04031549021601677,""pQtlColocClppMaximum"":-0.0001519914367236197,""pQtlColocClppMaximumNeighbourhood"":-8.029818127397448e-05,""pQtlColocH4Maximum"":-0.00017916419892571867,""pQtlColocH4MaximumNeighbourhood"":0,""proteinGeneCount500kb"":0.123814158141613,""sQtlColocClppMaximum"":-0.0013859390746802092,""sQtlColocClppMaximumNeighbourhood"":-0.00042430448229424655,""sQtlColocH4Maximum"":-0.000815052364487201,""sQtlColocH4MaximumNeighbourhood"":-0.0008841159869916737,""transPQtlColocH4Maximum"":-0.0009140553884208202,""transPQtlColocH4MaximumNeighbourhood"":-0.0026506097055971622,""vepMaximum"":-0.00048324064118787646,""vepMaximumNeighbourhood"":0.06085019186139107,""vepMean"":-0.010809835977852345,""vepMeanNeighbourhood"":0.04438921436667442}",0.06940560787916183,GRCh38,high_prioritization,0.05,0.6150293350219727
Parkinson disease,ASXL3,ENSG00000141431,PD_CHR18_071,2f9e25d1a8195d90781eb14bac1b9e04,rs8091977,18,33779450,4e-09,0.7160765528678894,PICS,PICS fine-mapped credible set based on reported top hit,GCST90308590,Open Targets Platform Locus-to-Gene,ASXL transcriptional regulator 3,18_33779450_T_C,"{""distanceFootprintMean"":0.9910987019538879,""distanceFootprintMeanNeighbourhood"":1,""distanceSentinelFootprint"":0.9955671429634094,""distanceSentinelFootprintNeighbourhood"":1,""distanceSentinelTss"":0.9607589244842529,""distanceSentinelTssNeighbourhood"":1,""distanceTssMean"":0.9564789533615112,""distanceTssMeanNeighbourhood"":1}","{""eQtlColocClppMaximum"":0,""eQtlColocClppMaximumNeighbourhood"":0,""eQtlColocH4Maximum"":0,""eQtlColocH4MaximumNeighbourhood"":0,""pQtlColocClppMaximum"":0,""pQtlColocClppMaximumNeighbourhood"":0,""pQtlColocH4Maximum"":0,""pQtlColocH4MaximumNeighbourhood"":0,""sQtlColocClppMaximum"":0,""sQtlColocClppMaximumNeighbourhood"":0,""sQtlColocH4Maximum"":0,""sQtlColocH4MaximumNeighbourhood"":0,""transPQtlColocH4Maximum"":0,""transPQtlColocH4MaximumNeighbourhood"":0}","{""vepMaximum"":0.6800000071525574,""vepMaximumNeighbourhood"":1,""vepMean"":0.002094918629154563,""vepMeanNeighbourhood"":1}","{""credibleSetConfidence"":0.25,""e2gMean"":0.013305055908858776,""e2gMeanNeighbourhood"":0.8760854005813599,""geneCount500kb"":4,""proteinGeneCount500kb"":1}","{""credibleSetConfidence"":0.25,""distanceFootprintMean"":0.9910987019538879,""distanceFootprintMeanNeighbourhood"":1,""distanceSentinelFootprint"":0.9955671429634094,""distanceSentinelFootprintNeighbourhood"":1,""distanceSentinelTss"":0.9607589244842529,""distanceSentinelTssNeighbourhood"":1,""distanceTssMean"":0.9564789533615112,""distanceTssMeanNeighbourhood"":1,""e2gMean"":0.013305055908858776,""e2gMeanNeighbourhood"":0.8760854005813599,""eQtlColocClppMaximum"":0,""eQtlColocClppMaximumNeighbourhood"":0,""eQtlColocH4Maximum"":0,""eQtlColocH4MaximumNeighbourhood"":0,""geneCount500kb"":4,""pQtlColocClppMaximum"":0,""pQtlColocClppMaximumNeighbourhood"":0,""pQtlColocH4Maximum"":0,""pQtlColocH4MaximumNeighbourhood"":0,""proteinGeneCount500kb"":1,""sQtlColocClppMaximum"":0,""sQtlColocClppMaximumNeighbourhood"":0,""sQtlColocH4Maximum"":0,""sQtlColocH4MaximumNeighbourhood"":0,""transPQtlColocH4Maximum"":0,""transPQtlColocH4MaximumNeighbourhood"":0,""vepMaximum"":0.6800000071525574,""vepMaximumNeighbourhood"":1,""vepMean"":0.002094918629154563,""vepMeanNeighbourhood"":1}","{""credibleSetConfidence"":0.0006919181905686855,""distanceFootprintMean"":0.000192712846910581,""distanceFootprintMeanNeighbourhood"":0.003564543789252639,""distanceSentinelFootprint"":0.002847973257303238,""distanceSentinelFootprintNeighbourhood"":0.09708189964294434,""distanceSentinelTss"":0.012417599558830261,""distanceSentinelTssNeighbourhood"":0.10909757763147354,""distanceTssMean"":-0.0033199903555214405,""distanceTssMeanNeighbourhood"":0.06631892174482346,""e2gMean"":0.001047323807142675,""e2gMeanNeighbourhood"":0.009040447883307934,""eQtlColocClppMaximum"":0.000286044436506927,""eQtlColocClppMaximumNeighbourhood"":-0.0002009524469031021,""eQtlColocH4Maximum"":-0.0003975524741690606,""eQtlColocH4MaximumNeighbourhood"":-0.0007334962720051408,""geneCount500kb"":0.060856420546770096,""pQtlColocClppMaximum"":-0.001936539658345282,""pQtlColocClppMaximumNeighbourhood"":-0.0011289067333564162,""pQtlColocH4Maximum"":-0.0011951829073950648,""pQtlColocH4MaximumNeighbourhood"":-0.00029077069484628737,""proteinGeneCount500kb"":0.12628990411758423,""sQtlColocClppMaximum"":-0.0009327023290097713,""sQtlColocClppMaximumNeighbourhood"":-0.00011823293607449159,""sQtlColocH4Maximum"":-0.0005771293654106557,""sQtlColocH4MaximumNeighbourhood"":-0.0003475781995803118,""transPQtlColocH4Maximum"":-0.0009046649211086333,""transPQtlColocH4MaximumNeighbourhood"":-0.0026167435571551323,""vepMaximum"":0.06648445874452591,""vepMaximumNeighbourhood"":0.07417455315589905,""vepMean"":-0.01667654886841774,""vepMeanNeighbourhood"":0.06446827203035355}",0.05259302631020546,GRCh38,high_prioritization,0.05,0.6150293350219727
Parkinson disease,PKP2,ENSG00000057294,PD_CHR12_046,97a2c12e26b0765502779cb2b646396c,rs148163066,12,32826971,6.999999999999999e-11,0.7130399346351624,PICS,PICS fine-mapped credible set based on reported top hit,GCST90308590,Open Targets Platform Locus-to-Gene,plakophilin 2,12_32826971_A_G,"{""distanceFootprintMean"":1,""distanceFootprintMeanNeighbourhood"":1,""distanceSentinelFootprint"":1,""distanceSentinelFootprintNeighbourhood"":1,""distanceSentinelTss"":0.9885408282279968,""distanceSentinelTssNeighbourhood"":1,""distanceTssMean"":0.9885408282279968,""distanceTssMeanNeighbourhood"":1}","{""eQtlColocClppMaximum"":0,""eQtlColocClppMaximumNeighbourhood"":0,""eQtlColocH4Maximum"":0,""eQtlColocH4MaximumNeighbourhood"":0,""pQtlColocClppMaximum"":0,""pQtlColocClppMaximumNeighbourhood"":0,""pQtlColocH4Maximum"":0,""pQtlColocH4MaximumNeighbourhood"":0,""sQtlColocClppMaximum"":0,""sQtlColocClppMaximumNeighbourhood"":0,""sQtlColocH4Maximum"":0,""sQtlColocH4MaximumNeighbourhood"":0,""transPQtlColocH4Maximum"":0,""transPQtlColocH4MaximumNeighbourhood"":0}","{""vepMaximum"":0.3199999928474426,""vepMaximumNeighbourhood"":1,""vepMean"":0.3199999928474426,""vepMeanNeighbourhood"":1}","{""credibleSetConfidence"":0.25,""e2gMean"":0.852357029914856,""e2gMeanNeighbourhood"":1,""geneCount500kb"":16,""proteinGeneCount500kb"":3}","{""credibleSetConfidence"":0.25,""distanceFootprintMean"":1,""distanceFootprintMeanNeighbourhood"":1,""distanceSentinelFootprint"":1,""distanceSentinelFootprintNeighbourhood"":1,""distanceSentinelTss"":0.9885408282279968,""distanceSentinelTssNeighbourhood"":1,""distanceTssMean"":0.9885408282279968,""distanceTssMeanNeighbourhood"":1,""e2gMean"":0.852357029914856,""e2gMeanNeighbourhood"":1,""eQtlColocClppMaximum"":0,""eQtlColocClppMaximumNeighbourhood"":0,""eQtlColocH4Maximum"":0,""eQtlColocH4MaximumNeighbourhood"":0,""geneCount500kb"":16,""pQtlColocClppMaximum"":0,""pQtlColocClppMaximumNeighbourhood"":0,""pQtlColocH4Maximum"":0,""pQtlColocH4MaximumNeighbourhood"":0,""proteinGeneCount500kb"":3,""sQtlColocClppMaximum"":0,""sQtlColocClppMaximumNeighbourhood"":0,""sQtlColocH4Maximum"":0,""sQtlColocH4MaximumNeighbourhood"":0,""transPQtlColocH4Maximum"":0,""transPQtlColocH4MaximumNeighbourhood"":0,""vepMaximum"":0.3199999928474426,""vepMaximumNeighbourhood"":1,""vepMean"":0.3199999928474426,""vepMeanNeighbourhood"":1}","{""credibleSetConfidence"":0.00034828323987312615,""distanceFootprintMean"":0.00450765248388052,""distanceFootprintMeanNeighbourhood"":0.02462201938033104,""distanceSentinelFootprint"":0.012052074074745178,""distanceSentinelFootprintNeighbourhood"":0.14416444301605225,""distanceSentinelTss"":-0.01665242202579975,""distanceSentinelTssNeighbourhood"":0.09561356157064438,""distanceTssMean"":-0.006280398461967707,""distanceTssMeanNeighbourhood"":0.06886990368366241,""e2gMean"":0.013928506523370743,""e2gMeanNeighbourhood"":0.06492859870195389,""eQtlColocClppMaximum"":-0.00043659881339408457,""eQtlColocClppMaximumNeighbourhood"":-0.0012008086778223515,""eQtlColocH4Maximum"":-0.0005285485531203449,""eQtlColocH4MaximumNeighbourhood"":-0.0009161473717540503,""geneCount500kb"":0.013965848833322525,""pQtlColocClppMaximum"":-0.004177902825176716,""pQtlColocClppMaximumNeighbourhood"":-0.0016097957268357277,""pQtlColocH4Maximum"":-0.0020901639945805073,""pQtlColocH4MaximumNeighbourhood"":-0.0007402655901387334,""proteinGeneCount500kb"":0.06770429015159607,""sQtlColocClppMaximum"":-0.0003425929171498865,""sQtlColocClppMaximumNeighbourhood"":-0.00045437144581228495,""sQtlColocH4Maximum"":-0.00018679203640203923,""sQtlColocH4MaximumNeighbourhood"":-0.0006287533324211836,""transPQtlColocH4Maximum"":-0.0016541230725124478,""transPQtlColocH4MaximumNeighbourhood"":-0.006746790837496519,""vepMaximum"":0.01327228732407093,""vepMaximumNeighbourhood"":0.11107796430587769,""vepMean"":0.009373072534799576,""vepMeanNeighbourhood"":0.04995077848434448}",0.06330708414316177,GRCh38,high_prioritization,0.05,0.6150293350219727
Parkinson disease,SLC18B1,ENSG00000146409,PD_CHR06_033,1dbafcbc9c4d6dcfbff2f84b031d9bfb,rs41286192,6,132797077,3e-11,0.702358067035675,PICS,PICS fine-mapped credible set based on reported top hit,GCST90308590,Open Targets Platform Locus-to-Gene,solute carrier family 18 member B1,6_132797077_A_G,"{""distanceFootprintMean"":0.9921405911445618,""distanceFootprintMeanNeighbourhood"":1,""distanceSentinelFootprint"":1,""distanceSentinelFootprintNeighbourhood"":1,""distanceSentinelTss"":0.9997618794441223,""distanceSentinelTssNeighbourhood"":1,""distanceTssMean"":0.9916428923606873,""distanceTssMeanNeighbourhood"":1}","{""eQtlColocClppMaximum"":0,""eQtlColocClppMaximumNeighbourhood"":0,""eQtlColocH4Maximum"":0,""eQtlColocH4MaximumNeighbourhood"":0,""pQtlColocClppMaximum"":0,""pQtlColocClppMaximumNeighbourhood"":0,""pQtlColocH4Maximum"":0,""pQtlColocH4MaximumNeighbourhood"":0,""sQtlColocClppMaximum"":0,""sQtlColocClppMaximumNeighbourhood"":0,""sQtlColocH4Maximum"":0,""sQtlColocH4MaximumNeighbourhood"":0,""transPQtlColocH4Maximum"":0,""transPQtlColocH4MaximumNeighbourhood"":0}","{""vepMaximum"":0.6800000071525574,""vepMaximumNeighbourhood"":1,""vepMean"":0.05690264701843262,""vepMeanNeighbourhood"":1}","{""credibleSetConfidence"":0.25,""e2gMean"":0.3514748513698578,""e2gMeanNeighbourhood"":1,""geneCount500kb"":32,""proteinGeneCount500kb"":9}","{""credibleSetConfidence"":0.25,""distanceFootprintMean"":0.9921405911445618,""distanceFootprintMeanNeighbourhood"":1,""distanceSentinelFootprint"":1,""distanceSentinelFootprintNeighbourhood"":1,""distanceSentinelTss"":0.9997618794441223,""distanceSentinelTssNeighbourhood"":1,""distanceTssMean"":0.9916428923606873,""distanceTssMeanNeighbourhood"":1,""e2gMean"":0.3514748513698578,""e2gMeanNeighbourhood"":1,""eQtlColocClppMaximum"":0,""eQtlColocClppMaximumNeighbourhood"":0,""eQtlColocH4Maximum"":0,""eQtlColocH4MaximumNeighbourhood"":0,""geneCount500kb"":32,""pQtlColocClppMaximum"":0,""pQtlColocClppMaximumNeighbourhood"":0,""pQtlColocH4Maximum"":0,""pQtlColocH4MaximumNeighbourhood"":0,""proteinGeneCount500kb"":9,""sQtlColocClppMaximum"":0,""sQtlColocClppMaximumNeighbourhood"":0,""sQtlColocH4Maximum"":0,""sQtlColocH4MaximumNeighbourhood"":0,""transPQtlColocH4Maximum"":0,""transPQtlColocH4MaximumNeighbourhood"":0,""vepMaximum"":0.6800000071525574,""vepMaximumNeighbourhood"":1,""vepMean"":0.05690264701843262,""vepMeanNeighbourhood"":1}","{""credibleSetConfidence"":0.0002444397541694343,""distanceFootprintMean"":0.0041824644431471825,""distanceFootprintMeanNeighbourhood"":0.021076573058962822,""distanceSentinelFootprint"":0.021966276690363884,""distanceSentinelFootprintNeighbourhood"":0.13987496495246887,""distanceSentinelTss"":-0.013990246690809727,""distanceSentinelTssNeighbourhood"":0.09643763303756714,""distanceTssMean"":0.0069158622063696384,""distanceTssMeanNeighbourhood"":0.04865816608071327,""e2gMean"":0.01789284311234951,""e2gMeanNeighbourhood"":0.06899873912334442,""eQtlColocClppMaximum"":-0.0010910234414041042,""eQtlColocClppMaximumNeighbourhood"":-0.002270470606163144,""eQtlColocH4Maximum"":-0.00086978729814291,""eQtlColocH4MaximumNeighbourhood"":-0.002297481754794717,""geneCount500kb"":-0.008828486315906048,""pQtlColocClppMaximum"":0,""pQtlColocClppMaximumNeighbourhood"":0,""pQtlColocH4Maximum"":0,""pQtlColocH4MaximumNeighbourhood"":0,""proteinGeneCount500kb"":0.016247864812612534,""sQtlColocClppMaximum"":-0.0007936033653095365,""sQtlColocClppMaximumNeighbourhood"":-0.0005960753769613802,""sQtlColocH4Maximum"":-0.000388019165256992,""sQtlColocH4MaximumNeighbourhood"":-0.0017524281283840537,""transPQtlColocH4Maximum"":-0.0016356457490473986,""transPQtlColocH4MaximumNeighbourhood"":-0.005125623196363449,""vepMaximum"":0.07801396399736404,""vepMaximumNeighbourhood"":0.0811983272433281,""vepMean"":0.005241279490292072,""vepMeanNeighbourhood"":0.05872870609164238}",0.07631883025169373,GRCh38,high_prioritization,0.05,0.6150293350219727
Parkinson disease,ALG10,ENSG00000139133,PD_CHR12_047,f9b779f48569ccfa8fe2520d08d8f71e,rs4421827,12,33974571,2e-14,0.7019623517990112,PICS,PICS fine-mapped credible set based on reported top hit,GCST90308590,Open Targets Platform Locus-to-Gene,"ALG10 alpha-1,2-glucosyltransferase",12_33974571_G_A,"{""distanceFootprintMean"":0.965110719203949,""distanceFootprintMeanNeighbourhood"":1,""distanceSentinelFootprint"":0.9923215508460999,""distanceSentinelFootprintNeighbourhood"":1,""distanceSentinelTss"":0.9923215508460999,""distanceSentinelTssNeighbourhood"":1,""distanceTssMean"":0.9647688269615173,""distanceTssMeanNeighbourhood"":1}","{""eQtlColocClppMaximum"":0,""eQtlColocClppMaximumNeighbourhood"":0,""eQtlColocH4Maximum"":0,""eQtlColocH4MaximumNeighbourhood"":0,""pQtlColocClppMaximum"":0,""pQtlColocClppMaximumNeighbourhood"":0,""pQtlColocH4Maximum"":0,""pQtlColocH4MaximumNeighbourhood"":0,""sQtlColocClppMaximum"":0,""sQtlColocClppMaximumNeighbourhood"":0,""sQtlColocH4Maximum"":0,""sQtlColocH4MaximumNeighbourhood"":0,""transPQtlColocH4Maximum"":0,""transPQtlColocH4MaximumNeighbourhood"":0}","{""vepMaximum"":0.2199999988079071,""vepMaximumNeighbourhood"":1,""vepMean"":0.020790990442037582,""vepMeanNeighbourhood"":1}","{""credibleSetConfidence"":0.25,""e2gMean"":0,""e2gMeanNeighbourhood"":0,""geneCount500kb"":13,""proteinGeneCount500kb"":1}","{""credibleSetConfidence"":0.25,""distanceFootprintMean"":0.965110719203949,""distanceFootprintMeanNeighbourhood"":1,""distanceSentinelFootprint"":0.9923215508460999,""distanceSentinelFootprintNeighbourhood"":1,""distanceSentinelTss"":0.9923215508460999,""distanceSentinelTssNeighbourhood"":1,""distanceTssMean"":0.9647688269615173,""distanceTssMeanNeighbourhood"":1,""e2gMean"":0,""e2gMeanNeighbourhood"":0,""eQtlColocClppMaximum"":0,""eQtlColocClppMaximumNeighbourhood"":0,""eQtlColocH4Maximum"":0,""eQtlColocH4MaximumNeighbourhood"":0,""geneCount500kb"":13,""pQtlColocClppMaximum"":0,""pQtlColocClppMaximumNeighbourhood"":0,""pQtlColocH4Maximum"":0,""pQtlColocH4MaximumNeighbourhood"":0,""proteinGeneCount500kb"":1,""sQtlColocClppMaximum"":0,""sQtlColocClppMaximumNeighbourhood"":0,""sQtlColocH4Maximum"":0,""sQtlColocH4MaximumNeighbourhood"":0,""transPQtlColocH4Maximum"":0,""transPQtlColocH4MaximumNeighbourhood"":0,""vepMaximum"":0.2199999988079071,""vepMaximumNeighbourhood"":1,""vepMean"":0.020790990442037582,""vepMeanNeighbourhood"":1}","{""credibleSetConfidence"":0.0005475895595736802,""distanceFootprintMean"":-0.017237581312656403,""distanceFootprintMeanNeighbourhood"":0.017793720588088036,""distanceSentinelFootprint"":-0.0007808990776538849,""distanceSentinelFootprintNeighbourhood"":0.1360081434249878,""distanceSentinelTss"":0.003971229773014784,""distanceSentinelTssNeighbourhood"":0.12768110632896423,""distanceTssMean"":-0.0002994149981532246,""distanceTssMeanNeighbourhood"":0.0796440914273262,""e2gMean"":-0.0006150355329737067,""e2gMeanNeighbourhood"":-0.002919670892879367,""eQtlColocClppMaximum"":-0.0002143119927495718,""eQtlColocClppMaximumNeighbourhood"":-0.0009192798752337694,""eQtlColocH4Maximum"":-0.0005876547074876726,""eQtlColocH4MaximumNeighbourhood"":-0.0009811230702325702,""geneCount500kb"":0.052132416516542435,""pQtlColocClppMaximum"":-0.004580122418701649,""pQtlColocClppMaximumNeighbourhood"":-0.0018775516655296087,""pQtlColocH4Maximum"":-0.0024746914859861135,""pQtlColocH4MaximumNeighbourhood"":-0.0007466067327186465,""proteinGeneCount500kb"":0.13678672909736633,""sQtlColocClppMaximum"":-0.00013301616127137095,""sQtlColocClppMaximumNeighbourhood"":-0.0004154742928221822,""sQtlColocH4Maximum"":-0.00011085980804637074,""sQtlColocH4MaximumNeighbourhood"":-0.0004176434886176139,""transPQtlColocH4Maximum"":-0.0016955577302724123,""transPQtlColocH4MaximumNeighbourhood"":-0.006970662623643875,""vepMaximum"":0.00011212038225494325,""vepMaximumNeighbourhood"":0.06986255943775177,""vepMean"":0.00023439207870978862,""vepMeanNeighbourhood"":0.05785834416747093}",0.06330708414316177,GRCh38,high_prioritization,0.05,0.6150293350219727
Parkinson disease,SLC2A13,ENSG00000151229,PD_CHR12_048,2c3245c431e1080e62236340d5909691,rs28370650,12,40006146,3e-33,0.700274646282196,PICS,PICS fine-mapped credible set based on reported top hit,GCST90308590,Open Targets Platform Locus-to-Gene,solute carrier family 2 member 13,12_40006146_T_A,"{""distanceFootprintMean"":0.9942903518676758,""distanceFootprintMeanNeighbourhood"":1,""distanceSentinelFootprint"":1,""distanceSentinelFootprintNeighbourhood"":1,""distanceSentinelTss"":0.9830076098442078,""distanceSentinelTssNeighbourhood"":1,""distanceTssMean"":0.9825439453125,""distanceTssMeanNeighbourhood"":1}","{""eQtlColocClppMaximum"":0,""eQtlColocClppMaximumNeighbourhood"":0,""eQtlColocH4Maximum"":0,""eQtlColocH4MaximumNeighbourhood"":0,""pQtlColocClppMaximum"":0,""pQtlColocClppMaximumNeighbourhood"":0,""pQtlColocH4Maximum"":0,""pQtlColocH4MaximumNeighbourhood"":0,""sQtlColocClppMaximum"":0,""sQtlColocClppMaximumNeighbourhood"":0,""sQtlColocH4Maximum"":0,""sQtlColocH4MaximumNeighbourhood"":0,""transPQtlColocH4Maximum"":0,""transPQtlColocH4MaximumNeighbourhood"":0}","{""vepMaximum"":0.6800000071525574,""vepMaximumNeighbourhood"":1,""vepMean"":0.009290225803852081,""vepMeanNeighbourhood"":0.7449073195457458}","{""credibleSetConfidence"":0.25,""e2gMean"":0.07364286482334137,""e2gMeanNeighbourhood"":1,""geneCount500kb"":10,""proteinGeneCount500kb"":2}","{""credibleSetConfidence"":0.25,""distanceFootprintMean"":0.9942903518676758,""distanceFootprintMeanNeighbourhood"":1,""distanceSentinelFootprint"":1,""distanceSentinelFootprintNeighbourhood"":1,""distanceSentinelTss"":0.9830076098442078,""distanceSentinelTssNeighbourhood"":1,""distanceTssMean"":0.9825439453125,""distanceTssMeanNeighbourhood"":1,""e2gMean"":0.07364286482334137,""e2gMeanNeighbourhood"":1,""eQtlColocClppMaximum"":0,""eQtlColocClppMaximumNeighbourhood"":0,""eQtlColocH4Maximum"":0,""eQtlColocH4MaximumNeighbourhood"":0,""geneCount500kb"":10,""pQtlColocClppMaximum"":0,""pQtlColocClppMaximumNeighbourhood"":0,""pQtlColocH4Maximum"":0,""pQtlColocH4MaximumNeighbourhood"":0,""proteinGeneCount500kb"":2,""sQtlColocClppMaximum"":0,""sQtlColocClppMaximumNeighbourhood"":0,""sQtlColocH4Maximum"":0,""sQtlColocH4MaximumNeighbourhood"":0,""transPQtlColocH4Maximum"":0,""transPQtlColocH4MaximumNeighbourhood"":0,""vepMaximum"":0.6800000071525574,""vepMaximumNeighbourhood"":1,""vepMean"":0.009290225803852081,""vepMeanNeighbourhood"":0.7449073195457458}","{""credibleSetConfidence"":0.0005246874061413109,""distanceFootprintMean"":-0.00469318637624383,""distanceFootprintMeanNeighbourhood"":0.011187883093953133,""distanceSentinelFootprint"":0.010049701668322086,""distanceSentinelFootprintNeighbourhood"":0.12719780206680298,""distanceSentinelTss"":-0.011264265514910221,""distanceSentinelTssNeighbourhood"":0.10008445382118225,""distanceTssMean"":-0.005292071495205164,""distanceTssMeanNeighbourhood"":0.0673789381980896,""e2gMean"":0.006842809729278088,""e2gMeanNeighbourhood"":0.0623311810195446,""eQtlColocClppMaximum"":-0.0005037536611780524,""eQtlColocClppMaximumNeighbourhood"":-0.001508459448814392,""eQtlColocH4Maximum"":-0.00045316529576666653,""eQtlColocH4MaximumNeighbourhood"":-0.0007409132667817175,""geneCount500kb"":0.04977069050073624,""pQtlColocClppMaximum"":-0.004203449469059706,""pQtlColocClppMaximumNeighbourhood"":-0.0015817171661183238,""pQtlColocH4Maximum"":-0.0025149111170321703,""pQtlColocH4MaximumNeighbourhood"":-0.0006574487197212875,""proteinGeneCount500kb"":0.0992758497595787,""sQtlColocClppMaximum"":-0.00030013019568286836,""sQtlColocClppMaximumNeighbourhood"":-0.0004150278400629759,""sQtlColocH4Maximum"":-0.0001170734321931377,""sQtlColocH4MaximumNeighbourhood"":-0.0005850837333127856,""transPQtlColocH4Maximum"":-0.0016371745150536299,""transPQtlColocH4MaximumNeighbourhood"":-0.006101435981690884,""vepMaximum"":0.06427865475416183,""vepMaximumNeighbourhood"":0.0854492112994194,""vepMean"":-0.013413195498287678,""vepMeanNeighbourhood"":0.008578069508075714}",0.06330708414316177,GRCh38,high_prioritization,0.05,0.6150293350219727
Parkinson disease,SPPL2B,ENSG00000005206,PD_CHR19_074,8a461a2c971ef86ed5a5d9b2c23e1354,rs55818311,19,2341049,1e-09,0.6948310136795044,PICS,PICS fine-mapped credible set based on reported top hit,GCST90308590,Open Targets Platform Locus-to-Gene,signal peptide peptidase like 2B,19_2341049_C_T,"{""distanceFootprintMean"":0.9997134208679199,""distanceFootprintMeanNeighbourhood"":1,""distanceSentinelFootprint"":1,""distanceSentinelFootprintNeighbourhood"":1,""distanceSentinelTss"":0.9980917572975159,""distanceSentinelTssNeighbourhood"":1,""distanceTssMean"":0.9978051781654358,""distanceTssMeanNeighbourhood"":1}","{""eQtlColocClppMaximum"":0,""eQtlColocClppMaximumNeighbourhood"":0,""eQtlColocH4Maximum"":0,""eQtlColocH4MaximumNeighbourhood"":0,""pQtlColocClppMaximum"":0,""pQtlColocClppMaximumNeighbourhood"":0,""pQtlColocH4Maximum"":0,""pQtlColocH4MaximumNeighbourhood"":0,""sQtlColocClppMaximum"":0.9276015758514404,""sQtlColocClppMaximumNeighbourhood"":1,""sQtlColocH4Maximum"":0.9999796748161316,""sQtlColocH4MaximumNeighbourhood"":1,""transPQtlColocH4Maximum"":0,""transPQtlColocH4MaximumNeighbourhood"":0}","{""vepMaximum"":0.3199999928474426,""vepMaximumNeighbourhood"":1,""vepMean"":0.31879889965057373,""vepMeanNeighbourhood"":1}","{""credibleSetConfidence"":0.25,""e2gMean"":0.8322339653968811,""e2gMeanNeighbourhood"":1,""geneCount500kb"":31,""proteinGeneCount500kb"":17}","{""credibleSetConfidence"":0.25,""distanceFootprintMean"":0.9997134208679199,""distanceFootprintMeanNeighbourhood"":1,""distanceSentinelFootprint"":1,""distanceSentinelFootprintNeighbourhood"":1,""distanceSentinelTss"":0.9980917572975159,""distanceSentinelTssNeighbourhood"":1,""distanceTssMean"":0.9978051781654358,""distanceTssMeanNeighbourhood"":1,""e2gMean"":0.8322339653968811,""e2gMeanNeighbourhood"":1,""eQtlColocClppMaximum"":0,""eQtlColocClppMaximumNeighbourhood"":0,""eQtlColocH4Maximum"":0,""eQtlColocH4MaximumNeighbourhood"":0,""geneCount500kb"":31,""pQtlColocClppMaximum"":0,""pQtlColocClppMaximumNeighbourhood"":0,""pQtlColocH4Maximum"":0,""pQtlColocH4MaximumNeighbourhood"":0,""proteinGeneCount500kb"":17,""sQtlColocClppMaximum"":0.9276015758514404,""sQtlColocClppMaximumNeighbourhood"":1,""sQtlColocH4Maximum"":0.9999796748161316,""sQtlColocH4MaximumNeighbourhood"":1,""transPQtlColocH4Maximum"":0,""transPQtlColocH4MaximumNeighbourhood"":0,""vepMaximum"":0.3199999928474426,""vepMaximumNeighbourhood"":1,""vepMean"":0.31879889965057373,""vepMeanNeighbourhood"":1}","{""credibleSetConfidence"":0.0005843405961059034,""distanceFootprintMean"":0.010557794943451881,""distanceFootprintMeanNeighbourhood"":0.027966199442744255,""distanceSentinelFootprint"":0.01778765581548214,""distanceSentinelFootprintNeighbourhood"":0.12074514478445053,""distanceSentinelTss"":-0.011472183279693127,""distanceSentinelTssNeighbourhood"":0.06939220428466797,""distanceTssMean"":0.013431495055556297,""distanceTssMeanNeighbourhood"":0.0658729076385498,""e2gMean"":0.03446810692548752,""e2gMeanNeighbourhood"":0.0749882310628891,""eQtlColocClppMaximum"":-0.0005552721559070051,""eQtlColocClppMaximumNeighbourhood"":-0.0008151340880431235,""eQtlColocH4Maximum"":-0.00019188430451322347,""eQtlColocH4MaximumNeighbourhood"":-0.000886336958501488,""geneCount500kb"":-0.002351784147322178,""pQtlColocClppMaximum"":-0.0011088434839621186,""pQtlColocClppMaximumNeighbourhood"":-0.00031494422000832856,""pQtlColocH4Maximum"":-0.0011237323051318526,""pQtlColocH4MaximumNeighbourhood"":0,""proteinGeneCount500kb"":-0.050722114741802216,""sQtlColocClppMaximum"":0.052310843020677567,""sQtlColocClppMaximumNeighbourhood"":0.010763478465378284,""sQtlColocH4Maximum"":0.020760925486683846,""sQtlColocH4MaximumNeighbourhood"":0.024174418300390244,""transPQtlColocH4Maximum"":-0.0006628666305914521,""transPQtlColocH4MaximumNeighbourhood"":-0.002862008986994624,""vepMaximum"":0.0030903262086212635,""vepMaximumNeighbourhood"":0.08809880167245865,""vepMean"":0.011179954744875431,""vepMeanNeighbourhood"":0.03263382241129875}",0.08909149467945099,GRCh38,high_prioritization,0.05,0.6150293350219727
Parkinson disease,FAM47E,ENSG00000189157,PD_CHR04_023,1e924521aa2b80f1e6f0db4da634f37c,rs6854006,4,76276901,2e-19,0.6943575739860535,PICS,PICS fine-mapped credible set based on reported top hit,GCST90308590,Open Targets Platform Locus-to-Gene,family with sequence similarity 47 member E,4_76276901_C_T,"{""distanceFootprintMean"":0.9999915957450867,""distanceFootprintMeanNeighbourhood"":1,""distanceSentinelFootprint"":1,""distanceSentinelFootprintNeighbourhood"":1,""distanceSentinelTss"":0.9960622787475586,""distanceSentinelTssNeighbourhood"":1,""distanceTssMean"":0.9960371851921082,""distanceTssMeanNeighbourhood"":1}","{""eQtlColocClppMaximum"":0.0866558700799942,""eQtlColocClppMaximumNeighbourhood"":1,""eQtlColocH4Maximum"":0.9901365637779236,""eQtlColocH4MaximumNeighbourhood"":1,""pQtlColocClppMaximum"":0,""pQtlColocClppMaximumNeighbourhood"":0,""pQtlColocH4Maximum"":0,""pQtlColocH4MaximumNeighbourhood"":0,""sQtlColocClppMaximum"":0.08872286230325699,""sQtlColocClppMaximumNeighbourhood"":1,""sQtlColocH4Maximum"":0.990386962890625,""sQtlColocH4MaximumNeighbourhood"":1,""transPQtlColocH4Maximum"":0,""transPQtlColocH4MaximumNeighbourhood"":0}","{""vepMaximum"":0.3199999928474426,""vepMaximumNeighbourhood"":1,""vepMean"":0.029087698087096214,""vepMeanNeighbourhood"":1}","{""credibleSetConfidence"":0.25,""e2gMean"":0,""e2gMeanNeighbourhood"":0,""geneCount500kb"":20,""proteinGeneCount500kb"":9}","{""credibleSetConfidence"":0.25,""distanceFootprintMean"":0.9999915957450867,""distanceFootprintMeanNeighbourhood"":1,""distanceSentinelFootprint"":1,""distanceSentinelFootprintNeighbourhood"":1,""distanceSentinelTss"":0.9960622787475586,""distanceSentinelTssNeighbourhood"":1,""distanceTssMean"":0.9960371851921082,""distanceTssMeanNeighbourhood"":1,""e2gMean"":0,""e2gMeanNeighbourhood"":0,""eQtlColocClppMaximum"":0.0866558700799942,""eQtlColocClppMaximumNeighbourhood"":1,""eQtlColocH4Maximum"":0.9901365637779236,""eQtlColocH4MaximumNeighbourhood"":1,""geneCount500kb"":20,""pQtlColocClppMaximum"":0,""pQtlColocClppMaximumNeighbourhood"":0,""pQtlColocH4Maximum"":0,""pQtlColocH4MaximumNeighbourhood"":0,""proteinGeneCount500kb"":9,""sQtlColocClppMaximum"":0.08872286230325699,""sQtlColocClppMaximumNeighbourhood"":1,""sQtlColocH4Maximum"":0.990386962890625,""sQtlColocH4MaximumNeighbourhood"":1,""transPQtlColocH4Maximum"":0,""transPQtlColocH4MaximumNeighbourhood"":0,""vepMaximum"":0.3199999928474426,""vepMaximumNeighbourhood"":1,""vepMean"":0.029087698087096214,""vepMeanNeighbourhood"":1}","{""credibleSetConfidence"":0.0007041738135740161,""distanceFootprintMean"":0.01589464768767357,""distanceFootprintMeanNeighbourhood"":0.019727641716599464,""distanceSentinelFootprint"":0.017127016559243202,""distanceSentinelFootprintNeighbourhood"":0.1223689615726471,""distanceSentinelTss"":-0.006866458337754011,""distanceSentinelTssNeighbourhood"":0.13373799622058868,""distanceTssMean"":0.0114987101405859,""distanceTssMeanNeighbourhood"":0.0675814226269722,""e2gMean"":-0.001163290347903967,""e2gMeanNeighbourhood"":-0.002367441775277257,""eQtlColocClppMaximum"":0.013495207764208317,""eQtlColocClppMaximumNeighbourhood"":0.021943967789411545,""eQtlColocH4Maximum"":0.018821388483047485,""eQtlColocH4MaximumNeighbourhood"":0.01652119681239128,""geneCount500kb"":0.005551825277507305,""pQtlColocClppMaximum"":0,""pQtlColocClppMaximumNeighbourhood"":0,""pQtlColocH4Maximum"":0,""pQtlColocH4MaximumNeighbourhood"":0,""proteinGeneCount500kb"":0.0034358941484242678,""sQtlColocClppMaximum"":0.010001118294894695,""sQtlColocClppMaximumNeighbourhood"":0.012038213200867176,""sQtlColocH4Maximum"":0.009017786011099815,""sQtlColocH4MaximumNeighbourhood"":0.020023923367261887,""transPQtlColocH4Maximum"":0,""transPQtlColocH4MaximumNeighbourhood"":0,""vepMaximum"":0.0036894737277179956,""vepMaximumNeighbourhood"":0.08032073080539703,""vepMean"":-0.004892055410891771,""vepMeanNeighbourhood"":0.05080575495958328}",0.05533972755074501,GRCh38,high_prioritization,0.05,0.6150293350219727
Parkinson disease,FBRSL1,ENSG00000112787,PD_CHR12_052,798ef74d91d0316096bbaf61adbe5394,rs11610045,12,132487182,4.9999999999999995e-11,0.6778879165649414,PICS,PICS fine-mapped credible set based on reported top hit,GCST90308590,Open Targets Platform Locus-to-Gene,fibrosin like 1,12_132487182_G_A,"{""distanceFootprintMean"":0.9968363642692566,""distanceFootprintMeanNeighbourhood"":1,""distanceSentinelFootprint"":0.9995461702346802,""distanceSentinelFootprintNeighbourhood"":1,""distanceSentinelTss"":0.9995461702346802,""distanceSentinelTssNeighbourhood"":1,""distanceTssMean"":0.9968363642692566,""distanceTssMeanNeighbourhood"":1}","{""eQtlColocClppMaximum"":0,""eQtlColocClppMaximumNeighbourhood"":0,""eQtlColocH4Maximum"":0,""eQtlColocH4MaximumNeighbourhood"":0,""pQtlColocClppMaximum"":0,""pQtlColocClppMaximumNeighbourhood"":0,""pQtlColocH4Maximum"":0,""pQtlColocH4MaximumNeighbourhood"":0,""sQtlColocClppMaximum"":0,""sQtlColocClppMaximumNeighbourhood"":0,""sQtlColocH4Maximum"":0,""sQtlColocH4MaximumNeighbourhood"":0,""transPQtlColocH4Maximum"":0,""transPQtlColocH4MaximumNeighbourhood"":0}","{""vepMaximum"":0.2199999988079071,""vepMaximumNeighbourhood"":1,""vepMean"":0.07078444957733154,""vepMeanNeighbourhood"":0.7710025906562805}","{""credibleSetConfidence"":0.25,""e2gMean"":0.4287865459918976,""e2gMeanNeighbourhood"":1,""geneCount500kb"":36,""proteinGeneCount500kb"":7}","{""credibleSetConfidence"":0.25,""distanceFootprintMean"":0.9968363642692566,""distanceFootprintMeanNeighbourhood"":1,""distanceSentinelFootprint"":0.9995461702346802,""distanceSentinelFootprintNeighbourhood"":1,""distanceSentinelTss"":0.9995461702346802,""distanceSentinelTssNeighbourhood"":1,""distanceTssMean"":0.9968363642692566,""distanceTssMeanNeighbourhood"":1,""e2gMean"":0.4287865459918976,""e2gMeanNeighbourhood"":1,""eQtlColocClppMaximum"":0,""eQtlColocClppMaximumNeighbourhood"":0,""eQtlColocH4Maximum"":0,""eQtlColocH4MaximumNeighbourhood"":0,""geneCount500kb"":36,""pQtlColocClppMaximum"":0,""pQtlColocClppMaximumNeighbourhood"":0,""pQtlColocH4Maximum"":0,""pQtlColocH4MaximumNeighbourhood"":0,""proteinGeneCount500kb"":7,""sQtlColocClppMaximum"":0,""sQtlColocClppMaximumNeighbourhood"":0,""sQtlColocH4Maximum"":0,""sQtlColocH4MaximumNeighbourhood"":0,""transPQtlColocH4Maximum"":0,""transPQtlColocH4MaximumNeighbourhood"":0,""vepMaximum"":0.2199999988079071,""vepMaximumNeighbourhood"":1,""vepMean"":0.07078444957733154,""vepMeanNeighbourhood"":0.7710025906562805}","{""credibleSetConfidence"":0.00043034093687310815,""distanceFootprintMean"":0.01133538968861103,""distanceFootprintMeanNeighbourhood"":0.030463432893157005,""distanceSentinelFootprint"":0.008719943463802338,""distanceSentinelFootprintNeighbourhood"":0.1480685919523239,""distanceSentinelTss"":-0.005865636747330427,""distanceSentinelTssNeighbourhood"":0.10449473559856415,""distanceTssMean"":0.013836205936968327,""distanceTssMeanNeighbourhood"":0.05850613862276077,""e2gMean"":0.02742050215601921,""e2gMeanNeighbourhood"":0.10617052018642426,""eQtlColocClppMaximum"":-0.0012447917833924294,""eQtlColocClppMaximumNeighbourhood"":-0.00314699811860919,""eQtlColocH4Maximum"":-0.0008426044369116426,""eQtlColocH4MaximumNeighbourhood"":-0.0021426365710794926,""geneCount500kb"":0.008285319432616234,""pQtlColocClppMaximum"":-0.002424597507342696,""pQtlColocClppMaximumNeighbourhood"":-0.0008663941989652812,""pQtlColocH4Maximum"":-0.0016710148192942142,""pQtlColocH4MaximumNeighbourhood"":-0.0002473446656949818,""proteinGeneCount500kb"":0.022596340626478195,""sQtlColocClppMaximum"":-0.001774587552063167,""sQtlColocClppMaximumNeighbourhood"":-0.0009040557197295129,""sQtlColocH4Maximum"":-0.0013500535860657692,""sQtlColocH4MaximumNeighbourhood"":-0.0021405545994639397,""transPQtlColocH4Maximum"":-0.0015596231678500772,""transPQtlColocH4MaximumNeighbourhood"":-0.004404578823596239,""vepMaximum"":0.002106579253450036,""vepMaximumNeighbourhood"":0.09384486824274063,""vepMean"":0.0003779271792154759,""vepMeanNeighbourhood"":0.011941281147301197}",0.059875279664993286,GRCh38,high_prioritization,0.05,0.6150293350219727
Parkinson disease,RIMS1,ENSG00000079841,PD_CHR06_031,4b65b08c63cc0ebe8ffe639e66d33902,rs12528068,6,71778059,7e-12,0.67091304063797,PICS,PICS fine-mapped credible set based on reported top hit,GCST90308590,Open Targets Platform Locus-to-Gene,regulating synaptic membrane exocytosis 1,6_71778059_C_T,"{""distanceFootprintMean"":0.9821650981903076,""distanceFootprintMeanNeighbourhood"":1,""distanceSentinelFootprint"":0.981360137462616,""distanceSentinelFootprintNeighbourhood"":1,""distanceSentinelTss"":0.981360137462616,""distanceSentinelTssNeighbourhood"":1,""distanceTssMean"":0.9821650385856628,""distanceTssMeanNeighbourhood"":1}","{""eQtlColocClppMaximum"":0,""eQtlColocClppMaximumNeighbourhood"":0,""eQtlColocH4Maximum"":0,""eQtlColocH4MaximumNeighbourhood"":0,""pQtlColocClppMaximum"":0,""pQtlColocClppMaximumNeighbourhood"":0,""pQtlColocH4Maximum"":0,""pQtlColocH4MaximumNeighbourhood"":0,""sQtlColocClppMaximum"":0,""sQtlColocClppMaximumNeighbourhood"":0,""sQtlColocH4Maximum"":0,""sQtlColocH4MaximumNeighbourhood"":0,""transPQtlColocH4Maximum"":0,""transPQtlColocH4MaximumNeighbourhood"":0}","{""vepMaximum"":0.2199999988079071,""vepMaximumNeighbourhood"":1,""vepMean"":0.03141573816537857,""vepMeanNeighbourhood"":1}","{""credibleSetConfidence"":0.25,""e2gMean"":0,""e2gMeanNeighbourhood"":0,""geneCount500kb"":7,""proteinGeneCount500kb"":1}","{""credibleSetConfidence"":0.25,""distanceFootprintMean"":0.9821650981903076,""distanceFootprintMeanNeighbourhood"":1,""distanceSentinelFootprint"":0.981360137462616,""distanceSentinelFootprintNeighbourhood"":1,""distanceSentinelTss"":0.981360137462616,""distanceSentinelTssNeighbourhood"":1,""distanceTssMean"":0.9821650385856628,""distanceTssMeanNeighbourhood"":1,""e2gMean"":0,""e2gMeanNeighbourhood"":0,""eQtlColocClppMaximum"":0,""eQtlColocClppMaximumNeighbourhood"":0,""eQtlColocH4Maximum"":0,""eQtlColocH4MaximumNeighbourhood"":0,""geneCount500kb"":7,""pQtlColocClppMaximum"":0,""pQtlColocClppMaximumNeighbourhood"":0,""pQtlColocH4Maximum"":0,""pQtlColocH4MaximumNeighbourhood"":0,""proteinGeneCount500kb"":1,""sQtlColocClppMaximum"":0,""sQtlColocClppMaximumNeighbourhood"":0,""sQtlColocH4Maximum"":0,""sQtlColocH4MaximumNeighbourhood"":0,""transPQtlColocH4Maximum"":0,""transPQtlColocH4MaximumNeighbourhood"":0,""vepMaximum"":0.2199999988079071,""vepMaximumNeighbourhood"":1,""vepMean"":0.03141573816537857,""vepMeanNeighbourhood"":1}","{""credibleSetConfidence"":0.0016122737433761358,""distanceFootprintMean"":-0.013891492038965225,""distanceFootprintMeanNeighbourhood"":0.016790295019745827,""distanceSentinelFootprint"":-0.006819676607847214,""distanceSentinelFootprintNeighbourhood"":0.1147552952170372,""distanceSentinelTss"":-0.0004728045023512095,""distanceSentinelTssNeighbourhood"":0.11775372922420502,""distanceTssMean"":-0.0011579853016883135,""distanceTssMeanNeighbourhood"":0.0671340599656105,""e2gMean"":-0.0009890494402498007,""e2gMeanNeighbourhood"":-0.002305801259353757,""eQtlColocClppMaximum"":-0.0003390085475984961,""eQtlColocClppMaximumNeighbourhood"":-0.0016145661938935518,""eQtlColocH4Maximum"":-0.0005557875265367329,""eQtlColocH4MaximumNeighbourhood"":-0.0013698989059776068,""geneCount500kb"":0.059557750821113586,""pQtlColocClppMaximum"":0,""pQtlColocClppMaximumNeighbourhood"":0,""pQtlColocH4Maximum"":0,""pQtlColocH4MaximumNeighbourhood"":0,""proteinGeneCount500kb"":0.13556697964668274,""sQtlColocClppMaximum"":-0.0013591715833172202,""sQtlColocClppMaximumNeighbourhood"":-0.0005777844926342368,""sQtlColocH4Maximum"":-0.000847339688334614,""sQtlColocH4MaximumNeighbourhood"":-0.0004367019864730537,""transPQtlColocH4Maximum"":-0.0012824449222534895,""transPQtlColocH4MaximumNeighbourhood"":-0.004444333259016275,""vepMaximum"":-0.0028965959791094065,""vepMaximumNeighbourhood"":0.0699693039059639,""vepMean"":-0.0023668017238378525,""vepMeanNeighbourhood"":0.06350301951169968}",0.06799758225679398,GRCh38,high_prioritization,0.05,0.6150293350219727
Parkinson disease,SEC23IP,ENSG00000107651,PD_CHR10_042,73c7501597a8395fc0fb977252fc6ecf,rs118117788,10,119950976,4e-23,0.6697301864624023,PICS,PICS fine-mapped credible set based on reported top hit,GCST90308590,Open Targets Platform Locus-to-Gene,SEC23 interacting protein,10_119950976_C_T,"{""distanceFootprintMean"":0.9961982369422913,""distanceFootprintMeanNeighbourhood"":1,""distanceSentinelFootprint"":0.9990307688713074,""distanceSentinelFootprintNeighbourhood"":1,""distanceSentinelTss"":0.9905615448951721,""distanceSentinelTssNeighbourhood"":1,""distanceTssMean"":0.989568829536438,""distanceTssMeanNeighbourhood"":1}","{""eQtlColocClppMaximum"":0,""eQtlColocClppMaximumNeighbourhood"":0,""eQtlColocH4Maximum"":0,""eQtlColocH4MaximumNeighbourhood"":0,""pQtlColocClppMaximum"":0,""pQtlColocClppMaximumNeighbourhood"":0,""pQtlColocH4Maximum"":0,""pQtlColocH4MaximumNeighbourhood"":0,""sQtlColocClppMaximum"":0,""sQtlColocClppMaximumNeighbourhood"":0,""sQtlColocH4Maximum"":0,""sQtlColocH4MaximumNeighbourhood"":0,""transPQtlColocH4Maximum"":0,""transPQtlColocH4MaximumNeighbourhood"":0}","{""vepMaximum"":0.3199999928474426,""vepMaximumNeighbourhood"":1,""vepMean"":0.05287841707468033,""vepMeanNeighbourhood"":0.9539396166801453}","{""credibleSetConfidence"":0.25,""e2gMean"":0,""e2gMeanNeighbourhood"":0,""geneCount500kb"":12,""proteinGeneCount500kb"":3}","{""credibleSetConfidence"":0.25,""distanceFootprintMean"":0.9961982369422913,""distanceFootprintMeanNeighbourhood"":1,""distanceSentinelFootprint"":0.9990307688713074,""distanceSentinelFootprintNeighbourhood"":1,""distanceSentinelTss"":0.9905615448951721,""distanceSentinelTssNeighbourhood"":1,""distanceTssMean"":0.989568829536438,""distanceTssMeanNeighbourhood"":1,""e2gMean"":0,""e2gMeanNeighbourhood"":0,""eQtlColocClppMaximum"":0,""eQtlColocClppMaximumNeighbourhood"":0,""eQtlColocH4Maximum"":0,""eQtlColocH4MaximumNeighbourhood"":0,""geneCount500kb"":12,""pQtlColocClppMaximum"":0,""pQtlColocClppMaximumNeighbourhood"":0,""pQtlColocH4Maximum"":0,""pQtlColocH4MaximumNeighbourhood"":0,""proteinGeneCount500kb"":3,""sQtlColocClppMaximum"":0,""sQtlColocClppMaximumNeighbourhood"":0,""sQtlColocH4Maximum"":0,""sQtlColocH4MaximumNeighbourhood"":0,""transPQtlColocH4Maximum"":0,""transPQtlColocH4MaximumNeighbourhood"":0,""vepMaximum"":0.3199999928474426,""vepMaximumNeighbourhood"":1,""vepMean"":0.05287841707468033,""vepMeanNeighbourhood"":0.9539396166801453}","{""credibleSetConfidence"":0.0005975313833914697,""distanceFootprintMean"":0.011917403899133205,""distanceFootprintMeanNeighbourhood"":0.016178397461771965,""distanceSentinelFootprint"":0.014125403948128223,""distanceSentinelFootprintNeighbourhood"":0.12037024646997452,""distanceSentinelTss"":-0.003564824117347598,""distanceSentinelTssNeighbourhood"":0.12548235058784485,""distanceTssMean"":-0.0014913777122274041,""distanceTssMeanNeighbourhood"":0.08172000199556351,""e2gMean"":-0.0008166612824425101,""e2gMeanNeighbourhood"":-0.002371088368818164,""eQtlColocClppMaximum"":-0.0007188739255070686,""eQtlColocClppMaximumNeighbourhood"":-0.0021357806399464607,""eQtlColocH4Maximum"":-0.0008895443170331419,""eQtlColocH4MaximumNeighbourhood"":-0.0017459496157243848,""geneCount500kb"":0.036478105932474136,""pQtlColocClppMaximum"":-0.0008493414497934282,""pQtlColocClppMaximumNeighbourhood"":-0.00034262530971318483,""pQtlColocH4Maximum"":-0.0005089149926789105,""pQtlColocH4MaximumNeighbourhood"":0,""proteinGeneCount500kb"":0.06558309495449066,""sQtlColocClppMaximum"":-0.0016960622742772102,""sQtlColocClppMaximumNeighbourhood"":-0.0012659557396546006,""sQtlColocH4Maximum"":-0.0013201587134972215,""sQtlColocH4MaximumNeighbourhood"":-0.0020654064137488604,""transPQtlColocH4Maximum"":-0.0018804576247930527,""transPQtlColocH4MaximumNeighbourhood"":-0.006027840077877045,""vepMaximum"":0.00855265837162733,""vepMaximumNeighbourhood"":0.10202396661043167,""vepMean"":-0.0034670752938836813,""vepMeanNeighbourhood"":0.05076650157570839}",0.06909242272377014,GRCh38,high_prioritization,0.05,0.6150293350219727
Parkinson disease,MCCC1,ENSG00000078070,PD_CHR03_019,6b4412018b3b46e39eaf2a795e0c86ff,rs10513789,3,183042285,6e-50,0.6534242630004883,PICS,PICS fine-mapped credible set based on reported top hit,GCST90308590,Open Targets Platform Locus-to-Gene,methylcrotonyl-CoA carboxylase subunit 1,3_183042285_T_G,"{""distanceFootprintMean"":0.9985374212265015,""distanceFootprintMeanNeighbourhood"":1,""distanceSentinelFootprint"":1,""distanceSentinelFootprintNeighbourhood"":1,""distanceSentinelTss"":0.9907398819923401,""distanceSentinelTssNeighbourhood"":1,""distanceTssMean"":0.986981213092804,""distanceTssMeanNeighbourhood"":0.9961065053939819}","{""eQtlColocClppMaximum"":0,""eQtlColocClppMaximumNeighbourhood"":0,""eQtlColocH4Maximum"":0,""eQtlColocH4MaximumNeighbourhood"":0,""pQtlColocClppMaximum"":0,""pQtlColocClppMaximumNeighbourhood"":0,""pQtlColocH4Maximum"":0,""pQtlColocH4MaximumNeighbourhood"":0,""sQtlColocClppMaximum"":0,""sQtlColocClppMaximumNeighbourhood"":0,""sQtlColocH4Maximum"":0,""sQtlColocH4MaximumNeighbourhood"":0,""transPQtlColocH4Maximum"":0,""transPQtlColocH4MaximumNeighbourhood"":0}","{""vepMaximum"":0.3199999928474426,""vepMaximumNeighbourhood"":1,""vepMean"":0.02627798169851303,""vepMeanNeighbourhood"":1}","{""credibleSetConfidence"":0.25,""e2gMean"":0,""e2gMeanNeighbourhood"":0,""geneCount500kb"":16,""proteinGeneCount500kb"":5}","{""credibleSetConfidence"":0.25,""distanceFootprintMean"":0.9985374212265015,""distanceFootprintMeanNeighbourhood"":1,""distanceSentinelFootprint"":1,""distanceSentinelFootprintNeighbourhood"":1,""distanceSentinelTss"":0.9907398819923401,""distanceSentinelTssNeighbourhood"":1,""distanceTssMean"":0.986981213092804,""distanceTssMeanNeighbourhood"":0.9961065053939819,""e2gMean"":0,""e2gMeanNeighbourhood"":0,""eQtlColocClppMaximum"":0,""eQtlColocClppMaximumNeighbourhood"":0,""eQtlColocH4Maximum"":0,""eQtlColocH4MaximumNeighbourhood"":0,""geneCount500kb"":16,""pQtlColocClppMaximum"":0,""pQtlColocClppMaximumNeighbourhood"":0,""pQtlColocH4Maximum"":0,""pQtlColocH4MaximumNeighbourhood"":0,""proteinGeneCount500kb"":5,""sQtlColocClppMaximum"":0,""sQtlColocClppMaximumNeighbourhood"":0,""sQtlColocH4Maximum"":0,""sQtlColocH4MaximumNeighbourhood"":0,""transPQtlColocH4Maximum"":0,""transPQtlColocH4MaximumNeighbourhood"":0,""vepMaximum"":0.3199999928474426,""vepMaximumNeighbourhood"":1,""vepMean"":0.02627798169851303,""vepMeanNeighbourhood"":1}","{""credibleSetConfidence"":0.0010394395794719458,""distanceFootprintMean"":0.017461933195590973,""distanceFootprintMeanNeighbourhood"":0.027263790369033813,""distanceSentinelFootprint"":0.02206486091017723,""distanceSentinelFootprintNeighbourhood"":0.1678917557001114,""distanceSentinelTss"":-0.011055507697165012,""distanceSentinelTssNeighbourhood"":0.11836639791727066,""distanceTssMean"":-0.0025130982976406813,""distanceTssMeanNeighbourhood"":0.04831826314330101,""e2gMean"":-0.0006185584352351725,""e2gMeanNeighbourhood"":-0.0027285388205200434,""eQtlColocClppMaximum"":-0.0003715924103744328,""eQtlColocClppMaximumNeighbourhood"":-0.0006813754444010556,""eQtlColocH4Maximum"":-0.0004420047625899315,""eQtlColocH4MaximumNeighbourhood"":-0.00027149709057994187,""geneCount500kb"":0.027720758691430092,""pQtlColocClppMaximum"":-0.002190664643421769,""pQtlColocClppMaximumNeighbourhood"":-0.0006598715553991497,""pQtlColocH4Maximum"":-0.0008548045298084617,""pQtlColocH4MaximumNeighbourhood"":-0.0004502941155806184,""proteinGeneCount500kb"":0.043396856635808945,""sQtlColocClppMaximum"":-7.482341607101262e-05,""sQtlColocClppMaximumNeighbourhood"":-0.00039757462218403816,""sQtlColocH4Maximum"":-6.712860340485349e-05,""sQtlColocH4MaximumNeighbourhood"":-0.0008861455135047436,""transPQtlColocH4Maximum"":0,""transPQtlColocH4MaximumNeighbourhood"":0,""vepMaximum"":0.010635930113494396,""vepMaximumNeighbourhood"":0.1022130474448204,""vepMean"":-0.004300393629819155,""vepMeanNeighbourhood"":0.06390859186649323}",0.031706444919109344,GRCh38,high_prioritization,0.05,0.6150293350219727
Parkinson disease,LCORL,ENSG00000178177,PD_CHR04_022,43cca9beb1307ea30018f9b3e6cb0394,rs7673321,4,17956065,8e-11,0.6404941082000732,PICS,PICS fine-mapped credible set based on reported top hit,GCST90308590,Open Targets Platform Locus-to-Gene,ligand dependent nuclear receptor corepressor like,4_17956065_T_A,"{""distanceFootprintMean"":0.996096134185791,""distanceFootprintMeanNeighbourhood"":1,""distanceSentinelFootprint"":1,""distanceSentinelFootprintNeighbourhood"":1,""distanceSentinelTss"":0.9892664551734924,""distanceSentinelTssNeighbourhood"":1,""distanceTssMean"":0.9886642694473267,""distanceTssMeanNeighbourhood"":1}","{""eQtlColocClppMaximum"":0,""eQtlColocClppMaximumNeighbourhood"":0,""eQtlColocH4Maximum"":0,""eQtlColocH4MaximumNeighbourhood"":0,""pQtlColocClppMaximum"":0,""pQtlColocClppMaximumNeighbourhood"":0,""pQtlColocH4Maximum"":0,""pQtlColocH4MaximumNeighbourhood"":0,""sQtlColocClppMaximum"":0,""sQtlColocClppMaximumNeighbourhood"":0,""sQtlColocH4Maximum"":0,""sQtlColocH4MaximumNeighbourhood"":0,""transPQtlColocH4Maximum"":0,""transPQtlColocH4MaximumNeighbourhood"":0}","{""vepMaximum"":0.3199999928474426,""vepMaximumNeighbourhood"":1,""vepMean"":0.0015525415074080229,""vepMeanNeighbourhood"":1}","{""credibleSetConfidence"":0.25,""e2gMean"":0.028432369232177734,""e2gMeanNeighbourhood"":1,""geneCount500kb"":7,""proteinGeneCount500kb"":4}","{""credibleSetConfidence"":0.25,""distanceFootprintMean"":0.996096134185791,""distanceFootprintMeanNeighbourhood"":1,""distanceSentinelFootprint"":1,""distanceSentinelFootprintNeighbourhood"":1,""distanceSentinelTss"":0.9892664551734924,""distanceSentinelTssNeighbourhood"":1,""distanceTssMean"":0.9886642694473267,""distanceTssMeanNeighbourhood"":1,""e2gMean"":0.028432369232177734,""e2gMeanNeighbourhood"":1,""eQtlColocClppMaximum"":0,""eQtlColocClppMaximumNeighbourhood"":0,""eQtlColocH4Maximum"":0,""eQtlColocH4MaximumNeighbourhood"":0,""geneCount500kb"":7,""pQtlColocClppMaximum"":0,""pQtlColocClppMaximumNeighbourhood"":0,""pQtlColocH4Maximum"":0,""pQtlColocH4MaximumNeighbourhood"":0,""proteinGeneCount500kb"":4,""sQtlColocClppMaximum"":0,""sQtlColocClppMaximumNeighbourhood"":0,""sQtlColocH4Maximum"":0,""sQtlColocH4MaximumNeighbourhood"":0,""transPQtlColocH4Maximum"":0,""transPQtlColocH4MaximumNeighbourhood"":0,""vepMaximum"":0.3199999928474426,""vepMaximumNeighbourhood"":1,""vepMean"":0.0015525415074080229,""vepMeanNeighbourhood"":1}","{""credibleSetConfidence"":0.0006471289088949561,""distanceFootprintMean"":0.0048406911082565784,""distanceFootprintMeanNeighbourhood"":0.018350807949900627,""distanceSentinelFootprint"":0.011537936516106129,""distanceSentinelFootprintNeighbourhood"":0.1201941967010498,""distanceSentinelTss"":-0.018222695216536522,""distanceSentinelTssNeighbourhood"":0.09669362753629684,""distanceTssMean"":-0.00520668737590313,""distanceTssMeanNeighbourhood"":0.0629868358373642,""e2gMean"":0.007044176571071148,""e2gMeanNeighbourhood"":0.05986626818776131,""eQtlColocClppMaximum"":-0.00024483210290782154,""eQtlColocClppMaximumNeighbourhood"":-0.0011985343880951405,""eQtlColocH4Maximum"":-0.0006105591310188174,""eQtlColocH4MaximumNeighbourhood"":-0.0013061206554993987,""geneCount500kb"":0.05086425319314003,""pQtlColocClppMaximum"":-0.0014850341249257326,""pQtlColocClppMaximumNeighbourhood"":-0.000419021729612723,""pQtlColocH4Maximum"":-0.0012092801043763757,""pQtlColocH4MaximumNeighbourhood"":0,""proteinGeneCount500kb"":0.05871996656060219,""sQtlColocClppMaximum"":-0.0006917561404407024,""sQtlColocClppMaximumNeighbourhood"":-0.00039348777499981225,""sQtlColocH4Maximum"":-0.00024694573949091136,""sQtlColocH4MaximumNeighbourhood"":-0.0010463242651894689,""transPQtlColocH4Maximum"":0,""transPQtlColocH4MaximumNeighbourhood"":0,""vepMaximum"":0.007970619946718216,""vepMaximumNeighbourhood"":0.09363115578889847,""vepMean"":-0.01360737532377243,""vepMeanNeighbourhood"":0.05159653723239899}",0.04143852740526199,GRCh38,high_prioritization,0.05,0.6150293350219727
Parkinson disease,ELOVL7,ENSG00000164181,PD_CHR05_027,9840f5d6f7096f80fa7acf2b9bd26d23,rs1867598,5,60842132,7e-22,0.6225336194038391,PICS,PICS fine-mapped credible set based on reported top hit,GCST90308590,Open Targets Platform Locus-to-Gene,ELOVL fatty acid elongase 7,5_60842132_A_G,"{""distanceFootprintMean"":0.9861273765563965,""distanceFootprintMeanNeighbourhood"":0.991696298122406,""distanceSentinelFootprint"":1,""distanceSentinelFootprintNeighbourhood"":1,""distanceSentinelTss"":0.99967360496521,""distanceSentinelTssNeighbourhood"":1,""distanceTssMean"":0.9860600233078003,""distanceTssMeanNeighbourhood"":0.9982221126556396}","{""eQtlColocClppMaximum"":0,""eQtlColocClppMaximumNeighbourhood"":0,""eQtlColocH4Maximum"":0,""eQtlColocH4MaximumNeighbourhood"":0,""pQtlColocClppMaximum"":0,""pQtlColocClppMaximumNeighbourhood"":0,""pQtlColocH4Maximum"":0,""pQtlColocH4MaximumNeighbourhood"":0,""sQtlColocClppMaximum"":0,""sQtlColocClppMaximumNeighbourhood"":0,""sQtlColocH4Maximum"":0,""sQtlColocH4MaximumNeighbourhood"":0,""transPQtlColocH4Maximum"":0,""transPQtlColocH4MaximumNeighbourhood"":0}","{""vepMaximum"":0.3199999928474426,""vepMaximumNeighbourhood"":1,""vepMean"":0.006280767731368542,""vepMeanNeighbourhood"":0.8925235867500305}","{""credibleSetConfidence"":0.25,""e2gMean"":0.19808287918567657,""e2gMeanNeighbourhood"":1,""geneCount500kb"":9,""proteinGeneCount500kb"":4}","{""credibleSetConfidence"":0.25,""distanceFootprintMean"":0.9861273765563965,""distanceFootprintMeanNeighbourhood"":0.991696298122406,""distanceSentinelFootprint"":1,""distanceSentinelFootprintNeighbourhood"":1,""distanceSentinelTss"":0.99967360496521,""distanceSentinelTssNeighbourhood"":1,""distanceTssMean"":0.9860600233078003,""distanceTssMeanNeighbourhood"":0.9982221126556396,""e2gMean"":0.19808287918567657,""e2gMeanNeighbourhood"":1,""eQtlColocClppMaximum"":0,""eQtlColocClppMaximumNeighbourhood"":0,""eQtlColocH4Maximum"":0,""eQtlColocH4MaximumNeighbourhood"":0,""geneCount500kb"":9,""pQtlColocClppMaximum"":0,""pQtlColocClppMaximumNeighbourhood"":0,""pQtlColocH4Maximum"":0,""pQtlColocH4MaximumNeighbourhood"":0,""proteinGeneCount500kb"":4,""sQtlColocClppMaximum"":0,""sQtlColocClppMaximumNeighbourhood"":0,""sQtlColocH4Maximum"":0,""sQtlColocH4MaximumNeighbourhood"":0,""transPQtlColocH4Maximum"":0,""transPQtlColocH4MaximumNeighbourhood"":0,""vepMaximum"":0.3199999928474426,""vepMaximumNeighbourhood"":1,""vepMean"":0.006280767731368542,""vepMeanNeighbourhood"":0.8925235867500305}","{""credibleSetConfidence"":0.0005510902847163379,""distanceFootprintMean"":-0.01226668432354927,""distanceFootprintMeanNeighbourhood"":0.0043634758330881596,""distanceSentinelFootprint"":0.0090582724660635,""distanceSentinelFootprintNeighbourhood"":0.10547199845314026,""distanceSentinelTss"":-0.016573647037148476,""distanceSentinelTssNeighbourhood"":0.08796018362045288,""distanceTssMean"":-0.003773038275539875,""distanceTssMeanNeighbourhood"":0.07838679105043411,""e2gMean"":0.010738345794379711,""e2gMeanNeighbourhood"":0.07671207934617996,""eQtlColocClppMaximum"":-0.0004950595321133733,""eQtlColocClppMaximumNeighbourhood"":-0.0015551275573670864,""eQtlColocH4Maximum"":-0.0002992951194755733,""eQtlColocH4MaximumNeighbourhood"":-0.0006461747689172626,""geneCount500kb"":0.04627573862671852,""pQtlColocClppMaximum"":-0.0009041660814546049,""pQtlColocClppMaximumNeighbourhood"":-0.00033064407762140036,""pQtlColocH4Maximum"":-0.0006433820817619562,""pQtlColocH4MaximumNeighbourhood"":1.8417451428831555e-05,""proteinGeneCount500kb"":0.05897602066397667,""sQtlColocClppMaximum"":-0.0009199708583764732,""sQtlColocClppMaximumNeighbourhood"":-0.0009280935628339648,""sQtlColocH4Maximum"":-0.0002541539433877915,""sQtlColocH4MaximumNeighbourhood"":-0.0012835398083552718,""transPQtlColocH4Maximum"":0,""transPQtlColocH4MaximumNeighbourhood"":0,""vepMaximum"":0.007175196427851915,""vepMaximumNeighbourhood"":0.09921520948410034,""vepMean"":0.0011804628884419799,""vepMeanNeighbourhood"":0.03243584930896759}",0.0448874868452549,GRCh38,high_prioritization,0.05,0.6150293350219727
Parkinson disease,SLC50A1,ENSG00000169241,PD_CHR01_002,32b726309ce69671e5eadf6258ed8a7e,rs35682329,1,155148667,1e-75,0.6150293350219727,PICS,PICS fine-mapped credible set based on reported top hit,GCST90308590,Open Targets Platform Locus-to-Gene,solute carrier family 50 member 1,1_155148667_A_G,"{""distanceFootprintMean"":0.9991698861122131,""distanceFootprintMeanNeighbourhood"":1,""distanceSentinelFootprint"":0.9984893798828125,""distanceSentinelFootprintNeighbourhood"":0.9997392296791077,""distanceSentinelTss"":0.9980213642120361,""distanceSentinelTssNeighbourhood"":0.9992706775665283,""distanceTssMean"":0.998930811882019,""distanceTssMeanNeighbourhood"":0.9999759793281555}","{""eQtlColocClppMaximum"":0.474741667509079,""eQtlColocClppMaximumNeighbourhood"":1,""eQtlColocH4Maximum"":0.9990010261535645,""eQtlColocH4MaximumNeighbourhood"":1,""pQtlColocClppMaximum"":0,""pQtlColocClppMaximumNeighbourhood"":0,""pQtlColocH4Maximum"":0,""pQtlColocH4MaximumNeighbourhood"":0,""sQtlColocClppMaximum"":0.232147216796875,""sQtlColocClppMaximumNeighbourhood"":1,""sQtlColocH4Maximum"":0.9969195127487183,""sQtlColocH4MaximumNeighbourhood"":1,""transPQtlColocH4Maximum"":0,""transPQtlColocH4MaximumNeighbourhood"":0}","{""vepMaximum"":0.2199999988079071,""vepMaximumNeighbourhood"":1,""vepMean"":0.10477700084447861,""vepMeanNeighbourhood"":0.9530365467071533}","{""credibleSetConfidence"":0.25,""e2gMean"":0.48313888907432556,""e2gMeanNeighbourhood"":1,""geneCount500kb"":53,""proteinGeneCount500kb"":31}","{""credibleSetConfidence"":0.25,""distanceFootprintMean"":0.9991698861122131,""distanceFootprintMeanNeighbourhood"":1,""distanceSentinelFootprint"":0.9984893798828125,""distanceSentinelFootprintNeighbourhood"":0.9997392296791077,""distanceSentinelTss"":0.9980213642120361,""distanceSentinelTssNeighbourhood"":0.9992706775665283,""distanceTssMean"":0.998930811882019,""distanceTssMeanNeighbourhood"":0.9999759793281555,""e2gMean"":0.48313888907432556,""e2gMeanNeighbourhood"":1,""eQtlColocClppMaximum"":0.474741667509079,""eQtlColocClppMaximumNeighbourhood"":1,""eQtlColocH4Maximum"":0.9990010261535645,""eQtlColocH4MaximumNeighbourhood"":1,""geneCount500kb"":53,""pQtlColocClppMaximum"":0,""pQtlColocClppMaximumNeighbourhood"":0,""pQtlColocH4Maximum"":0,""pQtlColocH4MaximumNeighbourhood"":0,""proteinGeneCount500kb"":31,""sQtlColocClppMaximum"":0.232147216796875,""sQtlColocClppMaximumNeighbourhood"":1,""sQtlColocH4Maximum"":0.9969195127487183,""sQtlColocH4MaximumNeighbourhood"":1,""transPQtlColocH4Maximum"":0,""transPQtlColocH4MaximumNeighbourhood"":0,""vepMaximum"":0.2199999988079071,""vepMaximumNeighbourhood"":1,""vepMean"":0.10477700084447861,""vepMeanNeighbourhood"":0.9530365467071533}","{""credibleSetConfidence"":0.0004932143492624164,""distanceFootprintMean"":0.007186162751168013,""distanceFootprintMeanNeighbourhood"":0.02273046039044857,""distanceSentinelFootprint"":-0.002389335772022605,""distanceSentinelFootprintNeighbourhood"":0.08997184038162231,""distanceSentinelTss"":-0.0051774983294308186,""distanceSentinelTssNeighbourhood"":0.08997243642807007,""distanceTssMean"":0.0158573929220438,""distanceTssMeanNeighbourhood"":0.06759196519851685,""e2gMean"":0.030453478917479515,""e2gMeanNeighbourhood"":0.08815514296293259,""eQtlColocClppMaximum"":0.017649468034505844,""eQtlColocClppMaximumNeighbourhood"":0.02433534525334835,""eQtlColocH4Maximum"":0.018852366134524345,""eQtlColocH4MaximumNeighbourhood"":0.022497834637761116,""geneCount500kb"":-0.05349884182214737,""pQtlColocClppMaximum"":-0.0013697214890271425,""pQtlColocClppMaximumNeighbourhood"":-0.0009512971737422049,""pQtlColocH4Maximum"":-0.0013499108608812094,""pQtlColocH4MaximumNeighbourhood"":-0.00011181315494468436,""proteinGeneCount500kb"":-0.051728036254644394,""sQtlColocClppMaximum"":0.04986393451690674,""sQtlColocClppMaximumNeighbourhood"":0.01123126968741417,""sQtlColocH4Maximum"":0.03135497868061066,""sQtlColocH4MaximumNeighbourhood"":0.025702930986881256,""transPQtlColocH4Maximum"":-0.000987216946668923,""transPQtlColocH4MaximumNeighbourhood"":-0.00354885496199131,""vepMaximum"":-0.0023636578116565943,""vepMaximumNeighbourhood"":0.04287539795041084,""vepMean"":-0.0011694688582792878,""vepMeanNeighbourhood"":0.005965731106698513}",0.07693363726139069,GRCh38,high_prioritization,0.05,0.6150293350219727
Parkinson disease,DLG2,ENSG00000150672,PD_CHR11_044,205d43eb159b23bbe66b421d895af3c5,rs6592142,11,83798730,5e-12,0.607625424861908,PICS,PICS fine-mapped credible set based on reported top hit,GCST90308590,Open Targets Platform Locus-to-Gene,discs large MAGUK scaffold protein 2,11_83798730_C_T,"{""distanceFootprintMean"":0.9967232346534729,""distanceFootprintMeanNeighbourhood"":1,""distanceSentinelFootprint"":1,""distanceSentinelFootprintNeighbourhood"":1,""distanceSentinelTss"":0,""distanceSentinelTssNeighbourhood"":0,""distanceTssMean"":0,""distanceTssMeanNeighbourhood"":0}","{""eQtlColocClppMaximum"":0,""eQtlColocClppMaximumNeighbourhood"":0,""eQtlColocH4Maximum"":0,""eQtlColocH4MaximumNeighbourhood"":0,""pQtlColocClppMaximum"":0,""pQtlColocClppMaximumNeighbourhood"":0,""pQtlColocH4Maximum"":0,""pQtlColocH4MaximumNeighbourhood"":0,""sQtlColocClppMaximum"":0,""sQtlColocClppMaximumNeighbourhood"":0,""sQtlColocH4Maximum"":0,""sQtlColocH4MaximumNeighbourhood"":0,""transPQtlColocH4Maximum"":0,""transPQtlColocH4MaximumNeighbourhood"":0}","{""vepMaximum"":0.3199999928474426,""vepMaximumNeighbourhood"":1,""vepMean"":0.008758059702813625,""vepMeanNeighbourhood"":1}","{""credibleSetConfidence"":0.25,""e2gMean"":0,""e2gMeanNeighbourhood"":0,""geneCount500kb"":4,""proteinGeneCount500kb"":0}","{""credibleSetConfidence"":0.25,""distanceFootprintMean"":0.9967232346534729,""distanceFootprintMeanNeighbourhood"":1,""distanceSentinelFootprint"":1,""distanceSentinelFootprintNeighbourhood"":1,""distanceSentinelTss"":0,""distanceSentinelTssNeighbourhood"":0,""distanceTssMean"":0,""distanceTssMeanNeighbourhood"":0,""e2gMean"":0,""e2gMeanNeighbourhood"":0,""eQtlColocClppMaximum"":0,""eQtlColocClppMaximumNeighbourhood"":0,""eQtlColocH4Maximum"":0,""eQtlColocH4MaximumNeighbourhood"":0,""geneCount500kb"":4,""pQtlColocClppMaximum"":0,""pQtlColocClppMaximumNeighbourhood"":0,""pQtlColocH4Maximum"":0,""pQtlColocH4MaximumNeighbourhood"":0,""proteinGeneCount500kb"":0,""sQtlColocClppMaximum"":0,""sQtlColocClppMaximumNeighbourhood"":0,""sQtlColocH4Maximum"":0,""sQtlColocH4MaximumNeighbourhood"":0,""transPQtlColocH4Maximum"":0,""transPQtlColocH4MaximumNeighbourhood"":0,""vepMaximum"":0.3199999928474426,""vepMaximumNeighbourhood"":1,""vepMean"":0.008758059702813625,""vepMeanNeighbourhood"":1}","{""credibleSetConfidence"":0.002614364493638277,""distanceFootprintMean"":0.011146733537316322,""distanceFootprintMeanNeighbourhood"":0.03168646991252899,""distanceSentinelFootprint"":0.02169807255268097,""distanceSentinelFootprintNeighbourhood"":0.1694788783788681,""distanceSentinelTss"":0.014399911276996136,""distanceSentinelTssNeighbourhood"":-0.025464320555329323,""distanceTssMean"":0.015885770320892334,""distanceTssMeanNeighbourhood"":-0.008407979272305965,""e2gMean"":-0.00212827674113214,""e2gMeanNeighbourhood"":-0.0071874032728374004,""eQtlColocClppMaximum"":0.0007232868811115623,""eQtlColocClppMaximumNeighbourhood"":-0.0006613555597141385,""eQtlColocH4Maximum"":-0.00030266446992754936,""eQtlColocH4MaximumNeighbourhood"":-0.0008902617264539003,""geneCount500kb"":0.03789040818810463,""pQtlColocClppMaximum"":-0.0004212412750348449,""pQtlColocClppMaximumNeighbourhood"":-0.00024174469581339508,""pQtlColocH4Maximum"":-0.0003850512730423361,""pQtlColocH4MaximumNeighbourhood"":0,""proteinGeneCount500kb"":0.11743444949388504,""sQtlColocClppMaximum"":-0.0005609128857031465,""sQtlColocClppMaximumNeighbourhood"":-3.364854137544171e-06,""sQtlColocH4Maximum"":-0.0003610191633924842,""sQtlColocH4MaximumNeighbourhood"":-0.00027946560294367373,""transPQtlColocH4Maximum"":-0.0010603562695905566,""transPQtlColocH4MaximumNeighbourhood"":-0.0049561671912670135,""vepMaximum"":0.018426910042762756,""vepMaximumNeighbourhood"":0.07575444877147675,""vepMean"":-0.0014980057021602988,""vepMeanNeighbourhood"":0.0660724937915802}",0.07922279089689255,GRCh38,moderate_prioritization,0.05,0.6150293350219727
Parkinson disease,CAMK2D,ENSG00000145349,PD_CHR04_025,d204fd6006cfd62423c05e28743e170b,rs13117519,4,113447909,3e-11,0.6061360836029053,PICS,PICS fine-mapped credible set based on reported top hit,GCST90308590,Open Targets Platform Locus-to-Gene,calcium/calmodulin dependent protein kinase II delta,4_113447909_C_T,"{""distanceFootprintMean"":0.9957309365272522,""distanceFootprintMeanNeighbourhood"":1,""distanceSentinelFootprint"":0.9995225071907043,""distanceSentinelFootprintNeighbourhood"":1,""distanceSentinelTss"":0.9247133135795593,""distanceSentinelTssNeighbourhood"":1,""distanceTssMean"":0.920156717300415,""distanceTssMeanNeighbourhood"":1}","{""eQtlColocClppMaximum"":0.0012981409672647715,""eQtlColocClppMaximumNeighbourhood"":1,""eQtlColocH4Maximum"":0.5882449150085449,""eQtlColocH4MaximumNeighbourhood"":1,""pQtlColocClppMaximum"":0,""pQtlColocClppMaximumNeighbourhood"":0,""pQtlColocH4Maximum"":0,""pQtlColocH4MaximumNeighbourhood"":0,""sQtlColocClppMaximum"":0.000454047170933336,""sQtlColocClppMaximumNeighbourhood"":1,""sQtlColocH4Maximum"":0.33298805356025696,""sQtlColocH4MaximumNeighbourhood"":1,""transPQtlColocH4Maximum"":0,""transPQtlColocH4MaximumNeighbourhood"":0}","{""vepMaximum"":0.3700000047683716,""vepMaximumNeighbourhood"":1,""vepMean"":0.028599249199032784,""vepMeanNeighbourhood"":1}","{""credibleSetConfidence"":0.25,""e2gMean"":0,""e2gMeanNeighbourhood"":0,""geneCount500kb"":7,""proteinGeneCount500kb"":0}","{""credibleSetConfidence"":0.25,""distanceFootprintMean"":0.9957309365272522,""distanceFootprintMeanNeighbourhood"":1,""distanceSentinelFootprint"":0.9995225071907043,""distanceSentinelFootprintNeighbourhood"":1,""distanceSentinelTss"":0.9247133135795593,""distanceSentinelTssNeighbourhood"":1,""distanceTssMean"":0.920156717300415,""distanceTssMeanNeighbourhood"":1,""e2gMean"":0,""e2gMeanNeighbourhood"":0,""eQtlColocClppMaximum"":0.0012981409672647715,""eQtlColocClppMaximumNeighbourhood"":1,""eQtlColocH4Maximum"":0.5882449150085449,""eQtlColocH4MaximumNeighbourhood"":1,""geneCount500kb"":7,""pQtlColocClppMaximum"":0,""pQtlColocClppMaximumNeighbourhood"":0,""pQtlColocH4Maximum"":0,""pQtlColocH4MaximumNeighbourhood"":0,""proteinGeneCount500kb"":0,""sQtlColocClppMaximum"":0.000454047170933336,""sQtlColocClppMaximumNeighbourhood"":1,""sQtlColocH4Maximum"":0.33298805356025696,""sQtlColocH4MaximumNeighbourhood"":1,""transPQtlColocH4Maximum"":0,""transPQtlColocH4MaximumNeighbourhood"":0,""vepMaximum"":0.3700000047683716,""vepMaximumNeighbourhood"":1,""vepMean"":0.028599249199032784,""vepMeanNeighbourhood"":1}","{""credibleSetConfidence"":0.0010142335668206215,""distanceFootprintMean"":-0.0016679679974913597,""distanceFootprintMeanNeighbourhood"":0.008054869249463081,""distanceSentinelFootprint"":0.007683413103222847,""distanceSentinelFootprintNeighbourhood"":0.07776109874248505,""distanceSentinelTss"":-0.010994017124176025,""distanceSentinelTssNeighbourhood"":0.12423256784677505,""distanceTssMean"":-0.012909087352454662,""distanceTssMeanNeighbourhood"":0.06002267077565193,""e2gMean"":-0.0011557094985619187,""e2gMeanNeighbourhood"":-0.00397905008867383,""eQtlColocClppMaximum"":0.0017440897645428777,""eQtlColocClppMaximumNeighbourhood"":0.010187787003815174,""eQtlColocH4Maximum"":-0.0002305053494637832,""eQtlColocH4MaximumNeighbourhood"":0.012922246009111404,""geneCount500kb"":0.037672363221645355,""pQtlColocClppMaximum"":-0.0009309786255471408,""pQtlColocClppMaximumNeighbourhood"":-0.00040233891922980547,""pQtlColocH4Maximum"":-0.0006668916903436184,""pQtlColocH4MaximumNeighbourhood"":0,""proteinGeneCount500kb"":0.0846501812338829,""sQtlColocClppMaximum"":-0.0003622549120336771,""sQtlColocClppMaximumNeighbourhood"":0.006622470915317535,""sQtlColocH4Maximum"":-0.0002574260870460421,""sQtlColocH4MaximumNeighbourhood"":0.008294569328427315,""transPQtlColocH4Maximum"":-0.002570000011473894,""transPQtlColocH4MaximumNeighbourhood"":-0.008588234893977642,""vepMaximum"":0.026193290948867798,""vepMaximumNeighbourhood"":0.05939432978630066,""vepMean"":-0.006714437156915665,""vepMeanNeighbourhood"":0.054341502487659454}",0.07677332311868668,GRCh38,moderate_prioritization,0.05,0.6150293350219727
Parkinson disease,VAMP4,ENSG00000117533,PD_CHR01_006,65fe3ec96504bae9043f65f6bcd412c7,rs10903,1,171704096,2e-09,0.5934772491455078,PICS,PICS fine-mapped credible set based on reported top hit,GCST90308590,Open Targets Platform Locus-to-Gene,vesicle associated membrane protein 4,1_171704096_G_A,"{""distanceFootprintMean"":0.9952787756919861,""distanceFootprintMeanNeighbourhood"":1,""distanceSentinelFootprint"":1,""distanceSentinelFootprintNeighbourhood"":1,""distanceSentinelTss"":0.9939815998077393,""distanceSentinelTssNeighbourhood"":1,""distanceTssMean"":0.990619421005249,""distanceTssMeanNeighbourhood"":1}","{""eQtlColocClppMaximum"":0.010922647081315517,""eQtlColocClppMaximumNeighbourhood"":1,""eQtlColocH4Maximum"":0.924353301525116,""eQtlColocH4MaximumNeighbourhood"":1,""pQtlColocClppMaximum"":0,""pQtlColocClppMaximumNeighbourhood"":0,""pQtlColocH4Maximum"":0,""pQtlColocH4MaximumNeighbourhood"":0,""sQtlColocClppMaximum"":0.010722490027546883,""sQtlColocClppMaximumNeighbourhood"":1,""sQtlColocH4Maximum"":0.9230340123176575,""sQtlColocH4MaximumNeighbourhood"":1,""transPQtlColocH4Maximum"":0,""transPQtlColocH4MaximumNeighbourhood"":0}","{""vepMaximum"":0.38999998569488525,""vepMaximumNeighbourhood"":1,""vepMean"":0.0016303228912875056,""vepMeanNeighbourhood"":1}","{""credibleSetConfidence"":0.25,""e2gMean"":0.03866095840930939,""e2gMeanNeighbourhood"":0.8276275992393494,""geneCount500kb"":17,""proteinGeneCount500kb"":6}","{""credibleSetConfidence"":0.25,""distanceFootprintMean"":0.9952787756919861,""distanceFootprintMeanNeighbourhood"":1,""distanceSentinelFootprint"":1,""distanceSentinelFootprintNeighbourhood"":1,""distanceSentinelTss"":0.9939815998077393,""distanceSentinelTssNeighbourhood"":1,""distanceTssMean"":0.990619421005249,""distanceTssMeanNeighbourhood"":1,""e2gMean"":0.03866095840930939,""e2gMeanNeighbourhood"":0.8276275992393494,""eQtlColocClppMaximum"":0.010922647081315517,""eQtlColocClppMaximumNeighbourhood"":1,""eQtlColocH4Maximum"":0.924353301525116,""eQtlColocH4MaximumNeighbourhood"":1,""geneCount500kb"":17,""pQtlColocClppMaximum"":0,""pQtlColocClppMaximumNeighbourhood"":0,""pQtlColocH4Maximum"":0,""pQtlColocH4MaximumNeighbourhood"":0,""proteinGeneCount500kb"":6,""sQtlColocClppMaximum"":0.010722490027546883,""sQtlColocClppMaximumNeighbourhood"":1,""sQtlColocH4Maximum"":0.9230340123176575,""sQtlColocH4MaximumNeighbourhood"":1,""transPQtlColocH4Maximum"":0,""transPQtlColocH4MaximumNeighbourhood"":0,""vepMaximum"":0.38999998569488525,""vepMaximumNeighbourhood"":1,""vepMean"":0.0016303228912875056,""vepMeanNeighbourhood"":1}","{""credibleSetConfidence"":0.0008213387336581945,""distanceFootprintMean"":0.0016881306655704975,""distanceFootprintMeanNeighbourhood"":0.006814055144786835,""distanceSentinelFootprint"":0.011000711470842361,""distanceSentinelFootprintNeighbourhood"":0.07325776666402817,""distanceSentinelTss"":-0.004423494450747967,""distanceSentinelTssNeighbourhood"":0.10886494815349579,""distanceTssMean"":0.0018906376790255308,""distanceTssMeanNeighbourhood"":0.06013936921954155,""e2gMean"":0.009190826676785946,""e2gMeanNeighbourhood"":0.013033408671617508,""eQtlColocClppMaximum"":0.0023529541213065386,""eQtlColocClppMaximumNeighbourhood"":0.020814798772335052,""eQtlColocH4Maximum"":0.009170819073915482,""eQtlColocH4MaximumNeighbourhood"":0.02097346819937229,""geneCount500kb"":0.020488793030381203,""pQtlColocClppMaximum"":-0.0029812760185450315,""pQtlColocClppMaximumNeighbourhood"":-0.001276075141504407,""pQtlColocH4Maximum"":-0.002004595473408699,""pQtlColocH4MaximumNeighbourhood"":-0.0006056075799278915,""proteinGeneCount500kb"":0.03467167913913727,""sQtlColocClppMaximum"":0.004274183884263039,""sQtlColocClppMaximumNeighbourhood"":0.00900250393897295,""sQtlColocH4Maximum"":0.0027714846655726433,""sQtlColocH4MaximumNeighbourhood"":0.014353211969137192,""transPQtlColocH4Maximum"":-0.0005401724483817816,""transPQtlColocH4MaximumNeighbourhood"":-0.0034159678034484386,""vepMaximum"":0.024587051942944527,""vepMaximumNeighbourhood"":0.07750823348760605,""vepMean"":-0.01845637708902359,""vepMeanNeighbourhood"":0.04097142815589905}",0.0585390143096447,GRCh38,moderate_prioritization,0.05,0.6150293350219727
Parkinson disease,USP25,ENSG00000155313,PD_CHR21_077,ead755c3c3641615dcc26a99ad313c0f,rs1736020,21,15440233,1e-09,0.5770121216773987,PICS,PICS fine-mapped credible set based on reported top hit,GCST90308590,Open Targets Platform Locus-to-Gene,ubiquitin specific peptidase 25,21_15440233_C_A,"{""distanceFootprintMean"":0.9300519227981567,""distanceFootprintMeanNeighbourhood"":1,""distanceSentinelFootprint"":0.9339826703071594,""distanceSentinelFootprintNeighbourhood"":1,""distanceSentinelTss"":0.9339826703071594,""distanceSentinelTssNeighbourhood"":1,""distanceTssMean"":0.930051863193512,""distanceTssMeanNeighbourhood"":1}","{""eQtlColocClppMaximum"":0,""eQtlColocClppMaximumNeighbourhood"":0,""eQtlColocH4Maximum"":0,""eQtlColocH4MaximumNeighbourhood"":0,""pQtlColocClppMaximum"":0,""pQtlColocClppMaximumNeighbourhood"":0,""pQtlColocH4Maximum"":0,""pQtlColocH4MaximumNeighbourhood"":0,""sQtlColocClppMaximum"":0,""sQtlColocClppMaximumNeighbourhood"":0,""sQtlColocH4Maximum"":0,""sQtlColocH4MaximumNeighbourhood"":0,""transPQtlColocH4Maximum"":0,""transPQtlColocH4MaximumNeighbourhood"":0}","{""vepMaximum"":0.2199999988079071,""vepMaximumNeighbourhood"":1,""vepMean"":0.006195593159645796,""vepMeanNeighbourhood"":1}","{""credibleSetConfidence"":0.25,""e2gMean"":0,""e2gMeanNeighbourhood"":0,""geneCount500kb"":10,""proteinGeneCount500kb"":0}","{""credibleSetConfidence"":0.25,""distanceFootprintMean"":0.9300519227981567,""distanceFootprintMeanNeighbourhood"":1,""distanceSentinelFootprint"":0.9339826703071594,""distanceSentinelFootprintNeighbourhood"":1,""distanceSentinelTss"":0.9339826703071594,""distanceSentinelTssNeighbourhood"":1,""distanceTssMean"":0.930051863193512,""distanceTssMeanNeighbourhood"":1,""e2gMean"":0,""e2gMeanNeighbourhood"":0,""eQtlColocClppMaximum"":0,""eQtlColocClppMaximumNeighbourhood"":0,""eQtlColocH4Maximum"":0,""eQtlColocH4MaximumNeighbourhood"":0,""geneCount500kb"":10,""pQtlColocClppMaximum"":0,""pQtlColocClppMaximumNeighbourhood"":0,""pQtlColocH4Maximum"":0,""pQtlColocH4MaximumNeighbourhood"":0,""proteinGeneCount500kb"":0,""sQtlColocClppMaximum"":0,""sQtlColocClppMaximumNeighbourhood"":0,""sQtlColocH4Maximum"":0,""sQtlColocH4MaximumNeighbourhood"":0,""transPQtlColocH4Maximum"":0,""transPQtlColocH4MaximumNeighbourhood"":0,""vepMaximum"":0.2199999988079071,""vepMaximumNeighbourhood"":1,""vepMean"":0.006195593159645796,""vepMeanNeighbourhood"":1}","{""credibleSetConfidence"":0.0016575648915022612,""distanceFootprintMean"":0.009473963640630245,""distanceFootprintMeanNeighbourhood"":0.015010555274784565,""distanceSentinelFootprint"":0.0016224428545683622,""distanceSentinelFootprintNeighbourhood"":0.10047335922718048,""distanceSentinelTss"":-0.006254242267459631,""distanceSentinelTssNeighbourhood"":0.10668791085481644,""distanceTssMean"":-0.012436587363481522,""distanceTssMeanNeighbourhood"":0.06180155649781227,""e2gMean"":-0.0007673127111047506,""e2gMeanNeighbourhood"":-0.007700891699641943,""eQtlColocClppMaximum"":-0.00015390111366286874,""eQtlColocClppMaximumNeighbourhood"":-0.0005435012863017619,""eQtlColocH4Maximum"":-0.00020472343021538109,""eQtlColocH4MaximumNeighbourhood"":-0.00021808160818181932,""geneCount500kb"":0.04863899201154709,""pQtlColocClppMaximum"":-0.0009240003419108689,""pQtlColocClppMaximumNeighbourhood"":-0.0015581176849082112,""pQtlColocH4Maximum"":-0.00047119599184952676,""pQtlColocH4MaximumNeighbourhood"":-0.0003213079471606761,""proteinGeneCount500kb"":0.09580552577972412,""sQtlColocClppMaximum"":-0.0003636587061919272,""sQtlColocClppMaximumNeighbourhood"":-0.00029891368467360735,""sQtlColocH4Maximum"":-0.0002390958252362907,""sQtlColocH4MaximumNeighbourhood"":-0.0002459488750901073,""transPQtlColocH4Maximum"":-0.0013880052138119936,""transPQtlColocH4MaximumNeighbourhood"":-0.0038553690537810326,""vepMaximum"":-0.0017219415167346597,""vepMaximumNeighbourhood"":0.06180395931005478,""vepMean"":0.0036777316126972437,""vepMeanNeighbourhood"":0.050141286104917526}",0.05988406762480736,GRCh38,moderate_prioritization,0.05,0.6150293350219727
Parkinson disease,SV2C,ENSG00000122012,PD_CHR05_028,6a25b7b9810bfcdb7a432396e5937024,rs246815,5,76303351,3e-12,0.5758057832717896,PICS,PICS fine-mapped credible set based on reported top hit,GCST90308590,Open Targets Platform Locus-to-Gene,synaptic vesicle glycoprotein 2C,5_76303351_G_C,"{""distanceFootprintMean"":0.9962722659111023,""distanceFootprintMeanNeighbourhood"":1,""distanceSentinelFootprint"":1,""distanceSentinelFootprintNeighbourhood"":1,""distanceSentinelTss"":0.9558233022689819,""distanceSentinelTssNeighbourhood"":0.9723455905914307,""distanceTssMean"":0.9544938802719116,""distanceTssMeanNeighbourhood"":0.9764091372489929}","{""eQtlColocClppMaximum"":0,""eQtlColocClppMaximumNeighbourhood"":0,""eQtlColocH4Maximum"":0,""eQtlColocH4MaximumNeighbourhood"":0,""pQtlColocClppMaximum"":0,""pQtlColocClppMaximumNeighbourhood"":0,""pQtlColocH4Maximum"":0,""pQtlColocH4MaximumNeighbourhood"":0,""sQtlColocClppMaximum"":0,""sQtlColocClppMaximumNeighbourhood"":0,""sQtlColocH4Maximum"":0,""sQtlColocH4MaximumNeighbourhood"":0,""transPQtlColocH4Maximum"":0,""transPQtlColocH4MaximumNeighbourhood"":0}","{""vepMaximum"":0.6800000071525574,""vepMaximumNeighbourhood"":1,""vepMean"":0.004725848324596882,""vepMeanNeighbourhood"":1}","{""credibleSetConfidence"":0.25,""e2gMean"":0.014741065911948681,""e2gMeanNeighbourhood"":1,""geneCount500kb"":17,""proteinGeneCount500kb"":2}","{""credibleSetConfidence"":0.25,""distanceFootprintMean"":0.9962722659111023,""distanceFootprintMeanNeighbourhood"":1,""distanceSentinelFootprint"":1,""distanceSentinelFootprintNeighbourhood"":1,""distanceSentinelTss"":0.9558233022689819,""distanceSentinelTssNeighbourhood"":0.9723455905914307,""distanceTssMean"":0.9544938802719116,""distanceTssMeanNeighbourhood"":0.9764091372489929,""e2gMean"":0.014741065911948681,""e2gMeanNeighbourhood"":1,""eQtlColocClppMaximum"":0,""eQtlColocClppMaximumNeighbourhood"":0,""eQtlColocH4Maximum"":0,""eQtlColocH4MaximumNeighbourhood"":0,""geneCount500kb"":17,""pQtlColocClppMaximum"":0,""pQtlColocClppMaximumNeighbourhood"":0,""pQtlColocH4Maximum"":0,""pQtlColocH4MaximumNeighbourhood"":0,""proteinGeneCount500kb"":2,""sQtlColocClppMaximum"":0,""sQtlColocClppMaximumNeighbourhood"":0,""sQtlColocH4Maximum"":0,""sQtlColocH4MaximumNeighbourhood"":0,""transPQtlColocH4Maximum"":0,""transPQtlColocH4MaximumNeighbourhood"":0,""vepMaximum"":0.6800000071525574,""vepMaximumNeighbourhood"":1,""vepMean"":0.004725848324596882,""vepMeanNeighbourhood"":1}","{""credibleSetConfidence"":0.002533259801566601,""distanceFootprintMean"":0.004084284882992506,""distanceFootprintMeanNeighbourhood"":0.0224151648581028,""distanceSentinelFootprint"":0.014407155103981495,""distanceSentinelFootprintNeighbourhood"":0.130351260304451,""distanceSentinelTss"":-0.002468370134010911,""distanceSentinelTssNeighbourhood"":-0.005569064989686012,""distanceTssMean"":-0.010404220782220364,""distanceTssMeanNeighbourhood"":0.004856586456298828,""e2gMean"":-0.0005956695531494915,""e2gMeanNeighbourhood"":0.054679833352565765,""eQtlColocClppMaximum"":-2.870283744016433e-08,""eQtlColocClppMaximumNeighbourhood"":-0.0007322349119931459,""eQtlColocH4Maximum"":-0.00023842357040848583,""eQtlColocH4MaximumNeighbourhood"":-0.0010364922927692533,""geneCount500kb"":0.015243048779666424,""pQtlColocClppMaximum"":0,""pQtlColocClppMaximumNeighbourhood"":0,""pQtlColocH4Maximum"":0,""pQtlColocH4MaximumNeighbourhood"":0,""proteinGeneCount500kb"":0.10501950234174728,""sQtlColocClppMaximum"":-0.0005057936650700867,""sQtlColocClppMaximumNeighbourhood"":-5.5457312555518e-06,""sQtlColocH4Maximum"":-0.0003830179921351373,""sQtlColocH4MaximumNeighbourhood"":-0.00018923387688118964,""transPQtlColocH4Maximum"":0,""transPQtlColocH4MaximumNeighbourhood"":0,""vepMaximum"":0.08494699001312256,""vepMaximumNeighbourhood"":0.08094969391822815,""vepMean"":-0.012620238587260246,""vepMeanNeighbourhood"":0.05757914111018181}",0.0334881991147995,GRCh38,moderate_prioritization,0.05,0.6150293350219727
Parkinson disease,ITGA8,ENSG00000077943,PD_CHR10_040,4fe27e0d56a20ce70103e1d88a7441d6,rs13664,10,15514323,1e-12,0.5747663378715515,PICS,PICS fine-mapped credible set based on reported top hit,GCST90308590,Open Targets Platform Locus-to-Gene,integrin subunit alpha 8,10_15514323_G_T,"{""distanceFootprintMean"":0.9956356883049011,""distanceFootprintMeanNeighbourhood"":1,""distanceSentinelFootprint"":1,""distanceSentinelFootprintNeighbourhood"":1,""distanceSentinelTss"":0.9596365690231323,""distanceSentinelTssNeighbourhood"":0.9849283695220947,""distanceTssMean"":0.9550938606262207,""distanceTssMeanNeighbourhood"":0.9836099147796631}","{""eQtlColocClppMaximum"":9.419336493010633e-06,""eQtlColocClppMaximumNeighbourhood"":1,""eQtlColocH4Maximum"":0.010323496535420418,""eQtlColocH4MaximumNeighbourhood"":1,""pQtlColocClppMaximum"":0,""pQtlColocClppMaximumNeighbourhood"":0,""pQtlColocH4Maximum"":0,""pQtlColocH4MaximumNeighbourhood"":0,""sQtlColocClppMaximum"":0,""sQtlColocClppMaximumNeighbourhood"":0,""sQtlColocH4Maximum"":0,""sQtlColocH4MaximumNeighbourhood"":0,""transPQtlColocH4Maximum"":0,""transPQtlColocH4MaximumNeighbourhood"":0}","{""vepMaximum"":0.3700000047683716,""vepMaximumNeighbourhood"":1,""vepMean"":0.002863639732822776,""vepMeanNeighbourhood"":1}","{""credibleSetConfidence"":0.25,""e2gMean"":0.027106422930955887,""e2gMeanNeighbourhood"":1,""geneCount500kb"":4,""proteinGeneCount500kb"":2}","{""credibleSetConfidence"":0.25,""distanceFootprintMean"":0.9956356883049011,""distanceFootprintMeanNeighbourhood"":1,""distanceSentinelFootprint"":1,""distanceSentinelFootprintNeighbourhood"":1,""distanceSentinelTss"":0.9596365690231323,""distanceSentinelTssNeighbourhood"":0.9849283695220947,""distanceTssMean"":0.9550938606262207,""distanceTssMeanNeighbourhood"":0.9836099147796631,""e2gMean"":0.027106422930955887,""e2gMeanNeighbourhood"":1,""eQtlColocClppMaximum"":9.419336493010633e-06,""eQtlColocClppMaximumNeighbourhood"":1,""eQtlColocH4Maximum"":0.010323496535420418,""eQtlColocH4MaximumNeighbourhood"":1,""geneCount500kb"":4,""pQtlColocClppMaximum"":0,""pQtlColocClppMaximumNeighbourhood"":0,""pQtlColocH4Maximum"":0,""pQtlColocH4MaximumNeighbourhood"":0,""proteinGeneCount500kb"":2,""sQtlColocClppMaximum"":0,""sQtlColocClppMaximumNeighbourhood"":0,""sQtlColocH4Maximum"":0,""sQtlColocH4MaximumNeighbourhood"":0,""transPQtlColocH4Maximum"":0,""transPQtlColocH4MaximumNeighbourhood"":0,""vepMaximum"":0.3700000047683716,""vepMaximumNeighbourhood"":1,""vepMean"":0.002863639732822776,""vepMeanNeighbourhood"":1}","{""credibleSetConfidence"":0.0017354307929053903,""distanceFootprintMean"":-0.01785840094089508,""distanceFootprintMeanNeighbourhood"":0.01761564612388611,""distanceSentinelFootprint"":0.004928982350975275,""distanceSentinelFootprintNeighbourhood"":0.10394314676523209,""distanceSentinelTss"":0.0011898708762601018,""distanceSentinelTssNeighbourhood"":0.016995972022414207,""distanceTssMean"":-0.007066965568810701,""distanceTssMeanNeighbourhood"":0.01004752703011036,""e2gMean"":0.0073618642054498196,""e2gMeanNeighbourhood"":0.08095325529575348,""eQtlColocClppMaximum"":0.0005311942659318447,""eQtlColocClppMaximumNeighbourhood"":0.01330313365906477,""eQtlColocH4Maximum"":-0.0008399012731388211,""eQtlColocH4MaximumNeighbourhood"":0.01815197616815567,""geneCount500kb"":0.057966332882642746,""pQtlColocClppMaximum"":-0.0009801200358197093,""pQtlColocClppMaximumNeighbourhood"":-0.00040702815749682486,""pQtlColocH4Maximum"":-0.0007639083196409047,""pQtlColocH4MaximumNeighbourhood"":-5.0622475100681186e-05,""proteinGeneCount500kb"":0.08310449123382568,""sQtlColocClppMaximum"":-0.001594583154655993,""sQtlColocClppMaximumNeighbourhood"":-0.0004041007487103343,""sQtlColocH4Maximum"":-0.0008911663317121565,""sQtlColocH4MaximumNeighbourhood"":-0.0006131662521511316,""transPQtlColocH4Maximum"":-0.001149321673437953,""transPQtlColocH4MaximumNeighbourhood"":-0.00601958530023694,""vepMaximum"":0.02753879874944687,""vepMaximumNeighbourhood"":0.06991902738809586,""vepMean"":-0.019223161041736603,""vepMeanNeighbourhood"":0.03970981016755104}",0.07763190567493439,GRCh38,moderate_prioritization,0.05,0.6150293350219727
Parkinson disease,ITGA2B,ENSG00000005961,PD_CHR17_065,df2fab084418fef0861a6ed0373038ee,rs850731,17,44376902,7.000000000000001e-10,0.5718092322349548,PICS,PICS fine-mapped credible set based on reported top hit,GCST90308590,Open Targets Platform Locus-to-Gene,integrin subunit alpha 2b,17_44376902_T_C,"{""distanceFootprintMean"":0.9965190291404724,""distanceFootprintMeanNeighbourhood"":1,""distanceSentinelFootprint"":1,""distanceSentinelFootprintNeighbourhood"":1,""distanceSentinelTss"":0.9980320334434509,""distanceSentinelTssNeighbourhood"":1,""distanceTssMean"":0.9942172169685364,""distanceTssMeanNeighbourhood"":0.9991117715835571}","{""eQtlColocClppMaximum"":0.026546331122517586,""eQtlColocClppMaximumNeighbourhood"":1,""eQtlColocH4Maximum"":0.9678177237510681,""eQtlColocH4MaximumNeighbourhood"":1,""pQtlColocClppMaximum"":0,""pQtlColocClppMaximumNeighbourhood"":0,""pQtlColocH4Maximum"":0,""pQtlColocH4MaximumNeighbourhood"":0,""sQtlColocClppMaximum"":0.058348361402750015,""sQtlColocClppMaximumNeighbourhood"":0.21894529461860657,""sQtlColocH4Maximum"":0.9856260418891907,""sQtlColocH4MaximumNeighbourhood"":0.9880033135414124,""transPQtlColocH4Maximum"":0,""transPQtlColocH4MaximumNeighbourhood"":0}","{""vepMaximum"":0.6800000071525574,""vepMaximumNeighbourhood"":1,""vepMean"":0.018083207309246063,""vepMeanNeighbourhood"":1}","{""credibleSetConfidence"":0.25,""e2gMean"":0.02842361107468605,""e2gMeanNeighbourhood"":0.5299918055534363,""geneCount500kb"":36,""proteinGeneCount500kb"":13}","{""credibleSetConfidence"":0.25,""distanceFootprintMean"":0.9965190291404724,""distanceFootprintMeanNeighbourhood"":1,""distanceSentinelFootprint"":1,""distanceSentinelFootprintNeighbourhood"":1,""distanceSentinelTss"":0.9980320334434509,""distanceSentinelTssNeighbourhood"":1,""distanceTssMean"":0.9942172169685364,""distanceTssMeanNeighbourhood"":0.9991117715835571,""e2gMean"":0.02842361107468605,""e2gMeanNeighbourhood"":0.5299918055534363,""eQtlColocClppMaximum"":0.026546331122517586,""eQtlColocClppMaximumNeighbourhood"":1,""eQtlColocH4Maximum"":0.9678177237510681,""eQtlColocH4MaximumNeighbourhood"":1,""geneCount500kb"":36,""pQtlColocClppMaximum"":0,""pQtlColocClppMaximumNeighbourhood"":0,""pQtlColocH4Maximum"":0,""pQtlColocH4MaximumNeighbourhood"":0,""proteinGeneCount500kb"":13,""sQtlColocClppMaximum"":0.058348361402750015,""sQtlColocClppMaximumNeighbourhood"":0.21894529461860657,""sQtlColocH4Maximum"":0.9856260418891907,""sQtlColocH4MaximumNeighbourhood"":0.9880033135414124,""transPQtlColocH4Maximum"":0,""transPQtlColocH4MaximumNeighbourhood"":0,""vepMaximum"":0.6800000071525574,""vepMaximumNeighbourhood"":1,""vepMean"":0.018083207309246063,""vepMeanNeighbourhood"":1}","{""credibleSetConfidence"":0.0004636826633941382,""distanceFootprintMean"":0.016657967120409012,""distanceFootprintMeanNeighbourhood"":0.013149491511285305,""distanceSentinelFootprint"":0.024112701416015625,""distanceSentinelFootprintNeighbourhood"":0.06900883466005325,""distanceSentinelTss"":-0.005855216179043055,""distanceSentinelTssNeighbourhood"":0.10741282254457474,""distanceTssMean"":0.010627584531903267,""distanceTssMeanNeighbourhood"":0.04580454155802727,""e2gMean"":0.007445350289344788,""e2gMeanNeighbourhood"":0.008961260318756104,""eQtlColocClppMaximum"":0.013902326114475727,""eQtlColocClppMaximumNeighbourhood"":0.022233419120311737,""eQtlColocH4Maximum"":0.01166489440947771,""eQtlColocH4MaximumNeighbourhood"":0.021929524838924408,""geneCount500kb"":-0.011069152504205704,""pQtlColocClppMaximum"":0,""pQtlColocClppMaximumNeighbourhood"":0,""pQtlColocH4Maximum"":0,""pQtlColocH4MaximumNeighbourhood"":0,""proteinGeneCount500kb"":-0.002558261388912797,""sQtlColocClppMaximum"":0.012527327984571457,""sQtlColocClppMaximumNeighbourhood"":0.0008683136547915637,""sQtlColocH4Maximum"":0.011136803776025772,""sQtlColocH4MaximumNeighbourhood"":0.012103634886443615,""transPQtlColocH4Maximum"":-0.0005223022890277207,""transPQtlColocH4MaximumNeighbourhood"":-0.0018689448479562998,""vepMaximum"":0.0668594241142273,""vepMaximumNeighbourhood"":0.05966696888208389,""vepMean"":-0.017378250136971474,""vepMeanNeighbourhood"":0.03618987277150154}",0.03833450749516487,GRCh38,moderate_prioritization,0.05,0.6150293350219727
Parkinson disease,UBAP2,ENSG00000137073,PD_CHR09_039,ffbb9cad4773b611b2c63babbd5259d8,rs6476434,9,34046393,1e-09,0.5707280039787292,PICS,PICS fine-mapped credible set based on reported top hit,GCST90308590,Open Targets Platform Locus-to-Gene,ubiquitin associated protein 2,9_34046393_C_T,"{""distanceFootprintMean"":0.9938936233520508,""distanceFootprintMeanNeighbourhood"":1,""distanceSentinelFootprint"":1,""distanceSentinelFootprintNeighbourhood"":1,""distanceSentinelTss"":0.9996189475059509,""distanceSentinelTssNeighbourhood"":1,""distanceTssMean"":0.9813746809959412,""distanceTssMeanNeighbourhood"":1}","{""eQtlColocClppMaximum"":0.0035770349204540253,""eQtlColocClppMaximumNeighbourhood"":1,""eQtlColocH4Maximum"":0.7989862561225891,""eQtlColocH4MaximumNeighbourhood"":1,""pQtlColocClppMaximum"":0,""pQtlColocClppMaximumNeighbourhood"":0,""pQtlColocH4Maximum"":0,""pQtlColocH4MaximumNeighbourhood"":0,""sQtlColocClppMaximum"":0.015297903679311275,""sQtlColocClppMaximumNeighbourhood"":1,""sQtlColocH4Maximum"":0.9451251029968262,""sQtlColocH4MaximumNeighbourhood"":1,""transPQtlColocH4Maximum"":0,""transPQtlColocH4MaximumNeighbourhood"":0}","{""vepMaximum"":0.3199999928474426,""vepMaximumNeighbourhood"":1,""vepMean"":0.004550382494926453,""vepMeanNeighbourhood"":0.9978013634681702}","{""credibleSetConfidence"":0.25,""e2gMean"":0.03635922446846962,""e2gMeanNeighbourhood"":1,""geneCount500kb"":21,""proteinGeneCount500kb"":4}","{""credibleSetConfidence"":0.25,""distanceFootprintMean"":0.9938936233520508,""distanceFootprintMeanNeighbourhood"":1,""distanceSentinelFootprint"":1,""distanceSentinelFootprintNeighbourhood"":1,""distanceSentinelTss"":0.9996189475059509,""distanceSentinelTssNeighbourhood"":1,""distanceTssMean"":0.9813746809959412,""distanceTssMeanNeighbourhood"":1,""e2gMean"":0.03635922446846962,""e2gMeanNeighbourhood"":1,""eQtlColocClppMaximum"":0.0035770349204540253,""eQtlColocClppMaximumNeighbourhood"":1,""eQtlColocH4Maximum"":0.7989862561225891,""eQtlColocH4MaximumNeighbourhood"":1,""geneCount500kb"":21,""pQtlColocClppMaximum"":0,""pQtlColocClppMaximumNeighbourhood"":0,""pQtlColocH4Maximum"":0,""pQtlColocH4MaximumNeighbourhood"":0,""proteinGeneCount500kb"":4,""sQtlColocClppMaximum"":0.015297903679311275,""sQtlColocClppMaximumNeighbourhood"":1,""sQtlColocH4Maximum"":0.9451251029968262,""sQtlColocH4MaximumNeighbourhood"":1,""transPQtlColocH4Maximum"":0,""transPQtlColocH4MaximumNeighbourhood"":0,""vepMaximum"":0.3199999928474426,""vepMaximumNeighbourhood"":1,""vepMean"":0.004550382494926453,""vepMeanNeighbourhood"":0.9978013634681702}","{""credibleSetConfidence"":0.0005327831022441387,""distanceFootprintMean"":-0.00537704024463892,""distanceFootprintMeanNeighbourhood"":0.01278448011726141,""distanceSentinelFootprint"":0.00721841910853982,""distanceSentinelFootprintNeighbourhood"":0.07538840919733047,""distanceSentinelTss"":-0.006663978099822998,""distanceSentinelTssNeighbourhood"":0.0991007536649704,""distanceTssMean"":-0.0054471977055072784,""distanceTssMeanNeighbourhood"":0.05847175419330597,""e2gMean"":0.013192848302423954,""e2gMeanNeighbourhood"":0.06998074054718018,""eQtlColocClppMaximum"":0.004349885042756796,""eQtlColocClppMaximumNeighbourhood"":0.021816374734044075,""eQtlColocH4Maximum"":0.008872214704751968,""eQtlColocH4MaximumNeighbourhood"":0.01759953610599041,""geneCount500kb"":0.007200065068900585,""pQtlColocClppMaximum"":0,""pQtlColocClppMaximumNeighbourhood"":0,""pQtlColocH4Maximum"":0,""pQtlColocH4MaximumNeighbourhood"":0,""proteinGeneCount500kb"":0.046812914311885834,""sQtlColocClppMaximum"":0.005315406713634729,""sQtlColocClppMaximumNeighbourhood"":0.011694029904901981,""sQtlColocH4Maximum"":0.003244515275582671,""sQtlColocH4MaximumNeighbourhood"":0.019677747040987015,""transPQtlColocH4Maximum"":-0.0008465189603157341,""transPQtlColocH4MaximumNeighbourhood"":-0.0029472012538462877,""vepMaximum"":0.0065074702724814415,""vepMaximumNeighbourhood"":0.058862555772066116,""vepMean"":-0.010592586360871792,""vepMeanNeighbourhood"":0.0106198163703084}",0.04335984215140343,GRCh38,moderate_prioritization,0.05,0.6150293350219727
Parkinson disease,PIK3CA,ENSG00000121879,PD_CHR03_018,756f75b6491487d11ae26f7277a0989d,rs6806917,3,179143629,3.0000000000000004e-09,0.5610139966011047,PICS,PICS fine-mapped credible set based on reported top hit,GCST90308590,Open Targets Platform Locus-to-Gene,"phosphatidylinositol-4,5-bisphosphate 3-kinase catalytic subunit alpha",3_179143629_T_C,"{""distanceFootprintMean"":0.9953981637954712,""distanceFootprintMeanNeighbourhood"":1,""distanceSentinelFootprint"":0.9992759823799133,""distanceSentinelFootprintNeighbourhood"":1,""distanceSentinelTss"":0.9992759823799133,""distanceSentinelTssNeighbourhood"":1,""distanceTssMean"":0.9903518557548523,""distanceTssMeanNeighbourhood"":1}","{""eQtlColocClppMaximum"":0.012511244975030422,""eQtlColocClppMaximumNeighbourhood"":0.8528227806091309,""eQtlColocH4Maximum"":0.9333239793777466,""eQtlColocH4MaximumNeighbourhood"":0.990049421787262,""pQtlColocClppMaximum"":0,""pQtlColocClppMaximumNeighbourhood"":0,""pQtlColocH4Maximum"":0,""pQtlColocH4MaximumNeighbourhood"":0,""sQtlColocClppMaximum"":0.008563647046685219,""sQtlColocClppMaximumNeighbourhood"":0.8013756275177002,""sQtlColocH4Maximum"":0.9051151275634766,""sQtlColocH4MaximumNeighbourhood"":0.9809737801551819,""transPQtlColocH4Maximum"":0,""transPQtlColocH4MaximumNeighbourhood"":0}","{""vepMaximum"":0.3700000047683716,""vepMaximumNeighbourhood"":1,""vepMean"":0.0030798818916082382,""vepMeanNeighbourhood"":1}","{""credibleSetConfidence"":0.25,""e2gMean"":0.021938348188996315,""e2gMeanNeighbourhood"":0.7101759910583496,""geneCount500kb"":12,""proteinGeneCount500kb"":5}","{""credibleSetConfidence"":0.25,""distanceFootprintMean"":0.9953981637954712,""distanceFootprintMeanNeighbourhood"":1,""distanceSentinelFootprint"":0.9992759823799133,""distanceSentinelFootprintNeighbourhood"":1,""distanceSentinelTss"":0.9992759823799133,""distanceSentinelTssNeighbourhood"":1,""distanceTssMean"":0.9903518557548523,""distanceTssMeanNeighbourhood"":1,""e2gMean"":0.021938348188996315,""e2gMeanNeighbourhood"":0.7101759910583496,""eQtlColocClppMaximum"":0.012511244975030422,""eQtlColocClppMaximumNeighbourhood"":0.8528227806091309,""eQtlColocH4Maximum"":0.9333239793777466,""eQtlColocH4MaximumNeighbourhood"":0.990049421787262,""geneCount500kb"":12,""pQtlColocClppMaximum"":0,""pQtlColocClppMaximumNeighbourhood"":0,""pQtlColocH4Maximum"":0,""pQtlColocH4MaximumNeighbourhood"":0,""proteinGeneCount500kb"":5,""sQtlColocClppMaximum"":0.008563647046685219,""sQtlColocClppMaximumNeighbourhood"":0.8013756275177002,""sQtlColocH4Maximum"":0.9051151275634766,""sQtlColocH4MaximumNeighbourhood"":0.9809737801551819,""transPQtlColocH4Maximum"":0,""transPQtlColocH4MaximumNeighbourhood"":0,""vepMaximum"":0.3700000047683716,""vepMaximumNeighbourhood"":1,""vepMean"":0.0030798818916082382,""vepMeanNeighbourhood"":1}","{""credibleSetConfidence"":0.0006576576270163059,""distanceFootprintMean"":-0.0008508121245540679,""distanceFootprintMeanNeighbourhood"":0.004646186716854572,""distanceSentinelFootprint"":0.009466600604355335,""distanceSentinelFootprintNeighbourhood"":0.06840838491916656,""distanceSentinelTss"":-0.0018369335448369384,""distanceSentinelTssNeighbourhood"":0.10122843831777573,""distanceTssMean"":0.0005459100939333439,""distanceTssMeanNeighbourhood"":0.05834152549505234,""e2gMean"":0.007173700723797083,""e2gMeanNeighbourhood"":0.017042843624949455,""eQtlColocClppMaximum"":0.00318514509126544,""eQtlColocClppMaximumNeighbourhood"":0.02006530947983265,""eQtlColocH4Maximum"":0.008574200794100761,""eQtlColocH4MaximumNeighbourhood"":0.013604729436337948,""geneCount500kb"":0.03768501058220863,""pQtlColocClppMaximum"":-0.0018754798220470548,""pQtlColocClppMaximumNeighbourhood"":-0.0005828111316077411,""pQtlColocH4Maximum"":-0.000843291636556387,""pQtlColocH4MaximumNeighbourhood"":-0.0003433058736845851,""proteinGeneCount500kb"":0.04055382311344147,""sQtlColocClppMaximum"":0.004324598703533411,""sQtlColocClppMaximumNeighbourhood"":0.005204658955335617,""sQtlColocH4Maximum"":0.0027541047893464565,""sQtlColocH4MaximumNeighbourhood"":0.011077990755438805,""transPQtlColocH4Maximum"":0,""transPQtlColocH4MaximumNeighbourhood"":0,""vepMaximum"":0.020716380327939987,""vepMaximumNeighbourhood"":0.07047025859355927,""vepMean"":-0.008291908539831638,""vepMeanNeighbourhood"":0.0382046215236187}",0.031706444919109344,GRCh38,moderate_prioritization,0.05,0.6150293350219727
Parkinson disease,FASN,ENSG00000169710,PD_CHR17_070,b17c8074f1d156852f73e7a2b4e7412b,rs4485435,17,82087210,3.0000000000000004e-09,0.5596649646759033,PICS,PICS fine-mapped credible set based on reported top hit,GCST90308590,Open Targets Platform Locus-to-Gene,fatty acid synthase,17_82087210_G_C,"{""distanceFootprintMean"":0.9954594969749451,""distanceFootprintMeanNeighbourhood"":1,""distanceSentinelFootprint"":1,""distanceSentinelFootprintNeighbourhood"":1,""distanceSentinelTss"":0.9983007311820984,""distanceSentinelTssNeighbourhood"":1,""distanceTssMean"":0.9940118789672852,""distanceTssMeanNeighbourhood"":1}","{""eQtlColocClppMaximum"":0.5265933871269226,""eQtlColocClppMaximumNeighbourhood"":0.8676038384437561,""eQtlColocH4Maximum"":0.9992855191230774,""eQtlColocH4MaximumNeighbourhood"":0.9997730851173401,""pQtlColocClppMaximum"":0,""pQtlColocClppMaximumNeighbourhood"":0,""pQtlColocH4Maximum"":0,""pQtlColocH4MaximumNeighbourhood"":0,""sQtlColocClppMaximum"":0.12399042397737503,""sQtlColocClppMaximumNeighbourhood"":1,""sQtlColocH4Maximum"":0.9937554597854614,""sQtlColocH4MaximumNeighbourhood"":1,""transPQtlColocH4Maximum"":0,""transPQtlColocH4MaximumNeighbourhood"":0}","{""vepMaximum"":0.5600000023841858,""vepMaximumNeighbourhood"":1,""vepMean"":0.0694146379828453,""vepMeanNeighbourhood"":1}","{""credibleSetConfidence"":0.25,""e2gMean"":0.15184897184371948,""e2gMeanNeighbourhood"":1,""geneCount500kb"":54,""proteinGeneCount500kb"":26}","{""credibleSetConfidence"":0.25,""distanceFootprintMean"":0.9954594969749451,""distanceFootprintMeanNeighbourhood"":1,""distanceSentinelFootprint"":1,""distanceSentinelFootprintNeighbourhood"":1,""distanceSentinelTss"":0.9983007311820984,""distanceSentinelTssNeighbourhood"":1,""distanceTssMean"":0.9940118789672852,""distanceTssMeanNeighbourhood"":1,""e2gMean"":0.15184897184371948,""e2gMeanNeighbourhood"":1,""eQtlColocClppMaximum"":0.5265933871269226,""eQtlColocClppMaximumNeighbourhood"":0.8676038384437561,""eQtlColocH4Maximum"":0.9992855191230774,""eQtlColocH4MaximumNeighbourhood"":0.9997730851173401,""geneCount500kb"":54,""pQtlColocClppMaximum"":0,""pQtlColocClppMaximumNeighbourhood"":0,""pQtlColocH4Maximum"":0,""pQtlColocH4MaximumNeighbourhood"":0,""proteinGeneCount500kb"":26,""sQtlColocClppMaximum"":0.12399042397737503,""sQtlColocClppMaximumNeighbourhood"":1,""sQtlColocH4Maximum"":0.9937554597854614,""sQtlColocH4MaximumNeighbourhood"":1,""transPQtlColocH4Maximum"":0,""transPQtlColocH4MaximumNeighbourhood"":0,""vepMaximum"":0.5600000023841858,""vepMaximumNeighbourhood"":1,""vepMean"":0.0694146379828453,""vepMeanNeighbourhood"":1}","{""credibleSetConfidence"":0.000587784918025136,""distanceFootprintMean"":-0.0029133865609765053,""distanceFootprintMeanNeighbourhood"":0.009691442362964153,""distanceSentinelFootprint"":0.010346383787691593,""distanceSentinelFootprintNeighbourhood"":0.07934848219156265,""distanceSentinelTss"":-0.009775777347385883,""distanceSentinelTssNeighbourhood"":0.07757535576820374,""distanceTssMean"":0.014022082090377808,""distanceTssMeanNeighbourhood"":0.048838041722774506,""e2gMean"":0.017868775874376297,""e2gMeanNeighbourhood"":0.07910382002592087,""eQtlColocClppMaximum"":0.015461663715541363,""eQtlColocClppMaximumNeighbourhood"":0.0176637414842844,""eQtlColocH4Maximum"":0.02194799855351448,""eQtlColocH4MaximumNeighbourhood"":0.02473057620227337,""geneCount500kb"":-0.055754102766513824,""pQtlColocClppMaximum"":0,""pQtlColocClppMaximumNeighbourhood"":0,""pQtlColocH4Maximum"":0,""pQtlColocH4MaximumNeighbourhood"":0,""proteinGeneCount500kb"":-0.044115547090768814,""sQtlColocClppMaximum"":0.03087831288576126,""sQtlColocClppMaximumNeighbourhood"":0.00759243406355381,""sQtlColocH4Maximum"":0.017315905541181564,""sQtlColocH4MaximumNeighbourhood"":0.02423538640141487,""transPQtlColocH4Maximum"":-0.00046006235061213374,""transPQtlColocH4MaximumNeighbourhood"":-0.0016004289500415325,""vepMaximum"":0.04806739091873169,""vepMaximumNeighbourhood"":0.05155773088335991,""vepMean"":0.00401442963629961,""vepMeanNeighbourhood"":0.024152027443051338}",0.049284521490335464,GRCh38,moderate_prioritization,0.05,0.6150293350219727
Parkinson disease,FGF20,ENSG00000078579,PD_CHR08_036,3f5a3b8f2b1da9113670d0bb3a3bd2b6,rs34096562,8,16843772,6e-17,0.5564497709274292,PICS,PICS fine-mapped credible set based on reported top hit,GCST90308590,Open Targets Platform Locus-to-Gene,fibroblast growth factor 20,8_16843772_T_G,"{""distanceFootprintMean"":0.9699574708938599,""distanceFootprintMeanNeighbourhood"":1,""distanceSentinelFootprint"":0.973164975643158,""distanceSentinelFootprintNeighbourhood"":1,""distanceSentinelTss"":0.9709295630455017,""distanceSentinelTssNeighbourhood"":1,""distanceTssMean"":0.9677376747131348,""distanceTssMeanNeighbourhood"":1}","{""eQtlColocClppMaximum"":0,""eQtlColocClppMaximumNeighbourhood"":0,""eQtlColocH4Maximum"":0,""eQtlColocH4MaximumNeighbourhood"":0,""pQtlColocClppMaximum"":0,""pQtlColocClppMaximumNeighbourhood"":0,""pQtlColocH4Maximum"":0,""pQtlColocH4MaximumNeighbourhood"":0,""sQtlColocClppMaximum"":0,""sQtlColocClppMaximumNeighbourhood"":0,""sQtlColocH4Maximum"":0,""sQtlColocH4MaximumNeighbourhood"":0,""transPQtlColocH4Maximum"":0,""transPQtlColocH4MaximumNeighbourhood"":0}","{""vepMaximum"":0.20000000298023224,""vepMaximumNeighbourhood"":0.9090909361839294,""vepMean"":0.005146718118339777,""vepMeanNeighbourhood"":0.9090909361839294}","{""credibleSetConfidence"":0.25,""e2gMean"":0.02916122041642666,""e2gMeanNeighbourhood"":1,""geneCount500kb"":8,""proteinGeneCount500kb"":2}","{""credibleSetConfidence"":0.25,""distanceFootprintMean"":0.9699574708938599,""distanceFootprintMeanNeighbourhood"":1,""distanceSentinelFootprint"":0.973164975643158,""distanceSentinelFootprintNeighbourhood"":1,""distanceSentinelTss"":0.9709295630455017,""distanceSentinelTssNeighbourhood"":1,""distanceTssMean"":0.9677376747131348,""distanceTssMeanNeighbourhood"":1,""e2gMean"":0.02916122041642666,""e2gMeanNeighbourhood"":1,""eQtlColocClppMaximum"":0,""eQtlColocClppMaximumNeighbourhood"":0,""eQtlColocH4Maximum"":0,""eQtlColocH4MaximumNeighbourhood"":0,""geneCount500kb"":8,""pQtlColocClppMaximum"":0,""pQtlColocClppMaximumNeighbourhood"":0,""pQtlColocH4Maximum"":0,""pQtlColocH4MaximumNeighbourhood"":0,""proteinGeneCount500kb"":2,""sQtlColocClppMaximum"":0,""sQtlColocClppMaximumNeighbourhood"":0,""sQtlColocH4Maximum"":0,""sQtlColocH4MaximumNeighbourhood"":0,""transPQtlColocH4Maximum"":0,""transPQtlColocH4MaximumNeighbourhood"":0,""vepMaximum"":0.20000000298023224,""vepMaximumNeighbourhood"":0.9090909361839294,""vepMean"":0.005146718118339777,""vepMeanNeighbourhood"":0.9090909361839294}","{""credibleSetConfidence"":0.0018641995266079903,""distanceFootprintMean"":-0.011974184773862362,""distanceFootprintMeanNeighbourhood"":0.01641852781176567,""distanceSentinelFootprint"":-0.0017963516293093562,""distanceSentinelFootprintNeighbourhood"":0.0493658110499382,""distanceSentinelTss"":0.005694238934665918,""distanceSentinelTssNeighbourhood"":0.09845554828643799,""distanceTssMean"":-0.00681483605876565,""distanceTssMeanNeighbourhood"":0.07183822989463806,""e2gMean"":0.009409767575562,""e2gMeanNeighbourhood"":0.08477438241243362,""eQtlColocClppMaximum"":-0.00064247683621943,""eQtlColocClppMaximumNeighbourhood"":-0.0011035084025934339,""eQtlColocH4Maximum"":-0.00047846059896983206,""eQtlColocH4MaximumNeighbourhood"":-0.000920816557481885,""geneCount500kb"":0.037373919039964676,""pQtlColocClppMaximum"":-0.00459333648905158,""pQtlColocClppMaximumNeighbourhood"":-0.001413947087712586,""pQtlColocH4Maximum"":-0.003051284234970808,""pQtlColocH4MaximumNeighbourhood"":-0.00026916840579360723,""proteinGeneCount500kb"":0.10872162133455276,""sQtlColocClppMaximum"":-0.00030320617952384055,""sQtlColocClppMaximumNeighbourhood"":-0.00015413771325256675,""sQtlColocH4Maximum"":-0.000114595633931458,""sQtlColocH4MaximumNeighbourhood"":-1.5920131772872992e-05,""transPQtlColocH4Maximum"":-0.000762744399253279,""transPQtlColocH4MaximumNeighbourhood"":-0.0023449300788342953,""vepMaximum"":-5.590166983893141e-05,""vepMaximumNeighbourhood"":0.009381004609167576,""vepMean"":-0.0026072540786117315,""vepMeanNeighbourhood"":0.03378291055560112}",0.06878669559955597,GRCh38,moderate_prioritization,0.05,0.6150293350219727
Parkinson disease,MED12L,ENSG00000144893,PD_CHR03_017,f4e65b87c2592c59a5c29bad1fc3aaf9,rs6803771,3,151395180,4.9999999999999995e-11,0.5456203818321228,PICS,PICS fine-mapped credible set based on reported top hit,GCST90308590,Open Targets Platform Locus-to-Gene,mediator complex subunit 12L,3_151395180_C_A,"{""distanceFootprintMean"":0.9963738322257996,""distanceFootprintMeanNeighbourhood"":1,""distanceSentinelFootprint"":1,""distanceSentinelFootprintNeighbourhood"":1,""distanceSentinelTss"":0.9264586567878723,""distanceSentinelTssNeighbourhood"":0.9279488921165466,""distanceTssMean"":0.9234157800674438,""distanceTssMeanNeighbourhood"":0.9283765554428101}","{""eQtlColocClppMaximum"":0.022353561595082283,""eQtlColocClppMaximumNeighbourhood"":0.9873334765434265,""eQtlColocH4Maximum"":0.9619787931442261,""eQtlColocH4MaximumNeighbourhood"":0.9995062351226807,""pQtlColocClppMaximum"":0,""pQtlColocClppMaximumNeighbourhood"":0,""pQtlColocH4Maximum"":0,""pQtlColocH4MaximumNeighbourhood"":0,""sQtlColocClppMaximum"":0,""sQtlColocClppMaximumNeighbourhood"":0,""sQtlColocH4Maximum"":0,""sQtlColocH4MaximumNeighbourhood"":0,""transPQtlColocH4Maximum"":0,""transPQtlColocH4MaximumNeighbourhood"":0}","{""vepMaximum"":0.6800000071525574,""vepMaximumNeighbourhood"":1,""vepMean"":0.006142182741314173,""vepMeanNeighbourhood"":1}","{""credibleSetConfidence"":0.25,""e2gMean"":0,""e2gMeanNeighbourhood"":0,""geneCount500kb"":12,""proteinGeneCount500kb"":6}","{""credibleSetConfidence"":0.25,""distanceFootprintMean"":0.9963738322257996,""distanceFootprintMeanNeighbourhood"":1,""distanceSentinelFootprint"":1,""distanceSentinelFootprintNeighbourhood"":1,""distanceSentinelTss"":0.9264586567878723,""distanceSentinelTssNeighbourhood"":0.9279488921165466,""distanceTssMean"":0.9234157800674438,""distanceTssMeanNeighbourhood"":0.9283765554428101,""e2gMean"":0,""e2gMeanNeighbourhood"":0,""eQtlColocClppMaximum"":0.022353561595082283,""eQtlColocClppMaximumNeighbourhood"":0.9873334765434265,""eQtlColocH4Maximum"":0.9619787931442261,""eQtlColocH4MaximumNeighbourhood"":0.9995062351226807,""geneCount500kb"":12,""pQtlColocClppMaximum"":0,""pQtlColocClppMaximumNeighbourhood"":0,""pQtlColocH4Maximum"":0,""pQtlColocH4MaximumNeighbourhood"":0,""proteinGeneCount500kb"":6,""sQtlColocClppMaximum"":0,""sQtlColocClppMaximumNeighbourhood"":0,""sQtlColocH4Maximum"":0,""sQtlColocH4MaximumNeighbourhood"":0,""transPQtlColocH4Maximum"":0,""transPQtlColocH4MaximumNeighbourhood"":0,""vepMaximum"":0.6800000071525574,""vepMaximumNeighbourhood"":1,""vepMean"":0.006142182741314173,""vepMeanNeighbourhood"":1}","{""credibleSetConfidence"":0.0018021347932517529,""distanceFootprintMean"":0.01199637446552515,""distanceFootprintMeanNeighbourhood"":0.026691479608416557,""distanceSentinelFootprint"":0.02732747048139572,""distanceSentinelFootprintNeighbourhood"":0.1345342993736267,""distanceSentinelTss"":-0.002888786606490612,""distanceSentinelTssNeighbourhood"":-0.015085590071976185,""distanceTssMean"":-0.006527910009026527,""distanceTssMeanNeighbourhood"":-0.00786655955016613,""e2gMean"":-0.0020275874994695187,""e2gMeanNeighbourhood"":-0.0024112518876791,""eQtlColocClppMaximum"":0.0016438973834738135,""eQtlColocClppMaximumNeighbourhood"":0.015802741050720215,""eQtlColocH4Maximum"":0.012377064675092697,""eQtlColocH4MaximumNeighbourhood"":0.012147702276706696,""geneCount500kb"":0.01795501634478569,""pQtlColocClppMaximum"":-0.0009033234091475606,""pQtlColocClppMaximumNeighbourhood"":-0.001292419619858265,""pQtlColocH4Maximum"":-0.00034663357655517757,""pQtlColocH4MaximumNeighbourhood"":-0.00020258818403817713,""proteinGeneCount500kb"":0.04874186962842941,""sQtlColocClppMaximum"":-0.000491144135594368,""sQtlColocClppMaximumNeighbourhood"":-0.00020668817160185426,""sQtlColocH4Maximum"":-0.00048135267570614815,""sQtlColocH4MaximumNeighbourhood"":-0.0006273166509345174,""transPQtlColocH4Maximum"":0,""transPQtlColocH4MaximumNeighbourhood"":0,""vepMaximum"":0.10890760272741318,""vepMaximumNeighbourhood"":0.08355478197336197,""vepMean"":-0.009402792900800705,""vepMeanNeighbourhood"":0.05064234882593155}",0.04225753992795944,GRCh38,moderate_prioritization,0.05,0.6150293350219727
Parkinson disease,C8orf58,ENSG00000241852,PD_CHR08_037,0887f1ea47022100566362acd320b7f9,rs11783129,8,22595913,6e-11,0.5322436690330505,PICS,PICS fine-mapped credible set based on reported top hit,GCST90308590,Open Targets Platform Locus-to-Gene,chromosome 8 open reading frame 58,8_22595913_G_A,"{""distanceFootprintMean"":0.9943010807037354,""distanceFootprintMeanNeighbourhood"":0.9994285106658936,""distanceSentinelFootprint"":0.9994361400604248,""distanceSentinelFootprintNeighbourhood"":0.999682605266571,""distanceSentinelTss"":0.9994361400604248,""distanceSentinelTssNeighbourhood"":1,""distanceTssMean"":0.9938641786575317,""distanceTssMeanNeighbourhood"":0.9998197555541992}","{""eQtlColocClppMaximum"":0.02772155962884426,""eQtlColocClppMaximumNeighbourhood"":0.944357693195343,""eQtlColocH4Maximum"":0.9692919254302979,""eQtlColocH4MaximumNeighbourhood"":0.9982373714447021,""pQtlColocClppMaximum"":0,""pQtlColocClppMaximumNeighbourhood"":0,""pQtlColocH4Maximum"":0,""pQtlColocH4MaximumNeighbourhood"":0,""sQtlColocClppMaximum"":0.021630633622407913,""sQtlColocClppMaximumNeighbourhood"":0.5950628519058228,""sQtlColocH4Maximum"":0.9607223272323608,""sQtlColocH4MaximumNeighbourhood"":0.983705997467041,""transPQtlColocH4Maximum"":0,""transPQtlColocH4MaximumNeighbourhood"":0}","{""vepMaximum"":0.38999998569488525,""vepMaximumNeighbourhood"":0.6393442153930664,""vepMean"":0.0032988903112709522,""vepMeanNeighbourhood"":0.6919075846672058}","{""credibleSetConfidence"":0.25,""e2gMean"":0.34041455388069153,""e2gMeanNeighbourhood"":1,""geneCount500kb"":26,""proteinGeneCount500kb"":9}","{""credibleSetConfidence"":0.25,""distanceFootprintMean"":0.9943010807037354,""distanceFootprintMeanNeighbourhood"":0.9994285106658936,""distanceSentinelFootprint"":0.9994361400604248,""distanceSentinelFootprintNeighbourhood"":0.999682605266571,""distanceSentinelTss"":0.9994361400604248,""distanceSentinelTssNeighbourhood"":1,""distanceTssMean"":0.9938641786575317,""distanceTssMeanNeighbourhood"":0.9998197555541992,""e2gMean"":0.34041455388069153,""e2gMeanNeighbourhood"":1,""eQtlColocClppMaximum"":0.02772155962884426,""eQtlColocClppMaximumNeighbourhood"":0.944357693195343,""eQtlColocH4Maximum"":0.9692919254302979,""eQtlColocH4MaximumNeighbourhood"":0.9982373714447021,""geneCount500kb"":26,""pQtlColocClppMaximum"":0,""pQtlColocClppMaximumNeighbourhood"":0,""pQtlColocH4Maximum"":0,""pQtlColocH4MaximumNeighbourhood"":0,""proteinGeneCount500kb"":9,""sQtlColocClppMaximum"":0.021630633622407913,""sQtlColocClppMaximumNeighbourhood"":0.5950628519058228,""sQtlColocH4Maximum"":0.9607223272323608,""sQtlColocH4MaximumNeighbourhood"":0.983705997467041,""transPQtlColocH4Maximum"":0,""transPQtlColocH4MaximumNeighbourhood"":0,""vepMaximum"":0.38999998569488525,""vepMaximumNeighbourhood"":0.6393442153930664,""vepMean"":0.0032988903112709522,""vepMeanNeighbourhood"":0.6919075846672058}","{""credibleSetConfidence"":0.0007817536825314164,""distanceFootprintMean"":0.001623668009415269,""distanceFootprintMeanNeighbourhood"":0.015928788110613823,""distanceSentinelFootprint"":0.006263345945626497,""distanceSentinelFootprintNeighbourhood"":0.04873252660036087,""distanceSentinelTss"":0.009224539622664452,""distanceSentinelTssNeighbourhood"":0.07147535681724548,""distanceTssMean"":0.016624651849269867,""distanceTssMeanNeighbourhood"":0.04178959131240845,""e2gMean"":0.017664484679698944,""e2gMeanNeighbourhood"":0.09099698066711426,""eQtlColocClppMaximum"":0.014267835766077042,""eQtlColocClppMaximumNeighbourhood"":0.03380952402949333,""eQtlColocH4Maximum"":0.012050811201334,""eQtlColocH4MaximumNeighbourhood"":0.031521737575531006,""geneCount500kb"":0.0067762634716928005,""pQtlColocClppMaximum"":-0.002638779114931822,""pQtlColocClppMaximumNeighbourhood"":-0.0007014261209405959,""pQtlColocH4Maximum"":-0.0019894777797162533,""pQtlColocH4MaximumNeighbourhood"":0,""proteinGeneCount500kb"":-0.0037445956841111183,""sQtlColocClppMaximum"":0.016999341547489166,""sQtlColocClppMaximumNeighbourhood"":0.006036218721419573,""sQtlColocH4Maximum"":0.010308117605745792,""sQtlColocH4MaximumNeighbourhood"":0.019581664353609085,""transPQtlColocH4Maximum"":-0.000320987484883517,""transPQtlColocH4MaximumNeighbourhood"":-0.0016075070016086102,""vepMaximum"":0.020790278911590576,""vepMaximumNeighbourhood"":-0.018508102744817734,""vepMean"":-0.009195673279464245,""vepMeanNeighbourhood"":0.004294224549084902}",0.07340847700834274,GRCh38,moderate_prioritization,0.05,0.6150293350219727
Parkinson disease,AZI2,ENSG00000163512,PD_CHR03_014,5c969b44e1c4ad2bb3d0a194d0103bd8,rs6808178,3,28664199,6e-12,0.5317397713661194,PICS,PICS fine-mapped credible set based on reported top hit,GCST90308590,Open Targets Platform Locus-to-Gene,5-azacytidine induced 2,3_28664199_T_C,"{""distanceFootprintMean"":0.9212533831596375,""distanceFootprintMeanNeighbourhood"":0.947623074054718,""distanceSentinelFootprint"":0.9240778684616089,""distanceSentinelFootprintNeighbourhood"":0.9473623037338257,""distanceSentinelTss"":0.9240778684616089,""distanceSentinelTssNeighbourhood"":1,""distanceTssMean"":0.9212533831596375,""distanceTssMeanNeighbourhood"":1}","{""eQtlColocClppMaximum"":0,""eQtlColocClppMaximumNeighbourhood"":0,""eQtlColocH4Maximum"":0,""eQtlColocH4MaximumNeighbourhood"":0,""pQtlColocClppMaximum"":0,""pQtlColocClppMaximumNeighbourhood"":0,""pQtlColocH4Maximum"":0,""pQtlColocH4MaximumNeighbourhood"":0,""sQtlColocClppMaximum"":0,""sQtlColocClppMaximumNeighbourhood"":0,""sQtlColocH4Maximum"":0,""sQtlColocH4MaximumNeighbourhood"":0,""transPQtlColocH4Maximum"":0,""transPQtlColocH4MaximumNeighbourhood"":0}","{""vepMaximum"":0.2199999988079071,""vepMaximumNeighbourhood"":1,""vepMean"":0.03493211045861244,""vepMeanNeighbourhood"":1}","{""credibleSetConfidence"":0.25,""e2gMean"":0,""e2gMeanNeighbourhood"":0,""geneCount500kb"":4,""proteinGeneCount500kb"":0}","{""credibleSetConfidence"":0.25,""distanceFootprintMean"":0.9212533831596375,""distanceFootprintMeanNeighbourhood"":0.947623074054718,""distanceSentinelFootprint"":0.9240778684616089,""distanceSentinelFootprintNeighbourhood"":0.9473623037338257,""distanceSentinelTss"":0.9240778684616089,""distanceSentinelTssNeighbourhood"":1,""distanceTssMean"":0.9212533831596375,""distanceTssMeanNeighbourhood"":1,""e2gMean"":0,""e2gMeanNeighbourhood"":0,""eQtlColocClppMaximum"":0,""eQtlColocClppMaximumNeighbourhood"":0,""eQtlColocH4Maximum"":0,""eQtlColocH4MaximumNeighbourhood"":0,""geneCount500kb"":4,""pQtlColocClppMaximum"":0,""pQtlColocClppMaximumNeighbourhood"":0,""pQtlColocH4Maximum"":0,""pQtlColocH4MaximumNeighbourhood"":0,""proteinGeneCount500kb"":0,""sQtlColocClppMaximum"":0,""sQtlColocClppMaximumNeighbourhood"":0,""sQtlColocH4Maximum"":0,""sQtlColocH4MaximumNeighbourhood"":0,""transPQtlColocH4Maximum"":0,""transPQtlColocH4MaximumNeighbourhood"":0,""vepMaximum"":0.2199999988079071,""vepMaximumNeighbourhood"":1,""vepMean"":0.03493211045861244,""vepMeanNeighbourhood"":1}","{""credibleSetConfidence"":-0.0010410011745989323,""distanceFootprintMean"":0.0077255284413695335,""distanceFootprintMeanNeighbourhood"":0.0001057681511156261,""distanceSentinelFootprint"":0.003613824490457773,""distanceSentinelFootprintNeighbourhood"":-0.006002599373459816,""distanceSentinelTss"":0.004966793116182089,""distanceSentinelTssNeighbourhood"":0.13442125916481018,""distanceTssMean"":-0.009106024168431759,""distanceTssMeanNeighbourhood"":0.11362294107675552,""e2gMean"":-0.0011079024989157915,""e2gMeanNeighbourhood"":-0.002164345234632492,""eQtlColocClppMaximum"":-0.0006843646988272667,""eQtlColocClppMaximumNeighbourhood"":-0.0016787397908046842,""eQtlColocH4Maximum"":-0.0008124019950628281,""eQtlColocH4MaximumNeighbourhood"":-0.0012806733138859272,""geneCount500kb"":0.05236043035984039,""pQtlColocClppMaximum"":-0.0006020682631060481,""pQtlColocClppMaximumNeighbourhood"":-3.987702075392008e-05,""pQtlColocH4Maximum"":-0.00015705754049122334,""pQtlColocH4MaximumNeighbourhood"":0,""proteinGeneCount500kb"":0.10994347929954529,""sQtlColocClppMaximum"":-0.0002484261349309236,""sQtlColocClppMaximumNeighbourhood"":-0.00025514859589748085,""sQtlColocH4Maximum"":-9.803170541999862e-05,""sQtlColocH4MaximumNeighbourhood"":-0.0004412175912875682,""transPQtlColocH4Maximum"":-0.0011137585388496518,""transPQtlColocH4MaximumNeighbourhood"":-0.003079760819673538,""vepMaximum"":-0.0022529514972120523,""vepMaximumNeighbourhood"":0.04327371343970299,""vepMean"":0.0018378907116129994,""vepMeanNeighbourhood"":0.06593208014965057}",0.026102354750037193,GRCh38,moderate_prioritization,0.05,0.6150293350219727
Parkinson disease,NSF,ENSG00000073969,PD_CHR17_068,02880e99c75d978283e8e2b3d0d72fba,rs199453,17,46723580,1e-61,0.5286843180656433,PICS,PICS fine-mapped credible set based on reported top hit,GCST90308590,Open Targets Platform Locus-to-Gene,"N-ethylmaleimide sensitive factor, vesicle fusing ATPase",17_46723580_C_T,"{""distanceFootprintMean"":0.9977524280548096,""distanceFootprintMeanNeighbourhood"":1,""distanceSentinelFootprint"":1,""distanceSentinelFootprintNeighbourhood"":1,""distanceSentinelTss"":0.9764521718025208,""distanceSentinelTssNeighbourhood"":0.992409348487854,""distanceTssMean"":0.9740402102470398,""distanceTssMeanNeighbourhood"":0.992074191570282}","{""eQtlColocClppMaximum"":0.07762081921100616,""eQtlColocClppMaximumNeighbourhood"":1,""eQtlColocH4Maximum"":0.9892339110374451,""eQtlColocH4MaximumNeighbourhood"":1,""pQtlColocClppMaximum"":0,""pQtlColocClppMaximumNeighbourhood"":0,""pQtlColocH4Maximum"":0,""pQtlColocH4MaximumNeighbourhood"":0,""sQtlColocClppMaximum"":0.03665272518992424,""sQtlColocClppMaximumNeighbourhood"":1,""sQtlColocH4Maximum"":0.9764045476913452,""sQtlColocH4MaximumNeighbourhood"":1,""transPQtlColocH4Maximum"":0,""transPQtlColocH4MaximumNeighbourhood"":0}","{""vepMaximum"":0.3199999928474426,""vepMaximumNeighbourhood"":1,""vepMean"":0.019418736919760704,""vepMeanNeighbourhood"":1}","{""credibleSetConfidence"":0.25,""e2gMean"":0,""e2gMeanNeighbourhood"":0,""geneCount500kb"":15,""proteinGeneCount500kb"":7}","{""credibleSetConfidence"":0.25,""distanceFootprintMean"":0.9977524280548096,""distanceFootprintMeanNeighbourhood"":1,""distanceSentinelFootprint"":1,""distanceSentinelFootprintNeighbourhood"":1,""distanceSentinelTss"":0.9764521718025208,""distanceSentinelTssNeighbourhood"":0.992409348487854,""distanceTssMean"":0.9740402102470398,""distanceTssMeanNeighbourhood"":0.992074191570282,""e2gMean"":0,""e2gMeanNeighbourhood"":0,""eQtlColocClppMaximum"":0.07762081921100616,""eQtlColocClppMaximumNeighbourhood"":1,""eQtlColocH4Maximum"":0.9892339110374451,""eQtlColocH4MaximumNeighbourhood"":1,""geneCount500kb"":15,""pQtlColocClppMaximum"":0,""pQtlColocClppMaximumNeighbourhood"":0,""pQtlColocH4Maximum"":0,""pQtlColocH4MaximumNeighbourhood"":0,""proteinGeneCount500kb"":7,""sQtlColocClppMaximum"":0.03665272518992424,""sQtlColocClppMaximumNeighbourhood"":1,""sQtlColocH4Maximum"":0.9764045476913452,""sQtlColocH4MaximumNeighbourhood"":1,""transPQtlColocH4Maximum"":0,""transPQtlColocH4MaximumNeighbourhood"":0,""vepMaximum"":0.3199999928474426,""vepMaximumNeighbourhood"":1,""vepMean"":0.019418736919760704,""vepMeanNeighbourhood"":1}","{""credibleSetConfidence"":0.0017250997480005026,""distanceFootprintMean"":0.009777246043086052,""distanceFootprintMeanNeighbourhood"":0.013193834573030472,""distanceSentinelFootprint"":0.009408039040863514,""distanceSentinelFootprintNeighbourhood"":0.1209825649857521,""distanceSentinelTss"":0.0027736499905586243,""distanceSentinelTssNeighbourhood"":0.02516893669962883,""distanceTssMean"":-0.001220137346535921,""distanceTssMeanNeighbourhood"":0.054577477276325226,""e2gMean"":-0.003615007735788822,""e2gMeanNeighbourhood"":-0.005268862470984459,""eQtlColocClppMaximum"":0.006113688927143812,""eQtlColocClppMaximumNeighbourhood"":0.016218552365899086,""eQtlColocH4Maximum"":0.01469479687511921,""eQtlColocH4MaximumNeighbourhood"":0.01459945272654295,""geneCount500kb"":0.02441609837114811,""pQtlColocClppMaximum"":-0.0012456042459234595,""pQtlColocClppMaximumNeighbourhood"":-0.0003514123091008514,""pQtlColocH4Maximum"":-0.0005245610373094678,""pQtlColocH4MaximumNeighbourhood"":-0.0001103959875763394,""proteinGeneCount500kb"":0.015154257416725159,""sQtlColocClppMaximum"":0.00472392700612545,""sQtlColocClppMaximumNeighbourhood"":0.009241191670298576,""sQtlColocH4Maximum"":0.0017038334626704454,""sQtlColocH4MaximumNeighbourhood"":0.012794539332389832,""transPQtlColocH4Maximum"":-0.0015038979472592473,""transPQtlColocH4MaximumNeighbourhood"":-0.005352891515940428,""vepMaximum"":0.012308990582823753,""vepMaximumNeighbourhood"":0.0832495391368866,""vepMean"":-0.01189518067985773,""vepMeanNeighbourhood"":0.04511570930480957}",0.06183086335659027,GRCh38,moderate_prioritization,0.05,0.6150293350219727
Parkinson disease,GPR65,ENSG00000140030,PD_CHR14_058,96331731b4895b8745ce0bfa50d10d9b,rs1561758,14,88021226,9e-10,0.5266395807266235,PICS,PICS fine-mapped credible set based on reported top hit,GCST90308590,Open Targets Platform Locus-to-Gene,G protein-coupled receptor 65,14_88021226_G_C,"{""distanceFootprintMean"":0.995177149772644,""distanceFootprintMeanNeighbourhood"":1,""distanceSentinelFootprint"":0.9990159273147583,""distanceSentinelFootprintNeighbourhood"":1,""distanceSentinelTss"":0.9975072145462036,""distanceSentinelTssNeighbourhood"":1,""distanceTssMean"":0.994623064994812,""distanceTssMeanNeighbourhood"":1}","{""eQtlColocClppMaximum"":0.06962565332651138,""eQtlColocClppMaximumNeighbourhood"":0.6844787001609802,""eQtlColocH4Maximum"":0.9881574511528015,""eQtlColocH4MaximumNeighbourhood"":0.9959516525268555,""pQtlColocClppMaximum"":0,""pQtlColocClppMaximumNeighbourhood"":0,""pQtlColocH4Maximum"":0,""pQtlColocH4MaximumNeighbourhood"":0,""sQtlColocClppMaximum"":0,""sQtlColocClppMaximumNeighbourhood"":0,""sQtlColocH4Maximum"":0,""sQtlColocH4MaximumNeighbourhood"":0,""transPQtlColocH4Maximum"":0,""transPQtlColocH4MaximumNeighbourhood"":0}","{""vepMaximum"":0.3700000047683716,""vepMaximumNeighbourhood"":0.804347813129425,""vepMean"":0.004882866516709328,""vepMeanNeighbourhood"":0.8986160159111023}","{""credibleSetConfidence"":0.25,""e2gMean"":0.3353424072265625,""e2gMeanNeighbourhood"":0.8538238406181335,""geneCount500kb"":11,""proteinGeneCount500kb"":2}","{""credibleSetConfidence"":0.25,""distanceFootprintMean"":0.995177149772644,""distanceFootprintMeanNeighbourhood"":1,""distanceSentinelFootprint"":0.9990159273147583,""distanceSentinelFootprintNeighbourhood"":1,""distanceSentinelTss"":0.9975072145462036,""distanceSentinelTssNeighbourhood"":1,""distanceTssMean"":0.994623064994812,""distanceTssMeanNeighbourhood"":1,""e2gMean"":0.3353424072265625,""e2gMeanNeighbourhood"":0.8538238406181335,""eQtlColocClppMaximum"":0.06962565332651138,""eQtlColocClppMaximumNeighbourhood"":0.6844787001609802,""eQtlColocH4Maximum"":0.9881574511528015,""eQtlColocH4MaximumNeighbourhood"":0.9959516525268555,""geneCount500kb"":11,""pQtlColocClppMaximum"":0,""pQtlColocClppMaximumNeighbourhood"":0,""pQtlColocH4Maximum"":0,""pQtlColocH4MaximumNeighbourhood"":0,""proteinGeneCount500kb"":2,""sQtlColocClppMaximum"":0,""sQtlColocClppMaximumNeighbourhood"":0,""sQtlColocH4Maximum"":0,""sQtlColocH4MaximumNeighbourhood"":0,""transPQtlColocH4Maximum"":0,""transPQtlColocH4MaximumNeighbourhood"":0,""vepMaximum"":0.3700000047683716,""vepMaximumNeighbourhood"":0.804347813129425,""vepMean"":0.004882866516709328,""vepMeanNeighbourhood"":0.8986160159111023}","{""credibleSetConfidence"":0.00015440471179317683,""distanceFootprintMean"":-0.0016092879232019186,""distanceFootprintMeanNeighbourhood"":-0.0002074413641821593,""distanceSentinelFootprint"":0.005436995532363653,""distanceSentinelFootprintNeighbourhood"":0.04602724313735962,""distanceSentinelTss"":-0.0010233852081000805,""distanceSentinelTssNeighbourhood"":0.09325851500034332,""distanceTssMean"":0.019445674493908882,""distanceTssMeanNeighbourhood"":0.052944548428058624,""e2gMean"":0.012330939993262291,""e2gMeanNeighbourhood"":0.013186147436499596,""eQtlColocClppMaximum"":0.007199323736131191,""eQtlColocClppMaximumNeighbourhood"":0.01648854650557041,""eQtlColocH4Maximum"":0.01121316198259592,""eQtlColocH4MaximumNeighbourhood"":0.011688005179166794,""geneCount500kb"":0.03383493050932884,""pQtlColocClppMaximum"":-0.005121981725096703,""pQtlColocClppMaximumNeighbourhood"":-0.001768578658811748,""pQtlColocH4Maximum"":-0.002550283446907997,""pQtlColocH4MaximumNeighbourhood"":0,""proteinGeneCount500kb"":0.10625991970300674,""sQtlColocClppMaximum"":-0.0023370913695544004,""sQtlColocClppMaximumNeighbourhood"":-0.0011882494436576962,""sQtlColocH4Maximum"":-0.002224439987912774,""sQtlColocH4MaximumNeighbourhood"":-0.0013543221866711974,""transPQtlColocH4Maximum"":-0.0002678950550034642,""transPQtlColocH4MaximumNeighbourhood"":-0.0005404888652265072,""vepMaximum"":0.02167711965739727,""vepMaximumNeighbourhood"":0.0014769918052479625,""vepMean"":-0.002896999241784215,""vepMeanNeighbourhood"":0.021662989631295204}",0.0754445418715477,GRCh38,moderate_prioritization,0.05,0.6150293350219727
Parkinson disease,KTN1,ENSG00000126777,PD_CHR14_057,65adee85a21ebb38313f15aae4c5fff9,rs8012377,14,55724695,2e-10,0.4827914834022522,PICS,PICS fine-mapped credible set based on reported top hit,GCST90308590,Open Targets Platform Locus-to-Gene,kinectin 1,14_55724695_C_T,"{""distanceFootprintMean"":0.9905045032501221,""distanceFootprintMeanNeighbourhood"":1,""distanceSentinelFootprint"":0.9936266541481018,""distanceSentinelFootprintNeighbourhood"":1,""distanceSentinelTss"":0.974010169506073,""distanceSentinelTssNeighbourhood"":1,""distanceTssMean"":0.9707885384559631,""distanceTssMeanNeighbourhood"":1}","{""eQtlColocClppMaximum"":0,""eQtlColocClppMaximumNeighbourhood"":0,""eQtlColocH4Maximum"":0,""eQtlColocH4MaximumNeighbourhood"":0,""pQtlColocClppMaximum"":0,""pQtlColocClppMaximumNeighbourhood"":0,""pQtlColocH4Maximum"":0,""pQtlColocH4MaximumNeighbourhood"":0,""sQtlColocClppMaximum"":0,""sQtlColocClppMaximumNeighbourhood"":0,""sQtlColocH4Maximum"":0,""sQtlColocH4MaximumNeighbourhood"":0,""transPQtlColocH4Maximum"":0,""transPQtlColocH4MaximumNeighbourhood"":0}","{""vepMaximum"":0.20000000298023224,""vepMaximumNeighbourhood"":0.9090909361839294,""vepMean"":0.011342605575919151,""vepMeanNeighbourhood"":0.9090909361839294}","{""credibleSetConfidence"":0.25,""e2gMean"":0,""e2gMeanNeighbourhood"":0,""geneCount500kb"":13,""proteinGeneCount500kb"":1}","{""credibleSetConfidence"":0.25,""distanceFootprintMean"":0.9905045032501221,""distanceFootprintMeanNeighbourhood"":1,""distanceSentinelFootprint"":0.9936266541481018,""distanceSentinelFootprintNeighbourhood"":1,""distanceSentinelTss"":0.974010169506073,""distanceSentinelTssNeighbourhood"":1,""distanceTssMean"":0.9707885384559631,""distanceTssMeanNeighbourhood"":1,""e2gMean"":0,""e2gMeanNeighbourhood"":0,""eQtlColocClppMaximum"":0,""eQtlColocClppMaximumNeighbourhood"":0,""eQtlColocH4Maximum"":0,""eQtlColocH4MaximumNeighbourhood"":0,""geneCount500kb"":13,""pQtlColocClppMaximum"":0,""pQtlColocClppMaximumNeighbourhood"":0,""pQtlColocH4Maximum"":0,""pQtlColocH4MaximumNeighbourhood"":0,""proteinGeneCount500kb"":1,""sQtlColocClppMaximum"":0,""sQtlColocClppMaximumNeighbourhood"":0,""sQtlColocH4Maximum"":0,""sQtlColocH4MaximumNeighbourhood"":0,""transPQtlColocH4Maximum"":0,""transPQtlColocH4MaximumNeighbourhood"":0,""vepMaximum"":0.20000000298023224,""vepMaximumNeighbourhood"":0.9090909361839294,""vepMean"":0.011342605575919151,""vepMeanNeighbourhood"":0.9090909361839294}","{""credibleSetConfidence"":0.00020426674745976925,""distanceFootprintMean"":-0.0015567077789455652,""distanceFootprintMeanNeighbourhood"":0.0001239163102582097,""distanceSentinelFootprint"":0.0032573058269917965,""distanceSentinelFootprintNeighbourhood"":0.03675735369324684,""distanceSentinelTss"":0.011624464765191078,""distanceSentinelTssNeighbourhood"":0.10834307968616486,""distanceTssMean"":-0.0024501190055161715,""distanceTssMeanNeighbourhood"":0.06949792802333832,""e2gMean"":-0.0017461935058236122,""e2gMeanNeighbourhood"":-0.007769174408167601,""eQtlColocClppMaximum"":-0.0006041511078365147,""eQtlColocClppMaximumNeighbourhood"":-0.0019945271778851748,""eQtlColocH4Maximum"":-0.0008435234776698053,""eQtlColocH4MaximumNeighbourhood"":-0.0022480865009129047,""geneCount500kb"":0.041467685252428055,""pQtlColocClppMaximum"":-0.0019410121021792293,""pQtlColocClppMaximumNeighbourhood"":-0.0006154606235213578,""pQtlColocH4Maximum"":-0.0012582121416926384,""pQtlColocH4MaximumNeighbourhood"":0,""proteinGeneCount500kb"":0.15619800984859467,""sQtlColocClppMaximum"":-0.0009151676204055548,""sQtlColocClppMaximumNeighbourhood"":-0.0004671913629863411,""sQtlColocH4Maximum"":-0.0006962610641494393,""sQtlColocH4MaximumNeighbourhood"":-0.0009972858242690563,""transPQtlColocH4Maximum"":-0.0004721067089121789,""transPQtlColocH4MaximumNeighbourhood"":-0.0009552554110996425,""vepMaximum"":-0.002707504201680422,""vepMaximumNeighbourhood"":0.002791263395920396,""vepMean"":-0.0025426149368286133,""vepMeanNeighbourhood"":0.019570142030715942}",0.06573662906885147,GRCh38,moderate_prioritization,0.05,0.6150293350219727
Parkinson disease,ITPA,ENSG00000125877,PD_CHR20_075,37d08e12e028cbde84b497ef185122bd,rs4815573,20,3186025,6e-11,0.4807567894458771,PICS,PICS fine-mapped credible set based on reported top hit,GCST90308590,Open Targets Platform Locus-to-Gene,inosine triphosphatase,20_3186025_C_T,"{""distanceFootprintMean"":0.9931096434593201,""distanceFootprintMeanNeighbourhood"":0.9969832301139832,""distanceSentinelFootprint"":0.9963357448577881,""distanceSentinelFootprintNeighbourhood"":0.9969958066940308,""distanceSentinelTss"":0.9963357448577881,""distanceSentinelTssNeighbourhood"":0.9982579946517944,""distanceTssMean"":0.9931096434593201,""distanceTssMeanNeighbourhood"":0.9981256723403931}","{""eQtlColocClppMaximum"":0.048867397010326385,""eQtlColocClppMaximumNeighbourhood"":0.8328232169151306,""eQtlColocH4Maximum"":0.9826537370681763,""eQtlColocH4MaximumNeighbourhood"":0.9969358444213867,""pQtlColocClppMaximum"":0,""pQtlColocClppMaximumNeighbourhood"":0,""pQtlColocH4Maximum"":0,""pQtlColocH4MaximumNeighbourhood"":0,""sQtlColocClppMaximum"":0.06084063649177551,""sQtlColocClppMaximumNeighbourhood"":1,""sQtlColocH4Maximum"":0.9862110614776611,""sQtlColocH4MaximumNeighbourhood"":1,""transPQtlColocH4Maximum"":0,""transPQtlColocH4MaximumNeighbourhood"":0}","{""vepMaximum"":0.2199999988079071,""vepMaximumNeighbourhood"":0.6875,""vepMean"":0.011726876720786095,""vepMeanNeighbourhood"":0.984837532043457}","{""credibleSetConfidence"":0.25,""e2gMean"":0.03123529627919197,""e2gMeanNeighbourhood"":0.16933023929595947,""geneCount500kb"":22,""proteinGeneCount500kb"":11}","{""credibleSetConfidence"":0.25,""distanceFootprintMean"":0.9931096434593201,""distanceFootprintMeanNeighbourhood"":0.9969832301139832,""distanceSentinelFootprint"":0.9963357448577881,""distanceSentinelFootprintNeighbourhood"":0.9969958066940308,""distanceSentinelTss"":0.9963357448577881,""distanceSentinelTssNeighbourhood"":0.9982579946517944,""distanceTssMean"":0.9931096434593201,""distanceTssMeanNeighbourhood"":0.9981256723403931,""e2gMean"":0.03123529627919197,""e2gMeanNeighbourhood"":0.16933023929595947,""eQtlColocClppMaximum"":0.048867397010326385,""eQtlColocClppMaximumNeighbourhood"":0.8328232169151306,""eQtlColocH4Maximum"":0.9826537370681763,""eQtlColocH4MaximumNeighbourhood"":0.9969358444213867,""geneCount500kb"":22,""pQtlColocClppMaximum"":0,""pQtlColocClppMaximumNeighbourhood"":0,""pQtlColocH4Maximum"":0,""pQtlColocH4MaximumNeighbourhood"":0,""proteinGeneCount500kb"":11,""sQtlColocClppMaximum"":0.06084063649177551,""sQtlColocClppMaximumNeighbourhood"":1,""sQtlColocH4Maximum"":0.9862110614776611,""sQtlColocH4MaximumNeighbourhood"":1,""transPQtlColocH4Maximum"":0,""transPQtlColocH4MaximumNeighbourhood"":0,""vepMaximum"":0.2199999988079071,""vepMaximumNeighbourhood"":0.6875,""vepMean"":0.011726876720786095,""vepMeanNeighbourhood"":0.984837532043457}","{""credibleSetConfidence"":2.5765901227714494e-05,""distanceFootprintMean"":-0.004351835232228041,""distanceFootprintMeanNeighbourhood"":-0.00012308669101912528,""distanceSentinelFootprint"":-0.0027665712404996157,""distanceSentinelFootprintNeighbourhood"":0.005136461462825537,""distanceSentinelTss"":-0.013378876261413097,""distanceSentinelTssNeighbourhood"":0.11584145575761795,""distanceTssMean"":0.00675529008731246,""distanceTssMeanNeighbourhood"":0.08941740542650223,""e2gMean"":0.01238267868757248,""e2gMeanNeighbourhood"":-0.006967713125050068,""eQtlColocClppMaximum"":0.02463379316031933,""eQtlColocClppMaximumNeighbourhood"":0.028582032769918442,""eQtlColocH4Maximum"":0.02264556474983692,""eQtlColocH4MaximumNeighbourhood"":0.014178371988236904,""geneCount500kb"":-0.0033436473459005356,""pQtlColocClppMaximum"":-0.0007393572013825178,""pQtlColocClppMaximumNeighbourhood"":-0.0003955302236136049,""pQtlColocH4Maximum"":-0.0004893803270533681,""pQtlColocH4MaximumNeighbourhood"":-8.164726750692353e-05,""proteinGeneCount500kb"":-0.01223819237202406,""sQtlColocClppMaximum"":0.020085260272026062,""sQtlColocClppMaximumNeighbourhood"":0.025516554713249207,""sQtlColocH4Maximum"":0.007295434828847647,""sQtlColocH4MaximumNeighbourhood"":0.05202611908316612,""transPQtlColocH4Maximum"":-0.0030657288152724504,""transPQtlColocH4MaximumNeighbourhood"":-0.006786266807466745,""vepMaximum"":-0.0022532863076776266,""vepMaximumNeighbourhood"":-0.009210152551531792,""vepMean"":0.004841384943574667,""vepMeanNeighbourhood"":0.014632810838520527}",0.10295160859823227,GRCh38,moderate_prioritization,0.05,0.6150293350219727
Parkinson disease,KCNMB3,ENSG00000171121,PD_CHR03_018,756f75b6491487d11ae26f7277a0989d,rs6806917,3,179143629,3.0000000000000004e-09,0.47344475984573364,PICS,PICS fine-mapped credible set based on reported top hit,GCST90308590,Open Targets Platform Locus-to-Gene,potassium calcium-activated channel subfamily M regulatory beta subunit 3,3_179143629_T_C,"{""distanceFootprintMean"":0.9851076602935791,""distanceFootprintMeanNeighbourhood"":0.9896619319915771,""distanceSentinelFootprint"":0.9831584692001343,""distanceSentinelFootprintNeighbourhood"":0.9838708639144897,""distanceSentinelTss"":0.981555700302124,""distanceSentinelTssNeighbourhood"":0.982266902923584,""distanceTssMean"":0.9836374521255493,""distanceTssMeanNeighbourhood"":0.9932202100753784}","{""eQtlColocClppMaximum"":0.014670392498373985,""eQtlColocClppMaximumNeighbourhood"":1,""eQtlColocH4Maximum"":0.9427043795585632,""eQtlColocH4MaximumNeighbourhood"":1,""pQtlColocClppMaximum"":0,""pQtlColocClppMaximumNeighbourhood"":0,""pQtlColocH4Maximum"":0,""pQtlColocH4MaximumNeighbourhood"":0,""sQtlColocClppMaximum"":0.010686183348298073,""sQtlColocClppMaximumNeighbourhood"":1,""sQtlColocH4Maximum"":0.9226700663566589,""sQtlColocH4MaximumNeighbourhood"":1,""transPQtlColocH4Maximum"":0,""transPQtlColocH4MaximumNeighbourhood"":0}","{""vepMaximum"":0.3700000047683716,""vepMaximumNeighbourhood"":1,""vepMean"":0.0022597219794988632,""vepMeanNeighbourhood"":0.7337040305137634}","{""credibleSetConfidence"":0.25,""e2gMean"":0.030891424044966698,""e2gMeanNeighbourhood"":1,""geneCount500kb"":12,""proteinGeneCount500kb"":5}","{""credibleSetConfidence"":0.25,""distanceFootprintMean"":0.9851076602935791,""distanceFootprintMeanNeighbourhood"":0.9896619319915771,""distanceSentinelFootprint"":0.9831584692001343,""distanceSentinelFootprintNeighbourhood"":0.9838708639144897,""distanceSentinelTss"":0.981555700302124,""distanceSentinelTssNeighbourhood"":0.982266902923584,""distanceTssMean"":0.9836374521255493,""distanceTssMeanNeighbourhood"":0.9932202100753784,""e2gMean"":0.030891424044966698,""e2gMeanNeighbourhood"":1,""eQtlColocClppMaximum"":0.014670392498373985,""eQtlColocClppMaximumNeighbourhood"":1,""eQtlColocH4Maximum"":0.9427043795585632,""eQtlColocH4MaximumNeighbourhood"":1,""geneCount500kb"":12,""pQtlColocClppMaximum"":0,""pQtlColocClppMaximumNeighbourhood"":0,""pQtlColocH4Maximum"":0,""pQtlColocH4MaximumNeighbourhood"":0,""proteinGeneCount500kb"":5,""sQtlColocClppMaximum"":0.010686183348298073,""sQtlColocClppMaximumNeighbourhood"":1,""sQtlColocH4Maximum"":0.9226700663566589,""sQtlColocH4MaximumNeighbourhood"":1,""transPQtlColocH4Maximum"":0,""transPQtlColocH4MaximumNeighbourhood"":0,""vepMaximum"":0.3700000047683716,""vepMaximumNeighbourhood"":1,""vepMean"":0.0022597219794988632,""vepMeanNeighbourhood"":0.7337040305137634}","{""credibleSetConfidence"":0.0024074434768408537,""distanceFootprintMean"":-0.00880048330873251,""distanceFootprintMeanNeighbourhood"":0.00609785970300436,""distanceSentinelFootprint"":-0.0003059657756239176,""distanceSentinelFootprintNeighbourhood"":0.010893617756664753,""distanceSentinelTss"":-0.019531235098838806,""distanceSentinelTssNeighbourhood"":0.030972694978117943,""distanceTssMean"":-0.002182302065193653,""distanceTssMeanNeighbourhood"":0.07204484939575195,""e2gMean"":0.02312387526035309,""e2gMeanNeighbourhood"":0.10253424942493439,""eQtlColocClppMaximum"":0.008449796587228775,""eQtlColocClppMaximumNeighbourhood"":0.03236451372504234,""eQtlColocH4Maximum"":0.01172507181763649,""eQtlColocH4MaximumNeighbourhood"":0.021304955706000328,""geneCount500kb"":0.029785364866256714,""pQtlColocClppMaximum"":-0.0015381267294287682,""pQtlColocClppMaximumNeighbourhood"":-0.0009740313980728388,""pQtlColocH4Maximum"":-0.0005066690500825644,""pQtlColocH4MaximumNeighbourhood"":-0.0005540992133319378,""proteinGeneCount500kb"":0.02789427898824215,""sQtlColocClppMaximum"":0.00758588220924139,""sQtlColocClppMaximumNeighbourhood"":0.01129975076764822,""sQtlColocH4Maximum"":0.0021113373804837465,""sQtlColocH4MaximumNeighbourhood"":0.016430329531431198,""transPQtlColocH4Maximum"":0,""transPQtlColocH4MaximumNeighbourhood"":0,""vepMaximum"":0.025553608313202858,""vepMaximumNeighbourhood"":0.04223279282450676,""vepMean"":-0.0183788500726223,""vepMeanNeighbourhood"":0.009697801433503628}",0.031706444919109344,GRCh38,moderate_prioritization,0.05,0.6150293350219727
Parkinson disease,SNCA,ENSG00000145335,PD_CHR04_024,63c3328883271922c3819609f21e52f1,rs356182,4,89704960,4e-170,0.4322746694087982,PICS,PICS fine-mapped credible set based on reported top hit,GCST90308590,Open Targets Platform Locus-to-Gene,synuclein alpha,4_89704960_G_A,"{""distanceFootprintMean"":0.997025728225708,""distanceFootprintMeanNeighbourhood"":1,""distanceSentinelFootprint"":0.997025728225708,""distanceSentinelFootprintNeighbourhood"":1,""distanceSentinelTss"":0.9765994548797607,""distanceSentinelTssNeighbourhood"":1,""distanceTssMean"":0.9765994548797607,""distanceTssMeanNeighbourhood"":1}","{""eQtlColocClppMaximum"":0.01351926475763321,""eQtlColocClppMaximumNeighbourhood"":1,""eQtlColocH4Maximum"":0.9352173805236816,""eQtlColocH4MaximumNeighbourhood"":1,""pQtlColocClppMaximum"":0,""pQtlColocClppMaximumNeighbourhood"":0,""pQtlColocH4Maximum"":0,""pQtlColocH4MaximumNeighbourhood"":0,""sQtlColocClppMaximum"":0.02886073850095272,""sQtlColocClppMaximumNeighbourhood"":1,""sQtlColocH4Maximum"":0.9690704941749573,""sQtlColocH4MaximumNeighbourhood"":1,""transPQtlColocH4Maximum"":0,""transPQtlColocH4MaximumNeighbourhood"":0}","{""vepMaximum"":0.20000000298023224,""vepMaximumNeighbourhood"":0.9090909361839294,""vepMean"":0.20000000298023224,""vepMeanNeighbourhood"":0.9090909361839294}","{""credibleSetConfidence"":0.25,""e2gMean"":0,""e2gMeanNeighbourhood"":0,""geneCount500kb"":10,""proteinGeneCount500kb"":2}","{""credibleSetConfidence"":0.25,""distanceFootprintMean"":0.997025728225708,""distanceFootprintMeanNeighbourhood"":1,""distanceSentinelFootprint"":0.997025728225708,""distanceSentinelFootprintNeighbourhood"":1,""distanceSentinelTss"":0.9765994548797607,""distanceSentinelTssNeighbourhood"":1,""distanceTssMean"":0.9765994548797607,""distanceTssMeanNeighbourhood"":1,""e2gMean"":0,""e2gMeanNeighbourhood"":0,""eQtlColocClppMaximum"":0.01351926475763321,""eQtlColocClppMaximumNeighbourhood"":1,""eQtlColocH4Maximum"":0.9352173805236816,""eQtlColocH4MaximumNeighbourhood"":1,""geneCount500kb"":10,""pQtlColocClppMaximum"":0,""pQtlColocClppMaximumNeighbourhood"":0,""pQtlColocH4Maximum"":0,""pQtlColocH4MaximumNeighbourhood"":0,""proteinGeneCount500kb"":2,""sQtlColocClppMaximum"":0.02886073850095272,""sQtlColocClppMaximumNeighbourhood"":1,""sQtlColocH4Maximum"":0.9690704941749573,""sQtlColocH4MaximumNeighbourhood"":1,""transPQtlColocH4Maximum"":0,""transPQtlColocH4MaximumNeighbourhood"":0,""vepMaximum"":0.20000000298023224,""vepMaximumNeighbourhood"":0.9090909361839294,""vepMean"":0.20000000298023224,""vepMeanNeighbourhood"":0.9090909361839294}","{""credibleSetConfidence"":0.0003494983247946948,""distanceFootprintMean"":0.0006988606182858348,""distanceFootprintMeanNeighbourhood"":0.003286719787865877,""distanceSentinelFootprint"":-0.001193768810480833,""distanceSentinelFootprintNeighbourhood"":0.022274525836110115,""distanceSentinelTss"":0.002715928014367819,""distanceSentinelTssNeighbourhood"":0.10538280755281448,""distanceTssMean"":-0.0027863832656294107,""distanceTssMeanNeighbourhood"":0.06589636206626892,""e2gMean"":-0.0016611136961728334,""e2gMeanNeighbourhood"":-0.0059535144828259945,""eQtlColocClppMaximum"":0.0061154295690357685,""eQtlColocClppMaximumNeighbourhood"":0.011153355240821838,""eQtlColocH4Maximum"":0.007702138274908066,""eQtlColocH4MaximumNeighbourhood"":0.019862288609147072,""geneCount500kb"":0.024276088923215866,""pQtlColocClppMaximum"":-0.00117882143240422,""pQtlColocClppMaximumNeighbourhood"":-0.0003267558349762112,""pQtlColocH4Maximum"":-0.0005496161174960434,""pQtlColocH4MaximumNeighbourhood"":-5.850364323123358e-05,""proteinGeneCount500kb"":0.08582690358161926,""sQtlColocClppMaximum"":0.003770822659134865,""sQtlColocClppMaximumNeighbourhood"":0.009395023807883263,""sQtlColocH4Maximum"":0.0028970169369131327,""sQtlColocH4MaximumNeighbourhood"":0.008490092121064663,""transPQtlColocH4Maximum"":-0.0011275336146354675,""transPQtlColocH4MaximumNeighbourhood"":-0.0028981498908251524,""vepMaximum"":-0.0007872359710745513,""vepMaximumNeighbourhood"":-0.004003862850368023,""vepMean"":0.005402298644185066,""vepMeanNeighbourhood"":0.010685838758945465}",0.05861789733171463,GRCh38,moderate_prioritization,0.05,0.6150293350219727
Parkinson disease,PARP9,ENSG00000138496,PD_CHR03_016,1b2b435b10f0de149a177f702c0afad0,rs16833168,3,122535800,3e-12,0.40895742177963257,PICS,PICS fine-mapped credible set based on reported top hit,GCST90308590,Open Targets Platform Locus-to-Gene,poly(ADP-ribose) polymerase family member 9,3_122535800_C_T,"{""distanceFootprintMean"":0.9867135882377625,""distanceFootprintMeanNeighbourhood"":0.9916963577270508,""distanceSentinelFootprint"":1,""distanceSentinelFootprintNeighbourhood"":1,""distanceSentinelTss"":0.9955275654792786,""distanceSentinelTssNeighbourhood"":0.9987712502479553,""distanceTssMean"":0.9806818962097168,""distanceTssMeanNeighbourhood"":0.9930551648139954}","{""eQtlColocClppMaximum"":0.008887951262295246,""eQtlColocClppMaximumNeighbourhood"":0.4653347134590149,""eQtlColocH4Maximum"":0.9083330631256104,""eQtlColocH4MaximumNeighbourhood"":0.9505032300949097,""pQtlColocClppMaximum"":0,""pQtlColocClppMaximumNeighbourhood"":0,""pQtlColocH4Maximum"":0,""pQtlColocH4MaximumNeighbourhood"":0,""sQtlColocClppMaximum"":0,""sQtlColocClppMaximumNeighbourhood"":0,""sQtlColocH4Maximum"":0,""sQtlColocH4MaximumNeighbourhood"":0,""transPQtlColocH4Maximum"":0,""transPQtlColocH4MaximumNeighbourhood"":0}","{""vepMaximum"":0.6800000071525574,""vepMaximumNeighbourhood"":1,""vepMean"":0.003673809114843607,""vepMeanNeighbourhood"":0.8530709147453308}","{""credibleSetConfidence"":0.25,""e2gMean"":0.010989649221301079,""e2gMeanNeighbourhood"":0.4154670834541321,""geneCount500kb"":16,""proteinGeneCount500kb"":9}","{""credibleSetConfidence"":0.25,""distanceFootprintMean"":0.9867135882377625,""distanceFootprintMeanNeighbourhood"":0.9916963577270508,""distanceSentinelFootprint"":1,""distanceSentinelFootprintNeighbourhood"":1,""distanceSentinelTss"":0.9955275654792786,""distanceSentinelTssNeighbourhood"":0.9987712502479553,""distanceTssMean"":0.9806818962097168,""distanceTssMeanNeighbourhood"":0.9930551648139954,""e2gMean"":0.010989649221301079,""e2gMeanNeighbourhood"":0.4154670834541321,""eQtlColocClppMaximum"":0.008887951262295246,""eQtlColocClppMaximumNeighbourhood"":0.4653347134590149,""eQtlColocH4Maximum"":0.9083330631256104,""eQtlColocH4MaximumNeighbourhood"":0.9505032300949097,""geneCount500kb"":16,""pQtlColocClppMaximum"":0,""pQtlColocClppMaximumNeighbourhood"":0,""pQtlColocH4Maximum"":0,""pQtlColocH4MaximumNeighbourhood"":0,""proteinGeneCount500kb"":9,""sQtlColocClppMaximum"":0,""sQtlColocClppMaximumNeighbourhood"":0,""sQtlColocH4Maximum"":0,""sQtlColocH4MaximumNeighbourhood"":0,""transPQtlColocH4Maximum"":0,""transPQtlColocH4MaximumNeighbourhood"":0,""vepMaximum"":0.6800000071525574,""vepMaximumNeighbourhood"":1,""vepMean"":0.003673809114843607,""vepMeanNeighbourhood"":0.8530709147453308}","{""credibleSetConfidence"":0.00013977366324979812,""distanceFootprintMean"":-0.007184936664998531,""distanceFootprintMeanNeighbourhood"":0.0025504648219794035,""distanceSentinelFootprint"":0.010000599548220634,""distanceSentinelFootprintNeighbourhood"":0.06111737713217735,""distanceSentinelTss"":-0.009808170609176159,""distanceSentinelTssNeighbourhood"":0.06960651278495789,""distanceTssMean"":7.746577466605231e-05,""distanceTssMeanNeighbourhood"":0.0477493517100811,""e2gMean"":0.005012382287532091,""e2gMeanNeighbourhood"":0.002003388712182641,""eQtlColocClppMaximum"":0.006700791884213686,""eQtlColocClppMaximumNeighbourhood"":0.020320191979408264,""eQtlColocH4Maximum"":0.010655438527464867,""eQtlColocH4MaximumNeighbourhood"":0.011587819084525108,""geneCount500kb"":0.021671053022146225,""pQtlColocClppMaximum"":0,""pQtlColocClppMaximumNeighbourhood"":0,""pQtlColocH4Maximum"":0,""pQtlColocH4MaximumNeighbourhood"":0,""proteinGeneCount500kb"":0.005391041748225689,""sQtlColocClppMaximum"":-2.6709453777584713e-06,""sQtlColocClppMaximumNeighbourhood"":-0.00017199243302457035,""sQtlColocH4Maximum"":-1.8716933482210152e-05,""sQtlColocH4MaximumNeighbourhood"":-0.0002012734184972942,""transPQtlColocH4Maximum"":0,""transPQtlColocH4MaximumNeighbourhood"":0,""vepMaximum"":0.062480196356773376,""vepMaximumNeighbourhood"":0.06786295026540756,""vepMean"":-0.020558448508381844,""vepMeanNeighbourhood"":0.008310774341225624}",0.03366601839661598,GRCh38,moderate_prioritization,0.05,0.6150293350219727
Parkinson disease,CRHR1,ENSG00000120088,PD_CHR17_067,82ba89503d872be3b3b7bcb399e7fc59,rs62053943,17,45666837,1e-69,0.40294548869132996,PICS,PICS fine-mapped credible set based on reported top hit,GCST90308590,Open Targets Platform Locus-to-Gene,corticotropin releasing hormone receptor 1,17_45666837_C_T,"{""distanceFootprintMean"":0.9795894622802734,""distanceFootprintMeanNeighbourhood"":1,""distanceSentinelFootprint"":0.9795894622802734,""distanceSentinelFootprintNeighbourhood"":1,""distanceSentinelTss"":0.9795894622802734,""distanceSentinelTssNeighbourhood"":1,""distanceTssMean"":0.9795894622802734,""distanceTssMeanNeighbourhood"":1}","{""eQtlColocClppMaximum"":0,""eQtlColocClppMaximumNeighbourhood"":0,""eQtlColocH4Maximum"":0,""eQtlColocH4MaximumNeighbourhood"":0,""pQtlColocClppMaximum"":0,""pQtlColocClppMaximumNeighbourhood"":0,""pQtlColocH4Maximum"":0,""pQtlColocH4MaximumNeighbourhood"":0,""sQtlColocClppMaximum"":0,""sQtlColocClppMaximumNeighbourhood"":0,""sQtlColocH4Maximum"":0,""sQtlColocH4MaximumNeighbourhood"":0,""transPQtlColocH4Maximum"":0,""transPQtlColocH4MaximumNeighbourhood"":0}","{""vepMaximum"":0.2199999988079071,""vepMaximumNeighbourhood"":1,""vepMean"":0.21999990940093994,""vepMeanNeighbourhood"":1}","{""credibleSetConfidence"":0.25,""e2gMean"":0,""e2gMeanNeighbourhood"":0,""geneCount500kb"":27,""proteinGeneCount500kb"":6}","{""credibleSetConfidence"":0.25,""distanceFootprintMean"":0.9795894622802734,""distanceFootprintMeanNeighbourhood"":1,""distanceSentinelFootprint"":0.9795894622802734,""distanceSentinelFootprintNeighbourhood"":1,""distanceSentinelTss"":0.9795894622802734,""distanceSentinelTssNeighbourhood"":1,""distanceTssMean"":0.9795894622802734,""distanceTssMeanNeighbourhood"":1,""e2gMean"":0,""e2gMeanNeighbourhood"":0,""eQtlColocClppMaximum"":0,""eQtlColocClppMaximumNeighbourhood"":0,""eQtlColocH4Maximum"":0,""eQtlColocH4MaximumNeighbourhood"":0,""geneCount500kb"":27,""pQtlColocClppMaximum"":0,""pQtlColocClppMaximumNeighbourhood"":0,""pQtlColocH4Maximum"":0,""pQtlColocH4MaximumNeighbourhood"":0,""proteinGeneCount500kb"":6,""sQtlColocClppMaximum"":0,""sQtlColocClppMaximumNeighbourhood"":0,""sQtlColocH4Maximum"":0,""sQtlColocH4MaximumNeighbourhood"":0,""transPQtlColocH4Maximum"":0,""transPQtlColocH4MaximumNeighbourhood"":0,""vepMaximum"":0.2199999988079071,""vepMaximumNeighbourhood"":1,""vepMean"":0.21999990940093994,""vepMeanNeighbourhood"":1}","{""credibleSetConfidence"":0.001202616491355002,""distanceFootprintMean"":-0.011563645675778389,""distanceFootprintMeanNeighbourhood"":0.010540923103690147,""distanceSentinelFootprint"":-0.001996065257117152,""distanceSentinelFootprintNeighbourhood"":0.07811672985553741,""distanceSentinelTss"":0.001932632876560092,""distanceSentinelTssNeighbourhood"":0.0863780826330185,""distanceTssMean"":-0.003875570837408304,""distanceTssMeanNeighbourhood"":0.051230523735284805,""e2gMean"":-0.002042311942204833,""e2gMeanNeighbourhood"":-0.003657642984762788,""eQtlColocClppMaximum"":-0.0010369301307946444,""eQtlColocClppMaximumNeighbourhood"":-0.002915201708674431,""eQtlColocH4Maximum"":-0.0013253310462459922,""eQtlColocH4MaximumNeighbourhood"":-0.0021460133139044046,""geneCount500kb"":0.008472636342048645,""pQtlColocClppMaximum"":-0.001386018586345017,""pQtlColocClppMaximumNeighbourhood"":-0.00038800406036898494,""pQtlColocH4Maximum"":-0.0008744165534153581,""pQtlColocH4MaximumNeighbourhood"":-6.244554970180616e-05,""proteinGeneCount500kb"":0.029604025185108185,""sQtlColocClppMaximum"":-0.00030254499870352447,""sQtlColocClppMaximumNeighbourhood"":-0.00043062519398517907,""sQtlColocH4Maximum"":-0.00024715872132219374,""sQtlColocH4MaximumNeighbourhood"":-0.00032263353932648897,""transPQtlColocH4Maximum"":-0.0019896416924893856,""transPQtlColocH4MaximumNeighbourhood"":-0.00655272277072072,""vepMaximum"":-0.004056065808981657,""vepMaximumNeighbourhood"":0.07354023307561874,""vepMean"":0.0040176198817789555,""vepMeanNeighbourhood"":0.04324960708618164}",0.06183086335659027,GRCh38,moderate_prioritization,0.05,0.6150293350219727
Parkinson disease,CCAR2,ENSG00000158941,PD_CHR08_037,0887f1ea47022100566362acd320b7f9,rs11783129,8,22595913,6e-11,0.39657649397850037,PICS,PICS fine-mapped credible set based on reported top hit,GCST90308590,Open Targets Platform Locus-to-Gene,cell cycle and apoptosis regulator 2,8_22595913_G_A,"{""distanceFootprintMean"":0.9948696494102478,""distanceFootprintMeanNeighbourhood"":1,""distanceSentinelFootprint"":0.9986400008201599,""distanceSentinelFootprintNeighbourhood"":0.9988862872123718,""distanceSentinelTss"":0.9986400008201599,""distanceSentinelTssNeighbourhood"":0.9992034435272217,""distanceTssMean"":0.9940433502197266,""distanceTssMeanNeighbourhood"":1}","{""eQtlColocClppMaximum"":0.02065548300743103,""eQtlColocClppMaximumNeighbourhood"":0.7036459445953369,""eQtlColocH4Maximum"":0.9589007496833801,""eQtlColocH4MaximumNeighbourhood"":0.9875358939170837,""pQtlColocClppMaximum"":0,""pQtlColocClppMaximumNeighbourhood"":0,""pQtlColocH4Maximum"":0,""pQtlColocH4MaximumNeighbourhood"":0,""sQtlColocClppMaximum"":0.024538232013583183,""sQtlColocClppMaximumNeighbourhood"":0.6750514507293701,""sQtlColocH4Maximum"":0.9653249382972717,""sQtlColocH4MaximumNeighbourhood"":0.988418698310852,""transPQtlColocH4Maximum"":0,""transPQtlColocH4MaximumNeighbourhood"":0}","{""vepMaximum"":0.6100000143051147,""vepMaximumNeighbourhood"":1,""vepMean"":0.003978333435952663,""vepMeanNeighbourhood"":0.8344136476516724}","{""credibleSetConfidence"":0.25,""e2gMean"":0.26330864429473877,""e2gMeanNeighbourhood"":0.7734941244125366,""geneCount500kb"":26,""proteinGeneCount500kb"":9}","{""credibleSetConfidence"":0.25,""distanceFootprintMean"":0.9948696494102478,""distanceFootprintMeanNeighbourhood"":1,""distanceSentinelFootprint"":0.9986400008201599,""distanceSentinelFootprintNeighbourhood"":0.9988862872123718,""distanceSentinelTss"":0.9986400008201599,""distanceSentinelTssNeighbourhood"":0.9992034435272217,""distanceTssMean"":0.9940433502197266,""distanceTssMeanNeighbourhood"":1,""e2gMean"":0.26330864429473877,""e2gMeanNeighbourhood"":0.7734941244125366,""eQtlColocClppMaximum"":0.02065548300743103,""eQtlColocClppMaximumNeighbourhood"":0.7036459445953369,""eQtlColocH4Maximum"":0.9589007496833801,""eQtlColocH4MaximumNeighbourhood"":0.9875358939170837,""geneCount500kb"":26,""pQtlColocClppMaximum"":0,""pQtlColocClppMaximumNeighbourhood"":0,""pQtlColocH4Maximum"":0,""pQtlColocH4MaximumNeighbourhood"":0,""proteinGeneCount500kb"":9,""sQtlColocClppMaximum"":0.024538232013583183,""sQtlColocClppMaximumNeighbourhood"":0.6750514507293701,""sQtlColocH4Maximum"":0.9653249382972717,""sQtlColocH4MaximumNeighbourhood"":0.988418698310852,""transPQtlColocH4Maximum"":0,""transPQtlColocH4MaximumNeighbourhood"":0,""vepMaximum"":0.6100000143051147,""vepMaximumNeighbourhood"":1,""vepMean"":0.003978333435952663,""vepMeanNeighbourhood"":0.8344136476516724}","{""credibleSetConfidence"":0.0005006912397220731,""distanceFootprintMean"":0.0016298377886414528,""distanceFootprintMeanNeighbourhood"":0.0004379787133075297,""distanceSentinelFootprint"":0.0062457723543047905,""distanceSentinelFootprintNeighbourhood"":0.0019333255477249622,""distanceSentinelTss"":-0.011374454945325851,""distanceSentinelTssNeighbourhood"":0.07069465517997742,""distanceTssMean"":0.008565235882997513,""distanceTssMeanNeighbourhood"":0.0368894524872303,""e2gMean"":0.014815973117947578,""e2gMeanNeighbourhood"":0.016761593520641327,""eQtlColocClppMaximum"":0.01191046554595232,""eQtlColocClppMaximumNeighbourhood"":0.02687404491007328,""eQtlColocH4Maximum"":0.007491063326597214,""eQtlColocH4MaximumNeighbourhood"":0.020564422011375427,""geneCount500kb"":0.004158154129981995,""pQtlColocClppMaximum"":-0.0026759961619973183,""pQtlColocClppMaximumNeighbourhood"":-0.0009401331772096455,""pQtlColocH4Maximum"":-0.002195472363382578,""pQtlColocH4MaximumNeighbourhood"":-3.606089376262389e-05,""proteinGeneCount500kb"":0.0011335937306284904,""sQtlColocClppMaximum"":0.010537580586969852,""sQtlColocClppMaximumNeighbourhood"":0.016402248293161392,""sQtlColocH4Maximum"":0.006869280710816383,""sQtlColocH4MaximumNeighbourhood"":0.024004681035876274,""transPQtlColocH4Maximum"":-0.00032717877184040844,""transPQtlColocH4MaximumNeighbourhood"":-0.001310738269239664,""vepMaximum"":0.031198272481560707,""vepMaximumNeighbourhood"":0.024537915363907814,""vepMean"":-0.0063080256804823875,""vepMeanNeighbourhood"":0.004179797135293484}",0.07340847700834274,GRCh38,moderate_prioritization,0.05,0.6150293350219727
Parkinson disease,KPNA1,ENSG00000114030,PD_CHR03_016,1b2b435b10f0de149a177f702c0afad0,rs16833168,3,122535800,3e-12,0.39573222398757935,PICS,PICS fine-mapped credible set based on reported top hit,GCST90308590,Open Targets Platform Locus-to-Gene,karyopherin subunit alpha 1,3_122535800_C_T,"{""distanceFootprintMean"":0.9949755072593689,""distanceFootprintMeanNeighbourhood"":1,""distanceSentinelFootprint"":0.9967523217201233,""distanceSentinelFootprintNeighbourhood"":0.9967523217201233,""distanceSentinelTss"":0.9967523217201233,""distanceSentinelTssNeighbourhood"":1,""distanceTssMean"":0.9875401854515076,""distanceTssMeanNeighbourhood"":1}","{""eQtlColocClppMaximum"":0.0191001258790493,""eQtlColocClppMaximumNeighbourhood"":1,""eQtlColocH4Maximum"":0.9556338787078857,""eQtlColocH4MaximumNeighbourhood"":1,""pQtlColocClppMaximum"":0,""pQtlColocClppMaximumNeighbourhood"":0,""pQtlColocH4Maximum"":0,""pQtlColocH4MaximumNeighbourhood"":0,""sQtlColocClppMaximum"":0.010526122525334358,""sQtlColocClppMaximumNeighbourhood"":1,""sQtlColocH4Maximum"":0.9216110706329346,""sQtlColocH4MaximumNeighbourhood"":1,""transPQtlColocH4Maximum"":0,""transPQtlColocH4MaximumNeighbourhood"":0}","{""vepMaximum"":0.3700000047683716,""vepMaximumNeighbourhood"":0.5441176295280457,""vepMean"":0.004306569695472717,""vepMeanNeighbourhood"":1}","{""credibleSetConfidence"":0.25,""e2gMean"":0.02443413995206356,""e2gMeanNeighbourhood"":0.9237402677536011,""geneCount500kb"":16,""proteinGeneCount500kb"":9}","{""credibleSetConfidence"":0.25,""distanceFootprintMean"":0.9949755072593689,""distanceFootprintMeanNeighbourhood"":1,""distanceSentinelFootprint"":0.9967523217201233,""distanceSentinelFootprintNeighbourhood"":0.9967523217201233,""distanceSentinelTss"":0.9967523217201233,""distanceSentinelTssNeighbourhood"":1,""distanceTssMean"":0.9875401854515076,""distanceTssMeanNeighbourhood"":1,""e2gMean"":0.02443413995206356,""e2gMeanNeighbourhood"":0.9237402677536011,""eQtlColocClppMaximum"":0.0191001258790493,""eQtlColocClppMaximumNeighbourhood"":1,""eQtlColocH4Maximum"":0.9556338787078857,""eQtlColocH4MaximumNeighbourhood"":1,""geneCount500kb"":16,""pQtlColocClppMaximum"":0,""pQtlColocClppMaximumNeighbourhood"":0,""pQtlColocH4Maximum"":0,""pQtlColocH4MaximumNeighbourhood"":0,""proteinGeneCount500kb"":9,""sQtlColocClppMaximum"":0.010526122525334358,""sQtlColocClppMaximumNeighbourhood"":1,""sQtlColocH4Maximum"":0.9216110706329346,""sQtlColocH4MaximumNeighbourhood"":1,""transPQtlColocH4Maximum"":0,""transPQtlColocH4MaximumNeighbourhood"":0,""vepMaximum"":0.3700000047683716,""vepMaximumNeighbourhood"":0.5441176295280457,""vepMean"":0.004306569695472717,""vepMeanNeighbourhood"":1}","{""credibleSetConfidence"":0.0006544939824379981,""distanceFootprintMean"":0.0033500217832624912,""distanceFootprintMeanNeighbourhood"":0.0032329305540770292,""distanceSentinelFootprint"":-0.0028244908899068832,""distanceSentinelFootprintNeighbourhood"":0.005288713611662388,""distanceSentinelTss"":-0.003447803435847163,""distanceSentinelTssNeighbourhood"":0.0976024866104126,""distanceTssMean"":0.0015593915013596416,""distanceTssMeanNeighbourhood"":0.06200992316007614,""e2gMean"":0.01145666278898716,""e2gMeanNeighbourhood"":0.02192383073270321,""eQtlColocClppMaximum"":0.013094996102154255,""eQtlColocClppMaximumNeighbourhood"":0.02495713345706463,""eQtlColocH4Maximum"":0.011806062422692776,""eQtlColocH4MaximumNeighbourhood"":0.021373581141233444,""geneCount500kb"":0.007522487547248602,""pQtlColocClppMaximum"":0,""pQtlColocClppMaximumNeighbourhood"":0,""pQtlColocH4Maximum"":0,""pQtlColocH4MaximumNeighbourhood"":0,""proteinGeneCount500kb"":1.6095325918286107e-05,""sQtlColocClppMaximum"":0.005053055938333273,""sQtlColocClppMaximumNeighbourhood"":0.0162248183041811,""sQtlColocH4Maximum"":0.0042003062553703785,""sQtlColocH4MaximumNeighbourhood"":0.029679713770747185,""transPQtlColocH4Maximum"":0,""transPQtlColocH4MaximumNeighbourhood"":0,""vepMaximum"":0.019789239391684532,""vepMaximumNeighbourhood"":-0.015312353149056435,""vepMean"":0.001120721222832799,""vepMeanNeighbourhood"":0.02173415943980217}",0.03366601839661598,GRCh38,moderate_prioritization,0.05,0.6150293350219727
Parkinson disease,GCH1,ENSG00000131979,PD_CHR14_056,8fad4497a32405d1f2e842bc35884fd6,rs11158026,14,54882151,3e-16,0.37032824754714966,PICS,PICS fine-mapped credible set based on reported top hit,GCST90308590,Open Targets Platform Locus-to-Gene,GTP cyclohydrolase 1,14_54882151_C_T,"{""distanceFootprintMean"":0.9955691695213318,""distanceFootprintMeanNeighbourhood"":1,""distanceSentinelFootprint"":1,""distanceSentinelFootprintNeighbourhood"":1,""distanceSentinelTss"":0.9967818856239319,""distanceSentinelTssNeighbourhood"":1,""distanceTssMean"":0.9919861555099487,""distanceTssMeanNeighbourhood"":1}","{""eQtlColocClppMaximum"":0.014582503587007523,""eQtlColocClppMaximumNeighbourhood"":0.31307774782180786,""eQtlColocH4Maximum"":0.9425740838050842,""eQtlColocH4MaximumNeighbourhood"":0.9599053859710693,""pQtlColocClppMaximum"":0,""pQtlColocClppMaximumNeighbourhood"":0,""pQtlColocH4Maximum"":0,""pQtlColocH4MaximumNeighbourhood"":0,""sQtlColocClppMaximum"":0.030940353870391846,""sQtlColocClppMaximumNeighbourhood"":1,""sQtlColocH4Maximum"":0.972586989402771,""sQtlColocH4MaximumNeighbourhood"":1,""transPQtlColocH4Maximum"":0,""transPQtlColocH4MaximumNeighbourhood"":0}","{""vepMaximum"":0.3199999928474426,""vepMaximumNeighbourhood"":0.8648648262023926,""vepMean"":0.00698433443903923,""vepMeanNeighbourhood"":0.9130789637565613}","{""credibleSetConfidence"":0.25,""e2gMean"":0.17560820281505585,""e2gMeanNeighbourhood"":1,""geneCount500kb"":16,""proteinGeneCount500kb"":5}","{""credibleSetConfidence"":0.25,""distanceFootprintMean"":0.9955691695213318,""distanceFootprintMeanNeighbourhood"":1,""distanceSentinelFootprint"":1,""distanceSentinelFootprintNeighbourhood"":1,""distanceSentinelTss"":0.9967818856239319,""distanceSentinelTssNeighbourhood"":1,""distanceTssMean"":0.9919861555099487,""distanceTssMeanNeighbourhood"":1,""e2gMean"":0.17560820281505585,""e2gMeanNeighbourhood"":1,""eQtlColocClppMaximum"":0.014582503587007523,""eQtlColocClppMaximumNeighbourhood"":0.31307774782180786,""eQtlColocH4Maximum"":0.9425740838050842,""eQtlColocH4MaximumNeighbourhood"":0.9599053859710693,""geneCount500kb"":16,""pQtlColocClppMaximum"":0,""pQtlColocClppMaximumNeighbourhood"":0,""pQtlColocH4Maximum"":0,""pQtlColocH4MaximumNeighbourhood"":0,""proteinGeneCount500kb"":5,""sQtlColocClppMaximum"":0.030940353870391846,""sQtlColocClppMaximumNeighbourhood"":1,""sQtlColocH4Maximum"":0.972586989402771,""sQtlColocH4MaximumNeighbourhood"":1,""transPQtlColocH4Maximum"":0,""transPQtlColocH4MaximumNeighbourhood"":0,""vepMaximum"":0.3199999928474426,""vepMaximumNeighbourhood"":0.8648648262023926,""vepMean"":0.00698433443903923,""vepMeanNeighbourhood"":0.9130789637565613}","{""credibleSetConfidence"":8.792526205070317e-05,""distanceFootprintMean"":-0.002248417818918824,""distanceFootprintMeanNeighbourhood"":0.0065392605029046535,""distanceSentinelFootprint"":0.0010028660763055086,""distanceSentinelFootprintNeighbourhood"":0.0010912768775597215,""distanceSentinelTss"":-0.004450107924640179,""distanceSentinelTssNeighbourhood"":0.05578313395380974,""distanceTssMean"":0.007186889182776213,""distanceTssMeanNeighbourhood"":0.04263359680771828,""e2gMean"":0.015153545886278152,""e2gMeanNeighbourhood"":0.08091068267822266,""eQtlColocClppMaximum"":0.0032717420253902674,""eQtlColocClppMaximumNeighbourhood"":0.012584410607814789,""eQtlColocH4Maximum"":0.008826185949146748,""eQtlColocH4MaximumNeighbourhood"":0.002074399497359991,""geneCount500kb"":0.008460890501737595,""pQtlColocClppMaximum"":-0.0019448216771706939,""pQtlColocClppMaximumNeighbourhood"":-0.0005381511873565614,""pQtlColocH4Maximum"":-0.0012733087642118335,""pQtlColocH4MaximumNeighbourhood"":0,""proteinGeneCount500kb"":0.02668175660073757,""sQtlColocClppMaximum"":0.014583954587578773,""sQtlColocClppMaximumNeighbourhood"":0.00829207431524992,""sQtlColocH4Maximum"":-0.0006383297150023282,""sQtlColocH4MaximumNeighbourhood"":0.015888486057519913,""transPQtlColocH4Maximum"":-0.00040910084499046206,""transPQtlColocH4MaximumNeighbourhood"":-0.0007641487172804773,""vepMaximum"":0.0027504614554345608,""vepMaximumNeighbourhood"":-0.007923745550215244,""vepMean"":-0.0012805333826690912,""vepMeanNeighbourhood"":0.012258653528988361}",0.06573662906885147,GRCh38,moderate_prioritization,0.05,0.6150293350219727
Parkinson disease,LZTS3,ENSG00000088899,PD_CHR20_075,37d08e12e028cbde84b497ef185122bd,rs4815573,20,3186025,6e-11,0.3598359227180481,PICS,PICS fine-mapped credible set based on reported top hit,GCST90308590,Open Targets Platform Locus-to-Gene,leucine zipper tumor suppressor family member 3,20_3186025_C_T,"{""distanceFootprintMean"":0.9949838519096375,""distanceFootprintMeanNeighbourhood"":0.9988647699356079,""distanceSentinelFootprint"":0.9980744123458862,""distanceSentinelFootprintNeighbourhood"":0.9987356066703796,""distanceSentinelTss"":0.9980744123458862,""distanceSentinelTssNeighbourhood"":1,""distanceTssMean"":0.9949744939804077,""distanceTssMeanNeighbourhood"":1}","{""eQtlColocClppMaximum"":0.009381242096424103,""eQtlColocClppMaximumNeighbourhood"":0.15987993776798248,""eQtlColocH4Maximum"":0.9122741222381592,""eQtlColocH4MaximumNeighbourhood"":0.9255332946777344,""pQtlColocClppMaximum"":0,""pQtlColocClppMaximumNeighbourhood"":0,""pQtlColocH4Maximum"":0,""pQtlColocH4MaximumNeighbourhood"":0,""sQtlColocClppMaximum"":0.018451405689120293,""sQtlColocClppMaximumNeighbourhood"":0.30327436327934265,""sQtlColocH4Maximum"":0.9538344740867615,""sQtlColocH4MaximumNeighbourhood"":0.9671707153320312,""transPQtlColocH4Maximum"":0,""transPQtlColocH4MaximumNeighbourhood"":0}","{""vepMaximum"":0.3199999928474426,""vepMaximumNeighbourhood"":1,""vepMean"":0.011907422915101051,""vepMeanNeighbourhood"":1}","{""credibleSetConfidence"":0.25,""e2gMean"":0.18446378409862518,""e2gMeanNeighbourhood"":1,""geneCount500kb"":22,""proteinGeneCount500kb"":11}","{""credibleSetConfidence"":0.25,""distanceFootprintMean"":0.9949838519096375,""distanceFootprintMeanNeighbourhood"":0.9988647699356079,""distanceSentinelFootprint"":0.9980744123458862,""distanceSentinelFootprintNeighbourhood"":0.9987356066703796,""distanceSentinelTss"":0.9980744123458862,""distanceSentinelTssNeighbourhood"":1,""distanceTssMean"":0.9949744939804077,""distanceTssMeanNeighbourhood"":1,""e2gMean"":0.18446378409862518,""e2gMeanNeighbourhood"":1,""eQtlColocClppMaximum"":0.009381242096424103,""eQtlColocClppMaximumNeighbourhood"":0.15987993776798248,""eQtlColocH4Maximum"":0.9122741222381592,""eQtlColocH4MaximumNeighbourhood"":0.9255332946777344,""geneCount500kb"":22,""pQtlColocClppMaximum"":0,""pQtlColocClppMaximumNeighbourhood"":0,""pQtlColocH4Maximum"":0,""pQtlColocH4MaximumNeighbourhood"":0,""proteinGeneCount500kb"":11,""sQtlColocClppMaximum"":0.018451405689120293,""sQtlColocClppMaximumNeighbourhood"":0.30327436327934265,""sQtlColocH4Maximum"":0.9538344740867615,""sQtlColocH4MaximumNeighbourhood"":0.9671707153320312,""transPQtlColocH4Maximum"":0,""transPQtlColocH4MaximumNeighbourhood"":0,""vepMaximum"":0.3199999928474426,""vepMaximumNeighbourhood"":1,""vepMean"":0.011907422915101051,""vepMeanNeighbourhood"":1}","{""credibleSetConfidence"":0.00017403204401489347,""distanceFootprintMean"":-0.003233007388189435,""distanceFootprintMeanNeighbourhood"":-0.0032912769820541143,""distanceSentinelFootprint"":-0.00546922255307436,""distanceSentinelFootprintNeighbourhood"":0.0003928998194169253,""distanceSentinelTss"":-0.014090489596128464,""distanceSentinelTssNeighbourhood"":0.06248083338141441,""distanceTssMean"":0.006546191405504942,""distanceTssMeanNeighbourhood"":0.04886321350932121,""e2gMean"":0.012141630053520203,""e2gMeanNeighbourhood"":0.0575697124004364,""eQtlColocClppMaximum"":0.0026989919133484364,""eQtlColocClppMaximumNeighbourhood"":0.0184328556060791,""eQtlColocH4Maximum"":0.007496639620512724,""eQtlColocH4MaximumNeighbourhood"":0.005363234784454107,""geneCount500kb"":0.0006974778370931745,""pQtlColocClppMaximum"":-0.0006265714764595032,""pQtlColocClppMaximumNeighbourhood"":-0.0003177525941282511,""pQtlColocH4Maximum"":-0.0004717652627732605,""pQtlColocH4MaximumNeighbourhood"":-9.857353143161163e-05,""proteinGeneCount500kb"":-0.010670160874724388,""sQtlColocClppMaximum"":0.004017914179712534,""sQtlColocClppMaximumNeighbourhood"":0.005364397540688515,""sQtlColocH4Maximum"":0.0007333385292440653,""sQtlColocH4MaximumNeighbourhood"":0.021956875920295715,""transPQtlColocH4Maximum"":-0.002987116342410445,""transPQtlColocH4MaximumNeighbourhood"":-0.007378510199487209,""vepMaximum"":0.0010410870891064405,""vepMaximumNeighbourhood"":0.0293342974036932,""vepMean"":0.001932776067405939,""vepMeanNeighbourhood"":0.01828024350106716}",0.10295160859823227,GRCh38,moderate_prioritization,0.05,0.6150293350219727
Parkinson disease,NCKIPSD,ENSG00000213672,PD_CHR03_015,68d83f61b8246a33a33777add244e241,rs12497850,3,48711556,3.0000000000000004e-09,0.3463244140148163,PICS,PICS fine-mapped credible set based on reported top hit,GCST90308590,Open Targets Platform Locus-to-Gene,NCK interacting protein with SH3 domain,3_48711556_G_T,"{""distanceFootprintMean"":0.9607279300689697,""distanceFootprintMeanNeighbourhood"":0.977374255657196,""distanceSentinelFootprint"":0.9959882497787476,""distanceSentinelFootprintNeighbourhood"":0.9959882497787476,""distanceSentinelTss"":0.9959882497787476,""distanceSentinelTssNeighbourhood"":0.9968538880348206,""distanceTssMean"":0.9607277512550354,""distanceTssMeanNeighbourhood"":0.983779788017273}","{""eQtlColocClppMaximum"":0.022904396057128906,""eQtlColocClppMaximumNeighbourhood"":1,""eQtlColocH4Maximum"":0.9629800915718079,""eQtlColocH4MaximumNeighbourhood"":1,""pQtlColocClppMaximum"":0,""pQtlColocClppMaximumNeighbourhood"":0,""pQtlColocH4Maximum"":0,""pQtlColocH4MaximumNeighbourhood"":0,""sQtlColocClppMaximum"":0.024227045476436615,""sQtlColocClppMaximumNeighbourhood"":1,""sQtlColocH4Maximum"":0.9649811387062073,""sQtlColocH4MaximumNeighbourhood"":1,""transPQtlColocH4Maximum"":0,""transPQtlColocH4MaximumNeighbourhood"":0}","{""vepMaximum"":0.38999998569488525,""vepMaximumNeighbourhood"":0.6964285373687744,""vepMean"":0.0015477831475436687,""vepMeanNeighbourhood"":0.39565587043762207}","{""credibleSetConfidence"":0.25,""e2gMean"":0.04913599044084549,""e2gMeanNeighbourhood"":1,""geneCount500kb"":24,""proteinGeneCount500kb"":14}","{""credibleSetConfidence"":0.25,""distanceFootprintMean"":0.9607279300689697,""distanceFootprintMeanNeighbourhood"":0.977374255657196,""distanceSentinelFootprint"":0.9959882497787476,""distanceSentinelFootprintNeighbourhood"":0.9959882497787476,""distanceSentinelTss"":0.9959882497787476,""distanceSentinelTssNeighbourhood"":0.9968538880348206,""distanceTssMean"":0.9607277512550354,""distanceTssMeanNeighbourhood"":0.983779788017273,""e2gMean"":0.04913599044084549,""e2gMeanNeighbourhood"":1,""eQtlColocClppMaximum"":0.022904396057128906,""eQtlColocClppMaximumNeighbourhood"":1,""eQtlColocH4Maximum"":0.9629800915718079,""eQtlColocH4MaximumNeighbourhood"":1,""geneCount500kb"":24,""pQtlColocClppMaximum"":0,""pQtlColocClppMaximumNeighbourhood"":0,""pQtlColocH4Maximum"":0,""pQtlColocH4MaximumNeighbourhood"":0,""proteinGeneCount500kb"":14,""sQtlColocClppMaximum"":0.024227045476436615,""sQtlColocClppMaximumNeighbourhood"":1,""sQtlColocH4Maximum"":0.9649811387062073,""sQtlColocH4MaximumNeighbourhood"":1,""transPQtlColocH4Maximum"":0,""transPQtlColocH4MaximumNeighbourhood"":0,""vepMaximum"":0.38999998569488525,""vepMaximumNeighbourhood"":0.6964285373687744,""vepMean"":0.0015477831475436687,""vepMeanNeighbourhood"":0.39565587043762207}","{""credibleSetConfidence"":0.00186579127330333,""distanceFootprintMean"":-0.00738771865144372,""distanceFootprintMeanNeighbourhood"":-0.001538584940135479,""distanceSentinelFootprint"":-0.002680210629478097,""distanceSentinelFootprintNeighbourhood"":-0.0036644551437348127,""distanceSentinelTss"":-0.0038453827146440744,""distanceSentinelTssNeighbourhood"":0.010222811251878738,""distanceTssMean"":-0.0029223361052572727,""distanceTssMeanNeighbourhood"":0.006555494386702776,""e2gMean"":0.02091076597571373,""e2gMeanNeighbourhood"":0.09332961589097977,""eQtlColocClppMaximum"":0.014029121957719326,""eQtlColocClppMaximumNeighbourhood"":0.02928279899060726,""eQtlColocH4Maximum"":0.014427603222429752,""eQtlColocH4MaximumNeighbourhood"":0.030758008360862732,""geneCount500kb"":-0.005146334413439035,""pQtlColocClppMaximum"":-0.002737714210525155,""pQtlColocClppMaximumNeighbourhood"":-0.001562844612635672,""pQtlColocH4Maximum"":-0.0018670492572709918,""pQtlColocH4MaximumNeighbourhood"":-9.240980580216274e-05,""proteinGeneCount500kb"":-0.012027504853904247,""sQtlColocClppMaximum"":0.028109434992074966,""sQtlColocClppMaximumNeighbourhood"":0.0068576280027627945,""sQtlColocH4Maximum"":0.006529756356030703,""sQtlColocH4MaximumNeighbourhood"":0.03201974928379059,""transPQtlColocH4Maximum"":-0.0019507668912410736,""transPQtlColocH4MaximumNeighbourhood"":-0.006108105648308992,""vepMaximum"":0.011798005551099777,""vepMaximumNeighbourhood"":0.010929124429821968,""vepMean"":-0.013663101010024548,""vepMeanNeighbourhood"":-0.005449359770864248}",0.10134253650903702,GRCh38,moderate_prioritization,0.05,0.6150293350219727
Parkinson disease,TTC6,ENSG00000139865,PD_CHR14_055,15f41db91da3493ebfb88ff76d4c2b41,rs1956438,14,37539010,2e-09,0.3436167240142822,PICS,PICS fine-mapped credible set based on reported top hit,GCST90308590,Open Targets Platform Locus-to-Gene,tetratricopeptide repeat domain 6,14_37539010_G_A,"{""distanceFootprintMean"":0.9896928668022156,""distanceFootprintMeanNeighbourhood"":0.9946690797805786,""distanceSentinelFootprint"":0.9908416867256165,""distanceSentinelFootprintNeighbourhood"":0.9908416867256165,""distanceSentinelTss"":0.9908416867256165,""distanceSentinelTssNeighbourhood"":0.9999341368675232,""distanceTssMean"":0.9896628856658936,""distanceTssMeanNeighbourhood"":0.9999414682388306}","{""eQtlColocClppMaximum"":0.01513655949383974,""eQtlColocClppMaximumNeighbourhood"":1,""eQtlColocH4Maximum"":0.9445852637290955,""eQtlColocH4MaximumNeighbourhood"":1,""pQtlColocClppMaximum"":0,""pQtlColocClppMaximumNeighbourhood"":0,""pQtlColocH4Maximum"":0,""pQtlColocH4MaximumNeighbourhood"":0,""sQtlColocClppMaximum"":0,""sQtlColocClppMaximumNeighbourhood"":0,""sQtlColocH4Maximum"":0,""sQtlColocH4MaximumNeighbourhood"":0,""transPQtlColocH4Maximum"":0,""transPQtlColocH4MaximumNeighbourhood"":0}","{""vepMaximum"":0.3199999928474426,""vepMaximumNeighbourhood"":0.47058820724487305,""vepMean"":0.004417912103235722,""vepMeanNeighbourhood"":0.8711421489715576}","{""credibleSetConfidence"":0.25,""e2gMean"":0.15333203971385956,""e2gMeanNeighbourhood"":1,""geneCount500kb"":8,""proteinGeneCount500kb"":2}","{""credibleSetConfidence"":0.25,""distanceFootprintMean"":0.9896928668022156,""distanceFootprintMeanNeighbourhood"":0.9946690797805786,""distanceSentinelFootprint"":0.9908416867256165,""distanceSentinelFootprintNeighbourhood"":0.9908416867256165,""distanceSentinelTss"":0.9908416867256165,""distanceSentinelTssNeighbourhood"":0.9999341368675232,""distanceTssMean"":0.9896628856658936,""distanceTssMeanNeighbourhood"":0.9999414682388306,""e2gMean"":0.15333203971385956,""e2gMeanNeighbourhood"":1,""eQtlColocClppMaximum"":0.01513655949383974,""eQtlColocClppMaximumNeighbourhood"":1,""eQtlColocH4Maximum"":0.9445852637290955,""eQtlColocH4MaximumNeighbourhood"":1,""geneCount500kb"":8,""pQtlColocClppMaximum"":0,""pQtlColocClppMaximumNeighbourhood"":0,""pQtlColocH4Maximum"":0,""pQtlColocH4MaximumNeighbourhood"":0,""proteinGeneCount500kb"":2,""sQtlColocClppMaximum"":0,""sQtlColocClppMaximumNeighbourhood"":0,""sQtlColocH4Maximum"":0,""sQtlColocH4MaximumNeighbourhood"":0,""transPQtlColocH4Maximum"":0,""transPQtlColocH4MaximumNeighbourhood"":0,""vepMaximum"":0.3199999928474426,""vepMaximumNeighbourhood"":0.47058820724487305,""vepMean"":0.004417912103235722,""vepMeanNeighbourhood"":0.8711421489715576}","{""credibleSetConfidence"":-0.0006062465836293995,""distanceFootprintMean"":-0.004756077658385038,""distanceFootprintMeanNeighbourhood"":-0.00028521392960101366,""distanceSentinelFootprint"":-0.0017834339523687959,""distanceSentinelFootprintNeighbourhood"":-0.010145021602511406,""distanceSentinelTss"":-0.006819941569119692,""distanceSentinelTssNeighbourhood"":0.06340575218200684,""distanceTssMean"":-0.006127451546490192,""distanceTssMeanNeighbourhood"":0.052737027406692505,""e2gMean"":0.0031161692459136248,""e2gMeanNeighbourhood"":0.039143726229667664,""eQtlColocClppMaximum"":0.006515634246170521,""eQtlColocClppMaximumNeighbourhood"":0.015895191580057144,""eQtlColocH4Maximum"":0.008657995611429214,""eQtlColocH4MaximumNeighbourhood"":0.012632506899535656,""geneCount500kb"":0.026288997381925583,""pQtlColocClppMaximum"":-0.006340823136270046,""pQtlColocClppMaximumNeighbourhood"":-0.0034681973047554493,""pQtlColocH4Maximum"":-0.0056001353077590466,""pQtlColocH4MaximumNeighbourhood"":-0.0005508862086571753,""proteinGeneCount500kb"":0.06399000436067581,""sQtlColocClppMaximum"":-0.00199644616805017,""sQtlColocClppMaximumNeighbourhood"":-0.001977100968360901,""sQtlColocH4Maximum"":-0.0012844341108575463,""sQtlColocH4MaximumNeighbourhood"":-0.003039462259039283,""transPQtlColocH4Maximum"":-0.0009167995885945857,""transPQtlColocH4MaximumNeighbourhood"":-0.0018993098055943847,""vepMaximum"":0.0013035028241574764,""vepMaximumNeighbourhood"":-0.024825744330883026,""vepMean"":-0.0006751792971044779,""vepMeanNeighbourhood"":0.028690379112958908}",0.1043376550078392,GRCh38,moderate_prioritization,0.05,0.6150293350219727
Parkinson disease,HSD3B7,ENSG00000099377,PD_CHR16_061,09c07031cb2613c59c833fc30a9bf279,rs1870293,16,30959620,4e-24,0.33092764019966125,PICS,PICS fine-mapped credible set based on reported top hit,GCST90308590,Open Targets Platform Locus-to-Gene,"hydroxy-delta-5-steroid dehydrogenase, 3 beta- and steroid delta-isomerase 7",16_30959620_T_C,"{""distanceFootprintMean"":0.9930766224861145,""distanceFootprintMeanNeighbourhood"":0.9977828860282898,""distanceSentinelFootprint"":0.9959969520568848,""distanceSentinelFootprintNeighbourhood"":0.9959969520568848,""distanceSentinelTss"":0.9959969520568848,""distanceSentinelTssNeighbourhood"":0.9962807893753052,""distanceTssMean"":0.9929832220077515,""distanceTssMeanNeighbourhood"":0.9996570944786072}","{""eQtlColocClppMaximum"":0.02840004675090313,""eQtlColocClppMaximumNeighbourhood"":1,""eQtlColocH4Maximum"":0.9700707793235779,""eQtlColocH4MaximumNeighbourhood"":1,""pQtlColocClppMaximum"":0,""pQtlColocClppMaximumNeighbourhood"":0,""pQtlColocH4Maximum"":0,""pQtlColocH4MaximumNeighbourhood"":0,""sQtlColocClppMaximum"":0.025756051763892174,""sQtlColocClppMaximumNeighbourhood"":1,""sQtlColocH4Maximum"":0.9670034646987915,""sQtlColocH4MaximumNeighbourhood"":1,""transPQtlColocH4Maximum"":0,""transPQtlColocH4MaximumNeighbourhood"":0}","{""vepMaximum"":0.6800000071525574,""vepMaximumNeighbourhood"":1,""vepMean"":0.005605326499789953,""vepMeanNeighbourhood"":0.7887436747550964}","{""credibleSetConfidence"":0.25,""e2gMean"":0.23809105157852173,""e2gMeanNeighbourhood"":1,""geneCount500kb"":54,""proteinGeneCount500kb"":25}","{""credibleSetConfidence"":0.25,""distanceFootprintMean"":0.9930766224861145,""distanceFootprintMeanNeighbourhood"":0.9977828860282898,""distanceSentinelFootprint"":0.9959969520568848,""distanceSentinelFootprintNeighbourhood"":0.9959969520568848,""distanceSentinelTss"":0.9959969520568848,""distanceSentinelTssNeighbourhood"":0.9962807893753052,""distanceTssMean"":0.9929832220077515,""distanceTssMeanNeighbourhood"":0.9996570944786072,""e2gMean"":0.23809105157852173,""e2gMeanNeighbourhood"":1,""eQtlColocClppMaximum"":0.02840004675090313,""eQtlColocClppMaximumNeighbourhood"":1,""eQtlColocH4Maximum"":0.9700707793235779,""eQtlColocH4MaximumNeighbourhood"":1,""geneCount500kb"":54,""pQtlColocClppMaximum"":0,""pQtlColocClppMaximumNeighbourhood"":0,""pQtlColocH4Maximum"":0,""pQtlColocH4MaximumNeighbourhood"":0,""proteinGeneCount500kb"":25,""sQtlColocClppMaximum"":0.025756051763892174,""sQtlColocClppMaximumNeighbourhood"":1,""sQtlColocH4Maximum"":0.9670034646987915,""sQtlColocH4MaximumNeighbourhood"":1,""transPQtlColocH4Maximum"":0,""transPQtlColocH4MaximumNeighbourhood"":0,""vepMaximum"":0.6800000071525574,""vepMaximumNeighbourhood"":1,""vepMean"":0.005605326499789953,""vepMeanNeighbourhood"":0.7887436747550964}","{""credibleSetConfidence"":0.0007935790927149355,""distanceFootprintMean"":-0.0010001729242503643,""distanceFootprintMeanNeighbourhood"":-0.0002767464320641011,""distanceSentinelFootprint"":-0.004287058487534523,""distanceSentinelFootprintNeighbourhood"":-0.0035370509140193462,""distanceSentinelTss"":-0.010897732339799404,""distanceSentinelTssNeighbourhood"":0.013219079934060574,""distanceTssMean"":0.0073910607025027275,""distanceTssMeanNeighbourhood"":0.03653770312666893,""e2gMean"":0.02353399619460106,""e2gMeanNeighbourhood"":0.06835521012544632,""eQtlColocClppMaximum"":0.016925370320677757,""eQtlColocClppMaximumNeighbourhood"":0.015974465757608414,""eQtlColocH4Maximum"":0.010303860530257225,""eQtlColocH4MaximumNeighbourhood"":0.021585261449217796,""geneCount500kb"":-0.05119738355278969,""pQtlColocClppMaximum"":-0.0008195364498533309,""pQtlColocClppMaximumNeighbourhood"":-0.0005048244493082166,""pQtlColocH4Maximum"":-0.0008095796802081168,""pQtlColocH4MaximumNeighbourhood"":-0.0001271225919481367,""proteinGeneCount500kb"":-0.026578882709145546,""sQtlColocClppMaximum"":0.019627774134278297,""sQtlColocClppMaximumNeighbourhood"":0.00896770041435957,""sQtlColocH4Maximum"":0.0017405631951987743,""sQtlColocH4MaximumNeighbourhood"":0.028509801253676414,""transPQtlColocH4Maximum"":-0.0016589728184044361,""transPQtlColocH4MaximumNeighbourhood"":-0.004058562684804201,""vepMaximum"":0.04658468812704086,""vepMaximumNeighbourhood"":0.026617377996444702,""vepMean"":-0.005776683334261179,""vepMeanNeighbourhood"":0.00042963377200067043}",0.09536085277795792,GRCh38,moderate_prioritization,0.05,0.6150293350219727
Parkinson disease,CD38,ENSG00000004468,PD_CHR04_021,4a2c27b955e21a147ccc9b58ee7fa86d,rs4698412,4,15735725,6e-33,0.321556955575943,PICS,PICS fine-mapped credible set based on reported top hit,GCST90308590,Open Targets Platform Locus-to-Gene,CD38 molecule,4_15735725_G_A,"{""distanceFootprintMean"":0.9910767674446106,""distanceFootprintMeanNeighbourhood"":0.9934934377670288,""distanceSentinelFootprint"":0.993213415145874,""distanceSentinelFootprintNeighbourhood"":0.9936596751213074,""distanceSentinelTss"":0.993213415145874,""distanceSentinelTssNeighbourhood"":0.9983527064323425,""distanceTssMean"":0.9910767674446106,""distanceTssMeanNeighbourhood"":0.9981265664100647}","{""eQtlColocClppMaximum"":0.2583363354206085,""eQtlColocClppMaximumNeighbourhood"":1,""eQtlColocH4Maximum"":0.9974256753921509,""eQtlColocH4MaximumNeighbourhood"":1,""pQtlColocClppMaximum"":0,""pQtlColocClppMaximumNeighbourhood"":0,""pQtlColocH4Maximum"":0,""pQtlColocH4MaximumNeighbourhood"":0,""sQtlColocClppMaximum"":0,""sQtlColocClppMaximumNeighbourhood"":0,""sQtlColocH4Maximum"":0,""sQtlColocH4MaximumNeighbourhood"":0,""transPQtlColocH4Maximum"":0,""transPQtlColocH4MaximumNeighbourhood"":0}","{""vepMaximum"":0.2199999988079071,""vepMaximumNeighbourhood"":0.6875,""vepMean"":0.05355796962976456,""vepMeanNeighbourhood"":1}","{""credibleSetConfidence"":0.25,""e2gMean"":0,""e2gMeanNeighbourhood"":0,""geneCount500kb"":18,""proteinGeneCount500kb"":6}","{""credibleSetConfidence"":0.25,""distanceFootprintMean"":0.9910767674446106,""distanceFootprintMeanNeighbourhood"":0.9934934377670288,""distanceSentinelFootprint"":0.993213415145874,""distanceSentinelFootprintNeighbourhood"":0.9936596751213074,""distanceSentinelTss"":0.993213415145874,""distanceSentinelTssNeighbourhood"":0.9983527064323425,""distanceTssMean"":0.9910767674446106,""distanceTssMeanNeighbourhood"":0.9981265664100647,""e2gMean"":0,""e2gMeanNeighbourhood"":0,""eQtlColocClppMaximum"":0.2583363354206085,""eQtlColocClppMaximumNeighbourhood"":1,""eQtlColocH4Maximum"":0.9974256753921509,""eQtlColocH4MaximumNeighbourhood"":1,""geneCount500kb"":18,""pQtlColocClppMaximum"":0,""pQtlColocClppMaximumNeighbourhood"":0,""pQtlColocH4Maximum"":0,""pQtlColocH4MaximumNeighbourhood"":0,""proteinGeneCount500kb"":6,""sQtlColocClppMaximum"":0,""sQtlColocClppMaximumNeighbourhood"":0,""sQtlColocH4Maximum"":0,""sQtlColocH4MaximumNeighbourhood"":0,""transPQtlColocH4Maximum"":0,""transPQtlColocH4MaximumNeighbourhood"":0,""vepMaximum"":0.2199999988079071,""vepMaximumNeighbourhood"":0.6875,""vepMean"":0.05355796962976456,""vepMeanNeighbourhood"":1}","{""credibleSetConfidence"":-0.001144290785305202,""distanceFootprintMean"":-0.0017969465116038918,""distanceFootprintMeanNeighbourhood"":0.00177680398337543,""distanceSentinelFootprint"":-0.0015671736327931285,""distanceSentinelFootprintNeighbourhood"":0.004902324639260769,""distanceSentinelTss"":-0.024378105998039246,""distanceSentinelTssNeighbourhood"":0.09685004502534866,""distanceTssMean"":0.0010154880583286285,""distanceTssMeanNeighbourhood"":0.07457126677036285,""e2gMean"":-0.0006970228860154748,""e2gMeanNeighbourhood"":-0.0018827109597623348,""eQtlColocClppMaximum"":0.013443047180771828,""eQtlColocClppMaximumNeighbourhood"":0.021101128309965134,""eQtlColocH4Maximum"":0.01389391627162695,""eQtlColocH4MaximumNeighbourhood"":0.013143128715455532,""geneCount500kb"":0.011928394436836243,""pQtlColocClppMaximum"":-0.002842817921191454,""pQtlColocClppMaximumNeighbourhood"":-0.0013219347456470132,""pQtlColocH4Maximum"":-0.0015693888999521732,""pQtlColocH4MaximumNeighbourhood"":-0.00028391554951667786,""proteinGeneCount500kb"":0.030214251950383186,""sQtlColocClppMaximum"":-0.0007490256102755666,""sQtlColocClppMaximumNeighbourhood"":-0.0005886117578484118,""sQtlColocH4Maximum"":-0.00024881429271772504,""sQtlColocH4MaximumNeighbourhood"":-0.0020644336473196745,""transPQtlColocH4Maximum"":0,""transPQtlColocH4MaximumNeighbourhood"":0,""vepMaximum"":-0.0022277929820120335,""vepMaximumNeighbourhood"":-4.777885351359146e-06,""vepMean"":-0.0026685732882469893,""vepMeanNeighbourhood"":0.04331495240330696}",0.04143852740526199,GRCh38,moderate_prioritization,0.05,0.6150293350219727
Parkinson disease,FAM171A1,ENSG00000148468,PD_CHR10_040,4fe27e0d56a20ce70103e1d88a7441d6,rs13664,10,15514323,1e-12,0.316009521484375,PICS,PICS fine-mapped credible set based on reported top hit,GCST90308590,Open Targets Platform Locus-to-Gene,family with sequence similarity 171 member A1,10_15514323_G_T,"{""distanceFootprintMean"":0.9710087776184082,""distanceFootprintMeanNeighbourhood"":0.9752651453018188,""distanceSentinelFootprint"":0.974321186542511,""distanceSentinelFootprintNeighbourhood"":0.974321186542511,""distanceSentinelTss"":0.974321186542511,""distanceSentinelTssNeighbourhood"":1,""distanceTssMean"":0.9710087776184082,""distanceTssMeanNeighbourhood"":1}","{""eQtlColocClppMaximum"":0,""eQtlColocClppMaximumNeighbourhood"":0,""eQtlColocH4Maximum"":0,""eQtlColocH4MaximumNeighbourhood"":0,""pQtlColocClppMaximum"":0,""pQtlColocClppMaximumNeighbourhood"":0,""pQtlColocH4Maximum"":0,""pQtlColocH4MaximumNeighbourhood"":0,""sQtlColocClppMaximum"":0,""sQtlColocClppMaximumNeighbourhood"":0,""sQtlColocH4Maximum"":0,""sQtlColocH4MaximumNeighbourhood"":0,""transPQtlColocH4Maximum"":0,""transPQtlColocH4MaximumNeighbourhood"":0}","{""vepMaximum"":0.2199999988079071,""vepMaximumNeighbourhood"":0.5945945978164673,""vepMean"":0.0027158113662153482,""vepMeanNeighbourhood"":0.9483774900436401}","{""credibleSetConfidence"":0.25,""e2gMean"":0,""e2gMeanNeighbourhood"":0,""geneCount500kb"":4,""proteinGeneCount500kb"":2}","{""credibleSetConfidence"":0.25,""distanceFootprintMean"":0.9710087776184082,""distanceFootprintMeanNeighbourhood"":0.9752651453018188,""distanceSentinelFootprint"":0.974321186542511,""distanceSentinelFootprintNeighbourhood"":0.974321186542511,""distanceSentinelTss"":0.974321186542511,""distanceSentinelTssNeighbourhood"":1,""distanceTssMean"":0.9710087776184082,""distanceTssMeanNeighbourhood"":1,""e2gMean"":0,""e2gMeanNeighbourhood"":0,""eQtlColocClppMaximum"":0,""eQtlColocClppMaximumNeighbourhood"":0,""eQtlColocH4Maximum"":0,""eQtlColocH4MaximumNeighbourhood"":0,""geneCount500kb"":4,""pQtlColocClppMaximum"":0,""pQtlColocClppMaximumNeighbourhood"":0,""pQtlColocH4Maximum"":0,""pQtlColocH4MaximumNeighbourhood"":0,""proteinGeneCount500kb"":2,""sQtlColocClppMaximum"":0,""sQtlColocClppMaximumNeighbourhood"":0,""sQtlColocH4Maximum"":0,""sQtlColocH4MaximumNeighbourhood"":0,""transPQtlColocH4Maximum"":0,""transPQtlColocH4MaximumNeighbourhood"":0,""vepMaximum"":0.2199999988079071,""vepMaximumNeighbourhood"":0.5945945978164673,""vepMean"":0.0027158113662153482,""vepMeanNeighbourhood"":0.9483774900436401}","{""credibleSetConfidence"":-3.095598799518484e-07,""distanceFootprintMean"":-0.010127129964530468,""distanceFootprintMeanNeighbourhood"":0.000284293812001124,""distanceSentinelFootprint"":-0.004033123608678579,""distanceSentinelFootprintNeighbourhood"":-0.001561913057230413,""distanceSentinelTss"":0.0073998537845909595,""distanceSentinelTssNeighbourhood"":0.08260809630155563,""distanceTssMean"":-0.004654591903090477,""distanceTssMeanNeighbourhood"":0.06770330667495728,""e2gMean"":-0.00069687410723418,""e2gMeanNeighbourhood"":-0.003757825819775462,""eQtlColocClppMaximum"":-0.001160559942945838,""eQtlColocClppMaximumNeighbourhood"":-0.0017577180406078696,""eQtlColocH4Maximum"":-0.0013200577814131975,""eQtlColocH4MaximumNeighbourhood"":-0.0018401247216388583,""geneCount500kb"":0.0372278094291687,""pQtlColocClppMaximum"":-0.0016359194414690137,""pQtlColocClppMaximumNeighbourhood"":-0.0012406525202095509,""pQtlColocH4Maximum"":-0.0012825160520151258,""pQtlColocH4MaximumNeighbourhood"":-0.0001680868153925985,""proteinGeneCount500kb"":0.08121984452009201,""sQtlColocClppMaximum"":-0.0010986868292093277,""sQtlColocClppMaximumNeighbourhood"":-0.0012240983778610826,""sQtlColocH4Maximum"":-0.0007689166232012212,""sQtlColocH4MaximumNeighbourhood"":-0.0013562627136707306,""transPQtlColocH4Maximum"":-0.0018577497685328126,""transPQtlColocH4MaximumNeighbourhood"":-0.006743484642356634,""vepMaximum"":-0.004101907834410667,""vepMaximumNeighbourhood"":-0.02305612713098526,""vepMean"":-0.000702447781804949,""vepMeanNeighbourhood"":0.038081418722867966}",0.07763190567493439,GRCh38,moderate_prioritization,0.05,0.6150293350219727
Parkinson disease,NRIP1,ENSG00000180530,PD_CHR21_077,ead755c3c3641615dcc26a99ad313c0f,rs1736020,21,15440233,1e-09,0.30748385190963745,PICS,PICS fine-mapped credible set based on reported top hit,GCST90308590,Open Targets Platform Locus-to-Gene,nuclear receptor interacting protein 1,21_15440233_C_A,"{""distanceFootprintMean"":0.8919408321380615,""distanceFootprintMeanNeighbourhood"":0.9590226411819458,""distanceSentinelFootprint"":0.8942146301269531,""distanceSentinelFootprintNeighbourhood"":0.9574210047721863,""distanceSentinelTss"":0.8942146301269531,""distanceSentinelTssNeighbourhood"":0.9574210047721863,""distanceTssMean"":0.8919407725334167,""distanceTssMeanNeighbourhood"":0.959022581577301}","{""eQtlColocClppMaximum"":0,""eQtlColocClppMaximumNeighbourhood"":0,""eQtlColocH4Maximum"":0,""eQtlColocH4MaximumNeighbourhood"":0,""pQtlColocClppMaximum"":0,""pQtlColocClppMaximumNeighbourhood"":0,""pQtlColocH4Maximum"":0,""pQtlColocH4MaximumNeighbourhood"":0,""sQtlColocClppMaximum"":0,""sQtlColocClppMaximumNeighbourhood"":0,""sQtlColocH4Maximum"":0,""sQtlColocH4MaximumNeighbourhood"":0,""transPQtlColocH4Maximum"":0,""transPQtlColocH4MaximumNeighbourhood"":0}","{""vepMaximum"":0.2199999988079071,""vepMaximumNeighbourhood"":1,""vepMean"":0.006195593159645796,""vepMeanNeighbourhood"":1}","{""credibleSetConfidence"":0.25,""e2gMean"":0.019564729183912277,""e2gMeanNeighbourhood"":1,""geneCount500kb"":10,""proteinGeneCount500kb"":0}","{""credibleSetConfidence"":0.25,""distanceFootprintMean"":0.8919408321380615,""distanceFootprintMeanNeighbourhood"":0.9590226411819458,""distanceSentinelFootprint"":0.8942146301269531,""distanceSentinelFootprintNeighbourhood"":0.9574210047721863,""distanceSentinelTss"":0.8942146301269531,""distanceSentinelTssNeighbourhood"":0.9574210047721863,""distanceTssMean"":0.8919407725334167,""distanceTssMeanNeighbourhood"":0.959022581577301,""e2gMean"":0.019564729183912277,""e2gMeanNeighbourhood"":1,""eQtlColocClppMaximum"":0,""eQtlColocClppMaximumNeighbourhood"":0,""eQtlColocH4Maximum"":0,""eQtlColocH4MaximumNeighbourhood"":0,""geneCount500kb"":10,""pQtlColocClppMaximum"":0,""pQtlColocClppMaximumNeighbourhood"":0,""pQtlColocH4Maximum"":0,""pQtlColocH4MaximumNeighbourhood"":0,""proteinGeneCount500kb"":0,""sQtlColocClppMaximum"":0,""sQtlColocClppMaximumNeighbourhood"":0,""sQtlColocH4Maximum"":0,""sQtlColocH4MaximumNeighbourhood"":0,""transPQtlColocH4Maximum"":0,""transPQtlColocH4MaximumNeighbourhood"":0,""vepMaximum"":0.2199999988079071,""vepMaximumNeighbourhood"":1,""vepMean"":0.006195593159645796,""vepMeanNeighbourhood"":1}","{""credibleSetConfidence"":0.0011498397216200829,""distanceFootprintMean"":0.006324242800474167,""distanceFootprintMeanNeighbourhood"":-0.0026672445237636566,""distanceSentinelFootprint"":0.003509272588416934,""distanceSentinelFootprintNeighbourhood"":-0.016206592321395874,""distanceSentinelTss"":0.006558679509907961,""distanceSentinelTssNeighbourhood"":-0.014644930139183998,""distanceTssMean"":0.010020586661994457,""distanceTssMeanNeighbourhood"":-0.011941691860556602,""e2gMean"":0.009154330007731915,""e2gMeanNeighbourhood"":0.07533051073551178,""eQtlColocClppMaximum"":-0.0002093311195494607,""eQtlColocClppMaximumNeighbourhood"":-0.001919338945299387,""eQtlColocH4Maximum"":-0.0003644200915005058,""eQtlColocH4MaximumNeighbourhood"":-0.0006912247044965625,""geneCount500kb"":0.012989635579288006,""pQtlColocClppMaximum"":-0.0007170538301579654,""pQtlColocClppMaximumNeighbourhood"":-0.0024812729097902775,""pQtlColocH4Maximum"":-0.00040346590685658157,""pQtlColocH4MaximumNeighbourhood"":-0.0006328853778541088,""proteinGeneCount500kb"":0.11423691362142563,""sQtlColocClppMaximum"":-0.0009999028407037258,""sQtlColocClppMaximumNeighbourhood"":-0.0003089547099079937,""sQtlColocH4Maximum"":-0.0003036695998162031,""sQtlColocH4MaximumNeighbourhood"":-0.0008094380027614534,""transPQtlColocH4Maximum"":-0.0005360040813684464,""transPQtlColocH4MaximumNeighbourhood"":-0.0016777816927060485,""vepMaximum"":-0.0013759928988292813,""vepMaximumNeighbourhood"":0.03441561385989189,""vepMean"":0.009084927849471569,""vepMeanNeighbourhood"":0.02371644787490368}",0.05988406762480736,GRCh38,moderate_prioritization,0.05,0.6150293350219727
Parkinson disease,ERCC8,ENSG00000049167,PD_CHR05_027,9840f5d6f7096f80fa7acf2b9bd26d23,rs1867598,5,60842132,7e-22,0.3066307008266449,PICS,PICS fine-mapped credible set based on reported top hit,GCST90308590,Open Targets Platform Locus-to-Gene,"ERCC excision repair 8, CSA ubiquitin ligase complex subunit",5_60842132_A_G,"{""distanceFootprintMean"":0.9943844079971313,""distanceFootprintMeanNeighbourhood"":1,""distanceSentinelFootprint"":0.9961998462677002,""distanceSentinelFootprintNeighbourhood"":0.9961998462677002,""distanceSentinelTss"":0.9824334383010864,""distanceSentinelTssNeighbourhood"":0.9827541708946228,""distanceTssMean"":0.9878162741661072,""distanceTssMeanNeighbourhood"":1}","{""eQtlColocClppMaximum"":0.010627387091517448,""eQtlColocClppMaximumNeighbourhood"":0.3903149366378784,""eQtlColocH4Maximum"":0.9223798513412476,""eQtlColocH4MaximumNeighbourhood"":0.9521138072013855,""pQtlColocClppMaximum"":0,""pQtlColocClppMaximumNeighbourhood"":0,""pQtlColocH4Maximum"":0,""pQtlColocH4MaximumNeighbourhood"":0,""sQtlColocClppMaximum"":0.025917159393429756,""sQtlColocClppMaximumNeighbourhood"":1,""sQtlColocH4Maximum"":0.9671958088874817,""sQtlColocH4MaximumNeighbourhood"":1,""transPQtlColocH4Maximum"":0,""transPQtlColocH4MaximumNeighbourhood"":0}","{""vepMaximum"":0.3199999928474426,""vepMaximumNeighbourhood"":1,""vepMean"":0.0070370882749557495,""vepMeanNeighbourhood"":1}","{""credibleSetConfidence"":0.25,""e2gMean"":0.028149444609880447,""e2gMeanNeighbourhood"":0.14210942387580872,""geneCount500kb"":9,""proteinGeneCount500kb"":4}","{""credibleSetConfidence"":0.25,""distanceFootprintMean"":0.9943844079971313,""distanceFootprintMeanNeighbourhood"":1,""distanceSentinelFootprint"":0.9961998462677002,""distanceSentinelFootprintNeighbourhood"":0.9961998462677002,""distanceSentinelTss"":0.9824334383010864,""distanceSentinelTssNeighbourhood"":0.9827541708946228,""distanceTssMean"":0.9878162741661072,""distanceTssMeanNeighbourhood"":1,""e2gMean"":0.028149444609880447,""e2gMeanNeighbourhood"":0.14210942387580872,""eQtlColocClppMaximum"":0.010627387091517448,""eQtlColocClppMaximumNeighbourhood"":0.3903149366378784,""eQtlColocH4Maximum"":0.9223798513412476,""eQtlColocH4MaximumNeighbourhood"":0.9521138072013855,""geneCount500kb"":9,""pQtlColocClppMaximum"":0,""pQtlColocClppMaximumNeighbourhood"":0,""pQtlColocH4Maximum"":0,""pQtlColocH4MaximumNeighbourhood"":0,""proteinGeneCount500kb"":4,""sQtlColocClppMaximum"":0.025917159393429756,""sQtlColocClppMaximumNeighbourhood"":1,""sQtlColocH4Maximum"":0.9671958088874817,""sQtlColocH4MaximumNeighbourhood"":1,""transPQtlColocH4Maximum"":0,""transPQtlColocH4MaximumNeighbourhood"":0,""vepMaximum"":0.3199999928474426,""vepMaximumNeighbourhood"":1,""vepMean"":0.0070370882749557495,""vepMeanNeighbourhood"":1}","{""credibleSetConfidence"":-5.1624421757878736e-05,""distanceFootprintMean"":-0.007143844850361347,""distanceFootprintMeanNeighbourhood"":0.005817352328449488,""distanceSentinelFootprint"":-0.0034300123807042837,""distanceSentinelFootprintNeighbourhood"":-0.0025281847920268774,""distanceSentinelTss"":-0.009721102192997932,""distanceSentinelTssNeighbourhood"":0.008956898003816605,""distanceTssMean"":0.0003028911305591464,""distanceTssMeanNeighbourhood"":0.07038076221942902,""e2gMean"":0.011123592033982277,""e2gMeanNeighbourhood"":0.0006589972763322294,""eQtlColocClppMaximum"":0.003474275581538677,""eQtlColocClppMaximumNeighbourhood"":0.020241405814886093,""eQtlColocH4Maximum"":0.005922755226492882,""eQtlColocH4MaximumNeighbourhood"":0.006992184557020664,""geneCount500kb"":0.03149311989545822,""pQtlColocClppMaximum"":-0.0009721011156216264,""pQtlColocClppMaximumNeighbourhood"":-0.0005935593508183956,""pQtlColocH4Maximum"":-0.0007427259115502238,""pQtlColocH4MaximumNeighbourhood"":3.3874362998176366e-05,""proteinGeneCount500kb"":0.02457870915532112,""sQtlColocClppMaximum"":0.00772852310910821,""sQtlColocClppMaximumNeighbourhood"":0.011155313812196255,""sQtlColocH4Maximum"":0.0011603886960074306,""sQtlColocH4MaximumNeighbourhood"":0.021087661385536194,""transPQtlColocH4Maximum"":0,""transPQtlColocH4MaximumNeighbourhood"":0,""vepMaximum"":0.0055913464166224,""vepMaximumNeighbourhood"":0.023357218131422997,""vepMean"":-0.00015897603589110076,""vepMeanNeighbourhood"":0.027028070762753487}",0.0448874868452549,GRCh38,moderate_prioritization,0.05,0.6150293350219727
Parkinson disease,P2RY12,ENSG00000169313,PD_CHR03_017,f4e65b87c2592c59a5c29bad1fc3aaf9,rs6803771,3,151395180,4.9999999999999995e-11,0.3019077479839325,PICS,PICS fine-mapped credible set based on reported top hit,GCST90308590,Open Targets Platform Locus-to-Gene,purinergic receptor P2Y12,3_151395180_C_A,"{""distanceFootprintMean"":0.9948261380195618,""distanceFootprintMeanNeighbourhood"":0.9984466433525085,""distanceSentinelFootprint"":0.9983940124511719,""distanceSentinelFootprintNeighbourhood"":0.9983940124511719,""distanceSentinelTss"":0.9983940124511719,""distanceSentinelTssNeighbourhood"":1,""distanceTssMean"":0.994656503200531,""distanceTssMeanNeighbourhood"":1}","{""eQtlColocClppMaximum"":0.02264033444225788,""eQtlColocClppMaximumNeighbourhood"":1,""eQtlColocH4Maximum"":0.962454080581665,""eQtlColocH4MaximumNeighbourhood"":1,""pQtlColocClppMaximum"":0,""pQtlColocClppMaximumNeighbourhood"":0,""pQtlColocH4Maximum"":0,""pQtlColocH4MaximumNeighbourhood"":0,""sQtlColocClppMaximum"":0,""sQtlColocClppMaximumNeighbourhood"":0,""sQtlColocH4Maximum"":0,""sQtlColocH4MaximumNeighbourhood"":0,""transPQtlColocH4Maximum"":0,""transPQtlColocH4MaximumNeighbourhood"":0}","{""vepMaximum"":0.3199999928474426,""vepMaximumNeighbourhood"":0.47058820724487305,""vepMean"":0.004588270094245672,""vepMeanNeighbourhood"":0.7470096945762634}","{""credibleSetConfidence"":0.25,""e2gMean"":0.33487242460250854,""e2gMeanNeighbourhood"":1,""geneCount500kb"":12,""proteinGeneCount500kb"":6}","{""credibleSetConfidence"":0.25,""distanceFootprintMean"":0.9948261380195618,""distanceFootprintMeanNeighbourhood"":0.9984466433525085,""distanceSentinelFootprint"":0.9983940124511719,""distanceSentinelFootprintNeighbourhood"":0.9983940124511719,""distanceSentinelTss"":0.9983940124511719,""distanceSentinelTssNeighbourhood"":1,""distanceTssMean"":0.994656503200531,""distanceTssMeanNeighbourhood"":1,""e2gMean"":0.33487242460250854,""e2gMeanNeighbourhood"":1,""eQtlColocClppMaximum"":0.02264033444225788,""eQtlColocClppMaximumNeighbourhood"":1,""eQtlColocH4Maximum"":0.962454080581665,""eQtlColocH4MaximumNeighbourhood"":1,""geneCount500kb"":12,""pQtlColocClppMaximum"":0,""pQtlColocClppMaximumNeighbourhood"":0,""pQtlColocH4Maximum"":0,""pQtlColocH4MaximumNeighbourhood"":0,""proteinGeneCount500kb"":6,""sQtlColocClppMaximum"":0,""sQtlColocClppMaximumNeighbourhood"":0,""sQtlColocH4Maximum"":0,""sQtlColocH4MaximumNeighbourhood"":0,""transPQtlColocH4Maximum"":0,""transPQtlColocH4MaximumNeighbourhood"":0,""vepMaximum"":0.3199999928474426,""vepMaximumNeighbourhood"":0.47058820724487305,""vepMean"":0.004588270094245672,""vepMeanNeighbourhood"":0.7470096945762634}","{""credibleSetConfidence"":-0.00042722190846689045,""distanceFootprintMean"":0.002589686308056116,""distanceFootprintMeanNeighbourhood"":0.0025091548450291157,""distanceSentinelFootprint"":0.0038114339113235474,""distanceSentinelFootprintNeighbourhood"":0.012437478639185429,""distanceSentinelTss"":-0.008002818562090397,""distanceSentinelTssNeighbourhood"":0.06024196743965149,""distanceTssMean"":0.011903551407158375,""distanceTssMeanNeighbourhood"":0.04893534258008003,""e2gMean"":0.005566855892539024,""e2gMeanNeighbourhood"":0.03945505991578102,""eQtlColocClppMaximum"":0.008949009701609612,""eQtlColocClppMaximumNeighbourhood"":0.021220233291387558,""eQtlColocH4Maximum"":0.008027494885027409,""eQtlColocH4MaximumNeighbourhood"":0.008669130504131317,""geneCount500kb"":0.017684951424598694,""pQtlColocClppMaximum"":-0.0006960535538382828,""pQtlColocClppMaximumNeighbourhood"":-0.0010114642791450024,""pQtlColocH4Maximum"":-0.0006785261211916804,""pQtlColocH4MaximumNeighbourhood"":-0.00017352934810332954,""proteinGeneCount500kb"":0.02552754059433937,""sQtlColocClppMaximum"":-0.0012307807337492704,""sQtlColocClppMaximumNeighbourhood"":-0.0018648592522367835,""sQtlColocH4Maximum"":-0.0007575869094580412,""sQtlColocH4MaximumNeighbourhood"":-0.0022753996308892965,""transPQtlColocH4Maximum"":0,""transPQtlColocH4MaximumNeighbourhood"":0,""vepMaximum"":0.002911944640800357,""vepMaximumNeighbourhood"":-0.013886470347642899,""vepMean"":0.0009480848093517125,""vepMeanNeighbourhood"":0.009265932254493237}",0.04225753992795944,GRCh38,moderate_prioritization,0.05,0.6150293350219727
Parkinson disease,TMED5,ENSG00000117500,PD_CHR01_001,98ab9e7e0641b4973c5ce38fe0902af3,rs11164870,1,93086630,3.0000000000000004e-09,0.30187124013900757,PICS,PICS fine-mapped credible set based on reported top hit,GCST90308590,Open Targets Platform Locus-to-Gene,transmembrane p24 trafficking protein 5,1_93086630_C_G,"{""distanceFootprintMean"":0.9807673692703247,""distanceFootprintMeanNeighbourhood"":0.9919783473014832,""distanceSentinelFootprint"":0.9897174835205078,""distanceSentinelFootprintNeighbourhood"":0.9897174835205078,""distanceSentinelTss"":0.9841705560684204,""distanceSentinelTssNeighbourhood"":0.9852820038795471,""distanceTssMean"":0.9792789220809937,""distanceTssMeanNeighbourhood"":0.9999770522117615}","{""eQtlColocClppMaximum"":0.015057510696351528,""eQtlColocClppMaximumNeighbourhood"":1,""eQtlColocH4Maximum"":0.9442774057388306,""eQtlColocH4MaximumNeighbourhood"":1,""pQtlColocClppMaximum"":0,""pQtlColocClppMaximumNeighbourhood"":0,""pQtlColocH4Maximum"":0,""pQtlColocH4MaximumNeighbourhood"":0,""sQtlColocClppMaximum"":0.015062842518091202,""sQtlColocClppMaximumNeighbourhood"":1,""sQtlColocH4Maximum"":0.9442963600158691,""sQtlColocH4MaximumNeighbourhood"":1,""transPQtlColocH4Maximum"":0,""transPQtlColocH4MaximumNeighbourhood"":0}","{""vepMaximum"":0.6800000071525574,""vepMaximumNeighbourhood"":1,""vepMean"":0.0014384420355781913,""vepMeanNeighbourhood"":0.87639319896698}","{""credibleSetConfidence"":0.25,""e2gMean"":0.011397001333534718,""e2gMeanNeighbourhood"":0.4934660792350769,""geneCount500kb"":22,""proteinGeneCount500kb"":4}","{""credibleSetConfidence"":0.25,""distanceFootprintMean"":0.9807673692703247,""distanceFootprintMeanNeighbourhood"":0.9919783473014832,""distanceSentinelFootprint"":0.9897174835205078,""distanceSentinelFootprintNeighbourhood"":0.9897174835205078,""distanceSentinelTss"":0.9841705560684204,""distanceSentinelTssNeighbourhood"":0.9852820038795471,""distanceTssMean"":0.9792789220809937,""distanceTssMeanNeighbourhood"":0.9999770522117615,""e2gMean"":0.011397001333534718,""e2gMeanNeighbourhood"":0.4934660792350769,""eQtlColocClppMaximum"":0.015057510696351528,""eQtlColocClppMaximumNeighbourhood"":1,""eQtlColocH4Maximum"":0.9442774057388306,""eQtlColocH4MaximumNeighbourhood"":1,""geneCount500kb"":22,""pQtlColocClppMaximum"":0,""pQtlColocClppMaximumNeighbourhood"":0,""pQtlColocH4Maximum"":0,""pQtlColocH4MaximumNeighbourhood"":0,""proteinGeneCount500kb"":4,""sQtlColocClppMaximum"":0.015062842518091202,""sQtlColocClppMaximumNeighbourhood"":1,""sQtlColocH4Maximum"":0.9442963600158691,""sQtlColocH4MaximumNeighbourhood"":1,""transPQtlColocH4Maximum"":0,""transPQtlColocH4MaximumNeighbourhood"":0,""vepMaximum"":0.6800000071525574,""vepMaximumNeighbourhood"":1,""vepMean"":0.0014384420355781913,""vepMeanNeighbourhood"":0.87639319896698}","{""credibleSetConfidence"":0.00027769283042289317,""distanceFootprintMean"":-0.007424334529787302,""distanceFootprintMeanNeighbourhood"":0.0011313094291836023,""distanceSentinelFootprint"":0.00014754351286683232,""distanceSentinelFootprintNeighbourhood"":0.0030995758716017008,""distanceSentinelTss"":-0.009415005333721638,""distanceSentinelTssNeighbourhood"":0.009044564329087734,""distanceTssMean"":-0.0005272442358545959,""distanceTssMeanNeighbourhood"":0.05617278069257736,""e2gMean"":0.008414676412940025,""e2gMeanNeighbourhood"":0.015696845948696136,""eQtlColocClppMaximum"":0.0051287030801177025,""eQtlColocClppMaximumNeighbourhood"":0.02136559970676899,""eQtlColocH4Maximum"":0.009029122069478035,""eQtlColocH4MaximumNeighbourhood"":0.015155416913330555,""geneCount500kb"":-0.00593195715919137,""pQtlColocClppMaximum"":-0.0008147656335495412,""pQtlColocClppMaximumNeighbourhood"":-0.0005219620652496815,""pQtlColocH4Maximum"":-0.0007368249935097992,""pQtlColocH4MaximumNeighbourhood"":-0.00021581417240668088,""proteinGeneCount500kb"":0.03600391000509262,""sQtlColocClppMaximum"":0.0046000052243471146,""sQtlColocClppMaximumNeighbourhood"":0.007217362988740206,""sQtlColocH4Maximum"":0.0015182371716946363,""sQtlColocH4MaximumNeighbourhood"":0.0188280176371336,""transPQtlColocH4Maximum"":-0.001532660680823028,""transPQtlColocH4MaximumNeighbourhood"":-0.0049403212033212185,""vepMaximum"":0.05084901303052902,""vepMaximumNeighbourhood"":0.018001854419708252,""vepMean"":-0.007679182570427656,""vepMeanNeighbourhood"":0.009057559072971344}",0.05087152495980263,GRCh38,moderate_prioritization,0.05,0.6150293350219727
Parkinson disease,MYLK2,ENSG00000101306,PD_CHR20_076,bcc8a3c1bfc87078f7b70f2459b33b33,rs6060983,20,31833121,4e-09,0.2965930700302124,PICS,PICS fine-mapped credible set based on reported top hit,GCST90308590,Open Targets Platform Locus-to-Gene,myosin light chain kinase 2,20_31833121_T_C,"{""distanceFootprintMean"":0.9853370189666748,""distanceFootprintMeanNeighbourhood"":0.9925914406776428,""distanceSentinelFootprint"":1,""distanceSentinelFootprintNeighbourhood"":1,""distanceSentinelTss"":0.9978726506233215,""distanceSentinelTssNeighbourhood"":0.9997989535331726,""distanceTssMean"":0.9850601553916931,""distanceTssMeanNeighbourhood"":0.9968515038490295}","{""eQtlColocClppMaximum"":0.010954692959785461,""eQtlColocClppMaximumNeighbourhood"":1,""eQtlColocH4Maximum"":0.9247291088104248,""eQtlColocH4MaximumNeighbourhood"":1,""pQtlColocClppMaximum"":0,""pQtlColocClppMaximumNeighbourhood"":0,""pQtlColocH4Maximum"":0,""pQtlColocH4MaximumNeighbourhood"":0,""sQtlColocClppMaximum"":0.009502523578703403,""sQtlColocClppMaximumNeighbourhood"":0.9146502017974854,""sQtlColocH4Maximum"":0.914085328578949,""sQtlColocH4MaximumNeighbourhood"":0.9925891757011414,""transPQtlColocH4Maximum"":0,""transPQtlColocH4MaximumNeighbourhood"":0}","{""vepMaximum"":0.3199999928474426,""vepMaximumNeighbourhood"":0.6956521272659302,""vepMean"":0.0020105440635234118,""vepMeanNeighbourhood"":0.9169644713401794}","{""credibleSetConfidence"":0.25,""e2gMean"":0.17696215212345123,""e2gMeanNeighbourhood"":1,""geneCount500kb"":26,""proteinGeneCount500kb"":10}","{""credibleSetConfidence"":0.25,""distanceFootprintMean"":0.9853370189666748,""distanceFootprintMeanNeighbourhood"":0.9925914406776428,""distanceSentinelFootprint"":1,""distanceSentinelFootprintNeighbourhood"":1,""distanceSentinelTss"":0.9978726506233215,""distanceSentinelTssNeighbourhood"":0.9997989535331726,""distanceTssMean"":0.9850601553916931,""distanceTssMeanNeighbourhood"":0.9968515038490295,""e2gMean"":0.17696215212345123,""e2gMeanNeighbourhood"":1,""eQtlColocClppMaximum"":0.010954692959785461,""eQtlColocClppMaximumNeighbourhood"":1,""eQtlColocH4Maximum"":0.9247291088104248,""eQtlColocH4MaximumNeighbourhood"":1,""geneCount500kb"":26,""pQtlColocClppMaximum"":0,""pQtlColocClppMaximumNeighbourhood"":0,""pQtlColocH4Maximum"":0,""pQtlColocH4MaximumNeighbourhood"":0,""proteinGeneCount500kb"":10,""sQtlColocClppMaximum"":0.009502523578703403,""sQtlColocClppMaximumNeighbourhood"":0.9146502017974854,""sQtlColocH4Maximum"":0.914085328578949,""sQtlColocH4MaximumNeighbourhood"":0.9925891757011414,""transPQtlColocH4Maximum"":0,""transPQtlColocH4MaximumNeighbourhood"":0,""vepMaximum"":0.3199999928474426,""vepMaximumNeighbourhood"":0.6956521272659302,""vepMean"":0.0020105440635234118,""vepMeanNeighbourhood"":0.9169644713401794}","{""credibleSetConfidence"":0.0013524421956390142,""distanceFootprintMean"":-0.007701801136136055,""distanceFootprintMeanNeighbourhood"":0.002081922721117735,""distanceSentinelFootprint"":0.00032987011945806444,""distanceSentinelFootprintNeighbourhood"":0.032979708164930344,""distanceSentinelTss"":-0.008149025961756706,""distanceSentinelTssNeighbourhood"":0.04195022210478783,""distanceTssMean"":-0.0017768095713108778,""distanceTssMeanNeighbourhood"":0.02971784770488739,""e2gMean"":0.012779737822711468,""e2gMeanNeighbourhood"":0.06581215560436249,""eQtlColocClppMaximum"":0.003351562889292836,""eQtlColocClppMaximumNeighbourhood"":0.019661933183670044,""eQtlColocH4Maximum"":0.007252669893205166,""eQtlColocH4MaximumNeighbourhood"":0.022323835641145706,""geneCount500kb"":0.0006858208798803389,""pQtlColocClppMaximum"":-0.001179288956336677,""pQtlColocClppMaximumNeighbourhood"":-0.0006443224265240133,""pQtlColocH4Maximum"":-0.0006169285043142736,""pQtlColocH4MaximumNeighbourhood"":-0.0001323489414062351,""proteinGeneCount500kb"":-0.002054347423836589,""sQtlColocClppMaximum"":0.006368718110024929,""sQtlColocClppMaximumNeighbourhood"":0.005907257087528706,""sQtlColocH4Maximum"":0.003703823545947671,""sQtlColocH4MaximumNeighbourhood"":0.01047668419778347,""transPQtlColocH4Maximum"":-0.0002848965232260525,""transPQtlColocH4MaximumNeighbourhood"":-0.0005826389533467591,""vepMaximum"":-0.0007821257458999753,""vepMaximumNeighbourhood"":-0.011939464136958122,""vepMean"":-0.00915299728512764,""vepMeanNeighbourhood"":0.0037896311841905117}",0.07106415182352066,GRCh38,moderate_prioritization,0.05,0.6150293350219727
Parkinson disease,VPS13C,ENSG00000129003,PD_CHR15_060,261b0ccae8c1e19c2c796c1da6d1fbbf,rs2251086,15,61705186,5.0000000000000005e-22,0.2877374291419983,PICS,PICS fine-mapped credible set based on reported top hit,GCST90308590,Open Targets Platform Locus-to-Gene,vacuolar protein sorting 13 homolog C,15_61705186_T_C,"{""distanceFootprintMean"":0.9715290665626526,""distanceFootprintMeanNeighbourhood"":1,""distanceSentinelFootprint"":0.9734259247779846,""distanceSentinelFootprintNeighbourhood"":1,""distanceSentinelTss"":0.9055299162864685,""distanceSentinelTssNeighbourhood"":1,""distanceTssMean"":0.9029991030693054,""distanceTssMeanNeighbourhood"":1}","{""eQtlColocClppMaximum"":0,""eQtlColocClppMaximumNeighbourhood"":0,""eQtlColocH4Maximum"":0,""eQtlColocH4MaximumNeighbourhood"":0,""pQtlColocClppMaximum"":0,""pQtlColocClppMaximumNeighbourhood"":0,""pQtlColocH4Maximum"":0,""pQtlColocH4MaximumNeighbourhood"":0,""sQtlColocClppMaximum"":0,""sQtlColocClppMaximumNeighbourhood"":0,""sQtlColocH4Maximum"":0,""sQtlColocH4MaximumNeighbourhood"":0,""transPQtlColocH4Maximum"":0,""transPQtlColocH4MaximumNeighbourhood"":0}","{""vepMaximum"":0.20000000298023224,""vepMaximumNeighbourhood"":0.9090909361839294,""vepMean"":0.028029628098011017,""vepMeanNeighbourhood"":0.9090909361839294}","{""credibleSetConfidence"":0.25,""e2gMean"":0,""e2gMeanNeighbourhood"":0,""geneCount500kb"":8,""proteinGeneCount500kb"":0}","{""credibleSetConfidence"":0.25,""distanceFootprintMean"":0.9715290665626526,""distanceFootprintMeanNeighbourhood"":1,""distanceSentinelFootprint"":0.9734259247779846,""distanceSentinelFootprintNeighbourhood"":1,""distanceSentinelTss"":0.9055299162864685,""distanceSentinelTssNeighbourhood"":1,""distanceTssMean"":0.9029991030693054,""distanceTssMeanNeighbourhood"":1,""e2gMean"":0,""e2gMeanNeighbourhood"":0,""eQtlColocClppMaximum"":0,""eQtlColocClppMaximumNeighbourhood"":0,""eQtlColocH4Maximum"":0,""eQtlColocH4MaximumNeighbourhood"":0,""geneCount500kb"":8,""pQtlColocClppMaximum"":0,""pQtlColocClppMaximumNeighbourhood"":0,""pQtlColocH4Maximum"":0,""pQtlColocH4MaximumNeighbourhood"":0,""proteinGeneCount500kb"":0,""sQtlColocClppMaximum"":0,""sQtlColocClppMaximumNeighbourhood"":0,""sQtlColocH4Maximum"":0,""sQtlColocH4MaximumNeighbourhood"":0,""transPQtlColocH4Maximum"":0,""transPQtlColocH4MaximumNeighbourhood"":0,""vepMaximum"":0.20000000298023224,""vepMaximumNeighbourhood"":0.9090909361839294,""vepMean"":0.028029628098011017,""vepMeanNeighbourhood"":0.9090909361839294}","{""credibleSetConfidence"":0.0011377676855772734,""distanceFootprintMean"":-0.008343316614627838,""distanceFootprintMeanNeighbourhood"":0.0036883442662656307,""distanceSentinelFootprint"":-0.0018701719818636775,""distanceSentinelFootprintNeighbourhood"":0.022047994658350945,""distanceSentinelTss"":-0.009453076869249344,""distanceSentinelTssNeighbourhood"":0.0706789568066597,""distanceTssMean"":-0.008666430599987507,""distanceTssMeanNeighbourhood"":0.04611731693148613,""e2gMean"":-0.001125081442296505,""e2gMeanNeighbourhood"":-0.0069333589635789394,""eQtlColocClppMaximum"":-0.0004631916817743331,""eQtlColocClppMaximumNeighbourhood"":-0.0002568528288975358,""eQtlColocH4Maximum"":-0.0005169787327758968,""eQtlColocH4MaximumNeighbourhood"":-0.0011646756902337074,""geneCount500kb"":0.03280751407146454,""pQtlColocClppMaximum"":-0.004617379512637854,""pQtlColocClppMaximumNeighbourhood"":-0.002262515015900135,""pQtlColocH4Maximum"":-0.002288390416651964,""pQtlColocH4MaximumNeighbourhood"":-0.0006393955554813147,""proteinGeneCount500kb"":0.09031292051076889,""sQtlColocClppMaximum"":-0.0008273347630165517,""sQtlColocClppMaximumNeighbourhood"":-0.0002133722446160391,""sQtlColocH4Maximum"":-0.000422541779698804,""sQtlColocH4MaximumNeighbourhood"":-0.0005119217094033957,""transPQtlColocH4Maximum"":-0.0009579758625477552,""transPQtlColocH4MaximumNeighbourhood"":-0.0027817373629659414,""vepMaximum"":-0.0012641545617952943,""vepMaximumNeighbourhood"":-0.002506239339709282,""vepMean"":-0.002399883698672056,""vepMeanNeighbourhood"":0.016981661319732666}",0.06445091962814331,GRCh38,moderate_prioritization,0.05,0.6150293350219727
Parkinson disease,FOXA1,ENSG00000129514,PD_CHR14_055,15f41db91da3493ebfb88ff76d4c2b41,rs1956438,14,37539010,2e-09,0.28589487075805664,PICS,PICS fine-mapped credible set based on reported top hit,GCST90308590,Open Targets Platform Locus-to-Gene,forkhead box A1,14_37539010_G_A,"{""distanceFootprintMean"":0.9906045794487,""distanceFootprintMeanNeighbourhood"":0.9955854415893555,""distanceSentinelFootprint"":0.9918791055679321,""distanceSentinelFootprintNeighbourhood"":0.9918791055679321,""distanceSentinelTss"":0.9909070134162903,""distanceSentinelTssNeighbourhood"":1,""distanceTssMean"":0.9897208213806152,""distanceTssMeanNeighbourhood"":1}","{""eQtlColocClppMaximum"":0,""eQtlColocClppMaximumNeighbourhood"":0,""eQtlColocH4Maximum"":0,""eQtlColocH4MaximumNeighbourhood"":0,""pQtlColocClppMaximum"":0,""pQtlColocClppMaximumNeighbourhood"":0,""pQtlColocH4Maximum"":0,""pQtlColocH4MaximumNeighbourhood"":0,""sQtlColocClppMaximum"":0,""sQtlColocClppMaximumNeighbourhood"":0,""sQtlColocH4Maximum"":0,""sQtlColocH4MaximumNeighbourhood"":0,""transPQtlColocH4Maximum"":0,""transPQtlColocH4MaximumNeighbourhood"":0}","{""vepMaximum"":0.6800000071525574,""vepMaximumNeighbourhood"":1,""vepMean"":0.004121758509427309,""vepMeanNeighbourhood"":0.8127454519271851}","{""credibleSetConfidence"":0.25,""e2gMean"":0.1504158079624176,""e2gMeanNeighbourhood"":0.9809809327125549,""geneCount500kb"":8,""proteinGeneCount500kb"":2}","{""credibleSetConfidence"":0.25,""distanceFootprintMean"":0.9906045794487,""distanceFootprintMeanNeighbourhood"":0.9955854415893555,""distanceSentinelFootprint"":0.9918791055679321,""distanceSentinelFootprintNeighbourhood"":0.9918791055679321,""distanceSentinelTss"":0.9909070134162903,""distanceSentinelTssNeighbourhood"":1,""distanceTssMean"":0.9897208213806152,""distanceTssMeanNeighbourhood"":1,""e2gMean"":0.1504158079624176,""e2gMeanNeighbourhood"":0.9809809327125549,""eQtlColocClppMaximum"":0,""eQtlColocClppMaximumNeighbourhood"":0,""eQtlColocH4Maximum"":0,""eQtlColocH4MaximumNeighbourhood"":0,""geneCount500kb"":8,""pQtlColocClppMaximum"":0,""pQtlColocClppMaximumNeighbourhood"":0,""pQtlColocH4Maximum"":0,""pQtlColocH4MaximumNeighbourhood"":0,""proteinGeneCount500kb"":2,""sQtlColocClppMaximum"":0,""sQtlColocClppMaximumNeighbourhood"":0,""sQtlColocH4Maximum"":0,""sQtlColocH4MaximumNeighbourhood"":0,""transPQtlColocH4Maximum"":0,""transPQtlColocH4MaximumNeighbourhood"":0,""vepMaximum"":0.6800000071525574,""vepMaximumNeighbourhood"":1,""vepMean"":0.004121758509427309,""vepMeanNeighbourhood"":0.8127454519271851}","{""credibleSetConfidence"":-0.0008194317924790084,""distanceFootprintMean"":-0.0037491999100893736,""distanceFootprintMeanNeighbourhood"":-0.0020597358234226704,""distanceSentinelFootprint"":-0.0037509375251829624,""distanceSentinelFootprintNeighbourhood"":-0.021890267729759216,""distanceSentinelTss"":-0.014289924874901772,""distanceSentinelTssNeighbourhood"":0.049003344029188156,""distanceTssMean"":-0.004873392637819052,""distanceTssMeanNeighbourhood"":0.04612824320793152,""e2gMean"":0.0026991895865648985,""e2gMeanNeighbourhood"":0.0014836223563179374,""eQtlColocClppMaximum"":-0.0005455176578834653,""eQtlColocClppMaximumNeighbourhood"":-0.0019488285761326551,""eQtlColocH4Maximum"":-0.0007050719577819109,""eQtlColocH4MaximumNeighbourhood"":-0.0017751705599948764,""geneCount500kb"":0.034864261746406555,""pQtlColocClppMaximum"":-0.006869985722005367,""pQtlColocClppMaximumNeighbourhood"":-0.004267419688403606,""pQtlColocH4Maximum"":-0.0058535197749733925,""pQtlColocH4MaximumNeighbourhood"":-0.0010326090268790722,""proteinGeneCount500kb"":0.06367845833301544,""sQtlColocClppMaximum"":-0.0016501644859090447,""sQtlColocClppMaximumNeighbourhood"":-0.0019978866912424564,""sQtlColocH4Maximum"":-0.00048285070806741714,""sQtlColocH4MaximumNeighbourhood"":-0.0017987797036767006,""transPQtlColocH4Maximum"":-0.0009273153264075518,""transPQtlColocH4MaximumNeighbourhood"":-0.001727738999761641,""vepMaximum"":0.050957657396793365,""vepMaximumNeighbourhood"":0.01804564893245697,""vepMean"":-0.01255764253437519,""vepMeanNeighbourhood"":0.01027020625770092}",0.1043376550078392,GRCh38,moderate_prioritization,0.05,0.6150293350219727
Parkinson disease,ZCWPW2,ENSG00000206559,PD_CHR03_014,5c969b44e1c4ad2bb3d0a194d0103bd8,rs6808178,3,28664199,6e-12,0.2858431041240692,PICS,PICS fine-mapped credible set based on reported top hit,GCST90308590,Open Targets Platform Locus-to-Gene,zinc finger CW-type and PWWP domain containing 2,3_28664199_T_C,"{""distanceFootprintMean"":0.9721727967262268,""distanceFootprintMeanNeighbourhood"":1,""distanceSentinelFootprint"":0.9754217863082886,""distanceSentinelFootprintNeighbourhood"":1,""distanceSentinelTss"":0.924035370349884,""distanceSentinelTssNeighbourhood"":0.9999539852142334,""distanceTssMean"":0.921211302280426,""distanceTssMeanNeighbourhood"":0.999954342842102}","{""eQtlColocClppMaximum"":0,""eQtlColocClppMaximumNeighbourhood"":0,""eQtlColocH4Maximum"":0,""eQtlColocH4MaximumNeighbourhood"":0,""pQtlColocClppMaximum"":0,""pQtlColocClppMaximumNeighbourhood"":0,""pQtlColocH4Maximum"":0,""pQtlColocH4MaximumNeighbourhood"":0,""sQtlColocClppMaximum"":0,""sQtlColocClppMaximumNeighbourhood"":0,""sQtlColocH4Maximum"":0,""sQtlColocH4MaximumNeighbourhood"":0,""transPQtlColocH4Maximum"":0,""transPQtlColocH4MaximumNeighbourhood"":0}","{""vepMaximum"":0.20000000298023224,""vepMaximumNeighbourhood"":0.9090909361839294,""vepMean"":0.03175646439194679,""vepMeanNeighbourhood"":0.9090909361839294}","{""credibleSetConfidence"":0.25,""e2gMean"":0,""e2gMeanNeighbourhood"":0,""geneCount500kb"":4,""proteinGeneCount500kb"":0}","{""credibleSetConfidence"":0.25,""distanceFootprintMean"":0.9721727967262268,""distanceFootprintMeanNeighbourhood"":1,""distanceSentinelFootprint"":0.9754217863082886,""distanceSentinelFootprintNeighbourhood"":1,""distanceSentinelTss"":0.924035370349884,""distanceSentinelTssNeighbourhood"":0.9999539852142334,""distanceTssMean"":0.921211302280426,""distanceTssMeanNeighbourhood"":0.999954342842102,""e2gMean"":0,""e2gMeanNeighbourhood"":0,""eQtlColocClppMaximum"":0,""eQtlColocClppMaximumNeighbourhood"":0,""eQtlColocH4Maximum"":0,""eQtlColocH4MaximumNeighbourhood"":0,""geneCount500kb"":4,""pQtlColocClppMaximum"":0,""pQtlColocClppMaximumNeighbourhood"":0,""pQtlColocH4Maximum"":0,""pQtlColocH4MaximumNeighbourhood"":0,""proteinGeneCount500kb"":0,""sQtlColocClppMaximum"":0,""sQtlColocClppMaximumNeighbourhood"":0,""sQtlColocH4Maximum"":0,""sQtlColocH4MaximumNeighbourhood"":0,""transPQtlColocH4Maximum"":0,""transPQtlColocH4MaximumNeighbourhood"":0,""vepMaximum"":0.20000000298023224,""vepMaximumNeighbourhood"":0.9090909361839294,""vepMean"":0.03175646439194679,""vepMeanNeighbourhood"":0.9090909361839294}","{""credibleSetConfidence"":0.0010112172458320856,""distanceFootprintMean"":-0.0072336988523602486,""distanceFootprintMeanNeighbourhood"":0.004711852874606848,""distanceSentinelFootprint"":-0.0010843602940440178,""distanceSentinelFootprintNeighbourhood"":0.024255864322185516,""distanceSentinelTss"":-0.005139893852174282,""distanceSentinelTssNeighbourhood"":0.0762893557548523,""distanceTssMean"":-0.007127184420824051,""distanceTssMeanNeighbourhood"":0.04464690387248993,""e2gMean"":-0.0008858827641233802,""e2gMeanNeighbourhood"":-0.0028923293575644493,""eQtlColocClppMaximum"":-0.0005374264437705278,""eQtlColocClppMaximumNeighbourhood"":-0.0010007483651861548,""eQtlColocH4Maximum"":-0.0004103397950530052,""eQtlColocH4MaximumNeighbourhood"":-0.0010836224537342787,""geneCount500kb"":0.03426555544137955,""pQtlColocClppMaximum"":-0.00042818713700398803,""pQtlColocClppMaximumNeighbourhood"":-0.00018621160415932536,""pQtlColocH4Maximum"":-5.656070788973011e-05,""pQtlColocH4MaximumNeighbourhood"":0,""proteinGeneCount500kb"":0.0846039205789566,""sQtlColocClppMaximum"":-0.00016016361769288778,""sQtlColocClppMaximumNeighbourhood"":-6.702335667796433e-05,""sQtlColocH4Maximum"":-8.249509846791625e-05,""sQtlColocH4MaximumNeighbourhood"":-0.00015066441847011447,""transPQtlColocH4Maximum"":-0.0008076219237409532,""transPQtlColocH4MaximumNeighbourhood"":-0.0027421317063272,""vepMaximum"":-0.001674373634159565,""vepMaximumNeighbourhood"":0.005449140444397926,""vepMean"":-0.002985297469422221,""vepMeanNeighbourhood"":0.021243151277303696}",0.026102354750037193,GRCh38,moderate_prioritization,0.05,0.6150293350219727
Parkinson disease,DGKQ,ENSG00000145214,PD_CHR04_020,c54fb958fa227c40069441cd9d03aa2a,rs34311866,4,958159,5e-75,0.2635650038719177,PICS,PICS fine-mapped credible set based on reported top hit,GCST90308590,Open Targets Platform Locus-to-Gene,diacylglycerol kinase theta,4_958159_T_C,"{""distanceFootprintMean"":0.9998889565467834,""distanceFootprintMeanNeighbourhood"":0.9998889565467834,""distanceSentinelFootprint"":0.9998889565467834,""distanceSentinelFootprintNeighbourhood"":0.9998889565467834,""distanceSentinelTss"":0.9976143836975098,""distanceSentinelTssNeighbourhood"":1,""distanceTssMean"":0.9976143836975098,""distanceTssMeanNeighbourhood"":1}","{""eQtlColocClppMaximum"":0.009989706799387932,""eQtlColocClppMaximumNeighbourhood"":0.9810593724250793,""eQtlColocH4Maximum"":0.9139950275421143,""eQtlColocH4MaximumNeighbourhood"":0.9983537197113037,""pQtlColocClppMaximum"":0,""pQtlColocClppMaximumNeighbourhood"":0,""pQtlColocH4Maximum"":0,""pQtlColocH4MaximumNeighbourhood"":0,""sQtlColocClppMaximum"":0,""sQtlColocClppMaximumNeighbourhood"":0,""sQtlColocH4Maximum"":0,""sQtlColocH4MaximumNeighbourhood"":0,""transPQtlColocH4Maximum"":0,""transPQtlColocH4MaximumNeighbourhood"":0}","{""vepMaximum"":0.20000000298023224,""vepMaximumNeighbourhood"":0.29411765933036804,""vepMean"":0.20000000298023224,""vepMeanNeighbourhood"":0.29411765933036804}","{""credibleSetConfidence"":0.25,""e2gMean"":0.8031778335571289,""e2gMeanNeighbourhood"":1,""geneCount500kb"":28,""proteinGeneCount500kb"":9}","{""credibleSetConfidence"":0.25,""distanceFootprintMean"":0.9998889565467834,""distanceFootprintMeanNeighbourhood"":0.9998889565467834,""distanceSentinelFootprint"":0.9998889565467834,""distanceSentinelFootprintNeighbourhood"":0.9998889565467834,""distanceSentinelTss"":0.9976143836975098,""distanceSentinelTssNeighbourhood"":1,""distanceTssMean"":0.9976143836975098,""distanceTssMeanNeighbourhood"":1,""e2gMean"":0.8031778335571289,""e2gMeanNeighbourhood"":1,""eQtlColocClppMaximum"":0.009989706799387932,""eQtlColocClppMaximumNeighbourhood"":0.9810593724250793,""eQtlColocH4Maximum"":0.9139950275421143,""eQtlColocH4MaximumNeighbourhood"":0.9983537197113037,""geneCount500kb"":28,""pQtlColocClppMaximum"":0,""pQtlColocClppMaximumNeighbourhood"":0,""pQtlColocH4Maximum"":0,""pQtlColocH4MaximumNeighbourhood"":0,""proteinGeneCount500kb"":9,""sQtlColocClppMaximum"":0,""sQtlColocClppMaximumNeighbourhood"":0,""sQtlColocH4Maximum"":0,""sQtlColocH4MaximumNeighbourhood"":0,""transPQtlColocH4Maximum"":0,""transPQtlColocH4MaximumNeighbourhood"":0,""vepMaximum"":0.20000000298023224,""vepMaximumNeighbourhood"":0.29411765933036804,""vepMean"":0.20000000298023224,""vepMeanNeighbourhood"":0.29411765933036804}","{""credibleSetConfidence"":0.00013483507791534066,""distanceFootprintMean"":0.003825939493253827,""distanceFootprintMeanNeighbourhood"":0.011032826267182827,""distanceSentinelFootprint"":0.0054779076017439365,""distanceSentinelFootprintNeighbourhood"":0.058261334896087646,""distanceSentinelTss"":-0.0034984976518899202,""distanceSentinelTssNeighbourhood"":0.035998616367578506,""distanceTssMean"":0.012500994838774204,""distanceTssMeanNeighbourhood"":0.02206183411180973,""e2gMean"":0.012685926631093025,""e2gMeanNeighbourhood"":0.05112508311867714,""eQtlColocClppMaximum"":0.006077571306377649,""eQtlColocClppMaximumNeighbourhood"":0.016621368005871773,""eQtlColocH4Maximum"":0.010395609773695469,""eQtlColocH4MaximumNeighbourhood"":0.02022523619234562,""geneCount500kb"":0.007108907215297222,""pQtlColocClppMaximum"":0,""pQtlColocClppMaximumNeighbourhood"":0,""pQtlColocH4Maximum"":0,""pQtlColocH4MaximumNeighbourhood"":0,""proteinGeneCount500kb"":4.167726365267299e-05,""sQtlColocClppMaximum"":-0.0009345647995360196,""sQtlColocClppMaximumNeighbourhood"":-0.0005764754023402929,""sQtlColocH4Maximum"":-0.0018127734074369073,""sQtlColocH4MaximumNeighbourhood"":-0.0008965180022642016,""transPQtlColocH4Maximum"":-0.0005236706347204745,""transPQtlColocH4MaximumNeighbourhood"":-0.0018883019220083952,""vepMaximum"":-0.001983671449124813,""vepMaximumNeighbourhood"":-0.021268637850880623,""vepMean"":0.0008761158678680658,""vepMeanNeighbourhood"":-0.024313325062394142}",0.04680948704481125,GRCh38,moderate_prioritization,0.05,0.6150293350219727
Parkinson disease,BCL2L1,ENSG00000171552,PD_CHR20_076,bcc8a3c1bfc87078f7b70f2459b33b33,rs6060983,20,31833121,4e-09,0.25679048895835876,PICS,PICS fine-mapped credible set based on reported top hit,GCST90308590,Open Targets Platform Locus-to-Gene,BCL2 like 1,20_31833121_T_C,"{""distanceFootprintMean"":0.9890993237495422,""distanceFootprintMeanNeighbourhood"":0.9963814616203308,""distanceSentinelFootprint"":0.9810163974761963,""distanceSentinelFootprintNeighbourhood"":0.9810163974761963,""distanceSentinelTss"":0.9810163974761963,""distanceSentinelTssNeighbourhood"":0.98291015625,""distanceTssMean"":0.9872711896896362,""distanceTssMeanNeighbourhood"":0.9990890026092529}","{""eQtlColocClppMaximum"":0.010464256629347801,""eQtlColocClppMaximumNeighbourhood"":0.9552304148674011,""eQtlColocH4Maximum"":0.9214385151863098,""eQtlColocH4MaximumNeighbourhood"":0.9964416027069092,""pQtlColocClppMaximum"":0,""pQtlColocClppMaximumNeighbourhood"":0,""pQtlColocH4Maximum"":0,""pQtlColocH4MaximumNeighbourhood"":0,""sQtlColocClppMaximum"":0.010389244183897972,""sQtlColocClppMaximumNeighbourhood"":1,""sQtlColocH4Maximum"":0.9209100008010864,""sQtlColocH4MaximumNeighbourhood"":1,""transPQtlColocH4Maximum"":0,""transPQtlColocH4MaximumNeighbourhood"":0}","{""vepMaximum"":0.3199999928474426,""vepMaximumNeighbourhood"":0.6956521272659302,""vepMean"":0.002167799975723028,""vepMeanNeighbourhood"":0.9886853694915771}","{""credibleSetConfidence"":0.25,""e2gMean"":0.08862489461898804,""e2gMeanNeighbourhood"":0.5008127093315125,""geneCount500kb"":26,""proteinGeneCount500kb"":10}","{""credibleSetConfidence"":0.25,""distanceFootprintMean"":0.9890993237495422,""distanceFootprintMeanNeighbourhood"":0.9963814616203308,""distanceSentinelFootprint"":0.9810163974761963,""distanceSentinelFootprintNeighbourhood"":0.9810163974761963,""distanceSentinelTss"":0.9810163974761963,""distanceSentinelTssNeighbourhood"":0.98291015625,""distanceTssMean"":0.9872711896896362,""distanceTssMeanNeighbourhood"":0.9990890026092529,""e2gMean"":0.08862489461898804,""e2gMeanNeighbourhood"":0.5008127093315125,""eQtlColocClppMaximum"":0.010464256629347801,""eQtlColocClppMaximumNeighbourhood"":0.9552304148674011,""eQtlColocH4Maximum"":0.9214385151863098,""eQtlColocH4MaximumNeighbourhood"":0.9964416027069092,""geneCount500kb"":26,""pQtlColocClppMaximum"":0,""pQtlColocClppMaximumNeighbourhood"":0,""pQtlColocH4Maximum"":0,""pQtlColocH4MaximumNeighbourhood"":0,""proteinGeneCount500kb"":10,""sQtlColocClppMaximum"":0.010389244183897972,""sQtlColocClppMaximumNeighbourhood"":1,""sQtlColocH4Maximum"":0.9209100008010864,""sQtlColocH4MaximumNeighbourhood"":1,""transPQtlColocH4Maximum"":0,""transPQtlColocH4MaximumNeighbourhood"":0,""vepMaximum"":0.3199999928474426,""vepMaximumNeighbourhood"":0.6956521272659302,""vepMean"":0.002167799975723028,""vepMeanNeighbourhood"":0.9886853694915771}","{""credibleSetConfidence"":0.0017827642150223255,""distanceFootprintMean"":-0.007813670672476292,""distanceFootprintMeanNeighbourhood"":0.0023155217058956623,""distanceSentinelFootprint"":0.0010474774753674865,""distanceSentinelFootprintNeighbourhood"":0.005984942428767681,""distanceSentinelTss"":0.006412841379642487,""distanceSentinelTssNeighbourhood"":-0.0003636603942140937,""distanceTssMean"":-0.0001821511978050694,""distanceTssMeanNeighbourhood"":0.05477399751543999,""e2gMean"":0.01765643060207367,""e2gMeanNeighbourhood"":0.019859179854393005,""eQtlColocClppMaximum"":0.0040404535830020905,""eQtlColocClppMaximumNeighbourhood"":0.023435788229107857,""eQtlColocH4Maximum"":0.0073422533459961414,""eQtlColocH4MaximumNeighbourhood"":0.012417578138411045,""geneCount500kb"":-0.001349696540273726,""pQtlColocClppMaximum"":-0.0007502000080421567,""pQtlColocClppMaximumNeighbourhood"":-0.0007305664476007223,""pQtlColocH4Maximum"":-0.0003549091052263975,""pQtlColocH4MaximumNeighbourhood"":-0.00020801927894353867,""proteinGeneCount500kb"":-0.004234515130519867,""sQtlColocClppMaximum"":0.0015519981971010566,""sQtlColocClppMaximumNeighbourhood"":0.012017559260129929,""sQtlColocH4Maximum"":0.000614157528616488,""sQtlColocH4MaximumNeighbourhood"":0.025835257023572922,""transPQtlColocH4Maximum"":-0.00019497879839036614,""transPQtlColocH4MaximumNeighbourhood"":-0.0001908367412397638,""vepMaximum"":0.0031450511887669563,""vepMaximumNeighbourhood"":0.00481150858104229,""vepMean"":-0.004501905757933855,""vepMeanNeighbourhood"":0.001556649338454008}",0.07106415182352066,GRCh38,moderate_prioritization,0.05,0.6150293350219727
Parkinson disease,MICU3,ENSG00000155970,PD_CHR08_036,3f5a3b8f2b1da9113670d0bb3a3bd2b6,rs34096562,8,16843772,6e-17,0.2358701527118683,PICS,PICS fine-mapped credible set based on reported top hit,GCST90308590,Open Targets Platform Locus-to-Gene,mitochondrial calcium uptake 3,8_16843772_T_G,"{""distanceFootprintMean"":0.9620113968849182,""distanceFootprintMeanNeighbourhood"":0.9918078184127808,""distanceSentinelFootprint"":0.9651605486869812,""distanceSentinelFootprintNeighbourhood"":0.9917747974395752,""distanceSentinelTss"":0.9651605486869812,""distanceSentinelTssNeighbourhood"":0.9940582513809204,""distanceTssMean"":0.9620113968849182,""distanceTssMeanNeighbourhood"":0.9940828084945679}","{""eQtlColocClppMaximum"":0,""eQtlColocClppMaximumNeighbourhood"":0,""eQtlColocH4Maximum"":0,""eQtlColocH4MaximumNeighbourhood"":0,""pQtlColocClppMaximum"":0,""pQtlColocClppMaximumNeighbourhood"":0,""pQtlColocH4Maximum"":0,""pQtlColocH4MaximumNeighbourhood"":0,""sQtlColocClppMaximum"":0,""sQtlColocClppMaximumNeighbourhood"":0,""sQtlColocH4Maximum"":0,""sQtlColocH4MaximumNeighbourhood"":0,""transPQtlColocH4Maximum"":0,""transPQtlColocH4MaximumNeighbourhood"":0}","{""vepMaximum"":0.2199999988079071,""vepMaximumNeighbourhood"":1,""vepMean"":0.0056613897904753685,""vepMeanNeighbourhood"":1}","{""credibleSetConfidence"":0.25,""e2gMean"":0,""e2gMeanNeighbourhood"":0,""geneCount500kb"":8,""proteinGeneCount500kb"":2}","{""credibleSetConfidence"":0.25,""distanceFootprintMean"":0.9620113968849182,""distanceFootprintMeanNeighbourhood"":0.9918078184127808,""distanceSentinelFootprint"":0.9651605486869812,""distanceSentinelFootprintNeighbourhood"":0.9917747974395752,""distanceSentinelTss"":0.9651605486869812,""distanceSentinelTssNeighbourhood"":0.9940582513809204,""distanceTssMean"":0.9620113968849182,""distanceTssMeanNeighbourhood"":0.9940828084945679,""e2gMean"":0,""e2gMeanNeighbourhood"":0,""eQtlColocClppMaximum"":0,""eQtlColocClppMaximumNeighbourhood"":0,""eQtlColocH4Maximum"":0,""eQtlColocH4MaximumNeighbourhood"":0,""geneCount500kb"":8,""pQtlColocClppMaximum"":0,""pQtlColocClppMaximumNeighbourhood"":0,""pQtlColocH4Maximum"":0,""pQtlColocH4MaximumNeighbourhood"":0,""proteinGeneCount500kb"":2,""sQtlColocClppMaximum"":0,""sQtlColocClppMaximumNeighbourhood"":0,""sQtlColocH4Maximum"":0,""sQtlColocH4MaximumNeighbourhood"":0,""transPQtlColocH4Maximum"":0,""transPQtlColocH4MaximumNeighbourhood"":0,""vepMaximum"":0.2199999988079071,""vepMaximumNeighbourhood"":1,""vepMean"":0.0056613897904753685,""vepMeanNeighbourhood"":1}","{""credibleSetConfidence"":0.0014246716164052486,""distanceFootprintMean"":-0.0039043051656335592,""distanceFootprintMeanNeighbourhood"":-0.0006689842557534575,""distanceSentinelFootprint"":-0.0002578045823611319,""distanceSentinelFootprintNeighbourhood"":-0.008656179532408714,""distanceSentinelTss"":0.010113495402038097,""distanceSentinelTssNeighbourhood"":0.009686114266514778,""distanceTssMean"":-0.0037903208285570145,""distanceTssMeanNeighbourhood"":0.05026216432452202,""e2gMean"":-0.00075491052120924,""e2gMeanNeighbourhood"":-0.010031229816377163,""eQtlColocClppMaximum"":-0.0002996695402543992,""eQtlColocClppMaximumNeighbourhood"":-0.0004179873794782907,""eQtlColocH4Maximum"":-0.0005018424708396196,""eQtlColocH4MaximumNeighbourhood"":-0.0006839195848442614,""geneCount500kb"":0.03993402048945427,""pQtlColocClppMaximum"":-0.0025344868190586567,""pQtlColocClppMaximumNeighbourhood"":-0.001796189695596695,""pQtlColocH4Maximum"":-0.0016867028316482902,""pQtlColocH4MaximumNeighbourhood"":-0.0009843887528404593,""proteinGeneCount500kb"":0.04731776937842369,""sQtlColocClppMaximum"":-0.00020123594731558114,""sQtlColocClppMaximumNeighbourhood"":-0.00025477001327089965,""sQtlColocH4Maximum"":-0.0002479824179317802,""sQtlColocH4MaximumNeighbourhood"":-2.0469900846364908e-05,""transPQtlColocH4Maximum"":-0.000980503624305129,""transPQtlColocH4MaximumNeighbourhood"":-0.0027933940291404724,""vepMaximum"":-0.0006368245230987668,""vepMaximumNeighbourhood"":0.026222895830869675,""vepMean"":0.0007562910323031247,""vepMeanNeighbourhood"":0.023470237851142883}",0.06878669559955597,GRCh38,moderate_prioritization,0.05,0.6150293350219727
Parkinson disease,MIPOL1,ENSG00000151338,PD_CHR14_055,15f41db91da3493ebfb88ff76d4c2b41,rs1956438,14,37539010,2e-09,0.22621922194957733,PICS,PICS fine-mapped credible set based on reported top hit,GCST90308590,Open Targets Platform Locus-to-Gene,mirror-image polydactyly 1,14_37539010_G_A,"{""distanceFootprintMean"":0.9949970841407776,""distanceFootprintMeanNeighbourhood"":1,""distanceSentinelFootprint"":1,""distanceSentinelFootprintNeighbourhood"":1,""distanceSentinelTss"":0.9126560688018799,""distanceSentinelTssNeighbourhood"":0.9210309982299805,""distanceTssMean"":0.9006021022796631,""distanceTssMeanNeighbourhood"":0.9099556803703308}","{""eQtlColocClppMaximum"":8.051831173361279e-06,""eQtlColocClppMaximumNeighbourhood"":0.0005319459596648812,""eQtlColocH4Maximum"":0.008836735039949417,""eQtlColocH4MaximumNeighbourhood"":0.009355148300528526,""pQtlColocClppMaximum"":0,""pQtlColocClppMaximumNeighbourhood"":0,""pQtlColocH4Maximum"":0,""pQtlColocH4MaximumNeighbourhood"":0,""sQtlColocClppMaximum"":0.0008503667777404189,""sQtlColocClppMaximumNeighbourhood"":1,""sQtlColocH4Maximum"":0.48518919944763184,""sQtlColocH4MaximumNeighbourhood"":1,""transPQtlColocH4Maximum"":0,""transPQtlColocH4MaximumNeighbourhood"":0}","{""vepMaximum"":0.3700000047683716,""vepMaximumNeighbourhood"":0.5441176295280457,""vepMean"":0.005071401596069336,""vepMeanNeighbourhood"":1}","{""credibleSetConfidence"":0.25,""e2gMean"":0.016271859407424927,""e2gMeanNeighbourhood"":0.10612171143293381,""geneCount500kb"":8,""proteinGeneCount500kb"":2}","{""credibleSetConfidence"":0.25,""distanceFootprintMean"":0.9949970841407776,""distanceFootprintMeanNeighbourhood"":1,""distanceSentinelFootprint"":1,""distanceSentinelFootprintNeighbourhood"":1,""distanceSentinelTss"":0.9126560688018799,""distanceSentinelTssNeighbourhood"":0.9210309982299805,""distanceTssMean"":0.9006021022796631,""distanceTssMeanNeighbourhood"":0.9099556803703308,""e2gMean"":0.016271859407424927,""e2gMeanNeighbourhood"":0.10612171143293381,""eQtlColocClppMaximum"":8.051831173361279e-06,""eQtlColocClppMaximumNeighbourhood"":0.0005319459596648812,""eQtlColocH4Maximum"":0.008836735039949417,""eQtlColocH4MaximumNeighbourhood"":0.009355148300528526,""geneCount500kb"":8,""pQtlColocClppMaximum"":0,""pQtlColocClppMaximumNeighbourhood"":0,""pQtlColocH4Maximum"":0,""pQtlColocH4MaximumNeighbourhood"":0,""proteinGeneCount500kb"":2,""sQtlColocClppMaximum"":0.0008503667777404189,""sQtlColocClppMaximumNeighbourhood"":1,""sQtlColocH4Maximum"":0.48518919944763184,""sQtlColocH4MaximumNeighbourhood"":1,""transPQtlColocH4Maximum"":0,""transPQtlColocH4MaximumNeighbourhood"":0,""vepMaximum"":0.3700000047683716,""vepMaximumNeighbourhood"":0.5441176295280457,""vepMean"":0.005071401596069336,""vepMeanNeighbourhood"":1}","{""credibleSetConfidence"":0.0019328650087118149,""distanceFootprintMean"":-0.003783394582569599,""distanceFootprintMeanNeighbourhood"":0.007707321550697088,""distanceSentinelFootprint"":0.008056559599936008,""distanceSentinelFootprintNeighbourhood"":0.045641522854566574,""distanceSentinelTss"":-0.005313741508871317,""distanceSentinelTssNeighbourhood"":-0.02481301873922348,""distanceTssMean"":-0.0007470944547094405,""distanceTssMeanNeighbourhood"":-0.006811635568737984,""e2gMean"":0.0013234487269073725,""e2gMeanNeighbourhood"":-0.003851687302812934,""eQtlColocClppMaximum"":-7.662168354727328e-05,""eQtlColocClppMaximumNeighbourhood"":0.0012921268353238702,""eQtlColocH4Maximum"":-0.00029063026886433363,""eQtlColocH4MaximumNeighbourhood"":-0.0013960194773972034,""geneCount500kb"":0.01870596967637539,""pQtlColocClppMaximum"":-0.008111795410513878,""pQtlColocClppMaximumNeighbourhood"":-0.0030874398071318865,""pQtlColocH4Maximum"":-0.003927977755665779,""pQtlColocH4MaximumNeighbourhood"":0,""proteinGeneCount500kb"":0.07444564998149872,""sQtlColocClppMaximum"":-0.0019823035690933466,""sQtlColocClppMaximumNeighbourhood"":0.002385990461334586,""sQtlColocH4Maximum"":-0.0014504555147141218,""sQtlColocH4MaximumNeighbourhood"":0.0072998846881091595,""transPQtlColocH4Maximum"":-0.00045245885848999023,""transPQtlColocH4MaximumNeighbourhood"":-0.001963677117601037,""vepMaximum"":0.019087739288806915,""vepMaximumNeighbourhood"":-0.021839022636413574,""vepMean"":-0.006233096122741699,""vepMeanNeighbourhood"":0.030134523287415504}",0.1043376550078392,GRCh38,moderate_prioritization,0.05,0.6150293350219727
Parkinson disease,C2CD4A,ENSG00000198535,PD_CHR15_060,261b0ccae8c1e19c2c796c1da6d1fbbf,rs2251086,15,61705186,5.0000000000000005e-22,0.21955658495426178,PICS,PICS fine-mapped credible set based on reported top hit,GCST90308590,Open Targets Platform Locus-to-Gene,C2 calcium dependent domain containing 4A,15_61705186_T_C,"{""distanceFootprintMean"":0.8994300365447998,""distanceFootprintMeanNeighbourhood"":0.9257881045341492,""distanceSentinelFootprint"":0.9020118713378906,""distanceSentinelFootprintNeighbourhood"":0.9266363978385925,""distanceSentinelTss"":0.9020118713378906,""distanceSentinelTssNeighbourhood"":0.99611496925354,""distanceTssMean"":0.8994300365447998,""distanceTssMeanNeighbourhood"":0.9960475564002991}","{""eQtlColocClppMaximum"":0,""eQtlColocClppMaximumNeighbourhood"":0,""eQtlColocH4Maximum"":0,""eQtlColocH4MaximumNeighbourhood"":0,""pQtlColocClppMaximum"":0,""pQtlColocClppMaximumNeighbourhood"":0,""pQtlColocH4Maximum"":0,""pQtlColocH4MaximumNeighbourhood"":0,""sQtlColocClppMaximum"":0,""sQtlColocClppMaximumNeighbourhood"":0,""sQtlColocH4Maximum"":0,""sQtlColocH4MaximumNeighbourhood"":0,""transPQtlColocH4Maximum"":0,""transPQtlColocH4MaximumNeighbourhood"":0}","{""vepMaximum"":0.2199999988079071,""vepMaximumNeighbourhood"":1,""vepMean"":0.03083259053528309,""vepMeanNeighbourhood"":1}","{""credibleSetConfidence"":0.25,""e2gMean"":0,""e2gMeanNeighbourhood"":0,""geneCount500kb"":8,""proteinGeneCount500kb"":0}","{""credibleSetConfidence"":0.25,""distanceFootprintMean"":0.8994300365447998,""distanceFootprintMeanNeighbourhood"":0.9257881045341492,""distanceSentinelFootprint"":0.9020118713378906,""distanceSentinelFootprintNeighbourhood"":0.9266363978385925,""distanceSentinelTss"":0.9020118713378906,""distanceSentinelTssNeighbourhood"":0.99611496925354,""distanceTssMean"":0.8994300365447998,""distanceTssMeanNeighbourhood"":0.9960475564002991,""e2gMean"":0,""e2gMeanNeighbourhood"":0,""eQtlColocClppMaximum"":0,""eQtlColocClppMaximumNeighbourhood"":0,""eQtlColocH4Maximum"":0,""eQtlColocH4MaximumNeighbourhood"":0,""geneCount500kb"":8,""pQtlColocClppMaximum"":0,""pQtlColocClppMaximumNeighbourhood"":0,""pQtlColocH4Maximum"":0,""pQtlColocH4MaximumNeighbourhood"":0,""proteinGeneCount500kb"":0,""sQtlColocClppMaximum"":0,""sQtlColocClppMaximumNeighbourhood"":0,""sQtlColocH4Maximum"":0,""sQtlColocH4MaximumNeighbourhood"":0,""transPQtlColocH4Maximum"":0,""transPQtlColocH4MaximumNeighbourhood"":0,""vepMaximum"":0.2199999988079071,""vepMaximumNeighbourhood"":1,""vepMean"":0.03083259053528309,""vepMeanNeighbourhood"":1}","{""credibleSetConfidence"":0.00044016726315021515,""distanceFootprintMean"":0.004884622525423765,""distanceFootprintMeanNeighbourhood"":-0.0012191941495984793,""distanceSentinelFootprint"":0.0013769082725048065,""distanceSentinelFootprintNeighbourhood"":-0.01836446300148964,""distanceSentinelTss"":0.0009625313687138259,""distanceSentinelTssNeighbourhood"":0.010721643455326557,""distanceTssMean"":-0.005565196741372347,""distanceTssMeanNeighbourhood"":0.046259500086307526,""e2gMean"":-0.0010593108600005507,""e2gMeanNeighbourhood"":-0.0068169874139130116,""eQtlColocClppMaximum"":-0.0002832361788023263,""eQtlColocClppMaximumNeighbourhood"":-0.00032865640241652727,""eQtlColocH4Maximum"":-0.0006431225338019431,""eQtlColocH4MaximumNeighbourhood"":-0.0007961791707202792,""geneCount500kb"":0.039098791778087616,""pQtlColocClppMaximum"":-0.003879518946632743,""pQtlColocClppMaximumNeighbourhood"":-0.002382370177656412,""pQtlColocH4Maximum"":-0.0010983734391629696,""pQtlColocH4MaximumNeighbourhood"":-0.0018441102001816034,""proteinGeneCount500kb"":0.059738028794527054,""sQtlColocClppMaximum"":-0.001043963711708784,""sQtlColocClppMaximumNeighbourhood"":-0.0004692103830166161,""sQtlColocH4Maximum"":-0.0005401734379120171,""sQtlColocH4MaximumNeighbourhood"":-0.0006712282192893326,""transPQtlColocH4Maximum"":-0.0008008687873370945,""transPQtlColocH4MaximumNeighbourhood"":-0.0018972394755110145,""vepMaximum"":-0.003313833847641945,""vepMaximumNeighbourhood"":0.02266126312315464,""vepMean"":-9.777639206731692e-05,""vepMeanNeighbourhood"":0.02207731455564499}",0.06445091962814331,GRCh38,moderate_prioritization,0.05,0.6150293350219727
Parkinson disease,MCMBP,ENSG00000197771,PD_CHR10_042,73c7501597a8395fc0fb977252fc6ecf,rs118117788,10,119950976,4e-23,0.19306997954845428,PICS,PICS fine-mapped credible set based on reported top hit,GCST90308590,Open Targets Platform Locus-to-Gene,minichromosome maintenance complex binding protein,10_119950976_C_T,"{""distanceFootprintMean"":0.9887214303016663,""distanceFootprintMeanNeighbourhood"":0.9924947023391724,""distanceSentinelFootprint"":0.9870513081550598,""distanceSentinelFootprintNeighbourhood"":0.9880089163780212,""distanceSentinelTss"":0.9870513081550598,""distanceSentinelTssNeighbourhood"":0.9964562654495239,""distanceTssMean"":0.9873194098472595,""distanceTssMeanNeighbourhood"":0.9977268576622009}","{""eQtlColocClppMaximum"":0,""eQtlColocClppMaximumNeighbourhood"":0,""eQtlColocH4Maximum"":0,""eQtlColocH4MaximumNeighbourhood"":0,""pQtlColocClppMaximum"":0,""pQtlColocClppMaximumNeighbourhood"":0,""pQtlColocH4Maximum"":0,""pQtlColocH4MaximumNeighbourhood"":0,""sQtlColocClppMaximum"":0,""sQtlColocClppMaximumNeighbourhood"":0,""sQtlColocH4Maximum"":0,""sQtlColocH4MaximumNeighbourhood"":0,""transPQtlColocH4Maximum"":0,""transPQtlColocH4MaximumNeighbourhood"":0}","{""vepMaximum"":0.2199999988079071,""vepMaximumNeighbourhood"":0.6875,""vepMean"":0.05409245938062668,""vepMeanNeighbourhood"":0.975841224193573}","{""credibleSetConfidence"":0.25,""e2gMean"":0,""e2gMeanNeighbourhood"":0,""geneCount500kb"":12,""proteinGeneCount500kb"":3}","{""credibleSetConfidence"":0.25,""distanceFootprintMean"":0.9887214303016663,""distanceFootprintMeanNeighbourhood"":0.9924947023391724,""distanceSentinelFootprint"":0.9870513081550598,""distanceSentinelFootprintNeighbourhood"":0.9880089163780212,""distanceSentinelTss"":0.9870513081550598,""distanceSentinelTssNeighbourhood"":0.9964562654495239,""distanceTssMean"":0.9873194098472595,""distanceTssMeanNeighbourhood"":0.9977268576622009,""e2gMean"":0,""e2gMeanNeighbourhood"":0,""eQtlColocClppMaximum"":0,""eQtlColocClppMaximumNeighbourhood"":0,""eQtlColocH4Maximum"":0,""eQtlColocH4MaximumNeighbourhood"":0,""geneCount500kb"":12,""pQtlColocClppMaximum"":0,""pQtlColocClppMaximumNeighbourhood"":0,""pQtlColocH4Maximum"":0,""pQtlColocH4MaximumNeighbourhood"":0,""proteinGeneCount500kb"":3,""sQtlColocClppMaximum"":0,""sQtlColocClppMaximumNeighbourhood"":0,""sQtlColocH4Maximum"":0,""sQtlColocH4MaximumNeighbourhood"":0,""transPQtlColocH4Maximum"":0,""transPQtlColocH4MaximumNeighbourhood"":0,""vepMaximum"":0.2199999988079071,""vepMaximumNeighbourhood"":0.6875,""vepMean"":0.05409245938062668,""vepMeanNeighbourhood"":0.975841224193573}","{""credibleSetConfidence"":-0.0006682310486212373,""distanceFootprintMean"":-0.003786015324294567,""distanceFootprintMeanNeighbourhood"":-0.00019861063628923148,""distanceSentinelFootprint"":-0.0027713808231055737,""distanceSentinelFootprintNeighbourhood"":0.0027036648243665695,""distanceSentinelTss"":-0.010884464718401432,""distanceSentinelTssNeighbourhood"":0.01383949350565672,""distanceTssMean"":-0.0024245167151093483,""distanceTssMeanNeighbourhood"":0.07137487083673477,""e2gMean"":-0.0003150537668261677,""e2gMeanNeighbourhood"":-0.003139041131362319,""eQtlColocClppMaximum"":-0.0007095137843862176,""eQtlColocClppMaximumNeighbourhood"":-0.002098807832226157,""eQtlColocH4Maximum"":-0.0008421217789873481,""eQtlColocH4MaximumNeighbourhood"":-0.0016077483305707574,""geneCount500kb"":0.028717070817947388,""pQtlColocClppMaximum"":-0.0017669033259153366,""pQtlColocClppMaximumNeighbourhood"":-0.001014670473523438,""pQtlColocH4Maximum"":-0.0006887870258651674,""pQtlColocH4MaximumNeighbourhood"":-0.00028190380544401705,""proteinGeneCount500kb"":0.03513225167989731,""sQtlColocClppMaximum"":-0.0017452832544222474,""sQtlColocClppMaximumNeighbourhood"":-0.0012266996782273054,""sQtlColocH4Maximum"":-0.001748440321534872,""sQtlColocH4MaximumNeighbourhood"":-0.0018585233483463526,""transPQtlColocH4Maximum"":-0.002260451205074787,""transPQtlColocH4MaximumNeighbourhood"":-0.005635215900838375,""vepMaximum"":-0.0032358865719288588,""vepMaximumNeighbourhood"":0.004403436556458473,""vepMean"":-0.0037507349625229836,""vepMeanNeighbourhood"":0.02246582694351673}",0.06909242272377014,GRCh38,moderate_prioritization,0.05,0.6150293350219727
Parkinson disease,PDLIM2,ENSG00000120913,PD_CHR08_037,0887f1ea47022100566362acd320b7f9,rs11783129,8,22595913,6e-11,0.19047191739082336,PICS,PICS fine-mapped credible set based on reported top hit,GCST90308590,Open Targets Platform Locus-to-Gene,PDZ and LIM domain 2,8_22595913_G_A,"{""distanceFootprintMean"":0.993459165096283,""distanceFootprintMeanNeighbourhood"":0.9985823035240173,""distanceSentinelFootprint"":0.999753475189209,""distanceSentinelFootprintNeighbourhood"":1,""distanceSentinelTss"":0.9976099729537964,""distanceSentinelTssNeighbourhood"":0.9981728196144104,""distanceTssMean"":0.9912630915641785,""distanceTssMeanNeighbourhood"":0.9972031116485596}","{""eQtlColocClppMaximum"":0.029354935511946678,""eQtlColocClppMaximumNeighbourhood"":1,""eQtlColocH4Maximum"":0.9710034132003784,""eQtlColocH4MaximumNeighbourhood"":1,""pQtlColocClppMaximum"":0,""pQtlColocClppMaximumNeighbourhood"":0,""pQtlColocH4Maximum"":0,""pQtlColocH4MaximumNeighbourhood"":0,""sQtlColocClppMaximum"":0.03635016828775406,""sQtlColocClppMaximumNeighbourhood"":1,""sQtlColocH4Maximum"":0.9766356348991394,""sQtlColocH4MaximumNeighbourhood"":1,""transPQtlColocH4Maximum"":0,""transPQtlColocH4MaximumNeighbourhood"":0}","{""vepMaximum"":0.3700000047683716,""vepMaximumNeighbourhood"":0.6065573692321777,""vepMean"":0.003206537337973714,""vepMeanNeighbourhood"":0.6725375056266785}","{""credibleSetConfidence"":0.25,""e2gMean"":0.23306284844875336,""e2gMeanNeighbourhood"":0.6846441626548767,""geneCount500kb"":26,""proteinGeneCount500kb"":9}","{""credibleSetConfidence"":0.25,""distanceFootprintMean"":0.993459165096283,""distanceFootprintMeanNeighbourhood"":0.9985823035240173,""distanceSentinelFootprint"":0.999753475189209,""distanceSentinelFootprintNeighbourhood"":1,""distanceSentinelTss"":0.9976099729537964,""distanceSentinelTssNeighbourhood"":0.9981728196144104,""distanceTssMean"":0.9912630915641785,""distanceTssMeanNeighbourhood"":0.9972031116485596,""e2gMean"":0.23306284844875336,""e2gMeanNeighbourhood"":0.6846441626548767,""eQtlColocClppMaximum"":0.029354935511946678,""eQtlColocClppMaximumNeighbourhood"":1,""eQtlColocH4Maximum"":0.9710034132003784,""eQtlColocH4MaximumNeighbourhood"":1,""geneCount500kb"":26,""pQtlColocClppMaximum"":0,""pQtlColocClppMaximumNeighbourhood"":0,""pQtlColocH4Maximum"":0,""pQtlColocH4MaximumNeighbourhood"":0,""proteinGeneCount500kb"":9,""sQtlColocClppMaximum"":0.03635016828775406,""sQtlColocClppMaximumNeighbourhood"":1,""sQtlColocH4Maximum"":0.9766356348991394,""sQtlColocH4MaximumNeighbourhood"":1,""transPQtlColocH4Maximum"":0,""transPQtlColocH4MaximumNeighbourhood"":0,""vepMaximum"":0.3700000047683716,""vepMaximumNeighbourhood"":0.6065573692321777,""vepMean"":0.003206537337973714,""vepMeanNeighbourhood"":0.6725375056266785}","{""credibleSetConfidence"":0.0005038446979597211,""distanceFootprintMean"":0.0018841814016923308,""distanceFootprintMeanNeighbourhood"":-7.305832696147263e-05,""distanceSentinelFootprint"":-9.870692156255245e-05,""distanceSentinelFootprintNeighbourhood"":-0.008464522659778595,""distanceSentinelTss"":-0.0013617564691230655,""distanceSentinelTssNeighbourhood"":0.03068867139518261,""distanceTssMean"":0.00303651369176805,""distanceTssMeanNeighbourhood"":0.018390489742159843,""e2gMean"":0.012988458387553692,""e2gMeanNeighbourhood"":0.0028285831212997437,""eQtlColocClppMaximum"":0.005571739282459021,""eQtlColocClppMaximumNeighbourhood"":0.012880899012088776,""eQtlColocH4Maximum"":0.006223135627806187,""eQtlColocH4MaximumNeighbourhood"":0.01771986111998558,""geneCount500kb"":0.004027046728879213,""pQtlColocClppMaximum"":-0.0031653319019824266,""pQtlColocClppMaximumNeighbourhood"":-0.000820031447801739,""pQtlColocH4Maximum"":-0.0021858124528080225,""pQtlColocH4MaximumNeighbourhood"":-0.00013523388770408928,""proteinGeneCount500kb"":-0.004472242668271065,""sQtlColocClppMaximum"":0.008231679908931255,""sQtlColocClppMaximumNeighbourhood"":0.009809369221329689,""sQtlColocH4Maximum"":0.005831139627844095,""sQtlColocH4MaximumNeighbourhood"":0.016497064381837845,""transPQtlColocH4Maximum"":-0.0001758618891471997,""transPQtlColocH4MaximumNeighbourhood"":-0.0009107633377425373,""vepMaximum"":0.014748066663742065,""vepMaximumNeighbourhood"":-0.020872564986348152,""vepMean"":-0.0077804382890462875,""vepMeanNeighbourhood"":-0.004280981607735157}",0.07340847700834274,GRCh38,moderate_prioritization,0.05,0.6150293350219727
Parkinson disease,INTS2,ENSG00000108506,PD_CHR17_069,8845c511b6072aea0ddbd13b5db2a697,rs61169879,17,61840005,2e-10,0.17899936437606812,PICS,PICS fine-mapped credible set based on reported top hit,GCST90308590,Open Targets Platform Locus-to-Gene,integrator complex subunit 2,17_61840005_C_T,"{""distanceFootprintMean"":0.9898808002471924,""distanceFootprintMeanNeighbourhood"":0.999574601650238,""distanceSentinelFootprint"":0.9960330724716187,""distanceSentinelFootprintNeighbourhood"":0.9960330724716187,""distanceSentinelTss"":0.9852520227432251,""distanceSentinelTssNeighbourhood"":0.9888834357261658,""distanceTssMean"":0.9858411550521851,""distanceTssMeanNeighbourhood"":1}","{""eQtlColocClppMaximum"":0,""eQtlColocClppMaximumNeighbourhood"":0,""eQtlColocH4Maximum"":0,""eQtlColocH4MaximumNeighbourhood"":0,""pQtlColocClppMaximum"":0,""pQtlColocClppMaximumNeighbourhood"":0,""pQtlColocH4Maximum"":0,""pQtlColocH4MaximumNeighbourhood"":0,""sQtlColocClppMaximum"":0,""sQtlColocClppMaximumNeighbourhood"":0,""sQtlColocH4Maximum"":0,""sQtlColocH4MaximumNeighbourhood"":0,""transPQtlColocH4Maximum"":0,""transPQtlColocH4MaximumNeighbourhood"":0}","{""vepMaximum"":0.3700000047683716,""vepMaximumNeighbourhood"":1,""vepMean"":0.002404740545898676,""vepMeanNeighbourhood"":0.9687849879264832}","{""credibleSetConfidence"":0.25,""e2gMean"":0.023141182959079742,""e2gMeanNeighbourhood"":0.5627641677856445,""geneCount500kb"":11,""proteinGeneCount500kb"":4}","{""credibleSetConfidence"":0.25,""distanceFootprintMean"":0.9898808002471924,""distanceFootprintMeanNeighbourhood"":0.999574601650238,""distanceSentinelFootprint"":0.9960330724716187,""distanceSentinelFootprintNeighbourhood"":0.9960330724716187,""distanceSentinelTss"":0.9852520227432251,""distanceSentinelTssNeighbourhood"":0.9888834357261658,""distanceTssMean"":0.9858411550521851,""distanceTssMeanNeighbourhood"":1,""e2gMean"":0.023141182959079742,""e2gMeanNeighbourhood"":0.5627641677856445,""eQtlColocClppMaximum"":0,""eQtlColocClppMaximumNeighbourhood"":0,""eQtlColocH4Maximum"":0,""eQtlColocH4MaximumNeighbourhood"":0,""geneCount500kb"":11,""pQtlColocClppMaximum"":0,""pQtlColocClppMaximumNeighbourhood"":0,""pQtlColocH4Maximum"":0,""pQtlColocH4MaximumNeighbourhood"":0,""proteinGeneCount500kb"":4,""sQtlColocClppMaximum"":0,""sQtlColocClppMaximumNeighbourhood"":0,""sQtlColocH4Maximum"":0,""sQtlColocH4MaximumNeighbourhood"":0,""transPQtlColocH4Maximum"":0,""transPQtlColocH4MaximumNeighbourhood"":0,""vepMaximum"":0.3700000047683716,""vepMaximumNeighbourhood"":1,""vepMean"":0.002404740545898676,""vepMeanNeighbourhood"":0.9687849879264832}","{""credibleSetConfidence"":-0.00033673603320494294,""distanceFootprintMean"":-0.005859478376805782,""distanceFootprintMeanNeighbourhood"":0.0028099508490413427,""distanceSentinelFootprint"":-0.004657568410038948,""distanceSentinelFootprintNeighbourhood"":-0.004658184479922056,""distanceSentinelTss"":-0.011723319999873638,""distanceSentinelTssNeighbourhood"":0.01040172390639782,""distanceTssMean"":-0.0011219378793612123,""distanceTssMeanNeighbourhood"":0.048686034977436066,""e2gMean"":0.001221759826876223,""e2gMeanNeighbourhood"":0.010547114536166191,""eQtlColocClppMaximum"":-0.00017905286222230643,""eQtlColocClppMaximumNeighbourhood"":-0.0010814819252118468,""eQtlColocH4Maximum"":-0.00013284615124575794,""eQtlColocH4MaximumNeighbourhood"":-0.00044086031266488135,""geneCount500kb"":0.021725691854953766,""pQtlColocClppMaximum"":0,""pQtlColocClppMaximumNeighbourhood"":0,""pQtlColocH4Maximum"":0,""pQtlColocH4MaximumNeighbourhood"":0,""proteinGeneCount500kb"":0.02011602185666561,""sQtlColocClppMaximum"":-0.0003833828668575734,""sQtlColocClppMaximumNeighbourhood"":-4.0243990952149034e-05,""sQtlColocH4Maximum"":-0.00021746299171354622,""sQtlColocH4MaximumNeighbourhood"":-0.0002849702723324299,""transPQtlColocH4Maximum"":0,""transPQtlColocH4MaximumNeighbourhood"":0,""vepMaximum"":0.013739465735852718,""vepMaximumNeighbourhood"":0.02020200528204441,""vepMean"":-0.005005989223718643,""vepMeanNeighbourhood"":0.022017119452357292}",0.043656110763549805,GRCh38,moderate_prioritization,0.05,0.6150293350219727
Parkinson disease,MED13,ENSG00000108510,PD_CHR17_069,8845c511b6072aea0ddbd13b5db2a697,rs61169879,17,61840005,2e-10,0.1776958703994751,PICS,PICS fine-mapped credible set based on reported top hit,GCST90308590,Open Targets Platform Locus-to-Gene,mediator complex subunit 13,17_61840005_C_T,"{""distanceFootprintMean"":0.9903020858764648,""distanceFootprintMeanNeighbourhood"":1,""distanceSentinelFootprint"":0.9824982285499573,""distanceSentinelFootprintNeighbourhood"":0.9824982285499573,""distanceSentinelTss"":0.9543657898902893,""distanceSentinelTssNeighbourhood"":0.9578834176063538,""distanceTssMean"":0.973240315914154,""distanceTssMeanNeighbourhood"":0.9872182011604309}","{""eQtlColocClppMaximum"":0.006675262935459614,""eQtlColocClppMaximumNeighbourhood"":1,""eQtlColocH4Maximum"":0.8815974593162537,""eQtlColocH4MaximumNeighbourhood"":1,""pQtlColocClppMaximum"":0,""pQtlColocClppMaximumNeighbourhood"":0,""pQtlColocH4Maximum"":0,""pQtlColocH4MaximumNeighbourhood"":0,""sQtlColocClppMaximum"":0,""sQtlColocClppMaximumNeighbourhood"":0,""sQtlColocH4Maximum"":0,""sQtlColocH4MaximumNeighbourhood"":0,""transPQtlColocH4Maximum"":0,""transPQtlColocH4MaximumNeighbourhood"":0}","{""vepMaximum"":0.3199999928474426,""vepMaximumNeighbourhood"":0.8648648262023926,""vepMean"":0.0022495673038065434,""vepMeanNeighbourhood"":0.90627121925354}","{""credibleSetConfidence"":0.25,""e2gMean"":0.04112057015299797,""e2gMeanNeighbourhood"":1,""geneCount500kb"":11,""proteinGeneCount500kb"":4}","{""credibleSetConfidence"":0.25,""distanceFootprintMean"":0.9903020858764648,""distanceFootprintMeanNeighbourhood"":1,""distanceSentinelFootprint"":0.9824982285499573,""distanceSentinelFootprintNeighbourhood"":0.9824982285499573,""distanceSentinelTss"":0.9543657898902893,""distanceSentinelTssNeighbourhood"":0.9578834176063538,""distanceTssMean"":0.973240315914154,""distanceTssMeanNeighbourhood"":0.9872182011604309,""e2gMean"":0.04112057015299797,""e2gMeanNeighbourhood"":1,""eQtlColocClppMaximum"":0.006675262935459614,""eQtlColocClppMaximumNeighbourhood"":1,""eQtlColocH4Maximum"":0.8815974593162537,""eQtlColocH4MaximumNeighbourhood"":1,""geneCount500kb"":11,""pQtlColocClppMaximum"":0,""pQtlColocClppMaximumNeighbourhood"":0,""pQtlColocH4Maximum"":0,""pQtlColocH4MaximumNeighbourhood"":0,""proteinGeneCount500kb"":4,""sQtlColocClppMaximum"":0,""sQtlColocClppMaximumNeighbourhood"":0,""sQtlColocH4Maximum"":0,""sQtlColocH4MaximumNeighbourhood"":0,""transPQtlColocH4Maximum"":0,""transPQtlColocH4MaximumNeighbourhood"":0,""vepMaximum"":0.3199999928474426,""vepMaximumNeighbourhood"":0.8648648262023926,""vepMean"":0.0022495673038065434,""vepMeanNeighbourhood"":0.90627121925354}","{""credibleSetConfidence"":0.0009038503631018102,""distanceFootprintMean"":-0.009072639048099518,""distanceFootprintMeanNeighbourhood"":0.011104766279459,""distanceSentinelFootprint"":-0.00270765065215528,""distanceSentinelFootprintNeighbourhood"":0.0015571876429021358,""distanceSentinelTss"":-0.0002088183246087283,""distanceSentinelTssNeighbourhood"":-0.014547822065651417,""distanceTssMean"":-0.004361147992312908,""distanceTssMeanNeighbourhood"":0.005425178911536932,""e2gMean"":0.007990037091076374,""e2gMeanNeighbourhood"":0.06038972735404968,""eQtlColocClppMaximum"":0.004860968329012394,""eQtlColocClppMaximumNeighbourhood"":0.017779715359210968,""eQtlColocH4Maximum"":0.006272132974117994,""eQtlColocH4MaximumNeighbourhood"":0.011453975923359394,""geneCount500kb"":0.005957968067377806,""pQtlColocClppMaximum"":0,""pQtlColocClppMaximumNeighbourhood"":0,""pQtlColocH4Maximum"":0,""pQtlColocH4MaximumNeighbourhood"":0,""proteinGeneCount500kb"":0.011363725177943707,""sQtlColocClppMaximum"":-0.0003505734202917665,""sQtlColocClppMaximumNeighbourhood"":-6.742896857758751e-06,""sQtlColocH4Maximum"":-0.00015404315490741283,""sQtlColocH4MaximumNeighbourhood"":-0.00031904419302009046,""transPQtlColocH4Maximum"":0,""transPQtlColocH4MaximumNeighbourhood"":0,""vepMaximum"":0.005461668595671654,""vepMaximumNeighbourhood"":0.012211666442453861,""vepMean"":-0.005047002341598272,""vepMeanNeighbourhood"":0.008082723245024681}",0.043656110763549805,GRCh38,moderate_prioritization,0.05,0.6150293350219727
Parkinson disease,CYLD,ENSG00000083799,PD_CHR16_062,c4324116aa13f50cded13161dc92c6bd,rs34133110,16,50710008,1e-09,0.16933082044124603,PICS,PICS fine-mapped credible set based on reported top hit,GCST90308590,Open Targets Platform Locus-to-Gene,CYLD lysine 63 deubiquitinase,16_50710008_C_T,"{""distanceFootprintMean"":0.9919284582138062,""distanceFootprintMeanNeighbourhood"":0.9961645603179932,""distanceSentinelFootprint"":0.994947075843811,""distanceSentinelFootprintNeighbourhood"":0.994947075843811,""distanceSentinelTss"":0.994947075843811,""distanceSentinelTssNeighbourhood"":0.997482419013977,""distanceTssMean"":0.9915364980697632,""distanceTssMeanNeighbourhood"":0.9989480972290039}","{""eQtlColocClppMaximum"":0.03383810445666313,""eQtlColocClppMaximumNeighbourhood"":0.8011206388473511,""eQtlColocH4Maximum"":0.9749229550361633,""eQtlColocH4MaximumNeighbourhood"":0.9948188066482544,""pQtlColocClppMaximum"":0,""pQtlColocClppMaximumNeighbourhood"":0,""pQtlColocH4Maximum"":0,""pQtlColocH4MaximumNeighbourhood"":0,""sQtlColocClppMaximum"":0.0003732085460796952,""sQtlColocClppMaximumNeighbourhood"":0.009430663660168648,""sQtlColocH4Maximum"":0.29224053025245667,""sQtlColocH4MaximumNeighbourhood"":0.2986256778240204,""transPQtlColocH4Maximum"":0,""transPQtlColocH4MaximumNeighbourhood"":0}","{""vepMaximum"":0.3199999928474426,""vepMaximumNeighbourhood"":0.6956521272659302,""vepMean"":0.005560723133385181,""vepMeanNeighbourhood"":0.7075439691543579}","{""credibleSetConfidence"":0.25,""e2gMean"":0.12468796223402023,""e2gMeanNeighbourhood"":0.2891346514225006,""geneCount500kb"":18,""proteinGeneCount500kb"":4}","{""credibleSetConfidence"":0.25,""distanceFootprintMean"":0.9919284582138062,""distanceFootprintMeanNeighbourhood"":0.9961645603179932,""distanceSentinelFootprint"":0.994947075843811,""distanceSentinelFootprintNeighbourhood"":0.994947075843811,""distanceSentinelTss"":0.994947075843811,""distanceSentinelTssNeighbourhood"":0.997482419013977,""distanceTssMean"":0.9915364980697632,""distanceTssMeanNeighbourhood"":0.9989480972290039,""e2gMean"":0.12468796223402023,""e2gMeanNeighbourhood"":0.2891346514225006,""eQtlColocClppMaximum"":0.03383810445666313,""eQtlColocClppMaximumNeighbourhood"":0.8011206388473511,""eQtlColocH4Maximum"":0.9749229550361633,""eQtlColocH4MaximumNeighbourhood"":0.9948188066482544,""geneCount500kb"":18,""pQtlColocClppMaximum"":0,""pQtlColocClppMaximumNeighbourhood"":0,""pQtlColocH4Maximum"":0,""pQtlColocH4MaximumNeighbourhood"":0,""proteinGeneCount500kb"":4,""sQtlColocClppMaximum"":0.0003732085460796952,""sQtlColocClppMaximumNeighbourhood"":0.009430663660168648,""sQtlColocH4Maximum"":0.29224053025245667,""sQtlColocH4MaximumNeighbourhood"":0.2986256778240204,""transPQtlColocH4Maximum"":0,""transPQtlColocH4MaximumNeighbourhood"":0,""vepMaximum"":0.3199999928474426,""vepMaximumNeighbourhood"":0.6956521272659302,""vepMean"":0.005560723133385181,""vepMeanNeighbourhood"":0.7075439691543579}","{""credibleSetConfidence"":-0.0007212079945020378,""distanceFootprintMean"":-0.002445908496156335,""distanceFootprintMeanNeighbourhood"":0.0006250353180803359,""distanceSentinelFootprint"":-0.0015574307180941105,""distanceSentinelFootprintNeighbourhood"":-0.0016810025554150343,""distanceSentinelTss"":-0.01420255284756422,""distanceSentinelTssNeighbourhood"":0.038780778646469116,""distanceTssMean"":0.0004829469253309071,""distanceTssMeanNeighbourhood"":0.041440676897764206,""e2gMean"":0.006649990100413561,""e2gMeanNeighbourhood"":-0.0025117304176092148,""eQtlColocClppMaximum"":0.007484253961592913,""eQtlColocClppMaximumNeighbourhood"":0.01534114871174097,""eQtlColocH4Maximum"":0.006754105910658836,""eQtlColocH4MaximumNeighbourhood"":0.006117597222328186,""geneCount500kb"":0.00022639581584371626,""pQtlColocClppMaximum"":-0.0010380313033238053,""pQtlColocClppMaximumNeighbourhood"":-0.0005050853942520916,""pQtlColocH4Maximum"":-0.0006021038279868662,""pQtlColocH4MaximumNeighbourhood"":-6.054400000721216e-05,""proteinGeneCount500kb"":0.013227494433522224,""sQtlColocClppMaximum"":-0.001029868028126657,""sQtlColocClppMaximumNeighbourhood"":-0.0014587783953174949,""sQtlColocH4Maximum"":-0.0009666276746429503,""sQtlColocH4MaximumNeighbourhood"":-0.002370499074459076,""transPQtlColocH4Maximum"":-0.0016147828428074718,""transPQtlColocH4MaximumNeighbourhood"":-0.0034976545721292496,""vepMaximum"":0.002938749035820365,""vepMaximumNeighbourhood"":-0.003621098818257451,""vepMean"":-0.00036938986158929765,""vepMeanNeighbourhood"":0.00011032765178242698}",0.06940560787916183,GRCh38,moderate_prioritization,0.05,0.6150293350219727
Parkinson disease,DCUN1D1,ENSG00000043093,PD_CHR03_019,6b4412018b3b46e39eaf2a795e0c86ff,rs10513789,3,183042285,6e-50,0.16375379264354706,PICS,PICS fine-mapped credible set based on reported top hit,GCST90308590,Open Targets Platform Locus-to-Gene,defective in cullin neddylation 1 domain containing 1,3_183042285_T_G,"{""distanceFootprintMean"":0.9908390045166016,""distanceFootprintMeanNeighbourhood"":0.9922903180122375,""distanceSentinelFootprint"":0.9899551868438721,""distanceSentinelFootprintNeighbourhood"":0.9899551868438721,""distanceSentinelTss"":0.9899551868438721,""distanceSentinelTssNeighbourhood"":0.9992079734802246,""distanceTssMean"":0.9908390045166016,""distanceTssMeanNeighbourhood"":1}","{""eQtlColocClppMaximum"":0,""eQtlColocClppMaximumNeighbourhood"":0,""eQtlColocH4Maximum"":0,""eQtlColocH4MaximumNeighbourhood"":0,""pQtlColocClppMaximum"":0,""pQtlColocClppMaximumNeighbourhood"":0,""pQtlColocH4Maximum"":0,""pQtlColocH4MaximumNeighbourhood"":0,""sQtlColocClppMaximum"":0,""sQtlColocClppMaximumNeighbourhood"":0,""sQtlColocH4Maximum"":0,""sQtlColocH4MaximumNeighbourhood"":0,""transPQtlColocH4Maximum"":0,""transPQtlColocH4MaximumNeighbourhood"":0}","{""vepMaximum"":0.2199999988079071,""vepMaximumNeighbourhood"":0.6875,""vepMean"":0.019632311537861824,""vepMeanNeighbourhood"":0.7471011877059937}","{""credibleSetConfidence"":0.25,""e2gMean"":0.09954183548688889,""e2gMeanNeighbourhood"":1,""geneCount500kb"":16,""proteinGeneCount500kb"":5}","{""credibleSetConfidence"":0.25,""distanceFootprintMean"":0.9908390045166016,""distanceFootprintMeanNeighbourhood"":0.9922903180122375,""distanceSentinelFootprint"":0.9899551868438721,""distanceSentinelFootprintNeighbourhood"":0.9899551868438721,""distanceSentinelTss"":0.9899551868438721,""distanceSentinelTssNeighbourhood"":0.9992079734802246,""distanceTssMean"":0.9908390045166016,""distanceTssMeanNeighbourhood"":1,""e2gMean"":0.09954183548688889,""e2gMeanNeighbourhood"":1,""eQtlColocClppMaximum"":0,""eQtlColocClppMaximumNeighbourhood"":0,""eQtlColocH4Maximum"":0,""eQtlColocH4MaximumNeighbourhood"":0,""geneCount500kb"":16,""pQtlColocClppMaximum"":0,""pQtlColocClppMaximumNeighbourhood"":0,""pQtlColocH4Maximum"":0,""pQtlColocH4MaximumNeighbourhood"":0,""proteinGeneCount500kb"":5,""sQtlColocClppMaximum"":0,""sQtlColocClppMaximumNeighbourhood"":0,""sQtlColocH4Maximum"":0,""sQtlColocH4MaximumNeighbourhood"":0,""transPQtlColocH4Maximum"":0,""transPQtlColocH4MaximumNeighbourhood"":0,""vepMaximum"":0.2199999988079071,""vepMaximumNeighbourhood"":0.6875,""vepMean"":0.019632311537861824,""vepMeanNeighbourhood"":0.7471011877059937}","{""credibleSetConfidence"":-0.0005671820836141706,""distanceFootprintMean"":-0.0007185004069469869,""distanceFootprintMeanNeighbourhood"":0.001988655887544155,""distanceSentinelFootprint"":-0.0023566395975649357,""distanceSentinelFootprintNeighbourhood"":0.004169778898358345,""distanceSentinelTss"":-0.016054872423410416,""distanceSentinelTssNeighbourhood"":0.041466280817985535,""distanceTssMean"":0.0005580129800364375,""distanceTssMeanNeighbourhood"":0.04250707849860191,""e2gMean"":0.001777016557753086,""e2gMeanNeighbourhood"":0.027961967512965202,""eQtlColocClppMaximum"":-0.0006910488591529429,""eQtlColocClppMaximumNeighbourhood"":-0.0012890850193798542,""eQtlColocH4Maximum"":-0.0005854584160260856,""eQtlColocH4MaximumNeighbourhood"":-0.0008321646018885076,""geneCount500kb"":0.006614468526095152,""pQtlColocClppMaximum"":-0.0012056449195370078,""pQtlColocClppMaximumNeighbourhood"":-0.0005952758947387338,""pQtlColocH4Maximum"":-0.0004994706250727177,""pQtlColocH4MaximumNeighbourhood"":-0.0004056182806380093,""proteinGeneCount500kb"":0.025087350979447365,""sQtlColocClppMaximum"":-0.0003702107351273298,""sQtlColocClppMaximumNeighbourhood"":-0.0009666311088949442,""sQtlColocH4Maximum"":-9.90443368209526e-05,""sQtlColocH4MaximumNeighbourhood"":-0.0022252334747463465,""transPQtlColocH4Maximum"":0,""transPQtlColocH4MaximumNeighbourhood"":0,""vepMaximum"":0.0006156644667498767,""vepMaximumNeighbourhood"":0.0011707557132467628,""vepMean"":-0.0008072974160313606,""vepMeanNeighbourhood"":0.008399723097682}",0.031706444919109344,GRCh38,moderate_prioritization,0.05,0.6150293350219727
Parkinson disease,RORA,ENSG00000069667,PD_CHR15_060,261b0ccae8c1e19c2c796c1da6d1fbbf,rs2251086,15,61705186,5.0000000000000005e-22,0.1622077226638794,PICS,PICS fine-mapped credible set based on reported top hit,GCST90308590,Open Targets Platform Locus-to-Gene,RAR related orphan receptor A,15_61705186_T_C,"{""distanceFootprintMean"":0.7736427187919617,""distanceFootprintMeanNeighbourhood"":0.796314537525177,""distanceSentinelFootprint"":0.7689675092697144,""distanceSentinelFootprintNeighbourhood"":0.7899599075317383,""distanceSentinelTss"":0.7689675092697144,""distanceSentinelTssNeighbourhood"":0.8491905927658081,""distanceTssMean"":0.7736427187919617,""distanceTssMeanNeighbourhood"":0.8567480444908142}","{""eQtlColocClppMaximum"":0,""eQtlColocClppMaximumNeighbourhood"":0,""eQtlColocH4Maximum"":0,""eQtlColocH4MaximumNeighbourhood"":0,""pQtlColocClppMaximum"":0,""pQtlColocClppMaximumNeighbourhood"":0,""pQtlColocH4Maximum"":0,""pQtlColocH4MaximumNeighbourhood"":0,""sQtlColocClppMaximum"":0,""sQtlColocClppMaximumNeighbourhood"":0,""sQtlColocH4Maximum"":0,""sQtlColocH4MaximumNeighbourhood"":0,""transPQtlColocH4Maximum"":0,""transPQtlColocH4MaximumNeighbourhood"":0}","{""vepMaximum"":0.2199999988079071,""vepMaximumNeighbourhood"":1,""vepMean"":0.03083259053528309,""vepMeanNeighbourhood"":1}","{""credibleSetConfidence"":0.25,""e2gMean"":0.17546705901622772,""e2gMeanNeighbourhood"":1,""geneCount500kb"":8,""proteinGeneCount500kb"":0}","{""credibleSetConfidence"":0.25,""distanceFootprintMean"":0.7736427187919617,""distanceFootprintMeanNeighbourhood"":0.796314537525177,""distanceSentinelFootprint"":0.7689675092697144,""distanceSentinelFootprintNeighbourhood"":0.7899599075317383,""distanceSentinelTss"":0.7689675092697144,""distanceSentinelTssNeighbourhood"":0.8491905927658081,""distanceTssMean"":0.7736427187919617,""distanceTssMeanNeighbourhood"":0.8567480444908142,""e2gMean"":0.17546705901622772,""e2gMeanNeighbourhood"":1,""eQtlColocClppMaximum"":0,""eQtlColocClppMaximumNeighbourhood"":0,""eQtlColocH4Maximum"":0,""eQtlColocH4MaximumNeighbourhood"":0,""geneCount500kb"":8,""pQtlColocClppMaximum"":0,""pQtlColocClppMaximumNeighbourhood"":0,""pQtlColocH4Maximum"":0,""pQtlColocH4MaximumNeighbourhood"":0,""proteinGeneCount500kb"":0,""sQtlColocClppMaximum"":0,""sQtlColocClppMaximumNeighbourhood"":0,""sQtlColocH4Maximum"":0,""sQtlColocH4MaximumNeighbourhood"":0,""transPQtlColocH4Maximum"":0,""transPQtlColocH4MaximumNeighbourhood"":0,""vepMaximum"":0.2199999988079071,""vepMaximumNeighbourhood"":1,""vepMean"":0.03083259053528309,""vepMeanNeighbourhood"":1}","{""credibleSetConfidence"":0.0006492404500022531,""distanceFootprintMean"":0.003478755010291934,""distanceFootprintMeanNeighbourhood"":-0.009753994643688202,""distanceSentinelFootprint"":0.0009936896385625005,""distanceSentinelFootprintNeighbourhood"":-0.02999475784599781,""distanceSentinelTss"":0.006260797381401062,""distanceSentinelTssNeighbourhood"":-0.025009170174598694,""distanceTssMean"":0.004191141575574875,""distanceTssMeanNeighbourhood"":-0.016680728644132614,""e2gMean"":0.006378869991749525,""e2gMeanNeighbourhood"":0.049101490527391434,""eQtlColocClppMaximum"":2.532039798097685e-05,""eQtlColocClppMaximumNeighbourhood"":-0.0010294788517057896,""eQtlColocH4Maximum"":-0.0005445861024782062,""eQtlColocH4MaximumNeighbourhood"":-0.0012673112796619534,""geneCount500kb"":0.02038596011698246,""pQtlColocClppMaximum"":-0.0036079962737858295,""pQtlColocClppMaximumNeighbourhood"":-0.0025254760403186083,""pQtlColocH4Maximum"":-0.0010502984514459968,""pQtlColocH4MaximumNeighbourhood"":-0.0012104044435545802,""proteinGeneCount500kb"":0.06279073655605316,""sQtlColocClppMaximum"":-0.0014974999940022826,""sQtlColocClppMaximumNeighbourhood"":-0.00029549773898907006,""sQtlColocH4Maximum"":-0.0005694059655070305,""sQtlColocH4MaximumNeighbourhood"":-0.0010407151421532035,""transPQtlColocH4Maximum"":-0.00018015893874689937,""transPQtlColocH4MaximumNeighbourhood"":-0.0006357054808177054,""vepMaximum"":-0.0019675774965435266,""vepMaximumNeighbourhood"":0.02329164929687977,""vepMean"":-0.0002652648545335978,""vepMeanNeighbourhood"":0.019335167482495308}",0.06445091962814331,GRCh38,moderate_prioritization,0.05,0.6150293350219727
Parkinson disease,DDRGK1,ENSG00000198171,PD_CHR20_075,37d08e12e028cbde84b497ef185122bd,rs4815573,20,3186025,6e-11,0.1576443612575531,PICS,PICS fine-mapped credible set based on reported top hit,GCST90308590,Open Targets Platform Locus-to-Gene,DDRGK domain containing 1,20_3186025_C_T,"{""distanceFootprintMean"":0.9961146712303162,""distanceFootprintMeanNeighbourhood"":1,""distanceSentinelFootprint"":0.9993379712104797,""distanceSentinelFootprintNeighbourhood"":1,""distanceSentinelTss"":0.9971020817756653,""distanceSentinelTssNeighbourhood"":0.9990257620811462,""distanceTssMean"":0.9938766956329346,""distanceTssMeanNeighbourhood"":0.998896598815918}","{""eQtlColocClppMaximum"":0.05867679417133331,""eQtlColocClppMaximumNeighbourhood"":1,""eQtlColocH4Maximum"":0.9856740236282349,""eQtlColocH4MaximumNeighbourhood"":1,""pQtlColocClppMaximum"":0,""pQtlColocClppMaximumNeighbourhood"":0,""pQtlColocH4Maximum"":0,""pQtlColocH4MaximumNeighbourhood"":0,""sQtlColocClppMaximum"":0,""sQtlColocClppMaximumNeighbourhood"":0,""sQtlColocH4Maximum"":0,""sQtlColocH4MaximumNeighbourhood"":0,""transPQtlColocH4Maximum"":0,""transPQtlColocH4MaximumNeighbourhood"":0}","{""vepMaximum"":0.20000000298023224,""vepMaximumNeighbourhood"":0.625,""vepMean"":0.010660797357559204,""vepMeanNeighbourhood"":0.8953068852424622}","{""credibleSetConfidence"":0.25,""e2gMean"":0.0678727924823761,""e2gMeanNeighbourhood"":0.36794641613960266,""geneCount500kb"":22,""proteinGeneCount500kb"":11}","{""credibleSetConfidence"":0.25,""distanceFootprintMean"":0.9961146712303162,""distanceFootprintMeanNeighbourhood"":1,""distanceSentinelFootprint"":0.9993379712104797,""distanceSentinelFootprintNeighbourhood"":1,""distanceSentinelTss"":0.9971020817756653,""distanceSentinelTssNeighbourhood"":0.9990257620811462,""distanceTssMean"":0.9938766956329346,""distanceTssMeanNeighbourhood"":0.998896598815918,""e2gMean"":0.0678727924823761,""e2gMeanNeighbourhood"":0.36794641613960266,""eQtlColocClppMaximum"":0.05867679417133331,""eQtlColocClppMaximumNeighbourhood"":1,""eQtlColocH4Maximum"":0.9856740236282349,""eQtlColocH4MaximumNeighbourhood"":1,""geneCount500kb"":22,""pQtlColocClppMaximum"":0,""pQtlColocClppMaximumNeighbourhood"":0,""pQtlColocH4Maximum"":0,""pQtlColocH4MaximumNeighbourhood"":0,""proteinGeneCount500kb"":11,""sQtlColocClppMaximum"":0,""sQtlColocClppMaximumNeighbourhood"":0,""sQtlColocH4Maximum"":0,""sQtlColocH4MaximumNeighbourhood"":0,""transPQtlColocH4Maximum"":0,""transPQtlColocH4MaximumNeighbourhood"":0,""vepMaximum"":0.20000000298023224,""vepMaximumNeighbourhood"":0.625,""vepMean"":0.010660797357559204,""vepMeanNeighbourhood"":0.8953068852424622}","{""credibleSetConfidence"":-2.9557386369560845e-05,""distanceFootprintMean"":0.00047146310680545866,""distanceFootprintMeanNeighbourhood"":0.0019171658204868436,""distanceSentinelFootprint"":0.002126430394127965,""distanceSentinelFootprintNeighbourhood"":0.024646267294883728,""distanceSentinelTss"":-0.0028221216052770615,""distanceSentinelTssNeighbourhood"":0.04398607835173607,""distanceTssMean"":0.005268079694360495,""distanceTssMeanNeighbourhood"":0.02047434076666832,""e2gMean"":0.0039502899162471294,""e2gMeanNeighbourhood"":-0.009207073599100113,""eQtlColocClppMaximum"":0.0060766334645450115,""eQtlColocClppMaximumNeighbourhood"":0.012739643454551697,""eQtlColocH4Maximum"":0.008041171357035637,""eQtlColocH4MaximumNeighbourhood"":0.013564221560955048,""geneCount500kb"":-0.002828853204846382,""pQtlColocClppMaximum"":-0.0007485021487809718,""pQtlColocClppMaximumNeighbourhood"":-0.00018670673307497054,""pQtlColocH4Maximum"":-0.0003361519193276763,""pQtlColocH4MaximumNeighbourhood"":-3.200328137609176e-05,""proteinGeneCount500kb"":-0.011511323973536491,""sQtlColocClppMaximum"":-0.002072144765406847,""sQtlColocClppMaximumNeighbourhood"":-0.0015071682864800096,""sQtlColocH4Maximum"":-0.0030260842759162188,""sQtlColocH4MaximumNeighbourhood"":-0.0015362300910055637,""transPQtlColocH4Maximum"":-0.0027309737633913755,""transPQtlColocH4MaximumNeighbourhood"":-0.008648579008877277,""vepMaximum"":-0.0031558708287775517,""vepMaximumNeighbourhood"":-0.03384068235754967,""vepMean"":-0.0033175277058035135,""vepMeanNeighbourhood"":-0.0010315325343981385}",0.10295160859823227,GRCh38,moderate_prioritization,0.05,0.6150293350219727
Parkinson disease,NDUFAF2,ENSG00000164182,PD_CHR05_027,9840f5d6f7096f80fa7acf2b9bd26d23,rs1867598,5,60842132,7e-22,0.15190881490707397,PICS,PICS fine-mapped credible set based on reported top hit,GCST90308590,Open Targets Platform Locus-to-Gene,NADH:ubiquinone oxidoreductase complex assembly factor 2,5_60842132_A_G,"{""distanceFootprintMean"":0.9889767169952393,""distanceFootprintMeanNeighbourhood"":0.9945617914199829,""distanceSentinelFootprint"":0.9824075102806091,""distanceSentinelFootprintNeighbourhood"":0.9824075102806091,""distanceSentinelTss"":0.9824075102806091,""distanceSentinelTssNeighbourhood"":0.9827282428741455,""distanceTssMean"":0.9878034591674805,""distanceTssMeanNeighbourhood"":0.999987006187439}","{""eQtlColocClppMaximum"":0,""eQtlColocClppMaximumNeighbourhood"":0,""eQtlColocH4Maximum"":0,""eQtlColocH4MaximumNeighbourhood"":0,""pQtlColocClppMaximum"":0,""pQtlColocClppMaximumNeighbourhood"":0,""pQtlColocH4Maximum"":0,""pQtlColocH4MaximumNeighbourhood"":0,""sQtlColocClppMaximum"":0,""sQtlColocClppMaximumNeighbourhood"":0,""sQtlColocH4Maximum"":0,""sQtlColocH4MaximumNeighbourhood"":0,""transPQtlColocH4Maximum"":0,""transPQtlColocH4MaximumNeighbourhood"":0}","{""vepMaximum"":0.3199999928474426,""vepMaximumNeighbourhood"":1,""vepMean"":0.00640563340857625,""vepMeanNeighbourhood"":0.9102675914764404}","{""credibleSetConfidence"":0.25,""e2gMean"":0.04636839032173157,""e2gMeanNeighbourhood"":0.2340857982635498,""geneCount500kb"":9,""proteinGeneCount500kb"":4}","{""credibleSetConfidence"":0.25,""distanceFootprintMean"":0.9889767169952393,""distanceFootprintMeanNeighbourhood"":0.9945617914199829,""distanceSentinelFootprint"":0.9824075102806091,""distanceSentinelFootprintNeighbourhood"":0.9824075102806091,""distanceSentinelTss"":0.9824075102806091,""distanceSentinelTssNeighbourhood"":0.9827282428741455,""distanceTssMean"":0.9878034591674805,""distanceTssMeanNeighbourhood"":0.999987006187439,""e2gMean"":0.04636839032173157,""e2gMeanNeighbourhood"":0.2340857982635498,""eQtlColocClppMaximum"":0,""eQtlColocClppMaximumNeighbourhood"":0,""eQtlColocH4Maximum"":0,""eQtlColocH4MaximumNeighbourhood"":0,""geneCount500kb"":9,""pQtlColocClppMaximum"":0,""pQtlColocClppMaximumNeighbourhood"":0,""pQtlColocH4Maximum"":0,""pQtlColocH4MaximumNeighbourhood"":0,""proteinGeneCount500kb"":4,""sQtlColocClppMaximum"":0,""sQtlColocClppMaximumNeighbourhood"":0,""sQtlColocH4Maximum"":0,""sQtlColocH4MaximumNeighbourhood"":0,""transPQtlColocH4Maximum"":0,""transPQtlColocH4MaximumNeighbourhood"":0,""vepMaximum"":0.3199999928474426,""vepMaximumNeighbourhood"":1,""vepMean"":0.00640563340857625,""vepMeanNeighbourhood"":0.9102675914764404}","{""credibleSetConfidence"":-6.0143032897030935e-05,""distanceFootprintMean"":-0.00694431783631444,""distanceFootprintMeanNeighbourhood"":-0.00013134669279679656,""distanceSentinelFootprint"":-0.001649448648095131,""distanceSentinelFootprintNeighbourhood"":-0.0020549907349050045,""distanceSentinelTss"":-0.011389320716261864,""distanceSentinelTssNeighbourhood"":0.005648605525493622,""distanceTssMean"":-0.0004468909464776516,""distanceTssMeanNeighbourhood"":0.04980132356286049,""e2gMean"":0.003630315884947777,""e2gMeanNeighbourhood"":-0.002156021073460579,""eQtlColocClppMaximum"":-0.0004026167734991759,""eQtlColocClppMaximumNeighbourhood"":-0.0016414993442595005,""eQtlColocH4Maximum"":-0.00034562620567157865,""eQtlColocH4MaximumNeighbourhood"":-0.0006538188899867237,""geneCount500kb"":0.02698131650686264,""pQtlColocClppMaximum"":-0.0012476915726438165,""pQtlColocClppMaximumNeighbourhood"":-0.0008648527436889708,""pQtlColocH4Maximum"":-0.0008521032868884504,""pQtlColocH4MaximumNeighbourhood"":-0.00019614503253251314,""proteinGeneCount500kb"":0.022708700969815254,""sQtlColocClppMaximum"":-0.0010936714243143797,""sQtlColocClppMaximumNeighbourhood"":-0.0010857966262847185,""sQtlColocH4Maximum"":-0.000453708489658311,""sQtlColocH4MaximumNeighbourhood"":-0.0018291654996573925,""transPQtlColocH4Maximum"":0,""transPQtlColocH4MaximumNeighbourhood"":0,""vepMaximum"":0.003453969955444336,""vepMaximumNeighbourhood"":0.014444973319768906,""vepMean"":-0.0008944803848862648,""vepMeanNeighbourhood"":0.01674588769674301}",0.0448874868452549,GRCh38,moderate_prioritization,0.05,0.6150293350219727
Parkinson disease,WNT3,ENSG00000108379,PD_CHR17_068,02880e99c75d978283e8e2b3d0d72fba,rs199453,17,46723580,1e-61,0.15182377398014069,PICS,PICS fine-mapped credible set based on reported top hit,GCST90308590,Open Targets Platform Locus-to-Gene,Wnt family member 3,17_46723580_C_T,"{""distanceFootprintMean"":0.9917066097259521,""distanceFootprintMeanNeighbourhood"":0.9939405918121338,""distanceSentinelFootprint"":0.9938235878944397,""distanceSentinelFootprintNeighbourhood"":0.9938235878944397,""distanceSentinelTss"":0.9839208126068115,""distanceSentinelTssNeighbourhood"":1,""distanceTssMean"":0.9818219542503357,""distanceTssMeanNeighbourhood"":1}","{""eQtlColocClppMaximum"":0.05104301497340202,""eQtlColocClppMaximumNeighbourhood"":0.6575944423675537,""eQtlColocH4Maximum"":0.9832156896591187,""eQtlColocH4MaximumNeighbourhood"":0.9939162731170654,""pQtlColocClppMaximum"":0,""pQtlColocClppMaximumNeighbourhood"":0,""pQtlColocH4Maximum"":0,""pQtlColocH4MaximumNeighbourhood"":0,""sQtlColocClppMaximum"":0,""sQtlColocClppMaximumNeighbourhood"":0,""sQtlColocH4Maximum"":0,""sQtlColocH4MaximumNeighbourhood"":0,""transPQtlColocH4Maximum"":0,""transPQtlColocH4MaximumNeighbourhood"":0}","{""vepMaximum"":0.20000000298023224,""vepMaximumNeighbourhood"":0.625,""vepMean"":0.012136711739003658,""vepMeanNeighbourhood"":0.625}","{""credibleSetConfidence"":0.25,""e2gMean"":0.09834432601928711,""e2gMeanNeighbourhood"":1,""geneCount500kb"":15,""proteinGeneCount500kb"":7}","{""credibleSetConfidence"":0.25,""distanceFootprintMean"":0.9917066097259521,""distanceFootprintMeanNeighbourhood"":0.9939405918121338,""distanceSentinelFootprint"":0.9938235878944397,""distanceSentinelFootprintNeighbourhood"":0.9938235878944397,""distanceSentinelTss"":0.9839208126068115,""distanceSentinelTssNeighbourhood"":1,""distanceTssMean"":0.9818219542503357,""distanceTssMeanNeighbourhood"":1,""e2gMean"":0.09834432601928711,""e2gMeanNeighbourhood"":1,""eQtlColocClppMaximum"":0.05104301497340202,""eQtlColocClppMaximumNeighbourhood"":0.6575944423675537,""eQtlColocH4Maximum"":0.9832156896591187,""eQtlColocH4MaximumNeighbourhood"":0.9939162731170654,""geneCount500kb"":15,""pQtlColocClppMaximum"":0,""pQtlColocClppMaximumNeighbourhood"":0,""pQtlColocH4Maximum"":0,""pQtlColocH4MaximumNeighbourhood"":0,""proteinGeneCount500kb"":7,""sQtlColocClppMaximum"":0,""sQtlColocClppMaximumNeighbourhood"":0,""sQtlColocH4Maximum"":0,""sQtlColocH4MaximumNeighbourhood"":0,""transPQtlColocH4Maximum"":0,""transPQtlColocH4MaximumNeighbourhood"":0,""vepMaximum"":0.20000000298023224,""vepMaximumNeighbourhood"":0.625,""vepMean"":0.012136711739003658,""vepMeanNeighbourhood"":0.625}","{""credibleSetConfidence"":7.153932983783307e-07,""distanceFootprintMean"":-0.0004855256120208651,""distanceFootprintMeanNeighbourhood"":-0.0017936031799763441,""distanceSentinelFootprint"":-5.705294825020246e-05,""distanceSentinelFootprintNeighbourhood"":-0.007734231185168028,""distanceSentinelTss"":-0.0038553939666599035,""distanceSentinelTssNeighbourhood"":0.04087674617767334,""distanceTssMean"":-0.0019196894718334079,""distanceTssMeanNeighbourhood"":0.02613993175327778,""e2gMean"":0.0021803146228194237,""e2gMeanNeighbourhood"":0.026831654831767082,""eQtlColocClppMaximum"":0.01121341623365879,""eQtlColocClppMaximumNeighbourhood"":0.009760086424648762,""eQtlColocH4Maximum"":0.007597654592245817,""eQtlColocH4MaximumNeighbourhood"":0.00942203775048256,""geneCount500kb"":0.006447936408221722,""pQtlColocClppMaximum"":-0.0015076840063557029,""pQtlColocClppMaximumNeighbourhood"":-0.0009321253164671361,""pQtlColocH4Maximum"":-0.0008539106929674745,""pQtlColocH4MaximumNeighbourhood"":-0.00029307615477591753,""proteinGeneCount500kb"":0.008320027962327003,""sQtlColocClppMaximum"":-0.0007405724609270692,""sQtlColocClppMaximumNeighbourhood"":-0.0012811539927497506,""sQtlColocH4Maximum"":-0.0005205494235269725,""sQtlColocH4MaximumNeighbourhood"":-0.0025624865666031837,""transPQtlColocH4Maximum"":-0.0018508746288716793,""transPQtlColocH4MaximumNeighbourhood"":-0.00430258410051465,""vepMaximum"":-0.0016360236331820488,""vepMaximumNeighbourhood"":-0.016059501096606255,""vepMean"":-0.0007176095969043672,""vepMeanNeighbourhood"":-0.009693954139947891}",0.06183086335659027,GRCh38,moderate_prioritization,0.05,0.6150293350219727
Parkinson disease,BRIP1,ENSG00000136492,PD_CHR17_069,8845c511b6072aea0ddbd13b5db2a697,rs61169879,17,61840005,2e-10,0.14872059226036072,PICS,PICS fine-mapped credible set based on reported top hit,GCST90308590,Open Targets Platform Locus-to-Gene,BRCA1 interacting DNA helicase 1,17_61840005_C_T,"{""distanceFootprintMean"":0.9834136962890625,""distanceFootprintMeanNeighbourhood"":0.9930441379547119,""distanceSentinelFootprint"":1,""distanceSentinelFootprintNeighbourhood"":1,""distanceSentinelTss"":0.9963277578353882,""distanceSentinelTssNeighbourhood"":1,""distanceTssMean"":0.9829626083374023,""distanceTssMeanNeighbourhood"":0.9970801472663879}","{""eQtlColocClppMaximum"":0,""eQtlColocClppMaximumNeighbourhood"":0,""eQtlColocH4Maximum"":0,""eQtlColocH4MaximumNeighbourhood"":0,""pQtlColocClppMaximum"":0,""pQtlColocClppMaximumNeighbourhood"":0,""pQtlColocH4Maximum"":0,""pQtlColocH4MaximumNeighbourhood"":0,""sQtlColocClppMaximum"":0,""sQtlColocClppMaximumNeighbourhood"":0,""sQtlColocH4Maximum"":0,""sQtlColocH4MaximumNeighbourhood"":0,""transPQtlColocH4Maximum"":0,""transPQtlColocH4MaximumNeighbourhood"":0}","{""vepMaximum"":0.3199999928474426,""vepMaximumNeighbourhood"":0.8648648262023926,""vepMean"":0.002273179590702057,""vepMeanNeighbourhood"":0.915783703327179}","{""credibleSetConfidence"":0.25,""e2gMean"":0.027384771034121513,""e2gMeanNeighbourhood"":0.665962815284729,""geneCount500kb"":11,""proteinGeneCount500kb"":4}","{""credibleSetConfidence"":0.25,""distanceFootprintMean"":0.9834136962890625,""distanceFootprintMeanNeighbourhood"":0.9930441379547119,""distanceSentinelFootprint"":1,""distanceSentinelFootprintNeighbourhood"":1,""distanceSentinelTss"":0.9963277578353882,""distanceSentinelTssNeighbourhood"":1,""distanceTssMean"":0.9829626083374023,""distanceTssMeanNeighbourhood"":0.9970801472663879,""e2gMean"":0.027384771034121513,""e2gMeanNeighbourhood"":0.665962815284729,""eQtlColocClppMaximum"":0,""eQtlColocClppMaximumNeighbourhood"":0,""eQtlColocH4Maximum"":0,""eQtlColocH4MaximumNeighbourhood"":0,""geneCount500kb"":11,""pQtlColocClppMaximum"":0,""pQtlColocClppMaximumNeighbourhood"":0,""pQtlColocH4Maximum"":0,""pQtlColocH4MaximumNeighbourhood"":0,""proteinGeneCount500kb"":4,""sQtlColocClppMaximum"":0,""sQtlColocClppMaximumNeighbourhood"":0,""sQtlColocH4Maximum"":0,""sQtlColocH4MaximumNeighbourhood"":0,""transPQtlColocH4Maximum"":0,""transPQtlColocH4MaximumNeighbourhood"":0,""vepMaximum"":0.3199999928474426,""vepMaximumNeighbourhood"":0.8648648262023926,""vepMean"":0.002273179590702057,""vepMeanNeighbourhood"":0.915783703327179}","{""credibleSetConfidence"":0.0005677035660482943,""distanceFootprintMean"":-0.005376280285418034,""distanceFootprintMeanNeighbourhood"":0.00011033272312488407,""distanceSentinelFootprint"":0.0038550025783479214,""distanceSentinelFootprintNeighbourhood"":0.01707249879837036,""distanceSentinelTss"":-0.0066778091713786125,""distanceSentinelTssNeighbourhood"":0.03924882411956787,""distanceTssMean"":-0.0008920035324990749,""distanceTssMeanNeighbourhood"":0.023038335144519806,""e2gMean"":0.004491944797337055,""e2gMeanNeighbourhood"":0.005657125264406204,""eQtlColocClppMaximum"":-0.0001572062901686877,""eQtlColocClppMaximumNeighbourhood"":-0.0006714256014674902,""eQtlColocH4Maximum"":-0.00013371008390095085,""eQtlColocH4MaximumNeighbourhood"":-0.00039616008871234953,""geneCount500kb"":0.012763154692947865,""pQtlColocClppMaximum"":0,""pQtlColocClppMaximumNeighbourhood"":0,""pQtlColocH4Maximum"":0,""pQtlColocH4MaximumNeighbourhood"":0,""proteinGeneCount500kb"":0.012028777971863747,""sQtlColocClppMaximum"":-0.00029968490707688034,""sQtlColocClppMaximumNeighbourhood"":-5.736164530389942e-05,""sQtlColocH4Maximum"":-0.0002335494355065748,""sQtlColocH4MaximumNeighbourhood"":-0.00017237116117030382,""transPQtlColocH4Maximum"":0,""transPQtlColocH4MaximumNeighbourhood"":0,""vepMaximum"":0.002418688964098692,""vepMaximumNeighbourhood"":-0.007511724717915058,""vepMean"":-0.0024535651318728924,""vepMeanNeighbourhood"":0.008844941854476929}",0.043656110763549805,GRCh38,moderate_prioritization,0.05,0.6150293350219727
Parkinson disease,MYOC,ENSG00000034971,PD_CHR01_006,65fe3ec96504bae9043f65f6bcd412c7,rs10903,1,171704096,2e-09,0.14743056893348694,PICS,PICS fine-mapped credible set based on reported top hit,GCST90308590,Open Targets Platform Locus-to-Gene,myocilin,1_171704096_G_A,"{""distanceFootprintMean"":0.9872596263885498,""distanceFootprintMeanNeighbourhood"":0.991942822933197,""distanceSentinelFootprint"":0.991732120513916,""distanceSentinelFootprintNeighbourhood"":0.991732120513916,""distanceSentinelTss"":0.991732120513916,""distanceSentinelTssNeighbourhood"":0.997736930847168,""distanceTssMean"":0.9872596263885498,""distanceTssMeanNeighbourhood"":0.9966083765029907}","{""eQtlColocClppMaximum"":0,""eQtlColocClppMaximumNeighbourhood"":0,""eQtlColocH4Maximum"":0,""eQtlColocH4MaximumNeighbourhood"":0,""pQtlColocClppMaximum"":0,""pQtlColocClppMaximumNeighbourhood"":0,""pQtlColocH4Maximum"":0,""pQtlColocH4MaximumNeighbourhood"":0,""sQtlColocClppMaximum"":0,""sQtlColocClppMaximumNeighbourhood"":0,""sQtlColocH4Maximum"":0,""sQtlColocH4MaximumNeighbourhood"":0,""transPQtlColocH4Maximum"":0,""transPQtlColocH4MaximumNeighbourhood"":0}","{""vepMaximum"":0.2199999988079071,""vepMaximumNeighbourhood"":0.5641025900840759,""vepMean"":0.001455093501135707,""vepMeanNeighbourhood"":0.8925185799598694}","{""credibleSetConfidence"":0.25,""e2gMean"":0.04671298712491989,""e2gMeanNeighbourhood"":1,""geneCount500kb"":17,""proteinGeneCount500kb"":6}","{""credibleSetConfidence"":0.25,""distanceFootprintMean"":0.9872596263885498,""distanceFootprintMeanNeighbourhood"":0.991942822933197,""distanceSentinelFootprint"":0.991732120513916,""distanceSentinelFootprintNeighbourhood"":0.991732120513916,""distanceSentinelTss"":0.991732120513916,""distanceSentinelTssNeighbourhood"":0.997736930847168,""distanceTssMean"":0.9872596263885498,""distanceTssMeanNeighbourhood"":0.9966083765029907,""e2gMean"":0.04671298712491989,""e2gMeanNeighbourhood"":1,""eQtlColocClppMaximum"":0,""eQtlColocClppMaximumNeighbourhood"":0,""eQtlColocH4Maximum"":0,""eQtlColocH4MaximumNeighbourhood"":0,""geneCount500kb"":17,""pQtlColocClppMaximum"":0,""pQtlColocClppMaximumNeighbourhood"":0,""pQtlColocH4Maximum"":0,""pQtlColocH4MaximumNeighbourhood"":0,""proteinGeneCount500kb"":6,""sQtlColocClppMaximum"":0,""sQtlColocClppMaximumNeighbourhood"":0,""sQtlColocH4Maximum"":0,""sQtlColocH4MaximumNeighbourhood"":0,""transPQtlColocH4Maximum"":0,""transPQtlColocH4MaximumNeighbourhood"":0,""vepMaximum"":0.2199999988079071,""vepMaximumNeighbourhood"":0.5641025900840759,""vepMean"":0.001455093501135707,""vepMeanNeighbourhood"":0.8925185799598694}","{""credibleSetConfidence"":0.0006834192317910492,""distanceFootprintMean"":-0.004755194298923016,""distanceFootprintMeanNeighbourhood"":0.0018219659104943275,""distanceSentinelFootprint"":-0.0019312459044158459,""distanceSentinelFootprintNeighbourhood"":-0.0018447479233145714,""distanceSentinelTss"":-0.01420928817242384,""distanceSentinelTssNeighbourhood"":0.04820617660880089,""distanceTssMean"":-0.001483040046878159,""distanceTssMeanNeighbourhood"":0.029761843383312225,""e2gMean"":0.0012457141419872642,""e2gMeanNeighbourhood"":0.027162738144397736,""eQtlColocClppMaximum"":-0.0008205342455767095,""eQtlColocClppMaximumNeighbourhood"":-0.0020702427718788385,""eQtlColocH4Maximum"":-0.0009063818142749369,""eQtlColocH4MaximumNeighbourhood"":-0.0019328483613207936,""geneCount500kb"":0.007533409167081118,""pQtlColocClppMaximum"":-0.0028950965497642756,""pQtlColocClppMaximumNeighbourhood"":-0.0017659482546150684,""pQtlColocH4Maximum"":-0.002176295965909958,""pQtlColocH4MaximumNeighbourhood"":-0.001162670785561204,""proteinGeneCount500kb"":0.014223727397620678,""sQtlColocClppMaximum"":-0.0006125887739472091,""sQtlColocClppMaximumNeighbourhood"":-0.0009034412796609104,""sQtlColocH4Maximum"":-0.0004560892120935023,""sQtlColocH4MaximumNeighbourhood"":-0.001557003939524293,""transPQtlColocH4Maximum"":-0.0006797387613914907,""transPQtlColocH4MaximumNeighbourhood"":-0.002210811013355851,""vepMaximum"":-0.0015159879112616181,""vepMaximumNeighbourhood"":-0.013008486479520798,""vepMean"":-0.0008440736564807594,""vepMeanNeighbourhood"":0.017994357272982597}",0.0585390143096447,GRCh38,moderate_prioritization,0.05,0.6150293350219727
Parkinson disease,AMPD3,ENSG00000133805,PD_CHR11_043,3e13e700e702859efc1893b1447cbe74,rs4910150,11,10511626,1e-11,0.14573143422603607,PICS,PICS fine-mapped credible set based on reported top hit,GCST90308590,Open Targets Platform Locus-to-Gene,adenosine monophosphate deaminase 3,11_10511626_C_T,"{""distanceFootprintMean"":0.9947538375854492,""distanceFootprintMeanNeighbourhood"":0.9977737665176392,""distanceSentinelFootprint"":0.9993807077407837,""distanceSentinelFootprintNeighbourhood"":0.9993878602981567,""distanceSentinelTss"":0.990885853767395,""distanceSentinelTssNeighbourhood"":0.995509147644043,""distanceTssMean"":0.9860678315162659,""distanceTssMeanNeighbourhood"":0.9920347332954407}","{""eQtlColocClppMaximum"":0.05534011498093605,""eQtlColocClppMaximumNeighbourhood"":0.9124244451522827,""eQtlColocH4Maximum"":0.9847379326820374,""eQtlColocH4MaximumNeighbourhood"":0.9985771775245667,""pQtlColocClppMaximum"":0,""pQtlColocClppMaximumNeighbourhood"":0,""pQtlColocH4Maximum"":0,""pQtlColocH4MaximumNeighbourhood"":0,""sQtlColocClppMaximum"":0,""sQtlColocClppMaximumNeighbourhood"":0,""sQtlColocH4Maximum"":0,""sQtlColocH4MaximumNeighbourhood"":0,""transPQtlColocH4Maximum"":0,""transPQtlColocH4MaximumNeighbourhood"":0}","{""vepMaximum"":0.20000000298023224,""vepMaximumNeighbourhood"":0.5405405163764954,""vepMean"":0.011306940577924252,""vepMeanNeighbourhood"":0.6504853367805481}","{""credibleSetConfidence"":0.25,""e2gMean"":0.10618001222610474,""e2gMeanNeighbourhood"":1,""geneCount500kb"":15,""proteinGeneCount500kb"":7}","{""credibleSetConfidence"":0.25,""distanceFootprintMean"":0.9947538375854492,""distanceFootprintMeanNeighbourhood"":0.9977737665176392,""distanceSentinelFootprint"":0.9993807077407837,""distanceSentinelFootprintNeighbourhood"":0.9993878602981567,""distanceSentinelTss"":0.990885853767395,""distanceSentinelTssNeighbourhood"":0.995509147644043,""distanceTssMean"":0.9860678315162659,""distanceTssMeanNeighbourhood"":0.9920347332954407,""e2gMean"":0.10618001222610474,""e2gMeanNeighbourhood"":1,""eQtlColocClppMaximum"":0.05534011498093605,""eQtlColocClppMaximumNeighbourhood"":0.9124244451522827,""eQtlColocH4Maximum"":0.9847379326820374,""eQtlColocH4MaximumNeighbourhood"":0.9985771775245667,""geneCount500kb"":15,""pQtlColocClppMaximum"":0,""pQtlColocClppMaximumNeighbourhood"":0,""pQtlColocH4Maximum"":0,""pQtlColocH4MaximumNeighbourhood"":0,""proteinGeneCount500kb"":7,""sQtlColocClppMaximum"":0,""sQtlColocClppMaximumNeighbourhood"":0,""sQtlColocH4Maximum"":0,""sQtlColocH4MaximumNeighbourhood"":0,""transPQtlColocH4Maximum"":0,""transPQtlColocH4MaximumNeighbourhood"":0,""vepMaximum"":0.20000000298023224,""vepMaximumNeighbourhood"":0.5405405163764954,""vepMean"":0.011306940577924252,""vepMeanNeighbourhood"":0.6504853367805481}","{""credibleSetConfidence"":0.0003799666010309011,""distanceFootprintMean"":-0.0007666929741390049,""distanceFootprintMeanNeighbourhood"":-0.0007370261591859162,""distanceSentinelFootprint"":0.0019651083275675774,""distanceSentinelFootprintNeighbourhood"":0.020519470795989037,""distanceSentinelTss"":-0.0033027769532054663,""distanceSentinelTssNeighbourhood"":0.0064199077896773815,""distanceTssMean"":-0.0006637066835537553,""distanceTssMeanNeighbourhood"":0.014994707889854908,""e2gMean"":0.00785947497934103,""e2gMeanNeighbourhood"":0.04191623628139496,""eQtlColocClppMaximum"":0.004486144986003637,""eQtlColocClppMaximumNeighbourhood"":0.009799900464713573,""eQtlColocH4Maximum"":0.007319754920899868,""eQtlColocH4MaximumNeighbourhood"":0.010212206281721592,""geneCount500kb"":0.004385354928672314,""pQtlColocClppMaximum"":-0.0010718026896938682,""pQtlColocClppMaximumNeighbourhood"":-0.0009496092097833753,""pQtlColocH4Maximum"":-0.0007106048287823796,""pQtlColocH4MaximumNeighbourhood"":-0.0003749405441340059,""proteinGeneCount500kb"":0.0020970257464796305,""sQtlColocClppMaximum"":-0.0014213195536285639,""sQtlColocClppMaximumNeighbourhood"":-0.0006702531827613711,""sQtlColocH4Maximum"":-0.0009461608133278787,""sQtlColocH4MaximumNeighbourhood"":-0.0014091057237237692,""transPQtlColocH4Maximum"":-0.0008015271159820259,""transPQtlColocH4MaximumNeighbourhood"":-0.0023421254009008408,""vepMaximum"":-0.007346381898969412,""vepMaximumNeighbourhood"":-0.016631120815873146,""vepMean"":-0.001052757608704269,""vepMeanNeighbourhood"":0.0004728912317659706}",0.054101165384054184,GRCh38,moderate_prioritization,0.05,0.6150293350219727
Parkinson disease,STBD1,ENSG00000118804,PD_CHR04_023,1e924521aa2b80f1e6f0db4da634f37c,rs6854006,4,76276901,2e-19,0.14553560316562653,PICS,PICS fine-mapped credible set based on reported top hit,GCST90308590,Open Targets Platform Locus-to-Gene,starch binding domain 1,4_76276901_C_T,"{""distanceFootprintMean"":0.9953204393386841,""distanceFootprintMeanNeighbourhood"":0.9953287839889526,""distanceSentinelFootprint"":0.995311975479126,""distanceSentinelFootprintNeighbourhood"":0.995311975479126,""distanceSentinelTss"":0.995311975479126,""distanceSentinelTssNeighbourhood"":0.9992467164993286,""distanceTssMean"":0.9953204393386841,""distanceTssMeanNeighbourhood"":0.9992803931236267}","{""eQtlColocClppMaximum"":0.08622826635837555,""eQtlColocClppMaximumNeighbourhood"":0.995065450668335,""eQtlColocH4Maximum"":0.9900832772254944,""eQtlColocH4MaximumNeighbourhood"":0.9999461770057678,""pQtlColocClppMaximum"":0,""pQtlColocClppMaximumNeighbourhood"":0,""pQtlColocH4Maximum"":0,""pQtlColocH4MaximumNeighbourhood"":0,""sQtlColocClppMaximum"":0,""sQtlColocClppMaximumNeighbourhood"":0,""sQtlColocH4Maximum"":0,""sQtlColocH4MaximumNeighbourhood"":0,""transPQtlColocH4Maximum"":0,""transPQtlColocH4MaximumNeighbourhood"":0}","{""vepMaximum"":0.2199999988079071,""vepMaximumNeighbourhood"":0.6875,""vepMean"":0.019997792318463326,""vepMeanNeighbourhood"":0.6875}","{""credibleSetConfidence"":0.25,""e2gMean"":0.25287237763404846,""e2gMeanNeighbourhood"":1,""geneCount500kb"":20,""proteinGeneCount500kb"":9}","{""credibleSetConfidence"":0.25,""distanceFootprintMean"":0.9953204393386841,""distanceFootprintMeanNeighbourhood"":0.9953287839889526,""distanceSentinelFootprint"":0.995311975479126,""distanceSentinelFootprintNeighbourhood"":0.995311975479126,""distanceSentinelTss"":0.995311975479126,""distanceSentinelTssNeighbourhood"":0.9992467164993286,""distanceTssMean"":0.9953204393386841,""distanceTssMeanNeighbourhood"":0.9992803931236267,""e2gMean"":0.25287237763404846,""e2gMeanNeighbourhood"":1,""eQtlColocClppMaximum"":0.08622826635837555,""eQtlColocClppMaximumNeighbourhood"":0.995065450668335,""eQtlColocH4Maximum"":0.9900832772254944,""eQtlColocH4MaximumNeighbourhood"":0.9999461770057678,""geneCount500kb"":20,""pQtlColocClppMaximum"":0,""pQtlColocClppMaximumNeighbourhood"":0,""pQtlColocH4Maximum"":0,""pQtlColocH4MaximumNeighbourhood"":0,""proteinGeneCount500kb"":9,""sQtlColocClppMaximum"":0,""sQtlColocClppMaximumNeighbourhood"":0,""sQtlColocH4Maximum"":0,""sQtlColocH4MaximumNeighbourhood"":0,""transPQtlColocH4Maximum"":0,""transPQtlColocH4MaximumNeighbourhood"":0,""vepMaximum"":0.2199999988079071,""vepMaximumNeighbourhood"":0.6875,""vepMean"":0.019997792318463326,""vepMeanNeighbourhood"":0.6875}","{""credibleSetConfidence"":-7.088847632985562e-05,""distanceFootprintMean"":-0.0022329092025756836,""distanceFootprintMeanNeighbourhood"":0.0003404546878300607,""distanceSentinelFootprint"":-0.0007416525040753186,""distanceSentinelFootprintNeighbourhood"":-0.003413289785385132,""distanceSentinelTss"":-0.011900835670530796,""distanceSentinelTssNeighbourhood"":0.027967579662799835,""distanceTssMean"":0.0035535162314772606,""distanceTssMeanNeighbourhood"":0.02901565097272396,""e2gMean"":0.005121095571666956,""e2gMeanNeighbourhood"":0.03461775928735733,""eQtlColocClppMaximum"":0.010515747591853142,""eQtlColocClppMaximumNeighbourhood"":0.012169389985501766,""eQtlColocH4Maximum"":0.007477523293346167,""eQtlColocH4MaximumNeighbourhood"":0.007266403641551733,""geneCount500kb"":1.081687969417544e-05,""pQtlColocClppMaximum"":0,""pQtlColocClppMaximumNeighbourhood"":0,""pQtlColocH4Maximum"":0,""pQtlColocH4MaximumNeighbourhood"":0,""proteinGeneCount500kb"":-0.007263885345309973,""sQtlColocClppMaximum"":-0.0009744601557031274,""sQtlColocClppMaximumNeighbourhood"":-0.00128211232367903,""sQtlColocH4Maximum"":-0.001031097024679184,""sQtlColocH4MaximumNeighbourhood"":-0.0025222040712833405,""transPQtlColocH4Maximum"":0,""transPQtlColocH4MaximumNeighbourhood"":0,""vepMaximum"":-0.0019951716531068087,""vepMaximumNeighbourhood"":-0.004667052533477545,""vepMean"":-0.0026211861986666918,""vepMeanNeighbourhood"":-0.007143321912735701}",0.05533972755074501,GRCh38,moderate_prioritization,0.05,0.6150293350219727
Parkinson disease,CCDC18,ENSG00000122483,PD_CHR01_001,98ab9e7e0641b4973c5ce38fe0902af3,rs11164870,1,93086630,3.0000000000000004e-09,0.14410772919654846,PICS,PICS fine-mapped credible set based on reported top hit,GCST90308590,Open Targets Platform Locus-to-Gene,coiled-coil domain containing 18,1_93086630_C_G,"{""distanceFootprintMean"":0.9886983633041382,""distanceFootprintMeanNeighbourhood"":1,""distanceSentinelFootprint"":0.9841121435165405,""distanceSentinelFootprintNeighbourhood"":0.9841121435165405,""distanceSentinelTss"":0.9841121435165405,""distanceSentinelTssNeighbourhood"":0.9852235913276672,""distanceTssMean"":0.979301393032074,""distanceTssMeanNeighbourhood"":1}","{""eQtlColocClppMaximum"":0.009186848066747189,""eQtlColocClppMaximumNeighbourhood"":0.6101173162460327,""eQtlColocH4Maximum"":0.9112784266471863,""eQtlColocH4MaximumNeighbourhood"":0.9650536775588989,""pQtlColocClppMaximum"":0,""pQtlColocClppMaximumNeighbourhood"":0,""pQtlColocH4Maximum"":0,""pQtlColocH4MaximumNeighbourhood"":0,""sQtlColocClppMaximum"":0.006083592772483826,""sQtlColocClppMaximumNeighbourhood"":0.403880774974823,""sQtlColocH4Maximum"":0.87143474817276,""sQtlColocH4MaximumNeighbourhood"":0.9228402972221375,""transPQtlColocH4Maximum"":0,""transPQtlColocH4MaximumNeighbourhood"":0}","{""vepMaximum"":0.3199999928474426,""vepMaximumNeighbourhood"":0.47058820724487305,""vepMean"":0.0015114883426576853,""vepMeanNeighbourhood"":0.9208977818489075}","{""credibleSetConfidence"":0.25,""e2gMean"":0.011397494934499264,""e2gMeanNeighbourhood"":0.4934874475002289,""geneCount500kb"":22,""proteinGeneCount500kb"":4}","{""credibleSetConfidence"":0.25,""distanceFootprintMean"":0.9886983633041382,""distanceFootprintMeanNeighbourhood"":1,""distanceSentinelFootprint"":0.9841121435165405,""distanceSentinelFootprintNeighbourhood"":0.9841121435165405,""distanceSentinelTss"":0.9841121435165405,""distanceSentinelTssNeighbourhood"":0.9852235913276672,""distanceTssMean"":0.979301393032074,""distanceTssMeanNeighbourhood"":1,""e2gMean"":0.011397494934499264,""e2gMeanNeighbourhood"":0.4934874475002289,""eQtlColocClppMaximum"":0.009186848066747189,""eQtlColocClppMaximumNeighbourhood"":0.6101173162460327,""eQtlColocH4Maximum"":0.9112784266471863,""eQtlColocH4MaximumNeighbourhood"":0.9650536775588989,""geneCount500kb"":22,""pQtlColocClppMaximum"":0,""pQtlColocClppMaximumNeighbourhood"":0,""pQtlColocH4Maximum"":0,""pQtlColocH4MaximumNeighbourhood"":0,""proteinGeneCount500kb"":4,""sQtlColocClppMaximum"":0.006083592772483826,""sQtlColocClppMaximumNeighbourhood"":0.403880774974823,""sQtlColocH4Maximum"":0.87143474817276,""sQtlColocH4MaximumNeighbourhood"":0.9228402972221375,""transPQtlColocH4Maximum"":0,""transPQtlColocH4MaximumNeighbourhood"":0,""vepMaximum"":0.3199999928474426,""vepMaximumNeighbourhood"":0.47058820724487305,""vepMean"":0.0015114883426576853,""vepMeanNeighbourhood"":0.9208977818489075}","{""credibleSetConfidence"":-1.2079239240847528e-05,""distanceFootprintMean"":-0.0038750097155570984,""distanceFootprintMeanNeighbourhood"":0.0005678681191056967,""distanceSentinelFootprint"":-0.00018039924907498062,""distanceSentinelFootprintNeighbourhood"":0.002546752104535699,""distanceSentinelTss"":-0.0004921514773741364,""distanceSentinelTssNeighbourhood"":-0.000985406688414514,""distanceTssMean"":-0.001238889410160482,""distanceTssMeanNeighbourhood"":0.031345464289188385,""e2gMean"":0.005046899430453777,""e2gMeanNeighbourhood"":0.0077241030521690845,""eQtlColocClppMaximum"":0.0031149699352681637,""eQtlColocClppMaximumNeighbourhood"":0.013296321965754032,""eQtlColocH4Maximum"":0.00472445460036397,""eQtlColocH4MaximumNeighbourhood"":0.005971645005047321,""geneCount500kb"":-0.001904078060761094,""pQtlColocClppMaximum"":-0.0011684533674269915,""pQtlColocClppMaximumNeighbourhood"":-0.0004019143234472722,""pQtlColocH4Maximum"":-0.0007386283832602203,""pQtlColocH4MaximumNeighbourhood"":-0.0002149347128579393,""proteinGeneCount500kb"":0.020719055086374283,""sQtlColocClppMaximum"":0.004130317363888025,""sQtlColocClppMaximumNeighbourhood"":0.00017323510837741196,""sQtlColocH4Maximum"":0.001990619348362088,""sQtlColocH4MaximumNeighbourhood"":0.011648345738649368,""transPQtlColocH4Maximum"":-0.0014289220562204719,""transPQtlColocH4MaximumNeighbourhood"":-0.005193698685616255,""vepMaximum"":0.002355327131226659,""vepMaximumNeighbourhood"":-0.009173989295959473,""vepMean"":-0.0009346708538942039,""vepMeanNeighbourhood"":0.005824056454002857}",0.05087152495980263,GRCh38,moderate_prioritization,0.05,0.6150293350219727
Parkinson disease,LRRK2,ENSG00000188906,PD_CHR12_048,2c3245c431e1080e62236340d5909691,rs28370650,12,40006146,3e-33,0.1440357118844986,PICS,PICS fine-mapped credible set based on reported top hit,GCST90308590,Open Targets Platform Locus-to-Gene,leucine rich repeat kinase 2,12_40006146_T_A,"{""distanceFootprintMean"":0.9628702402114868,""distanceFootprintMeanNeighbourhood"":0.9683994054794312,""distanceSentinelFootprint"":0.9561266899108887,""distanceSentinelFootprintNeighbourhood"":0.9561266899108887,""distanceSentinelTss"":0.9561266899108887,""distanceSentinelTssNeighbourhood"":0.972654402256012,""distanceTssMean"":0.9628702402114868,""distanceTssMeanNeighbourhood"":0.9799767136573792}","{""eQtlColocClppMaximum"":0.0064363726414740086,""eQtlColocClppMaximumNeighbourhood"":1,""eQtlColocH4Maximum"":0.8777547478675842,""eQtlColocH4MaximumNeighbourhood"":1,""pQtlColocClppMaximum"":0,""pQtlColocClppMaximumNeighbourhood"":0,""pQtlColocH4Maximum"":0,""pQtlColocH4MaximumNeighbourhood"":0,""sQtlColocClppMaximum"":0.015759816393256187,""sQtlColocClppMaximumNeighbourhood"":1,""sQtlColocH4Maximum"":0.9467124342918396,""sQtlColocH4MaximumNeighbourhood"":1,""transPQtlColocH4Maximum"":0,""transPQtlColocH4MaximumNeighbourhood"":0}","{""vepMaximum"":0.2199999988079071,""vepMaximumNeighbourhood"":0.3235293924808502,""vepMean"":0.006335665937513113,""vepMeanNeighbourhood"":0.5080053210258484}","{""credibleSetConfidence"":0.25,""e2gMean"":0.02505098655819893,""e2gMeanNeighbourhood"":0.3401685655117035,""geneCount500kb"":10,""proteinGeneCount500kb"":2}","{""credibleSetConfidence"":0.25,""distanceFootprintMean"":0.9628702402114868,""distanceFootprintMeanNeighbourhood"":0.9683994054794312,""distanceSentinelFootprint"":0.9561266899108887,""distanceSentinelFootprintNeighbourhood"":0.9561266899108887,""distanceSentinelTss"":0.9561266899108887,""distanceSentinelTssNeighbourhood"":0.972654402256012,""distanceTssMean"":0.9628702402114868,""distanceTssMeanNeighbourhood"":0.9799767136573792,""e2gMean"":0.02505098655819893,""e2gMeanNeighbourhood"":0.3401685655117035,""eQtlColocClppMaximum"":0.0064363726414740086,""eQtlColocClppMaximumNeighbourhood"":1,""eQtlColocH4Maximum"":0.8777547478675842,""eQtlColocH4MaximumNeighbourhood"":1,""geneCount500kb"":10,""pQtlColocClppMaximum"":0,""pQtlColocClppMaximumNeighbourhood"":0,""pQtlColocH4Maximum"":0,""pQtlColocH4MaximumNeighbourhood"":0,""proteinGeneCount500kb"":2,""sQtlColocClppMaximum"":0.015759816393256187,""sQtlColocClppMaximumNeighbourhood"":1,""sQtlColocH4Maximum"":0.9467124342918396,""sQtlColocH4MaximumNeighbourhood"":1,""transPQtlColocH4Maximum"":0,""transPQtlColocH4MaximumNeighbourhood"":0,""vepMaximum"":0.2199999988079071,""vepMaximumNeighbourhood"":0.3235293924808502,""vepMean"":0.006335665937513113,""vepMeanNeighbourhood"":0.5080053210258484}","{""credibleSetConfidence"":0.002295598853379488,""distanceFootprintMean"":-0.0031991777941584587,""distanceFootprintMeanNeighbourhood"":0.0001638689573155716,""distanceSentinelFootprint"":0.0014320287154987454,""distanceSentinelFootprintNeighbourhood"":-0.00741172768175602,""distanceSentinelTss"":0.0008748385589569807,""distanceSentinelTssNeighbourhood"":-0.011745505034923553,""distanceTssMean"":-0.004255663603544235,""distanceTssMeanNeighbourhood"":0.007718237582594156,""e2gMean"":0.009228604845702648,""e2gMeanNeighbourhood"":0.0050018420442938805,""eQtlColocClppMaximum"":0.006070044822990894,""eQtlColocClppMaximumNeighbourhood"":0.014868785627186298,""eQtlColocH4Maximum"":0.0049523417837917805,""eQtlColocH4MaximumNeighbourhood"":0.011398755945265293,""geneCount500kb"":0.0030119982548058033,""pQtlColocClppMaximum"":-0.0032392553985118866,""pQtlColocClppMaximumNeighbourhood"":-0.0015609929105266929,""pQtlColocH4Maximum"":-0.001752342563122511,""pQtlColocH4MaximumNeighbourhood"":-0.001118549145758152,""proteinGeneCount500kb"":0.043755028396844864,""sQtlColocClppMaximum"":0.005771636962890625,""sQtlColocClppMaximumNeighbourhood"":0.003982828464359045,""sQtlColocH4Maximum"":0.0026356105227023363,""sQtlColocH4MaximumNeighbourhood"":0.016103047877550125,""transPQtlColocH4Maximum"":-0.001568931620568037,""transPQtlColocH4MaximumNeighbourhood"":-0.005665273871272802,""vepMaximum"":-0.002078840509057045,""vepMaximumNeighbourhood"":-0.012854176573455334,""vepMean"":0.006100819446146488,""vepMeanNeighbourhood"":-0.008186954073607922}",0.06330708414316177,GRCh38,moderate_prioritization,0.05,0.6150293350219727
Parkinson disease,NEK1,ENSG00000137601,PD_CHR04_026,27fbf89e6668fc09644f795c52ea42f7,rs7434295,4,169642795,2e-11,0.13845273852348328,PICS,PICS fine-mapped credible set based on reported top hit,GCST90308590,Open Targets Platform Locus-to-Gene,NIMA related kinase 1,4_169642795_C_T,"{""distanceFootprintMean"":0.9904913902282715,""distanceFootprintMeanNeighbourhood"":0.9943527579307556,""distanceSentinelFootprint"":0.9952503442764282,""distanceSentinelFootprintNeighbourhood"":0.9952503442764282,""distanceSentinelTss"":0.9952503442764282,""distanceSentinelTssNeighbourhood"":0.9987095594406128,""distanceTssMean"":0.9904913902282715,""distanceTssMeanNeighbourhood"":0.9986885190010071}","{""eQtlColocClppMaximum"":0,""eQtlColocClppMaximumNeighbourhood"":0,""eQtlColocH4Maximum"":0,""eQtlColocH4MaximumNeighbourhood"":0,""pQtlColocClppMaximum"":0,""pQtlColocClppMaximumNeighbourhood"":0,""pQtlColocH4Maximum"":0,""pQtlColocH4MaximumNeighbourhood"":0,""sQtlColocClppMaximum"":0,""sQtlColocClppMaximumNeighbourhood"":0,""sQtlColocH4Maximum"":0,""sQtlColocH4MaximumNeighbourhood"":0,""transPQtlColocH4Maximum"":0,""transPQtlColocH4MaximumNeighbourhood"":0}","{""vepMaximum"":0.2199999988079071,""vepMaximumNeighbourhood"":0.6875,""vepMean"":0.004545001778751612,""vepMeanNeighbourhood"":0.6875}","{""credibleSetConfidence"":0.25,""e2gMean"":0,""e2gMeanNeighbourhood"":0,""geneCount500kb"":11,""proteinGeneCount500kb"":3}","{""credibleSetConfidence"":0.25,""distanceFootprintMean"":0.9904913902282715,""distanceFootprintMeanNeighbourhood"":0.9943527579307556,""distanceSentinelFootprint"":0.9952503442764282,""distanceSentinelFootprintNeighbourhood"":0.9952503442764282,""distanceSentinelTss"":0.9952503442764282,""distanceSentinelTssNeighbourhood"":0.9987095594406128,""distanceTssMean"":0.9904913902282715,""distanceTssMeanNeighbourhood"":0.9986885190010071,""e2gMean"":0,""e2gMeanNeighbourhood"":0,""eQtlColocClppMaximum"":0,""eQtlColocClppMaximumNeighbourhood"":0,""eQtlColocH4Maximum"":0,""eQtlColocH4MaximumNeighbourhood"":0,""geneCount500kb"":11,""pQtlColocClppMaximum"":0,""pQtlColocClppMaximumNeighbourhood"":0,""pQtlColocH4Maximum"":0,""pQtlColocH4MaximumNeighbourhood"":0,""proteinGeneCount500kb"":3,""sQtlColocClppMaximum"":0,""sQtlColocClppMaximumNeighbourhood"":0,""sQtlColocH4Maximum"":0,""sQtlColocH4MaximumNeighbourhood"":0,""transPQtlColocH4Maximum"":0,""transPQtlColocH4MaximumNeighbourhood"":0,""vepMaximum"":0.2199999988079071,""vepMaximumNeighbourhood"":0.6875,""vepMean"":0.004545001778751612,""vepMeanNeighbourhood"":0.6875}","{""credibleSetConfidence"":-0.0007836705190129578,""distanceFootprintMean"":-0.001642772345803678,""distanceFootprintMeanNeighbourhood"":-0.0011914735659956932,""distanceSentinelFootprint"":-0.0032176978420466185,""distanceSentinelFootprintNeighbourhood"":-0.008269614540040493,""distanceSentinelTss"":-0.011731786653399467,""distanceSentinelTssNeighbourhood"":0.03665698319673538,""distanceTssMean"":-0.003575715236365795,""distanceTssMeanNeighbourhood"":0.04031144455075264,""e2gMean"":-0.001145250047557056,""e2gMeanNeighbourhood"":-0.005612282548099756,""eQtlColocClppMaximum"":-0.001418702071532607,""eQtlColocClppMaximumNeighbourhood"":-0.0031158423516899347,""eQtlColocH4Maximum"":-0.0014911297475919127,""eQtlColocH4MaximumNeighbourhood"":-0.0028930623084306717,""geneCount500kb"":0.020504077896475792,""pQtlColocClppMaximum"":-0.002456588903442025,""pQtlColocClppMaximumNeighbourhood"":-0.0016804422484710813,""pQtlColocH4Maximum"":-0.0009851433569565415,""pQtlColocH4MaximumNeighbourhood"":-0.000674427195917815,""proteinGeneCount500kb"":0.029500622302293777,""sQtlColocClppMaximum"":-0.0028535467572510242,""sQtlColocClppMaximumNeighbourhood"":-0.003532060654833913,""sQtlColocH4Maximum"":-0.0013054654700681567,""sQtlColocH4MaximumNeighbourhood"":-0.0052686394192278385,""transPQtlColocH4Maximum"":-0.0014572911895811558,""transPQtlColocH4MaximumNeighbourhood"":-0.004754786845296621,""vepMaximum"":-0.00391394505277276,""vepMaximumNeighbourhood"":-0.0033224031794816256,""vepMean"":-0.002037449972704053,""vepMeanNeighbourhood"":-0.0070498352870345116}",0.09886063635349274,GRCh38,moderate_prioritization,0.05,0.6150293350219727
Parkinson disease,SLC45A3,ENSG00000158715,PD_CHR01_007,8bae19697cbddf937ba849a52978d268,rs12118655,1,205694350,2e-32,0.13652022182941437,PICS,PICS fine-mapped credible set based on reported top hit,GCST90308590,Open Targets Platform Locus-to-Gene,solute carrier family 45 member 3,1_205694350_A_G,"{""distanceFootprintMean"":0.9936294555664062,""distanceFootprintMeanNeighbourhood"":0.9996767044067383,""distanceSentinelFootprint"":0.9978607296943665,""distanceSentinelFootprintNeighbourhood"":1,""distanceSentinelTss"":0.9978607296943665,""distanceSentinelTssNeighbourhood"":1,""distanceTssMean"":0.9936294555664062,""distanceTssMeanNeighbourhood"":1}","{""eQtlColocClppMaximum"":0,""eQtlColocClppMaximumNeighbourhood"":0,""eQtlColocH4Maximum"":0,""eQtlColocH4MaximumNeighbourhood"":0,""pQtlColocClppMaximum"":0,""pQtlColocClppMaximumNeighbourhood"":0,""pQtlColocH4Maximum"":0,""pQtlColocH4MaximumNeighbourhood"":0,""sQtlColocClppMaximum"":0,""sQtlColocClppMaximumNeighbourhood"":0,""sQtlColocH4Maximum"":0,""sQtlColocH4MaximumNeighbourhood"":0,""transPQtlColocH4Maximum"":0,""transPQtlColocH4MaximumNeighbourhood"":0}","{""vepMaximum"":0.2199999988079071,""vepMaximumNeighbourhood"":0.5945945978164673,""vepMean"":0.026285875588655472,""vepMeanNeighbourhood"":0.42394450306892395}","{""credibleSetConfidence"":0.25,""e2gMean"":0.385405570268631,""e2gMeanNeighbourhood"":1,""geneCount500kb"":24,""proteinGeneCount500kb"":10}","{""credibleSetConfidence"":0.25,""distanceFootprintMean"":0.9936294555664062,""distanceFootprintMeanNeighbourhood"":0.9996767044067383,""distanceSentinelFootprint"":0.9978607296943665,""distanceSentinelFootprintNeighbourhood"":1,""distanceSentinelTss"":0.9978607296943665,""distanceSentinelTssNeighbourhood"":1,""distanceTssMean"":0.9936294555664062,""distanceTssMeanNeighbourhood"":1,""e2gMean"":0.385405570268631,""e2gMeanNeighbourhood"":1,""eQtlColocClppMaximum"":0,""eQtlColocClppMaximumNeighbourhood"":0,""eQtlColocH4Maximum"":0,""eQtlColocH4MaximumNeighbourhood"":0,""geneCount500kb"":24,""pQtlColocClppMaximum"":0,""pQtlColocClppMaximumNeighbourhood"":0,""pQtlColocH4Maximum"":0,""pQtlColocH4MaximumNeighbourhood"":0,""proteinGeneCount500kb"":10,""sQtlColocClppMaximum"":0,""sQtlColocClppMaximumNeighbourhood"":0,""sQtlColocH4Maximum"":0,""sQtlColocH4MaximumNeighbourhood"":0,""transPQtlColocH4Maximum"":0,""transPQtlColocH4MaximumNeighbourhood"":0,""vepMaximum"":0.2199999988079071,""vepMaximumNeighbourhood"":0.5945945978164673,""vepMean"":0.026285875588655472,""vepMeanNeighbourhood"":0.42394450306892395}","{""credibleSetConfidence"":0.0002870570751838386,""distanceFootprintMean"":0.0021781681571155787,""distanceFootprintMeanNeighbourhood"":0.009401070885360241,""distanceSentinelFootprint"":-0.0007851702393963933,""distanceSentinelFootprintNeighbourhood"":0.03965705633163452,""distanceSentinelTss"":-0.002800821093842387,""distanceSentinelTssNeighbourhood"":0.03729705512523651,""distanceTssMean"":0.005758957471698523,""distanceTssMeanNeighbourhood"":0.02083411253988743,""e2gMean"":0.00440216064453125,""e2gMeanNeighbourhood"":0.03819362819194794,""eQtlColocClppMaximum"":-0.000966904335655272,""eQtlColocClppMaximumNeighbourhood"":-0.0016906874952837825,""eQtlColocH4Maximum"":-0.000504536263179034,""eQtlColocH4MaximumNeighbourhood"":-0.0014450999442487955,""geneCount500kb"":-0.002771196886897087,""pQtlColocClppMaximum"":-0.0006434611859731376,""pQtlColocClppMaximumNeighbourhood"":-0.0002669699606485665,""pQtlColocH4Maximum"":-0.00032421050127595663,""pQtlColocH4MaximumNeighbourhood"":-3.384946467122063e-05,""proteinGeneCount500kb"":-0.0035487995482981205,""sQtlColocClppMaximum"":-0.001120764296501875,""sQtlColocClppMaximumNeighbourhood"":-0.0005656858556903899,""sQtlColocH4Maximum"":-0.0008448445005342364,""sQtlColocH4MaximumNeighbourhood"":-0.0014961063861846924,""transPQtlColocH4Maximum"":0,""transPQtlColocH4MaximumNeighbourhood"":0,""vepMaximum"":0.0009160075569525361,""vepMaximumNeighbourhood"":-0.009958082810044289,""vepMean"":-0.0007685450837016106,""vepMeanNeighbourhood"":-0.014003666117787361}",0.022134289145469666,GRCh38,moderate_prioritization,0.05,0.6150293350219727
Parkinson disease,CTF1,ENSG00000150281,PD_CHR16_061,09c07031cb2613c59c833fc30a9bf279,rs1870293,16,30959620,4e-24,0.13322843611240387,PICS,PICS fine-mapped credible set based on reported top hit,GCST90308590,Open Targets Platform Locus-to-Gene,cardiotrophin 1,16_30959620_T_C,"{""distanceFootprintMean"":0.9861791133880615,""distanceFootprintMeanNeighbourhood"":0.9908526539802551,""distanceSentinelFootprint"":0.9909355044364929,""distanceSentinelFootprintNeighbourhood"":0.9909355044364929,""distanceSentinelTss"":0.9897359609603882,""distanceSentinelTssNeighbourhood"":0.9900180697441101,""distanceTssMean"":0.9849636554718018,""distanceTssMeanNeighbourhood"":0.9915836453437805}","{""eQtlColocClppMaximum"":0,""eQtlColocClppMaximumNeighbourhood"":0,""eQtlColocH4Maximum"":0,""eQtlColocH4MaximumNeighbourhood"":0,""pQtlColocClppMaximum"":0.02061239816248417,""pQtlColocClppMaximumNeighbourhood"":1,""pQtlColocH4Maximum"":0.9585118889808655,""pQtlColocH4MaximumNeighbourhood"":1,""sQtlColocClppMaximum"":0,""sQtlColocClppMaximumNeighbourhood"":0,""sQtlColocH4Maximum"":0,""sQtlColocH4MaximumNeighbourhood"":0,""transPQtlColocH4Maximum"":0,""transPQtlColocH4MaximumNeighbourhood"":0}","{""vepMaximum"":0.3700000047683716,""vepMaximumNeighbourhood"":0.5441176295280457,""vepMean"":0.0045817033387720585,""vepMeanNeighbourhood"":0.6447062492370605}","{""credibleSetConfidence"":0.25,""e2gMean"":0.02069697715342045,""e2gMeanNeighbourhood"":0.0869288370013237,""geneCount500kb"":54,""proteinGeneCount500kb"":25}","{""credibleSetConfidence"":0.25,""distanceFootprintMean"":0.9861791133880615,""distanceFootprintMeanNeighbourhood"":0.9908526539802551,""distanceSentinelFootprint"":0.9909355044364929,""distanceSentinelFootprintNeighbourhood"":0.9909355044364929,""distanceSentinelTss"":0.9897359609603882,""distanceSentinelTssNeighbourhood"":0.9900180697441101,""distanceTssMean"":0.9849636554718018,""distanceTssMeanNeighbourhood"":0.9915836453437805,""e2gMean"":0.02069697715342045,""e2gMeanNeighbourhood"":0.0869288370013237,""eQtlColocClppMaximum"":0,""eQtlColocClppMaximumNeighbourhood"":0,""eQtlColocH4Maximum"":0,""eQtlColocH4MaximumNeighbourhood"":0,""geneCount500kb"":54,""pQtlColocClppMaximum"":0.02061239816248417,""pQtlColocClppMaximumNeighbourhood"":1,""pQtlColocH4Maximum"":0.9585118889808655,""pQtlColocH4MaximumNeighbourhood"":1,""proteinGeneCount500kb"":25,""sQtlColocClppMaximum"":0,""sQtlColocClppMaximumNeighbourhood"":0,""sQtlColocH4Maximum"":0,""sQtlColocH4MaximumNeighbourhood"":0,""transPQtlColocH4Maximum"":0,""transPQtlColocH4MaximumNeighbourhood"":0,""vepMaximum"":0.3700000047683716,""vepMaximumNeighbourhood"":0.5441176295280457,""vepMean"":0.0045817033387720585,""vepMeanNeighbourhood"":0.6447062492370605}","{""credibleSetConfidence"":0.0009876089170575142,""distanceFootprintMean"":-0.004253610037267208,""distanceFootprintMeanNeighbourhood"":0.007032308261841536,""distanceSentinelFootprint"":-0.0022482050117105246,""distanceSentinelFootprintNeighbourhood"":-0.0018376613734290004,""distanceSentinelTss"":-0.005498090293258429,""distanceSentinelTssNeighbourhood"":-0.00706098647788167,""distanceTssMean"":-0.0013999614166095853,""distanceTssMeanNeighbourhood"":0.02278260700404644,""e2gMean"":0.0008503482094965875,""e2gMeanNeighbourhood"":-0.0051834601908922195,""eQtlColocClppMaximum"":-0.002472514985129237,""eQtlColocClppMaximumNeighbourhood"":-0.0023529978934675455,""eQtlColocH4Maximum"":-0.0008398327045142651,""eQtlColocH4MaximumNeighbourhood"":-0.002483821241185069,""geneCount500kb"":-0.03282840549945831,""pQtlColocClppMaximum"":0.03970488905906677,""pQtlColocClppMaximumNeighbourhood"":0.044882092624902725,""pQtlColocH4Maximum"":0.014284806326031685,""pQtlColocH4MaximumNeighbourhood"":0.0190240778028965,""proteinGeneCount500kb"":-0.014322654344141483,""sQtlColocClppMaximum"":-0.003714431542903185,""sQtlColocClppMaximumNeighbourhood"":-0.001555214636027813,""sQtlColocH4Maximum"":-0.0014446399873122573,""sQtlColocH4MaximumNeighbourhood"":-0.004917769692838192,""transPQtlColocH4Maximum"":-0.0016795066185295582,""transPQtlColocH4MaximumNeighbourhood"":-0.004334700759500265,""vepMaximum"":0.009523573331534863,""vepMaximumNeighbourhood"":-0.008532154373824596,""vepMean"":-0.013475778512656689,""vepMeanNeighbourhood"":0.0012316787615418434}",0.09536085277795792,GRCh38,moderate_prioritization,0.05,0.6150293350219727
Parkinson disease,MTF2,ENSG00000143033,PD_CHR01_001,98ab9e7e0641b4973c5ce38fe0902af3,rs11164870,1,93086630,3.0000000000000004e-09,0.1314258724451065,PICS,PICS fine-mapped credible set based on reported top hit,GCST90308590,Open Targets Platform Locus-to-Gene,metal response element binding transcription factor 2,1_93086630_C_G,"{""distanceFootprintMean"":0.9769624471664429,""distanceFootprintMeanNeighbourhood"":0.9881299734115601,""distanceSentinelFootprint"":1,""distanceSentinelFootprintNeighbourhood"":1,""distanceSentinelTss"":0.998871922492981,""distanceSentinelTssNeighbourhood"":1,""distanceTssMean"":0.9662850499153137,""distanceTssMeanNeighbourhood"":0.9867084622383118}","{""eQtlColocClppMaximum"":0,""eQtlColocClppMaximumNeighbourhood"":0,""eQtlColocH4Maximum"":0,""eQtlColocH4MaximumNeighbourhood"":0,""pQtlColocClppMaximum"":0,""pQtlColocClppMaximumNeighbourhood"":0,""pQtlColocH4Maximum"":0,""pQtlColocH4MaximumNeighbourhood"":0,""sQtlColocClppMaximum"":0.0064516146667301655,""sQtlColocClppMaximumNeighbourhood"":0.4283131957054138,""sQtlColocH4Maximum"":0.8779168128967285,""sQtlColocH4MaximumNeighbourhood"":0.9297047853469849,""transPQtlColocH4Maximum"":0,""transPQtlColocH4MaximumNeighbourhood"":0}","{""vepMaximum"":0.6100000143051147,""vepMaximumNeighbourhood"":0.8970588445663452,""vepMean"":0.0014121130807325244,""vepMeanNeighbourhood"":0.8603518605232239}","{""credibleSetConfidence"":0.25,""e2gMean"":0.023095816373825073,""e2gMeanNeighbourhood"":1,""geneCount500kb"":22,""proteinGeneCount500kb"":4}","{""credibleSetConfidence"":0.25,""distanceFootprintMean"":0.9769624471664429,""distanceFootprintMeanNeighbourhood"":0.9881299734115601,""distanceSentinelFootprint"":1,""distanceSentinelFootprintNeighbourhood"":1,""distanceSentinelTss"":0.998871922492981,""distanceSentinelTssNeighbourhood"":1,""distanceTssMean"":0.9662850499153137,""distanceTssMeanNeighbourhood"":0.9867084622383118,""e2gMean"":0.023095816373825073,""e2gMeanNeighbourhood"":1,""eQtlColocClppMaximum"":0,""eQtlColocClppMaximumNeighbourhood"":0,""eQtlColocH4Maximum"":0,""eQtlColocH4MaximumNeighbourhood"":0,""geneCount500kb"":22,""pQtlColocClppMaximum"":0,""pQtlColocClppMaximumNeighbourhood"":0,""pQtlColocH4Maximum"":0,""pQtlColocH4MaximumNeighbourhood"":0,""proteinGeneCount500kb"":4,""sQtlColocClppMaximum"":0.0064516146667301655,""sQtlColocClppMaximumNeighbourhood"":0.4283131957054138,""sQtlColocH4Maximum"":0.8779168128967285,""sQtlColocH4MaximumNeighbourhood"":0.9297047853469849,""transPQtlColocH4Maximum"":0,""transPQtlColocH4MaximumNeighbourhood"":0,""vepMaximum"":0.6100000143051147,""vepMaximumNeighbourhood"":0.8970588445663452,""vepMean"":0.0014121130807325244,""vepMeanNeighbourhood"":0.8603518605232239}","{""credibleSetConfidence"":0.00032028064015321434,""distanceFootprintMean"":-0.006290735676884651,""distanceFootprintMeanNeighbourhood"":-1.8081140296999365e-05,""distanceSentinelFootprint"":0.0029897557105869055,""distanceSentinelFootprintNeighbourhood"":0.017657721415162086,""distanceSentinelTss"":-9.050605876836926e-05,""distanceSentinelTssNeighbourhood"":0.0319189578294754,""distanceTssMean"":-0.003369450569152832,""distanceTssMeanNeighbourhood"":0.0013678910909220576,""e2gMean"":0.002092996845021844,""e2gMeanNeighbourhood"":0.029133522883057594,""eQtlColocClppMaximum"":-0.0009003967861644924,""eQtlColocClppMaximumNeighbourhood"":-0.0011919052340090275,""eQtlColocH4Maximum"":-0.00043902950710617006,""eQtlColocH4MaximumNeighbourhood"":-0.0018941918388009071,""geneCount500kb"":-0.002943591680377722,""pQtlColocClppMaximum"":-0.001516547636128962,""pQtlColocClppMaximumNeighbourhood"":-0.0005593194509856403,""pQtlColocH4Maximum"":-0.0009576884913258255,""pQtlColocH4MaximumNeighbourhood"":-8.476617222186178e-05,""proteinGeneCount500kb"":0.018380507826805115,""sQtlColocClppMaximum"":0.0014320811023935676,""sQtlColocClppMaximumNeighbourhood"":0.0011911203619092703,""sQtlColocH4Maximum"":0.0004743451136164367,""sQtlColocH4MaximumNeighbourhood"":0.004893983714282513,""transPQtlColocH4Maximum"":-0.0014099173713475466,""transPQtlColocH4MaximumNeighbourhood"":-0.005032050423324108,""vepMaximum"":0.015611686743795872,""vepMaximumNeighbourhood"":-0.008950280025601387,""vepMean"":-0.009284354746341705,""vepMeanNeighbourhood"":-0.0019776795525103807}",0.05087152495980263,GRCh38,moderate_prioritization,0.05,0.6150293350219727
Parkinson disease,SNX20,ENSG00000167208,PD_CHR16_062,c4324116aa13f50cded13161dc92c6bd,rs34133110,16,50710008,1e-09,0.12778373062610626,PICS,PICS fine-mapped credible set based on reported top hit,GCST90308590,Open Targets Platform Locus-to-Gene,sorting nexin 20,16_50710008_C_T,"{""distanceFootprintMean"":0.990588903427124,""distanceFootprintMeanNeighbourhood"":0.9948192834854126,""distanceSentinelFootprint"":0.9954958558082581,""distanceSentinelFootprintNeighbourhood"":0.9954958558082581,""distanceSentinelTss"":0.9954958558082581,""distanceSentinelTssNeighbourhood"":0.9980326294898987,""distanceTssMean"":0.990588903427124,""distanceTssMeanNeighbourhood"":0.9979934692382812}","{""eQtlColocClppMaximum"":0.02856723964214325,""eQtlColocClppMaximumNeighbourhood"":0.6763323545455933,""eQtlColocH4Maximum"":0.9702591300010681,""eQtlColocH4MaximumNeighbourhood"":0.9900597929954529,""pQtlColocClppMaximum"":0,""pQtlColocClppMaximumNeighbourhood"":0,""pQtlColocH4Maximum"":0,""pQtlColocH4MaximumNeighbourhood"":0,""sQtlColocClppMaximum"":0,""sQtlColocClppMaximumNeighbourhood"":0,""sQtlColocH4Maximum"":0,""sQtlColocH4MaximumNeighbourhood"":0,""transPQtlColocH4Maximum"":0,""transPQtlColocH4MaximumNeighbourhood"":0}","{""vepMaximum"":0.2199999988079071,""vepMaximumNeighbourhood"":0.4782608449459076,""vepMean"":0.005369212478399277,""vepMeanNeighbourhood"":0.6831762194633484}","{""credibleSetConfidence"":0.25,""e2gMean"":0.26529476046562195,""e2gMeanNeighbourhood"":0.6151829361915588,""geneCount500kb"":18,""proteinGeneCount500kb"":4}","{""credibleSetConfidence"":0.25,""distanceFootprintMean"":0.990588903427124,""distanceFootprintMeanNeighbourhood"":0.9948192834854126,""distanceSentinelFootprint"":0.9954958558082581,""distanceSentinelFootprintNeighbourhood"":0.9954958558082581,""distanceSentinelTss"":0.9954958558082581,""distanceSentinelTssNeighbourhood"":0.9980326294898987,""distanceTssMean"":0.990588903427124,""distanceTssMeanNeighbourhood"":0.9979934692382812,""e2gMean"":0.26529476046562195,""e2gMeanNeighbourhood"":0.6151829361915588,""eQtlColocClppMaximum"":0.02856723964214325,""eQtlColocClppMaximumNeighbourhood"":0.6763323545455933,""eQtlColocH4Maximum"":0.9702591300010681,""eQtlColocH4MaximumNeighbourhood"":0.9900597929954529,""geneCount500kb"":18,""pQtlColocClppMaximum"":0,""pQtlColocClppMaximumNeighbourhood"":0,""pQtlColocH4Maximum"":0,""pQtlColocH4MaximumNeighbourhood"":0,""proteinGeneCount500kb"":4,""sQtlColocClppMaximum"":0,""sQtlColocClppMaximumNeighbourhood"":0,""sQtlColocH4Maximum"":0,""sQtlColocH4MaximumNeighbourhood"":0,""transPQtlColocH4Maximum"":0,""transPQtlColocH4MaximumNeighbourhood"":0,""vepMaximum"":0.2199999988079071,""vepMaximumNeighbourhood"":0.4782608449459076,""vepMean"":0.005369212478399277,""vepMeanNeighbourhood"":0.6831762194633484}","{""credibleSetConfidence"":-0.000638492638245225,""distanceFootprintMean"":-0.0003415984392631799,""distanceFootprintMeanNeighbourhood"":0.00042188644874840975,""distanceSentinelFootprint"":-0.0013528993586078286,""distanceSentinelFootprintNeighbourhood"":-0.003470689058303833,""distanceSentinelTss"":-0.006859898567199707,""distanceSentinelTssNeighbourhood"":0.0341501347720623,""distanceTssMean"":0.00043984054354950786,""distanceTssMeanNeighbourhood"":0.027826504781842232,""e2gMean"":0.003901220392435789,""e2gMeanNeighbourhood"":0.007241951301693916,""eQtlColocClppMaximum"":0.006038257852196693,""eQtlColocClppMaximumNeighbourhood"":0.011808072216808796,""eQtlColocH4Maximum"":0.005743175745010376,""eQtlColocH4MaximumNeighbourhood"":0.0073199523612856865,""geneCount500kb"":-0.0006488761282525957,""pQtlColocClppMaximum"":-0.0009715535561554134,""pQtlColocClppMaximumNeighbourhood"":-0.0004415301082190126,""pQtlColocH4Maximum"":-0.0006178832263685763,""pQtlColocH4MaximumNeighbourhood"":-9.426787437405437e-05,""proteinGeneCount500kb"":0.010533042252063751,""sQtlColocClppMaximum"":-0.0011461732210591435,""sQtlColocClppMaximumNeighbourhood"":-0.001801317441277206,""sQtlColocH4Maximum"":-0.001069016638211906,""sQtlColocH4MaximumNeighbourhood"":-0.0030461461283266544,""transPQtlColocH4Maximum"":-0.0016523082740604877,""transPQtlColocH4MaximumNeighbourhood"":-0.0036651853006333113,""vepMaximum"":-0.0003846622130367905,""vepMaximumNeighbourhood"":-0.015834277495741844,""vepMean"":6.533784471685067e-05,""vepMeanNeighbourhood"":-0.013074460439383984}",0.06940560787916183,GRCh38,moderate_prioritization,0.05,0.6150293350219727
Parkinson disease,IQGAP2,ENSG00000145703,PD_CHR05_028,6a25b7b9810bfcdb7a432396e5937024,rs246815,5,76303351,3e-12,0.12376750260591507,PICS,PICS fine-mapped credible set based on reported top hit,GCST90308590,Open Targets Platform Locus-to-Gene,IQ motif containing GTPase activating protein 2,5_76303351_G_C,"{""distanceFootprintMean"":0.9775552153587341,""distanceFootprintMeanNeighbourhood"":0.9812129735946655,""distanceSentinelFootprint"":0.9830077886581421,""distanceSentinelFootprintNeighbourhood"":0.9830077886581421,""distanceSentinelTss"":0.9830077886581421,""distanceSentinelTssNeighbourhood"":1,""distanceTssMean"":0.9775552153587341,""distanceTssMeanNeighbourhood"":1}","{""eQtlColocClppMaximum"":0.029230419546365738,""eQtlColocClppMaximumNeighbourhood"":1,""eQtlColocH4Maximum"":0.9709219932556152,""eQtlColocH4MaximumNeighbourhood"":1,""pQtlColocClppMaximum"":0,""pQtlColocClppMaximumNeighbourhood"":0,""pQtlColocH4Maximum"":0,""pQtlColocH4MaximumNeighbourhood"":0,""sQtlColocClppMaximum"":0,""sQtlColocClppMaximumNeighbourhood"":0,""sQtlColocH4Maximum"":0,""sQtlColocH4MaximumNeighbourhood"":0,""transPQtlColocH4Maximum"":0,""transPQtlColocH4MaximumNeighbourhood"":0}","{""vepMaximum"":0.2199999988079071,""vepMaximumNeighbourhood"":0.3235293924808502,""vepMean"":0.0031268249731510878,""vepMeanNeighbourhood"":0.6616431474685669}","{""credibleSetConfidence"":0.25,""e2gMean"":0,""e2gMeanNeighbourhood"":0,""geneCount500kb"":17,""proteinGeneCount500kb"":2}","{""credibleSetConfidence"":0.25,""distanceFootprintMean"":0.9775552153587341,""distanceFootprintMeanNeighbourhood"":0.9812129735946655,""distanceSentinelFootprint"":0.9830077886581421,""distanceSentinelFootprintNeighbourhood"":0.9830077886581421,""distanceSentinelTss"":0.9830077886581421,""distanceSentinelTssNeighbourhood"":1,""distanceTssMean"":0.9775552153587341,""distanceTssMeanNeighbourhood"":1,""e2gMean"":0,""e2gMeanNeighbourhood"":0,""eQtlColocClppMaximum"":0.029230419546365738,""eQtlColocClppMaximumNeighbourhood"":1,""eQtlColocH4Maximum"":0.9709219932556152,""eQtlColocH4MaximumNeighbourhood"":1,""geneCount500kb"":17,""pQtlColocClppMaximum"":0,""pQtlColocClppMaximumNeighbourhood"":0,""pQtlColocH4Maximum"":0,""pQtlColocH4MaximumNeighbourhood"":0,""proteinGeneCount500kb"":2,""sQtlColocClppMaximum"":0,""sQtlColocClppMaximumNeighbourhood"":0,""sQtlColocH4Maximum"":0,""sQtlColocH4MaximumNeighbourhood"":0,""transPQtlColocH4Maximum"":0,""transPQtlColocH4MaximumNeighbourhood"":0,""vepMaximum"":0.2199999988079071,""vepMaximumNeighbourhood"":0.3235293924808502,""vepMean"":0.0031268249731510878,""vepMeanNeighbourhood"":0.6616431474685669}","{""credibleSetConfidence"":-0.00035281694727018476,""distanceFootprintMean"":-0.005356949754059315,""distanceFootprintMeanNeighbourhood"":0.0011816472979262471,""distanceSentinelFootprint"":-0.0011517273960635066,""distanceSentinelFootprintNeighbourhood"":-0.0020807909313589334,""distanceSentinelTss"":-0.002424693899229169,""distanceSentinelTssNeighbourhood"":0.04272350296378136,""distanceTssMean"":-0.0008733886643312871,""distanceTssMeanNeighbourhood"":0.027488859370350838,""e2gMean"":-0.0006840011337772012,""e2gMeanNeighbourhood"":-0.0014994816156104207,""eQtlColocClppMaximum"":0.005460021551698446,""eQtlColocClppMaximumNeighbourhood"":0.007730271201580763,""eQtlColocH4Maximum"":0.005922203883528709,""eQtlColocH4MaximumNeighbourhood"":0.005597181152552366,""geneCount500kb"":0.0024582005571573973,""pQtlColocClppMaximum"":0,""pQtlColocClppMaximumNeighbourhood"":0,""pQtlColocH4Maximum"":0,""pQtlColocH4MaximumNeighbourhood"":0,""proteinGeneCount500kb"":0.02426357939839363,""sQtlColocClppMaximum"":-0.0005878464435227215,""sQtlColocClppMaximumNeighbourhood"":-0.0006705729756504297,""sQtlColocH4Maximum"":-0.00041029107524082065,""sQtlColocH4MaximumNeighbourhood"":-0.0011158579727634788,""transPQtlColocH4Maximum"":0,""transPQtlColocH4MaximumNeighbourhood"":0,""vepMaximum"":-0.001811896450817585,""vepMaximumNeighbourhood"":-0.007871892303228378,""vepMean"":0.0005133735830895603,""vepMeanNeighbourhood"":-0.00616736663505435}",0.0334881991147995,GRCh38,moderate_prioritization,0.05,0.6150293350219727
Parkinson disease,DTX3L,ENSG00000163840,PD_CHR03_016,1b2b435b10f0de149a177f702c0afad0,rs16833168,3,122535800,3e-12,0.12368926405906677,PICS,PICS fine-mapped credible set based on reported top hit,GCST90308590,Open Targets Platform Locus-to-Gene,deltex E3 ubiquitin ligase 3L,3_122535800_C_T,"{""distanceFootprintMean"":0.9806748032569885,""distanceFootprintMeanNeighbourhood"":0.9856271147727966,""distanceSentinelFootprint"":0.9955214262008667,""distanceSentinelFootprintNeighbourhood"":0.9955214262008667,""distanceSentinelTss"":0.9955214262008667,""distanceSentinelTssNeighbourhood"":0.9987651109695435,""distanceTssMean"":0.9806748032569885,""distanceTssMeanNeighbourhood"":0.9930480122566223}","{""eQtlColocClppMaximum"":0.013629193417727947,""eQtlColocClppMaximumNeighbourhood"":0.7135656476020813,""eQtlColocH4Maximum"":0.9385589361190796,""eQtlColocH4MaximumNeighbourhood"":0.9821323156356812,""pQtlColocClppMaximum"":0,""pQtlColocClppMaximumNeighbourhood"":0,""pQtlColocH4Maximum"":0,""pQtlColocH4MaximumNeighbourhood"":0,""sQtlColocClppMaximum"":0,""sQtlColocClppMaximumNeighbourhood"":0,""sQtlColocH4Maximum"":0,""sQtlColocH4MaximumNeighbourhood"":0,""transPQtlColocH4Maximum"":0,""transPQtlColocH4MaximumNeighbourhood"":0}","{""vepMaximum"":0.2199999988079071,""vepMaximumNeighbourhood"":0.3235293924808502,""vepMean"":0.003496224991977215,""vepMeanNeighbourhood"":0.8118352293968201}","{""credibleSetConfidence"":0.25,""e2gMean"":0.026451310142874718,""e2gMeanNeighbourhood"":1,""geneCount500kb"":16,""proteinGeneCount500kb"":9}","{""credibleSetConfidence"":0.25,""distanceFootprintMean"":0.9806748032569885,""distanceFootprintMeanNeighbourhood"":0.9856271147727966,""distanceSentinelFootprint"":0.9955214262008667,""distanceSentinelFootprintNeighbourhood"":0.9955214262008667,""distanceSentinelTss"":0.9955214262008667,""distanceSentinelTssNeighbourhood"":0.9987651109695435,""distanceTssMean"":0.9806748032569885,""distanceTssMeanNeighbourhood"":0.9930480122566223,""e2gMean"":0.026451310142874718,""e2gMeanNeighbourhood"":1,""eQtlColocClppMaximum"":0.013629193417727947,""eQtlColocClppMaximumNeighbourhood"":0.7135656476020813,""eQtlColocH4Maximum"":0.9385589361190796,""eQtlColocH4MaximumNeighbourhood"":0.9821323156356812,""geneCount500kb"":16,""pQtlColocClppMaximum"":0,""pQtlColocClppMaximumNeighbourhood"":0,""pQtlColocH4Maximum"":0,""pQtlColocH4MaximumNeighbourhood"":0,""proteinGeneCount500kb"":9,""sQtlColocClppMaximum"":0,""sQtlColocClppMaximumNeighbourhood"":0,""sQtlColocH4Maximum"":0,""sQtlColocH4MaximumNeighbourhood"":0,""transPQtlColocH4Maximum"":0,""transPQtlColocH4MaximumNeighbourhood"":0,""vepMaximum"":0.2199999988079071,""vepMaximumNeighbourhood"":0.3235293924808502,""vepMean"":0.003496224991977215,""vepMeanNeighbourhood"":0.8118352293968201}","{""credibleSetConfidence"":0.0002222565235570073,""distanceFootprintMean"":-0.004734058398753405,""distanceFootprintMeanNeighbourhood"":0.0009000623249448836,""distanceSentinelFootprint"":-0.0008944644359871745,""distanceSentinelFootprintNeighbourhood"":-0.0008693042327649891,""distanceSentinelTss"":-0.008714674971997738,""distanceSentinelTssNeighbourhood"":0.027848945930600166,""distanceTssMean"":-0.0009045589831657708,""distanceTssMeanNeighbourhood"":0.02329842373728752,""e2gMean"":0.0035697489511221647,""e2gMeanNeighbourhood"":0.026983018964529037,""eQtlColocClppMaximum"":0.005233334377408028,""eQtlColocClppMaximumNeighbourhood"":0.011754073202610016,""eQtlColocH4Maximum"":0.005661413539201021,""eQtlColocH4MaximumNeighbourhood"":0.005109095945954323,""geneCount500kb"":0.00475127762183547,""pQtlColocClppMaximum"":0,""pQtlColocClppMaximumNeighbourhood"":0,""pQtlColocH4Maximum"":0,""pQtlColocH4MaximumNeighbourhood"":0,""proteinGeneCount500kb"":-0.0008825716213323176,""sQtlColocClppMaximum"":-4.660112608689815e-05,""sQtlColocClppMaximumNeighbourhood"":-0.00019512762082740664,""sQtlColocH4Maximum"":-2.712055174924899e-05,""sQtlColocH4MaximumNeighbourhood"":-0.0002596398408059031,""transPQtlColocH4Maximum"":0,""transPQtlColocH4MaximumNeighbourhood"":0,""vepMaximum"":-0.0014375103637576103,""vepMaximumNeighbourhood"":-0.012869053520262241,""vepMean"":0.00039305476821027696,""vepMeanNeighbourhood"":0.006133243441581726}",0.03366601839661598,GRCh38,moderate_prioritization,0.05,0.6150293350219727
Parkinson disease,YARS2,ENSG00000139131,PD_CHR12_046,97a2c12e26b0765502779cb2b646396c,rs148163066,12,32826971,6.999999999999999e-11,0.12023530900478363,PICS,PICS fine-mapped credible set based on reported top hit,GCST90308590,Open Targets Platform Locus-to-Gene,tyrosyl-tRNA synthetase 2,12_32826971_A_G,"{""distanceFootprintMean"":0.9883158802986145,""distanceFootprintMeanNeighbourhood"":0.9883158802986145,""distanceSentinelFootprint"":0.9883158802986145,""distanceSentinelFootprintNeighbourhood"":0.9883158802986145,""distanceSentinelTss"":0.9883158802986145,""distanceSentinelTssNeighbourhood"":0.9997724294662476,""distanceTssMean"":0.9883158802986145,""distanceTssMeanNeighbourhood"":0.9997724294662476}","{""eQtlColocClppMaximum"":0,""eQtlColocClppMaximumNeighbourhood"":0,""eQtlColocH4Maximum"":0,""eQtlColocH4MaximumNeighbourhood"":0,""pQtlColocClppMaximum"":0,""pQtlColocClppMaximumNeighbourhood"":0,""pQtlColocH4Maximum"":0,""pQtlColocH4MaximumNeighbourhood"":0,""sQtlColocClppMaximum"":0,""sQtlColocClppMaximumNeighbourhood"":0,""sQtlColocH4Maximum"":0,""sQtlColocH4MaximumNeighbourhood"":0,""transPQtlColocH4Maximum"":0,""transPQtlColocH4MaximumNeighbourhood"":0}","{""vepMaximum"":0.2199999988079071,""vepMaximumNeighbourhood"":0.6875,""vepMean"":0.2199999988079071,""vepMeanNeighbourhood"":0.6875}","{""credibleSetConfidence"":0.25,""e2gMean"":0,""e2gMeanNeighbourhood"":0,""geneCount500kb"":16,""proteinGeneCount500kb"":3}","{""credibleSetConfidence"":0.25,""distanceFootprintMean"":0.9883158802986145,""distanceFootprintMeanNeighbourhood"":0.9883158802986145,""distanceSentinelFootprint"":0.9883158802986145,""distanceSentinelFootprintNeighbourhood"":0.9883158802986145,""distanceSentinelTss"":0.9883158802986145,""distanceSentinelTssNeighbourhood"":0.9997724294662476,""distanceTssMean"":0.9883158802986145,""distanceTssMeanNeighbourhood"":0.9997724294662476,""e2gMean"":0,""e2gMeanNeighbourhood"":0,""eQtlColocClppMaximum"":0,""eQtlColocClppMaximumNeighbourhood"":0,""eQtlColocH4Maximum"":0,""eQtlColocH4MaximumNeighbourhood"":0,""geneCount500kb"":16,""pQtlColocClppMaximum"":0,""pQtlColocClppMaximumNeighbourhood"":0,""pQtlColocH4Maximum"":0,""pQtlColocH4MaximumNeighbourhood"":0,""proteinGeneCount500kb"":3,""sQtlColocClppMaximum"":0,""sQtlColocClppMaximumNeighbourhood"":0,""sQtlColocH4Maximum"":0,""sQtlColocH4MaximumNeighbourhood"":0,""transPQtlColocH4Maximum"":0,""transPQtlColocH4MaximumNeighbourhood"":0,""vepMaximum"":0.2199999988079071,""vepMaximumNeighbourhood"":0.6875,""vepMean"":0.2199999988079071,""vepMeanNeighbourhood"":0.6875}","{""credibleSetConfidence"":-0.0007776247221045196,""distanceFootprintMean"":-0.001143749919719994,""distanceFootprintMeanNeighbourhood"":0.001597723108716309,""distanceSentinelFootprint"":-0.002700145822018385,""distanceSentinelFootprintNeighbourhood"":-0.00449548801407218,""distanceSentinelTss"":-0.012567678466439247,""distanceSentinelTssNeighbourhood"":0.03954214230179787,""distanceTssMean"":-0.002349740592762828,""distanceTssMeanNeighbourhood"":0.03779488056898117,""e2gMean"":0.0001339628652203828,""e2gMeanNeighbourhood"":-0.002435819013044238,""eQtlColocClppMaximum"":-0.000849478121381253,""eQtlColocClppMaximumNeighbourhood"":-0.001977954525500536,""eQtlColocH4Maximum"":-0.0007407237426377833,""eQtlColocH4MaximumNeighbourhood"":-0.0012014873791486025,""geneCount500kb"":0.00656179478392005,""pQtlColocClppMaximum"":-0.005525900050997734,""pQtlColocClppMaximumNeighbourhood"":-0.0031719037797302008,""pQtlColocH4Maximum"":-0.0025349799543619156,""pQtlColocH4MaximumNeighbourhood"":-0.0017889979062601924,""proteinGeneCount500kb"":0.030833374708890915,""sQtlColocClppMaximum"":-0.00027285702526569366,""sQtlColocClppMaximumNeighbourhood"":-0.0007987397839315236,""sQtlColocH4Maximum"":-8.557765249861404e-05,""sQtlColocH4MaximumNeighbourhood"":-0.001900378381833434,""transPQtlColocH4Maximum"":-0.0028171325102448463,""transPQtlColocH4MaximumNeighbourhood"":-0.00811855774372816,""vepMaximum"":0.00023606469039805233,""vepMaximumNeighbourhood"":-0.0010281915310770273,""vepMean"":0.005065953359007835,""vepMeanNeighbourhood"":-0.005554603412747383}",0.06330708414316177,GRCh38,moderate_prioritization,0.05,0.6150293350219727
Parkinson disease,MMRN1,ENSG00000138722,PD_CHR04_024,63c3328883271922c3819609f21e52f1,rs356182,4,89704960,4e-170,0.11403094232082367,PICS,PICS fine-mapped credible set based on reported top hit,GCST90308590,Open Targets Platform Locus-to-Gene,multimerin 1,4_89704960_G_A,"{""distanceFootprintMean"":0.9635970592498779,""distanceFootprintMeanNeighbourhood"":0.9664716124534607,""distanceSentinelFootprint"":0.9635970592498779,""distanceSentinelFootprintNeighbourhood"":0.9664716124534607,""distanceSentinelTss"":0.9635970592498779,""distanceSentinelTssNeighbourhood"":0.9866860508918762,""distanceTssMean"":0.9635970592498779,""distanceTssMeanNeighbourhood"":0.9866860508918762}","{""eQtlColocClppMaximum"":0,""eQtlColocClppMaximumNeighbourhood"":0,""eQtlColocH4Maximum"":0,""eQtlColocH4MaximumNeighbourhood"":0,""pQtlColocClppMaximum"":0,""pQtlColocClppMaximumNeighbourhood"":0,""pQtlColocH4Maximum"":0,""pQtlColocH4MaximumNeighbourhood"":0,""sQtlColocClppMaximum"":0,""sQtlColocClppMaximumNeighbourhood"":0,""sQtlColocH4Maximum"":0,""sQtlColocH4MaximumNeighbourhood"":0,""transPQtlColocH4Maximum"":0,""transPQtlColocH4MaximumNeighbourhood"":0}","{""vepMaximum"":0.2199999988079071,""vepMaximumNeighbourhood"":1,""vepMean"":0.2199999988079071,""vepMeanNeighbourhood"":1}","{""credibleSetConfidence"":0.25,""e2gMean"":0,""e2gMeanNeighbourhood"":0,""geneCount500kb"":10,""proteinGeneCount500kb"":2}","{""credibleSetConfidence"":0.25,""distanceFootprintMean"":0.9635970592498779,""distanceFootprintMeanNeighbourhood"":0.9664716124534607,""distanceSentinelFootprint"":0.9635970592498779,""distanceSentinelFootprintNeighbourhood"":0.9664716124534607,""distanceSentinelTss"":0.9635970592498779,""distanceSentinelTssNeighbourhood"":0.9866860508918762,""distanceTssMean"":0.9635970592498779,""distanceTssMeanNeighbourhood"":0.9866860508918762,""e2gMean"":0,""e2gMeanNeighbourhood"":0,""eQtlColocClppMaximum"":0,""eQtlColocClppMaximumNeighbourhood"":0,""eQtlColocH4Maximum"":0,""eQtlColocH4MaximumNeighbourhood"":0,""geneCount500kb"":10,""pQtlColocClppMaximum"":0,""pQtlColocClppMaximumNeighbourhood"":0,""pQtlColocH4Maximum"":0,""pQtlColocH4MaximumNeighbourhood"":0,""proteinGeneCount500kb"":2,""sQtlColocClppMaximum"":0,""sQtlColocClppMaximumNeighbourhood"":0,""sQtlColocH4Maximum"":0,""sQtlColocH4MaximumNeighbourhood"":0,""transPQtlColocH4Maximum"":0,""transPQtlColocH4MaximumNeighbourhood"":0,""vepMaximum"":0.2199999988079071,""vepMaximumNeighbourhood"":1,""vepMean"":0.2199999988079071,""vepMeanNeighbourhood"":1}","{""credibleSetConfidence"":0.0002671241818461567,""distanceFootprintMean"":-0.006619366817176342,""distanceFootprintMeanNeighbourhood"":-0.000634718977380544,""distanceSentinelFootprint"":-0.0005214434349909425,""distanceSentinelFootprintNeighbourhood"":-0.012219375930726528,""distanceSentinelTss"":0.003795662662014365,""distanceSentinelTssNeighbourhood"":0.0004101852246094495,""distanceTssMean"":-0.002095616888254881,""distanceTssMeanNeighbourhood"":0.000799607252702117,""e2gMean"":-0.001496301032602787,""e2gMeanNeighbourhood"":-0.004580690525472164,""eQtlColocClppMaximum"":-0.0003789698239415884,""eQtlColocClppMaximumNeighbourhood"":-0.0018913481617346406,""eQtlColocH4Maximum"":-0.0007991952588781714,""eQtlColocH4MaximumNeighbourhood"":-0.001253233989700675,""geneCount500kb"":0.02379331737756729,""pQtlColocClppMaximum"":-0.00034686754224821925,""pQtlColocClppMaximumNeighbourhood"":-0.00013846201181877404,""pQtlColocH4Maximum"":-9.90402331808582e-05,""pQtlColocH4MaximumNeighbourhood"":-0.00012085639900760725,""proteinGeneCount500kb"":0.03870658949017525,""sQtlColocClppMaximum"":-0.0020850934088230133,""sQtlColocClppMaximumNeighbourhood"":-0.0008209937950596213,""sQtlColocH4Maximum"":-0.0008506386075168848,""sQtlColocH4MaximumNeighbourhood"":-0.001153994002379477,""transPQtlColocH4Maximum"":-0.0005913855275139213,""transPQtlColocH4MaximumNeighbourhood"":-0.0017283600755035877,""vepMaximum"":-0.004512076266109943,""vepMaximumNeighbourhood"":0.01546668540686369,""vepMean"":0.0040939440950751305,""vepMeanNeighbourhood"":0.01301794033497572}",0.05861789733171463,GRCh38,moderate_prioritization,0.05,0.6150293350219727
Parkinson disease,WNT9B,ENSG00000158955,PD_CHR17_068,02880e99c75d978283e8e2b3d0d72fba,rs199453,17,46723580,1e-61,0.1093313992023468,PICS,PICS fine-mapped credible set based on reported top hit,GCST90308590,Open Targets Platform Locus-to-Gene,Wnt family member 9B,17_46723580_C_T,"{""distanceFootprintMean"":0.9753785729408264,""distanceFootprintMeanNeighbourhood"":0.9775757789611816,""distanceSentinelFootprint"":0.9774643182754517,""distanceSentinelFootprintNeighbourhood"":0.9774643182754517,""distanceSentinelTss"":0.9774643182754517,""distanceSentinelTssNeighbourhood"":0.9934380054473877,""distanceTssMean"":0.9753785729408264,""distanceTssMeanNeighbourhood"":0.9934373497962952}","{""eQtlColocClppMaximum"":0,""eQtlColocClppMaximumNeighbourhood"":0,""eQtlColocH4Maximum"":0,""eQtlColocH4MaximumNeighbourhood"":0,""pQtlColocClppMaximum"":0,""pQtlColocClppMaximumNeighbourhood"":0,""pQtlColocH4Maximum"":0,""pQtlColocH4MaximumNeighbourhood"":0,""sQtlColocClppMaximum"":0,""sQtlColocClppMaximumNeighbourhood"":0,""sQtlColocH4Maximum"":0,""sQtlColocH4MaximumNeighbourhood"":0,""transPQtlColocH4Maximum"":0,""transPQtlColocH4MaximumNeighbourhood"":0}","{""vepMaximum"":0.2199999988079071,""vepMaximumNeighbourhood"":0.6875,""vepMean"":0.013350382447242737,""vepMeanNeighbourhood"":0.6875}","{""credibleSetConfidence"":0.25,""e2gMean"":0.06371502578258514,""e2gMeanNeighbourhood"":0.647877037525177,""geneCount500kb"":15,""proteinGeneCount500kb"":7}","{""credibleSetConfidence"":0.25,""distanceFootprintMean"":0.9753785729408264,""distanceFootprintMeanNeighbourhood"":0.9775757789611816,""distanceSentinelFootprint"":0.9774643182754517,""distanceSentinelFootprintNeighbourhood"":0.9774643182754517,""distanceSentinelTss"":0.9774643182754517,""distanceSentinelTssNeighbourhood"":0.9934380054473877,""distanceTssMean"":0.9753785729408264,""distanceTssMeanNeighbourhood"":0.9934373497962952,""e2gMean"":0.06371502578258514,""e2gMeanNeighbourhood"":0.647877037525177,""eQtlColocClppMaximum"":0,""eQtlColocClppMaximumNeighbourhood"":0,""eQtlColocH4Maximum"":0,""eQtlColocH4MaximumNeighbourhood"":0,""geneCount500kb"":15,""pQtlColocClppMaximum"":0,""pQtlColocClppMaximumNeighbourhood"":0,""pQtlColocH4Maximum"":0,""pQtlColocH4MaximumNeighbourhood"":0,""proteinGeneCount500kb"":7,""sQtlColocClppMaximum"":0,""sQtlColocClppMaximumNeighbourhood"":0,""sQtlColocH4Maximum"":0,""sQtlColocH4MaximumNeighbourhood"":0,""transPQtlColocH4Maximum"":0,""transPQtlColocH4MaximumNeighbourhood"":0,""vepMaximum"":0.2199999988079071,""vepMaximumNeighbourhood"":0.6875,""vepMean"":0.013350382447242737,""vepMeanNeighbourhood"":0.6875}","{""credibleSetConfidence"":0.0001913304440677166,""distanceFootprintMean"":-0.0046585360541939735,""distanceFootprintMeanNeighbourhood"":3.2922729587880895e-05,""distanceSentinelFootprint"":0.0002451975888106972,""distanceSentinelFootprintNeighbourhood"":-0.0043081603944301605,""distanceSentinelTss"":0.006994894240051508,""distanceSentinelTssNeighbourhood"":0.008436289615929127,""distanceTssMean"":-0.0011656268034130335,""distanceTssMeanNeighbourhood"":0.04168517515063286,""e2gMean"":0.00311309308744967,""e2gMeanNeighbourhood"":0.008169237524271011,""eQtlColocClppMaximum"":-0.0009313164046034217,""eQtlColocClppMaximumNeighbourhood"":-0.003314726985991001,""eQtlColocH4Maximum"":-0.0011137929977849126,""eQtlColocH4MaximumNeighbourhood"":-0.002446237253025174,""geneCount500kb"":0.008891372010111809,""pQtlColocClppMaximum"":-0.0015002272557467222,""pQtlColocClppMaximumNeighbourhood"":-0.0007616162183694541,""pQtlColocH4Maximum"":-0.0006576917367056012,""pQtlColocH4MaximumNeighbourhood"":-0.0004646102315746248,""proteinGeneCount500kb"":0.0009465831681154668,""sQtlColocClppMaximum"":-0.0007311429944820702,""sQtlColocClppMaximumNeighbourhood"":-0.00036825978895649314,""sQtlColocH4Maximum"":-0.0003762479464057833,""sQtlColocH4MaximumNeighbourhood"":-0.0010942239314317703,""transPQtlColocH4Maximum"":-0.0015291497111320496,""transPQtlColocH4MaximumNeighbourhood"":-0.004244125448167324,""vepMaximum"":-0.0022680063266307116,""vepMaximumNeighbourhood"":0.00017981014389079064,""vepMean"":-0.0014543194556608796,""vepMeanNeighbourhood"":0.0020026410929858685}",0.06183086335659027,GRCh38,moderate_prioritization,0.05,0.6150293350219727
Parkinson disease,FCGR2B,ENSG00000072694,PD_CHR01_005,b7521a623d84c257ed1519ccfb493ec4,rs6658353,1,161499264,2e-11,0.10461467504501343,PICS,PICS fine-mapped credible set based on reported top hit,GCST90308590,Open Targets Platform Locus-to-Gene,Fc gamma receptor IIb,1_161499264_G_C,"{""distanceFootprintMean"":0.9700260758399963,""distanceFootprintMeanNeighbourhood"":0.9712339043617249,""distanceSentinelFootprint"":0.9697359800338745,""distanceSentinelFootprintNeighbourhood"":0.9706578850746155,""distanceSentinelTss"":0.9697359800338745,""distanceSentinelTssNeighbourhood"":0.9706578850746155,""distanceTssMean"":0.9700260758399963,""distanceTssMeanNeighbourhood"":0.971489429473877}","{""eQtlColocClppMaximum"":0,""eQtlColocClppMaximumNeighbourhood"":0,""eQtlColocH4Maximum"":0,""eQtlColocH4MaximumNeighbourhood"":0,""pQtlColocClppMaximum"":0.18777692317962646,""pQtlColocClppMaximumNeighbourhood"":0.8885101079940796,""pQtlColocH4Maximum"":0.9957433342933655,""pQtlColocH4MaximumNeighbourhood"":0.99928879737854,""sQtlColocClppMaximum"":0,""sQtlColocClppMaximumNeighbourhood"":0,""sQtlColocH4Maximum"":0,""sQtlColocH4MaximumNeighbourhood"":0,""transPQtlColocH4Maximum"":0,""transPQtlColocH4MaximumNeighbourhood"":0}","{""vepMaximum"":0.2199999988079071,""vepMaximumNeighbourhood"":0.3235293924808502,""vepMean"":0.036320216953754425,""vepMeanNeighbourhood"":0.6647244095802307}","{""credibleSetConfidence"":0.25,""e2gMean"":0,""e2gMeanNeighbourhood"":0,""geneCount500kb"":49,""proteinGeneCount500kb"":13}","{""credibleSetConfidence"":0.25,""distanceFootprintMean"":0.9700260758399963,""distanceFootprintMeanNeighbourhood"":0.9712339043617249,""distanceSentinelFootprint"":0.9697359800338745,""distanceSentinelFootprintNeighbourhood"":0.9706578850746155,""distanceSentinelTss"":0.9697359800338745,""distanceSentinelTssNeighbourhood"":0.9706578850746155,""distanceTssMean"":0.9700260758399963,""distanceTssMeanNeighbourhood"":0.971489429473877,""e2gMean"":0,""e2gMeanNeighbourhood"":0,""eQtlColocClppMaximum"":0,""eQtlColocClppMaximumNeighbourhood"":0,""eQtlColocH4Maximum"":0,""eQtlColocH4MaximumNeighbourhood"":0,""geneCount500kb"":49,""pQtlColocClppMaximum"":0.18777692317962646,""pQtlColocClppMaximumNeighbourhood"":0.8885101079940796,""pQtlColocH4Maximum"":0.9957433342933655,""pQtlColocH4MaximumNeighbourhood"":0.99928879737854,""proteinGeneCount500kb"":13,""sQtlColocClppMaximum"":0,""sQtlColocClppMaximumNeighbourhood"":0,""sQtlColocH4Maximum"":0,""sQtlColocH4MaximumNeighbourhood"":0,""transPQtlColocH4Maximum"":0,""transPQtlColocH4MaximumNeighbourhood"":0,""vepMaximum"":0.2199999988079071,""vepMaximumNeighbourhood"":0.3235293924808502,""vepMean"":0.036320216953754425,""vepMeanNeighbourhood"":0.6647244095802307}","{""credibleSetConfidence"":0.0007795298006385565,""distanceFootprintMean"":-0.004367212764918804,""distanceFootprintMeanNeighbourhood"":-0.0024441175628453493,""distanceSentinelFootprint"":-0.00012357751256786287,""distanceSentinelFootprintNeighbourhood"":-0.003708880627527833,""distanceSentinelTss"":0.005271517671644688,""distanceSentinelTssNeighbourhood"":-0.014939338900148869,""distanceTssMean"":-0.00150452577508986,""distanceTssMeanNeighbourhood"":-0.01040771696716547,""e2gMean"":-0.002046040026471019,""e2gMeanNeighbourhood"":-0.007992585189640522,""eQtlColocClppMaximum"":-0.0026499456726014614,""eQtlColocClppMaximumNeighbourhood"":-0.00213140738196671,""eQtlColocH4Maximum"":-0.0016778367571532726,""eQtlColocH4MaximumNeighbourhood"":-0.0025756738614290953,""geneCount500kb"":-0.0007454848382622004,""pQtlColocClppMaximum"":0.06341593712568283,""pQtlColocClppMaximumNeighbourhood"":0.020224174484610558,""pQtlColocH4Maximum"":0.018835855647921562,""pQtlColocH4MaximumNeighbourhood"":0.017198259010910988,""proteinGeneCount500kb"":-0.006415622308850288,""sQtlColocClppMaximum"":-0.0007448969990946352,""sQtlColocClppMaximumNeighbourhood"":-0.00030172988772392273,""sQtlColocH4Maximum"":-0.0004974390612915158,""sQtlColocH4MaximumNeighbourhood"":-0.0006746606668457389,""transPQtlColocH4Maximum"":-0.00011945581354666501,""transPQtlColocH4MaximumNeighbourhood"":-0.0005854176706634462,""vepMaximum"":-0.0029631906654685736,""vepMaximumNeighbourhood"":-0.016547465696930885,""vepMean"":0.0009384170407429338,""vepMeanNeighbourhood"":0.0055761393159627914}",0.0585390143096447,GRCh38,moderate_prioritization,0.05,0.6150293350219727
Parkinson disease,NUCKS1,ENSG00000069275,PD_CHR01_007,8bae19697cbddf937ba849a52978d268,rs12118655,1,205694350,2e-32,0.10082591325044632,PICS,PICS fine-mapped credible set based on reported top hit,GCST90308590,Open Targets Platform Locus-to-Gene,nuclear casein kinase and cyclin dependent kinase substrate 1,1_205694350_A_G,"{""distanceFootprintMean"":0.9939508438110352,""distanceFootprintMeanNeighbourhood"":1,""distanceSentinelFootprint"":0.99713134765625,""distanceSentinelFootprintNeighbourhood"":0.9992690682411194,""distanceSentinelTss"":0.990976870059967,""distanceSentinelTssNeighbourhood"":0.9931013584136963,""distanceTssMean"":0.9882908463478088,""distanceTssMeanNeighbourhood"":0.9946271777153015}","{""eQtlColocClppMaximum"":0.055349789559841156,""eQtlColocClppMaximumNeighbourhood"":1,""eQtlColocH4Maximum"":0.9848279356956482,""eQtlColocH4MaximumNeighbourhood"":1,""pQtlColocClppMaximum"":0,""pQtlColocClppMaximumNeighbourhood"":0,""pQtlColocH4Maximum"":0,""pQtlColocH4MaximumNeighbourhood"":0,""sQtlColocClppMaximum"":0,""sQtlColocClppMaximumNeighbourhood"":0,""sQtlColocH4Maximum"":0,""sQtlColocH4MaximumNeighbourhood"":0,""transPQtlColocH4Maximum"":0,""transPQtlColocH4MaximumNeighbourhood"":0}","{""vepMaximum"":0.3700000047683716,""vepMaximumNeighbourhood"":1,""vepMean"":0.02523493953049183,""vepMeanNeighbourhood"":0.4069947898387909}","{""credibleSetConfidence"":0.25,""e2gMean"":0.02403673529624939,""e2gMeanNeighbourhood"":0.06236737594008446,""geneCount500kb"":24,""proteinGeneCount500kb"":10}","{""credibleSetConfidence"":0.25,""distanceFootprintMean"":0.9939508438110352,""distanceFootprintMeanNeighbourhood"":1,""distanceSentinelFootprint"":0.99713134765625,""distanceSentinelFootprintNeighbourhood"":0.9992690682411194,""distanceSentinelTss"":0.990976870059967,""distanceSentinelTssNeighbourhood"":0.9931013584136963,""distanceTssMean"":0.9882908463478088,""distanceTssMeanNeighbourhood"":0.9946271777153015,""e2gMean"":0.02403673529624939,""e2gMeanNeighbourhood"":0.06236737594008446,""eQtlColocClppMaximum"":0.055349789559841156,""eQtlColocClppMaximumNeighbourhood"":1,""eQtlColocH4Maximum"":0.9848279356956482,""eQtlColocH4MaximumNeighbourhood"":1,""geneCount500kb"":24,""pQtlColocClppMaximum"":0,""pQtlColocClppMaximumNeighbourhood"":0,""pQtlColocH4Maximum"":0,""pQtlColocH4MaximumNeighbourhood"":0,""proteinGeneCount500kb"":10,""sQtlColocClppMaximum"":0,""sQtlColocClppMaximumNeighbourhood"":0,""sQtlColocH4Maximum"":0,""sQtlColocH4MaximumNeighbourhood"":0,""transPQtlColocH4Maximum"":0,""transPQtlColocH4MaximumNeighbourhood"":0,""vepMaximum"":0.3700000047683716,""vepMaximumNeighbourhood"":1,""vepMean"":0.02523493953049183,""vepMeanNeighbourhood"":0.4069947898387909}","{""credibleSetConfidence"":0.0004807878867723048,""distanceFootprintMean"":0.0017540636472404003,""distanceFootprintMeanNeighbourhood"":-0.0013083878438919783,""distanceSentinelFootprint"":-0.0008409051806665957,""distanceSentinelFootprintNeighbourhood"":0.020366491749882698,""distanceSentinelTss"":-0.0029877417255192995,""distanceSentinelTssNeighbourhood"":0.004392338450998068,""distanceTssMean"":4.842913767788559e-05,""distanceTssMeanNeighbourhood"":0.013575002551078796,""e2gMean"":0.0051598213613033295,""e2gMeanNeighbourhood"":0.0020265765488147736,""eQtlColocClppMaximum"":0.0031665570568293333,""eQtlColocClppMaximumNeighbourhood"":0.008037746883928776,""eQtlColocH4Maximum"":0.004404832608997822,""eQtlColocH4MaximumNeighbourhood"":0.006175109185278416,""geneCount500kb"":-0.0028576727490872145,""pQtlColocClppMaximum"":-0.0004641920095309615,""pQtlColocClppMaximumNeighbourhood"":-0.000158682421897538,""pQtlColocH4Maximum"":-0.00015106398495845497,""pQtlColocH4MaximumNeighbourhood"":-2.5400464437552728e-05,""proteinGeneCount500kb"":-0.0026228639762848616,""sQtlColocClppMaximum"":-0.0006549762329086661,""sQtlColocClppMaximumNeighbourhood"":-0.0003690718731377274,""sQtlColocH4Maximum"":-0.0005276182200759649,""sQtlColocH4MaximumNeighbourhood"":-0.0010131115559488535,""transPQtlColocH4Maximum"":0,""transPQtlColocH4MaximumNeighbourhood"":0,""vepMaximum"":0.015030723065137863,""vepMaximumNeighbourhood"":0.018129296600818634,""vepMean"":-0.00224162545055151,""vepMeanNeighbourhood"":-0.007832803763449192}",0.022134289145469666,GRCh38,moderate_prioritization,0.05,0.6150293350219727
Parkinson disease,IP6K2,ENSG00000068745,PD_CHR03_015,68d83f61b8246a33a33777add244e241,rs12497850,3,48711556,3.0000000000000004e-09,0.09626437723636627,PICS,PICS fine-mapped credible set based on reported top hit,GCST90308590,Open Targets Platform Locus-to-Gene,inositol hexakisphosphate kinase 2,3_48711556_G_T,"{""distanceFootprintMean"":0.9671310782432556,""distanceFootprintMeanNeighbourhood"":0.9838883280754089,""distanceSentinelFootprint"":1,""distanceSentinelFootprintNeighbourhood"":1,""distanceSentinelTss"":0.9991316795349121,""distanceSentinelTssNeighbourhood"":1,""distanceTssMean"":0.9663057327270508,""distanceTssMeanNeighbourhood"":0.9894916415214539}","{""eQtlColocClppMaximum"":0.0055699096992611885,""eQtlColocClppMaximumNeighbourhood"":0.24318081140518188,""eQtlColocH4Maximum"":0.8611807823181152,""eQtlColocH4MaximumNeighbourhood"":0.8942871689796448,""pQtlColocClppMaximum"":0,""pQtlColocClppMaximumNeighbourhood"":0,""pQtlColocH4Maximum"":0,""pQtlColocH4MaximumNeighbourhood"":0,""sQtlColocClppMaximum"":0.013420892879366875,""sQtlColocClppMaximumNeighbourhood"":0.5539632439613342,""sQtlColocH4Maximum"":0.9378097057342529,""sQtlColocH4MaximumNeighbourhood"":0.9718425273895264,""transPQtlColocH4Maximum"":0,""transPQtlColocH4MaximumNeighbourhood"":0}","{""vepMaximum"":0.46000000834465027,""vepMaximumNeighbourhood"":0.8214285969734192,""vepMean"":0.0016699585830792785,""vepMeanNeighbourhood"":0.42688727378845215}","{""credibleSetConfidence"":0.25,""e2gMean"":0.0239411648362875,""e2gMeanNeighbourhood"":0.4872429370880127,""geneCount500kb"":24,""proteinGeneCount500kb"":14}","{""credibleSetConfidence"":0.25,""distanceFootprintMean"":0.9671310782432556,""distanceFootprintMeanNeighbourhood"":0.9838883280754089,""distanceSentinelFootprint"":1,""distanceSentinelFootprintNeighbourhood"":1,""distanceSentinelTss"":0.9991316795349121,""distanceSentinelTssNeighbourhood"":1,""distanceTssMean"":0.9663057327270508,""distanceTssMeanNeighbourhood"":0.9894916415214539,""e2gMean"":0.0239411648362875,""e2gMeanNeighbourhood"":0.4872429370880127,""eQtlColocClppMaximum"":0.0055699096992611885,""eQtlColocClppMaximumNeighbourhood"":0.24318081140518188,""eQtlColocH4Maximum"":0.8611807823181152,""eQtlColocH4MaximumNeighbourhood"":0.8942871689796448,""geneCount500kb"":24,""pQtlColocClppMaximum"":0,""pQtlColocClppMaximumNeighbourhood"":0,""pQtlColocH4Maximum"":0,""pQtlColocH4MaximumNeighbourhood"":0,""proteinGeneCount500kb"":14,""sQtlColocClppMaximum"":0.013420892879366875,""sQtlColocClppMaximumNeighbourhood"":0.5539632439613342,""sQtlColocH4Maximum"":0.9378097057342529,""sQtlColocH4MaximumNeighbourhood"":0.9718425273895264,""transPQtlColocH4Maximum"":0,""transPQtlColocH4MaximumNeighbourhood"":0,""vepMaximum"":0.46000000834465027,""vepMaximumNeighbourhood"":0.8214285969734192,""vepMean"":0.0016699585830792785,""vepMeanNeighbourhood"":0.42688727378845215}","{""credibleSetConfidence"":0.0006038068677298725,""distanceFootprintMean"":-0.007862616330385208,""distanceFootprintMeanNeighbourhood"":-0.0009188344120047987,""distanceSentinelFootprint"":0.002354806987568736,""distanceSentinelFootprintNeighbourhood"":0.0056153228506445885,""distanceSentinelTss"":0.00018737514619715512,""distanceSentinelTssNeighbourhood"":0.0234052836894989,""distanceTssMean"":-0.00393765838816762,""distanceTssMeanNeighbourhood"":0.004487959668040276,""e2gMean"":0.0024731585290282965,""e2gMeanNeighbourhood"":0.0014594842214137316,""eQtlColocClppMaximum"":0.002609435934573412,""eQtlColocClppMaximumNeighbourhood"":0.006670160684734583,""eQtlColocH4Maximum"":0.004856959450989962,""eQtlColocH4MaximumNeighbourhood"":0.003133861580863595,""geneCount500kb"":-0.0027090178336948156,""pQtlColocClppMaximum"":-0.004019869025796652,""pQtlColocClppMaximumNeighbourhood"":-0.0013518661726266146,""pQtlColocH4Maximum"":-0.0022228730376809835,""pQtlColocH4MaximumNeighbourhood"":-0.00023232889361679554,""proteinGeneCount500kb"":-0.008491246029734612,""sQtlColocClppMaximum"":0.005385817959904671,""sQtlColocClppMaximumNeighbourhood"":0.0007845364743843675,""sQtlColocH4Maximum"":0.0021594776771962643,""sQtlColocH4MaximumNeighbourhood"":0.005930771119892597,""transPQtlColocH4Maximum"":-0.002795364474877715,""transPQtlColocH4MaximumNeighbourhood"":-0.008580618537962437,""vepMaximum"":0.012881043367087841,""vepMaximumNeighbourhood"":-0.021774031221866608,""vepMean"":-0.014164884574711323,""vepMeanNeighbourhood"":-0.011016209609806538}",0.10134253650903702,GRCh38,moderate_prioritization,0.05,0.6150293350219727
Parkinson disease,DPM3,ENSG00000179085,PD_CHR01_002,32b726309ce69671e5eadf6258ed8a7e,rs35682329,1,155148667,1e-75,0.0954490676522255,PICS,PICS fine-mapped credible set based on reported top hit,GCST90308590,Open Targets Platform Locus-to-Gene,"dolichyl-phosphate mannosyltransferase subunit 3, regulatory",1_155148667_A_G,"{""distanceFootprintMean"":0.9990025162696838,""distanceFootprintMeanNeighbourhood"":0.9998325109481812,""distanceSentinelFootprint"":0.9987497925758362,""distanceSentinelFootprintNeighbourhood"":1,""distanceSentinelTss"":0.9987497925758362,""distanceSentinelTssNeighbourhood"":1,""distanceTssMean"":0.9989547729492188,""distanceTssMeanNeighbourhood"":1}","{""eQtlColocClppMaximum"":0,""eQtlColocClppMaximumNeighbourhood"":0,""eQtlColocH4Maximum"":0,""eQtlColocH4MaximumNeighbourhood"":0,""pQtlColocClppMaximum"":0,""pQtlColocClppMaximumNeighbourhood"":0,""pQtlColocH4Maximum"":0,""pQtlColocH4MaximumNeighbourhood"":0,""sQtlColocClppMaximum"":0,""sQtlColocClppMaximumNeighbourhood"":0,""sQtlColocH4Maximum"":0,""sQtlColocH4MaximumNeighbourhood"":0,""transPQtlColocH4Maximum"":0,""transPQtlColocH4MaximumNeighbourhood"":0}","{""vepMaximum"":0.2199999988079071,""vepMaximumNeighbourhood"":1,""vepMean"":0.10510878264904022,""vepMeanNeighbourhood"":0.9560543894767761}","{""credibleSetConfidence"":0.25,""e2gMean"":0,""e2gMeanNeighbourhood"":0,""geneCount500kb"":53,""proteinGeneCount500kb"":31}","{""credibleSetConfidence"":0.25,""distanceFootprintMean"":0.9990025162696838,""distanceFootprintMeanNeighbourhood"":0.9998325109481812,""distanceSentinelFootprint"":0.9987497925758362,""distanceSentinelFootprintNeighbourhood"":1,""distanceSentinelTss"":0.9987497925758362,""distanceSentinelTssNeighbourhood"":1,""distanceTssMean"":0.9989547729492188,""distanceTssMeanNeighbourhood"":1,""e2gMean"":0,""e2gMeanNeighbourhood"":0,""eQtlColocClppMaximum"":0,""eQtlColocClppMaximumNeighbourhood"":0,""eQtlColocH4Maximum"":0,""eQtlColocH4MaximumNeighbourhood"":0,""geneCount500kb"":53,""pQtlColocClppMaximum"":0,""pQtlColocClppMaximumNeighbourhood"":0,""pQtlColocH4Maximum"":0,""pQtlColocH4MaximumNeighbourhood"":0,""proteinGeneCount500kb"":31,""sQtlColocClppMaximum"":0,""sQtlColocClppMaximumNeighbourhood"":0,""sQtlColocH4Maximum"":0,""sQtlColocH4MaximumNeighbourhood"":0,""transPQtlColocH4Maximum"":0,""transPQtlColocH4MaximumNeighbourhood"":0,""vepMaximum"":0.2199999988079071,""vepMaximumNeighbourhood"":1,""vepMean"":0.10510878264904022,""vepMeanNeighbourhood"":0.9560543894767761}","{""credibleSetConfidence"":0.00015991987311281264,""distanceFootprintMean"":0.0028369599021971226,""distanceFootprintMeanNeighbourhood"":0.006146832834929228,""distanceSentinelFootprint"":0.0006185974925756454,""distanceSentinelFootprintNeighbourhood"":0.02967415750026703,""distanceSentinelTss"":-0.0019106885883957148,""distanceSentinelTssNeighbourhood"":0.0369281992316246,""distanceTssMean"":0.004830034915357828,""distanceTssMeanNeighbourhood"":0.016952207311987877,""e2gMean"":-0.0018464181339368224,""e2gMeanNeighbourhood"":-0.0061046052724123,""eQtlColocClppMaximum"":-0.0003480160958133638,""eQtlColocClppMaximumNeighbourhood"":-0.0005510753835551441,""eQtlColocH4Maximum"":-0.0004625079454854131,""eQtlColocH4MaximumNeighbourhood"":-0.000544478592928499,""geneCount500kb"":-0.04622603580355644,""pQtlColocClppMaximum"":-0.0018051329534500837,""pQtlColocClppMaximumNeighbourhood"":-0.0006937527214176953,""pQtlColocH4Maximum"":-0.0016712970100343227,""pQtlColocH4MaximumNeighbourhood"":-4.26907827204559e-05,""proteinGeneCount500kb"":-0.02922941744327545,""sQtlColocClppMaximum"":-0.0011033705668523908,""sQtlColocClppMaximumNeighbourhood"":-0.0003066303033847362,""sQtlColocH4Maximum"":-0.000779283931478858,""sQtlColocH4MaximumNeighbourhood"":-0.00039213954005390406,""transPQtlColocH4Maximum"":-0.0011990617495030165,""transPQtlColocH4MaximumNeighbourhood"":-0.004110108129680157,""vepMaximum"":-0.002511790953576565,""vepMaximumNeighbourhood"":0.016324734315276146,""vepMean"":-0.000637863005977124,""vepMeanNeighbourhood"":0.006520169787108898}",0.07693363726139069,GRCh38,moderate_prioritization,0.05,0.6150293350219727
Parkinson disease,CNOT7,ENSG00000198791,PD_CHR08_036,3f5a3b8f2b1da9113670d0bb3a3bd2b6,rs34096562,8,16843772,6e-17,0.09324187785387039,PICS,PICS fine-mapped credible set based on reported top hit,GCST90308590,Open Targets Platform Locus-to-Gene,CCR4-NOT transcription complex subunit 7,8_16843772_T_G,"{""distanceFootprintMean"":0.8883035182952881,""distanceFootprintMeanNeighbourhood"":0.9158169627189636,""distanceSentinelFootprint"":0.8904839158058167,""distanceSentinelFootprintNeighbourhood"":0.9150390028953552,""distanceSentinelTss"":0.87496417760849,""distanceSentinelTssNeighbourhood"":0.9011613726615906,""distanceTssMean"":0.8731310367584229,""distanceTssMeanNeighbourhood"":0.9022393226623535}","{""eQtlColocClppMaximum"":0,""eQtlColocClppMaximumNeighbourhood"":0,""eQtlColocH4Maximum"":0,""eQtlColocH4MaximumNeighbourhood"":0,""pQtlColocClppMaximum"":0,""pQtlColocClppMaximumNeighbourhood"":0,""pQtlColocH4Maximum"":0,""pQtlColocH4MaximumNeighbourhood"":0,""sQtlColocClppMaximum"":0,""sQtlColocClppMaximumNeighbourhood"":0,""sQtlColocH4Maximum"":0,""sQtlColocH4MaximumNeighbourhood"":0,""transPQtlColocH4Maximum"":0,""transPQtlColocH4MaximumNeighbourhood"":0}","{""vepMaximum"":0.20000000298023224,""vepMaximumNeighbourhood"":0.9090909361839294,""vepMean"":0.005146718118339777,""vepMeanNeighbourhood"":0.9090909361839294}","{""credibleSetConfidence"":0.25,""e2gMean"":0,""e2gMeanNeighbourhood"":0,""geneCount500kb"":8,""proteinGeneCount500kb"":2}","{""credibleSetConfidence"":0.25,""distanceFootprintMean"":0.8883035182952881,""distanceFootprintMeanNeighbourhood"":0.9158169627189636,""distanceSentinelFootprint"":0.8904839158058167,""distanceSentinelFootprintNeighbourhood"":0.9150390028953552,""distanceSentinelTss"":0.87496417760849,""distanceSentinelTssNeighbourhood"":0.9011613726615906,""distanceTssMean"":0.8731310367584229,""distanceTssMeanNeighbourhood"":0.9022393226623535,""e2gMean"":0,""e2gMeanNeighbourhood"":0,""eQtlColocClppMaximum"":0,""eQtlColocClppMaximumNeighbourhood"":0,""eQtlColocH4Maximum"":0,""eQtlColocH4MaximumNeighbourhood"":0,""geneCount500kb"":8,""pQtlColocClppMaximum"":0,""pQtlColocClppMaximumNeighbourhood"":0,""pQtlColocH4Maximum"":0,""pQtlColocH4MaximumNeighbourhood"":0,""proteinGeneCount500kb"":2,""sQtlColocClppMaximum"":0,""sQtlColocClppMaximumNeighbourhood"":0,""sQtlColocH4Maximum"":0,""sQtlColocH4MaximumNeighbourhood"":0,""transPQtlColocH4Maximum"":0,""transPQtlColocH4MaximumNeighbourhood"":0,""vepMaximum"":0.20000000298023224,""vepMaximumNeighbourhood"":0.9090909361839294,""vepMean"":0.005146718118339777,""vepMeanNeighbourhood"":0.9090909361839294}","{""credibleSetConfidence"":0.0005137539119459689,""distanceFootprintMean"":0.0023289478849619627,""distanceFootprintMeanNeighbourhood"":-0.0014499641256406903,""distanceSentinelFootprint"":-7.639296381967142e-05,""distanceSentinelFootprintNeighbourhood"":-0.015288994647562504,""distanceSentinelTss"":0.0076332069002091885,""distanceSentinelTssNeighbourhood"":-0.018794020637869835,""distanceTssMean"":0.004774115514010191,""distanceTssMeanNeighbourhood"":-0.0160219743847847,""e2gMean"":-0.0014726667432114482,""e2gMeanNeighbourhood"":-0.0074118939228355885,""eQtlColocClppMaximum"":-0.00020932938787154853,""eQtlColocClppMaximumNeighbourhood"":-0.0006473872344940901,""eQtlColocH4Maximum"":-0.0004577985964715481,""eQtlColocH4MaximumNeighbourhood"":-0.000527423107996583,""geneCount500kb"":0.02452281303703785,""pQtlColocClppMaximum"":-0.0022127411793917418,""pQtlColocClppMaximumNeighbourhood"":-0.0014130206545814872,""pQtlColocH4Maximum"":-0.0010872515849769115,""pQtlColocH4MaximumNeighbourhood"":-0.0005000787787139416,""proteinGeneCount500kb"":0.05392274633049965,""sQtlColocClppMaximum"":-0.00022712562349624932,""sQtlColocClppMaximumNeighbourhood"":-0.00011796769831562415,""sQtlColocH4Maximum"":-0.0001139264422818087,""sQtlColocH4MaximumNeighbourhood"":-0.00011342349898768589,""transPQtlColocH4Maximum"":-0.0005431278259493411,""transPQtlColocH4MaximumNeighbourhood"":-0.0017866876441985369,""vepMaximum"":-0.00024888277403078973,""vepMaximumNeighbourhood"":-0.004823323804885149,""vepMean"":0.0039636678993701935,""vepMeanNeighbourhood"":0.0023413177113980055}",0.06878669559955597,GRCh38,moderate_prioritization,0.05,0.6150293350219727
Parkinson disease,CCDC178,ENSG00000166960,PD_CHR18_071,2f9e25d1a8195d90781eb14bac1b9e04,rs8091977,18,33779450,4e-09,0.09212552011013031,PICS,PICS fine-mapped credible set based on reported top hit,GCST90308590,Open Targets Platform Locus-to-Gene,coiled-coil domain containing 178,18_33779450_T_C,"{""distanceFootprintMean"":0.909147322177887,""distanceFootprintMeanNeighbourhood"":0.9173126220703125,""distanceSentinelFootprint"":0.9137718081474304,""distanceSentinelFootprintNeighbourhood"":0.9178404808044434,""distanceSentinelTss"":0.9137718081474304,""distanceSentinelTssNeighbourhood"":0.9510937929153442,""distanceTssMean"":0.909147322177887,""distanceTssMeanNeighbourhood"":0.9505147337913513}","{""eQtlColocClppMaximum"":0,""eQtlColocClppMaximumNeighbourhood"":0,""eQtlColocH4Maximum"":0,""eQtlColocH4MaximumNeighbourhood"":0,""pQtlColocClppMaximum"":0,""pQtlColocClppMaximumNeighbourhood"":0,""pQtlColocH4Maximum"":0,""pQtlColocH4MaximumNeighbourhood"":0,""sQtlColocClppMaximum"":0,""sQtlColocClppMaximumNeighbourhood"":0,""sQtlColocH4Maximum"":0,""sQtlColocH4MaximumNeighbourhood"":0,""transPQtlColocH4Maximum"":0,""transPQtlColocH4MaximumNeighbourhood"":0}","{""vepMaximum"":0.2199999988079071,""vepMaximumNeighbourhood"":0.3235293924808502,""vepMean"":0.0019725023303180933,""vepMeanNeighbourhood"":0.941565215587616}","{""credibleSetConfidence"":0.25,""e2gMean"":0.015186939388513565,""e2gMeanNeighbourhood"":1,""geneCount500kb"":4,""proteinGeneCount500kb"":1}","{""credibleSetConfidence"":0.25,""distanceFootprintMean"":0.909147322177887,""distanceFootprintMeanNeighbourhood"":0.9173126220703125,""distanceSentinelFootprint"":0.9137718081474304,""distanceSentinelFootprintNeighbourhood"":0.9178404808044434,""distanceSentinelTss"":0.9137718081474304,""distanceSentinelTssNeighbourhood"":0.9510937929153442,""distanceTssMean"":0.909147322177887,""distanceTssMeanNeighbourhood"":0.9505147337913513,""e2gMean"":0.015186939388513565,""e2gMeanNeighbourhood"":1,""eQtlColocClppMaximum"":0,""eQtlColocClppMaximumNeighbourhood"":0,""eQtlColocH4Maximum"":0,""eQtlColocH4MaximumNeighbourhood"":0,""geneCount500kb"":4,""pQtlColocClppMaximum"":0,""pQtlColocClppMaximumNeighbourhood"":0,""pQtlColocH4Maximum"":0,""pQtlColocH4MaximumNeighbourhood"":0,""proteinGeneCount500kb"":1,""sQtlColocClppMaximum"":0,""sQtlColocClppMaximumNeighbourhood"":0,""sQtlColocH4Maximum"":0,""sQtlColocH4MaximumNeighbourhood"":0,""transPQtlColocH4Maximum"":0,""transPQtlColocH4MaximumNeighbourhood"":0,""vepMaximum"":0.2199999988079071,""vepMaximumNeighbourhood"":0.3235293924808502,""vepMean"":0.0019725023303180933,""vepMeanNeighbourhood"":0.941565215587616}","{""credibleSetConfidence"":0.0018020737916231155,""distanceFootprintMean"":0.0032491888850927353,""distanceFootprintMeanNeighbourhood"":-0.0019365734187886119,""distanceSentinelFootprint"":0.001508561777882278,""distanceSentinelFootprintNeighbourhood"":-0.012545358389616013,""distanceSentinelTss"":-0.0004982765531167388,""distanceSentinelTssNeighbourhood"":-0.011339617893099785,""distanceTssMean"":-0.0028816175181418657,""distanceTssMeanNeighbourhood"":-0.013023053295910358,""e2gMean"":0.0019507037941366434,""e2gMeanNeighbourhood"":0.024360530078411102,""eQtlColocClppMaximum"":-8.233587141148746e-05,""eQtlColocClppMaximumNeighbourhood"":-0.0007125496631488204,""eQtlColocH4Maximum"":-0.0005222982144914567,""eQtlColocH4MaximumNeighbourhood"":-0.0006812196224927902,""geneCount500kb"":0.014466316439211369,""pQtlColocClppMaximum"":-0.00045854426571168005,""pQtlColocClppMaximumNeighbourhood"":-0.0005982827278785408,""pQtlColocH4Maximum"":-0.00011225294292671606,""pQtlColocH4MaximumNeighbourhood"":-0.00024213219876401126,""proteinGeneCount500kb"":0.04532459005713463,""sQtlColocClppMaximum"":-0.0011374307796359062,""sQtlColocClppMaximumNeighbourhood"":-0.0002628260408528149,""sQtlColocH4Maximum"":-0.00039657895104028285,""sQtlColocH4MaximumNeighbourhood"":-0.001042273361235857,""transPQtlColocH4Maximum"":-0.00046280489186756313,""transPQtlColocH4MaximumNeighbourhood"":-0.0015039112186059356,""vepMaximum"":-0.0014083774294704199,""vepMaximumNeighbourhood"":-0.012605762109160423,""vepMean"":0.005522997118532658,""vepMeanNeighbourhood"":0.005801547784358263}",0.05259302631020546,GRCh38,moderate_prioritization,0.05,0.6150293350219727
Parkinson disease,CMC1,ENSG00000187118,PD_CHR03_014,5c969b44e1c4ad2bb3d0a194d0103bd8,rs6808178,3,28664199,6e-12,0.0913318544626236,PICS,PICS fine-mapped credible set based on reported top hit,GCST90308590,Open Targets Platform Locus-to-Gene,C-X9-C motif containing 1,3_28664199_T_C,"{""distanceFootprintMean"":0.9109191298484802,""distanceFootprintMeanNeighbourhood"":0.9369930624961853,""distanceSentinelFootprint"":0.9136166572570801,""distanceSentinelFootprintNeighbourhood"":0.9366375207901001,""distanceSentinelTss"":0.8578494191169739,""distanceSentinelTssNeighbourhood"":0.9283302426338196,""distanceTssMean"":0.8562114834785461,""distanceTssMeanNeighbourhood"":0.9293984770774841}","{""eQtlColocClppMaximum"":0,""eQtlColocClppMaximumNeighbourhood"":0,""eQtlColocH4Maximum"":0,""eQtlColocH4MaximumNeighbourhood"":0,""pQtlColocClppMaximum"":0,""pQtlColocClppMaximumNeighbourhood"":0,""pQtlColocH4Maximum"":0,""pQtlColocH4MaximumNeighbourhood"":0,""sQtlColocClppMaximum"":0,""sQtlColocClppMaximumNeighbourhood"":0,""sQtlColocH4Maximum"":0,""sQtlColocH4MaximumNeighbourhood"":0,""transPQtlColocH4Maximum"":0,""transPQtlColocH4MaximumNeighbourhood"":0}","{""vepMaximum"":0.20000000298023224,""vepMaximumNeighbourhood"":0.9090909361839294,""vepMean"":0.03175646439194679,""vepMeanNeighbourhood"":0.9090909361839294}","{""credibleSetConfidence"":0.25,""e2gMean"":0,""e2gMeanNeighbourhood"":0,""geneCount500kb"":4,""proteinGeneCount500kb"":0}","{""credibleSetConfidence"":0.25,""distanceFootprintMean"":0.9109191298484802,""distanceFootprintMeanNeighbourhood"":0.9369930624961853,""distanceSentinelFootprint"":0.9136166572570801,""distanceSentinelFootprintNeighbourhood"":0.9366375207901001,""distanceSentinelTss"":0.8578494191169739,""distanceSentinelTssNeighbourhood"":0.9283302426338196,""distanceTssMean"":0.8562114834785461,""distanceTssMeanNeighbourhood"":0.9293984770774841,""e2gMean"":0,""e2gMeanNeighbourhood"":0,""eQtlColocClppMaximum"":0,""eQtlColocClppMaximumNeighbourhood"":0,""eQtlColocH4Maximum"":0,""eQtlColocH4MaximumNeighbourhood"":0,""geneCount500kb"":4,""pQtlColocClppMaximum"":0,""pQtlColocClppMaximumNeighbourhood"":0,""pQtlColocH4Maximum"":0,""pQtlColocH4MaximumNeighbourhood"":0,""proteinGeneCount500kb"":0,""sQtlColocClppMaximum"":0,""sQtlColocClppMaximumNeighbourhood"":0,""sQtlColocH4Maximum"":0,""sQtlColocH4MaximumNeighbourhood"":0,""transPQtlColocH4Maximum"":0,""transPQtlColocH4MaximumNeighbourhood"":0,""vepMaximum"":0.20000000298023224,""vepMaximumNeighbourhood"":0.9090909361839294,""vepMean"":0.03175646439194679,""vepMeanNeighbourhood"":0.9090909361839294}","{""credibleSetConfidence"":0.00044056453043594956,""distanceFootprintMean"":0.0027096217963844538,""distanceFootprintMeanNeighbourhood"":-4.467003236641176e-05,""distanceSentinelFootprint"":0.0008120425045490265,""distanceSentinelFootprintNeighbourhood"":-0.004482528194785118,""distanceSentinelTss"":0.0071688564494252205,""distanceSentinelTssNeighbourhood"":-0.00746776070445776,""distanceTssMean"":0.006567175500094891,""distanceTssMeanNeighbourhood"":-0.010666710324585438,""e2gMean"":-0.0009887669002637267,""e2gMeanNeighbourhood"":-0.0023722185287624598,""eQtlColocClppMaximum"":-0.00039459875551983714,""eQtlColocClppMaximumNeighbourhood"":-0.000979699776507914,""eQtlColocH4Maximum"":-0.0004951773444190621,""eQtlColocH4MaximumNeighbourhood"":-0.0008736570016480982,""geneCount500kb"":0.022740134969353676,""pQtlColocClppMaximum"":-0.0003373302461113781,""pQtlColocClppMaximumNeighbourhood"":-1.3878799336453085e-06,""pQtlColocH4Maximum"":-2.9641407309100032e-05,""pQtlColocH4MaximumNeighbourhood"":0,""proteinGeneCount500kb"":0.05133041366934776,""sQtlColocClppMaximum"":-0.0002916815865319222,""sQtlColocClppMaximumNeighbourhood"":-9.58186064963229e-05,""sQtlColocH4Maximum"":-0.00017715799913275987,""sQtlColocH4MaximumNeighbourhood"":-0.0002874444180633873,""transPQtlColocH4Maximum"":-0.0001576929644215852,""transPQtlColocH4MaximumNeighbourhood"":-0.0007297031697817147,""vepMaximum"":-0.0021508338395506144,""vepMaximumNeighbourhood"":0.002233935287222266,""vepMean"":-0.0004160031967330724,""vepMeanNeighbourhood"":0.004667213652282953}",0.026102354750037193,GRCh38,moderate_prioritization,0.05,0.6150293350219727
Parkinson disease,COX4I2,ENSG00000131055,PD_CHR20_076,bcc8a3c1bfc87078f7b70f2459b33b33,rs6060983,20,31833121,4e-09,0.08885958790779114,PICS,PICS fine-mapped credible set based on reported top hit,GCST90308590,Open Targets Platform Locus-to-Gene,cytochrome c oxidase subunit 4I2,20_31833121_T_C,"{""distanceFootprintMean"":0.9771150946617126,""distanceFootprintMeanNeighbourhood"":0.9843090176582336,""distanceSentinelFootprint"":0.9640330076217651,""distanceSentinelFootprintNeighbourhood"":0.9640330076217651,""distanceSentinelTss"":0.9622796177864075,""distanceSentinelTssNeighbourhood"":0.9641372561454773,""distanceTssMean"":0.975715160369873,""distanceTssMeanNeighbourhood"":0.9873946905136108}","{""eQtlColocClppMaximum"":0.009190856479108334,""eQtlColocClppMaximumNeighbourhood"":0.8389880061149597,""eQtlColocH4Maximum"":0.9114018082618713,""eQtlColocH4MaximumNeighbourhood"":0.9855878949165344,""pQtlColocClppMaximum"":0,""pQtlColocClppMaximumNeighbourhood"":0,""pQtlColocH4Maximum"":0,""pQtlColocH4MaximumNeighbourhood"":0,""sQtlColocClppMaximum"":0.0006865146569907665,""sQtlColocClppMaximumNeighbourhood"":0.06607936322689056,""sQtlColocH4Maximum"":0.4321858882904053,""sQtlColocH4MaximumNeighbourhood"":0.46930307149887085,""transPQtlColocH4Maximum"":0,""transPQtlColocH4MaximumNeighbourhood"":0}","{""vepMaximum"":0.20000000298023224,""vepMaximumNeighbourhood"":0.43478259444236755,""vepMean"":0.001743394648656249,""vepMeanNeighbourhood"":0.7951235175132751}","{""credibleSetConfidence"":0.25,""e2gMean"":0.1304752677679062,""e2gMeanNeighbourhood"":0.7373059988021851,""geneCount500kb"":26,""proteinGeneCount500kb"":10}","{""credibleSetConfidence"":0.25,""distanceFootprintMean"":0.9771150946617126,""distanceFootprintMeanNeighbourhood"":0.9843090176582336,""distanceSentinelFootprint"":0.9640330076217651,""distanceSentinelFootprintNeighbourhood"":0.9640330076217651,""distanceSentinelTss"":0.9622796177864075,""distanceSentinelTssNeighbourhood"":0.9641372561454773,""distanceTssMean"":0.975715160369873,""distanceTssMeanNeighbourhood"":0.9873946905136108,""e2gMean"":0.1304752677679062,""e2gMeanNeighbourhood"":0.7373059988021851,""eQtlColocClppMaximum"":0.009190856479108334,""eQtlColocClppMaximumNeighbourhood"":0.8389880061149597,""eQtlColocH4Maximum"":0.9114018082618713,""eQtlColocH4MaximumNeighbourhood"":0.9855878949165344,""geneCount500kb"":26,""pQtlColocClppMaximum"":0,""pQtlColocClppMaximumNeighbourhood"":0,""pQtlColocH4Maximum"":0,""pQtlColocH4MaximumNeighbourhood"":0,""proteinGeneCount500kb"":10,""sQtlColocClppMaximum"":0.0006865146569907665,""sQtlColocClppMaximumNeighbourhood"":0.06607936322689056,""sQtlColocH4Maximum"":0.4321858882904053,""sQtlColocH4MaximumNeighbourhood"":0.46930307149887085,""transPQtlColocH4Maximum"":0,""transPQtlColocH4MaximumNeighbourhood"":0,""vepMaximum"":0.20000000298023224,""vepMaximumNeighbourhood"":0.43478259444236755,""vepMean"":0.001743394648656249,""vepMeanNeighbourhood"":0.7951235175132751}","{""credibleSetConfidence"":0.0012562685878947377,""distanceFootprintMean"":-0.0041605825535953045,""distanceFootprintMeanNeighbourhood"":0.0003303562698420137,""distanceSentinelFootprint"":-0.0005024195415899158,""distanceSentinelFootprintNeighbourhood"":-0.008960464969277382,""distanceSentinelTss"":0.0024566848296672106,""distanceSentinelTssNeighbourhood"":-0.007330508902668953,""distanceTssMean"":-0.0017130653141066432,""distanceTssMeanNeighbourhood"":0.00048708615940995514,""e2gMean"":0.004706481005996466,""e2gMeanNeighbourhood"":0.01226392574608326,""eQtlColocClppMaximum"":0.005262316204607487,""eQtlColocClppMaximumNeighbourhood"":0.012525821104645729,""eQtlColocH4Maximum"":0.007984100840985775,""eQtlColocH4MaximumNeighbourhood"":0.015111826360225677,""geneCount500kb"":0.005576055962592363,""pQtlColocClppMaximum"":-0.00036584341432899237,""pQtlColocClppMaximumNeighbourhood"":-0.0004713888338301331,""pQtlColocH4Maximum"":-0.00015471324149984866,""pQtlColocH4MaximumNeighbourhood"":-0.00014403914974536747,""proteinGeneCount500kb"":0.0020518323872238398,""sQtlColocClppMaximum"":-0.003497607773169875,""sQtlColocClppMaximumNeighbourhood"":-0.0018414801452308893,""sQtlColocH4Maximum"":-0.0018257619813084602,""sQtlColocH4MaximumNeighbourhood"":-0.002647132147103548,""transPQtlColocH4Maximum"":-2.242222944914829e-05,""transPQtlColocH4MaximumNeighbourhood"":-2.469794526405167e-05,""vepMaximum"":-0.005168515723198652,""vepMaximumNeighbourhood"":-0.015070989727973938,""vepMean"":0.0005556197138503194,""vepMeanNeighbourhood"":0.0011286399094387889}",0.07106415182352066,GRCh38,moderate_prioritization,0.05,0.6150293350219727
Parkinson disease,FASTKD5,ENSG00000215251,PD_CHR20_075,37d08e12e028cbde84b497ef185122bd,rs4815573,20,3186025,6e-11,0.08850500732660294,PICS,PICS fine-mapped credible set based on reported top hit,GCST90308590,Open Targets Platform Locus-to-Gene,FAST kinase domains 5,20_3186025_C_T,"{""distanceFootprintMean"":0.9928256869316101,""distanceFootprintMeanNeighbourhood"":0.9966982007026672,""distanceSentinelFootprint"":0.9959048628807068,""distanceSentinelFootprintNeighbourhood"":0.9965646266937256,""distanceSentinelTss"":0.9959048628807068,""distanceSentinelTssNeighbourhood"":0.9978262782096863,""distanceTssMean"":0.9928256869316101,""distanceTssMeanNeighbourhood"":0.9978402853012085}","{""eQtlColocClppMaximum"":0,""eQtlColocClppMaximumNeighbourhood"":0,""eQtlColocH4Maximum"":0,""eQtlColocH4MaximumNeighbourhood"":0,""pQtlColocClppMaximum"":0,""pQtlColocClppMaximumNeighbourhood"":0,""pQtlColocH4Maximum"":0,""pQtlColocH4MaximumNeighbourhood"":0,""sQtlColocClppMaximum"":0,""sQtlColocClppMaximumNeighbourhood"":0,""sQtlColocH4Maximum"":0,""sQtlColocH4MaximumNeighbourhood"":0,""transPQtlColocH4Maximum"":0,""transPQtlColocH4MaximumNeighbourhood"":0}","{""vepMaximum"":0.2199999988079071,""vepMaximumNeighbourhood"":0.6875,""vepMean"":0.011726876720786095,""vepMeanNeighbourhood"":0.984837532043457}","{""credibleSetConfidence"":0.25,""e2gMean"":0,""e2gMeanNeighbourhood"":0,""geneCount500kb"":22,""proteinGeneCount500kb"":11}","{""credibleSetConfidence"":0.25,""distanceFootprintMean"":0.9928256869316101,""distanceFootprintMeanNeighbourhood"":0.9966982007026672,""distanceSentinelFootprint"":0.9959048628807068,""distanceSentinelFootprintNeighbourhood"":0.9965646266937256,""distanceSentinelTss"":0.9959048628807068,""distanceSentinelTssNeighbourhood"":0.9978262782096863,""distanceTssMean"":0.9928256869316101,""distanceTssMeanNeighbourhood"":0.9978402853012085,""e2gMean"":0,""e2gMeanNeighbourhood"":0,""eQtlColocClppMaximum"":0,""eQtlColocClppMaximumNeighbourhood"":0,""eQtlColocH4Maximum"":0,""eQtlColocH4MaximumNeighbourhood"":0,""geneCount500kb"":22,""pQtlColocClppMaximum"":0,""pQtlColocClppMaximumNeighbourhood"":0,""pQtlColocH4Maximum"":0,""pQtlColocH4MaximumNeighbourhood"":0,""proteinGeneCount500kb"":11,""sQtlColocClppMaximum"":0,""sQtlColocClppMaximumNeighbourhood"":0,""sQtlColocH4Maximum"":0,""sQtlColocH4MaximumNeighbourhood"":0,""transPQtlColocH4Maximum"":0,""transPQtlColocH4MaximumNeighbourhood"":0,""vepMaximum"":0.2199999988079071,""vepMaximumNeighbourhood"":0.6875,""vepMean"":0.011726876720786095,""vepMeanNeighbourhood"":0.984837532043457}","{""credibleSetConfidence"":-0.0001299889263464138,""distanceFootprintMean"":-0.00040806399192661047,""distanceFootprintMeanNeighbourhood"":-0.001946463598869741,""distanceSentinelFootprint"":-0.003493106458336115,""distanceSentinelFootprintNeighbourhood"":-0.011438348330557346,""distanceSentinelTss"":-0.0097303856164217,""distanceSentinelTssNeighbourhood"":0.04177093133330345,""distanceTssMean"":0.0016278029652312398,""distanceTssMeanNeighbourhood"":0.02622142806649208,""e2gMean"":-0.0029820797499269247,""e2gMeanNeighbourhood"":-0.009168676100671291,""eQtlColocClppMaximum"":-0.001155772595666349,""eQtlColocClppMaximumNeighbourhood"":-0.0015983093762770295,""eQtlColocH4Maximum"":-0.0005767638213001192,""eQtlColocH4MaximumNeighbourhood"":-0.0012585829244926572,""geneCount500kb"":-0.0042318073101341724,""pQtlColocClppMaximum"":-0.00031860615126788616,""pQtlColocClppMaximumNeighbourhood"":-0.00014393797027878463,""pQtlColocH4Maximum"":-0.00018721270316746086,""pQtlColocH4MaximumNeighbourhood"":-6.436731200665236e-05,""proteinGeneCount500kb"":-0.012116904370486736,""sQtlColocClppMaximum"":-0.0015262248925864697,""sQtlColocClppMaximumNeighbourhood"":-0.001203957013785839,""sQtlColocH4Maximum"":-0.0012640883214771748,""sQtlColocH4MaximumNeighbourhood"":-0.002836136845871806,""transPQtlColocH4Maximum"":-0.0032029948197305202,""transPQtlColocH4MaximumNeighbourhood"":-0.0081776212900877,""vepMaximum"":-0.0029897140339016914,""vepMaximumNeighbourhood"":-0.01293325424194336,""vepMean"":-0.0018488457426428795,""vepMeanNeighbourhood"":0.01286538876593113}",0.10295160859823227,GRCh38,moderate_prioritization,0.05,0.6150293350219727
Parkinson disease,UBOX5,ENSG00000185019,PD_CHR20_075,37d08e12e028cbde84b497ef185122bd,rs4815573,20,3186025,6e-11,0.08850500732660294,PICS,PICS fine-mapped credible set based on reported top hit,GCST90308590,Open Targets Platform Locus-to-Gene,U-box domain containing 5,20_3186025_C_T,"{""distanceFootprintMean"":0.9928256869316101,""distanceFootprintMeanNeighbourhood"":0.9966982007026672,""distanceSentinelFootprint"":0.9959048628807068,""distanceSentinelFootprintNeighbourhood"":0.9965646266937256,""distanceSentinelTss"":0.9959048628807068,""distanceSentinelTssNeighbourhood"":0.9978262782096863,""distanceTssMean"":0.9928256869316101,""distanceTssMeanNeighbourhood"":0.9978402853012085}","{""eQtlColocClppMaximum"":0,""eQtlColocClppMaximumNeighbourhood"":0,""eQtlColocH4Maximum"":0,""eQtlColocH4MaximumNeighbourhood"":0,""pQtlColocClppMaximum"":0,""pQtlColocClppMaximumNeighbourhood"":0,""pQtlColocH4Maximum"":0,""pQtlColocH4MaximumNeighbourhood"":0,""sQtlColocClppMaximum"":0,""sQtlColocClppMaximumNeighbourhood"":0,""sQtlColocH4Maximum"":0,""sQtlColocH4MaximumNeighbourhood"":0,""transPQtlColocH4Maximum"":0,""transPQtlColocH4MaximumNeighbourhood"":0}","{""vepMaximum"":0.2199999988079071,""vepMaximumNeighbourhood"":0.6875,""vepMean"":0.011726876720786095,""vepMeanNeighbourhood"":0.984837532043457}","{""credibleSetConfidence"":0.25,""e2gMean"":0,""e2gMeanNeighbourhood"":0,""geneCount500kb"":22,""proteinGeneCount500kb"":11}","{""credibleSetConfidence"":0.25,""distanceFootprintMean"":0.9928256869316101,""distanceFootprintMeanNeighbourhood"":0.9966982007026672,""distanceSentinelFootprint"":0.9959048628807068,""distanceSentinelFootprintNeighbourhood"":0.9965646266937256,""distanceSentinelTss"":0.9959048628807068,""distanceSentinelTssNeighbourhood"":0.9978262782096863,""distanceTssMean"":0.9928256869316101,""distanceTssMeanNeighbourhood"":0.9978402853012085,""e2gMean"":0,""e2gMeanNeighbourhood"":0,""eQtlColocClppMaximum"":0,""eQtlColocClppMaximumNeighbourhood"":0,""eQtlColocH4Maximum"":0,""eQtlColocH4MaximumNeighbourhood"":0,""geneCount500kb"":22,""pQtlColocClppMaximum"":0,""pQtlColocClppMaximumNeighbourhood"":0,""pQtlColocH4Maximum"":0,""pQtlColocH4MaximumNeighbourhood"":0,""proteinGeneCount500kb"":11,""sQtlColocClppMaximum"":0,""sQtlColocClppMaximumNeighbourhood"":0,""sQtlColocH4Maximum"":0,""sQtlColocH4MaximumNeighbourhood"":0,""transPQtlColocH4Maximum"":0,""transPQtlColocH4MaximumNeighbourhood"":0,""vepMaximum"":0.2199999988079071,""vepMaximumNeighbourhood"":0.6875,""vepMean"":0.011726876720786095,""vepMeanNeighbourhood"":0.984837532043457}","{""credibleSetConfidence"":-0.0001299889263464138,""distanceFootprintMean"":-0.00040806399192661047,""distanceFootprintMeanNeighbourhood"":-0.001946463598869741,""distanceSentinelFootprint"":-0.003493106458336115,""distanceSentinelFootprintNeighbourhood"":-0.011438348330557346,""distanceSentinelTss"":-0.0097303856164217,""distanceSentinelTssNeighbourhood"":0.04177093133330345,""distanceTssMean"":0.0016278029652312398,""distanceTssMeanNeighbourhood"":0.02622142806649208,""e2gMean"":-0.0029820797499269247,""e2gMeanNeighbourhood"":-0.009168676100671291,""eQtlColocClppMaximum"":-0.001155772595666349,""eQtlColocClppMaximumNeighbourhood"":-0.0015983093762770295,""eQtlColocH4Maximum"":-0.0005767638213001192,""eQtlColocH4MaximumNeighbourhood"":-0.0012585829244926572,""geneCount500kb"":-0.0042318073101341724,""pQtlColocClppMaximum"":-0.00031860615126788616,""pQtlColocClppMaximumNeighbourhood"":-0.00014393797027878463,""pQtlColocH4Maximum"":-0.00018721270316746086,""pQtlColocH4MaximumNeighbourhood"":-6.436731200665236e-05,""proteinGeneCount500kb"":-0.012116904370486736,""sQtlColocClppMaximum"":-0.0015262248925864697,""sQtlColocClppMaximumNeighbourhood"":-0.001203957013785839,""sQtlColocH4Maximum"":-0.0012640883214771748,""sQtlColocH4MaximumNeighbourhood"":-0.002836136845871806,""transPQtlColocH4Maximum"":-0.0032029948197305202,""transPQtlColocH4MaximumNeighbourhood"":-0.0081776212900877,""vepMaximum"":-0.0029897140339016914,""vepMaximumNeighbourhood"":-0.01293325424194336,""vepMean"":-0.0018488457426428795,""vepMeanNeighbourhood"":0.01286538876593113}",0.10295160859823227,GRCh38,moderate_prioritization,0.05,0.6150293350219727
Parkinson disease,DR1,ENSG00000117505,PD_CHR01_001,98ab9e7e0641b4973c5ce38fe0902af3,rs11164870,1,93086630,3.0000000000000004e-09,0.08505547046661377,PICS,PICS fine-mapped credible set based on reported top hit,GCST90308590,Open Targets Platform Locus-to-Gene,down-regulator of transcription 1,1_93086630_C_G,"{""distanceFootprintMean"":0.9765953421592712,""distanceFootprintMeanNeighbourhood"":0.9877586960792542,""distanceSentinelFootprint"":0.9442967176437378,""distanceSentinelFootprintNeighbourhood"":0.9442967176437378,""distanceSentinelTss"":0.9442967176437378,""distanceSentinelTssNeighbourhood"":0.9453631639480591,""distanceTssMean"":0.9757443070411682,""distanceTssMeanNeighbourhood"":0.9963676929473877}","{""eQtlColocClppMaximum"":0.011716285720467567,""eQtlColocClppMaximumNeighbourhood"":0.7781023979187012,""eQtlColocH4Maximum"":0.9292604327201843,""eQtlColocH4MaximumNeighbourhood"":0.984096884727478,""pQtlColocClppMaximum"":0,""pQtlColocClppMaximumNeighbourhood"":0,""pQtlColocH4Maximum"":0,""pQtlColocH4MaximumNeighbourhood"":0,""sQtlColocClppMaximum"":0.008893856778740883,""sQtlColocClppMaximumNeighbourhood"":0.5904501080513,""sQtlColocH4Maximum"":0.9085955619812012,""sQtlColocH4MaximumNeighbourhood"":0.9621931910514832,""transPQtlColocH4Maximum"":0,""transPQtlColocH4MaximumNeighbourhood"":0}","{""vepMaximum"":0.3700000047683716,""vepMaximumNeighbourhood"":0.5441176295280457,""vepMean"":0.0014155164826661348,""vepMeanNeighbourhood"":0.8624254465103149}","{""credibleSetConfidence"":0.25,""e2gMean"":0,""e2gMeanNeighbourhood"":0,""geneCount500kb"":22,""proteinGeneCount500kb"":4}","{""credibleSetConfidence"":0.25,""distanceFootprintMean"":0.9765953421592712,""distanceFootprintMeanNeighbourhood"":0.9877586960792542,""distanceSentinelFootprint"":0.9442967176437378,""distanceSentinelFootprintNeighbourhood"":0.9442967176437378,""distanceSentinelTss"":0.9442967176437378,""distanceSentinelTssNeighbourhood"":0.9453631639480591,""distanceTssMean"":0.9757443070411682,""distanceTssMeanNeighbourhood"":0.9963676929473877,""e2gMean"":0,""e2gMeanNeighbourhood"":0,""eQtlColocClppMaximum"":0.011716285720467567,""eQtlColocClppMaximumNeighbourhood"":0.7781023979187012,""eQtlColocH4Maximum"":0.9292604327201843,""eQtlColocH4MaximumNeighbourhood"":0.984096884727478,""geneCount500kb"":22,""pQtlColocClppMaximum"":0,""pQtlColocClppMaximumNeighbourhood"":0,""pQtlColocH4Maximum"":0,""pQtlColocH4MaximumNeighbourhood"":0,""proteinGeneCount500kb"":4,""sQtlColocClppMaximum"":0.008893856778740883,""sQtlColocClppMaximumNeighbourhood"":0.5904501080513,""sQtlColocH4Maximum"":0.9085955619812012,""sQtlColocH4MaximumNeighbourhood"":0.9621931910514832,""transPQtlColocH4Maximum"":0,""transPQtlColocH4MaximumNeighbourhood"":0,""vepMaximum"":0.3700000047683716,""vepMaximumNeighbourhood"":0.5441176295280457,""vepMean"":0.0014155164826661348,""vepMeanNeighbourhood"":0.8624254465103149}","{""credibleSetConfidence"":0.0016088078264147043,""distanceFootprintMean"":-0.0037268127780407667,""distanceFootprintMeanNeighbourhood"":0.002640093443915248,""distanceSentinelFootprint"":0.0014912824844941497,""distanceSentinelFootprintNeighbourhood"":-0.0028535646852105856,""distanceSentinelTss"":0.00158900604583323,""distanceSentinelTssNeighbourhood"":-0.012593206018209457,""distanceTssMean"":-0.002156709786504507,""distanceTssMeanNeighbourhood"":0.017169270664453506,""e2gMean"":-0.0023030766751617193,""e2gMeanNeighbourhood"":-0.003095281310379505,""eQtlColocClppMaximum"":0.002287185052409768,""eQtlColocClppMaximumNeighbourhood"":0.009799763560295105,""eQtlColocH4Maximum"":0.0041465782560408115,""eQtlColocH4MaximumNeighbourhood"":0.006975281983613968,""geneCount500kb"":-0.0012093782424926758,""pQtlColocClppMaximum"":-0.0009400422568432987,""pQtlColocClppMaximumNeighbourhood"":-0.0005524565931409597,""pQtlColocH4Maximum"":-0.000572826771531254,""pQtlColocH4MaximumNeighbourhood"":-0.000346060172887519,""proteinGeneCount500kb"":0.01931019127368927,""sQtlColocClppMaximum"":0.0025645538698881865,""sQtlColocClppMaximumNeighbourhood"":4.387967783259228e-05,""sQtlColocH4Maximum"":0.00146118039265275,""sQtlColocH4MaximumNeighbourhood"":0.0029524697456508875,""transPQtlColocH4Maximum"":-0.0013733758823946118,""transPQtlColocH4MaximumNeighbourhood"":-0.004187820013612509,""vepMaximum"":0.008668975904583931,""vepMaximumNeighbourhood"":-0.008976319804787636,""vepMean"":-0.005066556856036186,""vepMeanNeighbourhood"":0.001428917283192277}",0.05087152495980263,GRCh38,moderate_prioritization,0.05,0.6150293350219727
Parkinson disease,VPS37A,ENSG00000155975,PD_CHR08_036,3f5a3b8f2b1da9113670d0bb3a3bd2b6,rs34096562,8,16843772,6e-17,0.08436383306980133,PICS,PICS fine-mapped credible set based on reported top hit,GCST90308590,Open Targets Platform Locus-to-Gene,VPS37A subunit of ESCRT-I,8_16843772_T_G,"{""distanceFootprintMean"":0.8730534911155701,""distanceFootprintMeanNeighbourhood"":0.9000946879386902,""distanceSentinelFootprint"":0.8748847246170044,""distanceSentinelFootprintNeighbourhood"":0.899009644985199,""distanceSentinelTss"":0.8748847246170044,""distanceSentinelTssNeighbourhood"":0.901079535484314,""distanceTssMean"":0.8730534911155701,""distanceTssMeanNeighbourhood"":0.9021592736244202}","{""eQtlColocClppMaximum"":0,""eQtlColocClppMaximumNeighbourhood"":0,""eQtlColocH4Maximum"":0,""eQtlColocH4MaximumNeighbourhood"":0,""pQtlColocClppMaximum"":0,""pQtlColocClppMaximumNeighbourhood"":0,""pQtlColocH4Maximum"":0,""pQtlColocH4MaximumNeighbourhood"":0,""sQtlColocClppMaximum"":0,""sQtlColocClppMaximumNeighbourhood"":0,""sQtlColocH4Maximum"":0,""sQtlColocH4MaximumNeighbourhood"":0,""transPQtlColocH4Maximum"":0,""transPQtlColocH4MaximumNeighbourhood"":0}","{""vepMaximum"":0.2199999988079071,""vepMaximumNeighbourhood"":1,""vepMean"":0.0056613897904753685,""vepMeanNeighbourhood"":1}","{""credibleSetConfidence"":0.25,""e2gMean"":0,""e2gMeanNeighbourhood"":0,""geneCount500kb"":8,""proteinGeneCount500kb"":2}","{""credibleSetConfidence"":0.25,""distanceFootprintMean"":0.8730534911155701,""distanceFootprintMeanNeighbourhood"":0.9000946879386902,""distanceSentinelFootprint"":0.8748847246170044,""distanceSentinelFootprintNeighbourhood"":0.899009644985199,""distanceSentinelTss"":0.8748847246170044,""distanceSentinelTssNeighbourhood"":0.901079535484314,""distanceTssMean"":0.8730534911155701,""distanceTssMeanNeighbourhood"":0.9021592736244202,""e2gMean"":0,""e2gMeanNeighbourhood"":0,""eQtlColocClppMaximum"":0,""eQtlColocClppMaximumNeighbourhood"":0,""eQtlColocH4Maximum"":0,""eQtlColocH4MaximumNeighbourhood"":0,""geneCount500kb"":8,""pQtlColocClppMaximum"":0,""pQtlColocClppMaximumNeighbourhood"":0,""pQtlColocH4Maximum"":0,""pQtlColocH4MaximumNeighbourhood"":0,""proteinGeneCount500kb"":2,""sQtlColocClppMaximum"":0,""sQtlColocClppMaximumNeighbourhood"":0,""sQtlColocH4Maximum"":0,""sQtlColocH4MaximumNeighbourhood"":0,""transPQtlColocH4Maximum"":0,""transPQtlColocH4MaximumNeighbourhood"":0,""vepMaximum"":0.2199999988079071,""vepMaximumNeighbourhood"":1,""vepMean"":0.0056613897904753685,""vepMeanNeighbourhood"":1}","{""credibleSetConfidence"":0.0005019730888307095,""distanceFootprintMean"":0.0013910679845139384,""distanceFootprintMeanNeighbourhood"":-0.003934592939913273,""distanceSentinelFootprint"":-0.000508986646309495,""distanceSentinelFootprintNeighbourhood"":-0.02821456827223301,""distanceSentinelTss"":0.00715047400444746,""distanceSentinelTssNeighbourhood"":-0.019666209816932678,""distanceTssMean"":0.002998004900291562,""distanceTssMeanNeighbourhood"":-0.014122196473181248,""e2gMean"":-0.0012492111418396235,""e2gMeanNeighbourhood"":-0.007069989573210478,""eQtlColocClppMaximum"":-5.5886579502839595e-05,""eQtlColocClppMaximumNeighbourhood"":-0.0005328322877176106,""eQtlColocH4Maximum"":-0.00039147897041402757,""eQtlColocH4MaximumNeighbourhood"":-0.00033290611463598907,""geneCount500kb"":0.023257244378328323,""pQtlColocClppMaximum"":-0.001846110331825912,""pQtlColocClppMaximumNeighbourhood"":-0.0012629068223759532,""pQtlColocH4Maximum"":-0.0009478304418735206,""pQtlColocH4MaximumNeighbourhood"":-0.0004836204752791673,""proteinGeneCount500kb"":0.04164325073361397,""sQtlColocClppMaximum"":-0.0002241973706986755,""sQtlColocClppMaximumNeighbourhood"":-0.00011138083937112242,""sQtlColocH4Maximum"":-8.515869558323175e-05,""sQtlColocH4MaximumNeighbourhood"":-0.00011139156413264573,""transPQtlColocH4Maximum"":-0.0005635886336676776,""transPQtlColocH4MaximumNeighbourhood"":-0.001913439598865807,""vepMaximum"":-0.0009199741762131453,""vepMaximumNeighbourhood"":0.008137337863445282,""vepMean"":0.004334424622356892,""vepMeanNeighbourhood"":0.010711795650422573}",0.06878669559955597,GRCh38,moderate_prioritization,0.05,0.6150293350219727
Parkinson disease,P4HTM,ENSG00000178467,PD_CHR03_015,68d83f61b8246a33a33777add244e241,rs12497850,3,48711556,3.0000000000000004e-09,0.08212544023990631,PICS,PICS fine-mapped credible set based on reported top hit,GCST90308590,Open Targets Platform Locus-to-Gene,"prolyl 4-hydroxylase, transmembrane",3_48711556_G_T,"{""distanceFootprintMean"":0.969393253326416,""distanceFootprintMeanNeighbourhood"":0.9861897230148315,""distanceSentinelFootprint"":0.937890887260437,""distanceSentinelFootprintNeighbourhood"":0.937890887260437,""distanceSentinelTss"":0.937890887260437,""distanceSentinelTssNeighbourhood"":0.9387059807777405,""distanceTssMean"":0.9687308669090271,""distanceTssMeanNeighbourhood"":0.991974949836731}","{""eQtlColocClppMaximum"":0.009188711643218994,""eQtlColocClppMaximumNeighbourhood"":0.4011768102645874,""eQtlColocH4Maximum"":0.9113125801086426,""eQtlColocH4MaximumNeighbourhood"":0.9463461637496948,""pQtlColocClppMaximum"":0,""pQtlColocClppMaximumNeighbourhood"":0,""pQtlColocH4Maximum"":0,""pQtlColocH4MaximumNeighbourhood"":0,""sQtlColocClppMaximum"":0.008398148231208324,""sQtlColocClppMaximumNeighbourhood"":0.34664350748062134,""sQtlColocH4Maximum"":0.9036904573440552,""sQtlColocH4MaximumNeighbourhood"":0.9364851117134094,""transPQtlColocH4Maximum"":0,""transPQtlColocH4MaximumNeighbourhood"":0}","{""vepMaximum"":0.3199999928474426,""vepMaximumNeighbourhood"":0.5714285373687744,""vepMean"":0.0015232209116220474,""vepMeanNeighbourhood"":0.38937708735466003}","{""credibleSetConfidence"":0.25,""e2gMean"":0.01805877685546875,""e2gMeanNeighbourhood"":0.36752647161483765,""geneCount500kb"":24,""proteinGeneCount500kb"":14}","{""credibleSetConfidence"":0.25,""distanceFootprintMean"":0.969393253326416,""distanceFootprintMeanNeighbourhood"":0.9861897230148315,""distanceSentinelFootprint"":0.937890887260437,""distanceSentinelFootprintNeighbourhood"":0.937890887260437,""distanceSentinelTss"":0.937890887260437,""distanceSentinelTssNeighbourhood"":0.9387059807777405,""distanceTssMean"":0.9687308669090271,""distanceTssMeanNeighbourhood"":0.991974949836731,""e2gMean"":0.01805877685546875,""e2gMeanNeighbourhood"":0.36752647161483765,""eQtlColocClppMaximum"":0.009188711643218994,""eQtlColocClppMaximumNeighbourhood"":0.4011768102645874,""eQtlColocH4Maximum"":0.9113125801086426,""eQtlColocH4MaximumNeighbourhood"":0.9463461637496948,""geneCount500kb"":24,""pQtlColocClppMaximum"":0,""pQtlColocClppMaximumNeighbourhood"":0,""pQtlColocH4Maximum"":0,""pQtlColocH4MaximumNeighbourhood"":0,""proteinGeneCount500kb"":14,""sQtlColocClppMaximum"":0.008398148231208324,""sQtlColocClppMaximumNeighbourhood"":0.34664350748062134,""sQtlColocH4Maximum"":0.9036904573440552,""sQtlColocH4MaximumNeighbourhood"":0.9364851117134094,""transPQtlColocH4Maximum"":0,""transPQtlColocH4MaximumNeighbourhood"":0,""vepMaximum"":0.3199999928474426,""vepMaximumNeighbourhood"":0.5714285373687744,""vepMean"":0.0015232209116220474,""vepMeanNeighbourhood"":0.38937708735466003}","{""credibleSetConfidence"":0.0009756189538165927,""distanceFootprintMean"":-0.003951496910303831,""distanceFootprintMeanNeighbourhood"":0.0017167795449495316,""distanceSentinelFootprint"":-0.00014788209227845073,""distanceSentinelFootprintNeighbourhood"":-0.011387406848371029,""distanceSentinelTss"":0.002710718661546707,""distanceSentinelTssNeighbourhood"":-0.022416749969124794,""distanceTssMean"":-0.003071822226047516,""distanceTssMeanNeighbourhood"":0.01813383214175701,""e2gMean"":0.005063089542090893,""e2gMeanNeighbourhood"":0.00345094152726233,""eQtlColocClppMaximum"":0.0026009357534348965,""eQtlColocClppMaximumNeighbourhood"":0.013243915513157845,""eQtlColocH4Maximum"":0.006727695930749178,""eQtlColocH4MaximumNeighbourhood"":0.00808664783835411,""geneCount500kb"":-0.0025859009474515915,""pQtlColocClppMaximum"":-0.002387590706348419,""pQtlColocClppMaximumNeighbourhood"":-0.0013002558844164014,""pQtlColocH4Maximum"":-0.0016763538587838411,""pQtlColocH4MaximumNeighbourhood"":-0.0007104937685653567,""proteinGeneCount500kb"":-0.010127090848982334,""sQtlColocClppMaximum"":0.00461675226688385,""sQtlColocClppMaximumNeighbourhood"":-0.00016797907301224768,""sQtlColocH4Maximum"":0.0019836837891489267,""sQtlColocH4MaximumNeighbourhood"":0.007415384985506535,""transPQtlColocH4Maximum"":-0.0027986292261630297,""transPQtlColocH4MaximumNeighbourhood"":-0.006740107201039791,""vepMaximum"":0.0009104950586333871,""vepMaximumNeighbourhood"":-0.017497820779681206,""vepMean"":-0.0021087070927023888,""vepMeanNeighbourhood"":-0.0077772606164216995}",0.10134253650903702,GRCh38,moderate_prioritization,0.05,0.6150293350219727
Parkinson disease,ARL17A,ENSG00000185829,PD_CHR17_068,02880e99c75d978283e8e2b3d0d72fba,rs199453,17,46723580,1e-61,0.07489859312772751,PICS,PICS fine-mapped credible set based on reported top hit,GCST90308590,Open Targets Platform Locus-to-Gene,ARF like GTPase 17A,17_46723580_C_T,"{""distanceFootprintMean"":0.9717214107513428,""distanceFootprintMeanNeighbourhood"":0.9739103317260742,""distanceSentinelFootprint"":0.9741384387016296,""distanceSentinelFootprintNeighbourhood"":0.9741384387016296,""distanceSentinelTss"":0.9741384387016296,""distanceSentinelTssNeighbourhood"":0.9900577664375305,""distanceTssMean"":0.9717214107513428,""distanceTssMeanNeighbourhood"":0.9897124767303467}","{""eQtlColocClppMaximum"":0.03576279059052467,""eQtlColocClppMaximumNeighbourhood"":0.46073707938194275,""eQtlColocH4Maximum"":0.9758078455924988,""eQtlColocH4MaximumNeighbourhood"":0.9864278435707092,""pQtlColocClppMaximum"":0,""pQtlColocClppMaximumNeighbourhood"":0,""pQtlColocH4Maximum"":0,""pQtlColocH4MaximumNeighbourhood"":0,""sQtlColocClppMaximum"":0.0011735319858416915,""sQtlColocClppMaximumNeighbourhood"":0.03201759234070778,""sQtlColocH4Maximum"":0.5602257251739502,""sQtlColocH4MaximumNeighbourhood"":0.573763906955719,""transPQtlColocH4Maximum"":0,""transPQtlColocH4MaximumNeighbourhood"":0}","{""vepMaximum"":0.2199999988079071,""vepMaximumNeighbourhood"":0.6875,""vepMean"":0.013350382447242737,""vepMeanNeighbourhood"":0.6875}","{""credibleSetConfidence"":0.25,""e2gMean"":0,""e2gMeanNeighbourhood"":0,""geneCount500kb"":15,""proteinGeneCount500kb"":7}","{""credibleSetConfidence"":0.25,""distanceFootprintMean"":0.9717214107513428,""distanceFootprintMeanNeighbourhood"":0.9739103317260742,""distanceSentinelFootprint"":0.9741384387016296,""distanceSentinelFootprintNeighbourhood"":0.9741384387016296,""distanceSentinelTss"":0.9741384387016296,""distanceSentinelTssNeighbourhood"":0.9900577664375305,""distanceTssMean"":0.9717214107513428,""distanceTssMeanNeighbourhood"":0.9897124767303467,""e2gMean"":0,""e2gMeanNeighbourhood"":0,""eQtlColocClppMaximum"":0.03576279059052467,""eQtlColocClppMaximumNeighbourhood"":0.46073707938194275,""eQtlColocH4Maximum"":0.9758078455924988,""eQtlColocH4MaximumNeighbourhood"":0.9864278435707092,""geneCount500kb"":15,""pQtlColocClppMaximum"":0,""pQtlColocClppMaximumNeighbourhood"":0,""pQtlColocH4Maximum"":0,""pQtlColocH4MaximumNeighbourhood"":0,""proteinGeneCount500kb"":7,""sQtlColocClppMaximum"":0.0011735319858416915,""sQtlColocClppMaximumNeighbourhood"":0.03201759234070778,""sQtlColocH4Maximum"":0.5602257251739502,""sQtlColocH4MaximumNeighbourhood"":0.573763906955719,""transPQtlColocH4Maximum"":0,""transPQtlColocH4MaximumNeighbourhood"":0,""vepMaximum"":0.2199999988079071,""vepMaximumNeighbourhood"":0.6875,""vepMean"":0.013350382447242737,""vepMeanNeighbourhood"":0.6875}","{""credibleSetConfidence"":0.00044918147614225745,""distanceFootprintMean"":-0.0032928658183664083,""distanceFootprintMeanNeighbourhood"":-0.0011400936637073755,""distanceSentinelFootprint"":0.0007518865168094635,""distanceSentinelFootprintNeighbourhood"":-0.003938367590308189,""distanceSentinelTss"":0.004463802091777325,""distanceSentinelTssNeighbourhood"":0.0026643157470971346,""distanceTssMean"":-0.0010631624609231949,""distanceTssMeanNeighbourhood"":0.005464311223477125,""e2gMean"":-0.0012364723952487111,""e2gMeanNeighbourhood"":-0.004884359426796436,""eQtlColocClppMaximum"":0.004367295186966658,""eQtlColocClppMaximumNeighbourhood"":0.009799829684197903,""eQtlColocH4Maximum"":0.005748881958425045,""eQtlColocH4MaximumNeighbourhood"":0.006257686298340559,""geneCount500kb"":0.008163347840309143,""pQtlColocClppMaximum"":-0.001555125811137259,""pQtlColocClppMaximumNeighbourhood"":-0.0008502920973114669,""pQtlColocH4Maximum"":-0.0006023218156769872,""pQtlColocH4MaximumNeighbourhood"":-0.00035516874049790204,""proteinGeneCount500kb"":-0.0005947497556917369,""sQtlColocClppMaximum"":-0.0006320865941233933,""sQtlColocClppMaximumNeighbourhood"":-0.0004642095882445574,""sQtlColocH4Maximum"":-0.0002827549178618938,""sQtlColocH4MaximumNeighbourhood"":-0.0013583318796008825,""transPQtlColocH4Maximum"":-0.001282599288970232,""transPQtlColocH4MaximumNeighbourhood"":-0.003963157534599304,""vepMaximum"":-0.004352341406047344,""vepMaximumNeighbourhood"":-0.0028209835290908813,""vepMean"":-0.002138392301276326,""vepMeanNeighbourhood"":0.0017450496088713408}",0.06183086335659027,GRCh38,moderate_prioritization,0.05,0.6150293350219727
Parkinson disease,CERS6,ENSG00000172292,PD_CHR02_012,d8eff9af6b3bf50e76800c339580e801,rs12987123,2,168264031,4e-42,0.07473048567771912,PICS,PICS fine-mapped credible set based on reported top hit,GCST90308590,Open Targets Platform Locus-to-Gene,ceramide synthase 6,2_168264031_A_T,"{""distanceFootprintMean"":0.958760142326355,""distanceFootprintMeanNeighbourhood"":0.9644696116447449,""distanceSentinelFootprint"":0.9630181193351746,""distanceSentinelFootprintNeighbourhood"":0.9654772877693176,""distanceSentinelTss"":0.9630181193351746,""distanceSentinelTssNeighbourhood"":0.9654772877693176,""distanceTssMean"":0.958760142326355,""distanceTssMeanNeighbourhood"":0.9644696116447449}","{""eQtlColocClppMaximum"":0,""eQtlColocClppMaximumNeighbourhood"":0,""eQtlColocH4Maximum"":0,""eQtlColocH4MaximumNeighbourhood"":0,""pQtlColocClppMaximum"":0,""pQtlColocClppMaximumNeighbourhood"":0,""pQtlColocH4Maximum"":0,""pQtlColocH4MaximumNeighbourhood"":0,""sQtlColocClppMaximum"":0,""sQtlColocClppMaximumNeighbourhood"":0,""sQtlColocH4Maximum"":0,""sQtlColocH4MaximumNeighbourhood"":0,""transPQtlColocH4Maximum"":0,""transPQtlColocH4MaximumNeighbourhood"":0}","{""vepMaximum"":0.2199999988079071,""vepMaximumNeighbourhood"":1,""vepMean"":0.034921690821647644,""vepMeanNeighbourhood"":1}","{""credibleSetConfidence"":0.25,""e2gMean"":0,""e2gMeanNeighbourhood"":0,""geneCount500kb"":6,""proteinGeneCount500kb"":2}","{""credibleSetConfidence"":0.25,""distanceFootprintMean"":0.958760142326355,""distanceFootprintMeanNeighbourhood"":0.9644696116447449,""distanceSentinelFootprint"":0.9630181193351746,""distanceSentinelFootprintNeighbourhood"":0.9654772877693176,""distanceSentinelTss"":0.9630181193351746,""distanceSentinelTssNeighbourhood"":0.9654772877693176,""distanceTssMean"":0.958760142326355,""distanceTssMeanNeighbourhood"":0.9644696116447449,""e2gMean"":0,""e2gMeanNeighbourhood"":0,""eQtlColocClppMaximum"":0,""eQtlColocClppMaximumNeighbourhood"":0,""eQtlColocH4Maximum"":0,""eQtlColocH4MaximumNeighbourhood"":0,""geneCount500kb"":6,""pQtlColocClppMaximum"":0,""pQtlColocClppMaximumNeighbourhood"":0,""pQtlColocH4Maximum"":0,""pQtlColocH4MaximumNeighbourhood"":0,""proteinGeneCount500kb"":2,""sQtlColocClppMaximum"":0,""sQtlColocClppMaximumNeighbourhood"":0,""sQtlColocH4Maximum"":0,""sQtlColocH4MaximumNeighbourhood"":0,""transPQtlColocH4Maximum"":0,""transPQtlColocH4MaximumNeighbourhood"":0,""vepMaximum"":0.2199999988079071,""vepMaximumNeighbourhood"":1,""vepMean"":0.034921690821647644,""vepMeanNeighbourhood"":1}","{""credibleSetConfidence"":0.0002718884206842631,""distanceFootprintMean"":-0.0023217687848955393,""distanceFootprintMeanNeighbourhood"":-0.004279348533600569,""distanceSentinelFootprint"":-0.001793534029275179,""distanceSentinelFootprintNeighbourhood"":-0.028301602229475975,""distanceSentinelTss"":0.002433384768664837,""distanceSentinelTssNeighbourhood"":-0.02558097243309021,""distanceTssMean"":-0.006525290198624134,""distanceTssMeanNeighbourhood"":-0.014916066080331802,""e2gMean"":-0.002134735230356455,""e2gMeanNeighbourhood"":-0.007975575514137745,""eQtlColocClppMaximum"":-3.656485569081269e-05,""eQtlColocClppMaximumNeighbourhood"":-0.0013459676411002874,""eQtlColocH4Maximum"":-0.0010275501990690827,""eQtlColocH4MaximumNeighbourhood"":-0.001176297664642334,""geneCount500kb"":0.019126741215586662,""pQtlColocClppMaximum"":-0.0018442164873704314,""pQtlColocClppMaximumNeighbourhood"":-0.0011480179382488132,""pQtlColocH4Maximum"":-0.0009383124997839332,""pQtlColocH4MaximumNeighbourhood"":-0.00034150321152992547,""proteinGeneCount500kb"":0.03888452798128128,""sQtlColocClppMaximum"":-0.001395747414790094,""sQtlColocClppMaximumNeighbourhood"":-0.0003700445231515914,""sQtlColocH4Maximum"":-0.0007126181735657156,""sQtlColocH4MaximumNeighbourhood"":-0.0005044714780524373,""transPQtlColocH4Maximum"":-0.0011291272239759564,""transPQtlColocH4MaximumNeighbourhood"":-0.004129096865653992,""vepMaximum"":-0.005742791574448347,""vepMaximumNeighbourhood"":0.0069916159845888615,""vepMean"":-0.0027021588757634163,""vepMeanNeighbourhood"":0.009732285514473915}",0.11566341668367386,GRCh38,moderate_prioritization,0.05,0.6150293350219727
Parkinson disease,DCAF16,ENSG00000163257,PD_CHR04_022,43cca9beb1307ea30018f9b3e6cb0394,rs7673321,4,17956065,8e-11,0.07466708868741989,PICS,PICS fine-mapped credible set based on reported top hit,GCST90308590,Open Targets Platform Locus-to-Gene,DDB1 and CUL4 associated factor 16,4_17956065_T_A,"{""distanceFootprintMean"":0.9656335115432739,""distanceFootprintMeanNeighbourhood"":0.9694179892539978,""distanceSentinelFootprint"":0.9738341569900513,""distanceSentinelFootprintNeighbourhood"":0.9738341569900513,""distanceSentinelTss"":0.9738341569900513,""distanceSentinelTssNeighbourhood"":0.9844002723693848,""distanceTssMean"":0.9656334519386292,""distanceTssMeanNeighbourhood"":0.9767051339149475}","{""eQtlColocClppMaximum"":0.004423612263053656,""eQtlColocClppMaximumNeighbourhood"":1,""eQtlColocH4Maximum"":0.8310891389846802,""eQtlColocH4MaximumNeighbourhood"":1,""pQtlColocClppMaximum"":0,""pQtlColocClppMaximumNeighbourhood"":0,""pQtlColocH4Maximum"":0,""pQtlColocH4MaximumNeighbourhood"":0,""sQtlColocClppMaximum"":0.00021021683642175049,""sQtlColocClppMaximumNeighbourhood"":1,""sQtlColocH4Maximum"":0.18879146873950958,""sQtlColocH4MaximumNeighbourhood"":1,""transPQtlColocH4Maximum"":0,""transPQtlColocH4MaximumNeighbourhood"":0}","{""vepMaximum"":0.2199999988079071,""vepMaximumNeighbourhood"":0.6875,""vepMean"":0.0011011948809027672,""vepMeanNeighbourhood"":0.7092852592468262}","{""credibleSetConfidence"":0.25,""e2gMean"":0,""e2gMeanNeighbourhood"":0,""geneCount500kb"":7,""proteinGeneCount500kb"":4}","{""credibleSetConfidence"":0.25,""distanceFootprintMean"":0.9656335115432739,""distanceFootprintMeanNeighbourhood"":0.9694179892539978,""distanceSentinelFootprint"":0.9738341569900513,""distanceSentinelFootprintNeighbourhood"":0.9738341569900513,""distanceSentinelTss"":0.9738341569900513,""distanceSentinelTssNeighbourhood"":0.9844002723693848,""distanceTssMean"":0.9656334519386292,""distanceTssMeanNeighbourhood"":0.9767051339149475,""e2gMean"":0,""e2gMeanNeighbourhood"":0,""eQtlColocClppMaximum"":0.004423612263053656,""eQtlColocClppMaximumNeighbourhood"":1,""eQtlColocH4Maximum"":0.8310891389846802,""eQtlColocH4MaximumNeighbourhood"":1,""geneCount500kb"":7,""pQtlColocClppMaximum"":0,""pQtlColocClppMaximumNeighbourhood"":0,""pQtlColocH4Maximum"":0,""pQtlColocH4MaximumNeighbourhood"":0,""proteinGeneCount500kb"":4,""sQtlColocClppMaximum"":0.00021021683642175049,""sQtlColocClppMaximumNeighbourhood"":1,""sQtlColocH4Maximum"":0.18879146873950958,""sQtlColocH4MaximumNeighbourhood"":1,""transPQtlColocH4Maximum"":0,""transPQtlColocH4MaximumNeighbourhood"":0,""vepMaximum"":0.2199999988079071,""vepMaximumNeighbourhood"":0.6875,""vepMean"":0.0011011948809027672,""vepMeanNeighbourhood"":0.7092852592468262}","{""credibleSetConfidence"":0.000675765797495842,""distanceFootprintMean"":-0.003615656401962042,""distanceFootprintMeanNeighbourhood"":-0.00020101080008316785,""distanceSentinelFootprint"":-0.00019778420391958207,""distanceSentinelFootprintNeighbourhood"":-0.00159294786863029,""distanceSentinelTss"":0.0003849484783131629,""distanceSentinelTssNeighbourhood"":0.004247116390615702,""distanceTssMean"":-0.0022777996491640806,""distanceTssMeanNeighbourhood"":-0.00812456663697958,""e2gMean"":-0.0009605922386981547,""e2gMeanNeighbourhood"":-0.0019702627323567867,""eQtlColocClppMaximum"":0.004573225509375334,""eQtlColocClppMaximumNeighbourhood"":0.011614492163062096,""eQtlColocH4Maximum"":0.004631442949175835,""eQtlColocH4MaximumNeighbourhood"":0.004629594273865223,""geneCount500kb"":0.010074884630739689,""pQtlColocClppMaximum"":-0.002316394355148077,""pQtlColocClppMaximumNeighbourhood"":-0.001279398100450635,""pQtlColocH4Maximum"":-0.0011995808454230428,""pQtlColocH4MaximumNeighbourhood"":-0.00029491179157048464,""proteinGeneCount500kb"":0.010885987430810928,""sQtlColocClppMaximum"":-0.0005028988816775382,""sQtlColocClppMaximumNeighbourhood"":0.002548286924138665,""sQtlColocH4Maximum"":-0.00013255020894575864,""sQtlColocH4MaximumNeighbourhood"":0.0018661227077245712,""transPQtlColocH4Maximum"":0,""transPQtlColocH4MaximumNeighbourhood"":0,""vepMaximum"":-0.002780801383778453,""vepMaximumNeighbourhood"":-0.0001607052399776876,""vepMean"":0.002302002627402544,""vepMeanNeighbourhood"":0.0024026138707995415}",0.04143852740526199,GRCh38,moderate_prioritization,0.05,0.6150293350219727
Parkinson disease,MTMR7,ENSG00000003987,PD_CHR08_036,3f5a3b8f2b1da9113670d0bb3a3bd2b6,rs34096562,8,16843772,6e-17,0.07436753809452057,PICS,PICS fine-mapped credible set based on reported top hit,GCST90308590,Open Targets Platform Locus-to-Gene,myotubularin related protein 7,8_16843772_T_G,"{""distanceFootprintMean"":0.8199200630187988,""distanceFootprintMeanNeighbourhood"":0.8453155159950256,""distanceSentinelFootprint"":0.8197802305221558,""distanceSentinelFootprintNeighbourhood"":0.8423856496810913,""distanceSentinelTss"":0,""distanceSentinelTssNeighbourhood"":0,""distanceTssMean"":0,""distanceTssMeanNeighbourhood"":0}","{""eQtlColocClppMaximum"":0,""eQtlColocClppMaximumNeighbourhood"":0,""eQtlColocH4Maximum"":0,""eQtlColocH4MaximumNeighbourhood"":0,""pQtlColocClppMaximum"":0,""pQtlColocClppMaximumNeighbourhood"":0,""pQtlColocH4Maximum"":0,""pQtlColocH4MaximumNeighbourhood"":0,""sQtlColocClppMaximum"":0,""sQtlColocClppMaximumNeighbourhood"":0,""sQtlColocH4Maximum"":0,""sQtlColocH4MaximumNeighbourhood"":0,""transPQtlColocH4Maximum"":0,""transPQtlColocH4MaximumNeighbourhood"":0}","{""vepMaximum"":0.20000000298023224,""vepMaximumNeighbourhood"":0.9090909361839294,""vepMean"":0.005146718118339777,""vepMeanNeighbourhood"":0.9090909361839294}","{""credibleSetConfidence"":0.25,""e2gMean"":0,""e2gMeanNeighbourhood"":0,""geneCount500kb"":8,""proteinGeneCount500kb"":2}","{""credibleSetConfidence"":0.25,""distanceFootprintMean"":0.8199200630187988,""distanceFootprintMeanNeighbourhood"":0.8453155159950256,""distanceSentinelFootprint"":0.8197802305221558,""distanceSentinelFootprintNeighbourhood"":0.8423856496810913,""distanceSentinelTss"":0,""distanceSentinelTssNeighbourhood"":0,""distanceTssMean"":0,""distanceTssMeanNeighbourhood"":0,""e2gMean"":0,""e2gMeanNeighbourhood"":0,""eQtlColocClppMaximum"":0,""eQtlColocClppMaximumNeighbourhood"":0,""eQtlColocH4Maximum"":0,""eQtlColocH4MaximumNeighbourhood"":0,""geneCount500kb"":8,""pQtlColocClppMaximum"":0,""pQtlColocClppMaximumNeighbourhood"":0,""pQtlColocH4Maximum"":0,""pQtlColocH4MaximumNeighbourhood"":0,""proteinGeneCount500kb"":2,""sQtlColocClppMaximum"":0,""sQtlColocClppMaximumNeighbourhood"":0,""sQtlColocH4Maximum"":0,""sQtlColocH4MaximumNeighbourhood"":0,""transPQtlColocH4Maximum"":0,""transPQtlColocH4MaximumNeighbourhood"":0,""vepMaximum"":0.20000000298023224,""vepMaximumNeighbourhood"":0.9090909361839294,""vepMean"":0.005146718118339777,""vepMeanNeighbourhood"":0.9090909361839294}","{""credibleSetConfidence"":0.0004465242673177272,""distanceFootprintMean"":0.0019016375299543142,""distanceFootprintMeanNeighbourhood"":-0.0030268696136772633,""distanceSentinelFootprint"":-0.00039750279393047094,""distanceSentinelFootprintNeighbourhood"":-0.017861396074295044,""distanceSentinelTss"":0.00824106764048338,""distanceSentinelTssNeighbourhood"":-0.019941281527280807,""distanceTssMean"":0.0028715808875858784,""distanceTssMeanNeighbourhood"":-0.01563086546957493,""e2gMean"":-0.0013995581539347768,""e2gMeanNeighbourhood"":-0.007182221859693527,""eQtlColocClppMaximum"":-0.00019430856627877802,""eQtlColocClppMaximumNeighbourhood"":-0.000555654987692833,""eQtlColocH4Maximum"":-0.0004287590563762933,""eQtlColocH4MaximumNeighbourhood"":-0.00048808101564645767,""geneCount500kb"":0.02222660928964615,""pQtlColocClppMaximum"":-0.002112149726599455,""pQtlColocClppMaximumNeighbourhood"":-0.0013156058266758919,""pQtlColocH4Maximum"":-0.0010388504015281796,""pQtlColocH4MaximumNeighbourhood"":-0.0004639791150111705,""proteinGeneCount500kb"":0.04553002491593361,""sQtlColocClppMaximum"":-0.00021797862427774817,""sQtlColocClppMaximumNeighbourhood"":-0.00011321680358378217,""sQtlColocH4Maximum"":-0.00010933828889392316,""sQtlColocH4MaximumNeighbourhood"":-0.00010885560186579823,""transPQtlColocH4Maximum"":-0.0005326727405190468,""transPQtlColocH4MaximumNeighbourhood"":-0.0017224348848685622,""vepMaximum"":-0.00026634091045707464,""vepMaximumNeighbourhood"":-0.004884069319814444,""vepMean"":0.0020738800521939993,""vepMeanNeighbourhood"":0.002281476277858019}",0.06878669559955597,GRCh38,moderate_prioritization,0.05,0.6150293350219727
Parkinson disease,FAM171A2,ENSG00000161682,PD_CHR17_065,df2fab084418fef0861a6ed0373038ee,rs850731,17,44376902,7.000000000000001e-10,0.07346630096435547,PICS,PICS fine-mapped credible set based on reported top hit,GCST90308590,Open Targets Platform Locus-to-Gene,family with sequence similarity 171 member A2,17_44376902_T_C,"{""distanceFootprintMean"":0.9951101541519165,""distanceFootprintMeanNeighbourhood"":0.9985861778259277,""distanceSentinelFootprint"":0.997984766960144,""distanceSentinelFootprintNeighbourhood"":0.997984766960144,""distanceSentinelTss"":0.997984766960144,""distanceSentinelTssNeighbourhood"":0.9999526739120483,""distanceTssMean"":0.9951010942459106,""distanceTssMeanNeighbourhood"":1}","{""eQtlColocClppMaximum"":0,""eQtlColocClppMaximumNeighbourhood"":0,""eQtlColocH4Maximum"":0,""eQtlColocH4MaximumNeighbourhood"":0,""pQtlColocClppMaximum"":0,""pQtlColocClppMaximumNeighbourhood"":0,""pQtlColocH4Maximum"":0,""pQtlColocH4MaximumNeighbourhood"":0,""sQtlColocClppMaximum"":0,""sQtlColocClppMaximumNeighbourhood"":0,""sQtlColocH4Maximum"":0,""sQtlColocH4MaximumNeighbourhood"":0,""transPQtlColocH4Maximum"":0,""transPQtlColocH4MaximumNeighbourhood"":0}","{""vepMaximum"":0.3199999928474426,""vepMaximumNeighbourhood"":0.47058820724487305,""vepMean"":0.013258648104965687,""vepMeanNeighbourhood"":0.7332022786140442}","{""credibleSetConfidence"":0.25,""e2gMean"":0.0536302849650383,""e2gMeanNeighbourhood"":1,""geneCount500kb"":36,""proteinGeneCount500kb"":13}","{""credibleSetConfidence"":0.25,""distanceFootprintMean"":0.9951101541519165,""distanceFootprintMeanNeighbourhood"":0.9985861778259277,""distanceSentinelFootprint"":0.997984766960144,""distanceSentinelFootprintNeighbourhood"":0.997984766960144,""distanceSentinelTss"":0.997984766960144,""distanceSentinelTssNeighbourhood"":0.9999526739120483,""distanceTssMean"":0.9951010942459106,""distanceTssMeanNeighbourhood"":1,""e2gMean"":0.0536302849650383,""e2gMeanNeighbourhood"":1,""eQtlColocClppMaximum"":0,""eQtlColocClppMaximumNeighbourhood"":0,""eQtlColocH4Maximum"":0,""eQtlColocH4MaximumNeighbourhood"":0,""geneCount500kb"":36,""pQtlColocClppMaximum"":0,""pQtlColocClppMaximumNeighbourhood"":0,""pQtlColocH4Maximum"":0,""pQtlColocH4MaximumNeighbourhood"":0,""proteinGeneCount500kb"":13,""sQtlColocClppMaximum"":0,""sQtlColocClppMaximumNeighbourhood"":0,""sQtlColocH4Maximum"":0,""sQtlColocH4MaximumNeighbourhood"":0,""transPQtlColocH4Maximum"":0,""transPQtlColocH4MaximumNeighbourhood"":0,""vepMaximum"":0.3199999928474426,""vepMaximumNeighbourhood"":0.47058820724487305,""vepMean"":0.013258648104965687,""vepMeanNeighbourhood"":0.7332022786140442}","{""credibleSetConfidence"":0.00015672959852963686,""distanceFootprintMean"":0.0006468140054494143,""distanceFootprintMeanNeighbourhood"":0.0008143886225298047,""distanceSentinelFootprint"":-0.0012351962504908442,""distanceSentinelFootprintNeighbourhood"":-0.005286945030093193,""distanceSentinelTss"":-0.007404354866594076,""distanceSentinelTssNeighbourhood"":0.024298856034874916,""distanceTssMean"":0.004397274926304817,""distanceTssMeanNeighbourhood"":0.018066922202706337,""e2gMean"":0.0013214198406785727,""e2gMeanNeighbourhood"":0.01773383468389511,""eQtlColocClppMaximum"":-0.0009366387967020273,""eQtlColocClppMaximumNeighbourhood"":-0.0014363963855430484,""eQtlColocH4Maximum"":-0.00044050588621757925,""eQtlColocH4MaximumNeighbourhood"":-0.0010022862115874887,""geneCount500kb"":0.001673785038292408,""pQtlColocClppMaximum"":0,""pQtlColocClppMaximumNeighbourhood"":0,""pQtlColocH4Maximum"":0,""pQtlColocH4MaximumNeighbourhood"":0,""proteinGeneCount500kb"":-0.007318837568163872,""sQtlColocClppMaximum"":-0.000135953159769997,""sQtlColocClppMaximumNeighbourhood"":-0.0009138518944382668,""sQtlColocH4Maximum"":-0.0002259612228954211,""sQtlColocH4MaximumNeighbourhood"":-0.00131048948969692,""transPQtlColocH4Maximum"":-0.0007474084268324077,""transPQtlColocH4MaximumNeighbourhood"":-0.002015824429690838,""vepMaximum"":0.0027306522242724895,""vepMaximumNeighbourhood"":-0.007181728258728981,""vepMean"":-0.0004472779401112348,""vepMeanNeighbourhood"":0.0013307365588843822}",0.03833450749516487,GRCh38,moderate_prioritization,0.05,0.6150293350219727
Parkinson disease,ACBD7,ENSG00000176244,PD_CHR10_040,4fe27e0d56a20ce70103e1d88a7441d6,rs13664,10,15514323,1e-12,0.07339315861463547,PICS,PICS fine-mapped credible set based on reported top hit,GCST90308590,Open Targets Platform Locus-to-Gene,acyl-CoA binding domain containing 7,10_15514323_G_T,"{""distanceFootprintMean"":0.8536239266395569,""distanceFootprintMeanNeighbourhood"":0.8573657274246216,""distanceSentinelFootprint"":0.8548715710639954,""distanceSentinelFootprintNeighbourhood"":0.8548715710639954,""distanceSentinelTss"":0.8548715710639954,""distanceSentinelTssNeighbourhood"":0.8774021863937378,""distanceTssMean"":0.8536239266395569,""distanceTssMeanNeighbourhood"":0.8791103959083557}","{""eQtlColocClppMaximum"":0,""eQtlColocClppMaximumNeighbourhood"":0,""eQtlColocH4Maximum"":0,""eQtlColocH4MaximumNeighbourhood"":0,""pQtlColocClppMaximum"":0,""pQtlColocClppMaximumNeighbourhood"":0,""pQtlColocH4Maximum"":0,""pQtlColocH4MaximumNeighbourhood"":0,""sQtlColocClppMaximum"":0,""sQtlColocClppMaximumNeighbourhood"":0,""sQtlColocH4Maximum"":0,""sQtlColocH4MaximumNeighbourhood"":0,""transPQtlColocH4Maximum"":0,""transPQtlColocH4MaximumNeighbourhood"":0}","{""vepMaximum"":0.2199999988079071,""vepMaximumNeighbourhood"":0.5945945978164673,""vepMean"":0.0027158113662153482,""vepMeanNeighbourhood"":0.9483774900436401}","{""credibleSetConfidence"":0.25,""e2gMean"":0,""e2gMeanNeighbourhood"":0,""geneCount500kb"":4,""proteinGeneCount500kb"":2}","{""credibleSetConfidence"":0.25,""distanceFootprintMean"":0.8536239266395569,""distanceFootprintMeanNeighbourhood"":0.8573657274246216,""distanceSentinelFootprint"":0.8548715710639954,""distanceSentinelFootprintNeighbourhood"":0.8548715710639954,""distanceSentinelTss"":0.8548715710639954,""distanceSentinelTssNeighbourhood"":0.8774021863937378,""distanceTssMean"":0.8536239266395569,""distanceTssMeanNeighbourhood"":0.8791103959083557,""e2gMean"":0,""e2gMeanNeighbourhood"":0,""eQtlColocClppMaximum"":0,""eQtlColocClppMaximumNeighbourhood"":0,""eQtlColocH4Maximum"":0,""eQtlColocH4MaximumNeighbourhood"":0,""geneCount500kb"":4,""pQtlColocClppMaximum"":0,""pQtlColocClppMaximumNeighbourhood"":0,""pQtlColocH4Maximum"":0,""pQtlColocH4MaximumNeighbourhood"":0,""proteinGeneCount500kb"":2,""sQtlColocClppMaximum"":0,""sQtlColocClppMaximumNeighbourhood"":0,""sQtlColocH4Maximum"":0,""sQtlColocH4MaximumNeighbourhood"":0,""transPQtlColocH4Maximum"":0,""transPQtlColocH4MaximumNeighbourhood"":0,""vepMaximum"":0.2199999988079071,""vepMaximumNeighbourhood"":0.5945945978164673,""vepMean"":0.0027158113662153482,""vepMeanNeighbourhood"":0.9483774900436401}","{""credibleSetConfidence"":0.0014940290711820126,""distanceFootprintMean"":0.0020156502723693848,""distanceFootprintMeanNeighbourhood"":-0.0025247454177588224,""distanceSentinelFootprint"":-0.0011182751040905714,""distanceSentinelFootprintNeighbourhood"":-0.02107354998588562,""distanceSentinelTss"":0.00793808326125145,""distanceSentinelTssNeighbourhood"":-0.02144007384777069,""distanceTssMean"":0.004384318366646767,""distanceTssMeanNeighbourhood"":-0.013122465461492538,""e2gMean"":-0.0009069130173884332,""e2gMeanNeighbourhood"":-0.004995683208107948,""eQtlColocClppMaximum"":-0.0005302600329741836,""eQtlColocClppMaximumNeighbourhood"":-0.0009647170663811266,""eQtlColocH4Maximum"":-0.0008796194451861084,""eQtlColocH4MaximumNeighbourhood"":-0.0010152439353987575,""geneCount500kb"":0.02187754027545452,""pQtlColocClppMaximum"":-0.0015171540435403585,""pQtlColocClppMaximumNeighbourhood"":-0.0011535101803019643,""pQtlColocH4Maximum"":-0.0007329927757382393,""pQtlColocH4MaximumNeighbourhood"":-0.00031710483017377555,""proteinGeneCount500kb"":0.0501507893204689,""sQtlColocClppMaximum"":-0.0009291462483815849,""sQtlColocClppMaximumNeighbourhood"":-0.00037734894431196153,""sQtlColocH4Maximum"":-0.00045302818762138486,""sQtlColocH4MaximumNeighbourhood"":-0.0007483344525098801,""transPQtlColocH4Maximum"":-0.0008714429568499327,""transPQtlColocH4MaximumNeighbourhood"":-0.003969902638345957,""vepMaximum"":-0.004873143974691629,""vepMaximumNeighbourhood"":-0.011293679475784302,""vepMean"":0.001303497003391385,""vepMeanNeighbourhood"":0.002405670238658786}",0.07763190567493439,GRCh38,moderate_prioritization,0.05,0.6150293350219727
Parkinson disease,FOXS1,ENSG00000179772,PD_CHR20_076,bcc8a3c1bfc87078f7b70f2459b33b33,rs6060983,20,31833121,4e-09,0.07179544866085052,PICS,PICS fine-mapped credible set based on reported top hit,GCST90308590,Open Targets Platform Locus-to-Gene,forkhead box S1,20_31833121_T_C,"{""distanceFootprintMean"":0.9811616539955139,""distanceFootprintMeanNeighbourhood"":0.9883853793144226,""distanceSentinelFootprint"":0.99827641248703,""distanceSentinelFootprintNeighbourhood"":0.99827641248703,""distanceSentinelTss"":0.9980732798576355,""distanceSentinelTssNeighbourhood"":1,""distanceTssMean"":0.9809202551841736,""distanceTssMeanNeighbourhood"":0.9926620721817017}","{""eQtlColocClppMaximum"":0,""eQtlColocClppMaximumNeighbourhood"":0,""eQtlColocH4Maximum"":0,""eQtlColocH4MaximumNeighbourhood"":0,""pQtlColocClppMaximum"":0,""pQtlColocClppMaximumNeighbourhood"":0,""pQtlColocH4Maximum"":0,""pQtlColocH4MaximumNeighbourhood"":0,""sQtlColocClppMaximum"":0,""sQtlColocClppMaximumNeighbourhood"":0,""sQtlColocH4Maximum"":0,""sQtlColocH4MaximumNeighbourhood"":0,""transPQtlColocH4Maximum"":0,""transPQtlColocH4MaximumNeighbourhood"":0}","{""vepMaximum"":0.38999998569488525,""vepMaximumNeighbourhood"":0.8478260636329651,""vepMean"":0.0017449476290494204,""vepMeanNeighbourhood"":0.7958317995071411}","{""credibleSetConfidence"":0.25,""e2gMean"":0.10518524795770645,""e2gMeanNeighbourhood"":0.5943940281867981,""geneCount500kb"":26,""proteinGeneCount500kb"":10}","{""credibleSetConfidence"":0.25,""distanceFootprintMean"":0.9811616539955139,""distanceFootprintMeanNeighbourhood"":0.9883853793144226,""distanceSentinelFootprint"":0.99827641248703,""distanceSentinelFootprintNeighbourhood"":0.99827641248703,""distanceSentinelTss"":0.9980732798576355,""distanceSentinelTssNeighbourhood"":1,""distanceTssMean"":0.9809202551841736,""distanceTssMeanNeighbourhood"":0.9926620721817017,""e2gMean"":0.10518524795770645,""e2gMeanNeighbourhood"":0.5943940281867981,""eQtlColocClppMaximum"":0,""eQtlColocClppMaximumNeighbourhood"":0,""eQtlColocH4Maximum"":0,""eQtlColocH4MaximumNeighbourhood"":0,""geneCount500kb"":26,""pQtlColocClppMaximum"":0,""pQtlColocClppMaximumNeighbourhood"":0,""pQtlColocH4Maximum"":0,""pQtlColocH4MaximumNeighbourhood"":0,""proteinGeneCount500kb"":10,""sQtlColocClppMaximum"":0,""sQtlColocClppMaximumNeighbourhood"":0,""sQtlColocH4Maximum"":0,""sQtlColocH4MaximumNeighbourhood"":0,""transPQtlColocH4Maximum"":0,""transPQtlColocH4MaximumNeighbourhood"":0,""vepMaximum"":0.38999998569488525,""vepMaximumNeighbourhood"":0.8478260636329651,""vepMean"":0.0017449476290494204,""vepMeanNeighbourhood"":0.7958317995071411}","{""credibleSetConfidence"":0.00019134359899908304,""distanceFootprintMean"":-0.007020676974207163,""distanceFootprintMeanNeighbourhood"":0.001061846618540585,""distanceSentinelFootprint"":-0.0027347903233021498,""distanceSentinelFootprintNeighbourhood"":-0.0009664784884080291,""distanceSentinelTss"":-0.010997604578733444,""distanceSentinelTssNeighbourhood"":0.02540111541748047,""distanceTssMean"":-0.0010215305956080556,""distanceTssMeanNeighbourhood"":0.018058819696307182,""e2gMean"":0.0036377410870045424,""e2gMeanNeighbourhood"":0.0023595041129738092,""eQtlColocClppMaximum"":-0.0011544064618647099,""eQtlColocClppMaximumNeighbourhood"":-0.0031034795101732016,""eQtlColocH4Maximum"":-0.0007517596823163331,""eQtlColocH4MaximumNeighbourhood"":-0.001896747387945652,""geneCount500kb"":-0.002885982394218445,""pQtlColocClppMaximum"":-0.0005465970607474446,""pQtlColocClppMaximumNeighbourhood"":-0.00034230100573040545,""pQtlColocH4Maximum"":-0.0003632025036495179,""pQtlColocH4MaximumNeighbourhood"":-8.04004303063266e-05,""proteinGeneCount500kb"":-0.002377190859988332,""sQtlColocClppMaximum"":-0.001500872545875609,""sQtlColocClppMaximumNeighbourhood"":-0.0012433776864781976,""sQtlColocH4Maximum"":-0.0010085803223773837,""sQtlColocH4MaximumNeighbourhood"":-0.0018391157500445843,""transPQtlColocH4Maximum"":-0.00010126704728463665,""transPQtlColocH4MaximumNeighbourhood"":-0.0001734770485199988,""vepMaximum"":0.009463878348469734,""vepMaximumNeighbourhood"":-0.0063146562315523624,""vepMean"":-0.009382490068674088,""vepMeanNeighbourhood"":-0.0016359802102670074}",0.07106415182352066,GRCh38,moderate_prioritization,0.05,0.6150293350219727
Parkinson disease,OLAH,ENSG00000152463,PD_CHR10_040,4fe27e0d56a20ce70103e1d88a7441d6,rs13664,10,15514323,1e-12,0.07153570652008057,PICS,PICS fine-mapped credible set based on reported top hit,GCST90308590,Open Targets Platform Locus-to-Gene,oleoyl-ACP hydrolase,10_15514323_G_T,"{""distanceFootprintMean"":0.8372203707695007,""distanceFootprintMeanNeighbourhood"":0.8408902883529663,""distanceSentinelFootprint"":0.8378255367279053,""distanceSentinelFootprintNeighbourhood"":0.8378255367279053,""distanceSentinelTss"":0.7846328616142273,""distanceSentinelTssNeighbourhood"":0.8053123354911804,""distanceTssMean"":0.7871846556663513,""distanceTssMeanNeighbourhood"":0.8106874823570251}","{""eQtlColocClppMaximum"":0,""eQtlColocClppMaximumNeighbourhood"":0,""eQtlColocH4Maximum"":0,""eQtlColocH4MaximumNeighbourhood"":0,""pQtlColocClppMaximum"":0,""pQtlColocClppMaximumNeighbourhood"":0,""pQtlColocH4Maximum"":0,""pQtlColocH4MaximumNeighbourhood"":0,""sQtlColocClppMaximum"":0,""sQtlColocClppMaximumNeighbourhood"":0,""sQtlColocH4Maximum"":0,""sQtlColocH4MaximumNeighbourhood"":0,""transPQtlColocH4Maximum"":0,""transPQtlColocH4MaximumNeighbourhood"":0}","{""vepMaximum"":0.20000000298023224,""vepMaximumNeighbourhood"":0.5405405163764954,""vepMean"":0.002468919614329934,""vepMeanNeighbourhood"":0.86216139793396}","{""credibleSetConfidence"":0.25,""e2gMean"":0,""e2gMeanNeighbourhood"":0,""geneCount500kb"":4,""proteinGeneCount500kb"":2}","{""credibleSetConfidence"":0.25,""distanceFootprintMean"":0.8372203707695007,""distanceFootprintMeanNeighbourhood"":0.8408902883529663,""distanceSentinelFootprint"":0.8378255367279053,""distanceSentinelFootprintNeighbourhood"":0.8378255367279053,""distanceSentinelTss"":0.7846328616142273,""distanceSentinelTssNeighbourhood"":0.8053123354911804,""distanceTssMean"":0.7871846556663513,""distanceTssMeanNeighbourhood"":0.8106874823570251,""e2gMean"":0,""e2gMeanNeighbourhood"":0,""eQtlColocClppMaximum"":0,""eQtlColocClppMaximumNeighbourhood"":0,""eQtlColocH4Maximum"":0,""eQtlColocH4MaximumNeighbourhood"":0,""geneCount500kb"":4,""pQtlColocClppMaximum"":0,""pQtlColocClppMaximumNeighbourhood"":0,""pQtlColocH4Maximum"":0,""pQtlColocH4MaximumNeighbourhood"":0,""proteinGeneCount500kb"":2,""sQtlColocClppMaximum"":0,""sQtlColocClppMaximumNeighbourhood"":0,""sQtlColocH4Maximum"":0,""sQtlColocH4MaximumNeighbourhood"":0,""transPQtlColocH4Maximum"":0,""transPQtlColocH4MaximumNeighbourhood"":0,""vepMaximum"":0.20000000298023224,""vepMaximumNeighbourhood"":0.5405405163764954,""vepMean"":0.002468919614329934,""vepMeanNeighbourhood"":0.86216139793396}","{""credibleSetConfidence"":0.0014738528989255428,""distanceFootprintMean"":0.0025058756582438946,""distanceFootprintMeanNeighbourhood"":-0.0033884127624332905,""distanceSentinelFootprint"":-0.0010642182314768434,""distanceSentinelFootprintNeighbourhood"":-0.019968897104263306,""distanceSentinelTss"":0.008069724775850773,""distanceSentinelTssNeighbourhood"":-0.020719343796372414,""distanceTssMean"":0.0038234670646488667,""distanceTssMeanNeighbourhood"":-0.012507723644375801,""e2gMean"":-0.00085735839093104,""e2gMeanNeighbourhood"":-0.005009558517485857,""eQtlColocClppMaximum"":-0.0006743922713212669,""eQtlColocClppMaximumNeighbourhood"":-0.0010451667476445436,""eQtlColocH4Maximum"":-0.0009375679073855281,""eQtlColocH4MaximumNeighbourhood"":-0.001106553478166461,""geneCount500kb"":0.022396044805645943,""pQtlColocClppMaximum"":-0.0015867851907387376,""pQtlColocClppMaximumNeighbourhood"":-0.001172472140751779,""pQtlColocH4Maximum"":-0.0007618803065270185,""pQtlColocH4MaximumNeighbourhood"":-0.0003091123071499169,""proteinGeneCount500kb"":0.048688799142837524,""sQtlColocClppMaximum"":-0.0009706473792903125,""sQtlColocClppMaximumNeighbourhood"":-0.00047693244414404035,""sQtlColocH4Maximum"":-0.0004851112316828221,""sQtlColocH4MaximumNeighbourhood"":-0.0008139506680890918,""transPQtlColocH4Maximum"":-0.0008687427616678178,""transPQtlColocH4MaximumNeighbourhood"":-0.003706724615767598,""vepMaximum"":-0.004048197530210018,""vepMaximumNeighbourhood"":-0.011337426491081715,""vepMean"":0.0011219278676435351,""vepMeanNeighbourhood"":-0.0003587485116440803}",0.07763190567493439,GRCh38,moderate_prioritization,0.05,0.6150293350219727
Parkinson disease,BIN3,ENSG00000147439,PD_CHR08_037,0887f1ea47022100566362acd320b7f9,rs11783129,8,22595913,6e-11,0.07132143527269363,PICS,PICS fine-mapped credible set based on reported top hit,GCST90308590,Open Targets Platform Locus-to-Gene,bridging integrator 3,8_22595913_G_A,"{""distanceFootprintMean"":0.9941292405128479,""distanceFootprintMeanNeighbourhood"":0.9992557764053345,""distanceSentinelFootprint"":0.9961705207824707,""distanceSentinelFootprintNeighbourhood"":0.9964162111282349,""distanceSentinelTss"":0.9879357814788818,""distanceSentinelTssNeighbourhood"":0.9884931445121765,""distanceTssMean"":0.9870530962944031,""distanceTssMeanNeighbourhood"":0.9929679036140442}","{""eQtlColocClppMaximum"":0.026769541203975677,""eQtlColocClppMaximumNeighbourhood"":0.9119264483451843,""eQtlColocH4Maximum"":0.968201220035553,""eQtlColocH4MaximumNeighbourhood"":0.9971141219139099,""pQtlColocClppMaximum"":0,""pQtlColocClppMaximumNeighbourhood"":0,""pQtlColocH4Maximum"":0,""pQtlColocH4MaximumNeighbourhood"":0,""sQtlColocClppMaximum"":0.014291037805378437,""sQtlColocClppMaximumNeighbourhood"":0.39314916729927063,""sQtlColocH4Maximum"":0.9412704110145569,""sQtlColocH4MaximumNeighbourhood"":0.9637886881828308,""transPQtlColocH4Maximum"":0,""transPQtlColocH4MaximumNeighbourhood"":0}","{""vepMaximum"":0.3199999928474426,""vepMaximumNeighbourhood"":0.5245901346206665,""vepMean"":0.003315643174573779,""vepMeanNeighbourhood"":0.6954213380813599}","{""credibleSetConfidence"":0.25,""e2gMean"":0.0990123376250267,""e2gMeanNeighbourhood"":0.29085811972618103,""geneCount500kb"":26,""proteinGeneCount500kb"":9}","{""credibleSetConfidence"":0.25,""distanceFootprintMean"":0.9941292405128479,""distanceFootprintMeanNeighbourhood"":0.9992557764053345,""distanceSentinelFootprint"":0.9961705207824707,""distanceSentinelFootprintNeighbourhood"":0.9964162111282349,""distanceSentinelTss"":0.9879357814788818,""distanceSentinelTssNeighbourhood"":0.9884931445121765,""distanceTssMean"":0.9870530962944031,""distanceTssMeanNeighbourhood"":0.9929679036140442,""e2gMean"":0.0990123376250267,""e2gMeanNeighbourhood"":0.29085811972618103,""eQtlColocClppMaximum"":0.026769541203975677,""eQtlColocClppMaximumNeighbourhood"":0.9119264483451843,""eQtlColocH4Maximum"":0.968201220035553,""eQtlColocH4MaximumNeighbourhood"":0.9971141219139099,""geneCount500kb"":26,""pQtlColocClppMaximum"":0,""pQtlColocClppMaximumNeighbourhood"":0,""pQtlColocH4Maximum"":0,""pQtlColocH4MaximumNeighbourhood"":0,""proteinGeneCount500kb"":9,""sQtlColocClppMaximum"":0.014291037805378437,""sQtlColocClppMaximumNeighbourhood"":0.39314916729927063,""sQtlColocH4Maximum"":0.9412704110145569,""sQtlColocH4MaximumNeighbourhood"":0.9637886881828308,""transPQtlColocH4Maximum"":0,""transPQtlColocH4MaximumNeighbourhood"":0,""vepMaximum"":0.3199999928474426,""vepMaximumNeighbourhood"":0.5245901346206665,""vepMean"":0.003315643174573779,""vepMeanNeighbourhood"":0.6954213380813599}","{""credibleSetConfidence"":0.0006440270226448774,""distanceFootprintMean"":-0.0011868068249896169,""distanceFootprintMeanNeighbourhood"":0.00041514766053296626,""distanceSentinelFootprint"":-0.0013462401693686843,""distanceSentinelFootprintNeighbourhood"":-0.008473378606140614,""distanceSentinelTss"":-0.002750600688159466,""distanceSentinelTssNeighbourhood"":-0.013120322488248348,""distanceTssMean"":-0.001488086418248713,""distanceTssMeanNeighbourhood"":0.009683589451014996,""e2gMean"":0.00466402480378747,""e2gMeanNeighbourhood"":-0.005362305790185928,""eQtlColocClppMaximum"":0.003381440881639719,""eQtlColocClppMaximumNeighbourhood"":0.009002231061458588,""eQtlColocH4Maximum"":0.004036813508719206,""eQtlColocH4MaximumNeighbourhood"":0.004786209668964148,""geneCount500kb"":-0.0009521371102891862,""pQtlColocClppMaximum"":-0.0024123825132846832,""pQtlColocClppMaximumNeighbourhood"":-0.001041468814946711,""pQtlColocH4Maximum"":-0.0014667677460238338,""pQtlColocH4MaximumNeighbourhood"":-0.00020926994329784065,""proteinGeneCount500kb"":-0.00372612033970654,""sQtlColocClppMaximum"":0.0035074749030172825,""sQtlColocClppMaximumNeighbourhood"":0.00032772772829048336,""sQtlColocH4Maximum"":0.0024041279684752226,""sQtlColocH4MaximumNeighbourhood"":0.011376679874956608,""transPQtlColocH4Maximum"":-6.980845500947908e-05,""transPQtlColocH4MaximumNeighbourhood"":-0.0002927792666014284,""vepMaximum"":0.0006958740414120257,""vepMaximumNeighbourhood"":-0.010243558324873447,""vepMean"":-0.0024867155589163303,""vepMeanNeighbourhood"":-0.0003836501273326576}",0.07340847700834274,GRCh38,moderate_prioritization,0.05,0.6150293350219727
Parkinson disease,METTL13,ENSG00000010165,PD_CHR01_006,65fe3ec96504bae9043f65f6bcd412c7,rs10903,1,171704096,2e-09,0.07121119648218155,PICS,PICS fine-mapped credible set based on reported top hit,GCST90308590,Open Targets Platform Locus-to-Gene,"methyltransferase 13, eEF1A N-terminus and K55",1_171704096_G_A,"{""distanceFootprintMean"":0.9842361807823181,""distanceFootprintMeanNeighbourhood"":0.9889050126075745,""distanceSentinelFootprint"":0.9871540069580078,""distanceSentinelFootprintNeighbourhood"":0.9871540069580078,""distanceSentinelTss"":0.9871540069580078,""distanceSentinelTssNeighbourhood"":0.9931311011314392,""distanceTssMean"":0.9842361807823181,""distanceTssMeanNeighbourhood"":0.9935563206672668}","{""eQtlColocClppMaximum"":0.006500160787254572,""eQtlColocClppMaximumNeighbourhood"":0.5951085686683655,""eQtlColocH4Maximum"":0.8785824179649353,""eQtlColocH4MaximumNeighbourhood"":0.9504833221435547,""pQtlColocClppMaximum"":0,""pQtlColocClppMaximumNeighbourhood"":0,""pQtlColocH4Maximum"":0,""pQtlColocH4MaximumNeighbourhood"":0,""sQtlColocClppMaximum"":0.0047776224091649055,""sQtlColocClppMaximumNeighbourhood"":0.4455702602863312,""sQtlColocH4Maximum"":0.8414790630340576,""sQtlColocH4MaximumNeighbourhood"":0.9116447567939758,""transPQtlColocH4Maximum"":0,""transPQtlColocH4MaximumNeighbourhood"":0}","{""vepMaximum"":0.2199999988079071,""vepMaximumNeighbourhood"":0.5641025900840759,""vepMean"":0.001455093501135707,""vepMeanNeighbourhood"":0.8925185799598694}","{""credibleSetConfidence"":0.25,""e2gMean"":0,""e2gMeanNeighbourhood"":0,""geneCount500kb"":17,""proteinGeneCount500kb"":6}","{""credibleSetConfidence"":0.25,""distanceFootprintMean"":0.9842361807823181,""distanceFootprintMeanNeighbourhood"":0.9889050126075745,""distanceSentinelFootprint"":0.9871540069580078,""distanceSentinelFootprintNeighbourhood"":0.9871540069580078,""distanceSentinelTss"":0.9871540069580078,""distanceSentinelTssNeighbourhood"":0.9931311011314392,""distanceTssMean"":0.9842361807823181,""distanceTssMeanNeighbourhood"":0.9935563206672668,""e2gMean"":0,""e2gMeanNeighbourhood"":0,""eQtlColocClppMaximum"":0.006500160787254572,""eQtlColocClppMaximumNeighbourhood"":0.5951085686683655,""eQtlColocH4Maximum"":0.8785824179649353,""eQtlColocH4MaximumNeighbourhood"":0.9504833221435547,""geneCount500kb"":17,""pQtlColocClppMaximum"":0,""pQtlColocClppMaximumNeighbourhood"":0,""pQtlColocH4Maximum"":0,""pQtlColocH4MaximumNeighbourhood"":0,""proteinGeneCount500kb"":6,""sQtlColocClppMaximum"":0.0047776224091649055,""sQtlColocClppMaximumNeighbourhood"":0.4455702602863312,""sQtlColocH4Maximum"":0.8414790630340576,""sQtlColocH4MaximumNeighbourhood"":0.9116447567939758,""transPQtlColocH4Maximum"":0,""transPQtlColocH4MaximumNeighbourhood"":0,""vepMaximum"":0.2199999988079071,""vepMaximumNeighbourhood"":0.5641025900840759,""vepMean"":0.001455093501135707,""vepMeanNeighbourhood"":0.8925185799598694}","{""credibleSetConfidence"":0.0007430508267134428,""distanceFootprintMean"":-0.004093227908015251,""distanceFootprintMeanNeighbourhood"":0.0018732944736257195,""distanceSentinelFootprint"":-0.0009368505561724305,""distanceSentinelFootprintNeighbourhood"":-0.0016029870603233576,""distanceSentinelTss"":-0.002256652805954218,""distanceSentinelTssNeighbourhood"":0.0006266054115258157,""distanceTssMean"":-0.0007334956899285316,""distanceTssMeanNeighbourhood"":0.016097139567136765,""e2gMean"":-0.00244985893368721,""e2gMeanNeighbourhood"":-0.009804308414459229,""eQtlColocClppMaximum"":0.002490554004907608,""eQtlColocClppMaximumNeighbourhood"":0.008086925372481346,""eQtlColocH4Maximum"":0.003128591226413846,""eQtlColocH4MaximumNeighbourhood"":0.0048579564318060875,""geneCount500kb"":0.005144419148564339,""pQtlColocClppMaximum"":-0.0025111890863627195,""pQtlColocClppMaximumNeighbourhood"":-0.0017522815614938736,""pQtlColocH4Maximum"":-0.0013308472698554397,""pQtlColocH4MaximumNeighbourhood"":-0.000928454683162272,""proteinGeneCount500kb"":0.0035182770807296038,""sQtlColocClppMaximum"":0.00042870474862866104,""sQtlColocClppMaximumNeighbourhood"":-0.00018295487097930163,""sQtlColocH4Maximum"":0.0010670636547729373,""sQtlColocH4MaximumNeighbourhood"":0.005979472305625677,""transPQtlColocH4Maximum"":-0.0005223694024607539,""transPQtlColocH4MaximumNeighbourhood"":-0.001916692010127008,""vepMaximum"":-0.0032687820494174957,""vepMaximumNeighbourhood"":-0.010652282275259495,""vepMean"":-0.0008046553703024983,""vepMeanNeighbourhood"":0.00437801843509078}",0.0585390143096447,GRCh38,moderate_prioritization,0.05,0.6150293350219727
Parkinson disease,NUP42,ENSG00000136243,PD_CHR07_034,9120864c91ae901e3ae7b15b16c15603,rs199351,7,23260430,4e-28,0.07110121846199036,PICS,PICS fine-mapped credible set based on reported top hit,GCST90308590,Open Targets Platform Locus-to-Gene,nucleoporin 42,7_23260430_A_C,"{""distanceFootprintMean"":0.9887837171554565,""distanceFootprintMeanNeighbourhood"":0.9933244585990906,""distanceSentinelFootprint"":0.9903580546379089,""distanceSentinelFootprintNeighbourhood"":0.9903580546379089,""distanceSentinelTss"":0.9870063066482544,""distanceSentinelTssNeighbourhood"":0.9890934228897095,""distanceTssMean"":0.9855281710624695,""distanceTssMeanNeighbourhood"":0.991018533706665}","{""eQtlColocClppMaximum"":0.052361298352479935,""eQtlColocClppMaximumNeighbourhood"":0.8443810939788818,""eQtlColocH4Maximum"":0.9839878082275391,""eQtlColocH4MaximumNeighbourhood"":0.9973551034927368,""pQtlColocClppMaximum"":0,""pQtlColocClppMaximumNeighbourhood"":0,""pQtlColocH4Maximum"":0,""pQtlColocH4MaximumNeighbourhood"":0,""sQtlColocClppMaximum"":0.030744947493076324,""sQtlColocClppMaximumNeighbourhood"":0.4951043426990509,""sQtlColocH4Maximum"":0.9723682403564453,""sQtlColocH4MaximumNeighbourhood"":0.9855579137802124,""transPQtlColocH4Maximum"":0,""transPQtlColocH4MaximumNeighbourhood"":0}","{""vepMaximum"":0.20000000298023224,""vepMaximumNeighbourhood"":0.43478259444236755,""vepMean"":0.007933538407087326,""vepMeanNeighbourhood"":0.70645672082901}","{""credibleSetConfidence"":0.25,""e2gMean"":0,""e2gMeanNeighbourhood"":0,""geneCount500kb"":19,""proteinGeneCount500kb"":6}","{""credibleSetConfidence"":0.25,""distanceFootprintMean"":0.9887837171554565,""distanceFootprintMeanNeighbourhood"":0.9933244585990906,""distanceSentinelFootprint"":0.9903580546379089,""distanceSentinelFootprintNeighbourhood"":0.9903580546379089,""distanceSentinelTss"":0.9870063066482544,""distanceSentinelTssNeighbourhood"":0.9890934228897095,""distanceTssMean"":0.9855281710624695,""distanceTssMeanNeighbourhood"":0.991018533706665,""e2gMean"":0,""e2gMeanNeighbourhood"":0,""eQtlColocClppMaximum"":0.052361298352479935,""eQtlColocClppMaximumNeighbourhood"":0.8443810939788818,""eQtlColocH4Maximum"":0.9839878082275391,""eQtlColocH4MaximumNeighbourhood"":0.9973551034927368,""geneCount500kb"":19,""pQtlColocClppMaximum"":0,""pQtlColocClppMaximumNeighbourhood"":0,""pQtlColocH4Maximum"":0,""pQtlColocH4MaximumNeighbourhood"":0,""proteinGeneCount500kb"":6,""sQtlColocClppMaximum"":0.030744947493076324,""sQtlColocClppMaximumNeighbourhood"":0.4951043426990509,""sQtlColocH4Maximum"":0.9723682403564453,""sQtlColocH4MaximumNeighbourhood"":0.9855579137802124,""transPQtlColocH4Maximum"":0,""transPQtlColocH4MaximumNeighbourhood"":0,""vepMaximum"":0.20000000298023224,""vepMaximumNeighbourhood"":0.43478259444236755,""vepMean"":0.007933538407087326,""vepMeanNeighbourhood"":0.70645672082901}","{""credibleSetConfidence"":0.0002466373553033918,""distanceFootprintMean"":-0.003668445162475109,""distanceFootprintMeanNeighbourhood"":-0.0006960069295018911,""distanceSentinelFootprint"":-0.0009810329647734761,""distanceSentinelFootprintNeighbourhood"":-0.0038636999670416117,""distanceSentinelTss"":-0.0014440896920859814,""distanceSentinelTssNeighbourhood"":-0.003964351490139961,""distanceTssMean"":-0.001796318800188601,""distanceTssMeanNeighbourhood"":0.015121307224035263,""e2gMean"":-0.0033149083610624075,""e2gMeanNeighbourhood"":-0.011531533673405647,""eQtlColocClppMaximum"":0.003304458921775222,""eQtlColocClppMaximumNeighbourhood"":0.008130471222102642,""eQtlColocH4Maximum"":0.004260375630110502,""eQtlColocH4MaximumNeighbourhood"":0.0056823259219527245,""geneCount500kb"":0.005938953720033169,""pQtlColocClppMaximum"":-0.006306507159024477,""pQtlColocClppMaximumNeighbourhood"":-0.0044752913527190685,""pQtlColocH4Maximum"":-0.002632057759910822,""pQtlColocH4MaximumNeighbourhood"":-0.0023313730489462614,""proteinGeneCount500kb"":0.003946519922465086,""sQtlColocClppMaximum"":0.0032630155328661203,""sQtlColocClppMaximumNeighbourhood"":0.0002589048817753792,""sQtlColocH4Maximum"":0.0008325485396198928,""sQtlColocH4MaximumNeighbourhood"":0.0052561648190021515,""transPQtlColocH4Maximum"":-0.0008741440833546221,""transPQtlColocH4MaximumNeighbourhood"":-0.002396797062829137,""vepMaximum"":-0.0032701347954571247,""vepMaximumNeighbourhood"":-0.011264539323747158,""vepMean"":-0.0009100974421016872,""vepMeanNeighbourhood"":0.001954055856913328}",0.07862681150436401,GRCh38,moderate_prioritization,0.05,0.6150293350219727
Parkinson disease,WDR5B,ENSG00000196981,PD_CHR03_016,1b2b435b10f0de149a177f702c0afad0,rs16833168,3,122535800,3e-12,0.07097943872213364,PICS,PICS fine-mapped credible set based on reported top hit,GCST90308590,Open Targets Platform Locus-to-Gene,WD repeat domain 5B,3_122535800_C_T,"{""distanceFootprintMean"":0.9867255091667175,""distanceFootprintMeanNeighbourhood"":0.9917083382606506,""distanceSentinelFootprint"":0.9791389107704163,""distanceSentinelFootprintNeighbourhood"":0.9791389107704163,""distanceSentinelTss"":0.9791389107704163,""distanceSentinelTssNeighbourhood"":0.9823291897773743,""distanceTssMean"":0.9866196513175964,""distanceTssMeanNeighbourhood"":0.9990679025650024}","{""eQtlColocClppMaximum"":0,""eQtlColocClppMaximumNeighbourhood"":0,""eQtlColocH4Maximum"":0,""eQtlColocH4MaximumNeighbourhood"":0,""pQtlColocClppMaximum"":0,""pQtlColocClppMaximumNeighbourhood"":0,""pQtlColocH4Maximum"":0,""pQtlColocH4MaximumNeighbourhood"":0,""sQtlColocClppMaximum"":0,""sQtlColocClppMaximumNeighbourhood"":0,""sQtlColocH4Maximum"":0,""sQtlColocH4MaximumNeighbourhood"":0,""transPQtlColocH4Maximum"":0,""transPQtlColocH4MaximumNeighbourhood"":0}","{""vepMaximum"":0.2199999988079071,""vepMaximumNeighbourhood"":0.3235293924808502,""vepMean"":0.0034501419868320227,""vepMeanNeighbourhood"":0.8011346459388733}","{""credibleSetConfidence"":0.25,""e2gMean"":0.019786391407251358,""e2gMeanNeighbourhood"":0.7480307221412659,""geneCount500kb"":16,""proteinGeneCount500kb"":9}","{""credibleSetConfidence"":0.25,""distanceFootprintMean"":0.9867255091667175,""distanceFootprintMeanNeighbourhood"":0.9917083382606506,""distanceSentinelFootprint"":0.9791389107704163,""distanceSentinelFootprintNeighbourhood"":0.9791389107704163,""distanceSentinelTss"":0.9791389107704163,""distanceSentinelTssNeighbourhood"":0.9823291897773743,""distanceTssMean"":0.9866196513175964,""distanceTssMeanNeighbourhood"":0.9990679025650024,""e2gMean"":0.019786391407251358,""e2gMeanNeighbourhood"":0.7480307221412659,""eQtlColocClppMaximum"":0,""eQtlColocClppMaximumNeighbourhood"":0,""eQtlColocH4Maximum"":0,""eQtlColocH4MaximumNeighbourhood"":0,""geneCount500kb"":16,""pQtlColocClppMaximum"":0,""pQtlColocClppMaximumNeighbourhood"":0,""pQtlColocH4Maximum"":0,""pQtlColocH4MaximumNeighbourhood"":0,""proteinGeneCount500kb"":9,""sQtlColocClppMaximum"":0,""sQtlColocClppMaximumNeighbourhood"":0,""sQtlColocH4Maximum"":0,""sQtlColocH4MaximumNeighbourhood"":0,""transPQtlColocH4Maximum"":0,""transPQtlColocH4MaximumNeighbourhood"":0,""vepMaximum"":0.2199999988079071,""vepMaximumNeighbourhood"":0.3235293924808502,""vepMean"":0.0034501419868320227,""vepMeanNeighbourhood"":0.8011346459388733}","{""credibleSetConfidence"":0.0006528141093440354,""distanceFootprintMean"":-0.003108189906924963,""distanceFootprintMeanNeighbourhood"":0.0014973623910918832,""distanceSentinelFootprint"":-5.196725396672264e-05,""distanceSentinelFootprintNeighbourhood"":-0.00025332398945465684,""distanceSentinelTss"":0.0009826603345572948,""distanceSentinelTssNeighbourhood"":0.0063456157222390175,""distanceTssMean"":7.315971015486866e-05,""distanceTssMeanNeighbourhood"":0.029091423377394676,""e2gMean"":0.003969524055719376,""e2gMeanNeighbourhood"":0.009179091081023216,""eQtlColocClppMaximum"":-0.00035653315717354417,""eQtlColocClppMaximumNeighbourhood"":-0.0005669026868417859,""eQtlColocH4Maximum"":-0.00034186471020802855,""eQtlColocH4MaximumNeighbourhood"":-0.00026987248566001654,""geneCount500kb"":0.0035070464946329594,""pQtlColocClppMaximum"":0,""pQtlColocClppMaximumNeighbourhood"":0,""pQtlColocH4Maximum"":0,""pQtlColocH4MaximumNeighbourhood"":0,""proteinGeneCount500kb"":-0.003761362750083208,""sQtlColocClppMaximum"":-4.2471081542316824e-05,""sQtlColocClppMaximumNeighbourhood"":-9.576302545610815e-05,""sQtlColocH4Maximum"":-1.2810919542971533e-05,""sQtlColocH4MaximumNeighbourhood"":-0.0001302387099713087,""transPQtlColocH4Maximum"":0,""transPQtlColocH4MaximumNeighbourhood"":0,""vepMaximum"":-0.0011494405334815383,""vepMaximumNeighbourhood"":-0.011073557659983635,""vepMean"":-3.5809556720778346e-05,""vepMeanNeighbourhood"":0.003264795755967498}",0.03366601839661598,GRCh38,moderate_prioritization,0.05,0.6150293350219727
Parkinson disease,RPP38,ENSG00000152464,PD_CHR10_040,4fe27e0d56a20ce70103e1d88a7441d6,rs13664,10,15514323,1e-12,0.07096105068922043,PICS,PICS fine-mapped credible set based on reported top hit,GCST90308590,Open Targets Platform Locus-to-Gene,ribonuclease P/MRP subunit p38,10_15514323_G_T,"{""distanceFootprintMean"":0.8675752878189087,""distanceFootprintMeanNeighbourhood"":0.8713782429695129,""distanceSentinelFootprint"":0.8692672252655029,""distanceSentinelFootprintNeighbourhood"":0.8692672252655029,""distanceSentinelTss"":0.8631823062896729,""distanceSentinelTssNeighbourhood"":0.8859319686889648,""distanceTssMean"":0.8616682887077332,""distanceTssMeanNeighbourhood"":0.887394905090332}","{""eQtlColocClppMaximum"":0,""eQtlColocClppMaximumNeighbourhood"":0,""eQtlColocH4Maximum"":0,""eQtlColocH4MaximumNeighbourhood"":0,""pQtlColocClppMaximum"":0,""pQtlColocClppMaximumNeighbourhood"":0,""pQtlColocH4Maximum"":0,""pQtlColocH4MaximumNeighbourhood"":0,""sQtlColocClppMaximum"":0,""sQtlColocClppMaximumNeighbourhood"":0,""sQtlColocH4Maximum"":0,""sQtlColocH4MaximumNeighbourhood"":0,""transPQtlColocH4Maximum"":0,""transPQtlColocH4MaximumNeighbourhood"":0}","{""vepMaximum"":0.20000000298023224,""vepMaximumNeighbourhood"":0.5405405163764954,""vepMean"":0.002468919614329934,""vepMeanNeighbourhood"":0.86216139793396}","{""credibleSetConfidence"":0.25,""e2gMean"":0,""e2gMeanNeighbourhood"":0,""geneCount500kb"":4,""proteinGeneCount500kb"":2}","{""credibleSetConfidence"":0.25,""distanceFootprintMean"":0.8675752878189087,""distanceFootprintMeanNeighbourhood"":0.8713782429695129,""distanceSentinelFootprint"":0.8692672252655029,""distanceSentinelFootprintNeighbourhood"":0.8692672252655029,""distanceSentinelTss"":0.8631823062896729,""distanceSentinelTssNeighbourhood"":0.8859319686889648,""distanceTssMean"":0.8616682887077332,""distanceTssMeanNeighbourhood"":0.887394905090332,""e2gMean"":0,""e2gMeanNeighbourhood"":0,""eQtlColocClppMaximum"":0,""eQtlColocClppMaximumNeighbourhood"":0,""eQtlColocH4Maximum"":0,""eQtlColocH4MaximumNeighbourhood"":0,""geneCount500kb"":4,""pQtlColocClppMaximum"":0,""pQtlColocClppMaximumNeighbourhood"":0,""pQtlColocH4Maximum"":0,""pQtlColocH4MaximumNeighbourhood"":0,""proteinGeneCount500kb"":2,""sQtlColocClppMaximum"":0,""sQtlColocClppMaximumNeighbourhood"":0,""sQtlColocH4Maximum"":0,""sQtlColocH4MaximumNeighbourhood"":0,""transPQtlColocH4Maximum"":0,""transPQtlColocH4MaximumNeighbourhood"":0,""vepMaximum"":0.20000000298023224,""vepMaximumNeighbourhood"":0.5405405163764954,""vepMean"":0.002468919614329934,""vepMeanNeighbourhood"":0.86216139793396}","{""credibleSetConfidence"":0.0014675763668492436,""distanceFootprintMean"":0.0021243393421173096,""distanceFootprintMeanNeighbourhood"":-0.002339957980439067,""distanceSentinelFootprint"":-0.0010560787050053477,""distanceSentinelFootprintNeighbourhood"":-0.020373214036226273,""distanceSentinelTss"":0.006896335631608963,""distanceSentinelTssNeighbourhood"":-0.019739551469683647,""distanceTssMean"":0.004323254805058241,""distanceTssMeanNeighbourhood"":-0.012480487115681171,""e2gMean"":-0.0008558743284083903,""e2gMeanNeighbourhood"":-0.00500218290835619,""eQtlColocClppMaximum"":-0.0006726880092173815,""eQtlColocClppMaximumNeighbourhood"":-0.00105647137388587,""eQtlColocH4Maximum"":-0.0009352912893518806,""eQtlColocH4MaximumNeighbourhood"":-0.0011038692900910974,""geneCount500kb"":0.02268945798277855,""pQtlColocClppMaximum"":-0.0015851130010560155,""pQtlColocClppMaximumNeighbourhood"":-0.001184804830700159,""pQtlColocH4Maximum"":-0.0007610773900523782,""pQtlColocH4MaximumNeighbourhood"":-0.00030878654797561467,""proteinGeneCount500kb"":0.04806150123476982,""sQtlColocClppMaximum"":-0.0009688489371910691,""sQtlColocClppMaximumNeighbourhood"":-0.0004761967866215855,""sQtlColocH4Maximum"":-0.0004841124755330384,""sQtlColocH4MaximumNeighbourhood"":-0.0008125808672048151,""transPQtlColocH4Maximum"":-0.0008678911253809929,""transPQtlColocH4MaximumNeighbourhood"":-0.003770919516682625,""vepMaximum"":-0.004043619614094496,""vepMaximumNeighbourhood"":-0.01171269454061985,""vepMean"":0.0010782037861645222,""vepMeanNeighbourhood"":-0.000719249015673995}",0.07763190567493439,GRCh38,moderate_prioritization,0.05,0.6150293350219727
Parkinson disease,B3GALT1,ENSG00000172318,PD_CHR02_012,d8eff9af6b3bf50e76800c339580e801,rs12987123,2,168264031,4e-42,0.07015783339738846,PICS,PICS fine-mapped credible set based on reported top hit,GCST90308590,Open Targets Platform Locus-to-Gene,"beta-1,3-galactosyltransferase 1",2_168264031_A_T,"{""distanceFootprintMean"":0.8824057579040527,""distanceFootprintMeanNeighbourhood"":0.887660562992096,""distanceSentinelFootprint"":0.8846249580383301,""distanceSentinelFootprintNeighbourhood"":0.8868839740753174,""distanceSentinelTss"":0,""distanceSentinelTssNeighbourhood"":0,""distanceTssMean"":0,""distanceTssMeanNeighbourhood"":0}","{""eQtlColocClppMaximum"":0,""eQtlColocClppMaximumNeighbourhood"":0,""eQtlColocH4Maximum"":0,""eQtlColocH4MaximumNeighbourhood"":0,""pQtlColocClppMaximum"":0,""pQtlColocClppMaximumNeighbourhood"":0,""pQtlColocH4Maximum"":0,""pQtlColocH4MaximumNeighbourhood"":0,""sQtlColocClppMaximum"":0,""sQtlColocClppMaximumNeighbourhood"":0,""sQtlColocH4Maximum"":0,""sQtlColocH4MaximumNeighbourhood"":0,""transPQtlColocH4Maximum"":0,""transPQtlColocH4MaximumNeighbourhood"":0}","{""vepMaximum"":0.20000000298023224,""vepMaximumNeighbourhood"":0.9090909361839294,""vepMean"":0.0317469947040081,""vepMeanNeighbourhood"":0.9090909361839294}","{""credibleSetConfidence"":0.25,""e2gMean"":0,""e2gMeanNeighbourhood"":0,""geneCount500kb"":6,""proteinGeneCount500kb"":2}","{""credibleSetConfidence"":0.25,""distanceFootprintMean"":0.8824057579040527,""distanceFootprintMeanNeighbourhood"":0.887660562992096,""distanceSentinelFootprint"":0.8846249580383301,""distanceSentinelFootprintNeighbourhood"":0.8868839740753174,""distanceSentinelTss"":0,""distanceSentinelTssNeighbourhood"":0,""distanceTssMean"":0,""distanceTssMeanNeighbourhood"":0,""e2gMean"":0,""e2gMeanNeighbourhood"":0,""eQtlColocClppMaximum"":0,""eQtlColocClppMaximumNeighbourhood"":0,""eQtlColocH4Maximum"":0,""eQtlColocH4MaximumNeighbourhood"":0,""geneCount500kb"":6,""pQtlColocClppMaximum"":0,""pQtlColocClppMaximumNeighbourhood"":0,""pQtlColocH4Maximum"":0,""pQtlColocH4MaximumNeighbourhood"":0,""proteinGeneCount500kb"":2,""sQtlColocClppMaximum"":0,""sQtlColocClppMaximumNeighbourhood"":0,""sQtlColocH4Maximum"":0,""sQtlColocH4MaximumNeighbourhood"":0,""transPQtlColocH4Maximum"":0,""transPQtlColocH4MaximumNeighbourhood"":0,""vepMaximum"":0.20000000298023224,""vepMaximumNeighbourhood"":0.9090909361839294,""vepMean"":0.0317469947040081,""vepMeanNeighbourhood"":0.9090909361839294}","{""credibleSetConfidence"":0.00021485958131961524,""distanceFootprintMean"":0.002338072517886758,""distanceFootprintMeanNeighbourhood"":-0.0036212692502886057,""distanceSentinelFootprint"":-0.002406695857644081,""distanceSentinelFootprintNeighbourhood"":-0.026312239468097687,""distanceSentinelTss"":0.01043056882917881,""distanceSentinelTssNeighbourhood"":-0.028889859095215797,""distanceTssMean"":0.002399071119725704,""distanceTssMeanNeighbourhood"":-0.02215568907558918,""e2gMean"":-0.002207875484600663,""e2gMeanNeighbourhood"":-0.008755996823310852,""eQtlColocClppMaximum"":-0.0005404104012995958,""eQtlColocClppMaximumNeighbourhood"":-0.0011410607257857919,""eQtlColocH4Maximum"":-0.0012052191887050867,""eQtlColocH4MaximumNeighbourhood"":-0.0012688349233940244,""geneCount500kb"":0.023001238703727722,""pQtlColocClppMaximum"":-0.0021519926376640797,""pQtlColocClppMaximumNeighbourhood"":-0.0011735840234905481,""pQtlColocH4Maximum"":-0.0008823685348033905,""pQtlColocH4MaximumNeighbourhood"":-0.0003367668541613966,""proteinGeneCount500kb"":0.04446590319275856,""sQtlColocClppMaximum"":-0.0013916530879214406,""sQtlColocClppMaximumNeighbourhood"":-0.0003828265471383929,""sQtlColocH4Maximum"":-0.0008263224153779447,""sQtlColocH4MaximumNeighbourhood"":-0.0005181810702197254,""transPQtlColocH4Maximum"":-0.0010805678321048617,""transPQtlColocH4MaximumNeighbourhood"":-0.0037114734295755625,""vepMaximum"":-0.004870527423918247,""vepMaximumNeighbourhood"":-0.010235304944217205,""vepMean"":-0.0010865385411307216,""vepMeanNeighbourhood"":-0.0012020583963021636}",0.11566341668367386,GRCh38,moderate_prioritization,0.05,0.6150293350219727
Parkinson disease,ANK2,ENSG00000145362,PD_CHR04_025,d204fd6006cfd62423c05e28743e170b,rs13117519,4,113447909,3e-11,0.06633858382701874,PICS,PICS fine-mapped credible set based on reported top hit,GCST90308590,Open Targets Platform Locus-to-Gene,ankyrin 2,4_113447909_C_T,"{""distanceFootprintMean"":0.9867890477180481,""distanceFootprintMeanNeighbourhood"":0.9910197257995605,""distanceSentinelFootprint"":0.9895321726799011,""distanceSentinelFootprintNeighbourhood"":0.9900048971176147,""distanceSentinelTss"":0.8786696791648865,""distanceSentinelTssNeighbourhood"":0.9502076506614685,""distanceTssMean"":0.8776677846908569,""distanceTssMeanNeighbourhood"":0.9538242220878601}","{""eQtlColocClppMaximum"":0,""eQtlColocClppMaximumNeighbourhood"":0,""eQtlColocH4Maximum"":0,""eQtlColocH4MaximumNeighbourhood"":0,""pQtlColocClppMaximum"":0,""pQtlColocClppMaximumNeighbourhood"":0,""pQtlColocH4Maximum"":0,""pQtlColocH4MaximumNeighbourhood"":0,""sQtlColocClppMaximum"":0,""sQtlColocClppMaximumNeighbourhood"":0,""sQtlColocH4Maximum"":0,""sQtlColocH4MaximumNeighbourhood"":0,""transPQtlColocH4Maximum"":0,""transPQtlColocH4MaximumNeighbourhood"":0}","{""vepMaximum"":0.20000000298023224,""vepMaximumNeighbourhood"":0.5405405163764954,""vepMean"":0.0273672416806221,""vepMeanNeighbourhood"":0.9569216370582581}","{""credibleSetConfidence"":0.25,""e2gMean"":0,""e2gMeanNeighbourhood"":0,""geneCount500kb"":7,""proteinGeneCount500kb"":0}","{""credibleSetConfidence"":0.25,""distanceFootprintMean"":0.9867890477180481,""distanceFootprintMeanNeighbourhood"":0.9910197257995605,""distanceSentinelFootprint"":0.9895321726799011,""distanceSentinelFootprintNeighbourhood"":0.9900048971176147,""distanceSentinelTss"":0.8786696791648865,""distanceSentinelTssNeighbourhood"":0.9502076506614685,""distanceTssMean"":0.8776677846908569,""distanceTssMeanNeighbourhood"":0.9538242220878601,""e2gMean"":0,""e2gMeanNeighbourhood"":0,""eQtlColocClppMaximum"":0,""eQtlColocClppMaximumNeighbourhood"":0,""eQtlColocH4Maximum"":0,""eQtlColocH4MaximumNeighbourhood"":0,""geneCount500kb"":7,""pQtlColocClppMaximum"":0,""pQtlColocClppMaximumNeighbourhood"":0,""pQtlColocH4Maximum"":0,""pQtlColocH4MaximumNeighbourhood"":0,""proteinGeneCount500kb"":0,""sQtlColocClppMaximum"":0,""sQtlColocClppMaximumNeighbourhood"":0,""sQtlColocH4Maximum"":0,""sQtlColocH4MaximumNeighbourhood"":0,""transPQtlColocH4Maximum"":0,""transPQtlColocH4MaximumNeighbourhood"":0,""vepMaximum"":0.20000000298023224,""vepMaximumNeighbourhood"":0.5405405163764954,""vepMean"":0.0273672416806221,""vepMeanNeighbourhood"":0.9569216370582581}","{""credibleSetConfidence"":0.001184908440336585,""distanceFootprintMean"":-0.0052495189011096954,""distanceFootprintMeanNeighbourhood"":0.0001315465196967125,""distanceSentinelFootprint"":-0.003009298350661993,""distanceSentinelFootprintNeighbourhood"":-0.01148489024490118,""distanceSentinelTss"":0.0038350706454366446,""distanceSentinelTssNeighbourhood"":-0.0160690788179636,""distanceTssMean"":0.005638876464217901,""distanceTssMeanNeighbourhood"":-0.012070377357304096,""e2gMean"":-0.0005323054501786828,""e2gMeanNeighbourhood"":-0.00493968278169632,""eQtlColocClppMaximum"":-0.00024854173534549773,""eQtlColocClppMaximumNeighbourhood"":-0.0004940213402733207,""eQtlColocH4Maximum"":-0.0002146565675502643,""eQtlColocH4MaximumNeighbourhood"":-0.0003662212402559817,""geneCount500kb"":0.015191282145678997,""pQtlColocClppMaximum"":-0.0023306715302169323,""pQtlColocClppMaximumNeighbourhood"":-0.0021000979468226433,""pQtlColocH4Maximum"":-0.0008752956637181342,""pQtlColocH4MaximumNeighbourhood"":-0.0004805841017514467,""proteinGeneCount500kb"":0.04399387910962105,""sQtlColocClppMaximum"":-0.0003356757224537432,""sQtlColocClppMaximumNeighbourhood"":-6.627336551900953e-05,""sQtlColocH4Maximum"":-0.0002899309911299497,""sQtlColocH4MaximumNeighbourhood"":-0.00033673824509605765,""transPQtlColocH4Maximum"":-0.001590365543961525,""transPQtlColocH4MaximumNeighbourhood"":-0.00518109742552042,""vepMaximum"":-0.0014500768156722188,""vepMaximumNeighbourhood"":-0.012387095019221306,""vepMean"":-0.000843793386593461,""vepMeanNeighbourhood"":0.002535973209887743}",0.07677332311868668,GRCh38,moderate_prioritization,0.05,0.6150293350219727
Parkinson disease,IL1RL2,ENSG00000115598,PD_CHR02_010,fc4abf134a9277d1a61486c08d7dfbfe,rs11683001,2,101780501,2e-12,0.06393163651227951,PICS,PICS fine-mapped credible set based on reported top hit,GCST90308590,Open Targets Platform Locus-to-Gene,interleukin 1 receptor like 2,2_101780501_T_A,"{""distanceFootprintMean"":0.8453176617622375,""distanceFootprintMeanNeighbourhood"":0.8480833172798157,""distanceSentinelFootprint"":0.8722125887870789,""distanceSentinelFootprintNeighbourhood"":0.8722125887870789,""distanceSentinelTss"":0.8722125887870789,""distanceSentinelTssNeighbourhood"":0.8844133615493774,""distanceTssMean"":0.8453176021575928,""distanceTssMeanNeighbourhood"":0.8562710881233215}","{""eQtlColocClppMaximum"":0,""eQtlColocClppMaximumNeighbourhood"":0,""eQtlColocH4Maximum"":0,""eQtlColocH4MaximumNeighbourhood"":0,""pQtlColocClppMaximum"":0,""pQtlColocClppMaximumNeighbourhood"":0,""pQtlColocH4Maximum"":0,""pQtlColocH4MaximumNeighbourhood"":0,""sQtlColocClppMaximum"":0,""sQtlColocClppMaximumNeighbourhood"":0,""sQtlColocH4Maximum"":0,""sQtlColocH4MaximumNeighbourhood"":0,""transPQtlColocH4Maximum"":0,""transPQtlColocH4MaximumNeighbourhood"":0}","{""vepMaximum"":0.2199999988079071,""vepMaximumNeighbourhood"":0.6875,""vepMean"":0.004848443903028965,""vepMeanNeighbourhood"":0.7260087728500366}","{""credibleSetConfidence"":0.25,""e2gMean"":0.013845999725162983,""e2gMeanNeighbourhood"":0.042991895228624344,""geneCount500kb"":7,""proteinGeneCount500kb"":2}","{""credibleSetConfidence"":0.25,""distanceFootprintMean"":0.8453176617622375,""distanceFootprintMeanNeighbourhood"":0.8480833172798157,""distanceSentinelFootprint"":0.8722125887870789,""distanceSentinelFootprintNeighbourhood"":0.8722125887870789,""distanceSentinelTss"":0.8722125887870789,""distanceSentinelTssNeighbourhood"":0.8844133615493774,""distanceTssMean"":0.8453176021575928,""distanceTssMeanNeighbourhood"":0.8562710881233215,""e2gMean"":0.013845999725162983,""e2gMeanNeighbourhood"":0.042991895228624344,""eQtlColocClppMaximum"":0,""eQtlColocClppMaximumNeighbourhood"":0,""eQtlColocH4Maximum"":0,""eQtlColocH4MaximumNeighbourhood"":0,""geneCount500kb"":7,""pQtlColocClppMaximum"":0,""pQtlColocClppMaximumNeighbourhood"":0,""pQtlColocH4Maximum"":0,""pQtlColocH4MaximumNeighbourhood"":0,""proteinGeneCount500kb"":2,""sQtlColocClppMaximum"":0,""sQtlColocClppMaximumNeighbourhood"":0,""sQtlColocH4Maximum"":0,""sQtlColocH4MaximumNeighbourhood"":0,""transPQtlColocH4Maximum"":0,""transPQtlColocH4MaximumNeighbourhood"":0,""vepMaximum"":0.2199999988079071,""vepMaximumNeighbourhood"":0.6875,""vepMean"":0.004848443903028965,""vepMeanNeighbourhood"":0.7260087728500366}","{""credibleSetConfidence"":0.0004578774969559163,""distanceFootprintMean"":0.0022756587713956833,""distanceFootprintMeanNeighbourhood"":-0.0008961934945546091,""distanceSentinelFootprint"":8.55851176311262e-05,""distanceSentinelFootprintNeighbourhood"":-0.009895381517708302,""distanceSentinelTss"":0.00616409769281745,""distanceSentinelTssNeighbourhood"":-0.013298260048031807,""distanceTssMean"":0.0035896305926144123,""distanceTssMeanNeighbourhood"":-0.013083260506391525,""e2gMean"":0.0013641818659380078,""e2gMeanNeighbourhood"":-0.0038334622513502836,""eQtlColocClppMaximum"":-0.0006044048932380974,""eQtlColocClppMaximumNeighbourhood"":-0.0016249238979071379,""eQtlColocH4Maximum"":-0.0006023950991220772,""eQtlColocH4MaximumNeighbourhood"":-0.0009352009510621428,""geneCount500kb"":0.015904078260064125,""pQtlColocClppMaximum"":-0.0028508706018328667,""pQtlColocClppMaximumNeighbourhood"":-0.0021304741967469454,""pQtlColocH4Maximum"":-0.0010207383893430233,""pQtlColocH4MaximumNeighbourhood"":-0.0009912222158163786,""proteinGeneCount500kb"":0.03948574140667915,""sQtlColocClppMaximum"":-0.0011223502224311233,""sQtlColocClppMaximumNeighbourhood"":-0.00047493400052189827,""sQtlColocH4Maximum"":-0.0004930737777613103,""sQtlColocH4MaximumNeighbourhood"":-0.0011507157469168305,""transPQtlColocH4Maximum"":-0.00034567996044643223,""transPQtlColocH4MaximumNeighbourhood"":-0.0016845014179125428,""vepMaximum"":-0.002122418023645878,""vepMaximumNeighbourhood"":-0.0013077616458758712,""vepMean"":0.0015730984741821885,""vepMeanNeighbourhood"":0.001410981989465654}",0.052088890224695206,GRCh38,moderate_prioritization,0.05,0.6150293350219727
Parkinson disease,MIX23,ENSG00000160124,PD_CHR03_016,1b2b435b10f0de149a177f702c0afad0,rs16833168,3,122535800,3e-12,0.06169930472970009,PICS,PICS fine-mapped credible set based on reported top hit,GCST90308590,Open Targets Platform Locus-to-Gene,mitochondrial matrix import factor 23,3_122535800_C_T,"{""distanceFootprintMean"":0.9816156029701233,""distanceFootprintMeanNeighbourhood"":0.9865726232528687,""distanceSentinelFootprint"":0.9722579717636108,""distanceSentinelFootprintNeighbourhood"":0.9722579717636108,""distanceSentinelTss"":0.9722579717636108,""distanceSentinelTssNeighbourhood"":0.9754258394241333,""distanceTssMean"":0.9816156029701233,""distanceTssMeanNeighbourhood"":0.9940006732940674}","{""eQtlColocClppMaximum"":0.012133798561990261,""eQtlColocClppMaximumNeighbourhood"":0.635273277759552,""eQtlColocH4Maximum"":0.9313985109329224,""eQtlColocH4MaximumNeighbourhood"":0.9746394753456116,""pQtlColocClppMaximum"":0,""pQtlColocClppMaximumNeighbourhood"":0,""pQtlColocH4Maximum"":0,""pQtlColocH4MaximumNeighbourhood"":0,""sQtlColocClppMaximum"":0,""sQtlColocClppMaximumNeighbourhood"":0,""sQtlColocH4Maximum"":0,""sQtlColocH4MaximumNeighbourhood"":0,""transPQtlColocH4Maximum"":0,""transPQtlColocH4MaximumNeighbourhood"":0}","{""vepMaximum"":0.2199999988079071,""vepMaximumNeighbourhood"":0.3235293924808502,""vepMean"":0.003496224991977215,""vepMeanNeighbourhood"":0.8118352293968201}","{""credibleSetConfidence"":0.25,""e2gMean"":0,""e2gMeanNeighbourhood"":0,""geneCount500kb"":16,""proteinGeneCount500kb"":9}","{""credibleSetConfidence"":0.25,""distanceFootprintMean"":0.9816156029701233,""distanceFootprintMeanNeighbourhood"":0.9865726232528687,""distanceSentinelFootprint"":0.9722579717636108,""distanceSentinelFootprintNeighbourhood"":0.9722579717636108,""distanceSentinelTss"":0.9722579717636108,""distanceSentinelTssNeighbourhood"":0.9754258394241333,""distanceTssMean"":0.9816156029701233,""distanceTssMeanNeighbourhood"":0.9940006732940674,""e2gMean"":0,""e2gMeanNeighbourhood"":0,""eQtlColocClppMaximum"":0.012133798561990261,""eQtlColocClppMaximumNeighbourhood"":0.635273277759552,""eQtlColocH4Maximum"":0.9313985109329224,""eQtlColocH4MaximumNeighbourhood"":0.9746394753456116,""geneCount500kb"":16,""pQtlColocClppMaximum"":0,""pQtlColocClppMaximumNeighbourhood"":0,""pQtlColocH4Maximum"":0,""pQtlColocH4MaximumNeighbourhood"":0,""proteinGeneCount500kb"":9,""sQtlColocClppMaximum"":0,""sQtlColocClppMaximumNeighbourhood"":0,""sQtlColocH4Maximum"":0,""sQtlColocH4MaximumNeighbourhood"":0,""transPQtlColocH4Maximum"":0,""transPQtlColocH4MaximumNeighbourhood"":0,""vepMaximum"":0.2199999988079071,""vepMaximumNeighbourhood"":0.3235293924808502,""vepMean"":0.003496224991977215,""vepMeanNeighbourhood"":0.8118352293968201}","{""credibleSetConfidence"":0.00042972335359081626,""distanceFootprintMean"":-0.003275917610153556,""distanceFootprintMeanNeighbourhood"":0.0017705649370327592,""distanceSentinelFootprint"":0.000907445210032165,""distanceSentinelFootprintNeighbourhood"":0.0009713902254588902,""distanceSentinelTss"":0.003220693441107869,""distanceSentinelTssNeighbourhood"":-0.005172315053641796,""distanceTssMean"":-0.0003495923592709005,""distanceTssMeanNeighbourhood"":0.01987393945455551,""e2gMean"":-0.000547956267837435,""e2gMeanNeighbourhood"":-0.0024761389940977097,""eQtlColocClppMaximum"":0.0034596105106174946,""eQtlColocClppMaximumNeighbourhood"":0.010426423512399197,""eQtlColocH4Maximum"":0.004910265561193228,""eQtlColocH4MaximumNeighbourhood"":0.004984085913747549,""geneCount500kb"":3.6201352486386895e-05,""pQtlColocClppMaximum"":0,""pQtlColocClppMaximumNeighbourhood"":0,""pQtlColocH4Maximum"":0,""pQtlColocH4MaximumNeighbourhood"":0,""proteinGeneCount500kb"":-0.0023207354824990034,""sQtlColocClppMaximum"":-2.7824757125927135e-05,""sQtlColocClppMaximumNeighbourhood"":-4.5593602408189327e-05,""sQtlColocH4Maximum"":-1.1998484296782408e-05,""sQtlColocH4MaximumNeighbourhood"":-8.7358630480594e-06,""transPQtlColocH4Maximum"":0,""transPQtlColocH4MaximumNeighbourhood"":0,""vepMaximum"":-0.002665694570168853,""vepMaximumNeighbourhood"":-0.008768806234002113,""vepMean"":0.0006631148862652481,""vepMeanNeighbourhood"":0.0020511907059699297}",0.03366601839661598,GRCh38,moderate_prioritization,0.05,0.6150293350219727
Parkinson disease,TPX2,ENSG00000088325,PD_CHR20_076,bcc8a3c1bfc87078f7b70f2459b33b33,rs6060983,20,31833121,4e-09,0.06109195575118065,PICS,PICS fine-mapped credible set based on reported top hit,GCST90308590,Open Targets Platform Locus-to-Gene,TPX2 microtubule nucleation factor,20_31833121_T_C,"{""distanceFootprintMean"":0.9926913976669312,""distanceFootprintMeanNeighbourhood"":1,""distanceSentinelFootprint"":0.9950702786445618,""distanceSentinelFootprintNeighbourhood"":0.9950702786445618,""distanceSentinelTss"":0.9841614961624146,""distanceSentinelTssNeighbourhood"":0.9860613942146301,""distanceTssMean"":0.988171398639679,""distanceTssMeanNeighbourhood"":1}","{""eQtlColocClppMaximum"":0.008906067349016666,""eQtlColocClppMaximumNeighbourhood"":0.8129910230636597,""eQtlColocH4Maximum"":0.9088005423545837,""eQtlColocH4MaximumNeighbourhood"":0.9827749133110046,""pQtlColocClppMaximum"":0,""pQtlColocClppMaximumNeighbourhood"":0,""pQtlColocH4Maximum"":0,""pQtlColocH4MaximumNeighbourhood"":0,""sQtlColocClppMaximum"":0,""sQtlColocClppMaximumNeighbourhood"":0,""sQtlColocH4Maximum"":0,""sQtlColocH4MaximumNeighbourhood"":0,""transPQtlColocH4Maximum"":0,""transPQtlColocH4MaximumNeighbourhood"":0}","{""vepMaximum"":0.46000000834465027,""vepMaximumNeighbourhood"":1,""vepMean"":0.0021926085464656353,""vepMeanNeighbourhood"":1}","{""credibleSetConfidence"":0.25,""e2gMean"":0.03416690230369568,""e2gMeanNeighbourhood"":0.19307462871074677,""geneCount500kb"":26,""proteinGeneCount500kb"":10}","{""credibleSetConfidence"":0.25,""distanceFootprintMean"":0.9926913976669312,""distanceFootprintMeanNeighbourhood"":1,""distanceSentinelFootprint"":0.9950702786445618,""distanceSentinelFootprintNeighbourhood"":0.9950702786445618,""distanceSentinelTss"":0.9841614961624146,""distanceSentinelTssNeighbourhood"":0.9860613942146301,""distanceTssMean"":0.988171398639679,""distanceTssMeanNeighbourhood"":1,""e2gMean"":0.03416690230369568,""e2gMeanNeighbourhood"":0.19307462871074677,""eQtlColocClppMaximum"":0.008906067349016666,""eQtlColocClppMaximumNeighbourhood"":0.8129910230636597,""eQtlColocH4Maximum"":0.9088005423545837,""eQtlColocH4MaximumNeighbourhood"":0.9827749133110046,""geneCount500kb"":26,""pQtlColocClppMaximum"":0,""pQtlColocClppMaximumNeighbourhood"":0,""pQtlColocH4Maximum"":0,""pQtlColocH4MaximumNeighbourhood"":0,""proteinGeneCount500kb"":10,""sQtlColocClppMaximum"":0,""sQtlColocClppMaximumNeighbourhood"":0,""sQtlColocH4Maximum"":0,""sQtlColocH4MaximumNeighbourhood"":0,""transPQtlColocH4Maximum"":0,""transPQtlColocH4MaximumNeighbourhood"":0,""vepMaximum"":0.46000000834465027,""vepMaximumNeighbourhood"":1,""vepMean"":0.0021926085464656353,""vepMeanNeighbourhood"":1}","{""credibleSetConfidence"":0.0003240880323573947,""distanceFootprintMean"":-0.003000319469720125,""distanceFootprintMeanNeighbourhood"":0.0025289261247962713,""distanceSentinelFootprint"":-0.002376360585913062,""distanceSentinelFootprintNeighbourhood"":-0.01289994828402996,""distanceSentinelTss"":-0.006161046214401722,""distanceSentinelTssNeighbourhood"":-0.009544492699205875,""distanceTssMean"":-0.0003580139309633523,""distanceTssMeanNeighbourhood"":0.008707599714398384,""e2gMean"":0.0037079667672514915,""e2gMeanNeighbourhood"":-0.0042150565423071384,""eQtlColocClppMaximum"":0.00025431689573451877,""eQtlColocClppMaximumNeighbourhood"":0.006337124388664961,""eQtlColocH4Maximum"":0.0019881189800798893,""eQtlColocH4MaximumNeighbourhood"":0.003819734789431095,""geneCount500kb"":-0.005315491463989019,""pQtlColocClppMaximum"":-0.000374773982912302,""pQtlColocClppMaximumNeighbourhood"":-0.0002788433921523392,""pQtlColocH4Maximum"":-0.00016042430070228875,""pQtlColocH4MaximumNeighbourhood"":-8.317856554640457e-05,""proteinGeneCount500kb"":-0.00306512787938118,""sQtlColocClppMaximum"":-0.002422571647912264,""sQtlColocClppMaximumNeighbourhood"":-0.0006102598272264004,""sQtlColocH4Maximum"":-0.0010798092698678374,""sQtlColocH4MaximumNeighbourhood"":-0.0020543073769658804,""transPQtlColocH4Maximum"":-7.166347495513037e-05,""transPQtlColocH4MaximumNeighbourhood"":-0.00011390086729079485,""vepMaximum"":0.012776953168213367,""vepMaximumNeighbourhood"":0.006956484168767929,""vepMean"":-0.008875206112861633,""vepMeanNeighbourhood"":0.005687236320227385}",0.07106415182352066,GRCh38,moderate_prioritization,0.05,0.6150293350219727
Parkinson disease,NOL4,ENSG00000101746,PD_CHR18_071,2f9e25d1a8195d90781eb14bac1b9e04,rs8091977,18,33779450,4e-09,0.06011878699064255,PICS,PICS fine-mapped credible set based on reported top hit,GCST90308590,Open Targets Platform Locus-to-Gene,nucleolar protein 4,18_33779450_T_C,"{""distanceFootprintMean"":0.9846149682998657,""distanceFootprintMeanNeighbourhood"":0.9934580326080322,""distanceSentinelFootprint"":0.9882134795188904,""distanceSentinelFootprintNeighbourhood"":0.9926135540008545,""distanceSentinelTss"":0.8311499357223511,""distanceSentinelTssNeighbourhood"":0.8650972843170166,""distanceTssMean"":0.8294384479522705,""distanceTssMeanNeighbourhood"":0.8671789765357971}","{""eQtlColocClppMaximum"":0,""eQtlColocClppMaximumNeighbourhood"":0,""eQtlColocH4Maximum"":0,""eQtlColocH4MaximumNeighbourhood"":0,""pQtlColocClppMaximum"":0,""pQtlColocClppMaximumNeighbourhood"":0,""pQtlColocH4Maximum"":0,""pQtlColocH4MaximumNeighbourhood"":0,""sQtlColocClppMaximum"":0,""sQtlColocClppMaximumNeighbourhood"":0,""sQtlColocH4Maximum"":0,""sQtlColocH4MaximumNeighbourhood"":0,""transPQtlColocH4Maximum"":0,""transPQtlColocH4MaximumNeighbourhood"":0}","{""vepMaximum"":0.20000000298023224,""vepMaximumNeighbourhood"":0.29411765933036804,""vepMean"":0.0017931840848177671,""vepMeanNeighbourhood"":0.8559684157371521}","{""credibleSetConfidence"":0.25,""e2gMean"":0,""e2gMeanNeighbourhood"":0,""geneCount500kb"":4,""proteinGeneCount500kb"":1}","{""credibleSetConfidence"":0.25,""distanceFootprintMean"":0.9846149682998657,""distanceFootprintMeanNeighbourhood"":0.9934580326080322,""distanceSentinelFootprint"":0.9882134795188904,""distanceSentinelFootprintNeighbourhood"":0.9926135540008545,""distanceSentinelTss"":0.8311499357223511,""distanceSentinelTssNeighbourhood"":0.8650972843170166,""distanceTssMean"":0.8294384479522705,""distanceTssMeanNeighbourhood"":0.8671789765357971,""e2gMean"":0,""e2gMeanNeighbourhood"":0,""eQtlColocClppMaximum"":0,""eQtlColocClppMaximumNeighbourhood"":0,""eQtlColocH4Maximum"":0,""eQtlColocH4MaximumNeighbourhood"":0,""geneCount500kb"":4,""pQtlColocClppMaximum"":0,""pQtlColocClppMaximumNeighbourhood"":0,""pQtlColocH4Maximum"":0,""pQtlColocH4MaximumNeighbourhood"":0,""proteinGeneCount500kb"":1,""sQtlColocClppMaximum"":0,""sQtlColocClppMaximumNeighbourhood"":0,""sQtlColocH4Maximum"":0,""sQtlColocH4MaximumNeighbourhood"":0,""transPQtlColocH4Maximum"":0,""transPQtlColocH4MaximumNeighbourhood"":0,""vepMaximum"":0.20000000298023224,""vepMaximumNeighbourhood"":0.29411765933036804,""vepMean"":0.0017931840848177671,""vepMeanNeighbourhood"":0.8559684157371521}","{""credibleSetConfidence"":0.0011174003593623638,""distanceFootprintMean"":-0.0035608061589300632,""distanceFootprintMeanNeighbourhood"":0.0005247952649369836,""distanceSentinelFootprint"":-0.0009885828476399183,""distanceSentinelFootprintNeighbourhood"":-0.004534715786576271,""distanceSentinelTss"":0.006249213125556707,""distanceSentinelTssNeighbourhood"":-0.01219562254846096,""distanceTssMean"":0.0024085878394544125,""distanceTssMeanNeighbourhood"":-0.00965140387415886,""e2gMean"":-0.0007365685887634754,""e2gMeanNeighbourhood"":-0.0042322115041315556,""eQtlColocClppMaximum"":-0.00011160875874338672,""eQtlColocClppMaximumNeighbourhood"":-0.00039189422386698425,""eQtlColocH4Maximum"":-0.00046170351561158895,""eQtlColocH4MaximumNeighbourhood"":-0.0004896946484223008,""geneCount500kb"":0.01705469936132431,""pQtlColocClppMaximum"":-0.00046151253627613187,""pQtlColocClppMaximumNeighbourhood"":-0.000696759088896215,""pQtlColocH4Maximum"":-0.0001513573806732893,""pQtlColocH4MaximumNeighbourhood"":-0.00015780190005898476,""proteinGeneCount500kb"":0.03339119255542755,""sQtlColocClppMaximum"":-0.0007761846063658595,""sQtlColocClppMaximumNeighbourhood"":-0.00028455271967686713,""sQtlColocH4Maximum"":-0.00042834310443140566,""sQtlColocH4MaximumNeighbourhood"":-0.0005611517117358744,""transPQtlColocH4Maximum"":-0.0005103452713228762,""transPQtlColocH4MaximumNeighbourhood"":-0.0015304865082725883,""vepMaximum"":-0.0020647638011723757,""vepMaximumNeighbourhood"":-0.009665717370808125,""vepMean"":0.0007461727946065366,""vepMeanNeighbourhood"":0.0006774605135433376}",0.05259302631020546,GRCh38,moderate_prioritization,0.05,0.6150293350219727
Parkinson disease,CNTLN,ENSG00000044459,PD_CHR09_038,1d050957d0bcfbfc986f88f4ae76cd6d,rs13294100,9,17579692,8e-21,0.05925454571843147,PICS,PICS fine-mapped credible set based on reported top hit,GCST90308590,Open Targets Platform Locus-to-Gene,centlein,9_17579692_T_G,"{""distanceFootprintMean"":0.9837165474891663,""distanceFootprintMeanNeighbourhood"":0.9875089526176453,""distanceSentinelFootprint"":0.9874771237373352,""distanceSentinelFootprintNeighbourhood"":0.9874771237373352,""distanceSentinelTss"":0.8322747945785522,""distanceSentinelTssNeighbourhood"":0.8323542475700378,""distanceTssMean"":0.8286148309707642,""distanceTssMeanNeighbourhood"":0.8319324851036072}","{""eQtlColocClppMaximum"":0,""eQtlColocClppMaximumNeighbourhood"":0,""eQtlColocH4Maximum"":0,""eQtlColocH4MaximumNeighbourhood"":0,""pQtlColocClppMaximum"":0,""pQtlColocClppMaximumNeighbourhood"":0,""pQtlColocH4Maximum"":0,""pQtlColocH4MaximumNeighbourhood"":0,""sQtlColocClppMaximum"":0,""sQtlColocClppMaximumNeighbourhood"":0,""sQtlColocH4Maximum"":0,""sQtlColocH4MaximumNeighbourhood"":0,""transPQtlColocH4Maximum"":0,""transPQtlColocH4MaximumNeighbourhood"":0}","{""vepMaximum"":0.20000000298023224,""vepMaximumNeighbourhood"":0.625,""vepMean"":0.019033223390579224,""vepMeanNeighbourhood"":0.6391000747680664}","{""credibleSetConfidence"":0.25,""e2gMean"":0,""e2gMeanNeighbourhood"":0,""geneCount500kb"":5,""proteinGeneCount500kb"":1}","{""credibleSetConfidence"":0.25,""distanceFootprintMean"":0.9837165474891663,""distanceFootprintMeanNeighbourhood"":0.9875089526176453,""distanceSentinelFootprint"":0.9874771237373352,""distanceSentinelFootprintNeighbourhood"":0.9874771237373352,""distanceSentinelTss"":0.8322747945785522,""distanceSentinelTssNeighbourhood"":0.8323542475700378,""distanceTssMean"":0.8286148309707642,""distanceTssMeanNeighbourhood"":0.8319324851036072,""e2gMean"":0,""e2gMeanNeighbourhood"":0,""eQtlColocClppMaximum"":0,""eQtlColocClppMaximumNeighbourhood"":0,""eQtlColocH4Maximum"":0,""eQtlColocH4MaximumNeighbourhood"":0,""geneCount500kb"":5,""pQtlColocClppMaximum"":0,""pQtlColocClppMaximumNeighbourhood"":0,""pQtlColocH4Maximum"":0,""pQtlColocH4MaximumNeighbourhood"":0,""proteinGeneCount500kb"":1,""sQtlColocClppMaximum"":0,""sQtlColocClppMaximumNeighbourhood"":0,""sQtlColocH4Maximum"":0,""sQtlColocH4MaximumNeighbourhood"":0,""transPQtlColocH4Maximum"":0,""transPQtlColocH4MaximumNeighbourhood"":0,""vepMaximum"":0.20000000298023224,""vepMaximumNeighbourhood"":0.625,""vepMean"":0.019033223390579224,""vepMeanNeighbourhood"":0.6391000747680664}","{""credibleSetConfidence"":0.00035666540497913957,""distanceFootprintMean"":-0.004235670901834965,""distanceFootprintMeanNeighbourhood"":0.0008026179857552052,""distanceSentinelFootprint"":-0.0010532489977777004,""distanceSentinelFootprintNeighbourhood"":-0.005057801026850939,""distanceSentinelTss"":0.0058193872682750225,""distanceSentinelTssNeighbourhood"":-0.018137842416763306,""distanceTssMean"":0.0040173777379095554,""distanceTssMeanNeighbourhood"":-0.010320416651666164,""e2gMean"":-0.0005155398976057768,""e2gMeanNeighbourhood"":-0.0016931288409978151,""eQtlColocClppMaximum"":-0.0008247544174082577,""eQtlColocClppMaximumNeighbourhood"":-0.0010627243900671601,""eQtlColocH4Maximum"":-0.0007392964907921851,""eQtlColocH4MaximumNeighbourhood"":-0.001348392223007977,""geneCount500kb"":0.01377314142882824,""pQtlColocClppMaximum"":-0.0006173828733153641,""pQtlColocClppMaximumNeighbourhood"":-0.0008005537674762309,""pQtlColocH4Maximum"":-1.5010088645794895e-05,""pQtlColocH4MaximumNeighbourhood"":-0.00019893945136573166,""proteinGeneCount500kb"":0.039198778569698334,""sQtlColocClppMaximum"":-0.0002715715381782502,""sQtlColocClppMaximumNeighbourhood"":-0.00024897666298784316,""sQtlColocH4Maximum"":-0.00011655857088044286,""sQtlColocH4MaximumNeighbourhood"":-0.000648603483568877,""transPQtlColocH4Maximum"":-0.0011456909123808146,""transPQtlColocH4MaximumNeighbourhood"":-0.0038309218361973763,""vepMaximum"":-0.0008225770434364676,""vepMaximumNeighbourhood"":-0.004217169247567654,""vepMean"":-0.00017811526777222753,""vepMeanNeighbourhood"":-0.0004305491747800261}",0.0538179911673069,GRCh38,moderate_prioritization,0.05,0.6150293350219727
Parkinson disease,WDR6,ENSG00000178252,PD_CHR03_015,68d83f61b8246a33a33777add244e241,rs12497850,3,48711556,3.0000000000000004e-09,0.05754806846380234,PICS,PICS fine-mapped credible set based on reported top hit,GCST90308590,Open Targets Platform Locus-to-Gene,WD repeat domain 6,3_48711556_G_T,"{""distanceFootprintMean"":0.9666072130203247,""distanceFootprintMeanNeighbourhood"":0.9833554029464722,""distanceSentinelFootprint"":0.9317442774772644,""distanceSentinelFootprintNeighbourhood"":0.9317442774772644,""distanceSentinelTss"":0.9317442774772644,""distanceSentinelTssNeighbourhood"":0.9325540065765381,""distanceTssMean"":0.9662936925888062,""distanceTssMeanNeighbourhood"":0.9894793629646301}","{""eQtlColocClppMaximum"":0.006691833958029747,""eQtlColocClppMaximumNeighbourhood"":0.29216375946998596,""eQtlColocH4Maximum"":0.881831705570221,""eQtlColocH4MaximumNeighbourhood"":0.9157320261001587,""pQtlColocClppMaximum"":0,""pQtlColocClppMaximumNeighbourhood"":0,""pQtlColocH4Maximum"":0,""pQtlColocH4MaximumNeighbourhood"":0,""sQtlColocClppMaximum"":0.007010942324995995,""sQtlColocClppMaximumNeighbourhood"":0.28938496112823486,""sQtlColocH4Maximum"":0.8866360783576965,""sQtlColocH4MaximumNeighbourhood"":0.9188118577003479,""transPQtlColocH4Maximum"":0,""transPQtlColocH4MaximumNeighbourhood"":0}","{""vepMaximum"":0.3700000047683716,""vepMaximumNeighbourhood"":0.6607142686843872,""vepMean"":0.001512224436737597,""vepMeanNeighbourhood"":0.3865661025047302}","{""credibleSetConfidence"":0.25,""e2gMean"":0.006708886940032244,""e2gMeanNeighbourhood"":0.1365371197462082,""geneCount500kb"":24,""proteinGeneCount500kb"":14}","{""credibleSetConfidence"":0.25,""distanceFootprintMean"":0.9666072130203247,""distanceFootprintMeanNeighbourhood"":0.9833554029464722,""distanceSentinelFootprint"":0.9317442774772644,""distanceSentinelFootprintNeighbourhood"":0.9317442774772644,""distanceSentinelTss"":0.9317442774772644,""distanceSentinelTssNeighbourhood"":0.9325540065765381,""distanceTssMean"":0.9662936925888062,""distanceTssMeanNeighbourhood"":0.9894793629646301,""e2gMean"":0.006708886940032244,""e2gMeanNeighbourhood"":0.1365371197462082,""eQtlColocClppMaximum"":0.006691833958029747,""eQtlColocClppMaximumNeighbourhood"":0.29216375946998596,""eQtlColocH4Maximum"":0.881831705570221,""eQtlColocH4MaximumNeighbourhood"":0.9157320261001587,""geneCount500kb"":24,""pQtlColocClppMaximum"":0,""pQtlColocClppMaximumNeighbourhood"":0,""pQtlColocH4Maximum"":0,""pQtlColocH4MaximumNeighbourhood"":0,""proteinGeneCount500kb"":14,""sQtlColocClppMaximum"":0.007010942324995995,""sQtlColocClppMaximumNeighbourhood"":0.28938496112823486,""sQtlColocH4Maximum"":0.8866360783576965,""sQtlColocH4MaximumNeighbourhood"":0.9188118577003479,""transPQtlColocH4Maximum"":0,""transPQtlColocH4MaximumNeighbourhood"":0,""vepMaximum"":0.3700000047683716,""vepMaximumNeighbourhood"":0.6607142686843872,""vepMean"":0.001512224436737597,""vepMeanNeighbourhood"":0.3865661025047302}","{""credibleSetConfidence"":0.0006785333389416337,""distanceFootprintMean"":-0.0035867795813828707,""distanceFootprintMeanNeighbourhood"":0.0007369196973741055,""distanceSentinelFootprint"":-0.0007895986782386899,""distanceSentinelFootprintNeighbourhood"":-0.013179746456444263,""distanceSentinelTss"":0.0021422249265015125,""distanceSentinelTssNeighbourhood"":-0.022575078532099724,""distanceTssMean"":-0.0020565027371048927,""distanceTssMeanNeighbourhood"":0.0019761151634156704,""e2gMean"":-0.0022956286557018757,""e2gMeanNeighbourhood"":-0.0005309058469720185,""eQtlColocClppMaximum"":0.00294221262447536,""eQtlColocClppMaximumNeighbourhood"":0.011178983375430107,""eQtlColocH4Maximum"":0.006603661458939314,""eQtlColocH4MaximumNeighbourhood"":0.006130151450634003,""geneCount500kb"":-0.0023461226373910904,""pQtlColocClppMaximum"":-0.0024889162741601467,""pQtlColocClppMaximumNeighbourhood"":-0.0015902252634987235,""pQtlColocH4Maximum"":-0.0016369373770430684,""pQtlColocH4MaximumNeighbourhood"":-0.000691342051140964,""proteinGeneCount500kb"":-0.008165822364389896,""sQtlColocClppMaximum"":0.00281498022377491,""sQtlColocClppMaximumNeighbourhood"":-0.00011222706962144002,""sQtlColocH4Maximum"":0.0016393943224102259,""sQtlColocH4MaximumNeighbourhood"":0.005491628311574459,""transPQtlColocH4Maximum"":-0.0022776757832616568,""transPQtlColocH4MaximumNeighbourhood"":-0.006138884462416172,""vepMaximum"":0.00774469505995512,""vepMaximumNeighbourhood"":-0.008582383394241333,""vepMean"":-0.006144799292087555,""vepMeanNeighbourhood"":-0.008684382773935795}",0.10134253650903702,GRCh38,moderate_prioritization,0.05,0.6150293350219727
Parkinson disease,NTPCR,ENSG00000135778,PD_CHR01_009,40d678df691f623cbc9d6dba734fcb27,rs1326293,1,232533936,1e-17,0.057228002697229385,PICS,PICS fine-mapped credible set based on reported top hit,GCST90308590,Open Targets Platform Locus-to-Gene,"nucleoside-triphosphatase, cancer-related",1_232533936_G_T,"{""distanceFootprintMean"":0.8587749004364014,""distanceFootprintMeanNeighbourhood"":0.860575795173645,""distanceSentinelFootprint"":0.8634507060050964,""distanceSentinelFootprintNeighbourhood"":0.8634507060050964,""distanceSentinelTss"":0.8634507060050964,""distanceSentinelTssNeighbourhood"":0.8777436017990112,""distanceTssMean"":0.8587749004364014,""distanceTssMeanNeighbourhood"":0.8753204345703125}","{""eQtlColocClppMaximum"":0,""eQtlColocClppMaximumNeighbourhood"":0,""eQtlColocH4Maximum"":0,""eQtlColocH4MaximumNeighbourhood"":0,""pQtlColocClppMaximum"":0,""pQtlColocClppMaximumNeighbourhood"":0,""pQtlColocH4Maximum"":0,""pQtlColocH4MaximumNeighbourhood"":0,""sQtlColocClppMaximum"":0,""sQtlColocClppMaximumNeighbourhood"":0,""sQtlColocH4Maximum"":0,""sQtlColocH4MaximumNeighbourhood"":0,""transPQtlColocH4Maximum"":0,""transPQtlColocH4MaximumNeighbourhood"":0}","{""vepMaximum"":0.2199999988079071,""vepMaximumNeighbourhood"":0.6875,""vepMean"":0.016464684158563614,""vepMeanNeighbourhood"":0.6875}","{""credibleSetConfidence"":0.25,""e2gMean"":0,""e2gMeanNeighbourhood"":0,""geneCount500kb"":7,""proteinGeneCount500kb"":1}","{""credibleSetConfidence"":0.25,""distanceFootprintMean"":0.8587749004364014,""distanceFootprintMeanNeighbourhood"":0.860575795173645,""distanceSentinelFootprint"":0.8634507060050964,""distanceSentinelFootprintNeighbourhood"":0.8634507060050964,""distanceSentinelTss"":0.8634507060050964,""distanceSentinelTssNeighbourhood"":0.8777436017990112,""distanceTssMean"":0.8587749004364014,""distanceTssMeanNeighbourhood"":0.8753204345703125,""e2gMean"":0,""e2gMeanNeighbourhood"":0,""eQtlColocClppMaximum"":0,""eQtlColocClppMaximumNeighbourhood"":0,""eQtlColocH4Maximum"":0,""eQtlColocH4MaximumNeighbourhood"":0,""geneCount500kb"":7,""pQtlColocClppMaximum"":0,""pQtlColocClppMaximumNeighbourhood"":0,""pQtlColocH4Maximum"":0,""pQtlColocH4MaximumNeighbourhood"":0,""proteinGeneCount500kb"":1,""sQtlColocClppMaximum"":0,""sQtlColocClppMaximumNeighbourhood"":0,""sQtlColocH4Maximum"":0,""sQtlColocH4MaximumNeighbourhood"":0,""transPQtlColocH4Maximum"":0,""transPQtlColocH4MaximumNeighbourhood"":0,""vepMaximum"":0.2199999988079071,""vepMaximumNeighbourhood"":0.6875,""vepMean"":0.016464684158563614,""vepMeanNeighbourhood"":0.6875}","{""credibleSetConfidence"":0.00037120876368135214,""distanceFootprintMean"":0.002089070389047265,""distanceFootprintMeanNeighbourhood"":-0.0009261898812837899,""distanceSentinelFootprint"":-0.0005823479732498527,""distanceSentinelFootprintNeighbourhood"":-0.009183226153254509,""distanceSentinelTss"":0.004728774074465036,""distanceSentinelTssNeighbourhood"":-0.010004975832998753,""distanceTssMean"":0.0038209783378988504,""distanceTssMeanNeighbourhood"":-0.009188609197735786,""e2gMean"":-0.00044460102799348533,""e2gMeanNeighbourhood"":-0.0018302001990377903,""eQtlColocClppMaximum"":-0.00021442650177050382,""eQtlColocClppMaximumNeighbourhood"":-0.0005882974364794791,""eQtlColocH4Maximum"":-0.000349769601598382,""eQtlColocH4MaximumNeighbourhood"":-0.0003359527327120304,""geneCount500kb"":0.01530951913446188,""pQtlColocClppMaximum"":-0.0010162302060052752,""pQtlColocClppMaximumNeighbourhood"":-0.0006910336087457836,""pQtlColocH4Maximum"":-0.0003874929388985038,""pQtlColocH4MaximumNeighbourhood"":-0.0002463256532792002,""proteinGeneCount500kb"":0.035770852118730545,""sQtlColocClppMaximum"":-0.00045410991879180074,""sQtlColocClppMaximumNeighbourhood"":-0.0001884137891465798,""sQtlColocH4Maximum"":-0.00034135812893509865,""sQtlColocH4MaximumNeighbourhood"":-0.0003645989636424929,""transPQtlColocH4Maximum"":-0.00020582907018251717,""transPQtlColocH4MaximumNeighbourhood"":-0.0012024601455777884,""vepMaximum"":-0.003090990474447608,""vepMaximumNeighbourhood"":-0.0013893315335735679,""vepMean"":-0.0006143617210909724,""vepMeanNeighbourhood"":-0.0004245145828463137}",0.03940320387482643,GRCh38,moderate_prioritization,0.05,0.6150293350219727
Parkinson disease,ARIH2,ENSG00000177479,PD_CHR03_015,68d83f61b8246a33a33777add244e241,rs12497850,3,48711556,3.0000000000000004e-09,0.05707678571343422,PICS,PICS fine-mapped credible set based on reported top hit,GCST90308590,Open Targets Platform Locus-to-Gene,ariadne RBR E3 ubiquitin protein ligase 2,3_48711556_G_T,"{""distanceFootprintMean"":0.9791395664215088,""distanceFootprintMeanNeighbourhood"":0.9961049556732178,""distanceSentinelFootprint"":0.9591985940933228,""distanceSentinelFootprintNeighbourhood"":0.9591985940933228,""distanceSentinelTss"":0.9591985940933228,""distanceSentinelTssNeighbourhood"":0.9600322246551514,""distanceTssMean"":0.975470244884491,""distanceTssMeanNeighbourhood"":0.9988760352134705}","{""eQtlColocClppMaximum"":0.013153299689292908,""eQtlColocClppMaximumNeighbourhood"":0.574269711971283,""eQtlColocH4Maximum"":0.9366068840026855,""eQtlColocH4MaximumNeighbourhood"":0.9726128578186035,""pQtlColocClppMaximum"":0,""pQtlColocClppMaximumNeighbourhood"":0,""pQtlColocH4Maximum"":0,""pQtlColocH4MaximumNeighbourhood"":0,""sQtlColocClppMaximum"":0.015044753439724445,""sQtlColocClppMaximumNeighbourhood"":0.6209900379180908,""sQtlColocH4Maximum"":0.9442435503005981,""sQtlColocH4MaximumNeighbourhood"":0.9785099029541016,""transPQtlColocH4Maximum"":0,""transPQtlColocH4MaximumNeighbourhood"":0}","{""vepMaximum"":0.3199999928474426,""vepMaximumNeighbourhood"":0.5714285373687744,""vepMean"":0.0016084995586425066,""vepMeanNeighbourhood"":0.4111766517162323}","{""credibleSetConfidence"":0.25,""e2gMean"":0.013752000406384468,""e2gMeanNeighbourhood"":0.27987632155418396,""geneCount500kb"":24,""proteinGeneCount500kb"":14}","{""credibleSetConfidence"":0.25,""distanceFootprintMean"":0.9791395664215088,""distanceFootprintMeanNeighbourhood"":0.9961049556732178,""distanceSentinelFootprint"":0.9591985940933228,""distanceSentinelFootprintNeighbourhood"":0.9591985940933228,""distanceSentinelTss"":0.9591985940933228,""distanceSentinelTssNeighbourhood"":0.9600322246551514,""distanceTssMean"":0.975470244884491,""distanceTssMeanNeighbourhood"":0.9988760352134705,""e2gMean"":0.013752000406384468,""e2gMeanNeighbourhood"":0.27987632155418396,""eQtlColocClppMaximum"":0.013153299689292908,""eQtlColocClppMaximumNeighbourhood"":0.574269711971283,""eQtlColocH4Maximum"":0.9366068840026855,""eQtlColocH4MaximumNeighbourhood"":0.9726128578186035,""geneCount500kb"":24,""pQtlColocClppMaximum"":0,""pQtlColocClppMaximumNeighbourhood"":0,""pQtlColocH4Maximum"":0,""pQtlColocH4MaximumNeighbourhood"":0,""proteinGeneCount500kb"":14,""sQtlColocClppMaximum"":0.015044753439724445,""sQtlColocClppMaximumNeighbourhood"":0.6209900379180908,""sQtlColocH4Maximum"":0.9442435503005981,""sQtlColocH4MaximumNeighbourhood"":0.9785099029541016,""transPQtlColocH4Maximum"":0,""transPQtlColocH4MaximumNeighbourhood"":0,""vepMaximum"":0.3199999928474426,""vepMaximumNeighbourhood"":0.5714285373687744,""vepMean"":0.0016084995586425066,""vepMeanNeighbourhood"":0.4111766517162323}","{""credibleSetConfidence"":0.001239278237335384,""distanceFootprintMean"":-0.0028918220195919275,""distanceFootprintMeanNeighbourhood"":0.0001848450192483142,""distanceSentinelFootprint"":0.00020954603678546846,""distanceSentinelFootprintNeighbourhood"":-0.010683885775506496,""distanceSentinelTss"":0.00242285942658782,""distanceSentinelTssNeighbourhood"":-0.024274105206131935,""distanceTssMean"":-0.0025833945255726576,""distanceTssMeanNeighbourhood"":0.01675352267920971,""e2gMean"":0.0033709262497723103,""e2gMeanNeighbourhood"":-0.001106918673031032,""eQtlColocClppMaximum"":0.0015796696534380317,""eQtlColocClppMaximumNeighbourhood"":0.008665950037539005,""eQtlColocH4Maximum"":0.002702412661164999,""eQtlColocH4MaximumNeighbourhood"":0.0027402008417993784,""geneCount500kb"":-0.0020463436376303434,""pQtlColocClppMaximum"":-0.00218546437099576,""pQtlColocClppMaximumNeighbourhood"":-0.0013722843723371625,""pQtlColocH4Maximum"":-0.0015942287864163518,""pQtlColocH4MaximumNeighbourhood"":-0.0006474914262071252,""proteinGeneCount500kb"":-0.010705256834626198,""sQtlColocClppMaximum"":0.0037006221245974302,""sQtlColocClppMaximumNeighbourhood"":0.0008791805594228208,""sQtlColocH4Maximum"":0.0015703061362728477,""sQtlColocH4MaximumNeighbourhood"":0.007138543296605349,""transPQtlColocH4Maximum"":-0.0029753828421235085,""transPQtlColocH4MaximumNeighbourhood"":-0.0064483750611543655,""vepMaximum"":0.0007819130551069975,""vepMaximumNeighbourhood"":-0.01598541997373104,""vepMean"":-0.002326343674212694,""vepMeanNeighbourhood"":-0.010378788225352764}",0.10134253650903702,GRCh38,moderate_prioritization,0.05,0.6150293350219727
Parkinson disease,CCDC90B,ENSG00000137500,PD_CHR11_044,205d43eb159b23bbe66b421d895af3c5,rs6592142,11,83798730,5e-12,0.056161265820264816,PICS,PICS fine-mapped credible set based on reported top hit,GCST90308590,Open Targets Platform Locus-to-Gene,coiled-coil domain containing 90B,11_83798730_C_T,"{""distanceFootprintMean"":0.4701995551586151,""distanceFootprintMeanNeighbourhood"":0.4717453420162201,""distanceSentinelFootprint"":0,""distanceSentinelFootprintNeighbourhood"":0,""distanceSentinelTss"":0,""distanceSentinelTssNeighbourhood"":0,""distanceTssMean"":0.4701995551586151,""distanceTssMeanNeighbourhood"":1}","{""eQtlColocClppMaximum"":0,""eQtlColocClppMaximumNeighbourhood"":0,""eQtlColocH4Maximum"":0,""eQtlColocH4MaximumNeighbourhood"":0,""pQtlColocClppMaximum"":0,""pQtlColocClppMaximumNeighbourhood"":0,""pQtlColocH4Maximum"":0,""pQtlColocH4MaximumNeighbourhood"":0,""sQtlColocClppMaximum"":0,""sQtlColocClppMaximumNeighbourhood"":0,""sQtlColocH4Maximum"":0,""sQtlColocH4MaximumNeighbourhood"":0,""transPQtlColocH4Maximum"":0,""transPQtlColocH4MaximumNeighbourhood"":0}","{""vepMaximum"":0.2199999988079071,""vepMaximumNeighbourhood"":0.6875,""vepMean"":0.003025838639587164,""vepMeanNeighbourhood"":0.3454919159412384}","{""credibleSetConfidence"":0,""e2gMean"":0,""e2gMeanNeighbourhood"":0,""geneCount500kb"":4,""proteinGeneCount500kb"":0}","{""credibleSetConfidence"":0,""distanceFootprintMean"":0.4701995551586151,""distanceFootprintMeanNeighbourhood"":0.4717453420162201,""distanceSentinelFootprint"":0,""distanceSentinelFootprintNeighbourhood"":0,""distanceSentinelTss"":0,""distanceSentinelTssNeighbourhood"":0,""distanceTssMean"":0.4701995551586151,""distanceTssMeanNeighbourhood"":1,""e2gMean"":0,""e2gMeanNeighbourhood"":0,""eQtlColocClppMaximum"":0,""eQtlColocClppMaximumNeighbourhood"":0,""eQtlColocH4Maximum"":0,""eQtlColocH4MaximumNeighbourhood"":0,""geneCount500kb"":4,""pQtlColocClppMaximum"":0,""pQtlColocClppMaximumNeighbourhood"":0,""pQtlColocH4Maximum"":0,""pQtlColocH4MaximumNeighbourhood"":0,""proteinGeneCount500kb"":0,""sQtlColocClppMaximum"":0,""sQtlColocClppMaximumNeighbourhood"":0,""sQtlColocH4Maximum"":0,""sQtlColocH4MaximumNeighbourhood"":0,""transPQtlColocH4Maximum"":0,""transPQtlColocH4MaximumNeighbourhood"":0,""vepMaximum"":0.2199999988079071,""vepMaximumNeighbourhood"":0.6875,""vepMean"":0.003025838639587164,""vepMeanNeighbourhood"":0.3454919159412384}","{""credibleSetConfidence"":-0.0007420462206937373,""distanceFootprintMean"":0.0012742035323753953,""distanceFootprintMeanNeighbourhood"":-0.006629152689129114,""distanceSentinelFootprint"":-0.004442896693944931,""distanceSentinelFootprintNeighbourhood"":-0.019410206004977226,""distanceSentinelTss"":0.006231703795492649,""distanceSentinelTssNeighbourhood"":-0.01661527343094349,""distanceTssMean"":0.0016040167538449168,""distanceTssMeanNeighbourhood"":0.023319005966186523,""e2gMean"":-0.0019127547275274992,""e2gMeanNeighbourhood"":-0.006696930155158043,""eQtlColocClppMaximum"":-0.00023379050253424793,""eQtlColocClppMaximumNeighbourhood"":-0.0007640868425369263,""eQtlColocH4Maximum"":-0.00036169664235785604,""eQtlColocH4MaximumNeighbourhood"":-0.0009416755638085306,""geneCount500kb"":0.015237419866025448,""pQtlColocClppMaximum"":-0.0007391367107629776,""pQtlColocClppMaximumNeighbourhood"":-0.000421744683990255,""pQtlColocH4Maximum"":-0.0004926008987240493,""pQtlColocH4MaximumNeighbourhood"":-0.00029583086143247783,""proteinGeneCount500kb"":0.02330649457871914,""sQtlColocClppMaximum"":-0.000794704130385071,""sQtlColocClppMaximumNeighbourhood"":-0.0001861293858382851,""sQtlColocH4Maximum"":-0.00025456014554947615,""sQtlColocH4MaximumNeighbourhood"":-0.0006040888256393373,""transPQtlColocH4Maximum"":-0.001973062288016081,""transPQtlColocH4MaximumNeighbourhood"":-0.004774969071149826,""vepMaximum"":-0.0032288460060954094,""vepMaximumNeighbourhood"":-0.0009100234601646662,""vepMean"":-0.0006428708438761532,""vepMeanNeighbourhood"":-0.01996535249054432}",0.07922279089689255,GRCh38,moderate_prioritization,0.05,0.6150293350219727
Parkinson disease,ZDHHC2,ENSG00000104219,PD_CHR08_036,3f5a3b8f2b1da9113670d0bb3a3bd2b6,rs34096562,8,16843772,6e-17,0.05587989091873169,PICS,PICS fine-mapped credible set based on reported top hit,GCST90308590,Open Targets Platform Locus-to-Gene,zDHHC palmitoyltransferase 2,8_16843772_T_G,"{""distanceFootprintMean"":0.9224240183830261,""distanceFootprintMeanNeighbourhood"":0.9509943127632141,""distanceSentinelFootprint"":0.9251700043678284,""distanceSentinelFootprintNeighbourhood"":0.9506815671920776,""distanceSentinelTss"":0.9251700043678284,""distanceSentinelTssNeighbourhood"":0.9528703689575195,""distanceTssMean"":0.9224240183830261,""distanceTssMeanNeighbourhood"":0.9531756639480591}","{""eQtlColocClppMaximum"":0,""eQtlColocClppMaximumNeighbourhood"":0,""eQtlColocH4Maximum"":0,""eQtlColocH4MaximumNeighbourhood"":0,""pQtlColocClppMaximum"":0,""pQtlColocClppMaximumNeighbourhood"":0,""pQtlColocH4Maximum"":0,""pQtlColocH4MaximumNeighbourhood"":0,""sQtlColocClppMaximum"":0,""sQtlColocClppMaximumNeighbourhood"":0,""sQtlColocH4Maximum"":0,""sQtlColocH4MaximumNeighbourhood"":0,""transPQtlColocH4Maximum"":0,""transPQtlColocH4MaximumNeighbourhood"":0}","{""vepMaximum"":0.2199999988079071,""vepMaximumNeighbourhood"":1,""vepMean"":0.0056613897904753685,""vepMeanNeighbourhood"":1}","{""credibleSetConfidence"":0.25,""e2gMean"":0,""e2gMeanNeighbourhood"":0,""geneCount500kb"":8,""proteinGeneCount500kb"":2}","{""credibleSetConfidence"":0.25,""distanceFootprintMean"":0.9224240183830261,""distanceFootprintMeanNeighbourhood"":0.9509943127632141,""distanceSentinelFootprint"":0.9251700043678284,""distanceSentinelFootprintNeighbourhood"":0.9506815671920776,""distanceSentinelTss"":0.9251700043678284,""distanceSentinelTssNeighbourhood"":0.9528703689575195,""distanceTssMean"":0.9224240183830261,""distanceTssMeanNeighbourhood"":0.9531756639480591,""e2gMean"":0,""e2gMeanNeighbourhood"":0,""eQtlColocClppMaximum"":0,""eQtlColocClppMaximumNeighbourhood"":0,""eQtlColocH4Maximum"":0,""eQtlColocH4MaximumNeighbourhood"":0,""geneCount500kb"":8,""pQtlColocClppMaximum"":0,""pQtlColocClppMaximumNeighbourhood"":0,""pQtlColocH4Maximum"":0,""pQtlColocH4MaximumNeighbourhood"":0,""proteinGeneCount500kb"":2,""sQtlColocClppMaximum"":0,""sQtlColocClppMaximumNeighbourhood"":0,""sQtlColocH4Maximum"":0,""sQtlColocH4MaximumNeighbourhood"":0,""transPQtlColocH4Maximum"":0,""transPQtlColocH4MaximumNeighbourhood"":0,""vepMaximum"":0.2199999988079071,""vepMaximumNeighbourhood"":1,""vepMean"":0.0056613897904753685,""vepMeanNeighbourhood"":1}","{""credibleSetConfidence"":0.0003874159592669457,""distanceFootprintMean"":0.002327934606000781,""distanceFootprintMeanNeighbourhood"":-0.0034704713616520166,""distanceSentinelFootprint"":0.0008756236056797206,""distanceSentinelFootprintNeighbourhood"":-0.022236457094550133,""distanceSentinelTss"":-0.00020093200146220624,""distanceSentinelTssNeighbourhood"":-0.01831360161304474,""distanceTssMean"":-0.006135858595371246,""distanceTssMeanNeighbourhood"":-0.014522572048008442,""e2gMean"":-0.0012667612172663212,""e2gMeanNeighbourhood"":-0.006564462091773748,""eQtlColocClppMaximum"":-5.610832886304706e-05,""eQtlColocClppMaximumNeighbourhood"":-0.0005549147608689964,""eQtlColocH4Maximum"":-0.00034959809272550046,""eQtlColocH4MaximumNeighbourhood"":-0.00036537714186124504,""geneCount500kb"":0.014108280651271343,""pQtlColocClppMaximum"":-0.001645146869122982,""pQtlColocClppMaximumNeighbourhood"":-0.001142156426794827,""pQtlColocH4Maximum"":-0.0008706314256414771,""pQtlColocH4MaximumNeighbourhood"":-0.0004237045650370419,""proteinGeneCount500kb"":0.031659383326768875,""sQtlColocClppMaximum"":-0.00020784551452379674,""sQtlColocClppMaximumNeighbourhood"":-0.0001032572690746747,""sQtlColocH4Maximum"":-8.860513480613008e-05,""sQtlColocH4MaximumNeighbourhood"":-0.00010326720803277567,""transPQtlColocH4Maximum"":-0.0005420476081781089,""transPQtlColocH4MaximumNeighbourhood"":-0.0018403057474642992,""vepMaximum"":-0.0006145847146399319,""vepMaximumNeighbourhood"":0.0062483386136591434,""vepMean"":0.00496165594086051,""vepMeanNeighbourhood"":0.008143202401697636}",0.06878669559955597,GRCh38,moderate_prioritization,0.05,0.6150293350219727
Parkinson disease,PRSS3,ENSG00000010438,PD_CHR09_039,ffbb9cad4773b611b2c63babbd5259d8,rs6476434,9,34046393,1e-09,0.05446091666817665,PICS,PICS fine-mapped credible set based on reported top hit,GCST90308590,Open Targets Platform Locus-to-Gene,serine protease 3,9_34046393_C_T,"{""distanceFootprintMean"":0.966407835483551,""distanceFootprintMeanNeighbourhood"":0.9723453521728516,""distanceSentinelFootprint"":0.9480385184288025,""distanceSentinelFootprintNeighbourhood"":0.9480385184288025,""distanceSentinelTss"":0.9469243288040161,""distanceSentinelTssNeighbourhood"":0.9472852945327759,""distanceTssMean"":0.9655864834785461,""distanceTssMeanNeighbourhood"":0.9839121699333191}","{""eQtlColocClppMaximum"":0.002755927387624979,""eQtlColocClppMaximumNeighbourhood"":0.7704502940177917,""eQtlColocH4Maximum"":0.7536692023277283,""eQtlColocH4MaximumNeighbourhood"":0.9432818293571472,""pQtlColocClppMaximum"":0,""pQtlColocClppMaximumNeighbourhood"":0,""pQtlColocH4Maximum"":0,""pQtlColocH4MaximumNeighbourhood"":0,""sQtlColocClppMaximum"":0.00021628523245453835,""sQtlColocClppMaximumNeighbourhood"":0.01413822639733553,""sQtlColocH4Maximum"":0.19318462908267975,""sQtlColocH4MaximumNeighbourhood"":0.20440112054347992,""transPQtlColocH4Maximum"":0,""transPQtlColocH4MaximumNeighbourhood"":0}","{""vepMaximum"":0.2199999988079071,""vepMaximumNeighbourhood"":0.6875,""vepMean"":0.0032277251593768597,""vepMeanNeighbourhood"":0.7077710032463074}","{""credibleSetConfidence"":0.25,""e2gMean"":0.01691899448633194,""e2gMeanNeighbourhood"":0.46532881259918213,""geneCount500kb"":21,""proteinGeneCount500kb"":4}","{""credibleSetConfidence"":0.25,""distanceFootprintMean"":0.966407835483551,""distanceFootprintMeanNeighbourhood"":0.9723453521728516,""distanceSentinelFootprint"":0.9480385184288025,""distanceSentinelFootprintNeighbourhood"":0.9480385184288025,""distanceSentinelTss"":0.9469243288040161,""distanceSentinelTssNeighbourhood"":0.9472852945327759,""distanceTssMean"":0.9655864834785461,""distanceTssMeanNeighbourhood"":0.9839121699333191,""e2gMean"":0.01691899448633194,""e2gMeanNeighbourhood"":0.46532881259918213,""eQtlColocClppMaximum"":0.002755927387624979,""eQtlColocClppMaximumNeighbourhood"":0.7704502940177917,""eQtlColocH4Maximum"":0.7536692023277283,""eQtlColocH4MaximumNeighbourhood"":0.9432818293571472,""geneCount500kb"":21,""pQtlColocClppMaximum"":0,""pQtlColocClppMaximumNeighbourhood"":0,""pQtlColocH4Maximum"":0,""pQtlColocH4MaximumNeighbourhood"":0,""proteinGeneCount500kb"":4,""sQtlColocClppMaximum"":0.00021628523245453835,""sQtlColocClppMaximumNeighbourhood"":0.01413822639733553,""sQtlColocH4Maximum"":0.19318462908267975,""sQtlColocH4MaximumNeighbourhood"":0.20440112054347992,""transPQtlColocH4Maximum"":0,""transPQtlColocH4MaximumNeighbourhood"":0,""vepMaximum"":0.2199999988079071,""vepMaximumNeighbourhood"":0.6875,""vepMean"":0.0032277251593768597,""vepMeanNeighbourhood"":0.7077710032463074}","{""credibleSetConfidence"":0.0006243125535547733,""distanceFootprintMean"":-0.0019894989673048258,""distanceFootprintMeanNeighbourhood"":-0.0003089920210186392,""distanceSentinelFootprint"":0.0012649078853428364,""distanceSentinelFootprintNeighbourhood"":-0.005519898608326912,""distanceSentinelTss"":0.00252043129876256,""distanceSentinelTssNeighbourhood"":-0.007554755546152592,""distanceTssMean"":-0.002246883697807789,""distanceTssMeanNeighbourhood"":-0.0036722656805068254,""e2gMean"":0.002419512253254652,""e2gMeanNeighbourhood"":0.004087316803634167,""eQtlColocClppMaximum"":0.0008270940161310136,""eQtlColocClppMaximumNeighbourhood"":0.011480612680315971,""eQtlColocH4Maximum"":-0.0004002422501798719,""eQtlColocH4MaximumNeighbourhood"":0.005609460640698671,""geneCount500kb"":-2.9708944566664286e-05,""pQtlColocClppMaximum"":0,""pQtlColocClppMaximumNeighbourhood"":0,""pQtlColocH4Maximum"":0,""pQtlColocH4MaximumNeighbourhood"":0,""proteinGeneCount500kb"":0.014426525682210922,""sQtlColocClppMaximum"":0,""sQtlColocClppMaximumNeighbourhood"":-0.00010249504703097045,""sQtlColocH4Maximum"":0,""sQtlColocH4MaximumNeighbourhood"":-0.0005686615477316082,""transPQtlColocH4Maximum"":-0.000604213506449014,""transPQtlColocH4MaximumNeighbourhood"":-0.0021481362637132406,""vepMaximum"":-0.002390987705439329,""vepMaximumNeighbourhood"":-0.0042051635682582855,""vepMean"":0.00012331393372733146,""vepMeanNeighbourhood"":-0.0005405375268310308}",0.04335984215140343,GRCh38,moderate_prioritization,0.05,0.6150293350219727
Parkinson disease,IL1R2,ENSG00000115590,PD_CHR02_010,fc4abf134a9277d1a61486c08d7dfbfe,rs11683001,2,101780501,2e-12,0.052884574979543686,PICS,PICS fine-mapped credible set based on reported top hit,GCST90308590,Open Targets Platform Locus-to-Gene,interleukin 1 receptor type 2,2_101780501_T_A,"{""distanceFootprintMean"":0.9480534791946411,""distanceFootprintMeanNeighbourhood"":0.9511552453041077,""distanceSentinelFootprint"":0.9581043720245361,""distanceSentinelFootprintNeighbourhood"":0.9581043720245361,""distanceSentinelTss"":0.9581043720245361,""distanceSentinelTssNeighbourhood"":0.971506655216217,""distanceTssMean"":0.9480534791946411,""distanceTssMeanNeighbourhood"":0.9603381752967834}","{""eQtlColocClppMaximum"":0,""eQtlColocClppMaximumNeighbourhood"":0,""eQtlColocH4Maximum"":0,""eQtlColocH4MaximumNeighbourhood"":0,""pQtlColocClppMaximum"":0,""pQtlColocClppMaximumNeighbourhood"":0,""pQtlColocH4Maximum"":0,""pQtlColocH4MaximumNeighbourhood"":0,""sQtlColocClppMaximum"":0,""sQtlColocClppMaximumNeighbourhood"":0,""sQtlColocH4Maximum"":0,""sQtlColocH4MaximumNeighbourhood"":0,""transPQtlColocH4Maximum"":0,""transPQtlColocH4MaximumNeighbourhood"":0}","{""vepMaximum"":0.2199999988079071,""vepMaximumNeighbourhood"":0.6875,""vepMean"":0.004800078924745321,""vepMeanNeighbourhood"":0.7187666296958923}","{""credibleSetConfidence"":0.25,""e2gMean"":0.03371084854006767,""e2gMeanNeighbourhood"":0.10467234253883362,""geneCount500kb"":7,""proteinGeneCount500kb"":2}","{""credibleSetConfidence"":0.25,""distanceFootprintMean"":0.9480534791946411,""distanceFootprintMeanNeighbourhood"":0.9511552453041077,""distanceSentinelFootprint"":0.9581043720245361,""distanceSentinelFootprintNeighbourhood"":0.9581043720245361,""distanceSentinelTss"":0.9581043720245361,""distanceSentinelTssNeighbourhood"":0.971506655216217,""distanceTssMean"":0.9480534791946411,""distanceTssMeanNeighbourhood"":0.9603381752967834,""e2gMean"":0.03371084854006767,""e2gMeanNeighbourhood"":0.10467234253883362,""eQtlColocClppMaximum"":0,""eQtlColocClppMaximumNeighbourhood"":0,""eQtlColocH4Maximum"":0,""eQtlColocH4MaximumNeighbourhood"":0,""geneCount500kb"":7,""pQtlColocClppMaximum"":0,""pQtlColocClppMaximumNeighbourhood"":0,""pQtlColocH4Maximum"":0,""pQtlColocH4MaximumNeighbourhood"":0,""proteinGeneCount500kb"":2,""sQtlColocClppMaximum"":0,""sQtlColocClppMaximumNeighbourhood"":0,""sQtlColocH4Maximum"":0,""sQtlColocH4MaximumNeighbourhood"":0,""transPQtlColocH4Maximum"":0,""transPQtlColocH4MaximumNeighbourhood"":0,""vepMaximum"":0.2199999988079071,""vepMaximumNeighbourhood"":0.6875,""vepMean"":0.004800078924745321,""vepMeanNeighbourhood"":0.7187666296958923}","{""credibleSetConfidence"":0.00038775912253186107,""distanceFootprintMean"":0.0006926523055881262,""distanceFootprintMeanNeighbourhood"":-0.0008770801941864192,""distanceSentinelFootprint"":0.00104260235093534,""distanceSentinelFootprintNeighbourhood"":-0.00817259680479765,""distanceSentinelTss"":0.00037482776679098606,""distanceSentinelTssNeighbourhood"":-0.009802030399441719,""distanceTssMean"":-0.002711333567276597,""distanceTssMeanNeighbourhood"":-0.009185642004013062,""e2gMean"":0.0017801402136683464,""e2gMeanNeighbourhood"":-0.0031967004761099815,""eQtlColocClppMaximum"":-0.0007763471803627908,""eQtlColocClppMaximumNeighbourhood"":-0.0019227165030315518,""eQtlColocH4Maximum"":-0.0005477875820361078,""eQtlColocH4MaximumNeighbourhood"":-0.001036269823089242,""geneCount500kb"":0.00993570126593113,""pQtlColocClppMaximum"":-0.002594780409708619,""pQtlColocClppMaximumNeighbourhood"":-0.001992258708924055,""pQtlColocH4Maximum"":-0.0010198934469372034,""pQtlColocH4MaximumNeighbourhood"":-0.0009869757341220975,""proteinGeneCount500kb"":0.03805292770266533,""sQtlColocClppMaximum"":-0.0011739014880731702,""sQtlColocClppMaximumNeighbourhood"":-0.00047660464770160615,""sQtlColocH4Maximum"":-0.0004978246288374066,""sQtlColocH4MaximumNeighbourhood"":-0.0012082622852176428,""transPQtlColocH4Maximum"":-0.0003340395342092961,""transPQtlColocH4MaximumNeighbourhood"":-0.0016329246573150158,""vepMaximum"":-0.0016336148837581277,""vepMaximumNeighbourhood"":-0.00168104178737849,""vepMean"":0.001429910073056817,""vepMeanNeighbourhood"":0.0005597437848336995}",0.052088890224695206,GRCh38,moderate_prioritization,0.05,0.6150293350219727
Parkinson disease,DEPDC1B,ENSG00000035499,PD_CHR05_027,9840f5d6f7096f80fa7acf2b9bd26d23,rs1867598,5,60842132,7e-22,0.05178272724151611,PICS,PICS fine-mapped credible set based on reported top hit,GCST90308590,Open Targets Platform Locus-to-Gene,DEP domain containing 1B,5_60842132_A_G,"{""distanceFootprintMean"":0.9557826519012451,""distanceFootprintMeanNeighbourhood"":0.9611802101135254,""distanceSentinelFootprint"":0.9745488166809082,""distanceSentinelFootprintNeighbourhood"":0.9745488166809082,""distanceSentinelTss"":0.9745488166809082,""distanceSentinelTssNeighbourhood"":0.974867045879364,""distanceTssMean"":0.9557826519012451,""distanceTssMeanNeighbourhood"":0.9675712585449219}","{""eQtlColocClppMaximum"":0.027227723971009254,""eQtlColocClppMaximumNeighbourhood"":1,""eQtlColocH4Maximum"":0.9687706232070923,""eQtlColocH4MaximumNeighbourhood"":1,""pQtlColocClppMaximum"":0,""pQtlColocClppMaximumNeighbourhood"":0,""pQtlColocH4Maximum"":0,""pQtlColocH4MaximumNeighbourhood"":0,""sQtlColocClppMaximum"":0,""sQtlColocClppMaximumNeighbourhood"":0,""sQtlColocH4Maximum"":0,""sQtlColocH4MaximumNeighbourhood"":0,""transPQtlColocH4Maximum"":0,""transPQtlColocH4MaximumNeighbourhood"":0}","{""vepMaximum"":0.2199999988079071,""vepMaximumNeighbourhood"":0.6875,""vepMean"":0.005821275059133768,""vepMeanNeighbourhood"":0.827227771282196}","{""credibleSetConfidence"":0.25,""e2gMean"":0,""e2gMeanNeighbourhood"":0,""geneCount500kb"":9,""proteinGeneCount500kb"":4}","{""credibleSetConfidence"":0.25,""distanceFootprintMean"":0.9557826519012451,""distanceFootprintMeanNeighbourhood"":0.9611802101135254,""distanceSentinelFootprint"":0.9745488166809082,""distanceSentinelFootprintNeighbourhood"":0.9745488166809082,""distanceSentinelTss"":0.9745488166809082,""distanceSentinelTssNeighbourhood"":0.974867045879364,""distanceTssMean"":0.9557826519012451,""distanceTssMeanNeighbourhood"":0.9675712585449219,""e2gMean"":0,""e2gMeanNeighbourhood"":0,""eQtlColocClppMaximum"":0.027227723971009254,""eQtlColocClppMaximumNeighbourhood"":1,""eQtlColocH4Maximum"":0.9687706232070923,""eQtlColocH4MaximumNeighbourhood"":1,""geneCount500kb"":9,""pQtlColocClppMaximum"":0,""pQtlColocClppMaximumNeighbourhood"":0,""pQtlColocH4Maximum"":0,""pQtlColocH4MaximumNeighbourhood"":0,""proteinGeneCount500kb"":4,""sQtlColocClppMaximum"":0,""sQtlColocClppMaximumNeighbourhood"":0,""sQtlColocH4Maximum"":0,""sQtlColocH4MaximumNeighbourhood"":0,""transPQtlColocH4Maximum"":0,""transPQtlColocH4MaximumNeighbourhood"":0,""vepMaximum"":0.2199999988079071,""vepMaximumNeighbourhood"":0.6875,""vepMean"":0.005821275059133768,""vepMeanNeighbourhood"":0.827227771282196}","{""credibleSetConfidence"":0.0001647668977966532,""distanceFootprintMean"":0.004117624834179878,""distanceFootprintMeanNeighbourhood"":-0.0012366499286144972,""distanceSentinelFootprint"":0.0005213611875660717,""distanceSentinelFootprintNeighbourhood"":0.00040804766467772424,""distanceSentinelTss"":-0.0003797427052631974,""distanceSentinelTssNeighbourhood"":-0.008669205009937286,""distanceTssMean"":-0.003252428723499179,""distanceTssMeanNeighbourhood"":-0.008055714890360832,""e2gMean"":-0.0009427832555957139,""e2gMeanNeighbourhood"":-0.0023640142753720284,""eQtlColocClppMaximum"":0.0038221734575927258,""eQtlColocClppMaximumNeighbourhood"":0.00906634796410799,""eQtlColocH4Maximum"":0.003851823043078184,""eQtlColocH4MaximumNeighbourhood"":0.003843393176794052,""geneCount500kb"":0.005527931731194258,""pQtlColocClppMaximum"":-0.0013480607885867357,""pQtlColocClppMaximumNeighbourhood"":-0.0010231195483356714,""pQtlColocH4Maximum"":-0.0005360555369406939,""pQtlColocH4MaximumNeighbourhood"":-0.0001604864519322291,""proteinGeneCount500kb"":0.006465003825724125,""sQtlColocClppMaximum"":-0.0006938379956409335,""sQtlColocClppMaximumNeighbourhood"":-0.0006577034946531057,""sQtlColocH4Maximum"":-0.0003189747512806207,""sQtlColocH4MaximumNeighbourhood"":-0.0008440327947027981,""transPQtlColocH4Maximum"":0,""transPQtlColocH4MaximumNeighbourhood"":0,""vepMaximum"":-0.002505941316485405,""vepMaximumNeighbourhood"":-0.001124892383813858,""vepMean"":0.001216899137943983,""vepMeanNeighbourhood"":0.0020035640336573124}",0.0448874868452549,GRCh38,moderate_prioritization,0.05,0.6150293350219727
