disease,region,enrichment_z,other_disease_mean_z,other_disease_sd_z,cross_disease_specificity_z,one_sided_p,framework,fdr_p
Schizophrenia,Hippocampus R,3.3316044330118273,0.17661610740302647,0.6132304664825975,5.144865589776327,1.3385620919755214e-07,leave-one-disease-out standardization within region,0.00012601927764885652
Attention deficit-hyperactivity disorder,Angular R,2.275423820177138,-0.12491610287531153,0.47193016521928016,5.086218470347499,1.8263663427370508e-07,leave-one-disease-out standardization within region,0.00012601927764885652
Schizophrenia,Frontal Mid 2 R,1.7169538637025543,-0.36666243637792184,0.48152476057111376,4.327121823619615,7.553520788181658e-06,leave-one-disease-out standardization within region,0.003474619562563563
Multiple sclerosis,N Acc L,2.516285649505399,-0.0059042998657168645,0.5993193649037519,4.208423917315217,1.2857904279520829e-05,leave-one-disease-out standardization within region,0.004435976976434686
Alzheimer disease,OFClat R,1.7508154885224605,0.3116037233344027,0.35431511079494515,4.06195423604437,2.4331809231369253e-05,leave-one-disease-out standardization within region,0.006487384711724112
Schizophrenia,Frontal Inf Oper L,2.636753793056113,-0.2789055481449449,0.723966982024887,4.027337452664146,2.820602048575701e-05,leave-one-disease-out standardization within region,0.006487384711724112
Schizophrenia,Putamen R,4.4768199657387235,-0.42784082256963735,1.2564175004062157,3.9036870998076845,4.736912424890604e-05,leave-one-disease-out standardization within region,0.009338484494784334
Schizophrenia,Hippocampus L,4.426258202266709,0.33978743283637625,1.0885838181729963,3.7539330469644336,8.704068998948239e-05,leave-one-disease-out standardization within region,0.01360582466686116
Bipolar disorder,Cerebellum 9 L,1.4360232832652868,-0.74795876693199,0.5825343549872403,3.7491042914458057,8.873363913170322e-05,leave-one-disease-out standardization within region,0.01360582466686116
Bipolar disorder,Cerebellum Crus2 R,1.4706648886125135,-1.1823231429194307,0.7364665032004841,3.602320024064606,0.00015769487617425787,leave-one-disease-out standardization within region,0.021761892912047585
Attention deficit-hyperactivity disorder,OFCmed R,3.284837817329499,0.018258023589116792,0.9142679990959869,3.572890877697046,0.00017653095636148089,leave-one-disease-out standardization within region,0.022146610888985785
Schizophrenia,Rolandic Oper L,2.6797737256681997,-0.28961921953111136,0.8995673045864075,3.300912483212741,0.00048185469150894937,leave-one-disease-out standardization within region,0.05387319863310429
Epilepsy,Postcentral R,1.5479482549762924,-0.668327667163915,0.6745972629448426,3.285331921545934,0.0005093114813136515,leave-one-disease-out standardization within region,0.05387319863310429
Schizophrenia,Amygdala R,3.9529349891888024,-0.17754188440548566,1.2649205147001308,3.2654042887220327,0.0005465396962778695,leave-one-disease-out standardization within region,0.05387319863310429
Schizophrenia,Putamen L,3.235854912975573,-0.5205873397890183,1.1891039212940333,3.1590529519713226,0.0007914136441690658,leave-one-disease-out standardization within region,0.06585844326923315
Multiple sclerosis,Vermis 9,3.2786638684057667,0.544777505587734,0.8670317058252685,3.15315615847731,0.0008075768994685288,leave-one-disease-out standardization within region,0.06585844326923315
Attention deficit-hyperactivity disorder,OFCpost L,2.651608957917955,-0.2810352185147696,0.9304625014446904,3.1518133958964816,0.0008112996634615679,leave-one-disease-out standardization within region,0.06585844326923315
Attention deficit-hyperactivity disorder,Rectus R,3.198494043028086,0.15159531430003442,1.0153169257337566,3.000933650865809,0.001345766022606008,leave-one-disease-out standardization within region,0.10317539506646062
Schizophrenia,Frontal Inf Tri R,2.487811107586633,-0.4959171127207553,1.0617221012910916,2.8102723082424954,0.0024749799778325957,leave-one-disease-out standardization within region,0.17976170365310432
Migraine,Cerebellum 8 R,3.1590622168644042,-0.513753029243469,1.3722044391877277,2.676580210075683,0.003718888011896501,leave-one-disease-out standardization within region,0.2566032728208586
Bipolar disorder,Cerebellum 7b L,1.4720168197247567,-1.2590618619474638,1.0333761572007818,2.642869842352653,0.004110331496602702,leave-one-disease-out standardization within region,0.27010749834817754
Attention deficit-hyperactivity disorder,OFClat L,1.993498103832684,-0.3227970785519807,0.888797241599777,2.606100777513086,0.004578975613706724,leave-one-disease-out standardization within region,0.2857832979762554
Epilepsy,Thal VPL L,1.8619514360346658,-0.7680727004586405,1.0196340709555862,2.579380398723324,0.004948886309214502,leave-one-disease-out standardization within region,0.2857832979762554
Multiple sclerosis,Vermis 8,2.8055201270790557,0.4146818558695011,0.9363035447779015,2.553486296772144,0.005332523759222912,leave-one-disease-out standardization within region,0.2857832979762554
Bipolar disorder,Cerebellum Crus2 L,1.5415750391872354,-1.0760686831621307,1.0284940386973438,2.5451228921703684,0.005461964271059966,leave-one-disease-out standardization within region,0.2857832979762554
Parkinson disease,Cingulate Mid R,1.2929431101525473,-0.7410996941376191,0.800772282772207,2.5401014096647794,0.005541016552369614,leave-one-disease-out standardization within region,0.2857832979762554
Epilepsy,Precentral R,1.1695786216725779,-1.2305511515688796,0.946127535248385,2.536793068401033,0.005593653008957446,leave-one-disease-out standardization within region,0.2857832979762554
Migraine,Cerebellum 9 R,0.7516639016210728,-0.8323605537207676,0.6275413449542638,2.524175447686696,0.00579850169806895,leave-one-disease-out standardization within region,0.2857832979762554
Schizophrenia,Angular L,2.6174753791670753,0.7414919256985433,0.7543766137073812,2.48679958972882,0.006444899443759285,leave-one-disease-out standardization within region,0.29405040904656243
Attention deficit-hyperactivity disorder,OFCpost R,1.350811502483647,-0.24741772693353242,0.6444081010568857,2.4801507411156742,0.006566342504193403,leave-one-disease-out standardization within region,0.29405040904656243
Schizophrenia,N Acc R,2.2298117656837766,-0.15427528491172499,0.9620892105169763,2.4780311685591174,0.0066054802032198805,leave-one-disease-out standardization within region,0.29405040904656243
Parkinson disease,Thal MGN L,2.383839881049032,-0.1381063702729709,1.0368211590155931,2.432383086892688,0.00749991657697079,leave-one-disease-out standardization within region,0.320703512232143
Epilepsy,Heschl L,1.9458431766459794,0.43180539043398775,0.6245261504180161,2.4242984624400368,0.007668997031638202,leave-one-disease-out standardization within region,0.320703512232143
Attention deficit-hyperactivity disorder,Frontal Inf Orb 2 L,2.579314044405796,0.7611745836974276,0.7586961140515271,2.396400122572512,0.008278502574582174,leave-one-disease-out standardization within region,0.33600981038009997
Amyotrophic lateral sclerosis,Thal VPL R,2.0015447168932803,-0.9596625722723705,1.2450728846038284,2.3783405178789048,0.00869537896196721,leave-one-disease-out standardization within region,0.3428463705004214
Attention deficit-hyperactivity disorder,Rectus L,2.5049994104090136,0.04566101814686839,1.0392347306087302,2.3664898023775547,0.008978834485822132,leave-one-disease-out standardization within region,0.34418865528984843
Attention deficit-hyperactivity disorder,Temporal Mid R,2.3104545714256206,-0.4447744466705108,1.179185478407235,2.3365527040052347,0.00973122706873607,leave-one-disease-out standardization within region,0.357102786649563
Attention deficit-hyperactivity disorder,OFCant L,2.709025648818485,0.6295256529081918,0.8914754160609478,2.3326498504004998,0.009833265139625649,leave-one-disease-out standardization within region,0.357102786649563
Multiple sclerosis,Olfactory R,1.04311114105041,-0.7750211701265654,0.792993556026949,2.292745379024477,0.010931334158464371,leave-one-disease-out standardization within region,0.35757639232192023
Parkinson disease,Cerebellum 10 L,1.5754982225504504,-0.35604644547196684,0.8432346958604818,2.2906370877580713,0.010992206016804068,leave-one-disease-out standardization within region,0.35757639232192023
Schizophrenia,Frontal Inf Tri L,1.922761064305844,0.11664690583070299,0.7897375654836563,2.286980178496421,0.011098490037853476,leave-one-disease-out standardization within region,0.35757639232192023
Multiple sclerosis,Thal VA L,2.10470677010584,-0.7742905346395926,1.260164009849695,2.2846211145871584,0.01116752688090234,leave-one-disease-out standardization within region,0.35757639232192023
Parkinson disease,Thal PuM R,2.3598755927506923,0.3371404605627054,0.8886479260335718,2.276194061709396,0.011417198592586476,leave-one-disease-out standardization within region,0.35757639232192023
Multiple sclerosis,Red N L,2.964599814992071,-0.8185506597192437,1.6659219314637108,2.270905018572729,0.011576364196992912,leave-one-disease-out standardization within region,0.35757639232192023
Bipolar disorder,Cerebellum Crus1 R,0.8735068638150427,-0.7576301068382476,0.7191493284429618,2.268147804830581,0.011660099749627834,leave-one-disease-out standardization within region,0.35757639232192023
Epilepsy,Postcentral L,1.1366700125054547,-0.641356049004784,0.8027858358881329,2.21481992086119,0.01338621366112579,leave-one-disease-out standardization within region,0.4015864098337737
Parkinson disease,Frontal Sup 2 L,1.465250837550306,0.20925020847440667,0.570669852895628,2.2009233932769425,0.013870723767444477,leave-one-disease-out standardization within region,0.4058352701496357
Bipolar disorder,Fusiform R,1.475714147492753,-0.6747412109765354,0.9801317810599212,2.194047167967323,0.01411600939650907,leave-one-disease-out standardization within region,0.4058352701496357
Schizophrenia,Cerebellum Crus1 L,1.5441771162636653,-0.8571490299861635,1.1100036888148401,2.163349699147166,0.015257146627288488,leave-one-disease-out standardization within region,0.42116963043412703
Alzheimer disease,Temporal Pole Mid L,1.5851810807586022,-0.6629286822697347,1.0392127923037922,2.1632814565769403,0.015259769218627792,leave-one-disease-out standardization within region,0.42116963043412703
Attention deficit-hyperactivity disorder,OFCmed L,2.0601362888256864,0.032553609210940845,0.9440912360595246,2.1476554406727986,0.01587056882821138,leave-one-disease-out standardization within region,0.42943892123395494
Epilepsy,Paracentral Lobule L,0.8329973535378297,-1.2102726512302648,0.9684275764580768,2.109884161127611,0.017434167428511813,leave-one-disease-out standardization within region,0.46259791655321986
Schizophrenia,Cerebellum 6 L,1.7066909212638621,-0.3859383859685213,0.9989233453501261,2.094884774665978,0.018090618313491257,leave-one-disease-out standardization within region,0.46259791655321986
Bipolar disorder,Cerebellum 6 R,1.473558976328766,-0.7605006646165191,1.0665619584991353,2.094636531091969,0.01810165760425643,leave-one-disease-out standardization within region,0.46259791655321986
Major depressive disorder,Fusiform L,1.6104850131555792,0.06632265849690008,0.7404126245891188,2.085542984245561,0.018510020315862272,leave-one-disease-out standardization within region,0.46443323701618067
Epilepsy,Thal PuA R,1.7583635457328546,-0.44772215648892594,1.066487740785124,2.0685523310354323,0.01929405754406015,leave-one-disease-out standardization within region,0.4687794346336984
Epilepsy,Supp Motor Area R,0.8609903174776807,-1.256329400865493,1.024297533852795,2.0670944216560616,0.019362628821826672,leave-one-disease-out standardization within region,0.4687794346336984
Major depressive disorder,Temporal Pole Sup L,1.4457440666092816,-0.2143822954095792,0.8093060022984234,2.0512962430824846,0.020119053064598883,leave-one-disease-out standardization within region,0.47413491776109684
Parkinson disease,Supp Motor Area L,0.9654574138017622,-0.39616457012084344,0.6647947488308217,2.0481840241928775,0.020270985614423705,leave-one-disease-out standardization within region,0.47413491776109684
Alzheimer disease,Temporal Pole Sup R,1.0585319105522555,-0.9010644611928839,0.9677861823545564,2.024823672288416,0.021442736703687394,leave-one-disease-out standardization within region,0.48703850688786476
Schizophrenia,Temporal Sup L,2.0255029462679284,-0.11676285416740716,1.058873067331544,2.023156378728226,0.02152851371026069,leave-one-disease-out standardization within region,0.48703850688786476
Epilepsy,Occipital Inf R,2.0977230058763547,0.32990131159405006,0.8824671863755155,2.0032718741000815,0.022574057340122647,leave-one-disease-out standardization within region,0.4996168996485879
Schizophrenia,SupraMarginal L,2.2934442997893587,0.1189464700471,1.0878372757666477,1.9989182924530624,0.022808597592652927,leave-one-disease-out standardization within region,0.4996168996485879
Alzheimer disease,Thal PuA L,1.7287060469732882,-0.27019720679839704,1.0096755810689084,1.9797480411039712,0.023865923715378993,leave-one-disease-out standardization within region,0.5146089801128595
Amyotrophic lateral sclerosis,Occipital Inf L,1.8759580564770948,0.281950709606056,0.8079964510017992,1.9727900350239154,0.024259744483394165,leave-one-disease-out standardization within region,0.5150530367243684
Parkinson disease,Frontal Sup Medial R,2.633686530481111,0.14036211819688316,1.2825935626530667,1.943970783017766,0.025949487236965017,leave-one-disease-out standardization within region,0.5425801876819958
Schizophrenia,Insula L,1.3462421563391305,-0.3932246045426448,0.9081911925289174,1.9153089957172091,0.02772655452602553,leave-one-disease-out standardization within region,0.5651825806038399
Attention deficit-hyperactivity disorder,Temporal Inf R,2.18860711612317,0.1824257024066178,1.0536159381412606,1.9040917483231723,0.02844911809964255,leave-one-disease-out standardization within region,0.5651825806038399
Amyotrophic lateral sclerosis,Frontal Mid 2 L,1.31409626317673,0.1397001627267973,0.6170845465514448,1.9031364616291295,0.02851137066436414,leave-one-disease-out standardization within region,0.5651825806038399
Migraine,Thal MDm L,2.24971989807333,1.160212934999369,0.5745049942408268,1.8964273139412442,0.02895178147439736,leave-one-disease-out standardization within region,0.5651825806038399
Amyotrophic lateral sclerosis,Occipital Mid R,2.6637821771726617,0.46729240197104793,1.1636558389967413,1.8875768088744707,0.029541392942998318,leave-one-disease-out standardization within region,0.5651825806038399
Alzheimer disease,OFClat L,1.5920111208719203,-0.2781874137785625,1.0000316885628933,1.8701392726245232,0.03073224002910712,leave-one-disease-out standardization within region,0.5651825806038399
Schizophrenia,Amygdala L,2.8895503348217026,0.46518046296707044,1.2967784476142892,1.8695328229080277,0.03077436075409512,leave-one-disease-out standardization within region,0.5651825806038399
Multiple sclerosis,ParaHippocampal R,1.414788546948951,-0.40063966604589246,0.9744194765389544,1.86308695249306,0.031225016811380266,leave-one-disease-out standardization within region,0.5651825806038399
Epilepsy,Occipital Inf L,1.818982487044479,0.2882813284319022,0.821652159148177,1.862955195297588,0.031234285097781103,leave-one-disease-out standardization within region,0.5651825806038399
Migraine,Pallidum L,1.216291320036829,-0.35759709506757315,0.8466145680071359,1.8590377186742861,0.031510896085440054,leave-one-disease-out standardization within region,0.5651825806038399
Amyotrophic lateral sclerosis,Occipital Inf R,2.015411057141426,0.3390470836757088,0.9023223034449359,1.8578328021657031,0.031596380695691824,leave-one-disease-out standardization within region,0.5651825806038399
Migraine,Calcarine R,1.896962079029502,0.5007983787217523,0.755758633299544,1.8473671868123829,0.03234697074577932,leave-one-disease-out standardization within region,0.5651825806038399
Bipolar disorder,Temporal Inf L,1.2341633950154483,-0.020199184860315092,0.6790391405206657,1.8472610855892015,0.03235465497659663,leave-one-disease-out standardization within region,0.5651825806038399
Epilepsy,LC R,0.9354366223687848,-0.3678400262272037,0.7086737062912273,1.8390362687738986,0.032954925847117525,leave-one-disease-out standardization within region,0.5684724708627773
Amyotrophic lateral sclerosis,Cuneus L,2.1151527533291548,0.017429252579633965,1.1487345237362534,1.826116876792982,0.03391632928970985,leave-one-disease-out standardization within region,0.5778337582691307
Amyotrophic lateral sclerosis,Raphe M,1.2065560461897054,-0.4134815096288276,0.8898676864559508,1.8205375703331892,0.03433859009998321,leave-one-disease-out standardization within region,0.5778933455850833
Amyotrophic lateral sclerosis,Precentral R,0.7150652269510313,-1.1800496632664856,1.0673275467721834,1.775570110552034,0.03790190006689471,leave-one-disease-out standardization within region,0.630176169786924
Multiple sclerosis,Olfactory L,1.4790527164239737,-0.5897377479207083,1.1791249347228683,1.754513371249259,0.03967129039162131,leave-one-disease-out standardization within region,0.6509514523466488
Bipolar disorder,Cerebellum 9 R,0.44269853338306603,-0.7980310683609891,0.7091558621386943,1.7495866113300176,0.040094835832945756,leave-one-disease-out standardization within region,0.6509514523466488
Epilepsy,Thal VL L,1.3977180022155444,-0.23553410923652823,0.9395084546869543,1.7384112972099595,0.041069183747956414,leave-one-disease-out standardization within region,0.6590171345602308
Epilepsy,Lingual L,1.6548784231441271,0.19679101538137464,0.850102756253479,1.7151896015356385,0.04315523535962912,leave-one-disease-out standardization within region,0.6795592886699581
Parkinson disease,Cingulate Mid L,1.7301977851209203,-0.1055111857548655,1.0714839587074243,1.7132398072391843,0.04333421550938863,leave-one-disease-out standardization within region,0.6795592886699581
Epilepsy,Thal MDl L,1.3206585160916795,0.2452397065055261,0.6305132260434338,1.7056245058245163,0.044039006864469786,leave-one-disease-out standardization within region,0.6818654085998379
Alzheimer disease,SN pr R,1.8628886207646072,0.12013044625550985,1.0245362939530358,1.7010214130969423,0.044469483169554645,leave-one-disease-out standardization within region,0.6818654085998379
Schizophrenia,Occipital Sup L,1.4835401098063017,-0.15231220584994032,0.9838392212172619,1.662723217755308,0.048183926217971476,leave-one-disease-out standardization within region,0.7307012986901169
Multiple sclerosis,Raphe D,1.8719536393012681,-0.06887013763710353,1.1818532205552488,1.6421868157422708,0.050275647078359374,leave-one-disease-out standardization within region,0.7424598795242732
Migraine,Parietal Inf R,2.010871037981067,0.13307267463525008,1.1487155622078729,1.6346939356655188,0.051056612207976554,leave-one-disease-out standardization within region,0.7424598795242732
Parkinson disease,Thal LGN L,1.3348499626745887,-0.3529135783514523,1.0433475989228551,1.6176426176362282,0.05286981949723848,leave-one-disease-out standardization within region,0.7424598795242732
Epilepsy,Pallidum R,0.8840146304622909,-0.8889277403511426,1.0960725038748127,1.6175411430774558,0.052880761051259564,leave-one-disease-out standardization within region,0.7424598795242732
Multiple sclerosis,SN pr L,1.814260728848307,-0.7607311950574455,1.594060011939248,1.6153669903388113,0.053115622140971104,leave-one-disease-out standardization within region,0.7424598795242732
Bipolar disorder,Cerebellum 8 L,0.68300056075542,-1.1876891547872337,1.16193714224658,1.6099749698384853,0.05370166036459171,leave-one-disease-out standardization within region,0.7424598795242732
Amyotrophic lateral sclerosis,LC R,0.8197440934445095,-0.35498530079117313,0.7335218266770585,1.6014920776895587,0.05463398665508399,leave-one-disease-out standardization within region,0.7424598795242732
Amyotrophic lateral sclerosis,Cerebellum 8 R,2.1876269169449607,-0.40581577369686417,1.6259929405432196,1.5949901294008049,0.055357221536489025,leave-one-disease-out standardization within region,0.7424598795242732
Epilepsy,Parietal Sup R,0.7106259875575216,-0.8326282048273325,0.9715333430355859,1.5884726998282,0.056089744780479504,leave-one-disease-out standardization within region,0.7424598795242732
Migraine,OFCant L,2.265157060481373,0.6788443849456488,0.9990599603571949,1.5878052754396925,0.05616518909900863,leave-one-disease-out standardization within region,0.7424598795242732
Bipolar disorder,ACC sup R,0.6395910794624573,-0.5364978459859857,0.7409507796635648,1.5872699749131196,0.05622575620561096,leave-one-disease-out standardization within region,0.7424598795242732
Multiple sclerosis,SN pc L,2.4583785510859766,-0.09753589888737091,1.6136017104883391,1.5839809993755074,0.05659902151986801,leave-one-disease-out standardization within region,0.7424598795242732
Schizophrenia,OFCant R,3.339765925788958,1.090003572275923,1.4277698283645786,1.5757178144673345,0.05754542503106771,leave-one-disease-out standardization within region,0.7424598795242732
Major depressive disorder,Cerebellum 7b R,1.34152699946057,-0.3964256205777102,1.1050073587995815,1.5727973268216922,0.05788287741848517,leave-one-disease-out standardization within region,0.7424598795242732
Amyotrophic lateral sclerosis,Parietal Inf L,1.0843734270944643,-0.059560757888582096,0.7313503103274667,1.564139877743188,0.05889236137277289,leave-one-disease-out standardization within region,0.7424598795242732
Multiple sclerosis,Frontal Inf Oper R,0.6887632297907557,-0.4708870012939794,0.7421453486557152,1.5625648441848583,0.05907749135253849,leave-one-disease-out standardization within region,0.7424598795242732
Migraine,Red N R,1.4385246457495493,-0.5257354480402118,1.2582375156845609,1.5611202728453693,0.0592476878111689,leave-one-disease-out standardization within region,0.7424598795242732
Alzheimer disease,Thal PuM L,2.079164905383461,0.3800888502943996,1.0900173323467683,1.5587605854220792,0.059526528098096214,leave-one-disease-out standardization within region,0.7424598795242732
Attention deficit-hyperactivity disorder,Cerebellum 7b R,1.3248605539011902,-0.39457379329333464,1.1082617276436166,1.551469571046527,0.06039459702175765,leave-one-disease-out standardization within region,0.7424598795242732
Attention deficit-hyperactivity disorder,Temporal Sup R,1.9752605549790319,0.44626929658974784,0.9860787755656467,1.550577191474591,0.06050152080986158,leave-one-disease-out standardization within region,0.7424598795242732
Major depressive disorder,Thal AV L,2.159283222095239,0.7753756551110429,0.8933201144796822,1.5491731850124728,0.060670046840037004,leave-one-disease-out standardization within region,0.7424598795242732
Schizophrenia,Cerebellum 6 R,1.0747142827315876,-0.7161845875501658,1.156815058398046,1.5481289401278928,0.06079562781611802,leave-one-disease-out standardization within region,0.7424598795242732
Epilepsy,Lingual R,1.4510461906788497,0.13854756289185938,0.8623077263557214,1.522076849912806,0.06399491292580183,leave-one-disease-out standardization within region,0.7746752617333905
Schizophrenia,Paracentral Lobule R,1.3411689780076388,-0.6186864061484223,1.2935653736572366,1.515080276627268,0.06487603790975796,leave-one-disease-out standardization within region,0.7784241351337495
Schizophrenia,Parietal Inf R,1.9061065192012858,0.14471317672189243,1.1692752942889746,1.506397467801182,0.06598258517850161,leave-one-disease-out standardization within region,0.7784241351337495
Migraine,Cerebellum 6 L,1.3005616905691517,-0.3408129158913313,1.0896829203926146,1.5062864396085909,0.06599682884829615,leave-one-disease-out standardization within region,0.7784241351337495
Alzheimer disease,ACC sup L,1.4718538669279995,-0.5715314465048336,1.3628652862576591,1.499330369653657,0.06689397374663587,leave-one-disease-out standardization within region,0.7801812367458609
Schizophrenia,Cingulate Mid L,1.5655216126562206,-0.08721383325878776,1.1044844195682224,1.4963863832149977,0.06727649795127351,leave-one-disease-out standardization within region,0.7801812367458609
Alzheimer disease,Thal AV R,1.7349151200175046,0.30731696014144083,0.9646495818782792,1.4799137289795663,0.06944813566808936,leave-one-disease-out standardization within region,0.7986535601830276
Attention deficit-hyperactivity disorder,SupraMarginal R,1.185064435378782,-0.3623443209076851,1.055636250467864,1.4658541288257643,0.07134401548008333,leave-one-disease-out standardization within region,0.8041636359384988
Alzheimer disease,Thal PuI R,1.3210548918756353,-0.4677001902650215,1.2214891441196432,1.4644052227167814,0.07154163098072625,leave-one-disease-out standardization within region,0.8041636359384988
Amyotrophic lateral sclerosis,Thal LGN R,1.6467687522852275,-0.6410655621202176,1.5667718075098596,1.4602217779509334,0.07211456594109848,leave-one-disease-out standardization within region,0.8041636359384988
Amyotrophic lateral sclerosis,Frontal Inf Tri L,1.471303380985011,0.16680887064412886,0.8939932579464596,1.4591771232563446,0.07225818177998106,leave-one-disease-out standardization within region,0.8041636359384988
Parkinson disease,Cerebellum 4 5 R,1.1477157252670376,-0.34741273132540695,1.0442922400007024,1.43171460949613,0.07611275679478997,leave-one-disease-out standardization within region,0.8093467211212676
Schizophrenia,OFCpost L,1.5790660143038915,-0.16186378033542917,1.2216122808040082,1.4251082949931724,0.07706294961600942,leave-one-disease-out standardization within region,0.8093467211212676
Major depressive disorder,Cerebellum 10 L,1.0575972669605833,-0.2985018948508705,0.9611862397275986,1.4108599413530658,0.07914295795385251,leave-one-disease-out standardization within region,0.8093467211212676
Attention deficit-hyperactivity disorder,Parietal Sup R,0.5842583789379555,-0.8185873594251585,0.9951952004532894,1.4096186735267098,0.07932615505982471,leave-one-disease-out standardization within region,0.8093467211212676
Schizophrenia,Occipital Mid R,2.2664929135803034,0.51143565348131,1.2451238143631955,1.4095443680808541,0.07933713187876018,leave-one-disease-out standardization within region,0.8093467211212676
Major depressive disorder,ParaHippocampal L,1.499690909686401,-0.26515390686986495,1.2570492893870429,1.403958326420782,0.0801656297500497,leave-one-disease-out standardization within region,0.8093467211212676
Multiple sclerosis,ACC sup R,0.5397941887896208,-0.5254093025778928,0.7595836423132738,1.4023518043694174,0.08040510891209984,leave-one-disease-out standardization within region,0.8093467211212676
Alzheimer disease,Cerebellum 8 L,0.506337596757013,-1.1680599365651885,1.1951500429483015,1.4009935766656125,0.08060799696130838,leave-one-disease-out standardization within region,0.8093467211212676
Parkinson disease,Thal MDl L,1.1800899794802888,0.26085843279568066,0.6577195933068625,1.3976040185497955,0.08111600547439773,leave-one-disease-out standardization within region,0.8093467211212676
Parkinson disease,Cerebellum 4 5 L,1.1185608459243614,-0.34293947263712876,1.0479399719806968,1.394641255833699,0.08156202381203753,leave-one-disease-out standardization within region,0.8093467211212676
Epilepsy,Calcarine L,1.3449063380167894,0.2869607675844603,0.7586173501672122,1.3945707545433015,0.08157265965305088,leave-one-disease-out standardization within region,0.8093467211212676
Schizophrenia,Parietal Sup L,1.0849103074887203,0.16639648552812936,0.659897663726857,1.391903430560984,0.08197582144197663,leave-one-disease-out standardization within region,0.8093467211212676
Schizophrenia,Temporal Mid L,1.9148406751897147,0.08617146571614943,1.3163725775934947,1.3891729747338077,0.082390078773394,leave-one-disease-out standardization within region,0.8093467211212676
Bipolar disorder,Temporal Mid L,1.9124289775782894,0.08643943211741892,1.3167909874060775,1.386696569861747,0.08276715349805852,leave-one-disease-out standardization within region,0.8093467211212676
Alzheimer disease,SN pr L,1.5428219726397392,-0.7305713332564934,1.6448502298730532,1.3821278464189952,0.08346622483562327,leave-one-disease-out standardization within region,0.8093467211212676
Parkinson disease,Thal VL R,1.8210236317945234,-0.36704314649604924,1.5881603584286526,1.3777366792201484,0.0841423011871717,leave-one-disease-out standardization within region,0.8093467211212676
Amyotrophic lateral sclerosis,Postcentral L,0.6620940703467232,-0.588625388764925,0.9078195405357992,1.3777181513117331,0.08414516247899623,leave-one-disease-out standardization within region,0.8093467211212676
Amyotrophic lateral sclerosis,Frontal Inf Orb 2 R,1.101348964850126,-0.7404801034346733,1.3375169807478255,1.377050979386449,0.08424824348392479,leave-one-disease-out standardization within region,0.8093467211212676
Alzheimer disease,Olfactory R,0.5322033124898613,-0.7182536336198376,0.9081902687065834,1.3768667086584854,0.08427673082064319,leave-one-disease-out standardization within region,0.8093467211212676
Schizophrenia,Cerebellum Crus1 R,0.4117681145548806,-0.7063258013648963,0.8221034366028217,1.360040435471328,0.08690856422902643,leave-one-disease-out standardization within region,0.8093467211212676
Amyotrophic lateral sclerosis,Frontal Inf Oper R,0.575074069911947,-0.45825487241855634,0.7628528452548866,1.354558678987747,0.08777910303061126,leave-one-disease-out standardization within region,0.8093467211212676
Epilepsy,Thal LGN R,1.5200849259190736,-0.626989581412867,1.5890257389979718,1.3511892568120831,0.08831740754959788,leave-one-disease-out standardization within region,0.8093467211212676
Multiple sclerosis,Amygdala L,2.401800867524381,0.5193748482223284,1.3943507512120727,1.3500376556370115,0.08850195225454893,leave-one-disease-out standardization within region,0.8093467211212676
Migraine,ACC sup L,1.3156545977657172,-0.5541759721534688,1.3906138828294137,1.3446080130558842,0.0893759271452349,leave-one-disease-out standardization within region,0.8093467211212676
Bipolar disorder,Cerebellum 7b R,1.1528971131461607,-0.37546674432055366,1.1393229903010638,1.3414667047689852,0.0898844864154133,leave-one-disease-out standardization within region,0.8093467211212676
Schizophrenia,Lingual L,1.4222309784763538,0.22264073145557164,0.8944061916052267,1.3412141578177466,0.08992546549037095,leave-one-disease-out standardization within region,0.8093467211212676
Bipolar disorder,Cerebellum Crus1 L,0.8884729108377634,-0.7842930071610633,1.2514124426663136,1.3367023220855623,0.09065991183351435,leave-one-disease-out standardization within region,0.8093467211212676
Amyotrophic lateral sclerosis,Rolandic Oper R,0.42424227869434483,-0.8683107047785746,0.9685809005375504,1.3344811804110204,0.0910231052700683,leave-one-disease-out standardization within region,0.8093467211212676
Attention deficit-hyperactivity disorder,SN pr R,1.5840457049923846,0.15111299245242346,1.0772021541679286,1.3302356544643303,0.09172032008437359,leave-one-disease-out standardization within region,0.8093467211212676
Schizophrenia,ACC pre R,1.5677957854643454,0.3015510916897127,0.9520389014187526,1.3300346150641982,0.09175343330572172,leave-one-disease-out standardization within region,0.8093467211212676
Schizophrenia,Caudate R,1.6936387114313831,-0.2916004910468506,1.4990610510168252,1.3243217820459212,0.09269809970331294,leave-one-disease-out standardization within region,0.8093467211212676
Parkinson disease,Temporal Inf R,1.7434500685328211,0.2318875965833232,1.142737986327378,1.3227550759973223,0.09295842062739307,leave-one-disease-out standardization within region,0.8093467211212676
Bipolar disorder,Temporal Sup L,1.48988901822858,-0.05725019549636848,1.169711187298138,1.3226677068025774,0.09297295362138475,leave-one-disease-out standardization within region,0.8093467211212676
Schizophrenia,Cingulate Post L,1.7852316998616073,0.3229509496240906,1.1058983749099651,1.3222559897120438,0.09304146125934054,leave-one-disease-out standardization within region,0.8093467211212676
Epilepsy,Heschl R,1.95904415030202,0.3793864114905458,1.1958052328273465,1.320999185692265,0.09325081786831996,leave-one-disease-out standardization within region,0.8093467211212676
Alzheimer disease,Thal PuM R,1.7502308476295518,0.4048787655761655,1.022918481772992,1.3152094776130456,0.09421975539063154,leave-one-disease-out standardization within region,0.812645390244197
Parkinson disease,OFCant R,3.0566367753650683,1.1214623667674664,1.4787279606278088,1.3086750640570861,0.09532222095417064,leave-one-disease-out standardization within region,0.8170476081786056
Migraine,Thal PuM L,1.8713844940751387,0.40317556266199106,1.1271203382823094,1.302619499929036,0.0963523485469131,leave-one-disease-out standardization within region,0.8207792653996301
Multiple sclerosis,LC L,1.602344153801331,-0.4421455215215959,1.5752992332814977,1.2978421065209693,0.09717079863673866,leave-one-disease-out standardization within region,0.8226730191331248
Amyotrophic lateral sclerosis,Cerebellum 8 L,0.3921711616973739,-1.1553747771141174,1.2142336472777693,1.274504245769326,0.10124238445963607,leave-one-disease-out standardization within region,0.8335156649883713
Multiple sclerosis,Thal MDm R,1.4921179130374307,-0.1387682124555951,1.2843068776013062,1.2698570364576915,0.10206777974212455,leave-one-disease-out standardization within region,0.8335156649883713
Schizophrenia,Caudate L,1.585609358528029,-0.2646249521506646,1.4578430770001338,1.2691587591759192,0.10219222334242306,leave-one-disease-out standardization within region,0.8335156649883713
Multiple sclerosis,SN pr R,1.5311618584245172,0.15698897540440868,1.0857811928035734,1.2656075571468361,0.10282680956941381,leave-one-disease-out standardization within region,0.8335156649883713
Schizophrenia,Precuneus L,1.2521544552648392,-0.15690562157320265,1.1146304760402501,1.2641499646086831,0.10308810293632947,leave-one-disease-out standardization within region,0.8335156649883713
Major depressive disorder,Parietal Sup L,1.0203352292518315,0.173571494221117,0.6706072200895479,1.262682103120876,0.10335172416508942,leave-one-disease-out standardization within region,0.8335156649883713
Schizophrenia,Parietal Inf L,0.9162284760918933,-0.04087798555496311,0.760942309566784,1.2577910961367778,0.10423365831922299,leave-one-disease-out standardization within region,0.8335156649883713
Amyotrophic lateral sclerosis,Precuneus L,1.241660788409565,-0.1557396585892833,1.1162805901027606,1.25183619547681,0.10531477902511932,leave-one-disease-out standardization within region,0.8335156649883713
Bipolar disorder,Lingual R,1.2679584712772158,0.15889064282537424,0.8938649226333399,1.2407555105580277,0.10734804044722446,leave-one-disease-out standardization within region,0.8335156649883713
Multiple sclerosis,Thal AV R,1.5580071881162254,0.3269733970193608,0.9946559459605113,1.2376478480788549,0.10792333224672757,leave-one-disease-out standardization within region,0.8335156649883713
Migraine,Occipital Mid L,1.2865077626862411,0.34016653553150333,0.7649547897001895,1.237120467636577,0.10802118109132175,leave-one-disease-out standardization within region,0.8335156649883713
Schizophrenia,Frontal Inf Orb 2 L,1.9430157149916525,0.8318743980767769,0.8992256955988397,1.2356645526848637,0.10829163944033532,leave-one-disease-out standardization within region,0.8335156649883713
Alzheimer disease,Frontal Inf Orb 2 R,0.9570171303549229,-0.7244432329352062,1.3610720139575185,1.235394120257483,0.10834192999897485,leave-one-disease-out standardization within region,0.8335156649883713
Amyotrophic lateral sclerosis,Paracentral Lobule R,1.065469409639263,-0.5880531207741583,1.3408345227319494,1.2332040250905612,0.10874982702203945,leave-one-disease-out standardization within region,0.8335156649883713
Multiple sclerosis,ParaHippocampal L,1.335816836842776,-0.24694567655390667,1.2840351131797525,1.2326473763456274,0.10885367654982808,leave-one-disease-out standardization within region,0.8335156649883713
Alzheimer disease,Cerebellum 7b L,0.42591143093391975,-1.1428279298595934,1.2767631477300279,1.2286847122605264,0.10959502011901545,leave-one-disease-out standardization within region,0.8335156649883713
Alzheimer disease,Frontal Sup Medial L,1.2749833554088423,0.11635668579459363,0.9431242640452152,1.2284984214537205,0.10962996079944215,leave-one-disease-out standardization within region,0.8335156649883713
Schizophrenia,Calcarine L,1.2481696693990096,0.29770928631976923,0.7744585828961906,1.227257859968273,0.10986284433986238,leave-one-disease-out standardization within region,0.8335156649883713
Amyotrophic lateral sclerosis,Cerebellum 9 L,0.4254588161560994,-0.6356738261420802,0.8656043985168013,1.225886379639952,0.11012071751398245,leave-one-disease-out standardization within region,0.8335156649883713
Epilepsy,Precentral L,0.7810114329636286,-0.8481834032495758,1.3321934472676171,1.2229416377589526,0.11067587024145975,leave-one-disease-out standardization within region,0.8335156649883713
Multiple sclerosis,Precentral L,0.7785168330623943,-0.8479062254827718,1.332574412163395,1.2205119982040753,0.1111354219984495,leave-one-disease-out standardization within region,0.8335156649883713
Bipolar disorder,Cingulate Mid R,0.524813159806459,-0.6557519218769428,0.9746234264245802,1.21130382225094,0.1128894921949084,leave-one-disease-out standardization within region,0.8395308984389791
Epilepsy,Occipital Mid L,1.267515896062742,0.3422767429341143,0.767853456660155,1.2049684026337986,0.11410775005150758,leave-one-disease-out standardization within region,0.8395308984389791
Alzheimer disease,ACC pre R,1.4722222179795295,0.3121703769658034,0.9671423353185128,1.1994634074535486,0.11517390256101229,leave-one-disease-out standardization within region,0.8395308984389791
Schizophrenia,Precuneus R,1.3843824552020638,0.2960721870543572,0.9086909683749957,1.1976681908635258,0.11552310873164207,leave-one-disease-out standardization within region,0.8395308984389791
Parkinson disease,Frontal Sup 2 R,2.093181760563216,0.5033619009257119,1.3298665516863892,1.1954732282133655,0.11595109500843614,leave-one-disease-out standardization within region,0.8395308984389791
Epilepsy,Thal IL L,1.76930992055107,0.302566992988257,1.2269778869618961,1.1954110527571087,0.11596323470558983,leave-one-disease-out standardization within region,0.8395308984389791
Amyotrophic lateral sclerosis,Parietal Sup L,0.9848681269096318,0.1775122833702503,0.6760528065052714,1.1942200901625666,0.11619594318974275,leave-one-disease-out standardization within region,0.8395308984389791
Epilepsy,Thal VA L,1.0917541145051761,-0.6617402395728521,1.4746440833984673,1.189096659878038,0.11720081630192086,leave-one-disease-out standardization within region,0.8423808671700562
Major depressive disorder,ParaHippocampal R,0.917993581758843,-0.3454402254692138,1.0680302945275817,1.182956900849809,0.118413114431418,leave-one-disease-out standardization within region,0.8433493167719307
Epilepsy,Thal VPL R,0.9117682254104106,-0.8385762954409406,1.4805484754291938,1.182227093472199,0.11855780250272069,leave-one-disease-out standardization within region,0.8433493167719307
Attention deficit-hyperactivity disorder,Temporal Mid L,1.696352082604696,0.11044797600337374,1.351329873792327,1.1735876911761702,0.12028010690184016,leave-one-disease-out standardization within region,0.8456548988617262
Alzheimer disease,Thal MDm L,1.9383152294688397,1.1948134537332014,0.6335668262029821,1.173517528042788,0.12029416602627124,leave-one-disease-out standardization within region,0.8456548988617262
Epilepsy,Paracentral Lobule R,1.0010805212556553,-0.5808987998426463,1.3505104639718857,1.1713936050859317,0.12072030077953627,leave-one-disease-out standardization within region,0.8456548988617262
Amyotrophic lateral sclerosis,Heschl L,1.3696450277868288,0.4958274069738933,0.7496783615090081,1.1655900259066445,0.12189012119411752,leave-one-disease-out standardization within region,0.8495372083226372
Major depressive disorder,Hippocampus L,2.4531583266602444,0.5590207523482057,1.6309680948976997,1.1613578341830444,0.12274820452208596,leave-one-disease-out standardization within region,0.8512187047260232
Migraine,ParaHippocampal L,1.2553206696763541,-0.2380016579798598,1.2960315589623874,1.1522268245163558,0.12461393876444049,leave-one-disease-out standardization within region,0.8539984840827956
Epilepsy,Occipital Sup L,1.1001527083877916,-0.10971360569232809,1.0508644998444123,1.1513057242482247,0.12480324151760469,leave-one-disease-out standardization within region,0.8539984840827956
Multiple sclerosis,Supp Motor Area R,0.1549141343658609,-1.1778764916308462,1.1634820715261072,1.1455188340362843,0.12599714906522536,leave-one-disease-out standardization within region,0.8539984840827956
Schizophrenia,Heschl L,1.3577747113682146,0.497146331020406,0.7513928390465457,1.145377405299568,0.1260264269291314,leave-one-disease-out standardization within region,0.8539984840827956
Migraine,Thal VL L,0.973480152308941,-0.18839657035801677,1.0153329834483342,1.1443307186977447,0.1262432541687611,leave-one-disease-out standardization within region,0.8539984840827956
Amyotrophic lateral sclerosis,Parietal Inf R,1.5698335818474356,0.18207683642787578,1.2245719487285374,1.13325864344717,0.1285528268376337,leave-one-disease-out standardization within region,0.8590567685548169
Amyotrophic lateral sclerosis,Calcarine R,1.4801110668597073,0.5471151578517295,0.8321869858318067,1.1211373464046763,0.13111470194692743,leave-one-disease-out standardization within region,0.8590567685548169
Epilepsy,Cuneus L,1.4947581156673062,0.08636199009761712,1.2615420060068283,1.1164084262463043,0.13212367415383225,leave-one-disease-out standardization within region,0.8590567685548169
Migraine,Cerebellum 4 5 L,0.8917507707338082,-0.31773835317151167,1.0834685502633603,1.116312165785825,0.1321442679311704,leave-one-disease-out standardization within region,0.8590567685548169
Amyotrophic lateral sclerosis,Cerebellum 7b L,0.31298468073506003,-1.1302805131708311,1.2933062750736133,1.115950043483507,0.13222175950093762,leave-one-disease-out standardization within region,0.8590567685548169
Multiple sclerosis,ACC sup L,1.067070565340584,-0.5265555241062319,1.4287851391767268,1.1153714059239666,0.13234564879150984,leave-one-disease-out standardization within region,0.8590567685548169
Amyotrophic lateral sclerosis,Thal VL L,0.9486224321003993,-0.18563460144595656,1.0188403449938868,1.113282408887294,0.13279357953295728,leave-one-disease-out standardization within region,0.8590567685548169
Alzheimer disease,Insula R,0.71056563151193,-0.36149893265286415,0.9635018106140838,1.1126751941249786,0.1329239764624084,leave-one-disease-out standardization within region,0.8590567685548169
Alzheimer disease,Thal VPL L,0.7596484951269777,-0.6455945959133418,1.263196146758611,1.112450425570252,0.1329722669545636,leave-one-disease-out standardization within region,0.8590567685548169
Amyotrophic lateral sclerosis,Red N R,0.9922317082945707,-0.47614734387854746,1.3321625170509024,1.102252190238596,0.13517602407592028,leave-one-disease-out standardization within region,0.8590567685548169
Migraine,Heschl R,1.754261618632514,0.4021400261204909,1.226783315862202,1.1021682272893738,0.13519427112578208,leave-one-disease-out standardization within region,0.8590567685548169
Epilepsy,Thal PuI L,0.9896718622897627,-0.25283360682012046,1.1276275096997845,1.101875804218969,0.1352578344620835,leave-one-disease-out standardization within region,0.8590567685548169
Major depressive disorder,Frontal Mid 2 L,0.9373181490514968,0.18156439762960094,0.6868028212220179,1.1003940695485126,0.1355802306436124,leave-one-disease-out standardization within region,0.8590567685548169
Major depressive disorder,Temporal Inf R,1.5409178958059988,0.2543911713307479,1.1733234809505733,1.0964808472365741,0.13643420025378167,leave-one-disease-out standardization within region,0.8590567685548169
Bipolar disorder,OFCpost R,0.682637578541289,-0.17317617982882602,0.7875453906232163,1.0866849943631507,0.13858802392889696,leave-one-disease-out standardization within region,0.8590567685548169
Schizophrenia,Occipital Inf R,1.4795639875178486,0.3985856469672174,0.9994372237206894,1.0815870320762937,0.13971803464662091,leave-one-disease-out standardization within region,0.8590567685548169
Schizophrenia,SupraMarginal R,0.8679380397763512,-0.3271080547296372,1.1059299236586502,1.0805803052624918,0.13994192357945257,leave-one-disease-out standardization within region,0.8590567685548169
Migraine,Thal IL L,1.6578987531376395,0.31494601158974933,1.2428208516978583,1.0805682409602626,0.1399446080726317,leave-one-disease-out standardization within region,0.8590567685548169
Epilepsy,Pallidum L,0.7114485900935413,-0.3015034584072079,0.9380829797830693,1.079810710066388,0.14011324046283413,leave-one-disease-out standardization within region,0.8590567685548169
Major depressive disorder,Angular R,0.963635457994977,0.02083815958937306,0.878011471098033,1.0737869941796436,0.1414590801887768,leave-one-disease-out standardization within region,0.8590567685548169
Epilepsy,Thal LGN L,0.8895849020246832,-0.303439682723685,1.1175479853773151,1.0675376810290345,0.1428645538144634,leave-one-disease-out standardization within region,0.8590567685548169
Bipolar disorder,Insula R,0.6721157977771486,-0.3572267289045551,0.9687288491694336,1.0625703235371167,0.1439884255132447,leave-one-disease-out standardization within region,0.8590567685548169
Amyotrophic lateral sclerosis,Parietal Sup R,0.3111577949074198,-0.7882428500884324,1.0372242311046904,1.0599450070935397,0.14458480924472733,leave-one-disease-out standardization within region,0.8590567685548169
Amyotrophic lateral sclerosis,Pallidum L,0.6955155563778436,-0.29973312132768587,0.9402123527126726,1.0585360581937342,0.14490556035601226,leave-one-disease-out standardization within region,0.8590567685548169
Migraine,N Acc L,1.1724305515407836,0.14341293324146265,0.977610479877692,1.0525844796877182,0.14626573672466087,leave-one-disease-out standardization within region,0.8590567685548169
Alzheimer disease,Insula L,0.7445006049852222,-0.32636443216998834,1.0179380723714713,1.051994287491808,0.14640108526539503,leave-one-disease-out standardization within region,0.8590567685548169
Epilepsy,Raphe D,1.326060321913459,-0.008215324594013603,1.272893906052968,1.0482221968088754,0.14726812304603815,leave-one-disease-out standardization within region,0.8590567685548169
Multiple sclerosis,Insula R,0.6540002947389895,-0.35521389523364855,0.9711085254812598,1.0392393470879004,0.14934671761629648,leave-one-disease-out standardization within region,0.8590567685548169
Amyotrophic lateral sclerosis,Occipital Mid L,1.1662067536838598,0.3535333143095457,0.782053217619773,1.0391536292731276,0.14936664624794438,leave-one-disease-out standardization within region,0.8590567685548169
Alzheimer disease,Thal PuA R,0.9185067352420059,-0.35440473310105375,1.225817496476175,1.0384184203621374,0.1495376487105094,leave-one-disease-out standardization within region,0.8590567685548169
Major depressive disorder,Thal LGN L,0.8599705475859771,-0.30014919889716213,1.1214385207869004,1.0344925067038866,0.1504529890325934,leave-one-disease-out standardization within region,0.8590567685548169
Multiple sclerosis,Thal VL R,1.3905641215335052,-0.31921431202260275,1.6528721643565856,1.034428717735515,0.15046789240246944,leave-one-disease-out standardization within region,0.8590567685548169
Amyotrophic lateral sclerosis,Frontal Inf Tri R,1.0842662129480318,-0.3399676799831328,1.3786226497285305,1.0330846466301824,0.1507821438514641,leave-one-disease-out standardization within region,0.8590567685548169
Alzheimer disease,Thal MDm R,1.2496687932229047,-0.11182942136509218,1.3191405438879298,1.0321100514242594,0.15101028283911466,leave-one-disease-out standardization within region,0.8590567685548169
Attention deficit-hyperactivity disorder,Frontal Med Orb R,1.5533950855497531,0.30940967245274914,1.213915425614174,1.0247710728839419,0.1527356092750704,leave-one-disease-out standardization within region,0.8590567685548169
Amyotrophic lateral sclerosis,SN pr L,1.072662755232694,-0.6783314202112662,1.7152390904214019,1.0208455399729572,0.15366381229011133,leave-one-disease-out standardization within region,0.8590567685548169
Bipolar disorder,OFCmed L,1.2460594741428928,0.12300658862014016,1.1008704204587765,1.0201499328637895,0.15382867921872112,leave-one-disease-out standardization within region,0.8590567685548169
Parkinson disease,Thal MDm R,1.2361149000925629,-0.11032343323949867,1.3208783667888295,1.019350734470253,0.15401824295621647,leave-one-disease-out standardization within region,0.8590567685548169
Epilepsy,Temporal Sup R,1.5569771992458967,0.49274522500454065,1.0525868686763005,1.0110633201986454,0.15599306227789023,leave-one-disease-out standardization within region,0.8590567685548169
Attention deficit-hyperactivity disorder,Fusiform R,0.5885454776648082,-0.576166914328986,1.1525178647956167,1.0105807706506484,0.15610856157784025,leave-one-disease-out standardization within region,0.8590567685548169
Attention deficit-hyperactivity disorder,N Acc R,1.1599625621744427,-0.035403151188465674,1.1850316388426947,1.0087205051590908,0.15655434746280839,leave-one-disease-out standardization within region,0.8590567685548169
Multiple sclerosis,Temporal Pole Mid L,0.6659634671140398,-0.5607933918647833,1.216237252015274,1.0086493050152168,0.15657142619037318,leave-one-disease-out standardization within region,0.8590567685548169
Alzheimer disease,Supp Motor Area L,0.4320170124727819,-0.33689341441762344,0.764209438640087,1.0061514396612057,0.1571713637024656,leave-one-disease-out standardization within region,0.8590567685548169
Bipolar disorder,Cerebellum 4 5 R,0.7953620373382844,-0.30826232155554545,1.0977277895018702,1.005371613480456,0.157358971648621,leave-one-disease-out standardization within region,0.8590567685548169
Migraine,Thal AV L,1.7721386763804647,0.8183917157460179,0.954540256851757,0.9991689232469602,0.15885643373871833,leave-one-disease-out standardization within region,0.8590567685548169
Bipolar disorder,Paracentral Lobule R,0.808968028086053,-0.559552967268246,1.3764926479222415,0.9942087212888675,0.16006063153144245,leave-one-disease-out standardization within region,0.8590567685548169
Attention deficit-hyperactivity disorder,Angular L,1.7618075002057583,0.8365661344720229,0.9320401481434106,0.992705483317196,0.1604267509889743,leave-one-disease-out standardization within region,0.8590567685548169
Multiple sclerosis,Thal MDm L,1.8456189293312557,1.2051130426373775,0.6460986549851192,0.9913437858938589,0.1607588696552597,leave-one-disease-out standardization within region,0.8590567685548169
Bipolar disorder,Caudate L,1.2599144520444587,-0.22843662920804567,1.5037375001255284,0.9897678824450813,0.161143793319382,leave-one-disease-out standardization within region,0.8590567685548169
Amyotrophic lateral sclerosis,Precentral L,0.5291740883431681,-0.8202014760695246,1.3669322545393823,0.9871561373518064,0.1617830504589502,leave-one-disease-out standardization within region,0.8590567685548169
Migraine,Cerebellum 4 5 R,0.7727894920254791,-0.3057542609652338,1.1005287074483205,0.9800232794394053,0.16353731380665154,leave-one-disease-out standardization within region,0.8590567685548169
Amyotrophic lateral sclerosis,Cingulate Post L,1.4766909201674396,0.3572332584789982,1.150035940069376,0.973411023677147,0.16517453112992025,leave-one-disease-out standardization within region,0.8590567685548169
Attention deficit-hyperactivity disorder,Frontal Med Orb L,1.0059854257486962,0.020809100588186177,1.0136585721221678,0.9719015379093296,0.16554976731781162,leave-one-disease-out standardization within region,0.8590567685548169
Major depressive disorder,OFClat R,0.9523607665893271,0.40032091466030645,0.5694556433719392,0.9694167725868975,0.16616864357835226,leave-one-disease-out standardization within region,0.8590567685548169
Alzheimer disease,Pallidum R,0.32298249286396247,-0.8265908361735507,1.1858870467004468,0.9693784346797859,0.166178204027982,leave-one-disease-out standardization within region,0.8590567685548169
Alzheimer disease,Cerebellum 10 L,0.7189137902696483,-0.2608703974407666,1.0113207326000726,0.9688164754532638,0.16631838241771602,leave-one-disease-out standardization within region,0.8590567685548169
Schizophrenia,Frontal Med Orb R,1.4919698437544255,0.3162346993188967,1.2215439617895405,0.9624992478478609,0.16789944041826915,leave-one-disease-out standardization within region,0.8590567685548169
Attention deficit-hyperactivity disorder,Insula R,0.593066662206295,-0.3484434916189047,0.978728694942874,0.961972565727373,0.16803169248200228,leave-one-disease-out standardization within region,0.8590567685548169
Amyotrophic lateral sclerosis,Calcarine L,1.0817898073742775,0.3161959376558506,0.7971673007264565,0.9603929677255243,0.16842873801539454,leave-one-disease-out standardization within region,0.8590567685548169
Multiple sclerosis,Red N R,0.8385200277379785,-0.45906826826114844,1.351962336020099,0.9597813943685457,0.16858262410922037,leave-one-disease-out standardization within region,0.8590567685548169
Attention deficit-hyperactivity disorder,Temporal Inf L,0.7619987733185557,0.03226355088378408,0.7603924992322999,0.9596822998274178,0.1686075671090015,leave-one-disease-out standardization within region,0.8590567685548169
Major depressive disorder,Thal MGN L,1.2129021260791961,-0.008002175276322484,1.2739029569397804,0.9583966303747522,0.1689313968704128,leave-one-disease-out standardization within region,0.8590567685548169
Bipolar disorder,SupraMarginal R,0.7572160785336354,-0.31480561459155765,1.1200257898853117,0.9571401862406811,0.16924825121701098,leave-one-disease-out standardization within region,0.8590567685548169
Major depressive disorder,Frontal Med Orb L,0.9934711329371569,0.02219957756724606,1.015167053268912,0.9567603206214637,0.16934412208195093,leave-one-disease-out standardization within region,0.8590567685548169
Amyotrophic lateral sclerosis,Thal VL R,1.279330810084459,-0.30685505519493095,1.6666775391859658,0.9517053107070192,0.17062322764155013,leave-one-disease-out standardization within region,0.8590567685548169
Amyotrophic lateral sclerosis,Heschl R,1.6040800326738256,0.4188268690047896,1.2460460162890097,0.9512113904099403,0.17074853870223572,leave-one-disease-out standardization within region,0.8590567685548169
Attention deficit-hyperactivity disorder,Cingulate Post L,1.4535805401147048,0.35980107848485754,1.1528123252874216,0.9487923035149228,0.17136312854332014,leave-one-disease-out standardization within region,0.8590567685548169
Amyotrophic lateral sclerosis,Thal LGN L,0.7812899268550137,-0.2914069077048328,1.1311871110592477,0.9482930136601092,0.17149015325867967,leave-one-disease-out standardization within region,0.8590567685548169
Bipolar disorder,Thal PuI L,0.843971285501277,-0.2366446538436221,1.1462346255356841,0.9427528319866287,0.1729036715319226,leave-one-disease-out standardization within region,0.8590567685548169
Alzheimer disease,Precentral L,0.47887631756390037,-0.8146128348718281,1.3729967457959251,0.942091928765566,0.1730727882150616,leave-one-disease-out standardization within region,0.8590567685548169
Epilepsy,Rolandic Oper R,0.11653487068678792,-0.8341209927777349,1.0121415209223337,0.9392519166669688,0.17380070969578,leave-one-disease-out standardization within region,0.8590567685548169
Migraine,Frontal Sup 2 R,1.8149575124084179,0.534275706276245,1.3668853065519,0.9369343572525601,0.17439616242611583,leave-one-disease-out standardization within region,0.8590567685548169
Schizophrenia,Cuneus L,1.3107813876023044,0.10680384877150617,1.2851323775499472,0.9368509889433589,0.17441760644524168,leave-one-disease-out standardization within region,0.8590567685548169
Alzheimer disease,Temporal Pole Sup L,0.7412147348863719,-0.13610125855147814,0.9372507808629293,0.9360525606925638,0.1746230632074421,leave-one-disease-out standardization within region,0.8590567685548169
Bipolar disorder,Thal AV L,1.7203508726724044,0.8241459161580246,0.9607927561628209,0.9327765543254203,0.17546767450274497,leave-one-disease-out standardization within region,0.8590567685548169
Bipolar disorder,Caudate R,1.218735815194523,-0.23883350257608837,1.5657455099273183,0.9309107441338097,0.17594986815967922,leave-one-disease-out standardization within region,0.8590567685548169
Alzheimer disease,Fusiform R,0.5119942600443765,-0.5676612234822714,1.161797557830303,0.929297429014175,0.17636748362417876,leave-one-disease-out standardization within region,0.8590567685548169
Epilepsy,Parietal Sup L,0.839088915849962,0.19370997348799138,0.6953558179483427,0.9281276228710799,0.17667068624737564,leave-one-disease-out standardization within region,0.8590567685548169
Parkinson disease,Rectus L,1.3489755488370208,0.1741081138770898,1.266950041268395,0.9273194654019062,0.17688034535253416,leave-one-disease-out standardization within region,0.8590567685548169
Amyotrophic lateral sclerosis,Thal IL L,1.494520008757304,0.3330992054097866,1.2632295298432636,0.9194059954342754,0.17894162727748075,leave-one-disease-out standardization within region,0.8590567685548169
Parkinson disease,SupraMarginal L,1.36971166545263,0.22158342941784764,1.2518155633436638,0.9171704439974151,0.17952666598482148,leave-one-disease-out standardization within region,0.8590567685548169
Attention deficit-hyperactivity disorder,Thal AV R,1.2995761881022476,0.35568795257646935,1.0293681849178962,0.9169588193568117,0.1795821098926177,leave-one-disease-out standardization within region,0.8590567685548169
Migraine,Rectus L,1.3364316401345395,0.17550188151069882,1.2683946193566757,0.9152749001826098,0.18002366622044835,leave-one-disease-out standardization within region,0.8590567685548169
Alzheimer disease,Olfactory L,0.689003425558589,-0.5019544933801101,1.3085319442076246,0.9101481428945,0.18137219401509458,leave-one-disease-out standardization within region,0.8590567685548169
Parkinson disease,Thal PuI L,0.8126581501498562,-0.23316541658235307,1.1498595578529276,0.9095228713713706,0.1815370953181078,leave-one-disease-out standardization within region,0.8590567685548169
Epilepsy,Thal PuI R,0.7751612563905207,-0.40704534187778657,1.3018311577458173,0.9081105420117263,0.18190991064599377,leave-one-disease-out standardization within region,0.8590567685548169
Amyotrophic lateral sclerosis,LC L,1.1034018750253949,-0.3867074905464919,1.6437800299554033,0.9065138512555809,0.18233196842676214,leave-one-disease-out standardization within region,0.8590567685548169
Major depressive disorder,Hippocampus R,1.4466108221065435,0.38605984194805804,1.1701857490411056,0.9063099435517318,0.18238591195154624,leave-one-disease-out standardization within region,0.8590567685548169
Alzheimer disease,Cerebellum Crus2 L,0.24100492882164556,-0.9315608931215095,1.2938234590940636,0.9062796115663158,0.18239393709171114,leave-one-disease-out standardization within region,0.8590567685548169
Migraine,OFCant R,2.566289608017028,1.175945385361693,1.5461140681211816,0.8992507417934977,0.18425955911998732,leave-one-disease-out standardization within region,0.8608369753483224
Multiple sclerosis,Supp Motor Area L,0.3635820015379175,-0.3292895243137497,0.7723475248206815,0.8970981372828681,0.18483327629923868,leave-one-disease-out standardization within region,0.8608369753483224
Migraine,Temporal Pole Sup R,0.19625687598784294,-0.8052561240190603,1.120612078504854,0.8937196191416611,0.1857359627978346,leave-one-disease-out standardization within region,0.8608369753483224
Alzheimer disease,ParaHippocampal L,0.981475436107743,-0.20757440980556963,1.330983529622028,0.8933618030953232,0.18583172547154397,leave-one-disease-out standardization within region,0.8608369753483224
Bipolar disorder,Insula L,0.6119160307141731,-0.3116328128065384,1.0340461709201179,0.8931408185564061,0.18589088308246382,leave-one-disease-out standardization within region,0.8608369753483224
Bipolar disorder,Thal PuI R,0.7537321154998818,-0.40466432622327114,1.3042369425518294,0.8881794434197443,0.18722211726389415,leave-one-disease-out standardization within region,0.8641020796795115
Epilepsy,Thal PuM R,1.3858952121526993,0.4453605028513713,1.07259776824647,0.8768755046348413,0.19027713118119072,leave-one-disease-out standardization within region,0.8752748034334773
Alzheimer disease,SN pc L,1.5329039341468456,0.005294614105865896,1.7538843119467358,0.8709863641721041,0.19188079923934287,leave-one-disease-out standardization within region,0.8797192789046284
Attention deficit-hyperactivity disorder,Frontal Sup Medial L,0.9944302773163318,0.1475292500270948,0.9797017395623966,0.8644478141556861,0.19367096815936102,leave-one-disease-out standardization within region,0.8821824021698871
Parkinson disease,Rolandic Oper L,1.0100565718647734,-0.10409509133073064,1.2889984079123777,0.8643545689090104,0.19369657091121434,leave-one-disease-out standardization within region,0.8821824021698871
Amyotrophic lateral sclerosis,Frontal Sup 2 L,0.8631793177367802,0.2761470440092429,0.6814460973628563,0.861450782386614,0.19449490863837843,leave-one-disease-out standardization within region,0.8829045194768494
Bipolar disorder,Putamen R,1.6003726100433115,-0.10823556082570265,1.9890764029048864,0.8589957471586959,0.1951714311735377,leave-one-disease-out standardization within region,0.8830707377687934
Schizophrenia,Cerebellum 4 5 L,0.6576991113504815,-0.29173261324003097,1.112234901130715,0.8536251862131872,0.19665634939460913,leave-one-disease-out standardization within region,0.8843034615095258
Major depressive disorder,Frontal Med Orb R,1.3778349738746716,0.3289163515277582,1.2344668774857384,0.8496936138807267,0.19774772492322817,leave-one-disease-out standardization within region,0.8843034615095258
Amyotrophic lateral sclerosis,Thal PuI R,0.7116143664342581,-0.3999845763270907,1.3088104864016503,0.849320015625409,0.1978516231246661,leave-one-disease-out standardization within region,0.8843034615095258
Bipolar disorder,Frontal Med Orb L,0.9026262772303199,0.03229345042356129,1.0254153702713238,0.8487612454809113,0.19800707942495904,leave-one-disease-out standardization within region,0.8843034615095258
Parkinson disease,Red N R,0.7084836767955194,-0.4446197848230974,1.366615174325821,0.8437660310536697,0.19940008046097224,leave-one-disease-out standardization within region,0.885364805886056
Attention deficit-hyperactivity disorder,Frontal Mid 2 R,0.46152069956959496,-0.2271698625853709,0.8166528283447858,0.8433088556747211,0.19952786567432135,leave-one-disease-out standardization within region,0.885364805886056
Amyotrophic lateral sclerosis,Frontal Sup 2 R,1.704342101431118,0.546566307495945,1.3791634475163748,0.8394768553503349,0.2006008858475118,leave-one-disease-out standardization within region,0.8872731489409176
Major depressive disorder,Temporal Mid R,0.9117386532667675,-0.28936156687508263,1.4429833602164628,0.8323728833308739,0.20259925156800812,leave-one-disease-out standardization within region,0.8893820124771777
Epilepsy,LC L,1.001435540926578,-0.37537789786884557,1.6548576941669004,0.8319829817684404,0.20270927525868387,leave-one-disease-out standardization within region,0.8893820124771777
Alzheimer disease,Frontal Mid 2 L,0.7845141729057815,0.19854261720134714,0.7052132553111521,0.8309139842328882,0.2030111115437036,leave-one-disease-out standardization within region,0.8893820124771777
Bipolar disorder,Temporal Mid R,0.9024457336493219,-0.28832902025092205,1.4439457800053255,0.8246672211582988,0.20478027309687613,leave-one-disease-out standardization within region,0.8942935977015477
Major depressive disorder,Temporal Inf L,0.6726885356083521,0.04218691062936228,0.7703130126200847,0.8185005506196098,0.20653571387738806,leave-one-disease-out standardization within region,0.8945473396297619
Multiple sclerosis,Raphe M,0.48468193091221,-0.3332732745979948,1.005910027215708,0.8131494700119954,0.2080661830961345,leave-one-disease-out standardization within region,0.8945473396297619
Amyotrophic lateral sclerosis,Postcentral R,0.2601440954555727,-0.5252383161060572,0.9686459508627651,0.8108044129664674,0.20873899992330947,leave-one-disease-out standardization within region,0.8945473396297619
Multiple sclerosis,Parietal Inf L,0.6360731853952445,-0.009749619922002135,0.7969735490170883,0.8103440899810833,0.20887122089361237,leave-one-disease-out standardization within region,0.8945473396297619
Migraine,Pallidum R,0.16555771799251062,-0.8090991945211671,1.2033822734176467,0.8099312529721905,0.20898984417920008,leave-one-disease-out standardization within region,0.8945473396297619
Attention deficit-hyperactivity disorder,LC R,0.3479161881981147,-0.3025599779860182,0.803555931307067,0.8094970627944542,0.20911464581846956,leave-one-disease-out standardization within region,0.8945473396297619
Bipolar disorder,Olfactory R,0.10716469908734258,-0.6710271210195577,0.9657076791180215,0.8058254448360824,0.21017175219994766,leave-one-disease-out standardization within region,0.8945473396297619
Schizophrenia,Temporal Sup R,1.3771891949872426,0.5127216699221689,1.0729789118776523,0.8056705639743696,0.210216413293416,leave-one-disease-out standardization within region,0.8945473396297619
Attention deficit-hyperactivity disorder,Thal AV L,1.6166782800946617,0.835665093111107,0.9720380210937262,0.80348008003305,0.21084865290090538,leave-one-disease-out standardization within region,0.8945473396297619
Epilepsy,Calcarine R,1.2585266900423429,0.5717356441647701,0.8587200444613652,0.7997845750862431,0.2119178107385825,leave-one-disease-out standardization within region,0.8945473396297619
Amyotrophic lateral sclerosis,Thal MGN L,1.0441818142893824,0.010744526033656844,1.292429067951085,0.7996085153779893,0.21196882612966095,leave-one-disease-out standardization within region,0.8945473396297619
Parkinson disease,Frontal Sup Medial L,0.9336302932923506,0.15428480380753712,0.9859893350241932,0.7904197964430222,0.21464132234351657,leave-one-disease-out standardization within region,0.8959194691444318
Epilepsy,Cerebellum 4 5 L,0.59698062041937,-0.2849861142476853,1.1184661121981798,0.7885502520355131,0.21518745841398124,leave-one-disease-out standardization within region,0.8959194691444318
Parkinson disease,Temporal Pole Mid L,0.4397646638255156,-0.5356601914993916,1.241571347824839,0.7856373755997149,0.21603998068593117,leave-one-disease-out standardization within region,0.8959194691444318
Migraine,Occipital Mid R,1.626157756142481,0.5825840043077347,1.33204393388468,0.7834379372092786,0.21668499277013425,leave-one-disease-out standardization within region,0.8959194691444318
Major depressive disorder,Precuneus L,0.809006207018462,-0.10766692732360515,1.1709960174657195,0.7828149034408672,0.2168679072436322,leave-one-disease-out standardization within region,0.8959194691444318
Parkinson disease,Cerebellum Crus1 L,0.3152275042548133,-0.7205990730962911,1.326694813226885,0.7807572374777667,0.21747264461085847,leave-one-disease-out standardization within region,0.8959194691444318
Migraine,Frontal Med Orb R,1.305335224128232,0.3369718792773626,1.2418494378680207,0.7797751605970318,0.21776161475509587,leave-one-disease-out standardization within region,0.8959194691444318
Major depressive disorder,Temporal Pole Sup R,0.0824892865006335,-0.7926152807427036,1.1324569363193884,0.7727486486925716,0.21983557467940418,leave-one-disease-out standardization within region,0.8959194691444318
Attention deficit-hyperactivity disorder,Frontal Inf Tri L,0.9633815952921893,0.22324462460999792,0.9638662014871928,0.7678835190405063,0.22127819481161537,leave-one-disease-out standardization within region,0.8959194691444318
Attention deficit-hyperactivity disorder,Fusiform L,0.8249323054052952,0.15360629269137607,0.8750764054631445,0.7671627397594064,0.22149238161395485,leave-one-disease-out standardization within region,0.8959194691444318
Parkinson disease,Temporal Pole Sup R,0.076734121609393,-0.7919758179770102,1.1330106818213204,0.7667270516725823,0.22162190815588706,leave-one-disease-out standardization within region,0.8959194691444318
Parkinson disease,Supp Motor Area R,-0.21500136737526918,-1.136774769215165,1.2074519881586459,0.7634037716444465,0.2226113156452792,leave-one-disease-out standardization within region,0.8959194691444318
Bipolar disorder,Frontal Inf Oper L,0.8222641134494008,-0.07729558374419909,1.1787546977161922,0.7631441036345172,0.22268872997050432,leave-one-disease-out standardization within region,0.8959194691444318
Major depressive disorder,OFCpost R,0.4701107457357396,-0.14956208729487608,0.8120500623770409,0.763096835700872,0.22270282351945025,leave-one-disease-out standardization within region,0.8959194691444318
Schizophrenia,Rolandic Oper R,-0.03385676962920975,-0.8174108105204019,1.02812051452931,0.7621227568345095,0.22299337096059907,leave-one-disease-out standardization within region,0.8959194691444318
Multiple sclerosis,Temporal Pole Sup L,0.6019945516831047,-0.12063234930667067,0.9519884815940755,0.7590710549141927,0.22390502647863048,leave-one-disease-out standardization within region,0.8959194691444318
Multiple sclerosis,Pallidum R,0.11331506315094618,-0.8032944550943265,1.2085029968499337,0.7584668971731917,0.22408576143077769,leave-one-disease-out standardization within region,0.8959194691444318
Migraine,Frontal Sup Medial R,1.3975583194578158,0.27770969719947153,1.4843649776495085,0.7544294288266113,0.22529570305408642,leave-one-disease-out standardization within region,0.8959194691444318
Migraine,Thal AV R,1.1586038498884097,0.3713515457113403,1.0440805650564033,0.7540149012682181,0.22542013704537112,leave-one-disease-out standardization within region,0.8959194691444318
Amyotrophic lateral sclerosis,Precuneus R,1.0422656048982022,0.334085170421453,0.950023943700391,0.7454343010749295,0.22800460714952114,leave-one-disease-out standardization within region,0.8959194691444318
Parkinson disease,Thal LGN R,0.7194470020124043,-0.5380298120899037,1.6928465411626668,0.7428179598835097,0.22879595024235255,leave-one-disease-out standardization within region,0.8959194691444318
Parkinson disease,Frontal Med Orb L,0.8105699805681063,0.04252192783047391,1.0345673448960708,0.7423857485225265,0.22892682586627577,leave-one-disease-out standardization within region,0.8959194691444318
Parkinson disease,Temporal Inf L,0.6229489796876901,0.047713527953880265,0.775163686427536,0.7420825585688529,0.22901865826977402,leave-one-disease-out standardization within region,0.8959194691444318
Migraine,Raphe D,0.997311057041948,0.028312371502820968,1.3095452890217276,0.739950495536508,0.22966501656360944,leave-one-disease-out standardization within region,0.8959194691444318
Parkinson disease,Thal PuM L,1.3432026599858418,0.4618624331163574,1.1939530580942928,0.7381699145494213,0.23020560130103096,leave-one-disease-out standardization within region,0.8959194691444318
Alzheimer disease,Thal LGN R,0.7121919880015637,-0.5372236994220327,1.6935178931603243,0.737763499558912,0.23032908866255336,leave-one-disease-out standardization within region,0.8959194691444318
Bipolar disorder,Precuneus L,0.7638376868178204,-0.10264820285686721,1.1752869882374402,0.7372547287145101,0.23048372858337368,leave-one-disease-out standardization within region,0.8959194691444318
Schizophrenia,Supp Motor Area L,0.2585754541521451,-0.31762213015977486,0.7830570029079363,0.7358309576086677,0.2309167893630933,leave-one-disease-out standardization within region,0.8959194691444318
Schizophrenia,Frontal Med Orb L,0.7964453952083272,0.04409132620378269,1.0358638773116007,0.7263059225089932,0.23382562472244828,leave-one-disease-out standardization within region,0.8959194691444318
Major depressive disorder,Cuneus L,1.081653823124384,0.13226246704683067,1.308907845922045,0.7253309383356669,0.2341245149844967,leave-one-disease-out standardization within region,0.8959194691444318
Bipolar disorder,Putamen L,0.9501983645831127,-0.26662550107874483,1.6837058589453262,0.7227057262983431,0.23493034837152216,leave-one-disease-out standardization within region,0.8959194691444318
Attention deficit-hyperactivity disorder,Frontal Sup 2 L,0.7815998769840766,0.2852114263150988,0.6895048155818689,0.719920208606634,0.23578706236585606,leave-one-disease-out standardization within region,0.8959194691444318
Epilepsy,Thal PuM L,1.3174681049164632,0.46472182812406604,1.196286816783775,0.7128276136027404,0.2379762180535554,leave-one-disease-out standardization within region,0.8959194691444318
Major depressive disorder,OFCmed L,0.9600362715340013,0.15478694446557256,1.1317500074868458,0.7115081261245655,0.23838470851330618,leave-one-disease-out standardization within region,0.8959194691444318
Schizophrenia,Fusiform L,0.7830719053396886,0.15825744825422128,0.878943021602752,0.7108702631782873,0.23858231742138042,leave-one-disease-out standardization within region,0.8959194691444318
Migraine,ACC sup R,0.10334421724071151,-0.4769148612946805,0.8165399997227718,0.7106315412991392,0.23865629612270622,leave-one-disease-out standardization within region,0.8959194691444318
Bipolar disorder,Frontal Mid 2 R,0.3662641523764534,-0.21658580178613288,0.8258705479332777,0.7057400891957644,0.24017489270685838,leave-one-disease-out standardization within region,0.8959194691444318
Amyotrophic lateral sclerosis,Occipital Sup L,0.7058223276890075,-0.06589911894801875,1.0963536058417478,0.7038983066458029,0.240748053047164,leave-one-disease-out standardization within region,0.8959194691444318
Migraine,Cerebellum 7b R,0.5443492684402292,-0.3078503171310057,1.2162001152295485,0.7007067133934524,0.2417430327792212,leave-one-disease-out standardization within region,0.8959194691444318
Migraine,Lingual R,0.8640380979810994,0.20377068430272052,0.9425117075401283,0.7005402780636202,0.24179498017824497,leave-one-disease-out standardization within region,0.8959194691444318
Migraine,Cerebellum 8 L,-0.19072347097715683,-1.0906087068169472,1.2855690032528568,0.6999898360670052,0.2419668259624192,leave-one-disease-out standardization within region,0.8959194691444318
Schizophrenia,ACC pre L,1.1134367980483535,0.11737221541698399,1.4268503337565666,0.6980862386659448,0.24256163180940943,leave-one-disease-out standardization within region,0.8959194691444318
Attention deficit-hyperactivity disorder,Olfactory L,0.4527240573682601,-0.4757012302478512,1.3322355890143949,0.6968927232329624,0.2429349660197913,leave-one-disease-out standardization within region,0.8959194691444318
Parkinson disease,Fusiform L,0.7697751437272279,0.15973486621116137,0.8801098120991366,0.6931410934518144,0.2441105056078483,leave-one-disease-out standardization within region,0.8959194691444318
Attention deficit-hyperactivity disorder,Frontal Mid 2 L,0.7018337443246144,0.20772933148814346,0.713083710698786,0.6929122141245853,0.24418232204672508,leave-one-disease-out standardization within region,0.8959194691444318
Amyotrophic lateral sclerosis,Paracentral Lobule L,-0.2860896785717119,-1.085929647662538,1.1556655695616773,0.6921033127206434,0.24443622572787937,leave-one-disease-out standardization within region,0.8959194691444318
Bipolar disorder,Temporal Pole Sup L,0.546937683725675,-0.11451491953362296,0.9569782935894088,0.6911887215104315,0.24472347533320993,leave-one-disease-out standardization within region,0.8959194691444318
Schizophrenia,Postcentral L,0.14228601689496662,-0.5308689383813965,0.974239187767672,0.6909545045286057,0.24479706609045254,leave-one-disease-out standardization within region,0.8959194691444318
Alzheimer disease,Paracentral Lobule L,-0.28811365777076553,-1.0857047610848651,1.1558404105144122,0.6900529658407841,0.2450804398415546,leave-one-disease-out standardization within region,0.8959194691444318
Attention deficit-hyperactivity disorder,Frontal Sup 2 R,1.5280759038589005,0.5661514405595247,1.3959927481929126,0.6890612179358163,0.24539237205535536,leave-one-disease-out standardization within region,0.8959194691444318
Bipolar disorder,Frontal Inf Oper R,0.15133148051285228,-0.4111723624853235,0.8163775187383402,0.6890241709099117,0.2454040285047791,leave-one-disease-out standardization within region,0.8959194691444318
Major depressive disorder,N Acc R,0.8375489283992433,0.0004205858976676049,1.2191033423506075,0.6866754551648355,0.24614363377802323,leave-one-disease-out standardization within region,0.8962485873711664
Amyotrophic lateral sclerosis,Cerebellum 4 5 R,0.49593506332419857,-0.2749926577762026,1.129233249582531,0.6827001608263016,0.24739816404418297,leave-one-disease-out standardization within region,0.898445964160454
Major depressive disorder,Rolandic Oper L,0.8078837219478014,-0.08163144133995598,1.3084925581274511,0.6798014690742443,0.24831508817904652,leave-one-disease-out standardization within region,0.8994089808059952
Major depressive disorder,Caudate L,0.862657567649576,-0.18429697538639206,1.5450315274923943,0.6776266531824038,0.24900422116447812,leave-one-disease-out standardization within region,0.8995440450444498
Schizophrenia,Cerebellum 4 5 R,0.48615361047912303,-0.27390582968230537,1.1300617867193192,0.6725821977999592,0.2506065652220902,leave-one-disease-out standardization within region,0.9010677362912598
Multiple sclerosis,SupraMarginal R,0.48661339585310825,-0.2847386498492768,1.1475236402235527,0.6721883703869626,0.25073189183756794,leave-one-disease-out standardization within region,0.9010677362912598
Major depressive disorder,Rectus R,1.297350329861287,0.362833504651901,1.406066802614844,0.664631881978493,0.25314298608302904,leave-one-disease-out standardization within region,0.9011078262651417
Multiple sclerosis,Cingulate Mid R,0.07646960459343193,-0.6059359712977175,1.026789746890718,0.6646010811440041,0.2531528387848725,leave-one-disease-out standardization within region,0.9011078262651417
Epilepsy,Thal VL R,0.872624123447262,-0.26166542334635357,1.7076646222962688,0.6642343771626275,0.2532701571063264,leave-one-disease-out standardization within region,0.9011078262651417
Alzheimer disease,Cerebellum 9 R,-0.19450939284997237,-0.7272301876684293,0.8025952392018778,0.6637477632538772,0.25342588191524584,leave-one-disease-out standardization within region,0.9011078262651417
Multiple sclerosis,Paracentral Lobule L,-0.31596633890822917,-1.0826100187362586,1.1581938832328542,0.6619303476962812,0.2540079307370581,leave-one-disease-out standardization within region,0.9011078262651417
Major depressive disorder,Olfactory L,0.40784386808150364,-0.47071454254932277,1.3360347622492676,0.6575864906027882,0.25540193883523593,leave-one-disease-out standardization within region,0.901345722303061
Alzheimer disease,ACC pre L,1.0591542362310375,0.12340361117446351,1.431436292590451,0.6537144753841324,0.2566478877654856,leave-one-disease-out standardization within region,0.901345722303061
Epilepsy,Frontal Inf Orb 2 R,0.285870946012212,-0.649871434674905,1.4394730742835469,0.6500589676905585,0.2578270662366939,leave-one-disease-out standardization within region,0.901345722303061
Schizophrenia,Frontal Sup Medial L,0.8149938192709435,0.16746663425436015,0.9966618592351134,0.6496959615907516,0.25794431651044625,leave-one-disease-out standardization within region,0.901345722303061
Migraine,Cerebellum Crus1 L,0.16550492521257576,-0.703963230980487,1.3400661672510232,0.6488247949552125,0.25822581447106496,leave-one-disease-out standardization within region,0.901345722303061
Multiple sclerosis,ACC pre L,1.0527649106632888,0.12411353623754673,1.4319563169543883,0.6485193461773193,0.2583245510845612,leave-one-disease-out standardization within region,0.901345722303061
Parkinson disease,Frontal Med Orb R,1.1640362429014095,0.3526717660803429,1.2544418050834518,0.6467932378633463,0.25888288471204757,leave-one-disease-out standardization within region,0.901345722303061
Parkinson disease,Hippocampus L,1.741246693186499,0.6381220449563996,1.7107834921971048,0.6448066942786498,0.2595262316166934,leave-one-disease-out standardization within region,0.901345722303061
Epilepsy,Thal PuA L,0.6158138348740733,-0.1465425165651509,1.1847226754750495,0.6434892884391994,0.2599533315047958,leave-one-disease-out standardization within region,0.901345722303061
Attention deficit-hyperactivity disorder,ACC pre R,1.0145503450470512,0.3630228072916343,1.0193149232063845,0.6391817905559102,0.2613523383275965,leave-one-disease-out standardization within region,0.9022402049560898
Amyotrophic lateral sclerosis,Lingual R,0.8139646206328652,0.20933440400807987,0.9467024594375262,0.6386697431672675,0.2615188999872724,leave-one-disease-out standardization within region,0.9022402049560898
Attention deficit-hyperactivity disorder,Precuneus R,0.9457825925204244,0.344805505130095,0.9582976710174083,0.6271298632629277,0.26528705657974844,leave-one-disease-out standardization within region,0.9111723609476806
Major depressive disorder,OFCant R,2.2053052431844042,1.2160547592319846,1.5804566656848629,0.6259269902371828,0.2656814151837551,leave-one-disease-out standardization within region,0.9111723609476806
Bipolar disorder,Cingulate Mid L,0.75380955138884,0.0029763957709212116,1.209860130784726,0.6205950064086513,0.26743306303778824,leave-one-disease-out standardization within region,0.9111723609476806
Parkinson disease,Amygdala L,1.5387176061019034,0.6152729883803816,1.4989751548882173,0.6160506494788338,0.2689305458953295,leave-one-disease-out standardization within region,0.9111723609476806
Bipolar disorder,Precuneus R,0.9355718406974586,0.34594003311042454,0.9590902213923843,0.614782420293078,0.2693492102491303,leave-one-disease-out standardization within region,0.9111723609476806
Amyotrophic lateral sclerosis,Thal PuI L,0.5219218873441953,-0.2008613873817241,1.177476866319669,0.6138407432029271,0.2696602853945367,leave-one-disease-out standardization within region,0.9111723609476806
Schizophrenia,Cingulate Mid R,0.030952942296898742,-0.6008785643758804,1.0304244974780954,0.6131759369261409,0.26988000690847536,leave-one-disease-out standardization within region,0.9111723609476806
Bipolar disorder,N Acc R,0.7602967599891385,0.009004160165457008,1.2253781373919863,0.6131108242413096,0.2699015317663141,leave-one-disease-out standardization within region,0.9111723609476806
Migraine,Thal MGN L,0.8335459444309526,0.03414851157348236,1.310965479201669,0.6097776375807201,0.271004558475175,leave-one-disease-out standardization within region,0.9111723609476806
Parkinson disease,Paracentral Lobule L,-0.3684877489491572,-1.0767743065094888,1.162366658215235,0.6093486530729261,0.27114668229579014,leave-one-disease-out standardization within region,0.9111723609476806
Migraine,SN pc L,1.1372717660362595,0.04925374389593099,1.7903808168201087,0.6077020106106559,0.27169256464685543,leave-one-disease-out standardization within region,0.9111723609476806
Multiple sclerosis,Thal VPL L,0.21552544535033216,-0.5851364792714924,1.3212493995327919,0.6059884870373052,0.27226119916813696,leave-one-disease-out standardization within region,0.9111723609476806
Alzheimer disease,Thal VL L,0.5046878717624967,-0.1363085391861896,1.0660899086186606,0.601259242552281,0.27383366573901974,leave-one-disease-out standardization within region,0.9111723609476806
Parkinson disease,LC L,0.6723561292375257,-0.3388135187922842,1.6842753624661178,0.6003588668240414,0.2741335473711226,leave-one-disease-out standardization within region,0.9111723609476806
Parkinson disease,Vermis 8,1.3049648430928629,0.5814102207568559,1.208647660431285,0.5986480973932626,0.27470378757590663,leave-one-disease-out standardization within region,0.9111723609476806
Major depressive disorder,Parietal Sup R,-0.0992079521037358,-0.7426466559760817,1.0794601900976055,0.5960745099957468,0.2755627258871663,leave-one-disease-out standardization within region,0.9111723609476806
Epilepsy,Frontal Inf Oper R,0.08567004674148876,-0.40387664762183867,0.8216490409151312,0.5958099748015079,0.2756510896699545,leave-one-disease-out standardization within region,0.9111723609476806
Bipolar disorder,Thal PuA R,0.453424348875038,-0.30272891239361294,1.2730234946711412,0.5939821727045087,0.2762620183291893,leave-one-disease-out standardization within region,0.9111723609476806
Multiple sclerosis,Thal IL L,1.140991550460643,0.37238014522052665,1.2965488841396007,0.5928132865967275,0.2766530574181726,leave-one-disease-out standardization within region,0.9111723609476806
Bipolar disorder,Thal PuA L,0.5606640089797412,-0.1404147581324474,1.1889728095226695,0.5896507989897994,0.27771239359833,leave-one-disease-out standardization within region,0.9121280605324276
Parkinson disease,ACC pre L,0.972369121807372,0.13304640166598192,1.4381467597803677,0.5836140953163713,0.2797399873996121,leave-one-disease-out standardization within region,0.9121280605324276
Attention deficit-hyperactivity disorder,Occipital Sup L,0.591502884939363,-0.053196958642502706,1.105545924245923,0.5831506674149302,0.2798959388557014,leave-one-disease-out standardization within region,0.9121280605324276
Parkinson disease,Amygdala R,1.1991748741546875,0.128431461709416,1.8413006354638295,0.5815147140138514,0.2804468021893425,leave-one-disease-out standardization within region,0.9121280605324276
Amyotrophic lateral sclerosis,Red N L,0.6342899330147461,-0.5596273394995409,2.0554949893056382,0.5808417333664244,0.28067356259173915,leave-one-disease-out standardization within region,0.9121280605324276
Alzheimer disease,ParaHippocampal R,0.3697993377714988,-0.2845297539150644,1.1278750076330966,0.5801432669917088,0.2809090041494795,leave-one-disease-out standardization within region,0.9121280605324276
Multiple sclerosis,Postcentral L,0.04589682055426223,-0.5201590276768738,0.9818720953683654,0.5765067068320858,0.28213636894520944,leave-one-disease-out standardization within region,0.9130598666567353
Migraine,Thal PuI R,0.3990806624171693,-0.3652586092140809,1.3365147321097286,0.5718898963610507,0.2836982847052836,leave-one-disease-out standardization within region,0.9130598666567353
Schizophrenia,Supp Motor Area R,-0.4163031293240832,-1.1144079067764079,1.2242143787599098,0.5702471638664158,0.2842550356748256,leave-one-disease-out standardization within region,0.9130598666567353
Epilepsy,Parietal Inf L,0.46246343508269866,0.00954035233494742,0.8117949018954115,0.5579279713265606,0.2884467851341511,leave-one-disease-out standardization within region,0.9130598666567353
Migraine,Calcarine L,0.8033358696702378,0.3471352640674106,0.823409005711794,0.5540388827888344,0.2897761178074576,leave-one-disease-out standardization within region,0.9130598666567353
Major depressive disorder,Cingulate Post L,1.0591388116997609,0.4036279371976291,1.189632462273548,0.5510196596765375,0.29081009886451087,leave-one-disease-out standardization within region,0.9130598666567353
Parkinson disease,Cerebellum 6 L,0.41714504579170036,-0.24265551091605891,1.2006335503419805,0.5495436609445289,0.29131620509896183,leave-one-disease-out standardization within region,0.9130598666567353
Bipolar disorder,Angular L,1.4064869528675261,0.876046195287382,0.9661019919511535,0.5490525451757513,0.2914846952232303,leave-one-disease-out standardization within region,0.9130598666567353
Parkinson disease,Frontal Inf Oper L,0.6038116609514745,-0.05302308902220728,1.1966463180040805,0.5488963113756408,0.29153830484746535,leave-one-disease-out standardization within region,0.9130598666567353
Major depressive disorder,N Acc L,0.745693066919248,0.19082820931052216,1.0199068601249002,0.5440348322990747,0.2932087517448745,leave-one-disease-out standardization within region,0.9130598666567353
Schizophrenia,OFCmed R,1.0301338930197972,0.2687806818457503,1.4039624347896995,0.5422888763317164,0.2938097586922668,leave-one-disease-out standardization within region,0.9130598666567353
Parkinson disease,SN pc L,1.0330370517826666,0.060835378812996894,1.7978617217794775,0.5407544202050252,0.29433843155416994,leave-one-disease-out standardization within region,0.9130598666567353
Attention deficit-hyperactivity disorder,Caudate R,0.6916884349172663,-0.18027268254528206,1.6140107236332972,0.5402449343704966,0.2945140640215633,leave-one-disease-out standardization within region,0.9130598666567353
Major depressive disorder,ACC sup R,-0.017791357862989365,-0.46345535294982493,0.8259976052260607,0.5395463525161981,0.2947549611904072,leave-one-disease-out standardization within region,0.9130598666567353
Major depressive disorder,Insula L,0.2963937720827778,-0.2765747840697167,1.0622026889195004,0.539415463855898,0.29480010660347783,leave-one-disease-out standardization within region,0.9130598666567353
Bipolar disorder,Cerebellum 6 L,0.4004255893445247,-0.24079779353303943,1.201765357232275,0.5335678708149262,0.2968202710719622,leave-one-disease-out standardization within region,0.9130598666567353
Major depressive disorder,Amygdala L,1.430290650327083,0.6273204279109171,1.5067598525187187,0.532911877811126,0.2970472913164188,leave-one-disease-out standardization within region,0.9130598666567353
Migraine,Frontal Med Orb L,0.6225267280467255,0.06341562255507177,1.0495356147916932,0.5327223751264729,0.29711288750622566,leave-one-disease-out standardization within region,0.9130598666567353
Parkinson disease,ACC sup L,0.35095404259821344,-0.4469870215793017,1.5018345675130298,0.5313108923167679,0.2976016793037518,leave-one-disease-out standardization within region,0.9130598666567353
Parkinson disease,Raphe M,0.23597180289599792,-0.3056388159295268,1.0267045371625823,0.5275233518713465,0.29891510221842127,leave-one-disease-out standardization within region,0.9130598666567353
Bipolar disorder,ParaHippocampal R,0.3177544375713147,-0.2787469872261551,1.1314766685699167,0.5271884444169699,0.2990313662315023,leave-one-disease-out standardization within region,0.9130598666567353
Bipolar disorder,Amygdala L,1.4225977300705948,0.6281751968283047,1.5072694948310263,0.5270607120801244,0.29907571426032764,leave-one-disease-out standardization within region,0.9130598666567353
Migraine,Thal PuI L,0.4287713945904105,-0.19051133263130357,1.1840939719429697,0.5230013342653357,0.3004866623692465,leave-one-disease-out standardization within region,0.9130598666567353
Multiple sclerosis,Angular L,1.3833614980905304,0.8786156902626038,0.9676494478193014,0.5216205196679684,0.300967286700456,leave-one-disease-out standardization within region,0.9130598666567353
Schizophrenia,Temporal Inf L,0.4741358683349764,0.0642483181041818,0.7868949377962485,0.5208923460337817,0.3012208838150127,leave-one-disease-out standardization within region,0.9130598666567353
Amyotrophic lateral sclerosis,Thal VPL L,0.11736431942524693,-0.5742296875020383,1.3281604443992898,0.5207157085905268,0.3012824148903401,leave-one-disease-out standardization within region,0.9130598666567353
Schizophrenia,Calcarine R,1.050724460918849,0.594824780734047,0.8758320756680712,0.5205332081918201,0.3013459942516617,leave-one-disease-out standardization within region,0.9130598666567353
Attention deficit-hyperactivity disorder,Pallidum R,-0.13670378722491558,-0.775514582830342,1.2284502607901133,0.520013561798226,0.30152706137848984,leave-one-disease-out standardization within region,0.9130598666567353
Alzheimer disease,Frontal Sup Medial R,1.092812457034939,0.31157034857979116,1.508561592596356,0.5178721984500263,0.30227372027863675,leave-one-disease-out standardization within region,0.9130598666567353
Schizophrenia,OFCpost R,0.29704806634192404,-0.13033290069556325,0.8258789534914991,0.5174862069443527,0.30240839749788734,leave-one-disease-out standardization within region,0.9130598666567353
Alzheimer disease,Red N L,0.5195855394111353,-0.5468824068769176,2.0633635563176322,0.5168589621653091,0.3026273083492036,leave-one-disease-out standardization within region,0.9130598666567353
Migraine,Caudate R,0.6526652347757973,-0.17593677141845218,1.6165784215107653,0.5125653016077523,0.3041277151302731,leave-one-disease-out standardization within region,0.9130598666567353
Parkinson disease,Precentral L,-0.031946329552361735,-0.7578547629700212,1.4191773379371682,0.5114994539532295,0.30450068533457686,leave-one-disease-out standardization within region,0.9130598666567353
Schizophrenia,Cerebellum Crus2 R,-0.3942398648607066,-0.9751115036446285,1.138524459219486,0.5101968904402262,0.30495676523840287,leave-one-disease-out standardization within region,0.9130598666567353
Migraine,Cerebellum Crus1 R,-0.18598049496540012,-0.6399092891959761,0.8906814015769074,0.5096421609645351,0.3051510904413892,leave-one-disease-out standardization within region,0.9130598666567353
Amyotrophic lateral sclerosis,Thal PuA R,0.35811325718383874,-0.2921387910945908,1.2795876566931157,0.5081731172359846,0.30566597094962034,leave-one-disease-out standardization within region,0.9130598666567353
Major depressive disorder,Cerebellum Crus1 R,-0.18770530145085787,-0.6397176440309252,0.890791042140934,0.5074280287930348,0.3059272616717608,leave-one-disease-out standardization within region,0.9130598666567353
Epilepsy,Temporal Sup L,0.6679795938936808,0.03407307387417588,1.2618645003026943,0.5023570437772393,0.30770819490242163,leave-one-disease-out standardization within region,0.9130598666567353
Bipolar disorder,Cingulate Post L,1.008519548399991,0.40925229978649247,1.1929647473079923,0.5023344151332104,0.3077161523030276,leave-one-disease-out standardization within region,0.9130598666567353
Migraine,Thal PuA L,0.46994663586210755,-0.1303350500082658,1.1951624751496965,0.502259482163868,0.30774250325299213,leave-one-disease-out standardization within region,0.9130598666567353
Amyotrophic lateral sclerosis,Temporal Sup L,0.6614109580917406,0.0348029222966137,1.2622745342254957,0.49641184924926013,0.30980193335108674,leave-one-disease-out standardization within region,0.9130598666567353
Major depressive disorder,Frontal Sup 2 L,0.6463925587638061,0.3002344616729067,0.6997547413990005,0.4946848897355593,0.3104112846302698,leave-one-disease-out standardization within region,0.9130598666567353
Attention deficit-hyperactivity disorder,Caudate L,0.6142076118970233,-0.15669142474721956,1.5631948458605542,0.4931560762790612,0.31095115543816043,leave-one-disease-out standardization within region,0.9130598666567353
Multiple sclerosis,Frontal Inf Orb 2 R,0.0873346889813957,-0.6278118505603698,1.453634374580421,0.49197140081953994,0.3113697806539038,leave-one-disease-out standardization within region,0.9130598666567353
Parkinson disease,Temporal Sup R,1.0843470163362237,0.5452596897722821,1.096659132506567,0.4915723679168954,0.31151084068396595,leave-one-disease-out standardization within region,0.9130598666567353
Bipolar disorder,Temporal Sup R,1.0840196364388774,0.5452960653164317,1.096679241899238,0.4912316660516706,0.31163130231545094,leave-one-disease-out standardization within region,0.9130598666567353
Migraine,Red N L,0.4697235637912837,-0.5413421873636007,2.0664989492765686,0.4892650690719364,0.3123270238734869,leave-one-disease-out standardization within region,0.9131595189521439
Alzheimer disease,LC L,0.5012634863989514,-0.3198032251435537,1.6958681454474553,0.4841571638376793,0.3141371674521289,leave-one-disease-out standardization within region,0.9147559623067163
Major depressive disorder,Insula R,0.18788102401377677,-0.3034228651530693,1.0151252717557564,0.4839835070967044,0.3141987870531765,leave-one-disease-out standardization within region,0.9147559623067163
Schizophrenia,Occipital Inf L,0.8556764422417323,0.3953153334099851,0.9564844799362057,0.48130536196724466,0.31514974337278145,leave-one-disease-out standardization within region,0.9155929386409231
Parkinson disease,Frontal Inf Orb 2 L,1.3514219379593178,0.8976070399692584,0.9614229799539049,0.4720241844144576,0.31845476319300237,leave-one-disease-out standardization within region,0.9214823527641127
Parkinson disease,ACC pre R,0.8576860025824109,0.3804521786765943,1.0301144178055164,0.463282345782988,0.3215809992027613,leave-one-disease-out standardization within region,0.9214823527641127
Major depressive disorder,ACC pre L,0.8199354999443595,0.1499834707618722,1.448110537811254,0.4626387362632455,0.32181166904375025,leave-one-disease-out standardization within region,0.9214823527641127
Multiple sclerosis,Thal LGN R,0.3049430244277847,-0.4919738145805016,1.7239993342570554,0.46224892502740533,0.32195141091232815,leave-one-disease-out standardization within region,0.9214823527641127
Multiple sclerosis,Pallidum L,0.20501273067478423,-0.24523280736067932,0.9862183545560775,0.456537374259406,0.3240018007429004,leave-one-disease-out standardization within region,0.9214823527641127
Epilepsy,Vermis 9,1.3305553270661858,0.7612340101810208,1.247445335771196,0.4563897916482241,0.32405485261000366,leave-one-disease-out standardization within region,0.9214823527641127
Attention deficit-hyperactivity disorder,Vermis 9,1.3284879946210326,0.7614637137860377,1.2475630309738648,0.45450551736241174,0.3247325108554109,leave-one-disease-out standardization within region,0.9214823527641127
Multiple sclerosis,Cingulate Mid L,0.5740427110163179,0.022950489145645916,1.221890712175776,0.45101596761412666,0.32598902035006067,leave-one-disease-out standardization within region,0.9214823527641127
Attention deficit-hyperactivity disorder,Thal MDl L,0.6436441809784925,0.3204635215181024,0.7182659078774195,0.4499457038347206,0.3263747957585973,leave-one-disease-out standardization within region,0.9214823527641127
Attention deficit-hyperactivity disorder,Thal IL L,0.9773579655243332,0.39056165465789444,1.3071965372193464,0.44889677577838843,0.32675306103078583,leave-one-disease-out standardization within region,0.9214823527641127
Schizophrenia,Occipital Mid L,0.7655455230552533,0.39805122882383537,0.8189707975570746,0.4487269818748415,0.32681430900556524,leave-one-disease-out standardization within region,0.9214823527641127
Bipolar disorder,Lingual L,0.7335223069399784,0.29916391718183566,0.9698591443895868,0.4478571886142505,0.3271281335633742,leave-one-disease-out standardization within region,0.9214823527641127
Major depressive disorder,Caudate R,0.5596225502953178,-0.1655986953650656,1.6221582163014587,0.44707183206450546,0.3274115980989566,leave-one-disease-out standardization within region,0.9214823527641127
Parkinson disease,ParaHippocampal R,0.23781362179690743,-0.2698646743623321,1.1363419731642985,0.4467654175842334,0.3275222215422362,leave-one-disease-out standardization within region,0.9214823527641127
Bipolar disorder,Rolandic Oper R,-0.31724903840360685,-0.78592278065658,1.049471653479482,0.44658065865724317,0.32758893154726626,leave-one-disease-out standardization within region,0.9214823527641127
Parkinson disease,Rectus R,1.027955078492678,0.3927663103595242,1.4247395402413676,0.4458279918486332,0.32786075015012994,leave-one-disease-out standardization within region,0.9214823527641127
Major depressive disorder,ACC pre R,0.8383000126818464,0.3826061775544349,1.031211146925204,0.44190157998792845,0.32928021363574533,leave-one-disease-out standardization within region,0.9224319913857439
Migraine,Frontal Inf Orb 2 L,1.3248054018527011,0.9005644328699938,0.962941066262266,0.4405679473505405,0.3297629058210876,leave-one-disease-out standardization within region,0.9224319913857439
Bipolar disorder,ACC pre L,0.7893188964799295,0.15338531559125332,1.4498351121616144,0.43862476191553845,0.33046672589358683,leave-one-disease-out standardization within region,0.9224319913857439
Alzheimer disease,Thal VA L,0.13211210486051414,-0.5551133496123342,1.5707808028045378,0.437505636207068,0.33087234473619076,leave-one-disease-out standardization within region,0.9224319913857439
Alzheimer disease,Thal VPL R,-0.05464936153668955,-0.7311965635579294,1.5764509644834381,0.42915841803105287,0.33390397075876455,leave-one-disease-out standardization within region,0.9229411696119588
Major depressive disorder,Vermis 8,1.1241145153153627,0.6015047016210225,1.2202460091744258,0.4282823379589817,0.33422278810379147,leave-one-disease-out standardization within region,0.9229411696119588
Attention deficit-hyperactivity disorder,OFCant R,1.9193139348469497,1.2478315712694794,1.599128721238763,0.4199051362527635,0.33727737772433697,leave-one-disease-out standardization within region,0.9229411696119588
Epilepsy,Precuneus R,0.7703170139150819,0.3643016805306886,0.9697530560651474,0.41867909654426233,0.3377253372932464,leave-one-disease-out standardization within region,0.9229411696119588
Bipolar disorder,Amygdala R,0.935237937371659,0.1577577880186414,1.8577849279002696,0.41849846969732474,0.3377913525887394,leave-one-disease-out standardization within region,0.9229411696119588
Epilepsy,Parietal Inf R,0.8059951648168444,0.26694777165349703,1.2975158324682217,0.41544571532351576,0.3389078232778877,leave-one-disease-out standardization within region,0.9229411696119588
Epilepsy,Raphe M,0.13348085785396063,-0.2942509331470782,1.0327346266523596,0.4141739610179861,0.33937335506451166,leave-one-disease-out standardization within region,0.9229411696119588
Epilepsy,Putamen L,0.49184449255850765,-0.21569729307601093,1.7161353313126775,0.41228787306262005,0.3400642180685168,leave-one-disease-out standardization within region,0.9229411696119588
Alzheimer disease,Thal VL R,0.4932985849286595,-0.219518141288731,1.7331186586486604,0.41129135772687647,0.34042945293552646,leave-one-disease-out standardization within region,0.9229411696119588
Multiple sclerosis,SupraMarginal L,0.8140739887102311,0.28332094905589195,1.2975547834574046,0.4090409487298248,0.3412548053051157,leave-one-disease-out standardization within region,0.9229411696119588
Attention deficit-hyperactivity disorder,OFClat R,0.6738388536827088,0.4312677938721529,0.5932489348177723,0.40888579072639414,0.3413117385774771,leave-one-disease-out standardization within region,0.9229411696119588
Migraine,Cerebellum Crus2 R,-0.49593314724301646,-0.963812250046594,1.1443641498251935,0.408855085922648,0.3413230057461012,leave-one-disease-out standardization within region,0.9229411696119588
Schizophrenia,OFCmed L,0.6586774993826591,0.18827125248238835,1.1527843810222616,0.40806091290300595,0.3416144777100598,leave-one-disease-out standardization within region,0.9229411696119588
Major depressive disorder,Occipital Sup L,0.4191539293557062,-0.034047074688763064,1.116191985578477,0.4060242412595299,0.34236239447870453,leave-one-disease-out standardization within region,0.9229411696119588
Major depressive disorder,Cerebellum 8 R,0.5205599041395799,-0.2205861056073774,1.827218075561275,0.40561442537136466,0.3425129639831127,leave-one-disease-out standardization within region,0.9229411696119588
Alzheimer disease,Raphe D,0.612491037615215,0.07107015143912464,1.3369980647387811,0.4049526326590993,0.3427561645462293,leave-one-disease-out standardization within region,0.9229411696119588
Bipolar disorder,Thal MDm L,1.5148826456063698,1.2418615186068092,0.6746929213890477,0.40465983611843565,0.34286378442605997,leave-one-disease-out standardization within region,0.9229411696119588
Bipolar disorder,Calcarine L,0.6945405298716023,0.3592236351561479,0.8299196151512187,0.4040353892037564,0.3430933478340108,leave-one-disease-out standardization within region,0.9229411696119588
Amyotrophic lateral sclerosis,Temporal Mid L,0.7889104498454382,0.21127482408773568,1.439271753774287,0.40133881891514556,0.3440853435037621,leave-one-disease-out standardization within region,0.9238088989011511
Major depressive disorder,Cingulate Mid L,0.517191080140982,0.029267337020683196,1.2249084176034675,0.39833487639420534,0.34519167767129466,leave-one-disease-out standardization within region,0.9249796411386149
Schizophrenia,Frontal Sup 2 L,0.5848200334469815,0.3070758533747761,0.7031775045853382,0.39498445024345646,0.3464271819076955,leave-one-disease-out standardization within region,0.9253424908716986
Schizophrenia,Temporal Inf R,0.8217357896341936,0.33430029423872626,1.2394205205032105,0.3932769284774842,0.3470574783188745,leave-one-disease-out standardization within region,0.9253424908716986
Multiple sclerosis,Heschl R,0.9907792543867117,0.48697139992558,1.2969651033601164,0.3884513570611036,0.3488410223468035,leave-one-disease-out standardization within region,0.9253424908716986
Parkinson disease,Thal VPL R,-0.11216240049464604,-0.7248062258959342,1.579387794413966,0.38789955675744003,0.3490451830767356,leave-one-disease-out standardization within region,0.9253424908716986
Parkinson disease,Temporal Mid R,0.3459558177118313,-0.22649680736897868,1.485810114914981,0.38527980078636503,0.3500150626236126,leave-one-disease-out standardization within region,0.9253424908716986
Migraine,Vermis 8,1.0719014583736581,0.607306152392323,1.222883251805731,0.37991795643231313,0.3520031588389068,leave-one-disease-out standardization within region,0.9253424908716986
Migraine,Caudate L,0.45736611094080915,-0.13926459130764018,1.5717470544687768,0.37959714990533266,0.35212223839225265,leave-one-disease-out standardization within region,0.9253424908716986
Schizophrenia,Frontal Inf Oper R,-0.07270075008014888,-0.38627989241943445,0.831267770501831,0.3772300015312513,0.35300134321390686,leave-one-disease-out standardization within region,0.9253424908716986
Parkinson disease,OFCmed R,0.819682171372166,0.2921642064732649,1.4159859332101223,0.37254463658617515,0.3547436922766545,leave-one-disease-out standardization within region,0.9253424908716986
Multiple sclerosis,Thal AV L,1.2478044109773263,0.8766510785685887,0.9989912060104774,0.37152812775095134,0.35512210490881624,leave-one-disease-out standardization within region,0.9253424908716986
Schizophrenia,Rectus R,0.9309376278692677,0.40354602709545867,1.4296788382252867,0.36888816332238633,0.3561055432107648,leave-one-disease-out standardization within region,0.9253424908716986
Migraine,Cerebellum Crus2 L,-0.36917941697934326,-0.8637626324769551,1.3420647055554251,0.3685241206704145,0.3562412315169316,leave-one-disease-out standardization within region,0.9253424908716986
Bipolar disorder,ACC sup L,0.13398423754774647,-0.4228792654625832,1.5140181731175086,0.3678050322630503,0.35650930822921945,leave-one-disease-out standardization within region,0.9253424908716986
Schizophrenia,Temporal Mid R,0.3225785194008098,-0.2238993297788652,1.4869100154412267,0.36752583781441056,0.3566134112523169,leave-one-disease-out standardization within region,0.9253424908716986
Bipolar disorder,Parietal Inf R,0.7500765481143997,0.273160951287102,1.3002494918796725,0.36678775866149876,0.356888669698885,leave-one-disease-out standardization within region,0.9253424908716986
Migraine,Rolandic Oper R,-0.39416126890975944,-0.7773769772670075,1.0533664325299361,0.36380094952983727,0.35800332677174557,leave-one-disease-out standardization within region,0.9253424908716986
Attention deficit-hyperactivity disorder,Raphe M,0.08650182797212447,-0.28903104093798526,1.0350158855758747,0.36282812094344447,0.358366641908609,leave-one-disease-out standardization within region,0.9253424908716986
Epilepsy,Red N L,0.23110418934188273,-0.5148289235358895,2.0791403640908026,0.35876996366426894,0.35988359214205,leave-one-disease-out standardization within region,0.9253424908716986
Amyotrophic lateral sclerosis,Thal VA L,0.021511832896724845,-0.5428244305052464,1.576278913693995,0.35801802491886064,0.3601649122467879,leave-one-disease-out standardization within region,0.9253424908716986
Migraine,Cerebellum 9 L,-0.23053917331974325,-0.5627851606447645,0.9292618964441947,0.35753751294049074,0.3603447241189186,leave-one-disease-out standardization within region,0.9253424908716986
Attention deficit-hyperactivity disorder,LC L,0.3048113972693127,-0.29797521524026055,1.706145842757564,0.35330309836544654,0.3619306114814572,leave-one-disease-out standardization within region,0.9253424908716986
Major depressive disorder,Occipital Mid L,0.6961683854072787,0.4057597996736103,0.8224467123066775,0.35310322406076994,0.36200552796356444,leave-one-disease-out standardization within region,0.9253424908716986
Epilepsy,Vermis 8,1.0422114043010577,0.6106050472892787,1.2242424114636106,0.3525497507440406,0.36221300729625994,leave-one-disease-out standardization within region,0.9253424908716986
Alzheimer disease,Vermis 9,1.2149147479006388,0.7740829634216371,1.2532843659554145,0.35174123004633756,0.36251616844208734,leave-one-disease-out standardization within region,0.9253424908716986
Parkinson disease,Temporal Mid L,0.7255168606938122,0.21831855621569415,1.442255047060471,0.35167032731961184,0.362542758087792,leave-one-disease-out standardization within region,0.9253424908716986
Attention deficit-hyperactivity disorder,ACC pre L,0.6747789913038038,0.16611197172193395,1.455475749707629,0.3494850530378463,0.36336259510656754,leave-one-disease-out standardization within region,0.9253424908716986
Major depressive disorder,SupraMarginal L,0.7453340259850635,0.2909587226920217,1.300812487167119,0.349301154298242,0.3634316159800439,leave-one-disease-out standardization within region,0.9253424908716986
Epilepsy,SupraMarginal R,0.14524919228322697,-0.24680929389706785,1.1689541665852563,0.3353925221256316,0.36866450405719553,leave-one-disease-out standardization within region,0.9363471183007045
Amyotrophic lateral sclerosis,Frontal Sup Medial R,0.8406543751792489,0.33958791323042337,1.5218988591031193,0.32923768813659043,0.37098801919751223,leave-one-disease-out standardization within region,0.9363471183007045
Amyotrophic lateral sclerosis,Cerebellum Crus2 L,-0.4183081875364694,-0.85830388019283,1.3442012546456161,0.3273287323127522,0.3717096315456202,leave-one-disease-out standardization within region,0.9363471183007045
Migraine,Cerebellum 6 R,-0.15782775616465414,-0.5792354721172502,1.2957878638666451,0.32521350732141513,0.37250974324577013,leave-one-disease-out standardization within region,0.9363471183007045
Amyotrophic lateral sclerosis,Cerebellum Crus2 R,-0.5817207138809902,-0.9542802981979303,1.1482951302429607,0.32444584541442095,0.37280025780604353,leave-one-disease-out standardization within region,0.9363471183007045
Multiple sclerosis,Cingulate Post L,0.8188545298579819,0.4303261907356045,1.2027400682930525,0.323035998687383,0.37333398966367864,leave-one-disease-out standardization within region,0.9363471183007045
Amyotrophic lateral sclerosis,Supp Motor Area R,-0.6856049650209495,-1.0844854805878674,1.2392047305854388,0.32188427442370593,0.3737701834486714,leave-one-disease-out standardization within region,0.9363471183007045
Attention deficit-hyperactivity disorder,Frontal Inf Tri R,0.2225528786980812,-0.24422175395536058,1.450616702666176,0.3217766842168083,0.37381093947309096,leave-one-disease-out standardization within region,0.9363471183007045
Bipolar disorder,Thal MDl L,0.5607866054447758,0.32966991879962654,0.7222512590483026,0.3199948546295198,0.3744861155307659,leave-one-disease-out standardization within region,0.9363471183007045
Bipolar disorder,Temporal Inf R,0.7408733875046338,0.34328500558645514,1.2430240831243575,0.31985573515103183,0.3745388473202818,leave-one-disease-out standardization within region,0.9363471183007045
Alzheimer disease,OFCmed L,0.5641745807171776,0.19877157677855292,1.157058827733216,0.31580330678128316,0.3760759040117342,leave-one-disease-out standardization within region,0.9384895977146351
Schizophrenia,Heschl R,0.9017843830604471,0.49685971896183173,1.3008564663439313,0.311275436279807,0.377795619681326,leave-one-disease-out standardization within region,0.9405843430277983
Epilepsy,Occipital Mid R,1.0691442345236313,0.644474395598718,1.3698795507030506,0.31000524002782864,0.3782784857829189,leave-one-disease-out standardization within region,0.9405843430277983
Multiple sclerosis,Precuneus R,0.6747328754395385,0.3749221403613045,0.9740914802168944,0.3077849885428391,0.3791229724390053,leave-one-disease-out standardization within region,0.9409886726004087
Schizophrenia,ACC sup R,-0.19116026122944704,-0.444192141464663,0.8351129031757286,0.3029912234297878,0.38094827505401807,leave-one-disease-out standardization within region,0.9430451115005888
Major depressive disorder,Amygdala R,0.7375651006725954,0.1797214365407596,1.8666439119711156,0.2988484630380151,0.38252783574922467,leave-one-disease-out standardization within region,0.9430451115005888
Alzheimer disease,ACC sup R,-0.1952875494473673,-0.44373355388489405,0.8352677888086032,0.2974447330141887,0.3830634980734403,leave-one-disease-out standardization within region,0.9430451115005888
Attention deficit-hyperactivity disorder,Precuneus L,0.30601351545663635,-0.051778850483402326,1.2047250835592218,0.2969908826692495,0.3832367349269068,leave-one-disease-out standardization within region,0.9430451115005888
Bipolar disorder,Thal VPL R,-0.24306503504054464,-0.7102614887241676,1.584971623506691,0.2947664467644967,0.38408614988087825,leave-one-disease-out standardization within region,0.9430451115005888
Major depressive disorder,OFCmed R,0.7209314268645931,0.30313651141855075,1.420100333388375,0.29420098398905314,0.3843021643933483,leave-one-disease-out standardization within region,0.9430451115005888
Parkinson disease,SN pr R,0.6022379533141711,0.2602027426388916,1.1739672649580732,0.29134987054983585,0.3853918748557509,leave-one-disease-out standardization within region,0.9430451115005888
Major depressive disorder,Angular L,1.1844370245386666,0.9007184095461442,0.9777274991749954,0.2901816868523424,0.3858386227640471,leave-one-disease-out standardization within region,0.9430451115005888
Migraine,Frontal Inf Orb 2 R,-0.1758351056465759,-0.598570762268373,1.466453177890863,0.28827081764028756,0.386569721790188,leave-one-disease-out standardization within region,0.9430451115005888
Alzheimer disease,Thal PuI L,0.1812651836321078,-0.1630106425248255,1.1966158010048922,0.28770790580219474,0.3867851689198067,leave-one-disease-out standardization within region,0.9430451115005888
Multiple sclerosis,Postcentral R,-0.19532400088593144,-0.4746307498458901,0.9994455819428617,0.2794616875658235,0.3899452680345201,leave-one-disease-out standardization within region,0.9457638798659859
Attention deficit-hyperactivity disorder,SupraMarginal L,0.6631739234504084,0.30008762297365005,1.3040354550079878,0.27843284404758323,0.3903400549994664,leave-one-disease-out standardization within region,0.9457638798659859
Migraine,Raphe M,0.007322987202842571,-0.2802333919636206,1.038181445193022,0.27698085002183775,0.39089740528445066,leave-one-disease-out standardization within region,0.9457638798659859
Bipolar disorder,Fusiform L,0.4444059455677515,0.195886999339992,0.8997287769813865,0.27621540244777654,0.3911913139064224,leave-one-disease-out standardization within region,0.9457638798659859
Bipolar disorder,Frontal Inf Tri R,0.1612853325162027,-0.23741424882404077,1.4528995158736804,0.2744164871584331,0.39188228711610174,leave-one-disease-out standardization within region,0.9457638798659859
Alzheimer disease,Rolandic Oper R,-0.4824800942822331,-0.7675637744478437,1.0568627007822633,0.2697452374415322,0.3936781278151447,leave-one-disease-out standardization within region,0.9457638798659859
Major depressive disorder,Fusiform R,-0.16628716664281906,-0.4922966205170274,1.212003761453944,0.2689838631219435,0.3939710502742835,leave-one-disease-out standardization within region,0.9457638798659859
Major depressive disorder,Putamen R,0.5598042768985512,0.007383142857048479,2.061678775529378,0.2679472382401848,0.39436996591110807,leave-one-disease-out standardization within region,0.9457638798659859
Alzheimer disease,Postcentral R,-0.20585557504114024,-0.4734605749397558,0.9998057068601068,0.26765700381830176,0.39448167425733216,leave-one-disease-out standardization within region,0.9457638798659859
Parkinson disease,Hippocampus R,0.7832554018287461,0.4597659997567022,1.2182358242304279,0.26553922946437364,0.39529704670386023,leave-one-disease-out standardization within region,0.9457638798659859
Schizophrenia,Postcentral R,-0.2106711629107388,-0.4729255096209115,0.999965199144602,0.2622634737033972,0.3965591602059225,leave-one-disease-out standardization within region,0.9457638798659859
Parkinson disease,Precentral R,-0.6985837742051895,-1.0229775520269055,1.2374929771730552,0.26213787375405184,0.3966075741910192,leave-one-disease-out standardization within region,0.9457638798659859
Attention deficit-hyperactivity disorder,SN pc L,0.5848771382878358,0.11063092475686699,1.8202573349944178,0.26053800438739794,0.39722440197542275,leave-one-disease-out standardization within region,0.9457638798659859
Attention deficit-hyperactivity disorder,Parietal Inf L,0.24634671121271995,0.03355332165383393,0.8227970713493269,0.258621957914751,0.39796346976933056,leave-one-disease-out standardization within region,0.9457638798659859
Bipolar disorder,Thal PuM L,0.8318505291088533,0.5186793365471339,1.2255104650279793,0.25554346657869575,0.3991516881053371,leave-one-disease-out standardization within region,0.9457638798659859
Attention deficit-hyperactivity disorder,Lingual L,0.5661540119328873,0.3177603944048457,0.9771952925989876,0.2541903541792593,0.3996742510910603,leave-one-disease-out standardization within region,0.9457638798659859
Attention deficit-hyperactivity disorder,Calcarine R,0.8418647324810867,0.6180314172271317,0.885905147785999,0.2526605876637536,0.40026525317255685,leave-one-disease-out standardization within region,0.9457638798659859
Epilepsy,OFClat R,0.5901280043378573,0.44056899935491417,0.5966971520458355,0.25064474410538945,0.4010443924362148,leave-one-disease-out standardization within region,0.9457638798659859
Alzheimer disease,Raphe M,-0.022475911050041365,-0.27692240326885575,1.039153308802517,0.24485943514150896,0.4032826358676559,leave-one-disease-out standardization within region,0.9457638798659859
Migraine,Cuneus L,0.5182540212709553,0.19486244503054495,1.3427119779014722,0.2408495504343678,0.4048358620466013,leave-one-disease-out standardization within region,0.9457638798659859
Alzheimer disease,Cerebellum Crus2 R,-0.6675536296709991,-0.9447433075545959,1.1513266002108538,0.2407567738231987,0.40487181685969575,leave-one-disease-out standardization within region,0.9457638798659859
Amyotrophic lateral sclerosis,Lingual L,0.5530786761441958,0.3192132094924781,0.9775985128417854,0.23922445009853088,0.40546577227859587,leave-one-disease-out standardization within region,0.9457638798659859
Attention deficit-hyperactivity disorder,Occipital Mid L,0.6115893749127022,0.41515746750634097,0.8255698973929296,0.23793491989796897,0.4059657854864684,leave-one-disease-out standardization within region,0.9457638798659859
Multiple sclerosis,Fusiform R,-0.2004737780238354,-0.48849810814135897,1.2130857696684214,0.23743113415323525,0.40616116930305,leave-one-disease-out standardization within region,0.9457638798659859
Parkinson disease,Heschl L,0.7524417577429183,0.5644055480898833,0.8024587857166635,0.23432506815300527,0.4073663130135342,leave-one-disease-out standardization within region,0.9457638798659859
Bipolar disorder,Postcentral R,-0.23719842218428946,-0.46997803636829477,1.0007856345287112,0.23259687804534246,0.40803722589554625,leave-one-disease-out standardization within region,0.9457638798659859
Multiple sclerosis,LC R,-0.06397217960673722,-0.2567946037854791,0.8301326669474915,0.23227904629723295,0.40816064302428207,leave-one-disease-out standardization within region,0.9457638798659859
Epilepsy,SN pc L,0.5384406342735545,0.11579053631400936,1.8216868163180782,0.232010296266945,0.40826500835947055,leave-one-disease-out standardization within region,0.9457638798659859
Parkinson disease,Olfactory L,-0.09825511757512621,-0.41448132192080833,1.3640285173533495,0.23183254625736258,0.4083340386785699,leave-one-disease-out standardization within region,0.9457638798659859
Migraine,Thal PuM R,0.7686253295405278,0.5139460453638348,1.1147587957170975,0.22846133634932558,0.409643805227129,leave-one-disease-out standardization within region,0.9457638798659859
Parkinson disease,Occipital Mid R,0.9667787134330533,0.65584834238656,1.3733107790246895,0.22640932831482816,0.41044153667311456,leave-one-disease-out standardization within region,0.9457638798659859
Migraine,Occipital Inf L,0.636612370404615,0.4196557858363315,0.9661312316860872,0.2245622307330362,0.4111599249689559,leave-one-disease-out standardization within region,0.9457638798659859
Migraine,Thal VPL R,-0.3446977090440739,-0.6989689693904422,1.5882603824214374,0.22305615896950837,0.41174589940149064,leave-one-disease-out standardization within region,0.9457638798659859
Attention deficit-hyperactivity disorder,Thal VA L,-0.17048058015959167,-0.5214919401656557,1.5832317229741688,0.22170561321666427,0.41227153007074674,leave-one-disease-out standardization within region,0.9457638798659859
Major depressive disorder,Frontal Sup 2 R,0.9414436578545591,0.6313328012266737,1.4290111511454076,0.2170108024554739,0.4140999631995438,leave-one-disease-out standardization within region,0.9457638798659859
Attention deficit-hyperactivity disorder,Insula L,-0.009400758921465394,-0.24259761395813417,1.07661027028174,0.21660285200107102,0.4142589314646486,leave-one-disease-out standardization within region,0.9457638798659859
Multiple sclerosis,Fusiform L,0.3963915300849922,0.20122193439363198,0.9012074139053684,0.21656456957627082,0.41427384990601435,leave-one-disease-out standardization within region,0.9457638798659859
Amyotrophic lateral sclerosis,Frontal Sup Medial L,0.4289055003676608,0.21036533635472493,1.0174144546395396,0.21479954704433857,0.4149618030308762,leave-one-disease-out standardization within region,0.9457638798659859
Amyotrophic lateral sclerosis,SN pc L,0.5068270991446556,0.11930315132833143,1.8225653390082281,0.2126255446222851,0.41580952264256116,leave-one-disease-out standardization within region,0.9457638798659859
Parkinson disease,Insula L,-0.013307990792264855,-0.24216347708360086,1.0767150701464026,0.2125497196395869,0.41583909655219325,leave-one-disease-out standardization within region,0.9457638798659859
Major depressive disorder,Temporal Pole Mid L,-0.1946532762411912,-0.4651693092697575,1.2807440486759438,0.2112178723830344,0.41635863259969225,leave-one-disease-out standardization within region,0.9457638798659859
Epilepsy,SupraMarginal L,0.5837677455717142,0.3089105316268383,1.3064610786168602,0.21038300982978,0.4166843760568981,leave-one-disease-out standardization within region,0.9457638798659859
Major depressive disorder,Temporal Sup L,0.334032498734288,0.07117830666966395,1.2766110787866694,0.20589997723852496,0.4184345216142775,leave-one-disease-out standardization within region,0.9459971564536827
Major depressive disorder,Rectus L,0.5360632503205529,0.2644317026011418,1.3236868997884044,0.2052083070119016,0.4187046897488806,leave-one-disease-out standardization within region,0.9459971564536827
Multiple sclerosis,OFClat L,0.1259635784219142,-0.11529324239522848,1.1777096925768586,0.2048525390746056,0.41884366854579713,leave-one-disease-out standardization within region,0.9459971564536827
Attention deficit-hyperactivity disorder,Cerebellum 8 R,0.18152108544595585,-0.18291512575253033,1.8399946486138488,0.19806373430109292,0.42149759926851144,leave-one-disease-out standardization within region,0.9504357630564474
Migraine,SN pr L,-0.19191446751671418,-0.5378228399057765,1.809283570187104,0.19118527249616865,0.4241902208200168,leave-one-disease-out standardization within region,0.9518964374978883
Parkinson disease,OFCpost L,0.2438350413907384,-0.013504783345078838,1.351242206495121,0.19044685216228585,0.42447949335768664,leave-one-disease-out standardization within region,0.9518964374978883
Bipolar disorder,Thal PuM R,0.7304580764168311,0.5181868512664677,1.1157575677154734,0.1902485192952724,0.4245571962212014,leave-one-disease-out standardization within region,0.9518964374978883
Amyotrophic lateral sclerosis,Putamen L,0.14820687591090181,-0.1775153356707214,1.729018225048847,0.18838564386585405,0.4252871763781242,leave-one-disease-out standardization within region,0.9518964374978883
Alzheimer disease,Rectus R,0.6988610803656177,0.4293323101514198,1.4377412481079426,0.18746681335664248,0.42564732074671396,leave-one-disease-out standardization within region,0.9518964374978883
Major depressive disorder,Cerebellum Crus2 L,-0.5898654291348012,-0.8392419644596819,1.349688987405698,0.18476592581837634,0.42670631745546517,leave-one-disease-out standardization within region,0.9518964374978883
Migraine,ParaHippocampal R,-0.029092693978157107,-0.24020841705399162,1.1468454180530738,0.18408385276041142,0.42697383681970497,leave-one-disease-out standardization within region,0.9518964374978883
Attention deficit-hyperactivity disorder,Olfactory R,-0.4323550099638344,-0.611080486680538,0.9985618604791363,0.17898287906865024,0.4289755725680557,leave-one-disease-out standardization within region,0.9537238238134469
Alzheimer disease,Frontal Med Orb R,0.6379235149865351,0.4111287358486622,1.2813656160953273,0.1769945878749102,0.4297563203575389,leave-one-disease-out standardization within region,0.9537238238134469
Epilepsy,Rolandic Oper L,0.21872141083425223,-0.016168962327339404,1.339761152308628,0.1753225735474096,0.4304130876731569,leave-one-disease-out standardization within region,0.9537238238134469
Epilepsy,Thal MDm R,0.24374679902728982,-6.031089891273606e-05,1.3935505969267725,0.17495389866996985,0.43055792915636043,leave-one-disease-out standardization within region,0.9537238238134469
Major depressive disorder,Cerebellum 6 L,0.009126661280454529,-0.19732013485925387,1.2188935670901644,0.1693722911611995,0.432751908529807,leave-one-disease-out standardization within region,0.9545763415199501
Bipolar disorder,Frontal Sup Medial L,0.3859468604431854,0.2151385185685555,1.0184414110753581,0.16771543263767694,0.4334035773390942,leave-one-disease-out standardization within region,0.9545763415199501
Major depressive disorder,Raphe D,0.3221005887648365,0.10333575686694443,1.3472778700403232,0.16237543625009188,0.4355051065802492,leave-one-disease-out standardization within region,0.9545763415199501
Amyotrophic lateral sclerosis,Pallidum R,-0.5313051904704817,-0.7316699824697235,1.245183731940823,0.16091182920205707,0.43608142268120637,leave-one-disease-out standardization within region,0.9545763415199501
Epilepsy,Thal MGN L,0.30524795481114464,0.09284828819790543,1.3362061159688847,0.1589572627118444,0.4368512725235483,leave-one-disease-out standardization within region,0.9545763415199501
Alzheimer disease,Cerebellum 9 L,-0.39632207028763305,-0.5443648387594433,0.9346018563258363,0.15840196279280355,0.4370700336104588,leave-one-disease-out standardization within region,0.9545763415199501
Parkinson disease,ParaHippocampal L,0.10515584189632933,-0.11020556600430147,1.387572085922434,0.15520736550235675,0.43832892091211306,leave-one-disease-out standardization within region,0.9545763415199501
Attention deficit-hyperactivity disorder,Occipital Inf L,0.5739530596749055,0.4266179314729659,0.9676067591189184,0.1522675682175885,0.43948795171260485,leave-one-disease-out standardization within region,0.9545763415199501
Parkinson disease,Cerebellum 6 R,-0.36030254447440135,-0.556738273416167,1.3018077443437173,0.1508945770182026,0.4400294392088658,leave-one-disease-out standardization within region,0.9545763415199501
Major depressive disorder,Frontal Inf Tri R,0.00022945454062026565,-0.2195191512711983,1.457177955054391,0.15080423434186263,0.440065072974095,leave-one-disease-out standardization within region,0.9545763415199501
Migraine,Thal MDm R,0.21283410153926546,0.003374433266423319,1.39417887250684,0.15023873363983611,0.4402881338303384,leave-one-disease-out standardization within region,0.9545763415199501
Bipolar disorder,OFCmed R,0.5354257880538352,0.32374824906419053,1.4252302596813988,0.14852164241654808,0.44096555359374756,leave-one-disease-out standardization within region,0.9545763415199501
Schizophrenia,OFCant L,0.9870638578152378,0.8208547407974416,1.1305337581037933,0.1470182697565557,0.44155879991710956,leave-one-disease-out standardization within region,0.9545763415199501
Parkinson disease,Temporal Pole Sup L,0.0768026927109797,-0.0622776983097679,0.9812503635211549,0.14173792560103254,0.4436435085233412,leave-one-disease-out standardization within region,0.9545763415199501
Parkinson disease,Thal PuA R,-0.06444250566862914,-0.2451881507776499,1.2966254004891413,0.13939696464440382,0.44456823540323487,leave-one-disease-out standardization within region,0.9545763415199501
Attention deficit-hyperactivity disorder,Thal MDm L,1.3541409352242555,1.2597217086492665,0.6801421998630951,0.13882277352294056,0.44479509878199397,leave-one-disease-out standardization within region,0.9545763415199501
Attention deficit-hyperactivity disorder,Frontal Sup Medial R,0.5792652672163159,0.3686311474485271,1.5295195274540714,0.13771260581314398,0.44523377816535475,leave-one-disease-out standardization within region,0.9545763415199501
Alzheimer disease,Thal MDl L,0.4425775321983495,0.34280426027145167,0.7256281110979144,0.13749918229592223,0.44531811951994277,leave-one-disease-out standardization within region,0.9545763415199501
Epilepsy,Thal AV R,0.5807650658427967,0.4355558550497417,1.0758511885135216,0.13497146477449842,0.4463172178306312,leave-one-disease-out standardization within region,0.9545763415199501
Migraine,ACC pre R,0.5546686349435616,0.41412077508091094,1.0414103591858856,0.13495915286700508,0.44632208503895116,leave-one-disease-out standardization within region,0.9545763415199501
Alzheimer disease,Cerebellum 6 R,-0.38219705747939986,-0.5543055497489451,1.3021950853323805,0.1321679786754956,0.4474257141037804,leave-one-disease-out standardization within region,0.9545763415199501
Amyotrophic lateral sclerosis,SupraMarginal L,0.4893606858876025,0.31940020492507293,1.3084684907458373,0.12989268153155967,0.4483256672630041,leave-one-disease-out standardization within region,0.9545763415199501
Parkinson disease,Temporal Sup L,0.24315873146855738,0.08127539192141185,1.278499328873681,0.12661980799767789,0.44962065930664147,leave-one-disease-out standardization within region,0.9545763415199501
Major depressive disorder,Frontal Sup Medial R,0.5638302631385328,0.3703461479016141,1.5297743888197948,0.1264788563927977,0.4496764423925157,leave-one-disease-out standardization within region,0.9545763415199501
Migraine,Frontal Sup Medial L,0.34791468934280617,0.21936431535748652,1.0191398655390305,0.1261361451279589,0.4498120781404764,leave-one-disease-out standardization within region,0.9545763415199501
Parkinson disease,OFCpost R,0.00713716069014408,-0.09812057784536546,0.8374832935706517,0.12568338896258807,0.449991275638397,leave-one-disease-out standardization within region,0.9545763415199501
Major depressive disorder,Putamen L,0.04929391479930731,-0.16652500665832204,1.7309534084371379,0.12468210894970899,0.4503876109259276,leave-one-disease-out standardization within region,0.9545763415199501
Bipolar disorder,Rectus L,0.4371368434518725,0.2754235255865507,1.3257094949431223,0.1219824693736993,0.4514564509969561,leave-one-disease-out standardization within region,0.9545763415199501
Multiple sclerosis,Thal PuA L,0.06217801460939218,-0.08502742542463079,1.210996930775517,0.12155723626793444,0.4516248413835694,leave-one-disease-out standardization within region,0.9545763415199501
Attention deficit-hyperactivity disorder,Red N L,-0.22064672118809137,-0.4646343779214479,2.092540168006263,0.11659879244555857,0.4535889973436048,leave-one-disease-out standardization within region,0.9545763415199501
Schizophrenia,Precentral R,-0.8603311881264022,-1.0050056171467707,1.2413189315114803,0.11654895881125979,0.4536087434608342,leave-one-disease-out standardization within region,0.9545763415199501
Attention deficit-hyperactivity disorder,Frontal Inf Oper L,0.13999647990517927,-0.0014880689059523099,1.2158316029183693,0.11636854024153116,0.4536802336112672,leave-one-disease-out standardization within region,0.9545763415199501
Parkinson disease,Red N L,-0.22650479696236478,-0.4639834806131954,2.0926244080120475,0.11348366326111561,0.45482355711838973,leave-one-disease-out standardization within region,0.9545763415199501
Multiple sclerosis,Thal PuA R,-0.09506834271418275,-0.2417852799948106,1.297108719866794,0.11311074779891608,0.45497137708385715,leave-one-disease-out standardization within region,0.9545763415199501
Amyotrophic lateral sclerosis,Thal PuA L,0.05248704868529473,-0.0839506514330644,1.2111387878143651,0.11265240737981498,0.4551530671884979,leave-one-disease-out standardization within region,0.9545763415199501
Major depressive disorder,SupraMarginal R,-0.09082589006674745,-0.22057872919151514,1.1755220861498517,0.11037890368333517,0.45605444165426834,leave-one-disease-out standardization within region,0.9548553932726205
Epilepsy,Caudate R,0.06623649833212579,-0.11077802292471094,1.6392196608712144,0.10798706572538108,0.4570029761321706,leave-one-disease-out standardization within region,0.9548553932726205
Bipolar disorder,Temporal Pole Mid L,-0.3161327693597791,-0.4516715878121367,1.2831489529321525,0.10562983988930888,0.4579380241916828,leave-one-disease-out standardization within region,0.9548553932726205
Schizophrenia,Frontal Sup Medial R,0.5347634743758719,0.3735757910974653,1.5301955191967846,0.10533796580649751,0.4580538190916484,leave-one-disease-out standardization within region,0.9548553932726205
Migraine,Lingual L,0.4316236926094202,0.3327082076630087,0.9801791114052066,0.10091572427472369,0.45980868033287026,leave-one-disease-out standardization within region,0.9562868674421501
Epilepsy,Precuneus L,0.0893363185862612,-0.027703606386694002,1.2100509052015516,0.09672314153879379,0.46147313085158226,leave-one-disease-out standardization within region,0.9562868674421501
Migraine,N Acc R,0.192913361451039,0.07204676000302365,1.2503630117124906,0.09666520867606046,0.4614961349268527,leave-one-disease-out standardization within region,0.9562868674421501
Schizophrenia,Cerebellum 9 R,-0.6024916900933325,-0.6818988213080558,0.8218128057369564,0.09662435369757397,0.4615123577655594,leave-one-disease-out standardization within region,0.9562868674421501
Amyotrophic lateral sclerosis,Cerebellum 10 L,-0.07531660509353988,-0.17262257573374568,1.0628743302833707,0.09154983601331612,0.46352785452441514,leave-one-disease-out standardization within region,0.9575537960141897
Bipolar disorder,Frontal Inf Orb 2 L,1.022598523450069,0.9341429749147306,0.9729455528754878,0.09091520925699567,0.4637799825015356,leave-one-disease-out standardization within region,0.9575537960141897
Bipolar disorder,Occipital Inf R,0.5926124519912933,0.4971358175812791,1.062688610305681,0.08984441301441112,0.46420542719818325,leave-one-disease-out standardization within region,0.9575537960141897
Multiple sclerosis,Amygdala R,0.3757118451240952,0.21992735382392625,1.875270134676761,0.08307309353434641,0.4668967100636614,leave-one-disease-out standardization within region,0.960861712736464
Schizophrenia,Cerebellum Crus2 L,-0.7141716263629913,-0.825430164767661,1.3517632964204649,0.08230622824224311,0.4672016009030198,leave-one-disease-out standardization within region,0.960861712736464
Alzheimer disease,Cingulate Mid L,0.16723128156151176,0.0681517590850688,1.2353457307936297,0.08020388139666032,0.46803755160056837,leave-one-disease-out standardization within region,0.9610422851122747
Major depressive disorder,Thal IL L,0.5427017734662315,0.4388567871087947,1.3214714247608323,0.07858284667504728,0.46868221585547887,leave-one-disease-out standardization within region,0.9610422851122747
Major depressive disorder,LC R,-0.17997226781905973,-0.243905705095221,0.8323720367453366,0.07680872789305589,0.469387853699127,leave-one-disease-out standardization within region,0.9610611841317437
Major depressive disorder,Supp Motor Area L,-0.207008053513618,-0.2658906293080235,0.8063117423658572,0.07302705975933561,0.4708922922103713,leave-one-disease-out standardization within region,0.9625266700868371
Bipolar disorder,OFCant L,0.9102963883465905,0.8293844596272912,1.1315820497776536,0.07150336887651923,0.471498571723697,leave-one-disease-out standardization within region,0.9625266700868371
Migraine,ACC pre L,0.3083979482513054,0.20682097650554487,1.4650451824924637,0.06933367855109346,0.4723620093112797,leave-one-disease-out standardization within region,0.9627228412901437
Epilepsy,Red N R,-0.2442652729515591,-0.3387587904067553,1.4199358695510231,0.06654773605027288,0.473470877019021,leave-one-disease-out standardization within region,0.9627228412901437
Parkinson disease,Raphe D,0.20534369046378098,0.1163087455670617,1.3489439860516546,0.06600344107491347,0.4736875429246432,leave-one-disease-out standardization within region,0.9627228412901437
Migraine,Olfactory L,-0.31256079444390145,-0.39066958004649993,1.3678952169372898,0.05710143922974133,0.47723219497816605,leave-one-disease-out standardization within region,0.967521502666962
Schizophrenia,Frontal Sup 2 R,0.7336267338967889,0.654423570555315,1.4325453309959797,0.05528841679753881,0.4779543450542848,leave-one-disease-out standardization within region,0.967521502666962
Multiple sclerosis,Precuneus L,0.0423229399909612,-0.02247989765388287,1.2104923888689119,0.053534279307114074,0.4786531094303378,leave-one-disease-out standardization within region,0.967521502666962
Schizophrenia,Frontal Mid 2 L,0.29165275615735464,0.2533049968400612,0.7319758180634653,0.0523893800463891,0.47910921799649214,leave-one-disease-out standardization within region,0.967521502666962
Migraine,OFCmed R,0.40603247165907363,0.33812528421916405,1.4268158053800297,0.047593520609916874,0.4810200979919042,leave-one-disease-out standardization within region,0.967521502666962
Migraine,Temporal Pole Mid L,-0.38505103943423796,-0.44401400224830795,1.2838017082857032,0.04592840345477099,0.48168365768792964,leave-one-disease-out standardization within region,0.967521502666962
Epilepsy,SN pr L,-0.435837699271529,-0.510720258599686,1.8128257287570946,0.04130709209400827,0.4835255396121066,leave-one-disease-out standardization within region,0.967521502666962
Attention deficit-hyperactivity disorder,Frontal Inf Orb 2 R,-0.502306473123765,-0.5622961658820187,1.4731545823715215,0.04072192658945594,0.4837587906008135,leave-one-disease-out standardization within region,0.967521502666962
Alzheimer disease,Vermis 8,0.6976322309486919,0.6488916221062082,1.2326634484230818,0.03954088920608168,0.4842295770599202,leave-one-disease-out standardization within region,0.967521502666962
Alzheimer disease,Frontal Sup 2 L,0.3596253117834934,0.3320974891151637,0.7092614527915391,0.03881195370195944,0.48452015717017527,leave-one-disease-out standardization within region,0.967521502666962
Bipolar disorder,Heschl R,0.5826795619778917,0.5323158101932267,1.30781808256739,0.03850975334871916,0.4846406276028625,leave-one-disease-out standardization within region,0.967521502666962
Multiple sclerosis,Angular R,0.14539030539412873,0.11175428765613399,0.933152919864312,0.03604555804517623,0.4856230162358234,leave-one-disease-out standardization within region,0.967521502666962
Epilepsy,Caudate L,-0.032595080094912104,-0.08482445897033784,1.5843384535829612,0.03296604886241931,0.48685083100010534,leave-one-disease-out standardization within region,0.967521502666962
Bipolar disorder,OFClat L,-0.05913739090032372,-0.09472646802609089,1.1804260567681668,0.030149348975915383,0.4879739719041957,leave-one-disease-out standardization within region,0.967521502666962
Amyotrophic lateral sclerosis,Caudate R,-0.054732450710351356,-0.09733702858665794,1.6402322954503161,0.02597472199180772,0.4896387502875631,leave-one-disease-out standardization within region,0.967521502666962
Bipolar disorder,Frontal Inf Tri L,0.31883891649951007,0.2948604778091845,0.995289494809081,0.024091923822550917,0.4903896426551719,leave-one-disease-out standardization within region,0.967521502666962
Attention deficit-hyperactivity disorder,Rolandic Oper L,0.03594864235857186,0.004139123058847301,1.3420332074682457,0.02370248301063535,0.4905449627036435,leave-one-disease-out standardization within region,0.967521502666962
Parkinson disease,Cerebellum Crus1 R,-0.5754593094930522,-0.5966338653595704,0.9035727393584569,0.02343425708211633,0.4906519396516436,leave-one-disease-out standardization within region,0.967521502666962
Amyotrophic lateral sclerosis,Raphe D,0.15014645229275894,0.12244177203050866,1.3492425062295745,0.020533506863544007,0.4918088915471496,leave-one-disease-out standardization within region,0.967521502666962
Major depressive disorder,Vermis 9,0.8412006069786663,0.8156067568574118,1.2619470804536905,0.020281238823464033,0.49190951097985514,leave-one-disease-out standardization within region,0.967521502666962
Multiple sclerosis,Occipital Sup L,0.030902570893809336,0.009091965140336599,1.1264712763840345,0.019361883618981075,0.4922762085849453,leave-one-disease-out standardization within region,0.967521502666962
Attention deficit-hyperactivity disorder,Thal PuA L,-0.049392324751797605,-0.07263072105116526,1.2119779807943873,0.019173942652106698,0.49235117226622294,leave-one-disease-out standardization within region,0.967521502666962
Attention deficit-hyperactivity disorder,Putamen L,-0.11774528748199077,-0.14796509529373333,1.7324367135089171,0.017443527706437638,0.49304139217066106,leave-one-disease-out standardization within region,0.967521502666962
Alzheimer disease,Pallidum L,-0.18554414480714365,-0.20183759897379844,0.9976987993622702,0.016331035155168646,0.4934851491832287,leave-one-disease-out standardization within region,0.967521502666962
Multiple sclerosis,Cerebellum 10 L,-0.14748120835573436,-0.16460428648239075,1.0633597969824538,0.016102807511857567,0.4935761868677835,leave-one-disease-out standardization within region,0.967521502666962
Bipolar disorder,Parietal Sup R,-0.665922371545855,-0.6796783871491796,1.1008131165161816,0.012496231555506191,0.49501485463038947,leave-one-disease-out standardization within region,0.9678018096653473
Amyotrophic lateral sclerosis,Cerebellum 4 5 L,-0.1840943795266024,-0.1982000031425772,1.1569156878465257,0.012192438709367762,0.49513604120701643,leave-one-disease-out standardization within region,0.9678018096653473
Bipolar disorder,Cerebellum 4 5 L,-0.18588767086519223,-0.19800074854940056,1.1569182278824393,0.010470124328820935,0.49582310103869603,leave-one-disease-out standardization within region,0.9678018096653473
Amyotrophic lateral sclerosis,Vermis 8,0.6601311312306053,0.6530584109637734,1.2327695687884455,0.005737260592653116,0.49771117673246174,leave-one-disease-out standardization within region,0.9684453530851226
Alzheimer disease,Frontal Sup 2 R,0.6681363052407822,0.6617002848504268,1.4327900033553156,0.004491949535719466,0.49820797743522954,leave-one-disease-out standardization within region,0.9684453530851226
Parkinson disease,Frontal Inf Tri L,0.3011695761828808,0.2968237378443656,0.9953209218079218,0.004366268450000363,0.49825811644234563,leave-one-disease-out standardization within region,0.9684453530851226
Alzheimer disease,OFCpost L,0.0088477667154114,0.01260491384106858,1.3539956013234917,-0.0027748591812149733,0.5011070072289162,leave-one-disease-out standardization within region,0.9711963522293916
Migraine,Rectus R,0.45086949595760234,0.4568869306411993,1.4405792136192814,-0.004177093926323473,0.501666414530452,leave-one-disease-out standardization within region,0.9711963522293916
Epilepsy,Putamen R,0.04962393309017246,0.06406984772464606,2.0699824688310766,-0.006978761826244471,0.5027841005582597,leave-one-disease-out standardization within region,0.9711963522293916
Bipolar disorder,Precentral R,-0.9994710697665539,-0.9895456302978651,1.2422625767268254,-0.007989807996020271,0.5031874383090991,leave-one-disease-out standardization within region,0.9711963522293916
Parkinson disease,Angular L,0.9220156011817656,0.9298763454746888,0.982344104439549,-0.008002027250326813,0.5031923129304456,leave-one-disease-out standardization within region,0.9711963522293916
Attention deficit-hyperactivity disorder,Cerebellum 7b L,-1.000866136980764,-0.984297088980184,1.380923371656081,-0.01199852818821481,0.5047866053462416,leave-one-disease-out standardization within region,0.9724574361317159
Schizophrenia,Paracentral Lobule L,-1.0200109132464457,-1.00438284380979,1.1863838457158025,-0.013172860953131546,0.5052550592075654,leave-one-disease-out standardization within region,0.9724574361317159
Major depressive disorder,Olfactory R,-0.6075883433135459,-0.5916101163083478,1.0003452564420494,-0.015972712323371486,0.5063719193353134,leave-one-disease-out standardization within region,0.9727643947306767
Parkinson disease,Frontal Mid 2 L,0.24432961100922207,0.2585631240787426,0.7320732500758339,-0.019442744381175124,0.5077560441205772,leave-one-disease-out standardization within region,0.9727643947306767
Parkinson disease,Vermis 9,0.7942421585578607,0.8208243622375014,1.2619447818434426,-0.02106447450165732,0.5084028880780544,leave-one-disease-out standardization within region,0.9727643947306767
Parkinson disease,SN pr L,-0.5408300585712194,-0.4990544408997203,1.8129455644979822,-0.023042952027667218,0.5091919943646577,leave-one-disease-out standardization within region,0.9727643947306767
Amyotrophic lateral sclerosis,SN pr R,0.2687847708105453,0.29725309625040564,1.179520717778762,-0.02413550267558761,0.5096277377380011,leave-one-disease-out standardization within region,0.9727643947306767
Parkinson disease,Thal PuI R,-0.3203800798691554,-0.2853185267378226,1.3608296973655238,-0.025764835378893954,0.510277545082767,leave-one-disease-out standardization within region,0.9727643947306767
Bipolar disorder,Parietal Inf L,0.03512404831596562,0.05702250642013998,0.825854216911465,-0.02651613039656122,0.5105771660366143,leave-one-disease-out standardization within region,0.9727643947306767
Alzheimer disease,N Acc L,0.22045923128641215,0.24918752438083727,1.036702992211679,-0.02771120881317881,0.5110537581012613,leave-one-disease-out standardization within region,0.9727643947306767
Amyotrophic lateral sclerosis,OFCant L,0.8052068160227662,0.8410610787743829,1.1318435500257105,-0.031677755066768884,0.5126354825663102,leave-one-disease-out standardization within region,0.973267440176145
Bipolar disorder,Olfactory L,-0.4262959756645102,-0.3780323376886546,1.3680503024118487,-0.035279139875754345,0.5140714215286978,leave-one-disease-out standardization within region,0.973267440176145
Major depressive disorder,Thal MDm L,1.2470859540057724,1.271616706562431,0.6808293844229903,-0.036030690093449426,0.5143710561600872,leave-one-disease-out standardization within region,0.973267440176145
Epilepsy,Frontal Inf Oper L,-0.029202722620590045,0.017311842485799842,1.216657343849694,-0.038231442354353065,0.5152484240795702,leave-one-disease-out standardization within region,0.973267440176145
Migraine,Amygdala R,0.16815059980298355,0.24298971441516087,1.8758300078656225,-0.03989653342699832,0.515912192585525,leave-one-disease-out standardization within region,0.973267440176145
Multiple sclerosis,Lingual R,0.23442724338083515,0.2737274459249721,0.9680905334266677,-0.04059558603990205,0.5161908484561875,leave-one-disease-out standardization within region,0.973267440176145
Schizophrenia,Parietal Sup R,-0.721910670377429,-0.6734574650567825,1.1007028154391878,-0.04402024292207638,0.5175558660059004,leave-one-disease-out standardization within region,0.973267440176145
Attention deficit-hyperactivity disorder,Putamen R,-0.02262353107203815,0.07209734374266949,2.069744318340902,-0.045764529451944806,0.5182510347148058,leave-one-disease-out standardization within region,0.973267440176145
Multiple sclerosis,Temporal Mid R,-0.23317560110930416,-0.16214887194440805,1.4979755117826858,-0.04741514704761081,0.5189088215000758,leave-one-disease-out standardization within region,0.973267440176145
Major depressive disorder,OFCant L,0.7889957733302408,0.842862305740219,1.131763231987904,-0.04759523095247001,0.5189805835636786,leave-one-disease-out standardization within region,0.973267440176145
Major depressive disorder,Precuneus R,0.36269111487202454,0.4095934470910283,0.9791419507622245,-0.04790146329905697,0.5191026134063609,leave-one-disease-out standardization within region,0.973267440176145
Parkinson disease,Insula R,-0.3001987045699881,-0.2491917841993177,1.028271277672135,-0.04960453673873208,0.5197812343549412,leave-one-disease-out standardization within region,0.973267440176145
Bipolar disorder,Frontal Sup Medial R,0.31821612464463067,0.39763660773426984,1.530918559487047,-0.051877666906233064,0.5206869152321989,leave-one-disease-out standardization within region,0.9736421992146809
Multiple sclerosis,Temporal Pole Sup R,-0.7661743687073291,-0.69831931905293,1.1696555597271496,-0.05801284753455793,0.5231308025449477,leave-one-disease-out standardization within region,0.9748294717445477
Parkinson disease,Postcentral L,-0.5157873172162271,-0.4577496790357083,0.9998705080902041,-0.058045154558436944,0.5231436695006108,leave-one-disease-out standardization within region,0.9748294717445477
Migraine,Thal MDl L,0.31418002428660496,0.35707065003942323,0.7262569134728077,-0.0590570980560093,0.5235466851215891,leave-one-disease-out standardization within region,0.9748294717445477
Epilepsy,Temporal Mid L,0.18743149322822536,0.27810581926742606,1.4519350202474515,-0.0624506777333239,0.5248980306550659,leave-one-disease-out standardization within region,0.9748294717445477
Alzheimer disease,Cingulate Mid R,-0.6001915429901191,-0.5307513993439896,1.0517335313288247,-0.06602446492163709,0.5263208261213401,leave-one-disease-out standardization within region,0.9748294717445477
Parkinson disease,Thal VPL L,-0.5852835096097303,-0.496157706498152,1.3479338032711892,-0.06612031161714786,0.5263589800480052,leave-one-disease-out standardization within region,0.9748294717445477
Major depressive disorder,SN pr R,0.22404139273354523,0.3022245827034056,1.1792678364285054,-0.06629807712439913,0.526429742954481,leave-one-disease-out standardization within region,0.9748294717445477
Multiple sclerosis,Cerebellum 8 R,-0.2612325967433226,-0.1337202721759438,1.8435543583871254,-0.0691665661971236,0.527571482170009,leave-one-disease-out standardization within region,0.9748294717445477
Schizophrenia,Rectus L,0.20869910045713289,0.30080549703041065,1.3264589217092042,-0.0694378054727804,0.5276794314443313,leave-one-disease-out standardization within region,0.9748294717445477
Parkinson disease,Fusiform R,-0.5380084473944653,-0.45099425598906673,1.216576372822857,-0.07152382156123668,0.5285095668791553,leave-one-disease-out standardization within region,0.9750577570765163
Major depressive disorder,OFCpost L,-0.07872734764806605,0.022335482103677244,1.3535718066362556,-0.07466381115228254,0.5297588991061227,leave-one-disease-out standardization within region,0.9752215320506343
Migraine,Vermis 9,0.7326700925261522,0.8276657029076913,1.261573980300986,-0.07529927841320491,0.5300117022014317,leave-one-disease-out standardization within region,0.9752215320506343
Bipolar disorder,Calcarine R,0.5737229020881398,0.6478249539374592,0.8887331335970763,-0.08337941846434516,0.533225073397522,leave-one-disease-out standardization within region,0.9770979983812583
Migraine,Putamen L,-0.27695218309189046,-0.13027544022596674,1.7317677017792543,-0.0846977009186769,0.5337491380988418,leave-one-disease-out standardization within region,0.9770979983812583
Bipolar disorder,Occipital Mid L,0.37041609179840507,0.4419544989634851,0.827847073690531,-0.08641500276876354,0.5344317394708581,leave-one-disease-out standardization within region,0.9770979983812583
Multiple sclerosis,Precentral R,-1.0890446189861867,-0.9795930137179059,1.2417244788345425,-0.08814483980456748,0.5351192209809945,leave-one-disease-out standardization within region,0.9770979983812583
Alzheimer disease,Heschl R,0.432924437142678,0.5489552685082505,1.3073480368202337,-0.08875282487728804,0.5353608250200247,leave-one-disease-out standardization within region,0.9770979983812583
Amyotrophic lateral sclerosis,Caudate L,-0.21217643189970345,-0.06487097543647215,1.5836647685619771,-0.09301555442001136,0.5370543979225609,leave-one-disease-out standardization within region,0.9770979983812583
Attention deficit-hyperactivity disorder,Thal MDm R,-0.09402375060845429,0.037469750171725526,1.3952509791724095,-0.09424361834755704,0.5375421817447549,leave-one-disease-out standardization within region,0.9770979983812583
Schizophrenia,Lingual R,0.1871715071736694,0.2789780832813238,0.9676904657440635,-0.09487184110785231,0.5377916884241087,leave-one-disease-out standardization within region,0.9770979983812583
Amyotrophic lateral sclerosis,Frontal Inf Orb 2 L,0.8593728353944752,0.9522791624764633,0.9728988841017118,-0.09549432998658389,0.5380389031522324,leave-one-disease-out standardization within region,0.9770979983812583
Alzheimer disease,Rectus L,0.1774007314326546,0.30428309358868605,1.326135936512196,-0.0956782473520312,0.5381119411375046,leave-one-disease-out standardization within region,0.9770979983812583
Attention deficit-hyperactivity disorder,Parietal Sup L,0.1920725278283987,0.26560068326816505,0.7278525382141773,-0.10102067600144854,0.5402329764694622,leave-one-disease-out standardization within region,0.9778528147089618
Attention deficit-hyperactivity disorder,Pallidum L,-0.29095864721257064,-0.19012487648430654,0.9971403724268079,-0.10112294468917966,0.5402735679113831,leave-one-disease-out standardization within region,0.9778528147089618
Major depressive disorder,Cerebellum 4 5 L,-0.3046680020814917,-0.18480293396981173,1.1562265927869069,-0.1036691846212978,0.5412840590181593,leave-one-disease-out standardization within region,0.9778528147089618
Parkinson disease,OFCmed L,0.12345754951482325,0.2477401358010368,1.1627847458425482,-0.10688357129776327,0.5425593266364639,leave-one-disease-out standardization within region,0.9778528147089618
Alzheimer disease,OFCant L,0.7284394598495822,0.8495907850158476,1.1311777971427366,-0.10710192992850796,0.5426459419427369,leave-one-disease-out standardization within region,0.9778528147089618
Parkinson disease,Paracentral Lobule R,-0.5629137848585595,-0.40712165471884465,1.4500679618768182,-0.10743781273401391,0.5427791710630904,leave-one-disease-out standardization within region,0.9778528147089618
Major depressive disorder,Temporal Sup R,0.48970961863759427,0.6113305117387965,1.1107166142237443,-0.10949768063584825,0.5435961193531941,leave-one-disease-out standardization within region,0.9780477766719788
Amyotrophic lateral sclerosis,Cerebellum 6 R,-0.6718107595054597,-0.5221262495238274,1.3025067473258543,-0.1149203336481335,0.5457458660241162,leave-one-disease-out standardization within region,0.9806371030120838
Attention deficit-hyperactivity disorder,Thal LGN L,-0.30925424565050114,-0.17023533298199783,1.1861118865081932,-0.11720556403642703,0.5466514210760185,leave-one-disease-out standardization within region,0.9809869454940254
Amyotrophic lateral sclerosis,Putamen R,-0.16508157429384138,0.08792601521175866,2.0682479188263425,-0.12232943024024552,0.5486809374675743,leave-one-disease-out standardization within region,0.9830358645309503
Amyotrophic lateral sclerosis,Hippocampus R,0.3560848206846922,0.5072293976615971,1.2220069980671233,-0.12368552489140716,0.5492178634444657,leave-one-disease-out standardization within region,0.9830358645309503
Migraine,LC R,-0.33482778615025766,-0.22669953639175455,0.8318579994393677,-0.12998402351287883,0.5517104665826169,leave-one-disease-out standardization within region,0.9857517349990726
Multiple sclerosis,Rolandic Oper L,-0.15091489861669652,0.024901738722766006,1.3407794076384039,-0.1311301742388325,0.5521638341697704,leave-one-disease-out standardization within region,0.9857517349990726
Epilepsy,OFClat L,-0.2386529258656468,-0.07478029747438833,1.1792061160821967,-0.13896860451819068,0.5552625208788837,leave-one-disease-out standardization within region,0.9888843500804497
Epilepsy,Cingulate Post L,0.3145570272063415,0.4863592465857869,1.2084061721936852,-0.14217257684770307,0.556528153882294,leave-one-disease-out standardization within region,0.9888843500804497
Bipolar disorder,Rectus R,0.2720165018154644,0.4767594855458812,1.4389428686459191,-0.14228708324124434,0.5565733756005671,leave-one-disease-out standardization within region,0.9888843500804497
Alzheimer disease,Temporal Inf L,0.000548156333791873,0.11686917499320229,0.7978610974851693,-0.14579106441716516,0.5579568349526643,leave-one-disease-out standardization within region,0.9888843500804497
Attention deficit-hyperactivity disorder,Rolandic Oper R,-0.8797586337549459,-0.7234217145064312,1.0598831581580834,-0.1475039187528978,0.5586328565767985,leave-one-disease-out standardization within region,0.9888843500804497
Major depressive disorder,Thal PuI L,-0.28851521194413304,-0.11081282079413207,1.2006960447958244,-0.14799948073470906,0.558828410978399,leave-one-disease-out standardization within region,0.9888843500804497
Bipolar disorder,Temporal Pole Sup R,-0.8610226368652757,-0.6877806225909359,1.1684329991613474,-0.14826867642276942,0.5589346326541672,leave-one-disease-out standardization within region,0.9888843500804497
Amyotrophic lateral sclerosis,Thal MDm R,-0.17391974457400503,0.04634708283456446,1.3939914866129137,-0.1580116015943314,0.5627761715923523,leave-one-disease-out standardization within region,0.9913867887109471
Migraine,Thal PuA R,-0.4126194369832471,-0.20650182507602566,1.2961995168572522,-0.15901688685008264,0.5631722153323608,leave-one-disease-out standardization within region,0.9913867887109471
Migraine,Thal LGN R,-0.6619394929059751,-0.3845424237656394,1.7421145276303143,-0.1592300992505131,0.5632562046967069,leave-one-disease-out standardization within region,0.9913867887109471
Bipolar disorder,Thal MDm R,-0.17682429304219052,0.04666981044214063,1.3939336960945357,-0.1603333817888953,0.5636907679259617,leave-one-disease-out standardization within region,0.9913867887109471
Amyotrophic lateral sclerosis,Thal AV R,0.2932661027130874,0.46750018428637596,1.075366310749119,-0.1620230053998196,0.5643561312301555,leave-one-disease-out standardization within region,0.9913867887109471
Attention deficit-hyperactivity disorder,Temporal Pole Mid L,-0.6259551729592993,-0.4172468763010789,1.2820442825658935,-0.16279336017981372,0.5646594318310177,leave-one-disease-out standardization within region,0.9913867887109471
Bipolar disorder,Occipital Inf L,0.29681558476584685,0.45741098424063903,0.967369358378934,-0.16601249366003218,0.5659264409559484,leave-one-disease-out standardization within region,0.9917661886398182
Parkinson disease,Rolandic Oper R,-0.8997814336293204,-0.721196958964834,1.0594876360494525,-0.16855739377042694,0.5669276021077374,leave-one-disease-out standardization within region,0.9917661886398182
Bipolar disorder,ACC pre R,0.2700354926852044,0.445746679776284,1.040809519162615,-0.16882165646644773,0.5670315382875483,leave-one-disease-out standardization within region,0.9917661886398182
Bipolar disorder,Occipital Sup L,-0.167207011717757,0.031104140986066176,1.1245295595525246,-0.1763503244705596,0.569990635859964,leave-one-disease-out standardization within region,0.9922395187332976
Attention deficit-hyperactivity disorder,Hippocampus L,0.47093117918319954,0.7792682131789884,1.747279038036444,-0.1764669679447947,0.5700364514082071,leave-one-disease-out standardization within region,0.9922395187332976
Major depressive disorder,Thal MDl L,0.23632911115597013,0.3657207514983827,0.7251017603761443,-0.17844618150601516,0.5708137081666615,leave-one-disease-out standardization within region,0.9922395187332976
Migraine,Olfactory R,-0.7553276110854039,-0.5751946421114746,0.9985334078157486,-0.18039753859408955,0.5715797567277571,leave-one-disease-out standardization within region,0.9922395187332976
Epilepsy,Frontal Inf Tri R,-0.43578213413356515,-0.1710734191962888,1.4563369121259864,-0.18176337682112984,0.5721157866209627,leave-one-disease-out standardization within region,0.9922395187332976
Schizophrenia,Thal MDl L,0.2330959767515038,0.36607998865443453,0.7250286380082253,-0.18341897813617408,0.5727653569691372,leave-one-disease-out standardization within region,0.9922395187332976
Major depressive disorder,Frontal Mid 2 R,-0.2992716195414774,-0.14263738268414058,0.8470654565888933,-0.18491397050718855,0.5733517434609448,leave-one-disease-out standardization within region,0.9922395187332976
Epilepsy,Cerebellum Crus2 R,-1.1123216133928486,-0.8953246426966126,1.1527789961564157,-0.18823813707548903,0.5746550111231653,leave-one-disease-out standardization within region,0.9922395187332976
Major depressive disorder,Cerebellum 7b L,-1.219943637960598,-0.9599551444268689,1.3781784777384387,-0.18864646178509806,0.5748150423437336,leave-one-disease-out standardization within region,0.9922395187332976
Major depressive disorder,Thal VL R,-0.4465603515709301,-0.1150893705665544,1.7459959008465484,-0.18984636839276747,0.5752852400754193,leave-one-disease-out standardization within region,0.9922395187332976
Major depressive disorder,Frontal Sup Medial L,0.057918549614731696,0.25158610866060593,1.0179811388202256,-0.19024670660433105,0.5754420935890983,leave-one-disease-out standardization within region,0.9922395187332976
Attention deficit-hyperactivity disorder,Cuneus L,-0.005626574260241582,0.25307140008956686,1.3442886300701096,-0.19244228401776814,0.57630211326228,leave-one-disease-out standardization within region,0.9922395187332976
Parkinson disease,Precuneus R,0.2311696854780201,0.4242069392459176,0.9771255344518452,-0.19755624734153418,0.5783038652017205,leave-one-disease-out standardization within region,0.9922395187332976
Attention deficit-hyperactivity disorder,Calcarine L,0.2438257995902923,0.409303049631849,0.8356645387461291,-0.19801875318276235,0.578484804335483,leave-one-disease-out standardization within region,0.9922395187332976
Amyotrophic lateral sclerosis,Supp Motor Area L,-0.40432858965258667,-0.24396612529258255,0.8047581112512495,-0.19926790686293333,0.5789734088327575,leave-one-disease-out standardization within region,0.9922395187332976
Bipolar disorder,OFCant R,1.021446223163443,1.3475946503454246,1.611201629528558,-0.2024255817550368,0.5802079845026168,leave-one-disease-out standardization within region,0.9922395187332976
Multiple sclerosis,Lingual L,0.16425788283654008,0.36241551985999537,0.9784857411535899,-0.20251458829623467,0.5802427725639384,leave-one-disease-out standardization within region,0.9922395187332976
Multiple sclerosis,Thal PuM L,0.3248356726164354,0.575014320601847,1.2271382030507607,-0.20387161557145564,0.5807730866436079,leave-one-disease-out standardization within region,0.9922395187332976
Attention deficit-hyperactivity disorder,Cerebellum Crus1 L,-0.8719628366222261,-0.5886890352210644,1.3681363421710264,-0.20705085646043783,0.5820149293844452,leave-one-disease-out standardization within region,0.9922395187332976
Bipolar disorder,OFCpost L,-0.24130862000922018,0.04040006792158321,1.350695265659313,-0.2085656884221722,0.5826063509261628,leave-one-disease-out standardization within region,0.9922395187332976
Bipolar disorder,Supp Motor Area R,-1.2780417225705794,-1.018659174193464,1.2433659275234168,-0.20861320278718207,0.582624898496009,leave-one-disease-out standardization within region,0.9922395187332976
Attention deficit-hyperactivity disorder,Cerebellum Crus2 L,-1.0709643623097538,-0.7857865274402429,1.3488911619723323,-0.21141649000985913,0.5837188548119524,leave-one-disease-out standardization within region,0.9922395187332976
Migraine,Thal VPL L,-0.7659182075785316,-0.4760871845016185,1.3447560909030718,-0.2155268342248421,0.5853217035305704,leave-one-disease-out standardization within region,0.9922395187332976
Schizophrenia,Cerebellum 9 L,-0.7121123654890577,-0.5092770281815072,0.9334440313493702,-0.21729780307699356,0.586011865457186,leave-one-disease-out standardization within region,0.9922395187332976
Bipolar disorder,Postcentral L,-0.659661566391922,-0.44176365134952,0.9973858482959136,-0.218469026219584,0.5864681555263656,leave-one-disease-out standardization within region,0.9922395187332976
Major depressive disorder,Cerebellum Crus2 R,-1.143700968523781,-0.8918380476820646,1.1519810540321358,-0.2186346033731647,0.5865326523701349,leave-one-disease-out standardization within region,0.9922395187332976
Parkinson disease,Frontal Inf Oper R,-0.5202226210725134,-0.3365552400869495,0.8356275489643704,-0.2197957465777557,0.5869848838113356,leave-one-disease-out standardization within region,0.9922395187332976
Attention deficit-hyperactivity disorder,Hippocampus R,0.24628392475659444,0.5194294972091635,1.2196219387611145,-0.22395921536966523,0.5886054807188839,leave-one-disease-out standardization within region,0.9922395187332976
Multiple sclerosis,Thal VL L,-0.2942192488841187,-0.047541081336565684,1.0844010557977606,-0.22747872314277626,0.5899742439663851,leave-one-disease-out standardization within region,0.9922395187332976
Amyotrophic lateral sclerosis,Cerebellum 7b R,-0.47840042309049535,-0.1942114625164807,1.2456963140035888,-0.22813663119917998,0.590229988356731,leave-one-disease-out standardization within region,0.9922395187332976
Bipolar disorder,Occipital Mid R,0.40325402845997654,0.7184621962724573,1.3732010651306796,-0.22954261820535674,0.5907763998991165,leave-one-disease-out standardization within region,0.9922395187332976
Parkinson disease,Angular R,-0.0793874786815318,0.13672959699787401,0.9304016126766491,-0.2322836426064052,0.5918411418317949,leave-one-disease-out standardization within region,0.9922395187332976
Attention deficit-hyperactivity disorder,Lingual R,0.06781192955634839,0.2922402585721373,0.9652495166556878,-0.2325080977956545,0.591928300796279,leave-one-disease-out standardization within region,0.9922395187332976
Epilepsy,Frontal Sup 2 R,0.3629557653003186,0.6956092337327004,1.428440685362361,-0.2328787410224147,0.5920722165802051,leave-one-disease-out standardization within region,0.9922395187332976
Major depressive disorder,Occipital Mid R,0.3976100030420265,0.7190893102077852,1.3730375013959102,-0.2341373100435524,0.5925608092041691,leave-one-disease-out standardization within region,0.9922395187332976
Attention deficit-hyperactivity disorder,Thal VL L,-0.305250213859468,-0.04631541856152688,1.0840795519493802,-0.2388522086154354,0.5943899074998208,leave-one-disease-out standardization within region,0.9922395187332976
Schizophrenia,Thal AV L,0.6975675139177729,0.9377885115752059,1.0034883680870736,-0.23938593141379472,0.5945968309855478,leave-one-disease-out standardization within region,0.9922395187332976
Bipolar disorder,Heschl L,0.4102931524701076,0.6024220597868624,0.8023497142295133,-0.2394578123596066,0.594624697095969,leave-one-disease-out standardization within region,0.9922395187332976
Bipolar disorder,Frontal Inf Orb 2 R,-0.8752507253077255,-0.5208579156393565,1.4684889954567681,-0.2413316073629387,0.5953509422151788,leave-one-disease-out standardization within region,0.9922515703586314
Migraine,Thal VA L,-0.8350202256110912,-0.4476542017821558,1.5822777250551925,-0.24481544402416677,0.5967003324288999,leave-one-disease-out standardization within region,0.9933009152616185
Multiple sclerosis,OFCpost L,-0.28743348482830017,0.04552505290148104,1.3493827367866922,-0.24674877531237802,0.5974486719257431,leave-one-disease-out standardization within region,0.9933483942861753
Epilepsy,Angular R,-0.10296769737819424,0.1393496212975032,0.9296751652925277,-0.26064729673557635,0.602817743763526,leave-one-disease-out standardization within region,0.9991707719373716
Migraine,Parietal Sup L,0.08761130849702164,0.27720748541609586,0.7254884777241989,-0.26133588987356865,0.603083254088361,leave-one-disease-out standardization within region,0.9991707719373716
Major depressive disorder,Cerebellum 4 5 R,-0.46943692255004454,-0.16772910379017558,1.15403171558649,-0.2614380650765201,0.6031226471187178,leave-one-disease-out standardization within region,0.9991707719373716
Multiple sclerosis,Paracentral Lobule R,-0.7685825300416904,-0.38426957192071903,1.4452722069182642,-0.2659104328453372,0.6048459049842199,leave-one-disease-out standardization within region,0.9999977052523201
Parkinson disease,Heschl R,0.21864909693870932,0.5727636396420248,1.3025230590592158,-0.27186815637573797,0.6071383015796458,leave-one-disease-out standardization within region,0.9999977052523201
Epilepsy,Cerebellum 10 L,-0.4338530790401138,-0.13278518973968195,1.0585697105033733,-0.2844100736240293,0.6119519300052675,leave-one-disease-out standardization within region,0.9999977052523201
Major depressive disorder,Cingulate Mid R,-0.8069407482850186,-0.5077792654223341,1.0471950196847346,-0.2856788632863716,0.6124379525124638,leave-one-disease-out standardization within region,0.9999977052523201
Migraine,OFClat R,0.29895633967308466,0.47292140653988884,0.5959523446143002,-0.29191103691251385,0.6148226776954366,leave-one-disease-out standardization within region,0.9999977052523201
Parkinson disease,Frontal Inf Orb 2 R,-0.9427206469962655,-0.5133612576739631,1.466236668257034,-0.29283089054967953,0.6151742922681084,leave-one-disease-out standardization within region,0.9999977052523201
Amyotrophic lateral sclerosis,Frontal Mid 2 R,-0.3816869298121279,-0.1334801259874016,0.8446000534269976,-0.2938749563389411,0.6155732722478038,leave-one-disease-out standardization within region,0.9999977052523201
Schizophrenia,Temporal Pole Sup L,-0.3097308927613345,-0.019329522146177436,0.9775177470565035,-0.29708040748069503,0.6167974389728937,leave-one-disease-out standardization within region,0.9999977052523201
Attention deficit-hyperactivity disorder,Cerebellum Crus1 R,-0.8363073481773301,-0.5676507499502061,0.8990963767260037,-0.29880734166165596,0.6174564755540153,leave-one-disease-out standardization within region,0.9999977052523201
Alzheimer disease,Frontal Inf Tri R,-0.5942963553904808,-0.15346072794552038,1.4515293142480055,-0.3037042539325803,0.6193233915849714,leave-one-disease-out standardization within region,0.9999977052523201
Parkinson disease,Thal VA L,-0.9250368100522689,-0.4376523590664694,1.5791643495716952,-0.3086344059869317,0.6212001772293662,leave-one-disease-out standardization within region,0.9999977052523201
Attention deficit-hyperactivity disorder,Thal MGN L,-0.2581935430120003,0.15545289906714377,1.3308917823315234,-0.3108039643572653,0.622025172135968,leave-one-disease-out standardization within region,0.9999977052523201
Major depressive disorder,Frontal Inf Tri L,0.019289336469173506,0.3281437644792219,0.989916343994347,-0.312000534069182,0.6224799412740545,leave-one-disease-out standardization within region,0.9999977052523201
Amyotrophic lateral sclerosis,ACC pre R,0.13643889679362844,0.460590745986459,1.0367916643048736,-0.3126489731282332,0.6227263166034168,leave-one-disease-out standardization within region,0.9999977052523201
Attention deficit-hyperactivity disorder,Thal PuM R,0.2257289122802288,0.574267869503868,1.111898224929257,-0.31346300354586365,0.6230355378872083,leave-one-disease-out standardization within region,0.9999977052523201
Schizophrenia,Cerebellum 8 L,-1.3717414922049254,-0.959384482236084,1.313263155160036,-0.31399419708732407,0.6232372769468869,leave-one-disease-out standardization within region,0.9999977052523201
Alzheimer disease,Red N R,-0.7294839500377519,-0.284845604063845,1.4124378826438058,-0.3148020535541226,0.6235440237784019,leave-one-disease-out standardization within region,0.9999977052523201
Epilepsy,Olfactory R,-0.8768182544498543,-0.561695681737647,0.9947601983520827,-0.3167824499153048,0.6242956590781844,leave-one-disease-out standardization within region,0.9999977052523201
Attention deficit-hyperactivity disorder,Temporal Pole Sup L,-0.33021658525160985,-0.017053334091702413,0.9767268763095754,-0.32062520112393195,0.6257527813157638,leave-one-disease-out standardization within region,0.9999977052523201
Parkinson disease,Occipital Inf R,0.2006186733372514,0.5406906818761725,1.0570345781265427,-0.3217226906064463,0.6261686067869481,leave-one-disease-out standardization within region,0.9999977052523201
Migraine,SN pr R,-0.045726996899576315,0.3321988482181969,1.1727285086703487,-0.32226200891651324,0.6263728941964836,leave-one-disease-out standardization within region,0.9999977052523201
Epilepsy,ACC sup L,-0.8119441206378374,-0.31777611455307386,1.5164643779492915,-0.32586852238034425,0.6277380838232852,leave-one-disease-out standardization within region,0.9999977052523201
Amyotrophic lateral sclerosis,Angular R,-0.15781780830054445,0.1454440780666532,0.927661187057267,-0.32691018078400697,0.6281320896756775,leave-one-disease-out standardization within region,0.9999977052523201
Parkinson disease,OFCant L,0.5056176471635534,0.8743487642031842,1.1251305022204188,-0.3277229764120238,0.6284394353437468,leave-one-disease-out standardization within region,0.9999977052523201
Attention deficit-hyperactivity disorder,Raphe D,-0.27710101155047695,0.16991371245753484,1.3409182288724273,-0.33336464102207386,0.630570474753213,leave-one-disease-out standardization within region,0.9999977052523201
Bipolar disorder,Thal AV R,0.12493659148994288,0.48620346331116987,1.0701145385313282,-0.3375964523545726,0.6321663420024382,leave-one-disease-out standardization within region,0.9999977052523201
Parkinson disease,Thal PuA L,-0.4374721298377393,-0.029510742708282824,1.204254011003809,-0.33876689087329614,0.6326073273964016,leave-one-disease-out standardization within region,0.9999977052523201
Parkinson disease,Thal VL L,-0.4021435235278794,-0.035549495265036715,1.0805796038255557,-0.3392568460157833,0.6327918756147577,leave-one-disease-out standardization within region,0.9999977052523201
Alzheimer disease,Thal LGN L,-0.545117670353248,-0.14402828579280377,1.1793801054915147,-0.34008491638349914,0.6331037097484576,leave-one-disease-out standardization within region,0.9999977052523201
Bipolar disorder,Thal VL L,-0.406358777815715,-0.03508113367749943,1.0803996902130364,-0.34364841780453115,0.6344446461770796,leave-one-disease-out standardization within region,0.9999977052523201
Multiple sclerosis,Temporal Sup R,0.24992716244974736,0.6379730068707795,1.1038184879510837,-0.3515486002968892,0.6374115908042337,leave-one-disease-out standardization within region,0.9999977052523201
Bipolar disorder,Frontal Mid 2 L,0.026561909317992752,0.2827595353777681,0.7270280926637934,-0.3523902702591319,0.6377272010862856,leave-one-disease-out standardization within region,0.9999977052523201
Attention deficit-hyperactivity disorder,Cerebellum 6 L,-0.5669031778362263,-0.13331681940184487,1.2121660910135545,-0.357695502001576,0.6397144002090032,leave-one-disease-out standardization within region,0.9999977052523201
Alzheimer disease,Cerebellum 8 R,-0.7478712051696246,-0.07964931568413253,1.8303792772271763,-0.36507291018819604,0.6424715090400357,leave-one-disease-out standardization within region,0.9999977052523201
Amyotrophic lateral sclerosis,Frontal Inf Oper L,-0.3871067993278273,0.057078962119937335,1.2076018120344882,-0.36782468941432744,0.6434980209151977,leave-one-disease-out standardization within region,0.9999977052523201
Parkinson disease,OFClat L,-0.48141090061719377,-0.04780718916866092,1.171493404133363,-0.3701290249852498,0.6443568216944744,leave-one-disease-out standardization within region,0.9999977052523201
Major depressive disorder,Thal PuI R,-0.73897690583253,-0.23880776829744763,1.3505005485737687,-0.37035833718342354,0.644442243863631,leave-one-disease-out standardization within region,0.9999977052523201
Attention deficit-hyperactivity disorder,Cerebellum 6 R,-0.9688209461671826,-0.48912511767252476,1.2935058099416752,-0.3708493806582033,0.6446251403812158,leave-one-disease-out standardization within region,0.9999977052523201
Alzheimer disease,Heschl L,0.3162665084114763,0.6128694646822659,0.7987620651996278,-0.37132829561286457,0.6448034873703049,leave-one-disease-out standardization within region,0.9999977052523201
Multiple sclerosis,Thal LGN L,-0.5781783417853394,-0.14035487785590472,1.1779094003673058,-0.37169536451013024,0.6449401616402767,leave-one-disease-out standardization within region,0.9999977052523201
Amyotrophic lateral sclerosis,N Acc R,-0.33307341970663173,0.13048973568720929,1.2413202362377147,-0.3734436464186249,0.6455908599813269,leave-one-disease-out standardization within region,0.9999977052523201
Alzheimer disease,Amygdala L,0.1955535880132146,0.7645134348346803,1.5186977690200005,-0.37463665149690006,0.6460346444785945,leave-one-disease-out standardization within region,0.9999977052523201
Multiple sclerosis,Frontal Mid 2 R,-0.44439781998041883,-0.12651224930203597,0.8419689606265578,-0.37755022517911563,0.6471176265606532,leave-one-disease-out standardization within region,0.9999977052523201
Alzheimer disease,OFCpost R,-0.37125248832551244,-0.05607728351029252,0.8315343904261969,-0.3790284664638815,0.6476666374703386,leave-one-disease-out standardization within region,0.9999977052523201
Bipolar disorder,Hippocampus L,0.15592481730519803,0.8142689200543219,1.7363525558664052,-0.37915347348374384,0.6477130503212,leave-one-disease-out standardization within region,0.9999977052523201
Alzheimer disease,OFCmed R,-0.15420845655707913,0.40037427624318106,1.414822037421373,-0.39198055877828414,0.6524637107324329,leave-one-disease-out standardization within region,0.9999977052523201
Alzheimer disease,Cerebellum Crus1 L,-1.0981066662198296,-0.563561943043553,1.3596613453857327,-0.39314548802196586,0.6528939855797957,leave-one-disease-out standardization within region,0.9999977052523201
Amyotrophic lateral sclerosis,OFCmed L,-0.1734658366090848,0.2807316231481376,1.1535154239994272,-0.39375066020569127,0.6531174324746991,leave-one-disease-out standardization within region,0.9999977052523201
Major depressive disorder,Thal PuM L,0.1172169473613006,0.5980830678524175,1.2193833878316158,-0.39435187102739133,0.6533393640049461,leave-one-disease-out standardization within region,0.9999977052523201
Major depressive disorder,Cerebellum 6 R,-0.997450982471673,-0.4859440025275814,1.2921338973976457,-0.3958622097711896,0.6538966596266002,leave-one-disease-out standardization within region,0.9999977052523201
Bipolar disorder,SN pr L,-1.147900824395498,-0.43160213358591154,1.797010302128995,-0.39860577869862895,0.6549081485032441,leave-one-disease-out standardization within region,0.9999977052523201
Alzheimer disease,Cerebellum 6 L,-0.6117995494402032,-0.1283283336680697,1.2100413474335716,-0.3995493350682175,0.655255760218336,leave-one-disease-out standardization within region,0.9999977052523201
Bipolar disorder,Cerebellum 8 R,-0.8142585285209517,-0.07227294642287391,1.8271797424108611,-0.40608242576018794,0.6576589809232471,leave-one-disease-out standardization within region,0.9999977052523201
Major depressive disorder,Temporal Mid L,-0.2589661739291369,0.3277055600626885,1.4388605180450804,-0.4077335687749023,0.6582653551771502,leave-one-disease-out standardization within region,0.9999977052523201
Multiple sclerosis,Calcarine L,0.08675364859599798,0.42675551085343716,0.8297051493671378,-0.40978637111843585,0.659018667640369,leave-one-disease-out standardization within region,0.9999977052523201
Alzheimer disease,Fusiform L,-0.11025107388922122,0.25751555705743345,0.895122436572509,-0.41085623141663247,0.659411021053798,leave-one-disease-out standardization within region,0.9999977052523201
Attention deficit-hyperactivity disorder,Thal VL R,-0.7914629773603891,-0.07676685658994782,1.7330315817147894,-0.4123964781203053,0.6599755779316773,leave-one-disease-out standardization within region,0.9999977052523201
Epilepsy,Frontal Inf Tri L,-0.06891182674233123,0.33794389372494466,0.985922694563264,-0.41266493074033717,0.6600739390030771,leave-one-disease-out standardization within region,0.9999977052523201
Amyotrophic lateral sclerosis,Frontal Med Orb R,-0.049931603270977835,0.48755708232171924,1.2708988130022632,-0.4229201255786678,0.6638232307027176,leave-one-disease-out standardization within region,0.9999977052523201
Attention deficit-hyperactivity disorder,N Acc L,-0.1460565475471463,0.2899114998067882,1.026383591265021,-0.424761318345515,0.664494660695506,leave-one-disease-out standardization within region,0.9999977052523201
Epilepsy,Fusiform R,-0.9216372123090508,-0.4083688376652239,1.2046876622113163,-0.4260592938269784,0.6649676796462332,leave-one-disease-out standardization within region,0.9999977052523201
Major depressive disorder,Lingual L,-0.031026409162090318,0.38411377452650997,0.9708055504595825,-0.4276244439394393,0.6655377167252874,leave-one-disease-out standardization within region,0.9999977052523201
Epilepsy,Temporal Pole Sup R,-1.1511403649855894,-0.6555453194664567,1.1580071189312426,-0.4279723651237406,0.6656643799382309,leave-one-disease-out standardization within region,0.9999977052523201
Multiple sclerosis,Putamen R,-0.7278828293996751,0.15045948800129583,2.0489164966594258,-0.42868624408707195,0.6659242136566015,leave-one-disease-out standardization within region,0.9999977052523201
Major depressive disorder,ACC sup L,-0.9505969218659588,-0.3023702477499493,1.509922078047205,-0.42931134231401297,0.666151668168732,leave-one-disease-out standardization within region,0.9999977052523201
Migraine,Cerebellum 7b L,-1.5177454070652918,-0.9268660589707918,1.366639006079346,-0.43235949322830464,0.6672599231862744,leave-one-disease-out standardization within region,0.9999977052523201
Alzheimer disease,Thal IL L,-0.05993855079852051,0.5058168231382116,1.3082396562711356,-0.43245545357438553,0.6672947890557751,leave-one-disease-out standardization within region,0.9999977052523201
Attention deficit-hyperactivity disorder,Thal LGN R,-1.0929876856668646,-0.3366481801255406,1.7260545304515071,-0.4381898093007978,0.6693756523714819,leave-one-disease-out standardization within region,0.9999977052523201
Migraine,Temporal Inf R,-0.1051281500697397,0.4372851764280521,1.236848254840894,-0.4385447643838629,0.6695042861934279,leave-one-disease-out standardization within region,0.9999977052523201
Schizophrenia,Precentral L,-1.254418152723826,-0.6220245603954141,1.4242030135480763,-0.4440333199077762,0.671490752941522,leave-one-disease-out standardization within region,0.9999977052523201
Major depressive disorder,Calcarine L,0.059468305307193214,0.42978721566330447,0.8282439052722351,-0.4471133539272967,0.6726033911869973,leave-one-disease-out standardization within region,0.9999977052523201
Schizophrenia,Pallidum L,-0.6000572654206324,-0.15578058557229968,0.986522838784269,-0.4503460663879129,0.6737695362588212,leave-one-disease-out standardization within region,0.9999977052523201
Parkinson disease,Frontal Inf Tri R,-0.7830559794154338,-0.13248743638719226,1.4426315260701748,-0.4509596049106413,0.6739906684159992,leave-one-disease-out standardization within region,0.9999977052523201
Attention deficit-hyperactivity disorder,Cerebellum 8 L,-1.5320319062322139,-0.941574436233052,1.3055908322202496,-0.45225307609968973,0.6744566620605124,leave-one-disease-out standardization within region,0.9999977052523201
Epilepsy,N Acc R,-0.4196446528481388,0.14010876159182117,1.236851731908548,-0.4525630679889348,0.6745683011290511,leave-one-disease-out standardization within region,0.9999977052523201
Attention deficit-hyperactivity disorder,Red N R,-0.9036663917507907,-0.2654919994290629,1.404067270999872,-0.45451838776020154,0.675272119811221,leave-one-disease-out standardization within region,0.9999977052523201
Amyotrophic lateral sclerosis,SupraMarginal R,-0.6857879143193277,-0.15447183760789512,1.1627501087674004,-0.45694777640112744,0.6761457086838109,leave-one-disease-out standardization within region,0.9999977052523201
Epilepsy,Thal AV L,0.5001674517924038,0.959721851811358,0.9948476976473173,-0.4619344258480362,0.6779358271813496,leave-one-disease-out standardization within region,0.9999977052523201
Epilepsy,Cerebellum 8 L,-1.5431529987237869,-0.940338759289544,1.304955405577731,-0.4619424057386577,0.6779386885287176,leave-one-disease-out standardization within region,0.9999977052523201
Major depressive disorder,Occipital Inf L,0.041091386561774114,0.48582478404109153,0.9573159472578031,-0.464562821452249,0.6788777190695844,leave-one-disease-out standardization within region,0.9999977052523201
Parkinson disease,LC R,-0.5816054164772008,-0.1992797996887609,0.8227141671685704,-0.4647125721734449,0.6789313480405097,leave-one-disease-out standardization within region,0.9999977052523201
Amyotrophic lateral sclerosis,Vermis 9,0.2928992859170595,0.8765291258642569,1.2467012272645388,-0.4681393000853735,0.6801575117394019,leave-one-disease-out standardization within region,0.9999977052523201
Schizophrenia,Insula R,-0.6833635499218221,-0.20661791249355838,1.015905897259363,-0.4692812973272361,0.6805657090767188,leave-one-disease-out standardization within region,0.9999977052523201
Alzheimer disease,Frontal Med Orb L,-0.32644959341712504,0.1688574360510552,1.053135117820155,-0.47031669639257473,0.6809356147681118,leave-one-disease-out standardization within region,0.9999977052523201
Amyotrophic lateral sclerosis,OFCant R,0.6297472119384675,1.3911167627037553,1.5945918682892073,-0.4774698566487359,0.6834862097234053,leave-one-disease-out standardization within region,0.9999977052523201
Alzheimer disease,Lingual R,-0.14274905864592516,0.3156359239279454,0.9558948157084496,-0.47953496037547216,0.6842209483216513,leave-one-disease-out standardization within region,0.9999977052523201
Parkinson disease,Parietal Inf L,-0.2973858086035343,0.09396804607786219,0.8153887901890431,-0.4799598171942778,0.6843720170514842,leave-one-disease-out standardization within region,0.9999977052523201
Amyotrophic lateral sclerosis,Temporal Pole Sup R,-1.205314419949403,-0.6495259800260329,1.1549289043722069,-0.4812317345416895,0.6848240956378702,leave-one-disease-out standardization within region,0.9999977052523201
Bipolar disorder,Parietal Sup L,-0.05630870353485782,0.2931985978640825,0.7187733014830412,-0.4862552639028241,0.6866069034098417,leave-one-disease-out standardization within region,0.9999977052523201
Alzheimer disease,Caudate L,-0.7659602520947092,-0.0033394398592492764,1.5636515895612715,-0.48771786331853867,0.6871251514634376,leave-one-disease-out standardization within region,0.9999977052523201
Bipolar disorder,Paracentral Lobule L,-1.520331422578498,-0.9487916761062283,1.1708053283042186,-0.4881595024000118,0.6872815664072545,leave-one-disease-out standardization within region,0.9999977052523201
Multiple sclerosis,Cerebellum 9 R,-1.031528883686086,-0.6342280220199721,0.8113739941768832,-0.4896642787635373,0.6878142584877573,leave-one-disease-out standardization within region,0.9999977052523201
Bipolar disorder,Frontal Med Orb R,-0.125975954761292,0.496006454709532,1.2665553242766687,-0.49108191134567203,0.6883157426773233,leave-one-disease-out standardization within region,0.9999977052523201
Migraine,OFClat L,-0.6078025234914763,-0.033763675515962835,1.1646789680562728,-0.4928730265761768,0.6889488463503126,leave-one-disease-out standardization within region,0.9999977052523201
Amyotrophic lateral sclerosis,OFClat R,0.19316859664298533,0.48467560020989997,0.5907656405711492,-0.49343933287163944,0.6891489018922685,leave-one-disease-out standardization within region,0.9999977052523201
Alzheimer disease,Hippocampus R,-0.045080340610506746,0.5518033044721746,1.206561538227759,-0.49469805407472667,0.6895933623297011,leave-one-disease-out standardization within region,0.9999977052523201
Major depressive disorder,Parietal Inf L,-0.3084346253142021,0.0951956923790475,0.8147152415813117,-0.4954250234840682,0.6898499326769518,leave-one-disease-out standardization within region,0.9999977052523201
Migraine,LC L,-0.9952915577259639,-0.15351933135189647,1.694725759204301,-0.496701145776702,0.6903000928338244,leave-one-disease-out standardization within region,0.9999977052523201
Multiple sclerosis,Frontal Inf Oper L,-0.5286951543912731,0.07281100157143133,1.1999145434645828,-0.5012908287834739,0.6919167705806256,leave-one-disease-out standardization within region,0.9999977052523201
Parkinson disease,Cerebellum Crus2 L,-1.4181327897601583,-0.7472122577235312,1.3334228402990669,-0.5031566220105766,0.6925729200336005,leave-one-disease-out standardization within region,0.9999977052523201
Amyotrophic lateral sclerosis,Cerebellum 9 R,-1.0432773358689995,-0.6329226384440929,0.8106427515169788,-0.5062090503578773,0.6936450488802173,leave-one-disease-out standardization within region,0.9999977052523201
Amyotrophic lateral sclerosis,Hippocampus L,-0.03911270727220416,0.8359397561184777,1.725553958720756,-0.5071139380882672,0.6939625620787844,leave-one-disease-out standardization within region,0.9999977052523201
Major depressive disorder,Frontal Inf Orb 2 L,0.5004482293707799,0.9921596742568739,0.9593242547499746,-0.5125602135580811,0.6958705049010534,leave-one-disease-out standardization within region,0.9999977052523201
Multiple sclerosis,Cerebellum 9 L,-0.9584474789938436,-0.4819064600143087,0.9221705255439244,-0.5167601932391587,0.6973382144437861,leave-one-disease-out standardization within region,0.9999977052523201
Parkinson disease,Thal IL L,-0.15733648758842775,0.516638816114868,1.3024582899149812,-0.5174640208611132,0.6975838606849838,leave-one-disease-out standardization within region,0.9999977052523201
Migraine,Thal LGN L,-0.7294034353429734,-0.1235520896828343,1.1695049499182015,-0.518040856263596,0.6977851180726073,leave-one-disease-out standardization within region,0.9999977052523201
Major depressive disorder,Supp Motor Area R,-1.6185147881287845,-0.9808288335758856,1.2279170867062361,-0.5193233007803705,0.698232346363333,leave-one-disease-out standardization within region,0.9999977052523201
Parkinson disease,Cerebellum 9 R,-1.0534209077215881,-0.6317955749049163,0.8099918298569029,-0.520530352622394,0.6986530108790594,leave-one-disease-out standardization within region,0.9999977052523201
Amyotrophic lateral sclerosis,Cerebellum Crus1 R,-1.0123124396691778,-0.5480946286733341,0.8900845977832178,-0.5215434714318077,0.6990058846790399,leave-one-disease-out standardization within region,0.9999977052523201
Migraine,Temporal Pole Sup L,-0.5041664351474509,0.0022744270078354964,0.9675609228078673,-0.5234201280944585,0.6996590399266975,leave-one-disease-out standardization within region,0.9999977052523201
Migraine,Angular R,-0.31824856206628516,0.16326971737395773,0.9191394990859039,-0.5238794327946074,0.6998187996151013,leave-one-disease-out standardization within region,0.9999977052523201
Schizophrenia,OFClat L,-0.6394037060318756,-0.03025243301147405,1.1626707714389426,-0.523924130531384,0.6998343447511789,leave-one-disease-out standardization within region,0.9999977052523201
Attention deficit-hyperactivity disorder,Heschl L,0.20894426495114465,0.6247941584000805,0.7927566348054244,-0.5245618581937227,0.7000560962602866,leave-one-disease-out standardization within region,0.9999977052523201
Migraine,Hippocampus L,-0.07165683263286803,0.8395557700474403,1.7234471010672694,-0.5287151558733812,0.7014984690514604,leave-one-disease-out standardization within region,0.9999977052523201
Major depressive disorder,Thal MDm R,-0.6310852519395397,0.09714325031962387,1.3744125458433532,-0.5298471004659779,0.7018910271245293,leave-one-disease-out standardization within region,0.9999977052523201
Amyotrophic lateral sclerosis,Rolandic Oper L,-0.6231317346636576,0.07737027606131723,1.3213488818353185,-0.5301416002653259,0.7019931210043361,leave-one-disease-out standardization within region,0.9999977052523201
Major depressive disorder,Cerebellum Crus1 L,-1.2641185805937467,-0.5451161747797845,1.3500614816762757,-0.5325701203779459,0.7028344048468159,leave-one-disease-out standardization within region,0.9999977052523201
Alzheimer disease,Frontal Inf Orb 2 L,0.4783502541640717,0.994615004835397,0.9578719886442535,-0.538970506280315,0.7050463971882022,leave-one-disease-out standardization within region,0.9999977052523201
Attention deficit-hyperactivity disorder,Amygdala R,-0.6609678874186571,0.335113990773121,1.8460087132034892,-0.5395867695896287,0.7052589786050927,leave-one-disease-out standardization within region,0.9999977052523201
Parkinson disease,Parietal Inf R,-0.3063573908861823,0.39054250006494445,1.2890302098238076,-0.5406389126026637,0.7056217543357941,leave-one-disease-out standardization within region,0.9999977052523201
Bipolar disorder,ParaHippocampal L,-0.7539510465428495,-0.014749245066614926,1.3671510276157124,-0.5406877415477569,0.7056385854014374,leave-one-disease-out standardization within region,0.9999977052523201
Alzheimer disease,Cerebellum Crus1 R,-1.0284322411762261,-0.5463035396169954,0.8890127819488893,-0.5423192009706661,0.7062006847597457,leave-one-disease-out standardization within region,0.9999977052523201
Attention deficit-hyperactivity disorder,Cingulate Mid L,-0.5161221851497885,0.14407992205299103,1.2157912821079544,-0.5430225705008451,0.70644286881799,leave-one-disease-out standardization within region,0.9999977052523201
Alzheimer disease,Parietal Sup R,-1.208041696226588,-0.6194429066290981,1.0829752284515348,-0.5435016186280487,0.7066077616360074,leave-one-disease-out standardization within region,0.9999977052523201
Epilepsy,Temporal Pole Mid L,-1.063397597865537,-0.36864216242260806,1.2626305365136512,-0.5502444423380358,0.7089241375736173,leave-one-disease-out standardization within region,0.9999977052523201
Major depressive disorder,Cerebellum 9 R,-1.0780140043273987,-0.6290630086153819,0.8083381059099924,-0.5554000144612841,0.7106894586470045,leave-one-disease-out standardization within region,0.9999977052523201
Epilepsy,Amygdala R,-0.686603955547491,0.33796244278743587,1.8442540455731746,-0.5555451543100737,0.7107390831300736,leave-one-disease-out standardization within region,0.9999977052523201
Multiple sclerosis,Hippocampus L,-0.11395828703903885,0.8442559316481261,1.7205769311472112,-0.5569144868449831,0.7112070719026904,leave-one-disease-out standardization within region,0.9999977052523201
Major depressive disorder,LC L,-1.085621034695545,-0.14348272279972082,1.6887726121877062,-0.5578834622829056,0.7115380174642008,leave-one-disease-out standardization within region,0.9999977052523201
Attention deficit-hyperactivity disorder,Temporal Sup L,-0.5363333874274316,0.16788562735429954,1.2576634032404161,-0.5599423605451864,0.7122406231404008,leave-one-disease-out standardization within region,0.9999977052523201
Alzheimer disease,Frontal Inf Tri L,-0.20037939623122603,0.352551401445933,0.9778910775535304,-0.5654318874249993,0.7141099796932026,leave-one-disease-out standardization within region,0.9999977052523201
Migraine,Amygdala L,-0.058272718879678005,0.7927163578227794,1.5037919951648895,-0.5658954692129128,0.7142675791276465,leave-one-disease-out standardization within region,0.9999977052523201
Bipolar disorder,Precentral L,-1.4072187991755334,-0.6050467107896689,1.4145507779417468,-0.5670861031606594,0.7146721579959352,leave-one-disease-out standardization within region,0.9999977052523201
Migraine,OFCmed L,-0.35405073316510216,0.30079661165436183,1.1426124630603194,-0.5731141274842668,0.7167162888521187,leave-one-disease-out standardization within region,0.9999977052523201
Multiple sclerosis,OFCpost R,-0.5134642399531995,-0.040275977773882844,0.8230644712089057,-0.5749103244419046,0.7173240264864423,leave-one-disease-out standardization within region,0.9999977052523201
Amyotrophic lateral sclerosis,Temporal Sup R,0.03442532084820498,0.6619176559376175,1.0913564774421645,-0.5749655113241091,0.7173426888704171,leave-one-disease-out standardization within region,0.9999977052523201
Alzheimer disease,Precentral R,-1.6230224068814452,-0.9202621483962106,1.2196994689464462,-0.5761749319217675,0.7177515262880146,leave-one-disease-out standardization within region,0.9999977052523201
Bipolar disorder,Thal VPL L,-1.1957990867933117,-0.42832264236664297,1.3234630372830827,-0.5799001731111505,0.7190090305022592,leave-one-disease-out standardization within region,0.9999977052523201
Major depressive disorder,Red N R,-1.0592797664482236,-0.2482016244626815,1.3939922943784455,-0.5818383252593131,0.7196622068286692,leave-one-disease-out standardization within region,0.9999977052523201
Amyotrophic lateral sclerosis,Amygdala R,-0.7309974613026943,0.342895054538014,1.8410943053324516,-0.5832903359324619,0.7201510664401315,leave-one-disease-out standardization within region,0.9999977052523201
Attention deficit-hyperactivity disorder,Thal PuM L,-0.08461290849890757,0.6205086073924406,1.2070521456452599,-0.5841682303745112,0.7204464332090498,leave-one-disease-out standardization within region,0.9999977052523201
Migraine,Temporal Inf L,-0.3075265969683463,0.15109970313788432,0.7838631811141742,-0.5850846310377079,0.7207545938123324,leave-one-disease-out standardization within region,0.9999977052523201
Bipolar disorder,OFClat R,0.1454371780773871,0.4899790911616331,0.5875449790831603,-0.5864094245548476,0.7211997937674676,leave-one-disease-out standardization within region,0.9999977052523201
Migraine,Frontal Mid 2 R,-0.597797448012259,-0.10946784618738709,0.8327380093472453,-0.5864144500953627,0.7212014819541772,leave-one-disease-out standardization within region,0.9999977052523201
Multiple sclerosis,Caudate R,-0.9585207756327103,0.003083896404715341,1.6082721438161645,-0.5979116629824206,0.725050561327783,leave-one-disease-out standardization within region,0.9999977052523201
Parkinson disease,N Acc L,-0.30127899078994064,0.30715843794487646,1.016463909935444,-0.598582421655737,0.7252743094831459,leave-one-disease-out standardization within region,0.9999977052523201
Major depressive disorder,SN pc L,-0.8112347689727122,0.2657544700080389,1.79113083727708,-0.6012900992861113,0.7261766086146464,leave-one-disease-out standardization within region,0.9999977052523201
Alzheimer disease,Occipital Inf R,-0.05915101266032519,0.5695539803203479,1.042048337251855,-0.6033357287808041,0.7268573154860116,leave-one-disease-out standardization within region,0.9999977052523201
Bipolar disorder,Hippocampus R,-0.1634803281632981,0.5649588586447071,1.198405594813636,-0.6078402754130038,0.7283532928773134,leave-one-disease-out standardization within region,0.9999977052523201
Multiple sclerosis,Caudate L,-0.9293513846872143,0.014815130428806913,1.5524648318798335,-0.6081725625776386,0.7284634849666904,leave-one-disease-out standardization within region,0.9999977052523201
Migraine,Frontal Inf Oper R,-0.8090703214503044,-0.30446105115608385,0.8206232446104391,-0.6149097939990299,0.7306928527692247,leave-one-disease-out standardization within region,0.9999977052523201
Alzheimer disease,Postcentral L,-1.0079390837580064,-0.40306614941995506,0.9792647531607749,-0.6176806960382285,0.7316070803602595,leave-one-disease-out standardization within region,0.9999977052523201
Major depressive disorder,Calcarine R,0.15561946857519116,0.6942808909944534,0.8705295909318083,-0.6187743966780994,0.73196750435221,leave-one-disease-out standardization within region,0.9999977052523201
Epilepsy,Cerebellum 7b L,-1.7390245499208974,-0.9022794875423913,1.3521147269014904,-0.6188417637429283,0.7319896968876903,leave-one-disease-out standardization within region,0.9999977052523201
Epilepsy,Temporal Mid R,-0.9869809230570248,-0.07839272506132798,1.4668421066040012,-0.6194178595672026,0.7321794406618289,leave-one-disease-out standardization within region,0.9999977052523201
Attention deficit-hyperactivity disorder,Thal VPL L,-1.244817882793747,-0.4228761094777057,1.3197785761758294,-0.6227876313144038,0.7332879563219145,leave-one-disease-out standardization within region,0.9999977052523201
Attention deficit-hyperactivity disorder,SN pr L,-1.5101922986325234,-0.3913475253373531,1.773735865927301,-0.6307843207028141,0.7359092216446963,leave-one-disease-out standardization within region,0.9999977052523201
Bipolar disorder,Thal VA L,-1.3690109559944805,-0.3883218984062236,1.5531537939590854,-0.6314178682127929,0.7361163320798142,leave-one-disease-out standardization within region,0.9999977052523201
Alzheimer disease,Cerebellum 4 5 R,-0.8429568208855414,-0.12622689286400923,1.1332424079272028,-0.6324595011692974,0.7364566679897403,leave-one-disease-out standardization within region,0.9999977052523201
Migraine,Putamen R,-1.1017920442669547,0.19200495631988243,2.023990105438201,-0.6392308920436771,0.738663630817492,leave-one-disease-out standardization within region,0.9999977052523201
Attention deficit-hyperactivity disorder,Vermis 8,-0.03985460720660634,0.7308346041234636,1.2053653919282663,-0.6393822292318936,0.7387128466518782,leave-one-disease-out standardization within region,0.9999977052523201
Amyotrophic lateral sclerosis,OFCmed R,-0.45904100083156313,0.43424455894034597,1.3951887777818002,-0.6402614284155417,0.7389986737099963,leave-one-disease-out standardization within region,0.9999977052523201
Major depressive disorder,Occipital Inf R,-0.09265763831728864,0.5732769387266772,1.0394432941436331,-0.6406646527000878,0.7391297078570953,leave-one-disease-out standardization within region,0.9999977052523201
Alzheimer disease,SupraMarginal L,-0.4034113162089965,0.41859709404691725,1.2803607008817532,-0.6420131527700097,0.7395676784736095,leave-one-disease-out standardization within region,0.9999977052523201
Multiple sclerosis,Thal PuM R,-0.09554043341586005,0.6099644634701001,1.0926978837641883,-0.6456541257823218,0.7407483120492239,leave-one-disease-out standardization within region,0.9999977052523201
Schizophrenia,N Acc L,-0.3439851226380269,0.31190356370577493,1.0131384754711765,-0.6473830598909691,0.7413079715834855,leave-one-disease-out standardization within region,0.9999977052523201
Schizophrenia,Cerebellum 10 L,-0.7705457353107262,-0.09537489459850278,1.0389818480608406,-0.6498389187187098,0.7421018616691766,leave-one-disease-out standardization within region,0.9999977052523201
Multiple sclerosis,Calcarine R,0.1298823315703509,0.6971405728838802,0.8684836601515148,-0.6531593711441457,0.743173230038027,leave-one-disease-out standardization within region,0.9999977052523201
Parkinson disease,Thal AV L,0.33541919818296323,0.9780272133235182,0.9833740513546874,-0.6534726173171885,0.7432741815121393,leave-one-disease-out standardization within region,0.9999977052523201
Parkinson disease,Thal AV R,-0.17617232415286327,0.5196600094937041,1.0513597748346935,-0.6618403616934782,0.7459632319686809,leave-one-disease-out standardization within region,0.9999977052523201
Migraine,Thal VL R,-1.165806252967854,-0.035173159300229545,1.707937393578144,-0.6619874346207375,0.7460103626892396,leave-one-disease-out standardization within region,0.9999977052523201
Alzheimer disease,Caudate R,-1.059671740474673,0.014322892498266694,1.6002504286387065,-0.6711415999348055,0.7489348360005827,leave-one-disease-out standardization within region,0.9999977052523201
Epilepsy,ParaHippocampal L,-0.9135851251211999,0.002987874775424023,1.3550137164312757,-0.6764307909078728,0.7506164132817372,leave-one-disease-out standardization within region,0.9999977052523201
Epilepsy,Supp Motor Area L,-0.7390201517149846,-0.20677817395231612,0.786549114675304,-0.6766799019059143,0.750695464539098,leave-one-disease-out standardization within region,0.9999977052523201
Parkinson disease,Putamen R,-1.1686536592456116,0.19943402465084434,2.01848673721189,-0.677778881909414,0.7510440485878389,leave-one-disease-out standardization within region,0.9999977052523201
Bipolar disorder,Pallidum L,-0.7947673894611154,-0.13414612734557935,0.9727977485204675,-0.6790941520169819,0.751460896194199,leave-one-disease-out standardization within region,0.9999977052523201
Amyotrophic lateral sclerosis,Cerebellum Crus1 L,-1.4352026751078255,-0.5261068309448869,1.337104442422612,-0.6798989034213418,0.7517157619865089,leave-one-disease-out standardization within region,0.9999977052523201
Major depressive disorder,Precentral L,-1.5465633741660096,-0.5895639802351714,1.4036782138575252,-0.6817797586961585,0.7523108874082352,leave-one-disease-out standardization within region,0.9999977052523201
Attention deficit-hyperactivity disorder,Supp Motor Area L,-0.7436646027064098,-0.20626212384215772,0.786154260237374,-0.6835840064035105,0.7528810565856363,leave-one-disease-out standardization within region,0.9999977052523201
Attention deficit-hyperactivity disorder,Frontal Inf Oper R,-0.8576477987801766,-0.299063553674987,0.816680232547303,-0.6839693466840902,0.7530027388164704,leave-one-disease-out standardization within region,0.9999977052523201
Schizophrenia,Thal PuI L,-0.8513975409662131,-0.048270339791678704,1.171605537852079,-0.6854928345993642,0.7534835096641155,leave-one-disease-out standardization within region,0.9999977052523201
Amyotrophic lateral sclerosis,Temporal Mid R,-1.0716829262727472,-0.06898139137069219,1.4599279115999886,-0.6868157851733635,0.7539005893780732,leave-one-disease-out standardization within region,0.9999977052523201
Amyotrophic lateral sclerosis,Insula L,-0.8714458632682975,-0.14681482458626388,1.0517294661941823,-0.6889899560427871,0.7545852058898874,leave-one-disease-out standardization within region,0.9999977052523201
Parkinson disease,Thal MDm L,0.8574349873687472,1.3149112584109894,0.663364031177373,-0.6896308053216114,0.7547868050463931,leave-one-disease-out standardization within region,0.9999977052523201
Major depressive disorder,Heschl L,0.08674185886254387,0.6383722035210361,0.7833801953142123,-0.704166824688789,0.7593355557421094,leave-one-disease-out standardization within region,0.9999977052523201
Migraine,Frontal Inf Oper L,-0.7443891910281727,0.09677700564219793,1.1835953420436112,-0.710687315833807,0.7613609892468323,leave-one-disease-out standardization within region,0.9999977052523201
Multiple sclerosis,N Acc R,-0.6999727722737528,0.17125633041688937,1.216412400043836,-0.716228396437956,0.7630748341349692,leave-one-disease-out standardization within region,0.9999977052523201
Attention deficit-hyperactivity disorder,Cerebellum 4 5 R,-0.925797515696776,-0.11702237121831649,1.1262511343420034,-0.7181126125577447,0.7636560729946118,leave-one-disease-out standardization within region,0.9999977052523201
Multiple sclerosis,OFClat R,0.07863076304521305,0.4974020261652079,0.5820952029863352,-0.7194205706756625,0.7640590869690181,leave-one-disease-out standardization within region,0.9999977052523201
Bipolar disorder,Frontal Sup 2 L,-0.11440742928607749,0.38476779367844927,0.6892784413198861,-0.7241996746752527,0.7655284208641175,leave-one-disease-out standardization within region,0.9999977052523201
Attention deficit-hyperactivity disorder,ParaHippocampal L,-0.9725691605276525,0.009541656487252088,1.3498382005009346,-0.7275766952294255,0.7665636245873321,leave-one-disease-out standardization within region,0.9999977052523201
Schizophrenia,Thal MGN L,-0.741389498740316,0.2091413385925122,1.2995681275866375,-0.7314205520706414,0.7677388421687208,leave-one-disease-out standardization within region,0.9999977052523201
Alzheimer disease,Paracentral Lobule R,-1.355960977886682,-0.3190052999379422,1.4087082492170675,-0.7361039296284801,0.7691662742489771,leave-one-disease-out standardization within region,0.9999977052523201
Major depressive disorder,Lingual R,-0.35309432555783005,0.33900762025149045,0.9399388084841551,-0.736326598670266,0.7692340186327364,leave-one-disease-out standardization within region,0.9999977052523201
Parkinson disease,Parietal Sup L,-0.21091883126843108,0.3103775009455906,0.70696936022494,-0.7373676449685997,0.7695505971049003,leave-one-disease-out standardization within region,0.9999977052523201
Attention deficit-hyperactivity disorder,Cerebellum 10 L,-0.8485481036928548,-0.08670796477826624,1.0322170305341158,-0.738061973769584,0.7697616049920435,leave-one-disease-out standardization within region,0.9999977052523201
Schizophrenia,Angular R,-0.4867617874088558,0.1819934090786878,0.9058630592413299,-0.7382519793307757,0.7698193292180151,leave-one-disease-out standardization within region,0.9999977052523201
Epilepsy,Hippocampus R,-0.2982938674506163,0.5799381407877424,1.187055534040521,-0.7398407092623686,0.7703016728842207,leave-one-disease-out standardization within region,0.9999977052523201
Bipolar disorder,N Acc L,-0.4241759892053371,0.3208136599910316,1.0061845578817874,-0.7404105373717081,0.7704745365533852,leave-one-disease-out standardization within region,0.9999977052523201
Epilepsy,N Acc L,-0.42618737658993777,0.32103714747820944,1.005998104831398,-0.7427693158461562,0.7711893222132127,leave-one-disease-out standardization within region,0.9999977052523201
Parkinson disease,Cerebellum 9 L,-1.1373682109049663,-0.46202637869085067,0.9080949910832721,-0.7436907359311565,0.7714682023482221,leave-one-disease-out standardization within region,0.9999977052523201
Alzheimer disease,Cerebellum 4 5 L,-0.9495911096907494,-0.11314481090211648,1.1223932116440716,-0.7452346380137259,0.7719350567272927,leave-one-disease-out standardization within region,0.9999977052523201
Epilepsy,Cerebellum 9 L,-1.1389186471387174,-0.4618541079982117,0.9079506651522509,-0.7457063088631267,0.7720775763564436,leave-one-disease-out standardization within region,0.9999977052523201
Migraine,Hippocampus R,-0.3084878778878531,0.5810708086141021,1.1861063322051264,-0.7499822421891548,0.7733673000459631,leave-one-disease-out standardization within region,0.9999977052523201
Alzheimer disease,Frontal Inf Oper R,-0.9044882975732602,-0.29385905380908883,0.8124781746956262,-0.7515638730762555,0.7738433120773661,leave-one-disease-out standardization within region,0.9999977052523201
Alzheimer disease,SupraMarginal R,-0.9810972332379732,-0.12165969106137894,1.1404604344042006,-0.7535882142422429,0.7744517382744763,leave-one-disease-out standardization within region,0.9999977052523201
Attention deficit-hyperactivity disorder,Parietal Inf R,-0.5524743806744459,0.41788883226364043,1.2689783921718794,-0.7646806430464842,0.7777691322913081,leave-one-disease-out standardization within region,0.9999977052523201
Migraine,Frontal Sup 2 L,-0.1400465900892756,0.38761658932324905,0.6868870797326815,-0.7681949405976268,0.7788143105697116,leave-one-disease-out standardization within region,0.9999977052523201
Bipolar disorder,Pallidum R,-1.5580494708275519,-0.6175872846522712,1.2064394640813512,-0.7795353303461438,0.7821677830170444,leave-one-disease-out standardization within region,0.9999977052523201
Parkinson disease,ACC sup R,-0.9934881037797537,-0.3550446034035178,0.8116404695678983,-0.7866087563575174,0.7842445341032658,leave-one-disease-out standardization within region,0.9999977052523201
Alzheimer disease,Angular R,-0.5290121407659704,0.18668789278503384,0.9018182559493525,-0.7936189235796519,0.7862913437540031,leave-one-disease-out standardization within region,0.9999977052523201
Amyotrophic lateral sclerosis,Angular L,0.2507591366939125,1.0044603970844501,0.9492626149718143,-0.7939860355850175,0.7863982195387239,leave-one-disease-out standardization within region,0.9999977052523201
Multiple sclerosis,Cuneus L,-0.7031303070063144,0.3305718148391305,1.3017028019189232,-0.7941153082881889,0.7864358467458634,leave-one-disease-out standardization within region,0.9999977052523201
Bipolar disorder,Thal VL R,-1.3605666091376114,-0.013533119725812023,1.6901867462232378,-0.7969731702261762,0.7872666932567338,leave-one-disease-out standardization within region,0.9999977052523201
Schizophrenia,LC R,-0.8146600052797136,-0.17338484537737062,0.8043874959223161,-0.7972216912286193,0.7873388547570932,leave-one-disease-out standardization within region,0.9999977052523201
Migraine,Cingulate Mid R,-1.267793985742754,-0.4565733501492524,1.0161948681179698,-0.798292395528342,0.7876495850262968,leave-one-disease-out standardization within region,0.9999977052523201
Alzheimer disease,Temporal Sup L,-0.7934183023304101,0.1964506178990749,1.235830360233131,-0.8009747551781726,0.7884268696417529,leave-one-disease-out standardization within region,0.9999977052523201
Amyotrophic lateral sclerosis,Thal PuM R,-0.24024431024040324,0.6260426720061605,1.0796101694008626,-0.8024072084531363,0.7888412776647682,leave-one-disease-out standardization within region,0.9999977052523201
Epilepsy,Cerebellum 7b R,-1.0981372267321068,-0.12535181766741277,1.2059789164656702,-0.8066355023150901,0.7900617433166017,leave-one-disease-out standardization within region,0.9999977052523201
Epilepsy,Olfactory L,-1.3456396788226674,-0.27588303733774816,1.3202579357604625,-0.810263367868904,0.7911055877893594,leave-one-disease-out standardization within region,0.9999977052523201
Attention deficit-hyperactivity disorder,Amygdala L,-0.3767430967961159,0.8281019553690503,1.4763299362702604,-0.8161082577577728,0.7927808893039388,leave-one-disease-out standardization within region,0.9999977052523201
Amyotrophic lateral sclerosis,OFClat L,-0.9342977331532889,0.002513570002016364,1.1379000094582101,-0.823280864195924,0.7948258535082777,leave-one-disease-out standardization within region,0.9999977052523201
Schizophrenia,Cerebellum 7b R,-1.1151824950543343,-0.12345789896494308,1.204242270865696,-0.823525813768743,0.7948954780628568,leave-one-disease-out standardization within region,0.9999977052523201
Attention deficit-hyperactivity disorder,Occipital Inf R,-0.2532237702031509,0.5911176200473284,1.0247584912903072,-0.8239418335410339,0.7950136954917938,leave-one-disease-out standardization within region,0.9999977052523201
Schizophrenia,Fusiform R,-1.332460435406224,-0.36272181287664906,1.17265325189391,-0.826961099509497,0.7958704447611971,leave-one-disease-out standardization within region,0.9999977052523201
Major depressive disorder,Thal VA L,-1.6332355337212874,-0.35896361199213395,1.5289897624316127,-0.8334077526474922,0.7976925980742331,leave-one-disease-out standardization within region,0.9999977052523201
Bipolar disorder,Angular R,-0.5590752146655277,0.1900282343294291,0.8987611500535158,-0.8334844568552527,0.7977142198691265,leave-one-disease-out standardization within region,0.9999977052523201
Major depressive disorder,SN pr L,-1.815380190765573,-0.3574377595447921,1.7458059428668378,-0.8351113920638007,0.7981725034678508,leave-one-disease-out standardization within region,0.9999977052523201
Schizophrenia,Cerebellum 7b L,-1.9875821267970748,-0.8746619790005938,1.3295257527249265,-0.8370805495986053,0.7987263536744079,leave-one-disease-out standardization within region,0.9999977052523201
Multiple sclerosis,Occipital Inf R,-0.2658364524130176,0.5925190291817581,1.0234478582974058,-0.8386899973807406,0.7991783535820736,leave-one-disease-out standardization within region,0.9999977052523201
Bipolar disorder,Cuneus L,-0.7520091447494155,0.3360027968105862,1.296713854265184,-0.839053225182476,0.799280278746864,leave-one-disease-out standardization within region,0.9999977052523201
Epilepsy,Angular L,0.21292707347972006,1.008663959663805,0.9453952649260866,-0.84169755837131,0.8000213673508229,leave-one-disease-out standardization within region,0.9999977052523201
Attention deficit-hyperactivity disorder,Thal PuA R,-1.174693935718171,-0.12182688077214524,1.2490809316804021,-0.8429133999584737,0.8003615606452575,leave-one-disease-out standardization within region,0.9999977052523201
Migraine,OFCpost L,-0.9781997184916134,0.12227685664184913,1.3027135903850016,-0.8447571156513609,0.8008767686271747,leave-one-disease-out standardization within region,0.9999977052523201
Epilepsy,ParaHippocampal R,-1.0601948683261353,-0.1256415087931051,1.1054465830219058,-0.8454079770894827,0.8010584539111874,leave-one-disease-out standardization within region,0.9999977052523201
Amyotrophic lateral sclerosis,ParaHippocampal L,-1.1084809784930123,0.02464296959451426,1.336460808343449,-0.8478542288808606,0.8017404210921384,leave-one-disease-out standardization within region,0.9999977052523201
Attention deficit-hyperactivity disorder,Cerebellum 9 R,-1.277899982922955,-0.6068534554380979,0.7908391229242224,-0.8485246974170703,0.8019270879565858,leave-one-disease-out standardization within region,0.9999977052523201
Major depressive disorder,Thal VPL R,-1.8525591453352215,-0.5314288098025369,1.5298153003367088,-0.8635881306991156,0.8060929066393268,leave-one-disease-out standardization within region,0.9999977052523201
Parkinson disease,Frontal Mid 2 R,-0.7929875209745681,-0.08778006030268605,0.8150654997744767,-0.8652156923179897,0.8065397930024117,leave-one-disease-out standardization within region,0.9999977052523201
Epilepsy,Thal MDm L,0.7591246720592006,1.3258346267787169,0.653808709800583,-0.8667825102733296,0.8069694066372333,leave-one-disease-out standardization within region,0.9999977052523201
Parkinson disease,Cerebellum 7b L,-2.0214757304464572,-0.8708960230395513,1.3259143849772863,-0.8677631983203924,0.8072380097221299,leave-one-disease-out standardization within region,0.9999977052523201
Alzheimer disease,Frontal Mid 2 R,-0.79618055723143,-0.08742527849636805,0.8147192244178483,-0.8699380811119289,0.807832878449267,leave-one-disease-out standardization within region,0.9999977052523201
Multiple sclerosis,Hippocampus R,-0.4273475886370637,0.5942774431417921,1.1740753333173155,-0.8701528792809948,0.807891568530356,leave-one-disease-out standardization within region,0.9999977052523201
Alzheimer disease,Cerebellum 7b R,-1.1632052755624038,-0.11812203446404644,1.1991550358385568,-0.8715163676626196,0.8082638635705097,leave-one-disease-out standardization within region,0.9999977052523201
Migraine,Insula R,-1.02912828901971,-0.1681996081493486,0.9870408885290889,-0.8722320330146982,0.8084590962008049,leave-one-disease-out standardization within region,0.9999977052523201
Parkinson disease,Cerebellum Crus2 R,-1.7882923576559542,-0.8202167822229343,1.1084967828563137,-0.8733228552441406,0.8087564367913517,leave-one-disease-out standardization within region,0.9999977052523201
Multiple sclerosis,Occipital Mid R,-0.3531475971501023,0.8025068213402439,1.3215940408688176,-0.8744397922153292,0.8090606024677597,leave-one-disease-out standardization within region,0.9999977052523201
Schizophrenia,Thal MDm L,0.7529680889102461,1.3265186915730451,0.6531372867892923,-0.878147082188911,0.8100680474288842,leave-one-disease-out standardization within region,0.9999977052523201
Attention deficit-hyperactivity disorder,Cerebellum 9 L,-1.2410780999205513,-0.4505030576891191,0.897570472601553,-0.8807943959430827,0.8107854432481052,leave-one-disease-out standardization within region,0.9999977052523201
Alzheimer disease,Thal MGN L,-0.9035107033503006,0.22715480577139935,1.2832386998915677,-0.8811030318967469,0.8108689718061994,leave-one-disease-out standardization within region,0.9999977052523201
Epilepsy,Cerebellum 6 R,-1.5311356397629676,-0.42664570727299317,1.24972233476261,-0.8837882638144391,0.8115947385096837,leave-one-disease-out standardization within region,0.9999977052523201
Amyotrophic lateral sclerosis,N Acc L,-0.5500375217675065,0.3347982747201616,0.993360872729262,-0.8907495964246901,0.8134682395284683,leave-one-disease-out standardization within region,0.9999977052523201
Parkinson disease,Postcentral R,-1.2185067353887806,-0.36094377934557353,0.9617347609212585,-0.8916834359004931,0.8137186828355782,leave-one-disease-out standardization within region,0.9999977052523201
Amyotrophic lateral sclerosis,ParaHippocampal R,-1.1031580119211608,-0.1208678261714356,1.1007806070485435,-0.8923578226759287,0.8138994147610238,leave-one-disease-out standardization within region,0.9999977052523201
Parkinson disease,Cerebellum 8 R,-1.5681944564148804,0.011497712232007117,1.7662916739363281,-0.8943552143494012,0.8144340666946215,leave-one-disease-out standardization within region,0.9999977052523201
Parkinson disease,OFClat R,-0.006347286004016285,0.5068440316151224,0.5735287962277402,-0.8947960782345051,0.8145519464224469,leave-one-disease-out standardization within region,0.9999977052523201
Epilepsy,OFCpost R,-0.7351404366699682,-0.01564528924979742,0.8027368395062576,-0.8963026386863139,0.8149544248931282,leave-one-disease-out standardization within region,0.9999977052523201
Alzheimer disease,Temporal Inf R,-0.5838915004263245,0.49048110424545055,1.1970949729870843,-0.8974831812975684,0.815269427987208,leave-one-disease-out standardization within region,0.9999977052523201
Epilepsy,Frontal Mid 2 R,-0.8154248837950637,-0.08528701998929766,0.8125922091955882,-0.8985292444885161,0.8155482693236773,leave-one-disease-out standardization within region,0.9999977052523201
Parkinson disease,Calcarine R,-0.05258149720754251,0.7174143316369794,0.8507430903268856,-0.9050861977011911,0.8172901381851014,leave-one-disease-out standardization within region,0.9999977052523201
Alzheimer disease,Temporal Sup R,-0.2720967162638258,0.6959756600611765,1.0629790650074524,-0.9107163143596015,0.8187775670749597,leave-one-disease-out standardization within region,0.9999977052523201
Major depressive disorder,Paracentral Lobule R,-1.5632139435188614,-0.29597719264547784,1.3873590350481162,-0.9134165842149385,0.8194882567026125,leave-one-disease-out standardization within region,0.9999977052523201
Bipolar disorder,Red N R,-1.445859047460501,-0.20524837101687288,1.357966114544219,-0.9135799952269211,0.8195312090146074,leave-one-disease-out standardization within region,0.9999977052523201
Parkinson disease,Olfactory R,-1.384672488213768,-0.5052674335416565,0.9558855125542435,-0.9199899392995644,0.8212109916502579,leave-one-disease-out standardization within region,0.9999977052523201
Amyotrophic lateral sclerosis,Temporal Inf R,-0.6127020748692447,0.49368227918355273,1.1938101887499921,-0.926767391063452,0.8229763404486581,leave-one-disease-out standardization within region,0.9999977052523201
Major depressive disorder,Cerebellum 8 L,-2.0669696706194167,-0.8821369068566961,1.2593088173991267,-0.9408595789949104,0.8266115879304793,leave-one-disease-out standardization within region,0.9999977052523201
Alzheimer disease,Putamen L,-1.5452981231960334,0.01065188645227138,1.6519925565185773,-0.9418626031386768,0.8268685056739532,leave-one-disease-out standardization within region,0.9999977052523201
Alzheimer disease,Hippocampus L,-0.6688655700298625,0.9059122964248841,1.6687384476066152,-0.9436936439700114,0.8273368885162418,leave-one-disease-out standardization within region,0.9999977052523201
Major depressive disorder,Thal LGN R,-1.825319362569359,-0.25527799380304117,1.6632209538250537,-0.9439764242721673,0.8274091520378157,leave-one-disease-out standardization within region,0.9999977052523201
Multiple sclerosis,Cerebellum 7b R,-1.2442791195085101,-0.10911382958114575,1.1899065756734672,-0.953995307812195,0.8299569912451334,leave-one-disease-out standardization within region,0.9999977052523201
Major depressive disorder,Precentral R,-2.0100637503554672,-0.8772575546768748,1.1827348736049497,-0.9577854014110738,0.830914508962043,leave-one-disease-out standardization within region,0.9999977052523201
Major depressive disorder,Red N L,-2.1643909824372427,-0.2486627933382089,1.9931243931223301,-0.9611684025892376,0.8317662495304069,leave-one-disease-out standardization within region,0.9999977052523201
Parkinson disease,Cerebellum 8 L,-2.0916111108976527,-0.8793989690480033,1.2563738964649216,-0.964849831137426,0.8326899836625734,leave-one-disease-out standardization within region,0.9999977052523201
Epilepsy,Cingulate Mid R,-1.411062113081598,-0.4406546693338252,1.0003727781040463,-0.9700458319017183,0.8339881762598378,leave-one-disease-out standardization within region,0.9999977052523201
Multiple sclerosis,Frontal Inf Tri L,-0.5298094856322149,0.3891547447127095,0.946393229965764,-0.9710173332264519,0.8342301764036804,leave-one-disease-out standardization within region,0.9999977052523201
Schizophrenia,Pallidum R,-1.762373110013822,-0.594884658076019,1.1839164507229225,-0.9861240218639683,0.8379638714784725,leave-one-disease-out standardization within region,0.9999977052523201
Attention deficit-hyperactivity disorder,Temporal Pole Sup R,-1.6924689694727515,-0.5953976967456609,1.110500341315434,-0.9879071909402243,0.8384009483119448,leave-one-disease-out standardization within region,0.9999977052523201
Multiple sclerosis,Thal MGN L,-1.016140415849576,0.23966921827131882,1.2700799422637303,-0.9887642441487573,0.8386107489473201,leave-one-disease-out standardization within region,0.9999977052523201
Schizophrenia,Thal IL L,-0.6690147191801091,0.5734919529583881,1.2545197620738184,-0.9904241524936501,0.8390165775021404,leave-one-disease-out standardization within region,0.9999977052523201
Amyotrophic lateral sclerosis,OFCpost L,-1.134129921165315,0.13960243471670486,1.284829303292236,-0.991363095952294,0.8392458432133392,leave-one-disease-out standardization within region,0.9999977052523201
Alzheimer disease,Lingual L,-0.49183546053787836,0.43531478023493075,0.9301322323504732,-0.9967940132876286,0.8405677476130884,leave-one-disease-out standardization within region,0.9999977052523201
Attention deficit-hyperactivity disorder,ACC sup R,-1.1346266868363166,-0.33936253861945526,0.7959059734575593,-0.9991935916275264,0.8411495401742946,leave-one-disease-out standardization within region,0.9999977052523201
Major depressive disorder,Pallidum L,-1.0527313375296605,-0.10548346644907432,0.9457742467573264,-1.0015581142416514,0.8417214703820153,leave-one-disease-out standardization within region,0.9999977052523201
Amyotrophic lateral sclerosis,Rectus R,-0.7794841529619837,0.5935928916322644,1.3649804870817397,-1.005931628758898,0.842775769826274,leave-one-disease-out standardization within region,0.9999977052523201
Migraine,Parietal Sup R,-1.6277018513925647,-0.5728140004995451,1.0424116812082795,-1.0119685628141453,0.8442234575677081,leave-one-disease-out standardization within region,0.9999977052523201
Major depressive disorder,Postcentral R,-1.3131046047236172,-0.35043290497503615,0.9504788058385908,-1.0128281596970832,0.8444288761547261,leave-one-disease-out standardization within region,0.9999977052523201
Major depressive disorder,Postcentral L,-1.3288662856027067,-0.3674075714372106,0.9466386072011077,-1.0156555066016233,0.8451032686574391,leave-one-disease-out standardization within region,0.9999977052523201
Major depressive disorder,Cerebellum 9 L,-1.342301672489496,-0.4392559940703474,0.8855526301671995,-1.0197538211237047,0.8460773854204711,leave-one-disease-out standardization within region,0.9999977052523201
Alzheimer disease,Occipital Inf L,-0.40126654195443673,0.5349756649873373,0.9165659465697015,-1.0214673700738195,0.8464834695631878,leave-one-disease-out standardization within region,0.9999977052523201
Major depressive disorder,Paracentral Lobule L,-2.0410905820285787,-0.8909295472784416,1.1219229854712882,-1.0251693294856483,0.8473583513710123,leave-one-disease-out standardization within region,0.9999977052523201
Epilepsy,Cerebellum 6 L,-1.243796807038855,-0.05810641615710837,1.1542689754827846,-1.0272219179986362,0.8478420101770356,leave-one-disease-out standardization within region,0.9999977052523201
Major depressive disorder,Raphe M,-1.1680524759773994,-0.14963611827692708,0.9851098174413896,-1.0338099769887477,0.8493874967369491,leave-one-disease-out standardization within region,0.9999977052523201
Alzheimer disease,LC R,-0.9696448245139102,-0.15616430990690428,0.786674083048822,-1.034075651067966,0.8494496008914634,leave-one-disease-out standardization within region,0.9999977052523201
Parkinson disease,Occipital Sup L,-0.9807699465916291,0.12150002263871862,1.0640975782239641,-1.035873017463394,0.8498693064015641,leave-one-disease-out standardization within region,0.9999977052523201
Alzheimer disease,Supp Motor Area R,-2.142362539246166,-0.9226235278961767,1.1773505788073244,-1.0360032375281159,0.8498996839376183,leave-one-disease-out standardization within region,0.9999977052523201
Multiple sclerosis,Cerebellum 4 5 L,-1.2188435785154184,-0.08322786992159768,1.0924256043430653,-1.0395359684714895,0.8507222305244297,leave-one-disease-out standardization within region,0.9999977052523201
Multiple sclerosis,Frontal Med Orb L,-0.8256123928318447,0.22431996931935735,1.0063189473647227,-1.0433395544232682,0.8516044711038191,leave-one-disease-out standardization within region,0.9999977052523201
Alzheimer disease,Parietal Inf R,-0.8461787509916261,0.4505226511877716,1.235748886968019,-1.049324353721191,0.8529855695161044,leave-one-disease-out standardization within region,0.9999977052523201
Migraine,Postcentral L,-1.3585612651318089,-0.36410812926731034,0.9427961377467728,-1.0547912704025102,0.854239601013415,leave-one-disease-out standardization within region,0.9999977052523201
Multiple sclerosis,Putamen L,-1.6975611500273522,0.027570000544640056,1.6329822375644476,-1.0564298318057534,0.8546140586229909,leave-one-disease-out standardization within region,0.9999977052523201
Attention deficit-hyperactivity disorder,Thal VPL R,-2.092983946140323,-0.5047149430464146,1.5009658169284936,-1.0581646731596244,0.8550098130919328,leave-one-disease-out standardization within region,0.9999977052523201
Epilepsy,Frontal Sup 2 L,-0.3052018273344591,0.40596717123938064,0.6680111582308359,-1.0646064662412276,0.8564729737819644,leave-one-disease-out standardization within region,0.9999977052523201
Multiple sclerosis,Occipital Inf L,-0.4333143241512554,0.5385365296758726,0.9123866316197126,-1.0651743681314705,0.8566014847613848,leave-one-disease-out standardization within region,0.9999977052523201
Attention deficit-hyperactivity disorder,ParaHippocampal R,-1.2686181571416575,-0.10248336559138044,1.0804087681344199,-1.079345916049796,0.8597832243907824,leave-one-disease-out standardization within region,0.9999977052523201
Attention deficit-hyperactivity disorder,Postcentral R,-1.3638862083032317,-0.3447905045773012,0.9438380658325733,-1.0797357519448756,0.8598700657615992,leave-one-disease-out standardization within region,0.9999977052523201
Epilepsy,Cerebellum 8 R,-1.8324425265632367,0.04085860891515777,1.7337042496661617,-1.0805194345224183,0.8600445313855835,leave-one-disease-out standardization within region,0.9999977052523201
Epilepsy,Cerebellum Crus1 R,-1.42228431079151,-0.5025421985486305,0.849310020722616,-1.082928600630825,0.8605799420429604,leave-one-disease-out standardization within region,0.9999977052523201
Epilepsy,Hippocampus L,-0.869580723833781,0.9282139801808751,1.6431896432688333,-1.0940883855854053,0.8630418921040586,leave-one-disease-out standardization within region,0.9999977052523201
Epilepsy,Cerebellum 4 5 R,-1.2733246680941546,-0.07840824317416334,1.0869220139606104,-1.0993580124169742,0.8641940312759695,leave-one-disease-out standardization within region,0.9999977052523201
Attention deficit-hyperactivity disorder,Thal PuI R,-1.5554558908969691,-0.14808788106806547,1.2763889424628734,-1.102616892867544,0.8649032144655434,leave-one-disease-out standardization within region,0.9999977052523201
Attention deficit-hyperactivity disorder,Precentral R,-2.1482108190091305,-0.8619078803820233,1.164941061506595,-1.1041785555773589,0.8652421549711358,leave-one-disease-out standardization within region,0.9999977052523201
Multiple sclerosis,Cerebellum Crus1 L,-1.901533009022899,-0.47429234939876747,1.285169334057835,-1.110546775278022,0.8666182582051161,leave-one-disease-out standardization within region,0.9999977052523201
Alzheimer disease,Rolandic Oper L,-1.2515414036990216,0.14719357262080213,1.2574041772618278,-1.1123988623656105,0.8670166532246979,leave-one-disease-out standardization within region,0.9999977052523201
Major depressive disorder,Thal PuA L,-1.2085870321911718,0.056168690886542985,1.1353394147262625,-1.1139890914318828,0.8673580667506238,leave-one-disease-out standardization within region,0.9999977052523201
Epilepsy,Insula L,-1.2386539141975643,-0.10601393003856757,1.0103881734353348,-1.1209948947719806,0.8688549822428469,leave-one-disease-out standardization within region,0.9999977052523201
Multiple sclerosis,Rectus R,-0.904381683405233,0.6074703950148477,1.348381127405329,-1.1212349740679897,0.8689060718650268,leave-one-disease-out standardization within region,0.9999977052523201
Bipolar disorder,Rolandic Oper L,-1.261781311206274,0.14833134012160792,1.2559737148948857,-1.1227246514835674,0.8692227725183586,leave-one-disease-out standardization within region,0.9999977052523201
Migraine,Frontal Mid 2 L,-0.4352694742338129,0.3340741335501909,0.685103245254258,-1.1229600985154904,0.8692727793654802,leave-one-disease-out standardization within region,0.9999977052523201
Schizophrenia,Vermis 9,-0.3795135254593939,0.9512416604616409,1.1804053638052805,-1.1273713477809613,0.8702072460154265,leave-one-disease-out standardization within region,0.9999977052523201
Migraine,Fusiform L,-0.6371526765861091,0.31606017957930993,0.8451277420274242,-1.1278920437266717,0.8703172427987816,leave-one-disease-out standardization within region,0.9999977052523201
Major depressive disorder,Thal VPL L,-1.7869960634588302,-0.3626340894038076,1.2607848271062547,-1.129742318777907,0.8707075901453343,leave-one-disease-out standardization within region,0.9999977052523201
Attention deficit-hyperactivity disorder,Cingulate Mid R,-1.5404697730405679,-0.4262760404494952,0.9833744328328815,-1.1330310158474735,0.8713993856755149,leave-one-disease-out standardization within region,0.9999977052523201
Parkinson disease,Cuneus L,-1.060334604199404,0.3702611811939182,1.258728707573587,-1.1365402066272392,0.8721347258139173,leave-one-disease-out standardization within region,0.9999977052523201
Amyotrophic lateral sclerosis,ACC sup L,-1.8279284236785414,-0.20488896977077342,1.4250554432670313,-1.1389307423624484,0.8726339789773971,leave-one-disease-out standardization within region,0.9999977052523201
Schizophrenia,OFClat R,-0.12173970603492254,0.5196654116185564,0.5588213672537004,-1.1477820198709157,0.8744707191636933,leave-one-disease-out standardization within region,0.9999977052523201
Multiple sclerosis,Rectus L,-0.9881187228213693,0.43378525517246647,1.2381413270980555,-1.1484181545950667,0.87460200868073,leave-one-disease-out standardization within region,0.9999977052523201
Major depressive disorder,Frontal Inf Orb 2 R,-1.9788930531909195,-0.39823099031900155,1.3745940752686294,-1.1499118840323954,0.8749099171698476,leave-one-disease-out standardization within region,0.9999977052523201
Multiple sclerosis,Thal VPL R,-2.2025504566935394,-0.4925408863182794,1.4858417729764797,-1.150869225428843,0.8751069799440742,leave-one-disease-out standardization within region,0.9999977052523201
Schizophrenia,LC L,-1.903616582946944,-0.05259432854956536,1.6019843388990695,-1.15545589894434,0.8760481088556891,leave-one-disease-out standardization within region,0.9999977052523201
Multiple sclerosis,Parietal Inf R,-0.9557448703592067,0.462696664450836,1.2206102376479233,-1.1620757315155197,0.877397647870465,leave-one-disease-out standardization within region,0.9999977052523201
Epilepsy,OFCant R,-0.2703497569460347,1.4911275370242556,1.50295454910512,-1.1720096891945924,0.8794034169495007,leave-one-disease-out standardization within region,0.9999977052523201
Attention deficit-hyperactivity disorder,Cerebellum Crus2 R,-2.0578718092551034,-0.7902635098230287,1.0739777993449857,-1.1802928330596623,0.8810581161797069,leave-one-disease-out standardization within region,0.9999977052523201
Parkinson disease,Occipital Mid L,-0.38472716922528866,0.5258593057438955,0.7698215079741233,-1.182854032443833,0.8815664989373357,leave-one-disease-out standardization within region,0.9999977052523201
Amyotrophic lateral sclerosis,OFCpost R,-0.9176097132646234,0.004629074816275367,0.7790639787937981,-1.183777986384089,0.8817495207451554,leave-one-disease-out standardization within region,0.9999977052523201
Alzheimer disease,Frontal Inf Oper L,-1.1925654046908645,0.14657436271583035,1.1308195146691413,-1.1842206028771132,0.8818371257383368,leave-one-disease-out standardization within region,0.9999977052523201
Epilepsy,Frontal Mid 2 L,-0.46832779428899746,0.3377472802229892,0.6803354832583582,-1.184819981241341,0.8819556846960386,leave-one-disease-out standardization within region,0.9999977052523201
Major depressive disorder,Frontal Inf Oper L,-1.1942629155518312,0.14676297503371552,1.1305680313308655,-1.186152317615896,0.882218923637978,leave-one-disease-out standardization within region,0.9999977052523201
Multiple sclerosis,Frontal Inf Tri R,-1.645005518525821,-0.036715265374926975,1.3556577491115909,-1.1863541916865536,0.8822587730306917,leave-one-disease-out standardization within region,0.9999977052523201
Amyotrophic lateral sclerosis,Temporal Inf L,-0.6912813537298224,0.19373912055582607,0.7416115098698377,-1.1933747824935739,0.8836386867112498,leave-one-disease-out standardization within region,0.9999977052523201
Migraine,Precuneus R,-0.5723990125439609,0.5134923501372489,0.9090164655714006,-1.1945783204252818,0.8838740881400128,leave-one-disease-out standardization within region,0.9999977052523201
Alzheimer disease,Thal AV L,-0.09575314818531673,1.0259352518088827,0.9337746231036597,-1.2012410406549237,0.8851711431452913,leave-one-disease-out standardization within region,0.9999977052523201
Amyotrophic lateral sclerosis,Thal MDl L,-0.3773147559731015,0.43390340340161293,0.6735151323696026,-1.2044542436940304,0.8857929714293631,leave-one-disease-out standardization within region,0.9999977052523201
Parkinson disease,Cerebellum 7b R,-1.4907329807391219,-0.0817300672221889,1.1565034151099955,-1.2183300931998735,0.8884507206514901,leave-one-disease-out standardization within region,0.9999977052523201
Bipolar disorder,Supp Motor Area L,-1.0790970708080754,-0.16899184960863936,0.7465560165425008,-1.2190715780637267,0.8885914868521846,leave-one-disease-out standardization within region,0.9999977052523201
Migraine,Angular L,-0.07693185232351935,1.040870506975276,0.9079868683920569,-1.2310776710662106,0.8908530920550221,leave-one-disease-out standardization within region,0.9999977052523201
Amyotrophic lateral sclerosis,Amygdala L,-0.8603026682683607,0.8818307966437442,1.4147155622671213,-1.2314372665274758,0.8909203169522407,leave-one-disease-out standardization within region,0.9999977052523201
Bipolar disorder,SN pr R,-0.9209334569414368,0.42944401044507025,1.089134691875272,-1.23986268866473,0.8924869067785131,leave-one-disease-out standardization within region,0.9999977052523201
Migraine,Paracentral Lobule R,-1.9246917483324946,-0.2558129921106297,1.3386924660304296,-1.2466483517088307,0.893736767822141,leave-one-disease-out standardization within region,0.9999977052523201
Multiple sclerosis,Temporal Inf R,-0.9112230416775192,0.5268512754955833,1.1533585669452648,-1.2468579662800992,0.8937752092303554,leave-one-disease-out standardization within region,0.9999977052523201
Epilepsy,Temporal Pole Sup L,-1.0679672896389876,0.06491896639578403,0.9058931424795498,-1.2505738291979025,0.8944549981253722,leave-one-disease-out standardization within region,0.9999977052523201
Migraine,Rolandic Oper L,-1.3918139745997515,0.16277941383199435,1.2366411745897739,-1.2571095159818249,0.8956430090893315,leave-one-disease-out standardization within region,0.9999977052523201
Attention deficit-hyperactivity disorder,ACC sup L,-1.974255513069133,-0.1886304042829299,1.403009451452132,-1.2727106769937004,0.8984396362644015,leave-one-disease-out standardization within region,0.9999977052523201
Migraine,Heschl L,-0.26591600835146595,0.6775564109892593,0.7401196264174572,-1.2747566550931713,0.8988023065407008,leave-one-disease-out standardization within region,0.9999977052523201
Multiple sclerosis,OFCant R,-0.39167154499164863,1.5046077356959904,1.4843859608240833,-1.2774839770344404,0.8992842831400769,leave-one-disease-out standardization within region,0.9999977052523201
Amyotrophic lateral sclerosis,Fusiform R,-1.7477624555996873,-0.31657714396626424,1.1182473246799074,-1.2798468460839758,0.8997004976831107,leave-one-disease-out standardization within region,0.9999977052523201
Amyotrophic lateral sclerosis,Thal PuM L,-0.7638364495273356,0.6959778897289326,1.1283463376121399,-1.2937644148742455,0.9021265961031092,leave-one-disease-out standardization within region,0.9999977052523201
Migraine,Cerebellum 10 L,-1.3001846590790482,-0.03652612529091145,0.975255526869662,-1.295720453740139,0.9024640940103443,leave-one-disease-out standardization within region,0.9999977052523201
Alzheimer disease,Temporal Mid L,-1.285502946003979,0.44176520140433767,1.3316912342245442,-1.2970485222230366,0.9026927539782208,leave-one-disease-out standardization within region,0.9999977052523201
Major depressive disorder,Thal AV R,-0.7072752786952005,0.578671448887297,0.9868086373795303,-1.3031368786934499,0.9037359824345939,leave-one-disease-out standardization within region,0.9999977052523201
Migraine,Postcentral R,-1.5305463904930783,-0.32627270655620716,0.9189732863972008,-1.3104555940447187,0.9049791214671568,leave-one-disease-out standardization within region,0.9999977052523201
Amyotrophic lateral sclerosis,Cingulate Mid R,-1.6756747907953045,-0.41125326069896895,0.9627176041272302,-1.313387772983149,0.9054738422675945,leave-one-disease-out standardization within region,0.9999977052523201
Migraine,Occipital Inf R,-0.6482254920475866,0.6350067002522658,0.9721525404556232,-1.3199905764772617,0.9065809178617354,leave-one-disease-out standardization within region,0.9999977052523201
Bipolar disorder,Red N L,-2.7328465684293315,-0.18550106156131008,1.9119132955794316,-1.3323540940678553,0.9086280703019052,leave-one-disease-out standardization within region,0.9999977052523201
Attention deficit-hyperactivity disorder,Occipital Mid R,-0.823022552313073,0.854715149691685,1.2570574010015914,-1.3346548062705643,0.9090053242588314,leave-one-disease-out standardization within region,0.9999977052523201
Parkinson disease,Pallidum R,-2.0829869261569938,-0.5592609007267777,1.1374546559473364,-1.3395927630725386,0.9098111110507028,leave-one-disease-out standardization within region,0.9999977052523201
Epilepsy,Temporal Inf R,-0.9922010527752594,0.5358488322842211,1.1402684460798374,-1.3400790755131464,0.9098901809789456,leave-one-disease-out standardization within region,0.9999977052523201
Migraine,Precentral R,-2.361297963740574,-0.8382315309674184,1.13236814444471,-1.3450276221961683,0.9106918427213864,leave-one-disease-out standardization within region,0.9999977052523201
Migraine,Cingulate Mid L,-1.2858663763578788,0.2296070544094455,1.126414329070991,-1.3453960870838793,0.9107513208957099,leave-one-disease-out standardization within region,0.9999977052523201
Migraine,Precentral L,-2.2786377561914875,-0.5082223822323405,1.311765496560637,-1.3496431935441662,0.9114347689724831,leave-one-disease-out standardization within region,0.9999977052523201
Alzheimer disease,Parietal Inf L,-0.8593416558894444,0.15640758466518553,0.7523414468532242,-1.3501173500451777,0.911510828062508,leave-one-disease-out standardization within region,0.9999977052523201
Schizophrenia,Olfactory L,-1.900382886962313,-0.2142449031000098,1.2457846076744112,-1.3534747286771578,0.912047990945485,leave-one-disease-out standardization within region,0.9999977052523201
Bipolar disorder,Thal LGN L,-1.5031374010936087,-0.03758164904387478,1.0804638237043342,-1.3564135326855506,0.9125161850422694,leave-one-disease-out standardization within region,0.9999977052523201
Schizophrenia,Thal PuM R,-0.7067648681018408,0.6778782895463202,1.017002935001865,-1.3614937676120098,0.9133211491184885,leave-one-disease-out standardization within region,0.9999977052523201
Amyotrophic lateral sclerosis,Cingulate Mid L,-1.303577201519922,0.23157492387189482,1.1234124815729756,-1.3665079839974124,0.9141102116782824,leave-one-disease-out standardization within region,0.9999977052523201
Multiple sclerosis,Cerebellum 6 L,-1.543154589385679,-0.024844440340794558,1.109573754702654,-1.368372442669901,0.914402237216525,leave-one-disease-out standardization within region,0.9999977052523201
Multiple sclerosis,Frontal Med Orb R,-1.0122236417009671,0.5944784199250513,1.1650178463333016,-1.3791222741203868,0.9160714713383831,leave-one-disease-out standardization within region,0.9999977052523201
Epilepsy,Cerebellum Crus2 L,-2.3455535665240768,-0.6441655047497625,1.2259691823947891,-1.3877902366606387,0.9173995356598524,leave-one-disease-out standardization within region,0.9999977052523201
Amyotrophic lateral sclerosis,Rectus L,-1.2144462707234476,0.4589327604949196,1.2022584868387864,-1.3918629392405815,0.9180180468109893,leave-one-disease-out standardization within region,0.9999977052523201
Major depressive disorder,Parietal Inf R,-1.173602349351254,0.486903051005508,1.1857667983609608,-1.4003642222501202,0.919297860938059,leave-one-disease-out standardization within region,0.9999977052523201
Multiple sclerosis,OFCmed R,-1.2894153075931032,0.5265083708027393,1.2904822772015643,-1.40716669300853,0.9203110172315176,leave-one-disease-out standardization within region,0.9999977052523201
Amyotrophic lateral sclerosis,Insula R,-1.4330684064582817,-0.12331737287839618,0.9298637740450068,-1.4085407670871277,0.9205144978719471,leave-one-disease-out standardization within region,0.9999977052523201
Migraine,Temporal Mid L,-1.39749773667637,0.4542090670346033,1.312744538934155,-1.4105614221137137,0.9208130132648316,leave-one-disease-out standardization within region,0.9999977052523201
Parkinson disease,N Acc R,-1.3598926359791164,0.24458075971748533,1.1293531201827722,-1.420701255455811,0.9222981862987416,leave-one-disease-out standardization within region,0.9999977052523201
Multiple sclerosis,Cerebellum 7b L,-2.583815280025072,-0.8084138508641496,1.2459432539197204,-1.4249456574972688,0.9229135448872169,leave-one-disease-out standardization within region,0.9999977052523201
Schizophrenia,SN pr R,-1.0708662976258791,0.4461032149655639,1.0641784118766162,-1.4254842004512724,0.9229913579984483,leave-one-disease-out standardization within region,0.9999977052523201
Schizophrenia,Vermis 8,-0.7738592737094828,0.8123906781793387,1.1120499921317057,-1.426419642203418,0.9231263763819701,leave-one-disease-out standardization within region,0.9999977052523201
Multiple sclerosis,Temporal Inf L,-0.8200721720664748,0.2080492114821208,0.7205471833185862,-1.4268619839903212,0.9231901597410738,leave-one-disease-out standardization within region,0.9999977052523201
Multiple sclerosis,Heschl L,-0.3499427593358789,0.6868927166541943,0.725931957286038,-1.4282819010563688,0.9233946324416689,leave-one-disease-out standardization within region,0.9999977052523201
Epilepsy,ACC sup R,-1.3939878545715274,-0.3105446310933207,0.756675856206591,-1.4318459015063385,0.9239060362725923,leave-one-disease-out standardization within region,0.9999977052523201
Schizophrenia,Cerebellum 8 R,-2.2894858563097014,0.09164120110920944,1.6621291080657308,-1.4325764742727474,0.9240105455540074,leave-one-disease-out standardization within region,0.9999977052523201
Attention deficit-hyperactivity disorder,Thal PuI L,-1.527252679760904,0.026824675629953623,1.0832905587756856,-1.434589587070016,0.9242979581932436,leave-one-disease-out standardization within region,0.9999977052523201
Migraine,Supp Motor Area R,-2.4955941049278394,-0.8833755761537684,1.1229925582735116,-1.435644890873271,0.9244482929833076,leave-one-disease-out standardization within region,0.9999977052523201
Alzheimer disease,Temporal Mid R,-1.918549388088461,0.025114882164387134,1.3488855433247149,-1.440940841772335,0.9251993017742028,leave-one-disease-out standardization within region,0.9999977052523201
Bipolar disorder,Cerebellum 10 L,-1.4049996759059156,-0.024880012310148383,0.9573321710144079,-1.4416309253802317,0.9252967403073742,leave-one-disease-out standardization within region,0.9999977052523201
Migraine,Cingulate Post L,-0.9480635068263991,0.626650417033869,1.088391971585388,-1.4468261113378917,0.926027184169472,leave-one-disease-out standardization within region,0.9999977052523201
Schizophrenia,Raphe M,-1.473005990573166,-0.11575239443295302,0.9380206499200845,-1.4469336002953084,0.9260422393014657,leave-one-disease-out standardization within region,0.9999977052523201
Bipolar disorder,Frontal Sup 2 R,-1.021126545551879,0.8493961571607224,1.2881267972629427,-1.4521262244424649,0.9267667443172725,leave-one-disease-out standardization within region,0.9999977052523201
Epilepsy,SN pr R,-1.0915709125086828,0.44840372773031983,1.0604546599826477,-1.4521833873257735,0.9267746896880853,leave-one-disease-out standardization within region,0.9999977052523201
Amyotrophic lateral sclerosis,Olfactory R,-1.7687898736560694,-0.46258772404806753,0.8993196859277,-1.452433622934184,0.926809463493325,leave-one-disease-out standardization within region,0.9999977052523201
Epilepsy,OFCant L,-0.49569985152805984,0.9856062640578079,1.017034569345805,-1.4564953446358266,0.9273721321894954,leave-one-disease-out standardization within region,0.9999977052523201
Migraine,Precuneus L,-1.4438585748696373,0.14265138177507253,1.087474229395066,-1.4588943018238183,0.9277028991413991,leave-one-disease-out standardization within region,0.9999977052523201
Multiple sclerosis,Temporal Sup L,-1.4148627147204955,0.2654999970535288,1.1488479504864735,-1.4626502236979957,0.9282184435112697,leave-one-disease-out standardization within region,0.9999977052523201
Major depressive disorder,Thal PuM R,-0.784124621197386,0.6864738176680475,1.003336868497119,-1.465707565464247,0.9286360138926242,leave-one-disease-out standardization within region,0.9999977052523201
Schizophrenia,Thal LGN R,-2.483928758496902,-0.18209917203331422,1.5644640032215669,-1.4713215399802277,0.9293979096212981,leave-one-disease-out standardization within region,0.9999977052523201
Schizophrenia,Thal PuA R,-1.7702865442407956,-0.05564992426963141,1.1636859895532798,-1.4734530065360547,0.9296855367911323,leave-one-disease-out standardization within region,0.9999977052523201
Epilepsy,Cerebellum 9 R,-1.652801319399642,-0.5651977513851326,0.7368931295974048,-1.475931209466849,0.930018819902315,leave-one-disease-out standardization within region,0.9999977052523201
Amyotrophic lateral sclerosis,Cerebellum 6 L,-1.6350503370015599,-0.014633801716807825,1.0932060476976182,-1.4822608589638546,0.9308645506570938,leave-one-disease-out standardization within region,0.9999977052523201
Schizophrenia,Olfactory R,-1.7890069620338145,-0.46034138089498466,0.8956099755334768,-1.4835314673079656,0.9310333688084315,leave-one-disease-out standardization within region,0.9999977052523201
Migraine,Insula L,-1.5096387255290893,-0.07590450655728703,0.9664125451187012,-1.4835633355687674,0.9310375988658877,leave-one-disease-out standardization within region,0.9999977052523201
Amyotrophic lateral sclerosis,Fusiform L,-0.8670551512397598,0.3416048989852711,0.8075353917700091,-1.4967270320819133,0.9327678502750015,leave-one-disease-out standardization within region,0.9999977052523201
Alzheimer disease,Calcarine L,-0.615534752167411,0.5047875553827049,0.7484748119743623,-1.4968069594685178,0.9327782525476104,leave-one-disease-out standardization within region,0.9999977052523201
Parkinson disease,Parietal Sup R,-2.0039868348761876,-0.5310045578902537,0.98372870597272,-1.4973460345750869,0.9328483788101872,leave-one-disease-out standardization within region,0.9999977052523201
Epilepsy,Cingulate Mid L,-1.421831145530072,0.24471425098413369,1.102147419276268,-1.5120893696857298,0.9347444356047694,leave-one-disease-out standardization within region,0.9999977052523201
Bipolar disorder,SupraMarginal L,-1.2607138570776888,0.5138529319212164,1.1666478517006282,-1.521081778372206,0.9358803417377044,leave-one-disease-out standardization within region,0.9999977052523201
Epilepsy,OFCpost L,-1.6412666969004528,0.1959509653539424,1.2056436842573157,-1.5238479546186428,0.9362266514445552,leave-one-disease-out standardization within region,0.9999977052523201
Alzheimer disease,Cingulate Post L,-1.015177504237151,0.634107527857286,1.0758950467465456,-1.53294230425337,0.9373549643762763,leave-one-disease-out standardization within region,0.9999977052523201
Multiple sclerosis,Insula L,-1.549384595957295,-0.07148829873193087,0.958899132447651,-1.5412427097028858,0.9383711368110118,leave-one-disease-out standardization within region,0.9999977052523201
Amyotrophic lateral sclerosis,Frontal Med Orb L,-1.2015853015592939,0.2660947369557406,0.9457053276044265,-1.5519422336689443,0.9396619768776895,leave-one-disease-out standardization within region,0.9999977052523201
Schizophrenia,Thal PuI R,-1.9783820740515137,-0.10109608293978277,1.206450562597304,-1.5560405451427868,0.9401507743174475,leave-one-disease-out standardization within region,0.9999977052523201
Attention deficit-hyperactivity disorder,Paracentral Lobule L,-2.4808451222999928,-0.8420679316927291,1.0513824967330543,-1.5586879139603451,0.9404648681396159,leave-one-disease-out standardization within region,0.9999977052523201
Schizophrenia,Thal VPL R,-2.646063321576707,-0.4432616791090385,1.4109581887772293,-1.5612097225763082,0.9407628621290582,leave-one-disease-out standardization within region,0.9999977052523201
Multiple sclerosis,Parietal Sup L,-0.6489333231082762,0.3590457778166845,0.6450388174991251,-1.5626642514833273,0.9409342064954356,leave-one-disease-out standardization within region,0.9999977052523201
Amyotrophic lateral sclerosis,Temporal Pole Mid L,-2.039453989482938,-0.2601914522428968,1.1368325469632976,-1.565105205681171,0.9412208784108794,leave-one-disease-out standardization within region,0.9999977052523201
Epilepsy,Temporal Inf L,-0.8952328542615586,0.21640039839268568,0.7064595290000418,-1.5735271548077292,0.9422015971608113,leave-one-disease-out standardization within region,0.9999977052523201
Epilepsy,OFCmed R,-1.4452187736856688,0.5438198670352465,1.2614441002527956,-1.5767949133237917,0.9425786387674996,leave-one-disease-out standardization within region,0.9999977052523201
Attention deficit-hyperactivity disorder,Supp Motor Area R,-2.610456125561626,-0.870613129416681,1.1013556264588495,-1.579728612944941,0.942915484978768,leave-one-disease-out standardization within region,0.9999977052523201
Multiple sclerosis,Parietal Sup R,-2.062298640769008,-0.5245254683466071,0.9725105878781891,-1.58124054543971,0.943088476012733,leave-one-disease-out standardization within region,0.9999977052523201
Migraine,OFCpost R,-1.1462262154975853,0.03003090839771558,0.7395754414769005,-1.5904491386928232,0.9441331992285692,leave-one-disease-out standardization within region,0.9999977052523201
Alzheimer disease,Precuneus L,-1.549957474527505,0.1544401484037245,1.0672183424514405,-1.597046785211885,0.9448723605937471,leave-one-disease-out standardization within region,0.9999977052523201
Multiple sclerosis,Frontal Inf Orb 2 L,-0.2914485650763866,1.0801482069732258,0.8578225633802645,-1.5989282989302729,0.9450817323698723,leave-one-disease-out standardization within region,0.9999977052523201
Major depressive disorder,Thal VL L,-1.4545023991218329,0.08137926868984698,0.9578055033032902,-1.6035423293296125,0.9455925142324776,leave-one-disease-out standardization within region,0.9999977052523201
Attention deficit-hyperactivity disorder,Paracentral Lobule R,-2.268332629678484,-0.21763067196107533,1.2776237784495397,-1.6050906317711446,0.9457630696630437,leave-one-disease-out standardization within region,0.9999977052523201
Multiple sclerosis,Temporal Mid L,-1.5931298158956304,0.4759459647256322,1.275703479794188,-1.6219096470247703,0.9475886521766014,leave-one-disease-out standardization within region,0.9999977052523201
Multiple sclerosis,Cerebellum Crus2 R,-2.3992741817914767,-0.7523299128745429,1.0144204839569029,-1.6235321496001094,0.9477621517472739,leave-one-disease-out standardization within region,0.9999977052523201
Alzheimer disease,N Acc R,-1.526615695411749,0.263105544098889,1.097589247318921,-1.6305929052078327,0.9485118763974565,leave-one-disease-out standardization within region,0.9999977052523201
Attention deficit-hyperactivity disorder,Postcentral L,-1.751665830738338,-0.3204298441999182,0.8773088816120561,-1.6313934767291103,0.9485963397709688,leave-one-disease-out standardization within region,0.9999977052523201
Epilepsy,Rectus L,-1.4311929577671412,0.48301572572199664,1.1611312372943465,-1.6485722044216147,0.9503823464800195,leave-one-disease-out standardization within region,0.9999977052523201
Alzheimer disease,Occipital Sup L,-1.4520554721047658,0.17386508102906714,0.9856896407987964,-1.6495258607123005,0.950480025178,leave-one-disease-out standardization within region,0.9999977052523201
Epilepsy,OFCmed L,-1.291184486830864,0.4049225842838909,1.014972117192427,-1.6710873553910568,0.9526477877141907,leave-one-disease-out standardization within region,0.9999977052523201
Epilepsy,Frontal Inf Orb 2 L,-0.33799307882983204,1.0853198196124973,0.8482915691521147,-1.6778581211940613,0.9533126001260293,leave-one-disease-out standardization within region,0.9999977052523201
Epilepsy,ACC pre L,-1.711889204161965,0.43129732677368604,1.2770190646227428,-1.678272932885925,0.9533530852333496,leave-one-disease-out standardization within region,0.9999977052523201
Migraine,Paracentral Lobule L,-2.571518396719006,-0.8319931234239499,1.0330125537180808,-1.6839343017023871,0.9539028168567995,leave-one-disease-out standardization within region,0.9999977052523201
Alzheimer disease,Angular L,-0.37143560344747095,1.0735931459890484,0.8544558100305428,-1.6911684986785522,0.9545976872011793,leave-one-disease-out standardization within region,0.9999977052523201
Alzheimer disease,Parietal Sup L,-0.7102468806721163,0.3658583953237779,0.632536360736788,-1.7012544144378206,0.9555523880277283,leave-one-disease-out standardization within region,0.9999977052523201
Major depressive disorder,OFClat L,-1.6624432262018551,0.0834186247851904,1.0250094564008192,-1.7032641407206146,0.955740675946884,leave-one-disease-out standardization within region,0.9999977052523201
Parkinson disease,Occipital Inf L,-0.8509940781331572,0.5849453912294172,0.8406775284433564,-1.7080740483469767,0.9561886982145065,leave-one-disease-out standardization within region,0.9999977052523201
Amyotrophic lateral sclerosis,ACC sup R,-1.5452772061768019,-0.2937347031371791,0.7269119904049051,-1.721724939964861,0.9574403213763212,leave-one-disease-out standardization within region,0.9999977052523201
Multiple sclerosis,Occipital Mid L,-0.6850574738761424,0.5592293395939905,0.7153519659855786,-1.739405037848484,0.9590182286379756,leave-one-disease-out standardization within region,0.9999977052523201
Multiple sclerosis,Cerebellum 8 L,-2.7914805018843363,-0.8016357033828163,1.1394505968338065,-1.7463195017236426,0.9596222755056638,leave-one-disease-out standardization within region,0.9999977052523201
Epilepsy,Fusiform L,-1.0072140019377644,0.3571781046183827,0.7791238058396643,-1.7511878039533615,0.9600432172153295,leave-one-disease-out standardization within region,0.9999977052523201
Schizophrenia,ACC sup L,-2.4467214825442922,-0.13613418545235667,1.3139712326280544,-1.7584763195085817,0.960666751320864,leave-one-disease-out standardization within region,0.9999977052523201
Parkinson disease,Precuneus L,-1.6705120010413874,0.16783509579415587,1.0419060665114779,-1.7644077099874451,0.9611683194806641,leave-one-disease-out standardization within region,0.9999977052523201
Bipolar disorder,Thal MGN L,-1.719601011115221,0.31783150663416826,1.1504433055031733,-1.7709977606052218,0.9617194629415811,leave-one-disease-out standardization within region,0.9999977052523201
Multiple sclerosis,ACC pre R,-1.0115025876808983,0.5881397998169621,0.8938045388594691,-1.789700452337229,0.9632489601715712,leave-one-disease-out standardization within region,0.9999977052523201
Epilepsy,Cerebellum Crus1 L,-2.512622842614097,-0.40639347899974543,1.1754793771649603,-1.7918046071503093,0.9634178647133882,leave-one-disease-out standardization within region,0.9999977052523201
Epilepsy,Frontal Sup Medial R,-1.7273827767572172,0.6249253745566974,1.3122190967599423,-1.7926184408702035,0.9634830221552914,leave-one-disease-out standardization within region,0.9999977052523201
Alzheimer disease,OFCant R,-0.9266855440943708,1.564053735596293,1.3820318873585746,-1.8022299647883808,0.9642453839479741,leave-one-disease-out standardization within region,0.9999977052523201
Migraine,Temporal Mid R,-2.2752999055357908,0.06475382854742379,1.276113193317797,-1.8337352409932015,0.9666533476397531,leave-one-disease-out standardization within region,0.9999977052523201
Migraine,Temporal Sup L,-1.7027220834451742,0.29748437135627087,1.0896861124802084,-1.8355803858496673,0.9667901298866514,leave-one-disease-out standardization within region,0.9999977052523201
Parkinson disease,SupraMarginal R,-1.863263415238271,-0.0236412263946792,1.0015101598103309,-1.8368482544320721,0.9668838499789892,leave-one-disease-out standardization within region,0.9999977052523201
Alzheimer disease,Putamen R,-2.8743345848806507,0.38895412749918196,1.7569383628857613,-1.8573723366253438,0.9683709003072992,leave-one-disease-out standardization within region,0.9999977052523201
Schizophrenia,Thal VPL L,-2.42637781379617,-0.29159167269965874,1.1424191815241984,-1.8686539718707385,0.9691645141878298,leave-one-disease-out standardization within region,0.9999977052523201
Alzheimer disease,Occipital Mid L,-0.7461585620352801,0.5660183493894502,0.7015718750139771,-1.8703385328817357,0.9692815890905587,leave-one-disease-out standardization within region,0.9999977052523201
Parkinson disease,Cingulate Post L,-1.261541819765854,0.6614813406938085,1.023493524050949,-1.8788816101624255,0.9698696698070403,leave-one-disease-out standardization within region,0.9999977052523201
Multiple sclerosis,Rolandic Oper R,-2.2612076024246215,-0.569927384654245,0.8968298112759509,-1.8858429955223428,0.9703419424546698,leave-one-disease-out standardization within region,0.9999977052523201
Migraine,SupraMarginal R,-1.8971411417531683,-0.01987703455969061,0.9936209755360947,-1.8893161008206627,0.9705752573098171,leave-one-disease-out standardization within region,0.9999977052523201
Multiple sclerosis,OFCmed L,-1.4407218357880356,0.4215378452791322,0.9816592114047266,-1.8970531315061232,0.9710895369566048,leave-one-disease-out standardization within region,0.9999977052523201
Multiple sclerosis,Thal PuI R,-2.2556951624768553,-0.07028351755918923,1.1466006525347636,-1.9059919773169736,0.9716743767304707,leave-one-disease-out standardization within region,0.9999977052523201
Migraine,Occipital Sup L,-1.618311843500989,0.19233801118420304,0.948770310571324,-1.908417489998045,0.971831360961526,leave-one-disease-out standardization within region,0.9999977052523201
Epilepsy,Amygdala L,-1.5070177913893876,0.9536880325460805,1.289055916592705,-1.9089209337324367,0.971863853951452,leave-one-disease-out standardization within region,0.9999977052523201
Epilepsy,Rectus R,-1.6297664492943909,0.6880687023358651,1.2127992694147784,-1.9111449108546208,0.9720070194794056,leave-one-disease-out standardization within region,0.9999977052523201
Alzheimer disease,Cuneus L,-1.727483444232869,0.4443888300865255,1.1331262775428006,-1.9167080645496355,0.9723624849226871,leave-one-disease-out standardization within region,0.9999977052523201
Schizophrenia,SN pc L,-2.5021437931723196,0.453633250474662,1.5348516422677474,-1.9257737765975955,0.9729336864097012,leave-one-disease-out standardization within region,0.9999977052523201
Major depressive disorder,Pallidum R,-2.530786452473938,-0.5095053978026728,1.0465999870670821,-1.9312832788538057,0.9732759849661469,leave-one-disease-out standardization within region,0.9999977052523201
Bipolar disorder,Thal LGN R,-2.9620816998036834,-0.12897106744367182,1.4630915115750371,-1.936386487069514,0.9735898083780552,leave-one-disease-out standardization within region,0.9999977052523201
Parkinson disease,Putamen L,-2.687272962155727,0.1375379796700151,1.4504273711677962,-1.9475714523722587,0.9742668688042329,leave-one-disease-out standardization within region,0.9999977052523201
Migraine,Supp Motor Area L,-1.4465371308547617,-0.12816517627011864,0.6745308832258612,-1.9545019914873147,0.974679060211424,leave-one-disease-out standardization within region,0.9999977052523201
Multiple sclerosis,OFCant L,-0.829346275307558,1.0226780889221967,0.9462241230338597,-1.957278745221212,0.974842647481647,leave-one-disease-out standardization within region,0.9999977052523201
Alzheimer disease,Occipital Mid R,-1.3476358819788654,0.913005519654551,1.1497510763344172,-1.9662007265439472,0.9753622857027683,leave-one-disease-out standardization within region,0.9999977052523201
Multiple sclerosis,Frontal Mid 2 L,-0.8253116097024761,0.3774121486022646,0.6109155308332337,-1.9687234938426492,0.9755075740490727,leave-one-disease-out standardization within region,0.9999977052523201
Schizophrenia,Thal VL L,-1.6841232760915774,0.10689269946426307,0.9065874132430587,-1.975557954360948,0.9758975676725976,leave-one-disease-out standardization within region,0.9999977052523201
Migraine,Fusiform R,-2.2665811411219217,-0.2589306233526827,1.0136372840230319,-1.9806399679785467,0.9761841682972019,leave-one-disease-out standardization within region,0.9999977052523201
Bipolar disorder,Raphe D,-1.8838676154207636,0.348443335109789,1.122466177521518,-1.988755648263405,0.9766359098112369,leave-one-disease-out standardization within region,0.9999977052523201
Migraine,Frontal Inf Tri L,-1.2250599443466657,0.46640479568098187,0.8178003444230162,-2.068310134084168,0.9806945652845702,leave-one-disease-out standardization within region,0.9999977052523201
Multiple sclerosis,Cerebellum Crus1 R,-1.9819576303755542,-0.44035627415040346,0.7410357465032301,-2.080333321974814,0.9812525147713725,leave-one-disease-out standardization within region,0.9999977052523201
Attention deficit-hyperactivity disorder,Precentral L,-2.9014334564064264,-0.43902285998623625,1.1794937436049322,-2.0876843219992245,0.9815868399973019,leave-one-disease-out standardization within region,0.9999977052523201
Schizophrenia,ParaHippocampal R,-1.9880542419444855,-0.02254602283551064,0.9410929725261636,-2.0885377709632524,0.981625324030837,leave-one-disease-out standardization within region,0.9999977052523201
Major depressive disorder,Thal PuA R,-2.24243298437619,-0.0031892086990320413,1.0586849215379364,-2.1151182284000423,0.982790064005575,leave-one-disease-out standardization within region,0.9999977052523201
Bipolar disorder,LC R,-1.5335380378405787,-0.09350950842616335,0.6782431761020241,-2.123174371897846,0.9831303786562001,leave-one-disease-out standardization within region,0.9999977052523201
Migraine,Frontal Inf Tri R,-2.473447905724432,0.055333888758252035,1.1871782521306686,-2.1300775936083687,0.9834173960794347,leave-one-disease-out standardization within region,0.9999977052523201
Schizophrenia,Temporal Pole Mid L,-2.447442426024184,-0.2148594037383139,1.0429716751429874,-2.140597942872985,0.9838467625834277,leave-one-disease-out standardization within region,0.9999977052523201
Schizophrenia,Thal LGN L,-2.041976487403074,0.02228936054606577,0.9641842892369901,-2.1409453265233167,0.9838607763430707,leave-one-disease-out standardization within region,0.9999977052523201
Major depressive disorder,Heschl R,-1.5219966489841545,0.766168722522343,1.0590831685260298,-2.160515282941408,0.9846335991025037,leave-one-disease-out standardization within region,0.9999977052523201
Multiple sclerosis,Frontal Sup 2 L,-0.7927093757356655,0.4601346766172924,0.571449918265145,-2.1923951903894667,0.9858245081891889,leave-one-disease-out standardization within region,0.9999977052523201
Attention deficit-hyperactivity disorder,Heschl R,-1.5486840324137106,0.7691339873478492,1.0518041415829362,-2.2036593393455437,0.986225844636203,leave-one-disease-out standardization within region,0.9999977052523201
Epilepsy,Frontal Med Orb L,-1.5847103208886968,0.3086641835478965,0.8563851679107103,-2.2108912851162352,0.9864783168394052,leave-one-disease-out standardization within region,0.9999977052523201
Schizophrenia,ParaHippocampal L,-2.3155676356672736,0.1587637092805433,1.1143669047562712,-2.2203919861466006,0.9868039147142883,leave-one-disease-out standardization within region,0.9999977052523201
Amyotrophic lateral sclerosis,Thal MDm L,0.17234497301963572,1.391032371116446,0.5445286620942492,-2.2380592298112583,0.9873914035529849,leave-one-disease-out standardization within region,0.9999977052523201
Epilepsy,Insula R,-1.9147952226421852,-0.06979217108018469,0.8213893310248209,-2.246197974424686,0.987654335034056,leave-one-disease-out standardization within region,0.9999977052523201
Multiple sclerosis,Cerebellum Crus2 L,-2.9994476986732264,-0.5715106011776347,1.0795752635916325,-2.2489743692515725,0.9877429365979306,leave-one-disease-out standardization within region,0.9999977052523201
Epilepsy,Frontal Sup Medial L,-1.4225038055286527,0.4160774814543153,0.8125344738128303,-2.262773268382568,0.9881751652168171,leave-one-disease-out standardization within region,0.9999977052523201
Schizophrenia,Raphe D,-2.0723157598546895,0.3693820178246695,1.0723009305658446,-2.2770639361386125,0.9886087960552998,leave-one-disease-out standardization within region,0.9999977052523201
Bipolar disorder,Vermis 8,-1.3551049995206397,0.8769735366028005,0.979403796105117,-2.2790176482876086,0.9886669918860533,leave-one-disease-out standardization within region,0.9999977052523201
Bipolar disorder,Vermis 9,-1.2524591378185963,1.0482356173904408,0.9985487150479084,-2.304038571717209,0.9893897607661453,leave-one-disease-out standardization within region,0.9999977052523201
Schizophrenia,Red N L,-3.877270094015211,-0.05834289205176798,1.6567131367645225,-2.3051227863271584,0.9894201511660811,leave-one-disease-out standardization within region,0.9999977052523201
Amyotrophic lateral sclerosis,Temporal Pole Sup L,-1.6843091188929615,0.1334013918684478,0.7702729123575107,-2.3598266037917557,0.9908582606267552,leave-one-disease-out standardization within region,0.9999977052523201
Bipolar disorder,SN pc L,-2.897802151513124,0.497595290290307,1.4288658631816487,-2.376288446168709,0.9912561068951187,leave-one-disease-out standardization within region,0.9999977052523201
Bipolar disorder,Raphe M,-2.005758615895977,-0.05655765828597397,0.8122145324197751,-2.399859741247035,0.9917993225177943,leave-one-disease-out standardization within region,0.9999977052523201
Schizophrenia,Thal AV R,-1.365854742031679,0.6518469448135724,0.837751103746552,-2.4084739224117744,0.9919903146557995,leave-one-disease-out standardization within region,0.9999977052523201
Parkinson disease,Calcarine L,-1.0197019693810563,0.5496950239619988,0.6514042512480854,-2.409251997259924,0.9920073718819263,leave-one-disease-out standardization within region,0.9999977052523201
Alzheimer disease,Amygdala R,-2.935148012506549,0.5878006713384423,1.4570902453578858,-2.417797178361932,0.9921926111755578,leave-one-disease-out standardization within region,0.9999977052523201
Multiple sclerosis,Frontal Sup Medial L,-1.4940260119680147,0.42402439328091107,0.7915977183571434,-2.42301153827172,0.9923037811088966,leave-one-disease-out standardization within region,0.9999977052523201
Schizophrenia,Thal PuM L,-1.536709397388193,0.7818526617134723,0.9529637162357658,-2.433001403516235,0.9925128785760287,leave-one-disease-out standardization within region,0.9999977052523201
Multiple sclerosis,Cerebellum 4 5 R,-2.1654388578692307,0.020715555689734027,0.8968621998261304,-2.437558873573646,0.99260659692472,leave-one-disease-out standardization within region,0.9999977052523201
Parkinson disease,Pallidum L,-1.906291948323205,-0.010643398583124956,0.768873120324205,-2.46548942813966,0.9931586893591501,leave-one-disease-out standardization within region,0.9999977052523201
Amyotrophic lateral sclerosis,Thal AV L,-0.8159923598332937,1.10596183088088,0.7732504149650559,-2.4855520973771856,0.9935324673679645,leave-one-disease-out standardization within region,0.9999977052523201
Migraine,Parietal Inf L,-1.36712058728858,0.21282746593175617,0.633452920819391,-2.4941838632247912,0.9936876434847212,leave-one-disease-out standardization within region,0.9999977052523201
Migraine,SupraMarginal L,-1.9307786313470643,0.5883045735067025,1.0007193703218533,-2.5172723538303994,0.9940866315726534,leave-one-disease-out standardization within region,0.9999977052523201
Amyotrophic lateral sclerosis,Olfactory L,-2.7740766288262093,-0.11716782067068797,1.038107744103415,-2.55937673449322,0.9947569982055934,leave-one-disease-out standardization within region,0.9999977052523201
Schizophrenia,Thal VA L,-3.281208758480029,-0.17585547590782935,1.198174261000788,-2.5917375991522467,0.9952253712050574,leave-one-disease-out standardization within region,0.9999977052523201
Alzheimer disease,Calcarine R,-0.9306847468323545,0.8149813593730697,0.6690571281462737,-2.6091435734973216,0.9954615424990396,leave-one-disease-out standardization within region,0.9999977052523201
Epilepsy,ACC pre R,-1.4184391898249196,0.6333549778329643,0.7830380933251871,-2.620299299801493,0.9956073687501067,leave-one-disease-out standardization within region,0.9999977052523201
Multiple sclerosis,Cerebellum 6 R,-2.849674578254521,-0.28014138077393164,0.9778870559944073,-2.627638009655059,0.9957010021596809,leave-one-disease-out standardization within region,0.9999977052523201
Multiple sclerosis,Frontal Sup Medial R,-2.3364584405181894,0.6926004483079166,1.1455180029847376,-2.64426999919133,0.995906633811004,leave-one-disease-out standardization within region,0.9999977052523201
Schizophrenia,Temporal Pole Sup R,-2.7889396748534754,-0.47356761837002487,0.874931705923549,-2.6463460414197932,0.9959316732932278,leave-one-disease-out standardization within region,0.9999977052523201
Schizophrenia,Red N R,-2.8883000165411485,-0.044977152230134244,1.0524817511372524,-2.701541248804248,0.9965490540718265,leave-one-disease-out standardization within region,0.9999977052523201
Major depressive disorder,Rolandic Oper R,-2.6628363726602626,-0.5253019657391738,0.7823576207504938,-2.7321704936811533,0.9968540713785665,leave-one-disease-out standardization within region,0.9999977052523201
Major depressive disorder,Frontal Inf Oper R,-1.8859288198556994,-0.18481010688881774,0.6136085023056645,-2.7723193315849493,0.9972170796885597,leave-one-disease-out standardization within region,0.9999977052523201
Schizophrenia,SN pr L,-3.820009944236385,-0.1347011202702575,1.326291475575296,-2.7786567974189667,0.9972707918767183,leave-one-disease-out standardization within region,0.9999977052523201
Multiple sclerosis,Thal PuI L,-2.396924929927681,0.12345492564848436,0.8547444871853778,-2.948693900180187,0.9984044005956311,leave-one-disease-out standardization within region,0.9999977052523201
Attention deficit-hyperactivity disorder,Cerebellum 4 5 L,-2.389801015558364,0.046878511972063004,0.8188516298864615,-2.9757277614117794,0.9985385289448169,leave-one-disease-out standardization within region,0.9999977052523201
Multiple sclerosis,Thal MDl L,-1.026231295773149,0.5060052411571738,0.5133559383534867,-2.9847449351511255,0.998580925624709,leave-one-disease-out standardization within region,0.9999977052523201
Epilepsy,Frontal Med Orb R,-2.0042815478372944,0.704707076162421,0.9066916229544886,-2.987772860603228,0.9985949084020675,leave-one-disease-out standardization within region,0.9999977052523201
Bipolar disorder,LC L,-3.5780489471836727,0.13345371192118227,1.1841008632387415,-3.134448064629552,0.9991391113543105,leave-one-disease-out standardization within region,0.9999977052523201
Parkinson disease,Lingual L,-1.5768865408070354,0.5558760113759482,0.6709141222738665,-3.178890533641788,0.9992608004392773,leave-one-disease-out standardization within region,0.9999977052523201
Schizophrenia,Thal VL R,-3.574809767421544,0.23249389786129163,1.1958728045134182,-3.183702857790104,0.9992729790521708,leave-one-disease-out standardization within region,0.9999977052523201
Migraine,Temporal Sup R,-1.5880747633722303,0.8421954430732215,0.7555835249720366,-3.2164150304036787,0.9993509851753255,leave-one-disease-out standardization within region,0.9999977052523201
Multiple sclerosis,Frontal Sup 2 R,-2.2021543261075993,0.980621466111358,0.9556463297593747,-3.330495490963021,0.9995665421617568,leave-one-disease-out standardization within region,0.9999977052523201
Schizophrenia,Thal PuA L,-2.4974129174154736,0.19937156702257652,0.8067085229688455,-3.342947802898319,0.999585532547648,leave-one-disease-out standardization within region,0.9999977052523201
Bipolar disorder,Thal IL L,-2.2040773568847802,0.7440544682589071,0.8773301888517564,-3.3603446713741625,0.9996107735502056,leave-one-disease-out standardization within region,0.9999977052523201
Schizophrenia,Frontal Inf Orb 2 R,-3.5195376919953385,-0.2270482526740661,0.9752099926537171,-3.376185092568455,0.9996325077211462,leave-one-disease-out standardization within region,0.9999977052523201
Parkinson disease,Lingual R,-1.692600419771544,0.48784163071968084,0.6344376959772439,-3.4368103665918257,0.999705696224043,leave-one-disease-out standardization within region,0.9999977052523201
Amyotrophic lateral sclerosis,ACC pre L,-2.908480461766276,0.5642519109519428,0.8892596687520856,-3.905194955700136,0.9999529252736375,leave-one-disease-out standardization within region,0.9999977052523201
Alzheimer disease,Precuneus R,-1.725482031787574,0.6416126856087615,0.5732481860871199,-4.129266825166359,0.9999818039065526,leave-one-disease-out standardization within region,0.9999977052523201
Parkinson disease,Caudate R,-3.740427986118951,0.3121846975698532,0.9180976862349864,-4.41414104887695,0.9999949294086632,leave-one-disease-out standardization within region,0.9999977052523201
Parkinson disease,Caudate L,-3.6356871631113097,0.3155191058092619,0.8683787998065443,-4.550095269254401,0.9999973189183861,leave-one-disease-out standardization within region,0.9999977052523201
Schizophrenia,Thal MDm R,-3.115425465818189,0.373181051861696,0.761251104600718,-4.582727692079588,0.9999977052523201,leave-one-disease-out standardization within region,0.9999977052523201
