disease,disease_id,gene_set,cell_type,cell_type_class,marker_source,overlap,gene_count,background_count,effect_size,p_value,genes,fdr
Alzheimer disease,alzheimer,broad,central nervous system macrophage,Glial cells,Human Protein Atlas v25.1 single-nucleus brain; top 200 specificity-ranked AHBA genes per cluster type,9,93,200,7.563870967741935,2.9196477357055e-06,APOC1;ARHGAP45;INPP5D;MS4A4A;PLCG2;RASGEF1C;RIN3;TREM2;TREML1,9.926802301398701e-05
Alzheimer disease,alzheimer,broad,astrocyte,Glial cells,Human Protein Atlas v25.1 single-nucleus brain; top 200 specificity-ranked AHBA genes per cluster type,5,93,200,4.202150537634409,0.006829704514738285,ABCA1;APOC1;APOE;CLU;OPLAH,0.11610497675055084
Alzheimer disease,alzheimer,broad,ependymal cell,Ciliated cells,Human Protein Atlas v25.1 single-nucleus brain; top 200 specificity-ranked AHBA genes per cluster type,3,93,200,2.521290322580645,0.11666249530083189,CLU;DOC2A;RNF43,0.7933049680456569
Alzheimer disease,alzheimer,broad,upper rhombic lip,Neuronal cells,Human Protein Atlas v25.1 single-nucleus brain; top 200 specificity-ranked AHBA genes per cluster type,3,93,200,2.521290322580645,0.11666249530083189,HS3ST1;RASGEF1C;RNF43,0.7933049680456569
Alzheimer disease,alzheimer,broad,vascular associated smooth muscle cell,Endothelial and mural cells,Human Protein Atlas v25.1 single-nucleus brain; top 200 specificity-ranked AHBA genes per cluster type,3,93,200,2.521290322580645,0.11666249530083189,ADAMTS1;APOE;BCAM,0.7933049680456569
Alzheimer disease,alzheimer,broad,CGE interneuron,Neuronal cells,Human Protein Atlas v25.1 single-nucleus brain; top 200 specificity-ranked AHBA genes per cluster type,2,93,200,1.6808602150537635,0.3343389630818615,CCNH;EGFR,1.0
Alzheimer disease,alzheimer,broad,hippocampal dentate gyrus,Neuronal cells,Human Protein Atlas v25.1 single-nucleus brain; top 200 specificity-ranked AHBA genes per cluster type,2,93,200,1.6808602150537635,0.3343389630818615,PTK2B;SLC27A2,1.0
Alzheimer disease,alzheimer,broad,leukocyte,Blood and immune cells,Human Protein Atlas v25.1 single-nucleus brain; top 200 specificity-ranked AHBA genes per cluster type,2,93,200,1.6808602150537635,0.3343389630818615,ARHGAP45;RIN3,1.0
Alzheimer disease,alzheimer,broad,Bergmann glia,Glial cells,Human Protein Atlas v25.1 single-nucleus brain; top 200 specificity-ranked AHBA genes per cluster type,1,93,200,0.8404301075268817,0.6991384706445423,APOE,1.0
Alzheimer disease,alzheimer,broad,choroid plexus epithelial cell,Ciliated cells,Human Protein Atlas v25.1 single-nucleus brain; top 200 specificity-ranked AHBA genes per cluster type,1,93,200,0.8404301075268817,0.6991384706445423,SLC24A4,1.0
Alzheimer disease,alzheimer,broad,deep-layer intratelencephalic,Neuronal cells,Human Protein Atlas v25.1 single-nucleus brain; top 200 specificity-ranked AHBA genes per cluster type,1,93,200,0.8404301075268817,0.6991384706445423,DOC2A,1.0
Alzheimer disease,alzheimer,broad,deep-layer near-projecting,Neuronal cells,Human Protein Atlas v25.1 single-nucleus brain; top 200 specificity-ranked AHBA genes per cluster type,1,93,200,0.8404301075268817,0.6991384706445423,EPHA1,1.0
Alzheimer disease,alzheimer,broad,fibroblast,Mesenchymal cells,Human Protein Atlas v25.1 single-nucleus brain; top 200 specificity-ranked AHBA genes per cluster type,1,93,200,0.8404301075268817,0.6991384706445423,PROSER2,1.0
Alzheimer disease,alzheimer,broad,hippocampal CA1-3,Neuronal cells,Human Protein Atlas v25.1 single-nucleus brain; top 200 specificity-ranked AHBA genes per cluster type,1,93,200,0.8404301075268817,0.6991384706445423,PTK2B,1.0
Alzheimer disease,alzheimer,broad,hippocampal CA4,Neuronal cells,Human Protein Atlas v25.1 single-nucleus brain; top 200 specificity-ranked AHBA genes per cluster type,1,93,200,0.8404301075268817,0.6991384706445423,PTK2B,1.0
Alzheimer disease,alzheimer,broad,mammillary body,Neuronal cells,Human Protein Atlas v25.1 single-nucleus brain; top 200 specificity-ranked AHBA genes per cluster type,1,93,200,0.8404301075268817,0.6991384706445423,HS3ST1,1.0
Alzheimer disease,alzheimer,broad,medium spiny neuron,Neuronal cells,Human Protein Atlas v25.1 single-nucleus brain; top 200 specificity-ranked AHBA genes per cluster type,1,93,200,0.8404301075268817,0.6991384706445423,ACE,1.0
Alzheimer disease,alzheimer,broad,oligodendrocyte,Glial cells,Human Protein Atlas v25.1 single-nucleus brain; top 200 specificity-ranked AHBA genes per cluster type,1,93,200,0.8404301075268817,0.6991384706445423,STMN4,1.0
Alzheimer disease,alzheimer,broad,pericyte,Endothelial and mural cells,Human Protein Atlas v25.1 single-nucleus brain; top 200 specificity-ranked AHBA genes per cluster type,1,93,200,0.8404301075268817,0.6991384706445423,BCAM,1.0
Alzheimer disease,alzheimer,broad,upper-layer intratelencephalic,Neuronal cells,Human Protein Atlas v25.1 single-nucleus brain; top 200 specificity-ranked AHBA genes per cluster type,1,93,200,0.8404301075268817,0.6991384706445423,DOC2A,1.0
Alzheimer disease,alzheimer,broad,LAMP5-LHX6 and Chandelier,Neuronal cells,Human Protein Atlas v25.1 single-nucleus brain; top 200 specificity-ranked AHBA genes per cluster type,0,93,200,0.0,1.0,,1.0
Alzheimer disease,alzheimer,broad,MGE interneuron,Neuronal cells,Human Protein Atlas v25.1 single-nucleus brain; top 200 specificity-ranked AHBA genes per cluster type,0,93,200,0.0,1.0,,1.0
Alzheimer disease,alzheimer,broad,amygdala excitatory,Neuronal cells,Human Protein Atlas v25.1 single-nucleus brain; top 200 specificity-ranked AHBA genes per cluster type,0,93,200,0.0,1.0,,1.0
Alzheimer disease,alzheimer,broad,cerebellar inhibitory,Neuronal cells,Human Protein Atlas v25.1 single-nucleus brain; top 200 specificity-ranked AHBA genes per cluster type,0,93,200,0.0,1.0,,1.0
Alzheimer disease,alzheimer,broad,committed oligodendrocyte precursor,Glial cells,Human Protein Atlas v25.1 single-nucleus brain; top 200 specificity-ranked AHBA genes per cluster type,0,93,200,0.0,1.0,,1.0
Alzheimer disease,alzheimer,broad,deep-layer corticothalamic and 6b,Neuronal cells,Human Protein Atlas v25.1 single-nucleus brain; top 200 specificity-ranked AHBA genes per cluster type,0,93,200,0.0,1.0,,1.0
Alzheimer disease,alzheimer,broad,eccentric medium spiny neuron,Neuronal cells,Human Protein Atlas v25.1 single-nucleus brain; top 200 specificity-ranked AHBA genes per cluster type,0,93,200,0.0,1.0,,1.0
Alzheimer disease,alzheimer,broad,endothelial cell,Endothelial and mural cells,Human Protein Atlas v25.1 single-nucleus brain; top 200 specificity-ranked AHBA genes per cluster type,0,93,200,0.0,1.0,,1.0
Alzheimer disease,alzheimer,broad,lower rhombic lip,Neuronal cells,Human Protein Atlas v25.1 single-nucleus brain; top 200 specificity-ranked AHBA genes per cluster type,0,93,200,0.0,1.0,,1.0
Alzheimer disease,alzheimer,broad,midbrain-derived inhibitory,Neuronal cells,Human Protein Atlas v25.1 single-nucleus brain; top 200 specificity-ranked AHBA genes per cluster type,0,93,200,0.0,1.0,,1.0
Alzheimer disease,alzheimer,broad,miscellaneous,Neuronal cells,Human Protein Atlas v25.1 single-nucleus brain; top 200 specificity-ranked AHBA genes per cluster type,0,93,200,0.0,1.0,,1.0
Alzheimer disease,alzheimer,broad,oligodendrocyte precursor cell,Glial cells,Human Protein Atlas v25.1 single-nucleus brain; top 200 specificity-ranked AHBA genes per cluster type,0,93,200,0.0,1.0,,1.0
Alzheimer disease,alzheimer,broad,splatter,Neuronal cells,Human Protein Atlas v25.1 single-nucleus brain; top 200 specificity-ranked AHBA genes per cluster type,0,93,186,0.0,1.0,,1.0
Alzheimer disease,alzheimer,broad,thalamic excitatory,Neuronal cells,Human Protein Atlas v25.1 single-nucleus brain; top 200 specificity-ranked AHBA genes per cluster type,0,93,200,0.0,1.0,,1.0
Alzheimer disease,alzheimer,stringent,central nervous system macrophage,Glial cells,Human Protein Atlas v25.1 single-nucleus brain; top 200 specificity-ranked AHBA genes per cluster type,5,25,200,15.632,1.4068166111817284e-05,INPP5D;PLCG2;RASGEF1C;RIN3;TREM2,0.00047831764780178766
Alzheimer disease,alzheimer,stringent,astrocyte,Glial cells,Human Protein Atlas v25.1 single-nucleus brain; top 200 specificity-ranked AHBA genes per cluster type,2,25,200,6.2528,0.040295016574549807,ABCA1;CLU,0.6850152817673467
Alzheimer disease,alzheimer,stringent,choroid plexus epithelial cell,Ciliated cells,Human Protein Atlas v25.1 single-nucleus brain; top 200 specificity-ranked AHBA genes per cluster type,1,25,200,3.1264,0.2754246185506009,SLC24A4,0.936443703072043
Alzheimer disease,alzheimer,stringent,ependymal cell,Ciliated cells,Human Protein Atlas v25.1 single-nucleus brain; top 200 specificity-ranked AHBA genes per cluster type,1,25,200,3.1264,0.2754246185506009,CLU,0.936443703072043
Alzheimer disease,alzheimer,stringent,hippocampal CA1-3,Neuronal cells,Human Protein Atlas v25.1 single-nucleus brain; top 200 specificity-ranked AHBA genes per cluster type,1,25,200,3.1264,0.2754246185506009,PTK2B,0.936443703072043
Alzheimer disease,alzheimer,stringent,hippocampal CA4,Neuronal cells,Human Protein Atlas v25.1 single-nucleus brain; top 200 specificity-ranked AHBA genes per cluster type,1,25,200,3.1264,0.2754246185506009,PTK2B,0.936443703072043
Alzheimer disease,alzheimer,stringent,hippocampal dentate gyrus,Neuronal cells,Human Protein Atlas v25.1 single-nucleus brain; top 200 specificity-ranked AHBA genes per cluster type,1,25,200,3.1264,0.2754246185506009,PTK2B,0.936443703072043
Alzheimer disease,alzheimer,stringent,leukocyte,Blood and immune cells,Human Protein Atlas v25.1 single-nucleus brain; top 200 specificity-ranked AHBA genes per cluster type,1,25,200,3.1264,0.2754246185506009,RIN3,0.936443703072043
Alzheimer disease,alzheimer,stringent,medium spiny neuron,Neuronal cells,Human Protein Atlas v25.1 single-nucleus brain; top 200 specificity-ranked AHBA genes per cluster type,1,25,200,3.1264,0.2754246185506009,ACE,0.936443703072043
Alzheimer disease,alzheimer,stringent,upper rhombic lip,Neuronal cells,Human Protein Atlas v25.1 single-nucleus brain; top 200 specificity-ranked AHBA genes per cluster type,1,25,200,3.1264,0.2754246185506009,RASGEF1C,0.936443703072043
Alzheimer disease,alzheimer,stringent,Bergmann glia,Glial cells,Human Protein Atlas v25.1 single-nucleus brain; top 200 specificity-ranked AHBA genes per cluster type,0,25,200,0.0,1.0,,1.0
Alzheimer disease,alzheimer,stringent,CGE interneuron,Neuronal cells,Human Protein Atlas v25.1 single-nucleus brain; top 200 specificity-ranked AHBA genes per cluster type,0,25,200,0.0,1.0,,1.0
Alzheimer disease,alzheimer,stringent,LAMP5-LHX6 and Chandelier,Neuronal cells,Human Protein Atlas v25.1 single-nucleus brain; top 200 specificity-ranked AHBA genes per cluster type,0,25,200,0.0,1.0,,1.0
Alzheimer disease,alzheimer,stringent,MGE interneuron,Neuronal cells,Human Protein Atlas v25.1 single-nucleus brain; top 200 specificity-ranked AHBA genes per cluster type,0,25,200,0.0,1.0,,1.0
Alzheimer disease,alzheimer,stringent,amygdala excitatory,Neuronal cells,Human Protein Atlas v25.1 single-nucleus brain; top 200 specificity-ranked AHBA genes per cluster type,0,25,200,0.0,1.0,,1.0
Alzheimer disease,alzheimer,stringent,cerebellar inhibitory,Neuronal cells,Human Protein Atlas v25.1 single-nucleus brain; top 200 specificity-ranked AHBA genes per cluster type,0,25,200,0.0,1.0,,1.0
Alzheimer disease,alzheimer,stringent,committed oligodendrocyte precursor,Glial cells,Human Protein Atlas v25.1 single-nucleus brain; top 200 specificity-ranked AHBA genes per cluster type,0,25,200,0.0,1.0,,1.0
Alzheimer disease,alzheimer,stringent,deep-layer corticothalamic and 6b,Neuronal cells,Human Protein Atlas v25.1 single-nucleus brain; top 200 specificity-ranked AHBA genes per cluster type,0,25,200,0.0,1.0,,1.0
Alzheimer disease,alzheimer,stringent,deep-layer intratelencephalic,Neuronal cells,Human Protein Atlas v25.1 single-nucleus brain; top 200 specificity-ranked AHBA genes per cluster type,0,25,200,0.0,1.0,,1.0
Alzheimer disease,alzheimer,stringent,deep-layer near-projecting,Neuronal cells,Human Protein Atlas v25.1 single-nucleus brain; top 200 specificity-ranked AHBA genes per cluster type,0,25,200,0.0,1.0,,1.0
Alzheimer disease,alzheimer,stringent,eccentric medium spiny neuron,Neuronal cells,Human Protein Atlas v25.1 single-nucleus brain; top 200 specificity-ranked AHBA genes per cluster type,0,25,200,0.0,1.0,,1.0
Alzheimer disease,alzheimer,stringent,endothelial cell,Endothelial and mural cells,Human Protein Atlas v25.1 single-nucleus brain; top 200 specificity-ranked AHBA genes per cluster type,0,25,200,0.0,1.0,,1.0
Alzheimer disease,alzheimer,stringent,fibroblast,Mesenchymal cells,Human Protein Atlas v25.1 single-nucleus brain; top 200 specificity-ranked AHBA genes per cluster type,0,25,200,0.0,1.0,,1.0
Alzheimer disease,alzheimer,stringent,lower rhombic lip,Neuronal cells,Human Protein Atlas v25.1 single-nucleus brain; top 200 specificity-ranked AHBA genes per cluster type,0,25,200,0.0,1.0,,1.0
Alzheimer disease,alzheimer,stringent,mammillary body,Neuronal cells,Human Protein Atlas v25.1 single-nucleus brain; top 200 specificity-ranked AHBA genes per cluster type,0,25,200,0.0,1.0,,1.0
Alzheimer disease,alzheimer,stringent,midbrain-derived inhibitory,Neuronal cells,Human Protein Atlas v25.1 single-nucleus brain; top 200 specificity-ranked AHBA genes per cluster type,0,25,200,0.0,1.0,,1.0
Alzheimer disease,alzheimer,stringent,miscellaneous,Neuronal cells,Human Protein Atlas v25.1 single-nucleus brain; top 200 specificity-ranked AHBA genes per cluster type,0,25,200,0.0,1.0,,1.0
Alzheimer disease,alzheimer,stringent,oligodendrocyte,Glial cells,Human Protein Atlas v25.1 single-nucleus brain; top 200 specificity-ranked AHBA genes per cluster type,0,25,200,0.0,1.0,,1.0
Alzheimer disease,alzheimer,stringent,oligodendrocyte precursor cell,Glial cells,Human Protein Atlas v25.1 single-nucleus brain; top 200 specificity-ranked AHBA genes per cluster type,0,25,200,0.0,1.0,,1.0
Alzheimer disease,alzheimer,stringent,pericyte,Endothelial and mural cells,Human Protein Atlas v25.1 single-nucleus brain; top 200 specificity-ranked AHBA genes per cluster type,0,25,200,0.0,1.0,,1.0
Alzheimer disease,alzheimer,stringent,splatter,Neuronal cells,Human Protein Atlas v25.1 single-nucleus brain; top 200 specificity-ranked AHBA genes per cluster type,0,25,186,0.0,1.0,,1.0
Alzheimer disease,alzheimer,stringent,thalamic excitatory,Neuronal cells,Human Protein Atlas v25.1 single-nucleus brain; top 200 specificity-ranked AHBA genes per cluster type,0,25,200,0.0,1.0,,1.0
Alzheimer disease,alzheimer,stringent,upper-layer intratelencephalic,Neuronal cells,Human Protein Atlas v25.1 single-nucleus brain; top 200 specificity-ranked AHBA genes per cluster type,0,25,200,0.0,1.0,,1.0
Alzheimer disease,alzheimer,stringent,vascular associated smooth muscle cell,Endothelial and mural cells,Human Protein Atlas v25.1 single-nucleus brain; top 200 specificity-ranked AHBA genes per cluster type,0,25,200,0.0,1.0,,1.0
Alzheimer disease,alzheimer,weighted,central nervous system macrophage,Glial cells,Human Protein Atlas v25.1 single-nucleus brain; top 200 specificity-ranked AHBA genes per cluster type,9,93,200,7.563870967741935,2.9196477357055e-06,APOC1;ARHGAP45;INPP5D;MS4A4A;PLCG2;RASGEF1C;RIN3;TREM2;TREML1,9.926802301398701e-05
Alzheimer disease,alzheimer,weighted,astrocyte,Glial cells,Human Protein Atlas v25.1 single-nucleus brain; top 200 specificity-ranked AHBA genes per cluster type,5,93,200,4.202150537634409,0.006829704514738285,ABCA1;APOC1;APOE;CLU;OPLAH,0.11610497675055084
Alzheimer disease,alzheimer,weighted,ependymal cell,Ciliated cells,Human Protein Atlas v25.1 single-nucleus brain; top 200 specificity-ranked AHBA genes per cluster type,3,93,200,2.521290322580645,0.11666249530083189,CLU;DOC2A;RNF43,0.7933049680456569
Alzheimer disease,alzheimer,weighted,upper rhombic lip,Neuronal cells,Human Protein Atlas v25.1 single-nucleus brain; top 200 specificity-ranked AHBA genes per cluster type,3,93,200,2.521290322580645,0.11666249530083189,HS3ST1;RASGEF1C;RNF43,0.7933049680456569
Alzheimer disease,alzheimer,weighted,vascular associated smooth muscle cell,Endothelial and mural cells,Human Protein Atlas v25.1 single-nucleus brain; top 200 specificity-ranked AHBA genes per cluster type,3,93,200,2.521290322580645,0.11666249530083189,ADAMTS1;APOE;BCAM,0.7933049680456569
Alzheimer disease,alzheimer,weighted,CGE interneuron,Neuronal cells,Human Protein Atlas v25.1 single-nucleus brain; top 200 specificity-ranked AHBA genes per cluster type,2,93,200,1.6808602150537635,0.3343389630818615,CCNH;EGFR,1.0
Alzheimer disease,alzheimer,weighted,hippocampal dentate gyrus,Neuronal cells,Human Protein Atlas v25.1 single-nucleus brain; top 200 specificity-ranked AHBA genes per cluster type,2,93,200,1.6808602150537635,0.3343389630818615,PTK2B;SLC27A2,1.0
Alzheimer disease,alzheimer,weighted,leukocyte,Blood and immune cells,Human Protein Atlas v25.1 single-nucleus brain; top 200 specificity-ranked AHBA genes per cluster type,2,93,200,1.6808602150537635,0.3343389630818615,ARHGAP45;RIN3,1.0
Alzheimer disease,alzheimer,weighted,Bergmann glia,Glial cells,Human Protein Atlas v25.1 single-nucleus brain; top 200 specificity-ranked AHBA genes per cluster type,1,93,200,0.8404301075268817,0.6991384706445423,APOE,1.0
Alzheimer disease,alzheimer,weighted,choroid plexus epithelial cell,Ciliated cells,Human Protein Atlas v25.1 single-nucleus brain; top 200 specificity-ranked AHBA genes per cluster type,1,93,200,0.8404301075268817,0.6991384706445423,SLC24A4,1.0
Alzheimer disease,alzheimer,weighted,deep-layer intratelencephalic,Neuronal cells,Human Protein Atlas v25.1 single-nucleus brain; top 200 specificity-ranked AHBA genes per cluster type,1,93,200,0.8404301075268817,0.6991384706445423,DOC2A,1.0
Alzheimer disease,alzheimer,weighted,deep-layer near-projecting,Neuronal cells,Human Protein Atlas v25.1 single-nucleus brain; top 200 specificity-ranked AHBA genes per cluster type,1,93,200,0.8404301075268817,0.6991384706445423,EPHA1,1.0
Alzheimer disease,alzheimer,weighted,fibroblast,Mesenchymal cells,Human Protein Atlas v25.1 single-nucleus brain; top 200 specificity-ranked AHBA genes per cluster type,1,93,200,0.8404301075268817,0.6991384706445423,PROSER2,1.0
Alzheimer disease,alzheimer,weighted,hippocampal CA1-3,Neuronal cells,Human Protein Atlas v25.1 single-nucleus brain; top 200 specificity-ranked AHBA genes per cluster type,1,93,200,0.8404301075268817,0.6991384706445423,PTK2B,1.0
Alzheimer disease,alzheimer,weighted,hippocampal CA4,Neuronal cells,Human Protein Atlas v25.1 single-nucleus brain; top 200 specificity-ranked AHBA genes per cluster type,1,93,200,0.8404301075268817,0.6991384706445423,PTK2B,1.0
Alzheimer disease,alzheimer,weighted,mammillary body,Neuronal cells,Human Protein Atlas v25.1 single-nucleus brain; top 200 specificity-ranked AHBA genes per cluster type,1,93,200,0.8404301075268817,0.6991384706445423,HS3ST1,1.0
Alzheimer disease,alzheimer,weighted,medium spiny neuron,Neuronal cells,Human Protein Atlas v25.1 single-nucleus brain; top 200 specificity-ranked AHBA genes per cluster type,1,93,200,0.8404301075268817,0.6991384706445423,ACE,1.0
Alzheimer disease,alzheimer,weighted,oligodendrocyte,Glial cells,Human Protein Atlas v25.1 single-nucleus brain; top 200 specificity-ranked AHBA genes per cluster type,1,93,200,0.8404301075268817,0.6991384706445423,STMN4,1.0
Alzheimer disease,alzheimer,weighted,pericyte,Endothelial and mural cells,Human Protein Atlas v25.1 single-nucleus brain; top 200 specificity-ranked AHBA genes per cluster type,1,93,200,0.8404301075268817,0.6991384706445423,BCAM,1.0
Alzheimer disease,alzheimer,weighted,upper-layer intratelencephalic,Neuronal cells,Human Protein Atlas v25.1 single-nucleus brain; top 200 specificity-ranked AHBA genes per cluster type,1,93,200,0.8404301075268817,0.6991384706445423,DOC2A,1.0
Alzheimer disease,alzheimer,weighted,LAMP5-LHX6 and Chandelier,Neuronal cells,Human Protein Atlas v25.1 single-nucleus brain; top 200 specificity-ranked AHBA genes per cluster type,0,93,200,0.0,1.0,,1.0
Alzheimer disease,alzheimer,weighted,MGE interneuron,Neuronal cells,Human Protein Atlas v25.1 single-nucleus brain; top 200 specificity-ranked AHBA genes per cluster type,0,93,200,0.0,1.0,,1.0
Alzheimer disease,alzheimer,weighted,amygdala excitatory,Neuronal cells,Human Protein Atlas v25.1 single-nucleus brain; top 200 specificity-ranked AHBA genes per cluster type,0,93,200,0.0,1.0,,1.0
Alzheimer disease,alzheimer,weighted,cerebellar inhibitory,Neuronal cells,Human Protein Atlas v25.1 single-nucleus brain; top 200 specificity-ranked AHBA genes per cluster type,0,93,200,0.0,1.0,,1.0
Alzheimer disease,alzheimer,weighted,committed oligodendrocyte precursor,Glial cells,Human Protein Atlas v25.1 single-nucleus brain; top 200 specificity-ranked AHBA genes per cluster type,0,93,200,0.0,1.0,,1.0
Alzheimer disease,alzheimer,weighted,deep-layer corticothalamic and 6b,Neuronal cells,Human Protein Atlas v25.1 single-nucleus brain; top 200 specificity-ranked AHBA genes per cluster type,0,93,200,0.0,1.0,,1.0
Alzheimer disease,alzheimer,weighted,eccentric medium spiny neuron,Neuronal cells,Human Protein Atlas v25.1 single-nucleus brain; top 200 specificity-ranked AHBA genes per cluster type,0,93,200,0.0,1.0,,1.0
Alzheimer disease,alzheimer,weighted,endothelial cell,Endothelial and mural cells,Human Protein Atlas v25.1 single-nucleus brain; top 200 specificity-ranked AHBA genes per cluster type,0,93,200,0.0,1.0,,1.0
Alzheimer disease,alzheimer,weighted,lower rhombic lip,Neuronal cells,Human Protein Atlas v25.1 single-nucleus brain; top 200 specificity-ranked AHBA genes per cluster type,0,93,200,0.0,1.0,,1.0
Alzheimer disease,alzheimer,weighted,midbrain-derived inhibitory,Neuronal cells,Human Protein Atlas v25.1 single-nucleus brain; top 200 specificity-ranked AHBA genes per cluster type,0,93,200,0.0,1.0,,1.0
Alzheimer disease,alzheimer,weighted,miscellaneous,Neuronal cells,Human Protein Atlas v25.1 single-nucleus brain; top 200 specificity-ranked AHBA genes per cluster type,0,93,200,0.0,1.0,,1.0
Alzheimer disease,alzheimer,weighted,oligodendrocyte precursor cell,Glial cells,Human Protein Atlas v25.1 single-nucleus brain; top 200 specificity-ranked AHBA genes per cluster type,0,93,200,0.0,1.0,,1.0
Alzheimer disease,alzheimer,weighted,splatter,Neuronal cells,Human Protein Atlas v25.1 single-nucleus brain; top 200 specificity-ranked AHBA genes per cluster type,0,93,186,0.0,1.0,,1.0
Alzheimer disease,alzheimer,weighted,thalamic excitatory,Neuronal cells,Human Protein Atlas v25.1 single-nucleus brain; top 200 specificity-ranked AHBA genes per cluster type,0,93,200,0.0,1.0,,1.0
Amyotrophic lateral sclerosis,als,broad,amygdala excitatory,Neuronal cells,Human Protein Atlas v25.1 single-nucleus brain; top 200 specificity-ranked AHBA genes per cluster type,1,22,200,3.5527272727272727,0.24684311504378,LINGO2,0.9325184346098356
Amyotrophic lateral sclerosis,als,broad,choroid plexus epithelial cell,Ciliated cells,Human Protein Atlas v25.1 single-nucleus brain; top 200 specificity-ranked AHBA genes per cluster type,1,22,200,3.5527272727272727,0.24684311504378,GPX3,0.9325184346098356
Amyotrophic lateral sclerosis,als,broad,committed oligodendrocyte precursor,Glial cells,Human Protein Atlas v25.1 single-nucleus brain; top 200 specificity-ranked AHBA genes per cluster type,1,22,200,3.5527272727272727,0.24684311504378,MOBP,0.9325184346098356
Amyotrophic lateral sclerosis,als,broad,lower rhombic lip,Neuronal cells,Human Protein Atlas v25.1 single-nucleus brain; top 200 specificity-ranked AHBA genes per cluster type,1,22,200,3.5527272727272727,0.24684311504378,SOD1,0.9325184346098356
Amyotrophic lateral sclerosis,als,broad,midbrain-derived inhibitory,Neuronal cells,Human Protein Atlas v25.1 single-nucleus brain; top 200 specificity-ranked AHBA genes per cluster type,1,22,200,3.5527272727272727,0.24684311504378,LINGO2,0.9325184346098356
Amyotrophic lateral sclerosis,als,broad,miscellaneous,Neuronal cells,Human Protein Atlas v25.1 single-nucleus brain; top 200 specificity-ranked AHBA genes per cluster type,1,22,200,3.5527272727272727,0.24684311504378,LINGO2,0.9325184346098356
Amyotrophic lateral sclerosis,als,broad,oligodendrocyte,Glial cells,Human Protein Atlas v25.1 single-nucleus brain; top 200 specificity-ranked AHBA genes per cluster type,1,22,200,3.5527272727272727,0.24684311504378,MOBP,0.9325184346098356
Amyotrophic lateral sclerosis,als,broad,pericyte,Endothelial and mural cells,Human Protein Atlas v25.1 single-nucleus brain; top 200 specificity-ranked AHBA genes per cluster type,1,22,200,3.5527272727272727,0.24684311504378,SH3RF1,0.9325184346098356
Amyotrophic lateral sclerosis,als,broad,upper-layer intratelencephalic,Neuronal cells,Human Protein Atlas v25.1 single-nucleus brain; top 200 specificity-ranked AHBA genes per cluster type,1,22,200,3.5527272727272727,0.24684311504378,LINGO2,0.9325184346098356
Amyotrophic lateral sclerosis,als,broad,Bergmann glia,Glial cells,Human Protein Atlas v25.1 single-nucleus brain; top 200 specificity-ranked AHBA genes per cluster type,0,22,200,0.0,1.0,,1.0
Amyotrophic lateral sclerosis,als,broad,CGE interneuron,Neuronal cells,Human Protein Atlas v25.1 single-nucleus brain; top 200 specificity-ranked AHBA genes per cluster type,0,22,200,0.0,1.0,,1.0
Amyotrophic lateral sclerosis,als,broad,LAMP5-LHX6 and Chandelier,Neuronal cells,Human Protein Atlas v25.1 single-nucleus brain; top 200 specificity-ranked AHBA genes per cluster type,0,22,200,0.0,1.0,,1.0
Amyotrophic lateral sclerosis,als,broad,MGE interneuron,Neuronal cells,Human Protein Atlas v25.1 single-nucleus brain; top 200 specificity-ranked AHBA genes per cluster type,0,22,200,0.0,1.0,,1.0
Amyotrophic lateral sclerosis,als,broad,astrocyte,Glial cells,Human Protein Atlas v25.1 single-nucleus brain; top 200 specificity-ranked AHBA genes per cluster type,0,22,200,0.0,1.0,,1.0
Amyotrophic lateral sclerosis,als,broad,central nervous system macrophage,Glial cells,Human Protein Atlas v25.1 single-nucleus brain; top 200 specificity-ranked AHBA genes per cluster type,0,22,200,0.0,1.0,,1.0
Amyotrophic lateral sclerosis,als,broad,cerebellar inhibitory,Neuronal cells,Human Protein Atlas v25.1 single-nucleus brain; top 200 specificity-ranked AHBA genes per cluster type,0,22,200,0.0,1.0,,1.0
Amyotrophic lateral sclerosis,als,broad,deep-layer corticothalamic and 6b,Neuronal cells,Human Protein Atlas v25.1 single-nucleus brain; top 200 specificity-ranked AHBA genes per cluster type,0,22,200,0.0,1.0,,1.0
Amyotrophic lateral sclerosis,als,broad,deep-layer intratelencephalic,Neuronal cells,Human Protein Atlas v25.1 single-nucleus brain; top 200 specificity-ranked AHBA genes per cluster type,0,22,200,0.0,1.0,,1.0
Amyotrophic lateral sclerosis,als,broad,deep-layer near-projecting,Neuronal cells,Human Protein Atlas v25.1 single-nucleus brain; top 200 specificity-ranked AHBA genes per cluster type,0,22,200,0.0,1.0,,1.0
Amyotrophic lateral sclerosis,als,broad,eccentric medium spiny neuron,Neuronal cells,Human Protein Atlas v25.1 single-nucleus brain; top 200 specificity-ranked AHBA genes per cluster type,0,22,200,0.0,1.0,,1.0
Amyotrophic lateral sclerosis,als,broad,endothelial cell,Endothelial and mural cells,Human Protein Atlas v25.1 single-nucleus brain; top 200 specificity-ranked AHBA genes per cluster type,0,22,200,0.0,1.0,,1.0
Amyotrophic lateral sclerosis,als,broad,ependymal cell,Ciliated cells,Human Protein Atlas v25.1 single-nucleus brain; top 200 specificity-ranked AHBA genes per cluster type,0,22,200,0.0,1.0,,1.0
Amyotrophic lateral sclerosis,als,broad,fibroblast,Mesenchymal cells,Human Protein Atlas v25.1 single-nucleus brain; top 200 specificity-ranked AHBA genes per cluster type,0,22,200,0.0,1.0,,1.0
Amyotrophic lateral sclerosis,als,broad,hippocampal CA1-3,Neuronal cells,Human Protein Atlas v25.1 single-nucleus brain; top 200 specificity-ranked AHBA genes per cluster type,0,22,200,0.0,1.0,,1.0
Amyotrophic lateral sclerosis,als,broad,hippocampal CA4,Neuronal cells,Human Protein Atlas v25.1 single-nucleus brain; top 200 specificity-ranked AHBA genes per cluster type,0,22,200,0.0,1.0,,1.0
Amyotrophic lateral sclerosis,als,broad,hippocampal dentate gyrus,Neuronal cells,Human Protein Atlas v25.1 single-nucleus brain; top 200 specificity-ranked AHBA genes per cluster type,0,22,200,0.0,1.0,,1.0
Amyotrophic lateral sclerosis,als,broad,leukocyte,Blood and immune cells,Human Protein Atlas v25.1 single-nucleus brain; top 200 specificity-ranked AHBA genes per cluster type,0,22,200,0.0,1.0,,1.0
Amyotrophic lateral sclerosis,als,broad,mammillary body,Neuronal cells,Human Protein Atlas v25.1 single-nucleus brain; top 200 specificity-ranked AHBA genes per cluster type,0,22,200,0.0,1.0,,1.0
Amyotrophic lateral sclerosis,als,broad,medium spiny neuron,Neuronal cells,Human Protein Atlas v25.1 single-nucleus brain; top 200 specificity-ranked AHBA genes per cluster type,0,22,200,0.0,1.0,,1.0
Amyotrophic lateral sclerosis,als,broad,oligodendrocyte precursor cell,Glial cells,Human Protein Atlas v25.1 single-nucleus brain; top 200 specificity-ranked AHBA genes per cluster type,0,22,200,0.0,1.0,,1.0
Amyotrophic lateral sclerosis,als,broad,splatter,Neuronal cells,Human Protein Atlas v25.1 single-nucleus brain; top 200 specificity-ranked AHBA genes per cluster type,0,22,186,0.0,1.0,,1.0
Amyotrophic lateral sclerosis,als,broad,thalamic excitatory,Neuronal cells,Human Protein Atlas v25.1 single-nucleus brain; top 200 specificity-ranked AHBA genes per cluster type,0,22,200,0.0,1.0,,1.0
Amyotrophic lateral sclerosis,als,broad,upper rhombic lip,Neuronal cells,Human Protein Atlas v25.1 single-nucleus brain; top 200 specificity-ranked AHBA genes per cluster type,0,22,200,0.0,1.0,,1.0
Amyotrophic lateral sclerosis,als,broad,vascular associated smooth muscle cell,Endothelial and mural cells,Human Protein Atlas v25.1 single-nucleus brain; top 200 specificity-ranked AHBA genes per cluster type,0,22,200,0.0,1.0,,1.0
Amyotrophic lateral sclerosis,als,stringent,choroid plexus epithelial cell,Ciliated cells,Human Protein Atlas v25.1 single-nucleus brain; top 200 specificity-ranked AHBA genes per cluster type,1,7,200,11.165714285714284,0.08621060315896958,GPX3,0.7327901268512415
Amyotrophic lateral sclerosis,als,stringent,committed oligodendrocyte precursor,Glial cells,Human Protein Atlas v25.1 single-nucleus brain; top 200 specificity-ranked AHBA genes per cluster type,1,7,200,11.165714285714284,0.08621060315896958,MOBP,0.7327901268512415
Amyotrophic lateral sclerosis,als,stringent,lower rhombic lip,Neuronal cells,Human Protein Atlas v25.1 single-nucleus brain; top 200 specificity-ranked AHBA genes per cluster type,1,7,200,11.165714285714284,0.08621060315896958,SOD1,0.7327901268512415
Amyotrophic lateral sclerosis,als,stringent,oligodendrocyte,Glial cells,Human Protein Atlas v25.1 single-nucleus brain; top 200 specificity-ranked AHBA genes per cluster type,1,7,200,11.165714285714284,0.08621060315896958,MOBP,0.7327901268512415
Amyotrophic lateral sclerosis,als,stringent,Bergmann glia,Glial cells,Human Protein Atlas v25.1 single-nucleus brain; top 200 specificity-ranked AHBA genes per cluster type,0,7,200,0.0,1.0,,1.0
Amyotrophic lateral sclerosis,als,stringent,CGE interneuron,Neuronal cells,Human Protein Atlas v25.1 single-nucleus brain; top 200 specificity-ranked AHBA genes per cluster type,0,7,200,0.0,1.0,,1.0
Amyotrophic lateral sclerosis,als,stringent,LAMP5-LHX6 and Chandelier,Neuronal cells,Human Protein Atlas v25.1 single-nucleus brain; top 200 specificity-ranked AHBA genes per cluster type,0,7,200,0.0,1.0,,1.0
Amyotrophic lateral sclerosis,als,stringent,MGE interneuron,Neuronal cells,Human Protein Atlas v25.1 single-nucleus brain; top 200 specificity-ranked AHBA genes per cluster type,0,7,200,0.0,1.0,,1.0
Amyotrophic lateral sclerosis,als,stringent,amygdala excitatory,Neuronal cells,Human Protein Atlas v25.1 single-nucleus brain; top 200 specificity-ranked AHBA genes per cluster type,0,7,200,0.0,1.0,,1.0
Amyotrophic lateral sclerosis,als,stringent,astrocyte,Glial cells,Human Protein Atlas v25.1 single-nucleus brain; top 200 specificity-ranked AHBA genes per cluster type,0,7,200,0.0,1.0,,1.0
Amyotrophic lateral sclerosis,als,stringent,central nervous system macrophage,Glial cells,Human Protein Atlas v25.1 single-nucleus brain; top 200 specificity-ranked AHBA genes per cluster type,0,7,200,0.0,1.0,,1.0
Amyotrophic lateral sclerosis,als,stringent,cerebellar inhibitory,Neuronal cells,Human Protein Atlas v25.1 single-nucleus brain; top 200 specificity-ranked AHBA genes per cluster type,0,7,200,0.0,1.0,,1.0
Amyotrophic lateral sclerosis,als,stringent,deep-layer corticothalamic and 6b,Neuronal cells,Human Protein Atlas v25.1 single-nucleus brain; top 200 specificity-ranked AHBA genes per cluster type,0,7,200,0.0,1.0,,1.0
Amyotrophic lateral sclerosis,als,stringent,deep-layer intratelencephalic,Neuronal cells,Human Protein Atlas v25.1 single-nucleus brain; top 200 specificity-ranked AHBA genes per cluster type,0,7,200,0.0,1.0,,1.0
Amyotrophic lateral sclerosis,als,stringent,deep-layer near-projecting,Neuronal cells,Human Protein Atlas v25.1 single-nucleus brain; top 200 specificity-ranked AHBA genes per cluster type,0,7,200,0.0,1.0,,1.0
Amyotrophic lateral sclerosis,als,stringent,eccentric medium spiny neuron,Neuronal cells,Human Protein Atlas v25.1 single-nucleus brain; top 200 specificity-ranked AHBA genes per cluster type,0,7,200,0.0,1.0,,1.0
Amyotrophic lateral sclerosis,als,stringent,endothelial cell,Endothelial and mural cells,Human Protein Atlas v25.1 single-nucleus brain; top 200 specificity-ranked AHBA genes per cluster type,0,7,200,0.0,1.0,,1.0
Amyotrophic lateral sclerosis,als,stringent,ependymal cell,Ciliated cells,Human Protein Atlas v25.1 single-nucleus brain; top 200 specificity-ranked AHBA genes per cluster type,0,7,200,0.0,1.0,,1.0
Amyotrophic lateral sclerosis,als,stringent,fibroblast,Mesenchymal cells,Human Protein Atlas v25.1 single-nucleus brain; top 200 specificity-ranked AHBA genes per cluster type,0,7,200,0.0,1.0,,1.0
Amyotrophic lateral sclerosis,als,stringent,hippocampal CA1-3,Neuronal cells,Human Protein Atlas v25.1 single-nucleus brain; top 200 specificity-ranked AHBA genes per cluster type,0,7,200,0.0,1.0,,1.0
Amyotrophic lateral sclerosis,als,stringent,hippocampal CA4,Neuronal cells,Human Protein Atlas v25.1 single-nucleus brain; top 200 specificity-ranked AHBA genes per cluster type,0,7,200,0.0,1.0,,1.0
Amyotrophic lateral sclerosis,als,stringent,hippocampal dentate gyrus,Neuronal cells,Human Protein Atlas v25.1 single-nucleus brain; top 200 specificity-ranked AHBA genes per cluster type,0,7,200,0.0,1.0,,1.0
Amyotrophic lateral sclerosis,als,stringent,leukocyte,Blood and immune cells,Human Protein Atlas v25.1 single-nucleus brain; top 200 specificity-ranked AHBA genes per cluster type,0,7,200,0.0,1.0,,1.0
Amyotrophic lateral sclerosis,als,stringent,mammillary body,Neuronal cells,Human Protein Atlas v25.1 single-nucleus brain; top 200 specificity-ranked AHBA genes per cluster type,0,7,200,0.0,1.0,,1.0
Amyotrophic lateral sclerosis,als,stringent,medium spiny neuron,Neuronal cells,Human Protein Atlas v25.1 single-nucleus brain; top 200 specificity-ranked AHBA genes per cluster type,0,7,200,0.0,1.0,,1.0
Amyotrophic lateral sclerosis,als,stringent,midbrain-derived inhibitory,Neuronal cells,Human Protein Atlas v25.1 single-nucleus brain; top 200 specificity-ranked AHBA genes per cluster type,0,7,200,0.0,1.0,,1.0
Amyotrophic lateral sclerosis,als,stringent,miscellaneous,Neuronal cells,Human Protein Atlas v25.1 single-nucleus brain; top 200 specificity-ranked AHBA genes per cluster type,0,7,200,0.0,1.0,,1.0
Amyotrophic lateral sclerosis,als,stringent,oligodendrocyte precursor cell,Glial cells,Human Protein Atlas v25.1 single-nucleus brain; top 200 specificity-ranked AHBA genes per cluster type,0,7,200,0.0,1.0,,1.0
Amyotrophic lateral sclerosis,als,stringent,pericyte,Endothelial and mural cells,Human Protein Atlas v25.1 single-nucleus brain; top 200 specificity-ranked AHBA genes per cluster type,0,7,200,0.0,1.0,,1.0
Amyotrophic lateral sclerosis,als,stringent,splatter,Neuronal cells,Human Protein Atlas v25.1 single-nucleus brain; top 200 specificity-ranked AHBA genes per cluster type,0,7,186,0.0,1.0,,1.0
Amyotrophic lateral sclerosis,als,stringent,thalamic excitatory,Neuronal cells,Human Protein Atlas v25.1 single-nucleus brain; top 200 specificity-ranked AHBA genes per cluster type,0,7,200,0.0,1.0,,1.0
Amyotrophic lateral sclerosis,als,stringent,upper rhombic lip,Neuronal cells,Human Protein Atlas v25.1 single-nucleus brain; top 200 specificity-ranked AHBA genes per cluster type,0,7,200,0.0,1.0,,1.0
Amyotrophic lateral sclerosis,als,stringent,upper-layer intratelencephalic,Neuronal cells,Human Protein Atlas v25.1 single-nucleus brain; top 200 specificity-ranked AHBA genes per cluster type,0,7,200,0.0,1.0,,1.0
Amyotrophic lateral sclerosis,als,stringent,vascular associated smooth muscle cell,Endothelial and mural cells,Human Protein Atlas v25.1 single-nucleus brain; top 200 specificity-ranked AHBA genes per cluster type,0,7,200,0.0,1.0,,1.0
Amyotrophic lateral sclerosis,als,weighted,amygdala excitatory,Neuronal cells,Human Protein Atlas v25.1 single-nucleus brain; top 200 specificity-ranked AHBA genes per cluster type,1,22,200,3.5527272727272727,0.24684311504378,LINGO2,0.9325184346098356
Amyotrophic lateral sclerosis,als,weighted,choroid plexus epithelial cell,Ciliated cells,Human Protein Atlas v25.1 single-nucleus brain; top 200 specificity-ranked AHBA genes per cluster type,1,22,200,3.5527272727272727,0.24684311504378,GPX3,0.9325184346098356
Amyotrophic lateral sclerosis,als,weighted,committed oligodendrocyte precursor,Glial cells,Human Protein Atlas v25.1 single-nucleus brain; top 200 specificity-ranked AHBA genes per cluster type,1,22,200,3.5527272727272727,0.24684311504378,MOBP,0.9325184346098356
Amyotrophic lateral sclerosis,als,weighted,lower rhombic lip,Neuronal cells,Human Protein Atlas v25.1 single-nucleus brain; top 200 specificity-ranked AHBA genes per cluster type,1,22,200,3.5527272727272727,0.24684311504378,SOD1,0.9325184346098356
Amyotrophic lateral sclerosis,als,weighted,midbrain-derived inhibitory,Neuronal cells,Human Protein Atlas v25.1 single-nucleus brain; top 200 specificity-ranked AHBA genes per cluster type,1,22,200,3.5527272727272727,0.24684311504378,LINGO2,0.9325184346098356
Amyotrophic lateral sclerosis,als,weighted,miscellaneous,Neuronal cells,Human Protein Atlas v25.1 single-nucleus brain; top 200 specificity-ranked AHBA genes per cluster type,1,22,200,3.5527272727272727,0.24684311504378,LINGO2,0.9325184346098356
Amyotrophic lateral sclerosis,als,weighted,oligodendrocyte,Glial cells,Human Protein Atlas v25.1 single-nucleus brain; top 200 specificity-ranked AHBA genes per cluster type,1,22,200,3.5527272727272727,0.24684311504378,MOBP,0.9325184346098356
Amyotrophic lateral sclerosis,als,weighted,pericyte,Endothelial and mural cells,Human Protein Atlas v25.1 single-nucleus brain; top 200 specificity-ranked AHBA genes per cluster type,1,22,200,3.5527272727272727,0.24684311504378,SH3RF1,0.9325184346098356
Amyotrophic lateral sclerosis,als,weighted,upper-layer intratelencephalic,Neuronal cells,Human Protein Atlas v25.1 single-nucleus brain; top 200 specificity-ranked AHBA genes per cluster type,1,22,200,3.5527272727272727,0.24684311504378,LINGO2,0.9325184346098356
Amyotrophic lateral sclerosis,als,weighted,Bergmann glia,Glial cells,Human Protein Atlas v25.1 single-nucleus brain; top 200 specificity-ranked AHBA genes per cluster type,0,22,200,0.0,1.0,,1.0
Amyotrophic lateral sclerosis,als,weighted,CGE interneuron,Neuronal cells,Human Protein Atlas v25.1 single-nucleus brain; top 200 specificity-ranked AHBA genes per cluster type,0,22,200,0.0,1.0,,1.0
Amyotrophic lateral sclerosis,als,weighted,LAMP5-LHX6 and Chandelier,Neuronal cells,Human Protein Atlas v25.1 single-nucleus brain; top 200 specificity-ranked AHBA genes per cluster type,0,22,200,0.0,1.0,,1.0
Amyotrophic lateral sclerosis,als,weighted,MGE interneuron,Neuronal cells,Human Protein Atlas v25.1 single-nucleus brain; top 200 specificity-ranked AHBA genes per cluster type,0,22,200,0.0,1.0,,1.0
Amyotrophic lateral sclerosis,als,weighted,astrocyte,Glial cells,Human Protein Atlas v25.1 single-nucleus brain; top 200 specificity-ranked AHBA genes per cluster type,0,22,200,0.0,1.0,,1.0
Amyotrophic lateral sclerosis,als,weighted,central nervous system macrophage,Glial cells,Human Protein Atlas v25.1 single-nucleus brain; top 200 specificity-ranked AHBA genes per cluster type,0,22,200,0.0,1.0,,1.0
Amyotrophic lateral sclerosis,als,weighted,cerebellar inhibitory,Neuronal cells,Human Protein Atlas v25.1 single-nucleus brain; top 200 specificity-ranked AHBA genes per cluster type,0,22,200,0.0,1.0,,1.0
Amyotrophic lateral sclerosis,als,weighted,deep-layer corticothalamic and 6b,Neuronal cells,Human Protein Atlas v25.1 single-nucleus brain; top 200 specificity-ranked AHBA genes per cluster type,0,22,200,0.0,1.0,,1.0
Amyotrophic lateral sclerosis,als,weighted,deep-layer intratelencephalic,Neuronal cells,Human Protein Atlas v25.1 single-nucleus brain; top 200 specificity-ranked AHBA genes per cluster type,0,22,200,0.0,1.0,,1.0
Amyotrophic lateral sclerosis,als,weighted,deep-layer near-projecting,Neuronal cells,Human Protein Atlas v25.1 single-nucleus brain; top 200 specificity-ranked AHBA genes per cluster type,0,22,200,0.0,1.0,,1.0
Amyotrophic lateral sclerosis,als,weighted,eccentric medium spiny neuron,Neuronal cells,Human Protein Atlas v25.1 single-nucleus brain; top 200 specificity-ranked AHBA genes per cluster type,0,22,200,0.0,1.0,,1.0
Amyotrophic lateral sclerosis,als,weighted,endothelial cell,Endothelial and mural cells,Human Protein Atlas v25.1 single-nucleus brain; top 200 specificity-ranked AHBA genes per cluster type,0,22,200,0.0,1.0,,1.0
Amyotrophic lateral sclerosis,als,weighted,ependymal cell,Ciliated cells,Human Protein Atlas v25.1 single-nucleus brain; top 200 specificity-ranked AHBA genes per cluster type,0,22,200,0.0,1.0,,1.0
Amyotrophic lateral sclerosis,als,weighted,fibroblast,Mesenchymal cells,Human Protein Atlas v25.1 single-nucleus brain; top 200 specificity-ranked AHBA genes per cluster type,0,22,200,0.0,1.0,,1.0
Amyotrophic lateral sclerosis,als,weighted,hippocampal CA1-3,Neuronal cells,Human Protein Atlas v25.1 single-nucleus brain; top 200 specificity-ranked AHBA genes per cluster type,0,22,200,0.0,1.0,,1.0
Amyotrophic lateral sclerosis,als,weighted,hippocampal CA4,Neuronal cells,Human Protein Atlas v25.1 single-nucleus brain; top 200 specificity-ranked AHBA genes per cluster type,0,22,200,0.0,1.0,,1.0
Amyotrophic lateral sclerosis,als,weighted,hippocampal dentate gyrus,Neuronal cells,Human Protein Atlas v25.1 single-nucleus brain; top 200 specificity-ranked AHBA genes per cluster type,0,22,200,0.0,1.0,,1.0
Amyotrophic lateral sclerosis,als,weighted,leukocyte,Blood and immune cells,Human Protein Atlas v25.1 single-nucleus brain; top 200 specificity-ranked AHBA genes per cluster type,0,22,200,0.0,1.0,,1.0
Amyotrophic lateral sclerosis,als,weighted,mammillary body,Neuronal cells,Human Protein Atlas v25.1 single-nucleus brain; top 200 specificity-ranked AHBA genes per cluster type,0,22,200,0.0,1.0,,1.0
Amyotrophic lateral sclerosis,als,weighted,medium spiny neuron,Neuronal cells,Human Protein Atlas v25.1 single-nucleus brain; top 200 specificity-ranked AHBA genes per cluster type,0,22,200,0.0,1.0,,1.0
Amyotrophic lateral sclerosis,als,weighted,oligodendrocyte precursor cell,Glial cells,Human Protein Atlas v25.1 single-nucleus brain; top 200 specificity-ranked AHBA genes per cluster type,0,22,200,0.0,1.0,,1.0
Amyotrophic lateral sclerosis,als,weighted,splatter,Neuronal cells,Human Protein Atlas v25.1 single-nucleus brain; top 200 specificity-ranked AHBA genes per cluster type,0,22,186,0.0,1.0,,1.0
Amyotrophic lateral sclerosis,als,weighted,thalamic excitatory,Neuronal cells,Human Protein Atlas v25.1 single-nucleus brain; top 200 specificity-ranked AHBA genes per cluster type,0,22,200,0.0,1.0,,1.0
Amyotrophic lateral sclerosis,als,weighted,upper rhombic lip,Neuronal cells,Human Protein Atlas v25.1 single-nucleus brain; top 200 specificity-ranked AHBA genes per cluster type,0,22,200,0.0,1.0,,1.0
Amyotrophic lateral sclerosis,als,weighted,vascular associated smooth muscle cell,Endothelial and mural cells,Human Protein Atlas v25.1 single-nucleus brain; top 200 specificity-ranked AHBA genes per cluster type,0,22,200,0.0,1.0,,1.0
Attention deficit-hyperactivity disorder,adhd,broad,midbrain-derived inhibitory,Neuronal cells,Human Protein Atlas v25.1 single-nucleus brain; top 200 specificity-ranked AHBA genes per cluster type,4,31,200,10.08516129032258,0.0006241520733316392,CDH8;FOXP2;KIZ;TMEM200C,0.02122117049327573
Attention deficit-hyperactivity disorder,adhd,broad,choroid plexus epithelial cell,Ciliated cells,Human Protein Atlas v25.1 single-nucleus brain; top 200 specificity-ranked AHBA genes per cluster type,3,31,200,7.563870967741935,0.007124432332552927,COL9A1;MDFIC;VGLL3,0.06055767482669988
Attention deficit-hyperactivity disorder,adhd,broad,hippocampal CA4,Neuronal cells,Human Protein Atlas v25.1 single-nucleus brain; top 200 specificity-ranked AHBA genes per cluster type,3,31,200,7.563870967741935,0.007124432332552927,ARHGAP39;COL19A1;DCC,0.06055767482669988
Attention deficit-hyperactivity disorder,adhd,broad,hippocampal dentate gyrus,Neuronal cells,Human Protein Atlas v25.1 single-nucleus brain; top 200 specificity-ranked AHBA genes per cluster type,3,31,200,7.563870967741935,0.007124432332552927,CDH8;COL19A1;VGLL3,0.06055767482669988
Attention deficit-hyperactivity disorder,adhd,broad,splatter,Neuronal cells,Human Protein Atlas v25.1 single-nucleus brain; top 200 specificity-ranked AHBA genes per cluster type,2,31,186,5.4221297259798815,0.052268101214337136,COL19A1;TMEM200C,0.28870430962208815
Attention deficit-hyperactivity disorder,adhd,broad,CGE interneuron,Neuronal cells,Human Protein Atlas v25.1 single-nucleus brain; top 200 specificity-ranked AHBA genes per cluster type,2,31,200,5.04258064516129,0.05943912256925344,L3MBTL4;TMEM200C,0.28870430962208815
Attention deficit-hyperactivity disorder,adhd,broad,miscellaneous,Neuronal cells,Human Protein Atlas v25.1 single-nucleus brain; top 200 specificity-ranked AHBA genes per cluster type,2,31,200,5.04258064516129,0.05943912256925344,DCC;MEF2C,0.28870430962208815
Attention deficit-hyperactivity disorder,adhd,broad,LAMP5-LHX6 and Chandelier,Neuronal cells,Human Protein Atlas v25.1 single-nucleus brain; top 200 specificity-ranked AHBA genes per cluster type,1,31,200,2.521290322580645,0.32938993453437826,MEF2C,0.5332979892461363
Attention deficit-hyperactivity disorder,adhd,broad,MGE interneuron,Neuronal cells,Human Protein Atlas v25.1 single-nucleus brain; top 200 specificity-ranked AHBA genes per cluster type,1,31,200,2.521290322580645,0.32938993453437826,COL19A1,0.5332979892461363
Attention deficit-hyperactivity disorder,adhd,broad,astrocyte,Glial cells,Human Protein Atlas v25.1 single-nucleus brain; top 200 specificity-ranked AHBA genes per cluster type,1,31,200,2.521290322580645,0.32938993453437826,GPT,0.5332979892461363
Attention deficit-hyperactivity disorder,adhd,broad,committed oligodendrocyte precursor,Glial cells,Human Protein Atlas v25.1 single-nucleus brain; top 200 specificity-ranked AHBA genes per cluster type,1,31,200,2.521290322580645,0.32938993453437826,COL9A1,0.5332979892461363
Attention deficit-hyperactivity disorder,adhd,broad,deep-layer corticothalamic and 6b,Neuronal cells,Human Protein Atlas v25.1 single-nucleus brain; top 200 specificity-ranked AHBA genes per cluster type,1,31,200,2.521290322580645,0.32938993453437826,COL19A1,0.5332979892461363
Attention deficit-hyperactivity disorder,adhd,broad,deep-layer near-projecting,Neuronal cells,Human Protein Atlas v25.1 single-nucleus brain; top 200 specificity-ranked AHBA genes per cluster type,1,31,200,2.521290322580645,0.32938993453437826,CDH8,0.5332979892461363
Attention deficit-hyperactivity disorder,adhd,broad,eccentric medium spiny neuron,Neuronal cells,Human Protein Atlas v25.1 single-nucleus brain; top 200 specificity-ranked AHBA genes per cluster type,1,31,200,2.521290322580645,0.32938993453437826,FOXP2,0.5332979892461363
Attention deficit-hyperactivity disorder,adhd,broad,hippocampal CA1-3,Neuronal cells,Human Protein Atlas v25.1 single-nucleus brain; top 200 specificity-ranked AHBA genes per cluster type,1,31,200,2.521290322580645,0.32938993453437826,DUSP6,0.5332979892461363
Attention deficit-hyperactivity disorder,adhd,broad,leukocyte,Blood and immune cells,Human Protein Atlas v25.1 single-nucleus brain; top 200 specificity-ranked AHBA genes per cluster type,1,31,200,2.521290322580645,0.32938993453437826,MDFIC,0.5332979892461363
Attention deficit-hyperactivity disorder,adhd,broad,medium spiny neuron,Neuronal cells,Human Protein Atlas v25.1 single-nucleus brain; top 200 specificity-ranked AHBA genes per cluster type,1,31,200,2.521290322580645,0.32938993453437826,DCC,0.5332979892461363
Attention deficit-hyperactivity disorder,adhd,broad,oligodendrocyte precursor cell,Glial cells,Human Protein Atlas v25.1 single-nucleus brain; top 200 specificity-ranked AHBA genes per cluster type,1,31,200,2.521290322580645,0.32938993453437826,COL9A1,0.5332979892461363
Attention deficit-hyperactivity disorder,adhd,broad,thalamic excitatory,Neuronal cells,Human Protein Atlas v25.1 single-nucleus brain; top 200 specificity-ranked AHBA genes per cluster type,1,31,200,2.521290322580645,0.32938993453437826,FOXP2,0.5332979892461363
Attention deficit-hyperactivity disorder,adhd,broad,upper rhombic lip,Neuronal cells,Human Protein Atlas v25.1 single-nucleus brain; top 200 specificity-ranked AHBA genes per cluster type,1,31,200,2.521290322580645,0.32938993453437826,RUNX1T1,0.5332979892461363
Attention deficit-hyperactivity disorder,adhd,broad,vascular associated smooth muscle cell,Endothelial and mural cells,Human Protein Atlas v25.1 single-nucleus brain; top 200 specificity-ranked AHBA genes per cluster type,1,31,200,2.521290322580645,0.32938993453437826,VGLL3,0.5332979892461363
Attention deficit-hyperactivity disorder,adhd,broad,Bergmann glia,Glial cells,Human Protein Atlas v25.1 single-nucleus brain; top 200 specificity-ranked AHBA genes per cluster type,0,31,200,0.0,1.0,,1.0
Attention deficit-hyperactivity disorder,adhd,broad,amygdala excitatory,Neuronal cells,Human Protein Atlas v25.1 single-nucleus brain; top 200 specificity-ranked AHBA genes per cluster type,0,31,200,0.0,1.0,,1.0
Attention deficit-hyperactivity disorder,adhd,broad,central nervous system macrophage,Glial cells,Human Protein Atlas v25.1 single-nucleus brain; top 200 specificity-ranked AHBA genes per cluster type,0,31,200,0.0,1.0,,1.0
Attention deficit-hyperactivity disorder,adhd,broad,cerebellar inhibitory,Neuronal cells,Human Protein Atlas v25.1 single-nucleus brain; top 200 specificity-ranked AHBA genes per cluster type,0,31,200,0.0,1.0,,1.0
Attention deficit-hyperactivity disorder,adhd,broad,deep-layer intratelencephalic,Neuronal cells,Human Protein Atlas v25.1 single-nucleus brain; top 200 specificity-ranked AHBA genes per cluster type,0,31,200,0.0,1.0,,1.0
Attention deficit-hyperactivity disorder,adhd,broad,endothelial cell,Endothelial and mural cells,Human Protein Atlas v25.1 single-nucleus brain; top 200 specificity-ranked AHBA genes per cluster type,0,31,200,0.0,1.0,,1.0
Attention deficit-hyperactivity disorder,adhd,broad,ependymal cell,Ciliated cells,Human Protein Atlas v25.1 single-nucleus brain; top 200 specificity-ranked AHBA genes per cluster type,0,31,200,0.0,1.0,,1.0
Attention deficit-hyperactivity disorder,adhd,broad,fibroblast,Mesenchymal cells,Human Protein Atlas v25.1 single-nucleus brain; top 200 specificity-ranked AHBA genes per cluster type,0,31,200,0.0,1.0,,1.0
Attention deficit-hyperactivity disorder,adhd,broad,lower rhombic lip,Neuronal cells,Human Protein Atlas v25.1 single-nucleus brain; top 200 specificity-ranked AHBA genes per cluster type,0,31,200,0.0,1.0,,1.0
Attention deficit-hyperactivity disorder,adhd,broad,mammillary body,Neuronal cells,Human Protein Atlas v25.1 single-nucleus brain; top 200 specificity-ranked AHBA genes per cluster type,0,31,200,0.0,1.0,,1.0
Attention deficit-hyperactivity disorder,adhd,broad,oligodendrocyte,Glial cells,Human Protein Atlas v25.1 single-nucleus brain; top 200 specificity-ranked AHBA genes per cluster type,0,31,200,0.0,1.0,,1.0
Attention deficit-hyperactivity disorder,adhd,broad,pericyte,Endothelial and mural cells,Human Protein Atlas v25.1 single-nucleus brain; top 200 specificity-ranked AHBA genes per cluster type,0,31,200,0.0,1.0,,1.0
Attention deficit-hyperactivity disorder,adhd,broad,upper-layer intratelencephalic,Neuronal cells,Human Protein Atlas v25.1 single-nucleus brain; top 200 specificity-ranked AHBA genes per cluster type,0,31,200,0.0,1.0,,1.0
Attention deficit-hyperactivity disorder,adhd,stringent,midbrain-derived inhibitory,Neuronal cells,Human Protein Atlas v25.1 single-nucleus brain; top 200 specificity-ranked AHBA genes per cluster type,3,9,200,26.05333333333333,0.00016373923851239382,CDH8;FOXP2;TMEM200C,0.00556713410942139
Attention deficit-hyperactivity disorder,adhd,stringent,hippocampal dentate gyrus,Neuronal cells,Human Protein Atlas v25.1 single-nucleus brain; top 200 specificity-ranked AHBA genes per cluster type,2,9,200,17.368888888888886,0.005526882905870625,CDH8;VGLL3,0.09395700939980063
Attention deficit-hyperactivity disorder,adhd,stringent,splatter,Neuronal cells,Human Protein Atlas v25.1 single-nucleus brain; top 200 specificity-ranked AHBA genes per cluster type,1,9,186,9.33811230585424,0.1021551233315771,TMEM200C,0.3383143279249094
Attention deficit-hyperactivity disorder,adhd,stringent,CGE interneuron,Neuronal cells,Human Protein Atlas v25.1 single-nucleus brain; top 200 specificity-ranked AHBA genes per cluster type,1,9,200,8.684444444444443,0.10945463550511775,TMEM200C,0.3383143279249094
Attention deficit-hyperactivity disorder,adhd,stringent,choroid plexus epithelial cell,Ciliated cells,Human Protein Atlas v25.1 single-nucleus brain; top 200 specificity-ranked AHBA genes per cluster type,1,9,200,8.684444444444443,0.10945463550511775,VGLL3,0.3383143279249094
Attention deficit-hyperactivity disorder,adhd,stringent,deep-layer near-projecting,Neuronal cells,Human Protein Atlas v25.1 single-nucleus brain; top 200 specificity-ranked AHBA genes per cluster type,1,9,200,8.684444444444443,0.10945463550511775,CDH8,0.3383143279249094
Attention deficit-hyperactivity disorder,adhd,stringent,eccentric medium spiny neuron,Neuronal cells,Human Protein Atlas v25.1 single-nucleus brain; top 200 specificity-ranked AHBA genes per cluster type,1,9,200,8.684444444444443,0.10945463550511775,FOXP2,0.3383143279249094
Attention deficit-hyperactivity disorder,adhd,stringent,hippocampal CA1-3,Neuronal cells,Human Protein Atlas v25.1 single-nucleus brain; top 200 specificity-ranked AHBA genes per cluster type,1,9,200,8.684444444444443,0.10945463550511775,DUSP6,0.3383143279249094
Attention deficit-hyperactivity disorder,adhd,stringent,thalamic excitatory,Neuronal cells,Human Protein Atlas v25.1 single-nucleus brain; top 200 specificity-ranked AHBA genes per cluster type,1,9,200,8.684444444444443,0.10945463550511775,FOXP2,0.3383143279249094
Attention deficit-hyperactivity disorder,adhd,stringent,upper rhombic lip,Neuronal cells,Human Protein Atlas v25.1 single-nucleus brain; top 200 specificity-ranked AHBA genes per cluster type,1,9,200,8.684444444444443,0.10945463550511775,RUNX1T1,0.3383143279249094
Attention deficit-hyperactivity disorder,adhd,stringent,vascular associated smooth muscle cell,Endothelial and mural cells,Human Protein Atlas v25.1 single-nucleus brain; top 200 specificity-ranked AHBA genes per cluster type,1,9,200,8.684444444444443,0.10945463550511775,VGLL3,0.3383143279249094
Attention deficit-hyperactivity disorder,adhd,stringent,Bergmann glia,Glial cells,Human Protein Atlas v25.1 single-nucleus brain; top 200 specificity-ranked AHBA genes per cluster type,0,9,200,0.0,1.0,,1.0
Attention deficit-hyperactivity disorder,adhd,stringent,LAMP5-LHX6 and Chandelier,Neuronal cells,Human Protein Atlas v25.1 single-nucleus brain; top 200 specificity-ranked AHBA genes per cluster type,0,9,200,0.0,1.0,,1.0
Attention deficit-hyperactivity disorder,adhd,stringent,MGE interneuron,Neuronal cells,Human Protein Atlas v25.1 single-nucleus brain; top 200 specificity-ranked AHBA genes per cluster type,0,9,200,0.0,1.0,,1.0
Attention deficit-hyperactivity disorder,adhd,stringent,amygdala excitatory,Neuronal cells,Human Protein Atlas v25.1 single-nucleus brain; top 200 specificity-ranked AHBA genes per cluster type,0,9,200,0.0,1.0,,1.0
Attention deficit-hyperactivity disorder,adhd,stringent,astrocyte,Glial cells,Human Protein Atlas v25.1 single-nucleus brain; top 200 specificity-ranked AHBA genes per cluster type,0,9,200,0.0,1.0,,1.0
Attention deficit-hyperactivity disorder,adhd,stringent,central nervous system macrophage,Glial cells,Human Protein Atlas v25.1 single-nucleus brain; top 200 specificity-ranked AHBA genes per cluster type,0,9,200,0.0,1.0,,1.0
Attention deficit-hyperactivity disorder,adhd,stringent,cerebellar inhibitory,Neuronal cells,Human Protein Atlas v25.1 single-nucleus brain; top 200 specificity-ranked AHBA genes per cluster type,0,9,200,0.0,1.0,,1.0
Attention deficit-hyperactivity disorder,adhd,stringent,committed oligodendrocyte precursor,Glial cells,Human Protein Atlas v25.1 single-nucleus brain; top 200 specificity-ranked AHBA genes per cluster type,0,9,200,0.0,1.0,,1.0
Attention deficit-hyperactivity disorder,adhd,stringent,deep-layer corticothalamic and 6b,Neuronal cells,Human Protein Atlas v25.1 single-nucleus brain; top 200 specificity-ranked AHBA genes per cluster type,0,9,200,0.0,1.0,,1.0
Attention deficit-hyperactivity disorder,adhd,stringent,deep-layer intratelencephalic,Neuronal cells,Human Protein Atlas v25.1 single-nucleus brain; top 200 specificity-ranked AHBA genes per cluster type,0,9,200,0.0,1.0,,1.0
Attention deficit-hyperactivity disorder,adhd,stringent,endothelial cell,Endothelial and mural cells,Human Protein Atlas v25.1 single-nucleus brain; top 200 specificity-ranked AHBA genes per cluster type,0,9,200,0.0,1.0,,1.0
Attention deficit-hyperactivity disorder,adhd,stringent,ependymal cell,Ciliated cells,Human Protein Atlas v25.1 single-nucleus brain; top 200 specificity-ranked AHBA genes per cluster type,0,9,200,0.0,1.0,,1.0
Attention deficit-hyperactivity disorder,adhd,stringent,fibroblast,Mesenchymal cells,Human Protein Atlas v25.1 single-nucleus brain; top 200 specificity-ranked AHBA genes per cluster type,0,9,200,0.0,1.0,,1.0
Attention deficit-hyperactivity disorder,adhd,stringent,hippocampal CA4,Neuronal cells,Human Protein Atlas v25.1 single-nucleus brain; top 200 specificity-ranked AHBA genes per cluster type,0,9,200,0.0,1.0,,1.0
Attention deficit-hyperactivity disorder,adhd,stringent,leukocyte,Blood and immune cells,Human Protein Atlas v25.1 single-nucleus brain; top 200 specificity-ranked AHBA genes per cluster type,0,9,200,0.0,1.0,,1.0
Attention deficit-hyperactivity disorder,adhd,stringent,lower rhombic lip,Neuronal cells,Human Protein Atlas v25.1 single-nucleus brain; top 200 specificity-ranked AHBA genes per cluster type,0,9,200,0.0,1.0,,1.0
Attention deficit-hyperactivity disorder,adhd,stringent,mammillary body,Neuronal cells,Human Protein Atlas v25.1 single-nucleus brain; top 200 specificity-ranked AHBA genes per cluster type,0,9,200,0.0,1.0,,1.0
Attention deficit-hyperactivity disorder,adhd,stringent,medium spiny neuron,Neuronal cells,Human Protein Atlas v25.1 single-nucleus brain; top 200 specificity-ranked AHBA genes per cluster type,0,9,200,0.0,1.0,,1.0
Attention deficit-hyperactivity disorder,adhd,stringent,miscellaneous,Neuronal cells,Human Protein Atlas v25.1 single-nucleus brain; top 200 specificity-ranked AHBA genes per cluster type,0,9,200,0.0,1.0,,1.0
Attention deficit-hyperactivity disorder,adhd,stringent,oligodendrocyte,Glial cells,Human Protein Atlas v25.1 single-nucleus brain; top 200 specificity-ranked AHBA genes per cluster type,0,9,200,0.0,1.0,,1.0
Attention deficit-hyperactivity disorder,adhd,stringent,oligodendrocyte precursor cell,Glial cells,Human Protein Atlas v25.1 single-nucleus brain; top 200 specificity-ranked AHBA genes per cluster type,0,9,200,0.0,1.0,,1.0
Attention deficit-hyperactivity disorder,adhd,stringent,pericyte,Endothelial and mural cells,Human Protein Atlas v25.1 single-nucleus brain; top 200 specificity-ranked AHBA genes per cluster type,0,9,200,0.0,1.0,,1.0
Attention deficit-hyperactivity disorder,adhd,stringent,upper-layer intratelencephalic,Neuronal cells,Human Protein Atlas v25.1 single-nucleus brain; top 200 specificity-ranked AHBA genes per cluster type,0,9,200,0.0,1.0,,1.0
Attention deficit-hyperactivity disorder,adhd,weighted,midbrain-derived inhibitory,Neuronal cells,Human Protein Atlas v25.1 single-nucleus brain; top 200 specificity-ranked AHBA genes per cluster type,4,31,200,10.08516129032258,0.0006241520733316392,CDH8;FOXP2;KIZ;TMEM200C,0.02122117049327573
Attention deficit-hyperactivity disorder,adhd,weighted,choroid plexus epithelial cell,Ciliated cells,Human Protein Atlas v25.1 single-nucleus brain; top 200 specificity-ranked AHBA genes per cluster type,3,31,200,7.563870967741935,0.007124432332552927,COL9A1;MDFIC;VGLL3,0.06055767482669988
Attention deficit-hyperactivity disorder,adhd,weighted,hippocampal CA4,Neuronal cells,Human Protein Atlas v25.1 single-nucleus brain; top 200 specificity-ranked AHBA genes per cluster type,3,31,200,7.563870967741935,0.007124432332552927,ARHGAP39;COL19A1;DCC,0.06055767482669988
Attention deficit-hyperactivity disorder,adhd,weighted,hippocampal dentate gyrus,Neuronal cells,Human Protein Atlas v25.1 single-nucleus brain; top 200 specificity-ranked AHBA genes per cluster type,3,31,200,7.563870967741935,0.007124432332552927,CDH8;COL19A1;VGLL3,0.06055767482669988
Attention deficit-hyperactivity disorder,adhd,weighted,splatter,Neuronal cells,Human Protein Atlas v25.1 single-nucleus brain; top 200 specificity-ranked AHBA genes per cluster type,2,31,186,5.4221297259798815,0.052268101214337136,COL19A1;TMEM200C,0.28870430962208815
Attention deficit-hyperactivity disorder,adhd,weighted,CGE interneuron,Neuronal cells,Human Protein Atlas v25.1 single-nucleus brain; top 200 specificity-ranked AHBA genes per cluster type,2,31,200,5.04258064516129,0.05943912256925344,L3MBTL4;TMEM200C,0.28870430962208815
Attention deficit-hyperactivity disorder,adhd,weighted,miscellaneous,Neuronal cells,Human Protein Atlas v25.1 single-nucleus brain; top 200 specificity-ranked AHBA genes per cluster type,2,31,200,5.04258064516129,0.05943912256925344,DCC;MEF2C,0.28870430962208815
Attention deficit-hyperactivity disorder,adhd,weighted,LAMP5-LHX6 and Chandelier,Neuronal cells,Human Protein Atlas v25.1 single-nucleus brain; top 200 specificity-ranked AHBA genes per cluster type,1,31,200,2.521290322580645,0.32938993453437826,MEF2C,0.5332979892461363
Attention deficit-hyperactivity disorder,adhd,weighted,MGE interneuron,Neuronal cells,Human Protein Atlas v25.1 single-nucleus brain; top 200 specificity-ranked AHBA genes per cluster type,1,31,200,2.521290322580645,0.32938993453437826,COL19A1,0.5332979892461363
Attention deficit-hyperactivity disorder,adhd,weighted,astrocyte,Glial cells,Human Protein Atlas v25.1 single-nucleus brain; top 200 specificity-ranked AHBA genes per cluster type,1,31,200,2.521290322580645,0.32938993453437826,GPT,0.5332979892461363
Attention deficit-hyperactivity disorder,adhd,weighted,committed oligodendrocyte precursor,Glial cells,Human Protein Atlas v25.1 single-nucleus brain; top 200 specificity-ranked AHBA genes per cluster type,1,31,200,2.521290322580645,0.32938993453437826,COL9A1,0.5332979892461363
Attention deficit-hyperactivity disorder,adhd,weighted,deep-layer corticothalamic and 6b,Neuronal cells,Human Protein Atlas v25.1 single-nucleus brain; top 200 specificity-ranked AHBA genes per cluster type,1,31,200,2.521290322580645,0.32938993453437826,COL19A1,0.5332979892461363
Attention deficit-hyperactivity disorder,adhd,weighted,deep-layer near-projecting,Neuronal cells,Human Protein Atlas v25.1 single-nucleus brain; top 200 specificity-ranked AHBA genes per cluster type,1,31,200,2.521290322580645,0.32938993453437826,CDH8,0.5332979892461363
Attention deficit-hyperactivity disorder,adhd,weighted,eccentric medium spiny neuron,Neuronal cells,Human Protein Atlas v25.1 single-nucleus brain; top 200 specificity-ranked AHBA genes per cluster type,1,31,200,2.521290322580645,0.32938993453437826,FOXP2,0.5332979892461363
Attention deficit-hyperactivity disorder,adhd,weighted,hippocampal CA1-3,Neuronal cells,Human Protein Atlas v25.1 single-nucleus brain; top 200 specificity-ranked AHBA genes per cluster type,1,31,200,2.521290322580645,0.32938993453437826,DUSP6,0.5332979892461363
Attention deficit-hyperactivity disorder,adhd,weighted,leukocyte,Blood and immune cells,Human Protein Atlas v25.1 single-nucleus brain; top 200 specificity-ranked AHBA genes per cluster type,1,31,200,2.521290322580645,0.32938993453437826,MDFIC,0.5332979892461363
Attention deficit-hyperactivity disorder,adhd,weighted,medium spiny neuron,Neuronal cells,Human Protein Atlas v25.1 single-nucleus brain; top 200 specificity-ranked AHBA genes per cluster type,1,31,200,2.521290322580645,0.32938993453437826,DCC,0.5332979892461363
Attention deficit-hyperactivity disorder,adhd,weighted,oligodendrocyte precursor cell,Glial cells,Human Protein Atlas v25.1 single-nucleus brain; top 200 specificity-ranked AHBA genes per cluster type,1,31,200,2.521290322580645,0.32938993453437826,COL9A1,0.5332979892461363
Attention deficit-hyperactivity disorder,adhd,weighted,thalamic excitatory,Neuronal cells,Human Protein Atlas v25.1 single-nucleus brain; top 200 specificity-ranked AHBA genes per cluster type,1,31,200,2.521290322580645,0.32938993453437826,FOXP2,0.5332979892461363
Attention deficit-hyperactivity disorder,adhd,weighted,upper rhombic lip,Neuronal cells,Human Protein Atlas v25.1 single-nucleus brain; top 200 specificity-ranked AHBA genes per cluster type,1,31,200,2.521290322580645,0.32938993453437826,RUNX1T1,0.5332979892461363
Attention deficit-hyperactivity disorder,adhd,weighted,vascular associated smooth muscle cell,Endothelial and mural cells,Human Protein Atlas v25.1 single-nucleus brain; top 200 specificity-ranked AHBA genes per cluster type,1,31,200,2.521290322580645,0.32938993453437826,VGLL3,0.5332979892461363
Attention deficit-hyperactivity disorder,adhd,weighted,Bergmann glia,Glial cells,Human Protein Atlas v25.1 single-nucleus brain; top 200 specificity-ranked AHBA genes per cluster type,0,31,200,0.0,1.0,,1.0
Attention deficit-hyperactivity disorder,adhd,weighted,amygdala excitatory,Neuronal cells,Human Protein Atlas v25.1 single-nucleus brain; top 200 specificity-ranked AHBA genes per cluster type,0,31,200,0.0,1.0,,1.0
Attention deficit-hyperactivity disorder,adhd,weighted,central nervous system macrophage,Glial cells,Human Protein Atlas v25.1 single-nucleus brain; top 200 specificity-ranked AHBA genes per cluster type,0,31,200,0.0,1.0,,1.0
Attention deficit-hyperactivity disorder,adhd,weighted,cerebellar inhibitory,Neuronal cells,Human Protein Atlas v25.1 single-nucleus brain; top 200 specificity-ranked AHBA genes per cluster type,0,31,200,0.0,1.0,,1.0
Attention deficit-hyperactivity disorder,adhd,weighted,deep-layer intratelencephalic,Neuronal cells,Human Protein Atlas v25.1 single-nucleus brain; top 200 specificity-ranked AHBA genes per cluster type,0,31,200,0.0,1.0,,1.0
Attention deficit-hyperactivity disorder,adhd,weighted,endothelial cell,Endothelial and mural cells,Human Protein Atlas v25.1 single-nucleus brain; top 200 specificity-ranked AHBA genes per cluster type,0,31,200,0.0,1.0,,1.0
Attention deficit-hyperactivity disorder,adhd,weighted,ependymal cell,Ciliated cells,Human Protein Atlas v25.1 single-nucleus brain; top 200 specificity-ranked AHBA genes per cluster type,0,31,200,0.0,1.0,,1.0
Attention deficit-hyperactivity disorder,adhd,weighted,fibroblast,Mesenchymal cells,Human Protein Atlas v25.1 single-nucleus brain; top 200 specificity-ranked AHBA genes per cluster type,0,31,200,0.0,1.0,,1.0
Attention deficit-hyperactivity disorder,adhd,weighted,lower rhombic lip,Neuronal cells,Human Protein Atlas v25.1 single-nucleus brain; top 200 specificity-ranked AHBA genes per cluster type,0,31,200,0.0,1.0,,1.0
Attention deficit-hyperactivity disorder,adhd,weighted,mammillary body,Neuronal cells,Human Protein Atlas v25.1 single-nucleus brain; top 200 specificity-ranked AHBA genes per cluster type,0,31,200,0.0,1.0,,1.0
Attention deficit-hyperactivity disorder,adhd,weighted,oligodendrocyte,Glial cells,Human Protein Atlas v25.1 single-nucleus brain; top 200 specificity-ranked AHBA genes per cluster type,0,31,200,0.0,1.0,,1.0
Attention deficit-hyperactivity disorder,adhd,weighted,pericyte,Endothelial and mural cells,Human Protein Atlas v25.1 single-nucleus brain; top 200 specificity-ranked AHBA genes per cluster type,0,31,200,0.0,1.0,,1.0
Attention deficit-hyperactivity disorder,adhd,weighted,upper-layer intratelencephalic,Neuronal cells,Human Protein Atlas v25.1 single-nucleus brain; top 200 specificity-ranked AHBA genes per cluster type,0,31,200,0.0,1.0,,1.0
Bipolar disorder,bipolar,broad,LAMP5-LHX6 and Chandelier,Neuronal cells,Human Protein Atlas v25.1 single-nucleus brain; top 200 specificity-ranked AHBA genes per cluster type,3,80,200,2.9309999999999996,0.08301646830044883,ELFN1;RASGRF2;THSD7A,0.9408533074050867
Bipolar disorder,bipolar,broad,MGE interneuron,Neuronal cells,Human Protein Atlas v25.1 single-nucleus brain; top 200 specificity-ranked AHBA genes per cluster type,3,80,200,2.9309999999999996,0.08301646830044883,ELFN1;RASGRF2;RPS6KA2,0.9408533074050867
Bipolar disorder,bipolar,broad,thalamic excitatory,Neuronal cells,Human Protein Atlas v25.1 single-nucleus brain; top 200 specificity-ranked AHBA genes per cluster type,3,80,200,2.9309999999999996,0.08301646830044883,CPNE7;LRTM2;RHOBTB1,0.9408533074050867
Bipolar disorder,bipolar,broad,splatter,Neuronal cells,Human Protein Atlas v25.1 single-nucleus brain; top 200 specificity-ranked AHBA genes per cluster type,2,80,186,2.1010752688172043,0.2463822243268024,ELFN1;THSD7A,1.0
Bipolar disorder,bipolar,broad,CGE interneuron,Neuronal cells,Human Protein Atlas v25.1 single-nucleus brain; top 200 specificity-ranked AHBA genes per cluster type,2,80,200,1.954,0.2729611486867165,ELFN1;THSD7A,1.0
Bipolar disorder,bipolar,broad,deep-layer near-projecting,Neuronal cells,Human Protein Atlas v25.1 single-nucleus brain; top 200 specificity-ranked AHBA genes per cluster type,2,80,200,1.954,0.2729611486867165,ADCY2;CPNE7,1.0
Bipolar disorder,bipolar,broad,upper-layer intratelencephalic,Neuronal cells,Human Protein Atlas v25.1 single-nucleus brain; top 200 specificity-ranked AHBA genes per cluster type,2,80,200,1.954,0.2729611486867165,KCNB1;KCNS1,1.0
Bipolar disorder,bipolar,broad,central nervous system macrophage,Glial cells,Human Protein Atlas v25.1 single-nucleus brain; top 200 specificity-ranked AHBA genes per cluster type,1,80,200,0.977,0.6439821553212505,STAB1,1.0
Bipolar disorder,bipolar,broad,committed oligodendrocyte precursor,Glial cells,Human Protein Atlas v25.1 single-nucleus brain; top 200 specificity-ranked AHBA genes per cluster type,1,80,200,0.977,0.6439821553212505,MYRF,1.0
Bipolar disorder,bipolar,broad,deep-layer intratelencephalic,Neuronal cells,Human Protein Atlas v25.1 single-nucleus brain; top 200 specificity-ranked AHBA genes per cluster type,1,80,200,0.977,0.6439821553212505,CPNE7,1.0
Bipolar disorder,bipolar,broad,hippocampal CA4,Neuronal cells,Human Protein Atlas v25.1 single-nucleus brain; top 200 specificity-ranked AHBA genes per cluster type,1,80,200,0.977,0.6439821553212505,MSRA,1.0
Bipolar disorder,bipolar,broad,mammillary body,Neuronal cells,Human Protein Atlas v25.1 single-nucleus brain; top 200 specificity-ranked AHBA genes per cluster type,1,80,200,0.977,0.6439821553212505,ADCY2,1.0
Bipolar disorder,bipolar,broad,midbrain-derived inhibitory,Neuronal cells,Human Protein Atlas v25.1 single-nucleus brain; top 200 specificity-ranked AHBA genes per cluster type,1,80,200,0.977,0.6439821553212505,LRTM2,1.0
Bipolar disorder,bipolar,broad,miscellaneous,Neuronal cells,Human Protein Atlas v25.1 single-nucleus brain; top 200 specificity-ranked AHBA genes per cluster type,1,80,200,0.977,0.6439821553212505,CPNE7,1.0
Bipolar disorder,bipolar,broad,oligodendrocyte,Glial cells,Human Protein Atlas v25.1 single-nucleus brain; top 200 specificity-ranked AHBA genes per cluster type,1,80,200,0.977,0.6439821553212505,MYRF,1.0
Bipolar disorder,bipolar,broad,pericyte,Endothelial and mural cells,Human Protein Atlas v25.1 single-nucleus brain; top 200 specificity-ranked AHBA genes per cluster type,1,80,200,0.977,0.6439821553212505,NT5DC2,1.0
Bipolar disorder,bipolar,broad,upper rhombic lip,Neuronal cells,Human Protein Atlas v25.1 single-nucleus brain; top 200 specificity-ranked AHBA genes per cluster type,1,80,200,0.977,0.6439821553212505,MSRA,1.0
Bipolar disorder,bipolar,broad,Bergmann glia,Glial cells,Human Protein Atlas v25.1 single-nucleus brain; top 200 specificity-ranked AHBA genes per cluster type,0,80,200,0.0,1.0,,1.0
Bipolar disorder,bipolar,broad,amygdala excitatory,Neuronal cells,Human Protein Atlas v25.1 single-nucleus brain; top 200 specificity-ranked AHBA genes per cluster type,0,80,200,0.0,1.0,,1.0
Bipolar disorder,bipolar,broad,astrocyte,Glial cells,Human Protein Atlas v25.1 single-nucleus brain; top 200 specificity-ranked AHBA genes per cluster type,0,80,200,0.0,1.0,,1.0
Bipolar disorder,bipolar,broad,cerebellar inhibitory,Neuronal cells,Human Protein Atlas v25.1 single-nucleus brain; top 200 specificity-ranked AHBA genes per cluster type,0,80,200,0.0,1.0,,1.0
Bipolar disorder,bipolar,broad,choroid plexus epithelial cell,Ciliated cells,Human Protein Atlas v25.1 single-nucleus brain; top 200 specificity-ranked AHBA genes per cluster type,0,80,200,0.0,1.0,,1.0
Bipolar disorder,bipolar,broad,deep-layer corticothalamic and 6b,Neuronal cells,Human Protein Atlas v25.1 single-nucleus brain; top 200 specificity-ranked AHBA genes per cluster type,0,80,200,0.0,1.0,,1.0
Bipolar disorder,bipolar,broad,eccentric medium spiny neuron,Neuronal cells,Human Protein Atlas v25.1 single-nucleus brain; top 200 specificity-ranked AHBA genes per cluster type,0,80,200,0.0,1.0,,1.0
Bipolar disorder,bipolar,broad,endothelial cell,Endothelial and mural cells,Human Protein Atlas v25.1 single-nucleus brain; top 200 specificity-ranked AHBA genes per cluster type,0,80,200,0.0,1.0,,1.0
Bipolar disorder,bipolar,broad,ependymal cell,Ciliated cells,Human Protein Atlas v25.1 single-nucleus brain; top 200 specificity-ranked AHBA genes per cluster type,0,80,200,0.0,1.0,,1.0
Bipolar disorder,bipolar,broad,fibroblast,Mesenchymal cells,Human Protein Atlas v25.1 single-nucleus brain; top 200 specificity-ranked AHBA genes per cluster type,0,80,200,0.0,1.0,,1.0
Bipolar disorder,bipolar,broad,hippocampal CA1-3,Neuronal cells,Human Protein Atlas v25.1 single-nucleus brain; top 200 specificity-ranked AHBA genes per cluster type,0,80,200,0.0,1.0,,1.0
Bipolar disorder,bipolar,broad,hippocampal dentate gyrus,Neuronal cells,Human Protein Atlas v25.1 single-nucleus brain; top 200 specificity-ranked AHBA genes per cluster type,0,80,200,0.0,1.0,,1.0
Bipolar disorder,bipolar,broad,leukocyte,Blood and immune cells,Human Protein Atlas v25.1 single-nucleus brain; top 200 specificity-ranked AHBA genes per cluster type,0,80,200,0.0,1.0,,1.0
Bipolar disorder,bipolar,broad,lower rhombic lip,Neuronal cells,Human Protein Atlas v25.1 single-nucleus brain; top 200 specificity-ranked AHBA genes per cluster type,0,80,200,0.0,1.0,,1.0
Bipolar disorder,bipolar,broad,medium spiny neuron,Neuronal cells,Human Protein Atlas v25.1 single-nucleus brain; top 200 specificity-ranked AHBA genes per cluster type,0,80,200,0.0,1.0,,1.0
Bipolar disorder,bipolar,broad,oligodendrocyte precursor cell,Glial cells,Human Protein Atlas v25.1 single-nucleus brain; top 200 specificity-ranked AHBA genes per cluster type,0,80,200,0.0,1.0,,1.0
Bipolar disorder,bipolar,broad,vascular associated smooth muscle cell,Endothelial and mural cells,Human Protein Atlas v25.1 single-nucleus brain; top 200 specificity-ranked AHBA genes per cluster type,0,80,200,0.0,1.0,,1.0
Bipolar disorder,bipolar,stringent,splatter,Neuronal cells,Human Protein Atlas v25.1 single-nucleus brain; top 200 specificity-ranked AHBA genes per cluster type,1,20,186,4.202150537634409,0.2130157080828496,THSD7A,0.9654655137720216
Bipolar disorder,bipolar,stringent,CGE interneuron,Neuronal cells,Human Protein Atlas v25.1 single-nucleus brain; top 200 specificity-ranked AHBA genes per cluster type,1,20,200,3.908,0.22716835618165215,THSD7A,0.9654655137720216
Bipolar disorder,bipolar,stringent,LAMP5-LHX6 and Chandelier,Neuronal cells,Human Protein Atlas v25.1 single-nucleus brain; top 200 specificity-ranked AHBA genes per cluster type,1,20,200,3.908,0.22716835618165215,THSD7A,0.9654655137720216
Bipolar disorder,bipolar,stringent,deep-layer near-projecting,Neuronal cells,Human Protein Atlas v25.1 single-nucleus brain; top 200 specificity-ranked AHBA genes per cluster type,1,20,200,3.908,0.22716835618165215,ADCY2,0.9654655137720216
Bipolar disorder,bipolar,stringent,hippocampal CA4,Neuronal cells,Human Protein Atlas v25.1 single-nucleus brain; top 200 specificity-ranked AHBA genes per cluster type,1,20,200,3.908,0.22716835618165215,MSRA,0.9654655137720216
Bipolar disorder,bipolar,stringent,mammillary body,Neuronal cells,Human Protein Atlas v25.1 single-nucleus brain; top 200 specificity-ranked AHBA genes per cluster type,1,20,200,3.908,0.22716835618165215,ADCY2,0.9654655137720216
Bipolar disorder,bipolar,stringent,upper rhombic lip,Neuronal cells,Human Protein Atlas v25.1 single-nucleus brain; top 200 specificity-ranked AHBA genes per cluster type,1,20,200,3.908,0.22716835618165215,MSRA,0.9654655137720216
Bipolar disorder,bipolar,stringent,upper-layer intratelencephalic,Neuronal cells,Human Protein Atlas v25.1 single-nucleus brain; top 200 specificity-ranked AHBA genes per cluster type,1,20,200,3.908,0.22716835618165215,KCNB1,0.9654655137720216
Bipolar disorder,bipolar,stringent,Bergmann glia,Glial cells,Human Protein Atlas v25.1 single-nucleus brain; top 200 specificity-ranked AHBA genes per cluster type,0,20,200,0.0,1.0,,1.0
Bipolar disorder,bipolar,stringent,MGE interneuron,Neuronal cells,Human Protein Atlas v25.1 single-nucleus brain; top 200 specificity-ranked AHBA genes per cluster type,0,20,200,0.0,1.0,,1.0
Bipolar disorder,bipolar,stringent,amygdala excitatory,Neuronal cells,Human Protein Atlas v25.1 single-nucleus brain; top 200 specificity-ranked AHBA genes per cluster type,0,20,200,0.0,1.0,,1.0
Bipolar disorder,bipolar,stringent,astrocyte,Glial cells,Human Protein Atlas v25.1 single-nucleus brain; top 200 specificity-ranked AHBA genes per cluster type,0,20,200,0.0,1.0,,1.0
Bipolar disorder,bipolar,stringent,central nervous system macrophage,Glial cells,Human Protein Atlas v25.1 single-nucleus brain; top 200 specificity-ranked AHBA genes per cluster type,0,20,200,0.0,1.0,,1.0
Bipolar disorder,bipolar,stringent,cerebellar inhibitory,Neuronal cells,Human Protein Atlas v25.1 single-nucleus brain; top 200 specificity-ranked AHBA genes per cluster type,0,20,200,0.0,1.0,,1.0
Bipolar disorder,bipolar,stringent,choroid plexus epithelial cell,Ciliated cells,Human Protein Atlas v25.1 single-nucleus brain; top 200 specificity-ranked AHBA genes per cluster type,0,20,200,0.0,1.0,,1.0
Bipolar disorder,bipolar,stringent,committed oligodendrocyte precursor,Glial cells,Human Protein Atlas v25.1 single-nucleus brain; top 200 specificity-ranked AHBA genes per cluster type,0,20,200,0.0,1.0,,1.0
Bipolar disorder,bipolar,stringent,deep-layer corticothalamic and 6b,Neuronal cells,Human Protein Atlas v25.1 single-nucleus brain; top 200 specificity-ranked AHBA genes per cluster type,0,20,200,0.0,1.0,,1.0
Bipolar disorder,bipolar,stringent,deep-layer intratelencephalic,Neuronal cells,Human Protein Atlas v25.1 single-nucleus brain; top 200 specificity-ranked AHBA genes per cluster type,0,20,200,0.0,1.0,,1.0
Bipolar disorder,bipolar,stringent,eccentric medium spiny neuron,Neuronal cells,Human Protein Atlas v25.1 single-nucleus brain; top 200 specificity-ranked AHBA genes per cluster type,0,20,200,0.0,1.0,,1.0
Bipolar disorder,bipolar,stringent,endothelial cell,Endothelial and mural cells,Human Protein Atlas v25.1 single-nucleus brain; top 200 specificity-ranked AHBA genes per cluster type,0,20,200,0.0,1.0,,1.0
Bipolar disorder,bipolar,stringent,ependymal cell,Ciliated cells,Human Protein Atlas v25.1 single-nucleus brain; top 200 specificity-ranked AHBA genes per cluster type,0,20,200,0.0,1.0,,1.0
Bipolar disorder,bipolar,stringent,fibroblast,Mesenchymal cells,Human Protein Atlas v25.1 single-nucleus brain; top 200 specificity-ranked AHBA genes per cluster type,0,20,200,0.0,1.0,,1.0
Bipolar disorder,bipolar,stringent,hippocampal CA1-3,Neuronal cells,Human Protein Atlas v25.1 single-nucleus brain; top 200 specificity-ranked AHBA genes per cluster type,0,20,200,0.0,1.0,,1.0
Bipolar disorder,bipolar,stringent,hippocampal dentate gyrus,Neuronal cells,Human Protein Atlas v25.1 single-nucleus brain; top 200 specificity-ranked AHBA genes per cluster type,0,20,200,0.0,1.0,,1.0
Bipolar disorder,bipolar,stringent,leukocyte,Blood and immune cells,Human Protein Atlas v25.1 single-nucleus brain; top 200 specificity-ranked AHBA genes per cluster type,0,20,200,0.0,1.0,,1.0
Bipolar disorder,bipolar,stringent,lower rhombic lip,Neuronal cells,Human Protein Atlas v25.1 single-nucleus brain; top 200 specificity-ranked AHBA genes per cluster type,0,20,200,0.0,1.0,,1.0
Bipolar disorder,bipolar,stringent,medium spiny neuron,Neuronal cells,Human Protein Atlas v25.1 single-nucleus brain; top 200 specificity-ranked AHBA genes per cluster type,0,20,200,0.0,1.0,,1.0
Bipolar disorder,bipolar,stringent,midbrain-derived inhibitory,Neuronal cells,Human Protein Atlas v25.1 single-nucleus brain; top 200 specificity-ranked AHBA genes per cluster type,0,20,200,0.0,1.0,,1.0
Bipolar disorder,bipolar,stringent,miscellaneous,Neuronal cells,Human Protein Atlas v25.1 single-nucleus brain; top 200 specificity-ranked AHBA genes per cluster type,0,20,200,0.0,1.0,,1.0
Bipolar disorder,bipolar,stringent,oligodendrocyte,Glial cells,Human Protein Atlas v25.1 single-nucleus brain; top 200 specificity-ranked AHBA genes per cluster type,0,20,200,0.0,1.0,,1.0
Bipolar disorder,bipolar,stringent,oligodendrocyte precursor cell,Glial cells,Human Protein Atlas v25.1 single-nucleus brain; top 200 specificity-ranked AHBA genes per cluster type,0,20,200,0.0,1.0,,1.0
Bipolar disorder,bipolar,stringent,pericyte,Endothelial and mural cells,Human Protein Atlas v25.1 single-nucleus brain; top 200 specificity-ranked AHBA genes per cluster type,0,20,200,0.0,1.0,,1.0
Bipolar disorder,bipolar,stringent,thalamic excitatory,Neuronal cells,Human Protein Atlas v25.1 single-nucleus brain; top 200 specificity-ranked AHBA genes per cluster type,0,20,200,0.0,1.0,,1.0
Bipolar disorder,bipolar,stringent,vascular associated smooth muscle cell,Endothelial and mural cells,Human Protein Atlas v25.1 single-nucleus brain; top 200 specificity-ranked AHBA genes per cluster type,0,20,200,0.0,1.0,,1.0
Bipolar disorder,bipolar,weighted,LAMP5-LHX6 and Chandelier,Neuronal cells,Human Protein Atlas v25.1 single-nucleus brain; top 200 specificity-ranked AHBA genes per cluster type,3,80,200,2.9309999999999996,0.08301646830044883,ELFN1;RASGRF2;THSD7A,0.9408533074050867
Bipolar disorder,bipolar,weighted,MGE interneuron,Neuronal cells,Human Protein Atlas v25.1 single-nucleus brain; top 200 specificity-ranked AHBA genes per cluster type,3,80,200,2.9309999999999996,0.08301646830044883,ELFN1;RASGRF2;RPS6KA2,0.9408533074050867
Bipolar disorder,bipolar,weighted,thalamic excitatory,Neuronal cells,Human Protein Atlas v25.1 single-nucleus brain; top 200 specificity-ranked AHBA genes per cluster type,3,80,200,2.9309999999999996,0.08301646830044883,CPNE7;LRTM2;RHOBTB1,0.9408533074050867
Bipolar disorder,bipolar,weighted,splatter,Neuronal cells,Human Protein Atlas v25.1 single-nucleus brain; top 200 specificity-ranked AHBA genes per cluster type,2,80,186,2.1010752688172043,0.2463822243268024,ELFN1;THSD7A,1.0
Bipolar disorder,bipolar,weighted,CGE interneuron,Neuronal cells,Human Protein Atlas v25.1 single-nucleus brain; top 200 specificity-ranked AHBA genes per cluster type,2,80,200,1.954,0.2729611486867165,ELFN1;THSD7A,1.0
Bipolar disorder,bipolar,weighted,deep-layer near-projecting,Neuronal cells,Human Protein Atlas v25.1 single-nucleus brain; top 200 specificity-ranked AHBA genes per cluster type,2,80,200,1.954,0.2729611486867165,ADCY2;CPNE7,1.0
Bipolar disorder,bipolar,weighted,upper-layer intratelencephalic,Neuronal cells,Human Protein Atlas v25.1 single-nucleus brain; top 200 specificity-ranked AHBA genes per cluster type,2,80,200,1.954,0.2729611486867165,KCNB1;KCNS1,1.0
Bipolar disorder,bipolar,weighted,central nervous system macrophage,Glial cells,Human Protein Atlas v25.1 single-nucleus brain; top 200 specificity-ranked AHBA genes per cluster type,1,80,200,0.977,0.6439821553212505,STAB1,1.0
Bipolar disorder,bipolar,weighted,committed oligodendrocyte precursor,Glial cells,Human Protein Atlas v25.1 single-nucleus brain; top 200 specificity-ranked AHBA genes per cluster type,1,80,200,0.977,0.6439821553212505,MYRF,1.0
Bipolar disorder,bipolar,weighted,deep-layer intratelencephalic,Neuronal cells,Human Protein Atlas v25.1 single-nucleus brain; top 200 specificity-ranked AHBA genes per cluster type,1,80,200,0.977,0.6439821553212505,CPNE7,1.0
Bipolar disorder,bipolar,weighted,hippocampal CA4,Neuronal cells,Human Protein Atlas v25.1 single-nucleus brain; top 200 specificity-ranked AHBA genes per cluster type,1,80,200,0.977,0.6439821553212505,MSRA,1.0
Bipolar disorder,bipolar,weighted,mammillary body,Neuronal cells,Human Protein Atlas v25.1 single-nucleus brain; top 200 specificity-ranked AHBA genes per cluster type,1,80,200,0.977,0.6439821553212505,ADCY2,1.0
Bipolar disorder,bipolar,weighted,midbrain-derived inhibitory,Neuronal cells,Human Protein Atlas v25.1 single-nucleus brain; top 200 specificity-ranked AHBA genes per cluster type,1,80,200,0.977,0.6439821553212505,LRTM2,1.0
Bipolar disorder,bipolar,weighted,miscellaneous,Neuronal cells,Human Protein Atlas v25.1 single-nucleus brain; top 200 specificity-ranked AHBA genes per cluster type,1,80,200,0.977,0.6439821553212505,CPNE7,1.0
Bipolar disorder,bipolar,weighted,oligodendrocyte,Glial cells,Human Protein Atlas v25.1 single-nucleus brain; top 200 specificity-ranked AHBA genes per cluster type,1,80,200,0.977,0.6439821553212505,MYRF,1.0
Bipolar disorder,bipolar,weighted,pericyte,Endothelial and mural cells,Human Protein Atlas v25.1 single-nucleus brain; top 200 specificity-ranked AHBA genes per cluster type,1,80,200,0.977,0.6439821553212505,NT5DC2,1.0
Bipolar disorder,bipolar,weighted,upper rhombic lip,Neuronal cells,Human Protein Atlas v25.1 single-nucleus brain; top 200 specificity-ranked AHBA genes per cluster type,1,80,200,0.977,0.6439821553212505,MSRA,1.0
Bipolar disorder,bipolar,weighted,Bergmann glia,Glial cells,Human Protein Atlas v25.1 single-nucleus brain; top 200 specificity-ranked AHBA genes per cluster type,0,80,200,0.0,1.0,,1.0
Bipolar disorder,bipolar,weighted,amygdala excitatory,Neuronal cells,Human Protein Atlas v25.1 single-nucleus brain; top 200 specificity-ranked AHBA genes per cluster type,0,80,200,0.0,1.0,,1.0
Bipolar disorder,bipolar,weighted,astrocyte,Glial cells,Human Protein Atlas v25.1 single-nucleus brain; top 200 specificity-ranked AHBA genes per cluster type,0,80,200,0.0,1.0,,1.0
Bipolar disorder,bipolar,weighted,cerebellar inhibitory,Neuronal cells,Human Protein Atlas v25.1 single-nucleus brain; top 200 specificity-ranked AHBA genes per cluster type,0,80,200,0.0,1.0,,1.0
Bipolar disorder,bipolar,weighted,choroid plexus epithelial cell,Ciliated cells,Human Protein Atlas v25.1 single-nucleus brain; top 200 specificity-ranked AHBA genes per cluster type,0,80,200,0.0,1.0,,1.0
Bipolar disorder,bipolar,weighted,deep-layer corticothalamic and 6b,Neuronal cells,Human Protein Atlas v25.1 single-nucleus brain; top 200 specificity-ranked AHBA genes per cluster type,0,80,200,0.0,1.0,,1.0
Bipolar disorder,bipolar,weighted,eccentric medium spiny neuron,Neuronal cells,Human Protein Atlas v25.1 single-nucleus brain; top 200 specificity-ranked AHBA genes per cluster type,0,80,200,0.0,1.0,,1.0
Bipolar disorder,bipolar,weighted,endothelial cell,Endothelial and mural cells,Human Protein Atlas v25.1 single-nucleus brain; top 200 specificity-ranked AHBA genes per cluster type,0,80,200,0.0,1.0,,1.0
Bipolar disorder,bipolar,weighted,ependymal cell,Ciliated cells,Human Protein Atlas v25.1 single-nucleus brain; top 200 specificity-ranked AHBA genes per cluster type,0,80,200,0.0,1.0,,1.0
Bipolar disorder,bipolar,weighted,fibroblast,Mesenchymal cells,Human Protein Atlas v25.1 single-nucleus brain; top 200 specificity-ranked AHBA genes per cluster type,0,80,200,0.0,1.0,,1.0
Bipolar disorder,bipolar,weighted,hippocampal CA1-3,Neuronal cells,Human Protein Atlas v25.1 single-nucleus brain; top 200 specificity-ranked AHBA genes per cluster type,0,80,200,0.0,1.0,,1.0
Bipolar disorder,bipolar,weighted,hippocampal dentate gyrus,Neuronal cells,Human Protein Atlas v25.1 single-nucleus brain; top 200 specificity-ranked AHBA genes per cluster type,0,80,200,0.0,1.0,,1.0
Bipolar disorder,bipolar,weighted,leukocyte,Blood and immune cells,Human Protein Atlas v25.1 single-nucleus brain; top 200 specificity-ranked AHBA genes per cluster type,0,80,200,0.0,1.0,,1.0
Bipolar disorder,bipolar,weighted,lower rhombic lip,Neuronal cells,Human Protein Atlas v25.1 single-nucleus brain; top 200 specificity-ranked AHBA genes per cluster type,0,80,200,0.0,1.0,,1.0
Bipolar disorder,bipolar,weighted,medium spiny neuron,Neuronal cells,Human Protein Atlas v25.1 single-nucleus brain; top 200 specificity-ranked AHBA genes per cluster type,0,80,200,0.0,1.0,,1.0
Bipolar disorder,bipolar,weighted,oligodendrocyte precursor cell,Glial cells,Human Protein Atlas v25.1 single-nucleus brain; top 200 specificity-ranked AHBA genes per cluster type,0,80,200,0.0,1.0,,1.0
Bipolar disorder,bipolar,weighted,vascular associated smooth muscle cell,Endothelial and mural cells,Human Protein Atlas v25.1 single-nucleus brain; top 200 specificity-ranked AHBA genes per cluster type,0,80,200,0.0,1.0,,1.0
Epilepsy,epilepsy,broad,splatter,Neuronal cells,Human Protein Atlas v25.1 single-nucleus brain; top 200 specificity-ranked AHBA genes per cluster type,1,7,186,12.006144393241167,0.08039068590394609,SCN7A,0.2664691370368151
Epilepsy,epilepsy,broad,CGE interneuron,Neuronal cells,Human Protein Atlas v25.1 single-nucleus brain; top 200 specificity-ranked AHBA genes per cluster type,1,7,200,11.165714285714284,0.08621060315896958,SCN7A,0.2664691370368151
Epilepsy,epilepsy,broad,LAMP5-LHX6 and Chandelier,Neuronal cells,Human Protein Atlas v25.1 single-nucleus brain; top 200 specificity-ranked AHBA genes per cluster type,1,7,200,11.165714285714284,0.08621060315896958,SCN1A,0.2664691370368151
Epilepsy,epilepsy,broad,eccentric medium spiny neuron,Neuronal cells,Human Protein Atlas v25.1 single-nucleus brain; top 200 specificity-ranked AHBA genes per cluster type,1,7,200,11.165714285714284,0.08621060315896958,KCNIP2,0.2664691370368151
Epilepsy,epilepsy,broad,hippocampal dentate gyrus,Neuronal cells,Human Protein Atlas v25.1 single-nucleus brain; top 200 specificity-ranked AHBA genes per cluster type,1,7,200,11.165714285714284,0.08621060315896958,KCNIP2,0.2664691370368151
Epilepsy,epilepsy,broad,lower rhombic lip,Neuronal cells,Human Protein Atlas v25.1 single-nucleus brain; top 200 specificity-ranked AHBA genes per cluster type,1,7,200,11.165714285714284,0.08621060315896958,FANCL,0.2664691370368151
Epilepsy,epilepsy,broad,mammillary body,Neuronal cells,Human Protein Atlas v25.1 single-nucleus brain; top 200 specificity-ranked AHBA genes per cluster type,1,7,200,11.165714285714284,0.08621060315896958,SCN1A,0.2664691370368151
Epilepsy,epilepsy,broad,medium spiny neuron,Neuronal cells,Human Protein Atlas v25.1 single-nucleus brain; top 200 specificity-ranked AHBA genes per cluster type,1,7,200,11.165714285714284,0.08621060315896958,KCNIP2,0.2664691370368151
Epilepsy,epilepsy,broad,midbrain-derived inhibitory,Neuronal cells,Human Protein Atlas v25.1 single-nucleus brain; top 200 specificity-ranked AHBA genes per cluster type,1,7,200,11.165714285714284,0.08621060315896958,KCNIP2,0.2664691370368151
Epilepsy,epilepsy,broad,oligodendrocyte,Glial cells,Human Protein Atlas v25.1 single-nucleus brain; top 200 specificity-ranked AHBA genes per cluster type,1,7,200,11.165714285714284,0.08621060315896958,VRK2,0.2664691370368151
Epilepsy,epilepsy,broad,thalamic excitatory,Neuronal cells,Human Protein Atlas v25.1 single-nucleus brain; top 200 specificity-ranked AHBA genes per cluster type,1,7,200,11.165714285714284,0.08621060315896958,SCN7A,0.2664691370368151
Epilepsy,epilepsy,broad,Bergmann glia,Glial cells,Human Protein Atlas v25.1 single-nucleus brain; top 200 specificity-ranked AHBA genes per cluster type,0,7,200,0.0,1.0,,1.0
Epilepsy,epilepsy,broad,MGE interneuron,Neuronal cells,Human Protein Atlas v25.1 single-nucleus brain; top 200 specificity-ranked AHBA genes per cluster type,0,7,200,0.0,1.0,,1.0
Epilepsy,epilepsy,broad,amygdala excitatory,Neuronal cells,Human Protein Atlas v25.1 single-nucleus brain; top 200 specificity-ranked AHBA genes per cluster type,0,7,200,0.0,1.0,,1.0
Epilepsy,epilepsy,broad,astrocyte,Glial cells,Human Protein Atlas v25.1 single-nucleus brain; top 200 specificity-ranked AHBA genes per cluster type,0,7,200,0.0,1.0,,1.0
Epilepsy,epilepsy,broad,central nervous system macrophage,Glial cells,Human Protein Atlas v25.1 single-nucleus brain; top 200 specificity-ranked AHBA genes per cluster type,0,7,200,0.0,1.0,,1.0
Epilepsy,epilepsy,broad,cerebellar inhibitory,Neuronal cells,Human Protein Atlas v25.1 single-nucleus brain; top 200 specificity-ranked AHBA genes per cluster type,0,7,200,0.0,1.0,,1.0
Epilepsy,epilepsy,broad,choroid plexus epithelial cell,Ciliated cells,Human Protein Atlas v25.1 single-nucleus brain; top 200 specificity-ranked AHBA genes per cluster type,0,7,200,0.0,1.0,,1.0
Epilepsy,epilepsy,broad,committed oligodendrocyte precursor,Glial cells,Human Protein Atlas v25.1 single-nucleus brain; top 200 specificity-ranked AHBA genes per cluster type,0,7,200,0.0,1.0,,1.0
Epilepsy,epilepsy,broad,deep-layer corticothalamic and 6b,Neuronal cells,Human Protein Atlas v25.1 single-nucleus brain; top 200 specificity-ranked AHBA genes per cluster type,0,7,200,0.0,1.0,,1.0
Epilepsy,epilepsy,broad,deep-layer intratelencephalic,Neuronal cells,Human Protein Atlas v25.1 single-nucleus brain; top 200 specificity-ranked AHBA genes per cluster type,0,7,200,0.0,1.0,,1.0
Epilepsy,epilepsy,broad,deep-layer near-projecting,Neuronal cells,Human Protein Atlas v25.1 single-nucleus brain; top 200 specificity-ranked AHBA genes per cluster type,0,7,200,0.0,1.0,,1.0
Epilepsy,epilepsy,broad,endothelial cell,Endothelial and mural cells,Human Protein Atlas v25.1 single-nucleus brain; top 200 specificity-ranked AHBA genes per cluster type,0,7,200,0.0,1.0,,1.0
Epilepsy,epilepsy,broad,ependymal cell,Ciliated cells,Human Protein Atlas v25.1 single-nucleus brain; top 200 specificity-ranked AHBA genes per cluster type,0,7,200,0.0,1.0,,1.0
Epilepsy,epilepsy,broad,fibroblast,Mesenchymal cells,Human Protein Atlas v25.1 single-nucleus brain; top 200 specificity-ranked AHBA genes per cluster type,0,7,200,0.0,1.0,,1.0
Epilepsy,epilepsy,broad,hippocampal CA1-3,Neuronal cells,Human Protein Atlas v25.1 single-nucleus brain; top 200 specificity-ranked AHBA genes per cluster type,0,7,200,0.0,1.0,,1.0
Epilepsy,epilepsy,broad,hippocampal CA4,Neuronal cells,Human Protein Atlas v25.1 single-nucleus brain; top 200 specificity-ranked AHBA genes per cluster type,0,7,200,0.0,1.0,,1.0
Epilepsy,epilepsy,broad,leukocyte,Blood and immune cells,Human Protein Atlas v25.1 single-nucleus brain; top 200 specificity-ranked AHBA genes per cluster type,0,7,200,0.0,1.0,,1.0
Epilepsy,epilepsy,broad,miscellaneous,Neuronal cells,Human Protein Atlas v25.1 single-nucleus brain; top 200 specificity-ranked AHBA genes per cluster type,0,7,200,0.0,1.0,,1.0
Epilepsy,epilepsy,broad,oligodendrocyte precursor cell,Glial cells,Human Protein Atlas v25.1 single-nucleus brain; top 200 specificity-ranked AHBA genes per cluster type,0,7,200,0.0,1.0,,1.0
Epilepsy,epilepsy,broad,pericyte,Endothelial and mural cells,Human Protein Atlas v25.1 single-nucleus brain; top 200 specificity-ranked AHBA genes per cluster type,0,7,200,0.0,1.0,,1.0
Epilepsy,epilepsy,broad,upper rhombic lip,Neuronal cells,Human Protein Atlas v25.1 single-nucleus brain; top 200 specificity-ranked AHBA genes per cluster type,0,7,200,0.0,1.0,,1.0
Epilepsy,epilepsy,broad,upper-layer intratelencephalic,Neuronal cells,Human Protein Atlas v25.1 single-nucleus brain; top 200 specificity-ranked AHBA genes per cluster type,0,7,200,0.0,1.0,,1.0
Epilepsy,epilepsy,broad,vascular associated smooth muscle cell,Endothelial and mural cells,Human Protein Atlas v25.1 single-nucleus brain; top 200 specificity-ranked AHBA genes per cluster type,0,7,200,0.0,1.0,,1.0
Epilepsy,epilepsy,stringent,LAMP5-LHX6 and Chandelier,Neuronal cells,Human Protein Atlas v25.1 single-nucleus brain; top 200 specificity-ranked AHBA genes per cluster type,1,2,200,39.08,0.025425651084272277,SCN1A,0.2881573789550858
Epilepsy,epilepsy,stringent,mammillary body,Neuronal cells,Human Protein Atlas v25.1 single-nucleus brain; top 200 specificity-ranked AHBA genes per cluster type,1,2,200,39.08,0.025425651084272277,SCN1A,0.2881573789550858
Epilepsy,epilepsy,stringent,oligodendrocyte,Glial cells,Human Protein Atlas v25.1 single-nucleus brain; top 200 specificity-ranked AHBA genes per cluster type,1,2,200,39.08,0.025425651084272277,VRK2,0.2881573789550858
Epilepsy,epilepsy,stringent,Bergmann glia,Glial cells,Human Protein Atlas v25.1 single-nucleus brain; top 200 specificity-ranked AHBA genes per cluster type,0,2,200,0.0,1.0,,1.0
Epilepsy,epilepsy,stringent,CGE interneuron,Neuronal cells,Human Protein Atlas v25.1 single-nucleus brain; top 200 specificity-ranked AHBA genes per cluster type,0,2,200,0.0,1.0,,1.0
Epilepsy,epilepsy,stringent,MGE interneuron,Neuronal cells,Human Protein Atlas v25.1 single-nucleus brain; top 200 specificity-ranked AHBA genes per cluster type,0,2,200,0.0,1.0,,1.0
Epilepsy,epilepsy,stringent,amygdala excitatory,Neuronal cells,Human Protein Atlas v25.1 single-nucleus brain; top 200 specificity-ranked AHBA genes per cluster type,0,2,200,0.0,1.0,,1.0
Epilepsy,epilepsy,stringent,astrocyte,Glial cells,Human Protein Atlas v25.1 single-nucleus brain; top 200 specificity-ranked AHBA genes per cluster type,0,2,200,0.0,1.0,,1.0
Epilepsy,epilepsy,stringent,central nervous system macrophage,Glial cells,Human Protein Atlas v25.1 single-nucleus brain; top 200 specificity-ranked AHBA genes per cluster type,0,2,200,0.0,1.0,,1.0
Epilepsy,epilepsy,stringent,cerebellar inhibitory,Neuronal cells,Human Protein Atlas v25.1 single-nucleus brain; top 200 specificity-ranked AHBA genes per cluster type,0,2,200,0.0,1.0,,1.0
Epilepsy,epilepsy,stringent,choroid plexus epithelial cell,Ciliated cells,Human Protein Atlas v25.1 single-nucleus brain; top 200 specificity-ranked AHBA genes per cluster type,0,2,200,0.0,1.0,,1.0
Epilepsy,epilepsy,stringent,committed oligodendrocyte precursor,Glial cells,Human Protein Atlas v25.1 single-nucleus brain; top 200 specificity-ranked AHBA genes per cluster type,0,2,200,0.0,1.0,,1.0
Epilepsy,epilepsy,stringent,deep-layer corticothalamic and 6b,Neuronal cells,Human Protein Atlas v25.1 single-nucleus brain; top 200 specificity-ranked AHBA genes per cluster type,0,2,200,0.0,1.0,,1.0
Epilepsy,epilepsy,stringent,deep-layer intratelencephalic,Neuronal cells,Human Protein Atlas v25.1 single-nucleus brain; top 200 specificity-ranked AHBA genes per cluster type,0,2,200,0.0,1.0,,1.0
Epilepsy,epilepsy,stringent,deep-layer near-projecting,Neuronal cells,Human Protein Atlas v25.1 single-nucleus brain; top 200 specificity-ranked AHBA genes per cluster type,0,2,200,0.0,1.0,,1.0
Epilepsy,epilepsy,stringent,eccentric medium spiny neuron,Neuronal cells,Human Protein Atlas v25.1 single-nucleus brain; top 200 specificity-ranked AHBA genes per cluster type,0,2,200,0.0,1.0,,1.0
Epilepsy,epilepsy,stringent,endothelial cell,Endothelial and mural cells,Human Protein Atlas v25.1 single-nucleus brain; top 200 specificity-ranked AHBA genes per cluster type,0,2,200,0.0,1.0,,1.0
Epilepsy,epilepsy,stringent,ependymal cell,Ciliated cells,Human Protein Atlas v25.1 single-nucleus brain; top 200 specificity-ranked AHBA genes per cluster type,0,2,200,0.0,1.0,,1.0
Epilepsy,epilepsy,stringent,fibroblast,Mesenchymal cells,Human Protein Atlas v25.1 single-nucleus brain; top 200 specificity-ranked AHBA genes per cluster type,0,2,200,0.0,1.0,,1.0
Epilepsy,epilepsy,stringent,hippocampal CA1-3,Neuronal cells,Human Protein Atlas v25.1 single-nucleus brain; top 200 specificity-ranked AHBA genes per cluster type,0,2,200,0.0,1.0,,1.0
Epilepsy,epilepsy,stringent,hippocampal CA4,Neuronal cells,Human Protein Atlas v25.1 single-nucleus brain; top 200 specificity-ranked AHBA genes per cluster type,0,2,200,0.0,1.0,,1.0
Epilepsy,epilepsy,stringent,hippocampal dentate gyrus,Neuronal cells,Human Protein Atlas v25.1 single-nucleus brain; top 200 specificity-ranked AHBA genes per cluster type,0,2,200,0.0,1.0,,1.0
Epilepsy,epilepsy,stringent,leukocyte,Blood and immune cells,Human Protein Atlas v25.1 single-nucleus brain; top 200 specificity-ranked AHBA genes per cluster type,0,2,200,0.0,1.0,,1.0
Epilepsy,epilepsy,stringent,lower rhombic lip,Neuronal cells,Human Protein Atlas v25.1 single-nucleus brain; top 200 specificity-ranked AHBA genes per cluster type,0,2,200,0.0,1.0,,1.0
Epilepsy,epilepsy,stringent,medium spiny neuron,Neuronal cells,Human Protein Atlas v25.1 single-nucleus brain; top 200 specificity-ranked AHBA genes per cluster type,0,2,200,0.0,1.0,,1.0
Epilepsy,epilepsy,stringent,midbrain-derived inhibitory,Neuronal cells,Human Protein Atlas v25.1 single-nucleus brain; top 200 specificity-ranked AHBA genes per cluster type,0,2,200,0.0,1.0,,1.0
Epilepsy,epilepsy,stringent,miscellaneous,Neuronal cells,Human Protein Atlas v25.1 single-nucleus brain; top 200 specificity-ranked AHBA genes per cluster type,0,2,200,0.0,1.0,,1.0
Epilepsy,epilepsy,stringent,oligodendrocyte precursor cell,Glial cells,Human Protein Atlas v25.1 single-nucleus brain; top 200 specificity-ranked AHBA genes per cluster type,0,2,200,0.0,1.0,,1.0
Epilepsy,epilepsy,stringent,pericyte,Endothelial and mural cells,Human Protein Atlas v25.1 single-nucleus brain; top 200 specificity-ranked AHBA genes per cluster type,0,2,200,0.0,1.0,,1.0
Epilepsy,epilepsy,stringent,splatter,Neuronal cells,Human Protein Atlas v25.1 single-nucleus brain; top 200 specificity-ranked AHBA genes per cluster type,0,2,186,0.0,1.0,,1.0
Epilepsy,epilepsy,stringent,thalamic excitatory,Neuronal cells,Human Protein Atlas v25.1 single-nucleus brain; top 200 specificity-ranked AHBA genes per cluster type,0,2,200,0.0,1.0,,1.0
Epilepsy,epilepsy,stringent,upper rhombic lip,Neuronal cells,Human Protein Atlas v25.1 single-nucleus brain; top 200 specificity-ranked AHBA genes per cluster type,0,2,200,0.0,1.0,,1.0
Epilepsy,epilepsy,stringent,upper-layer intratelencephalic,Neuronal cells,Human Protein Atlas v25.1 single-nucleus brain; top 200 specificity-ranked AHBA genes per cluster type,0,2,200,0.0,1.0,,1.0
Epilepsy,epilepsy,stringent,vascular associated smooth muscle cell,Endothelial and mural cells,Human Protein Atlas v25.1 single-nucleus brain; top 200 specificity-ranked AHBA genes per cluster type,0,2,200,0.0,1.0,,1.0
Epilepsy,epilepsy,weighted,splatter,Neuronal cells,Human Protein Atlas v25.1 single-nucleus brain; top 200 specificity-ranked AHBA genes per cluster type,1,7,186,12.006144393241167,0.08039068590394609,SCN7A,0.2664691370368151
Epilepsy,epilepsy,weighted,CGE interneuron,Neuronal cells,Human Protein Atlas v25.1 single-nucleus brain; top 200 specificity-ranked AHBA genes per cluster type,1,7,200,11.165714285714284,0.08621060315896958,SCN7A,0.2664691370368151
Epilepsy,epilepsy,weighted,LAMP5-LHX6 and Chandelier,Neuronal cells,Human Protein Atlas v25.1 single-nucleus brain; top 200 specificity-ranked AHBA genes per cluster type,1,7,200,11.165714285714284,0.08621060315896958,SCN1A,0.2664691370368151
Epilepsy,epilepsy,weighted,eccentric medium spiny neuron,Neuronal cells,Human Protein Atlas v25.1 single-nucleus brain; top 200 specificity-ranked AHBA genes per cluster type,1,7,200,11.165714285714284,0.08621060315896958,KCNIP2,0.2664691370368151
Epilepsy,epilepsy,weighted,hippocampal dentate gyrus,Neuronal cells,Human Protein Atlas v25.1 single-nucleus brain; top 200 specificity-ranked AHBA genes per cluster type,1,7,200,11.165714285714284,0.08621060315896958,KCNIP2,0.2664691370368151
Epilepsy,epilepsy,weighted,lower rhombic lip,Neuronal cells,Human Protein Atlas v25.1 single-nucleus brain; top 200 specificity-ranked AHBA genes per cluster type,1,7,200,11.165714285714284,0.08621060315896958,FANCL,0.2664691370368151
Epilepsy,epilepsy,weighted,mammillary body,Neuronal cells,Human Protein Atlas v25.1 single-nucleus brain; top 200 specificity-ranked AHBA genes per cluster type,1,7,200,11.165714285714284,0.08621060315896958,SCN1A,0.2664691370368151
Epilepsy,epilepsy,weighted,medium spiny neuron,Neuronal cells,Human Protein Atlas v25.1 single-nucleus brain; top 200 specificity-ranked AHBA genes per cluster type,1,7,200,11.165714285714284,0.08621060315896958,KCNIP2,0.2664691370368151
Epilepsy,epilepsy,weighted,midbrain-derived inhibitory,Neuronal cells,Human Protein Atlas v25.1 single-nucleus brain; top 200 specificity-ranked AHBA genes per cluster type,1,7,200,11.165714285714284,0.08621060315896958,KCNIP2,0.2664691370368151
Epilepsy,epilepsy,weighted,oligodendrocyte,Glial cells,Human Protein Atlas v25.1 single-nucleus brain; top 200 specificity-ranked AHBA genes per cluster type,1,7,200,11.165714285714284,0.08621060315896958,VRK2,0.2664691370368151
Epilepsy,epilepsy,weighted,thalamic excitatory,Neuronal cells,Human Protein Atlas v25.1 single-nucleus brain; top 200 specificity-ranked AHBA genes per cluster type,1,7,200,11.165714285714284,0.08621060315896958,SCN7A,0.2664691370368151
Epilepsy,epilepsy,weighted,Bergmann glia,Glial cells,Human Protein Atlas v25.1 single-nucleus brain; top 200 specificity-ranked AHBA genes per cluster type,0,7,200,0.0,1.0,,1.0
Epilepsy,epilepsy,weighted,MGE interneuron,Neuronal cells,Human Protein Atlas v25.1 single-nucleus brain; top 200 specificity-ranked AHBA genes per cluster type,0,7,200,0.0,1.0,,1.0
Epilepsy,epilepsy,weighted,amygdala excitatory,Neuronal cells,Human Protein Atlas v25.1 single-nucleus brain; top 200 specificity-ranked AHBA genes per cluster type,0,7,200,0.0,1.0,,1.0
Epilepsy,epilepsy,weighted,astrocyte,Glial cells,Human Protein Atlas v25.1 single-nucleus brain; top 200 specificity-ranked AHBA genes per cluster type,0,7,200,0.0,1.0,,1.0
Epilepsy,epilepsy,weighted,central nervous system macrophage,Glial cells,Human Protein Atlas v25.1 single-nucleus brain; top 200 specificity-ranked AHBA genes per cluster type,0,7,200,0.0,1.0,,1.0
Epilepsy,epilepsy,weighted,cerebellar inhibitory,Neuronal cells,Human Protein Atlas v25.1 single-nucleus brain; top 200 specificity-ranked AHBA genes per cluster type,0,7,200,0.0,1.0,,1.0
Epilepsy,epilepsy,weighted,choroid plexus epithelial cell,Ciliated cells,Human Protein Atlas v25.1 single-nucleus brain; top 200 specificity-ranked AHBA genes per cluster type,0,7,200,0.0,1.0,,1.0
Epilepsy,epilepsy,weighted,committed oligodendrocyte precursor,Glial cells,Human Protein Atlas v25.1 single-nucleus brain; top 200 specificity-ranked AHBA genes per cluster type,0,7,200,0.0,1.0,,1.0
Epilepsy,epilepsy,weighted,deep-layer corticothalamic and 6b,Neuronal cells,Human Protein Atlas v25.1 single-nucleus brain; top 200 specificity-ranked AHBA genes per cluster type,0,7,200,0.0,1.0,,1.0
Epilepsy,epilepsy,weighted,deep-layer intratelencephalic,Neuronal cells,Human Protein Atlas v25.1 single-nucleus brain; top 200 specificity-ranked AHBA genes per cluster type,0,7,200,0.0,1.0,,1.0
Epilepsy,epilepsy,weighted,deep-layer near-projecting,Neuronal cells,Human Protein Atlas v25.1 single-nucleus brain; top 200 specificity-ranked AHBA genes per cluster type,0,7,200,0.0,1.0,,1.0
Epilepsy,epilepsy,weighted,endothelial cell,Endothelial and mural cells,Human Protein Atlas v25.1 single-nucleus brain; top 200 specificity-ranked AHBA genes per cluster type,0,7,200,0.0,1.0,,1.0
Epilepsy,epilepsy,weighted,ependymal cell,Ciliated cells,Human Protein Atlas v25.1 single-nucleus brain; top 200 specificity-ranked AHBA genes per cluster type,0,7,200,0.0,1.0,,1.0
Epilepsy,epilepsy,weighted,fibroblast,Mesenchymal cells,Human Protein Atlas v25.1 single-nucleus brain; top 200 specificity-ranked AHBA genes per cluster type,0,7,200,0.0,1.0,,1.0
Epilepsy,epilepsy,weighted,hippocampal CA1-3,Neuronal cells,Human Protein Atlas v25.1 single-nucleus brain; top 200 specificity-ranked AHBA genes per cluster type,0,7,200,0.0,1.0,,1.0
Epilepsy,epilepsy,weighted,hippocampal CA4,Neuronal cells,Human Protein Atlas v25.1 single-nucleus brain; top 200 specificity-ranked AHBA genes per cluster type,0,7,200,0.0,1.0,,1.0
Epilepsy,epilepsy,weighted,leukocyte,Blood and immune cells,Human Protein Atlas v25.1 single-nucleus brain; top 200 specificity-ranked AHBA genes per cluster type,0,7,200,0.0,1.0,,1.0
Epilepsy,epilepsy,weighted,miscellaneous,Neuronal cells,Human Protein Atlas v25.1 single-nucleus brain; top 200 specificity-ranked AHBA genes per cluster type,0,7,200,0.0,1.0,,1.0
Epilepsy,epilepsy,weighted,oligodendrocyte precursor cell,Glial cells,Human Protein Atlas v25.1 single-nucleus brain; top 200 specificity-ranked AHBA genes per cluster type,0,7,200,0.0,1.0,,1.0
Epilepsy,epilepsy,weighted,pericyte,Endothelial and mural cells,Human Protein Atlas v25.1 single-nucleus brain; top 200 specificity-ranked AHBA genes per cluster type,0,7,200,0.0,1.0,,1.0
Epilepsy,epilepsy,weighted,upper rhombic lip,Neuronal cells,Human Protein Atlas v25.1 single-nucleus brain; top 200 specificity-ranked AHBA genes per cluster type,0,7,200,0.0,1.0,,1.0
Epilepsy,epilepsy,weighted,upper-layer intratelencephalic,Neuronal cells,Human Protein Atlas v25.1 single-nucleus brain; top 200 specificity-ranked AHBA genes per cluster type,0,7,200,0.0,1.0,,1.0
Epilepsy,epilepsy,weighted,vascular associated smooth muscle cell,Endothelial and mural cells,Human Protein Atlas v25.1 single-nucleus brain; top 200 specificity-ranked AHBA genes per cluster type,0,7,200,0.0,1.0,,1.0
Major depressive disorder,major_depression,broad,amygdala excitatory,Neuronal cells,Human Protein Atlas v25.1 single-nucleus brain; top 200 specificity-ranked AHBA genes per cluster type,9,145,200,4.851310344827586,0.00010393658926050376,ESR1;KCNV2;NEGR1;PCDH8;RAB27B;RAB3B;RBFOX1;SHISA9;TENM2,0.0035338440348571276
Major depressive disorder,major_depression,broad,miscellaneous,Neuronal cells,Human Protein Atlas v25.1 single-nucleus brain; top 200 specificity-ranked AHBA genes per cluster type,7,145,200,3.7732413793103445,0.002640236915798661,DCC;LIN28B;MEF2C;RAB27B;RAB3B;SHISA9;TENM2,0.04488402756857724
Major depressive disorder,major_depression,broad,hippocampal CA1-3,Neuronal cells,Human Protein Atlas v25.1 single-nucleus brain; top 200 specificity-ranked AHBA genes per cluster type,6,145,200,3.234206896551724,0.010909636195626205,BHLHE22;CCSER1;LIN28B;PRSS55;RBFOX1;TENM2,0.12364254355043032
Major depressive disorder,major_depression,broad,deep-layer near-projecting,Neuronal cells,Human Protein Atlas v25.1 single-nucleus brain; top 200 specificity-ranked AHBA genes per cluster type,5,145,200,2.6951724137931032,0.03870390502780264,ASIC2;CDH6;FARP1;RAB3B;WNT7B,0.3289831927363224
Major depressive disorder,major_depression,broad,cerebellar inhibitory,Neuronal cells,Human Protein Atlas v25.1 single-nucleus brain; top 200 specificity-ranked AHBA genes per cluster type,4,145,200,2.1561379310344826,0.11560178442092064,ASIC2;BHLHE22;RAB3B;SORCS3,0.4367178522568113
Major depressive disorder,major_depression,broad,ependymal cell,Ciliated cells,Human Protein Atlas v25.1 single-nucleus brain; top 200 specificity-ranked AHBA genes per cluster type,4,145,200,2.1561379310344826,0.11560178442092064,CCDC170;CRB1;DCDC1;NAA11,0.4367178522568113
Major depressive disorder,major_depression,broad,mammillary body,Neuronal cells,Human Protein Atlas v25.1 single-nucleus brain; top 200 specificity-ranked AHBA genes per cluster type,4,145,200,2.1561379310344826,0.11560178442092064,CDH6;LIN28B;SHISA9;TENM2,0.4367178522568113
Major depressive disorder,major_depression,broad,thalamic excitatory,Neuronal cells,Human Protein Atlas v25.1 single-nucleus brain; top 200 specificity-ranked AHBA genes per cluster type,4,145,200,2.1561379310344826,0.11560178442092064,CLGN;LIN28B;PRSS55;RAB3B,0.4367178522568113
Major depressive disorder,major_depression,broad,upper rhombic lip,Neuronal cells,Human Protein Atlas v25.1 single-nucleus brain; top 200 specificity-ranked AHBA genes per cluster type,4,145,200,2.1561379310344826,0.11560178442092064,MAML3;MSRA;PAX6;USP3,0.4367178522568113
Major depressive disorder,major_depression,broad,splatter,Neuronal cells,Human Protein Atlas v25.1 single-nucleus brain; top 200 specificity-ranked AHBA genes per cluster type,3,145,186,1.7388209121245828,0.24867220309870186,CLGN;RAB3B;VWDE,0.6890727390436809
Major depressive disorder,major_depression,broad,Bergmann glia,Glial cells,Human Protein Atlas v25.1 single-nucleus brain; top 200 specificity-ranked AHBA genes per cluster type,3,145,200,1.617103448275862,0.2837358337238686,PAX6;PIPOX;PTCH1,0.6890727390436809
Major depressive disorder,major_depression,broad,deep-layer corticothalamic and 6b,Neuronal cells,Human Protein Atlas v25.1 single-nucleus brain; top 200 specificity-ranked AHBA genes per cluster type,3,145,200,1.617103448275862,0.2837358337238686,ASIC2;RAB3B;SORCS3,0.6890727390436809
Major depressive disorder,major_depression,broad,eccentric medium spiny neuron,Neuronal cells,Human Protein Atlas v25.1 single-nucleus brain; top 200 specificity-ranked AHBA genes per cluster type,3,145,200,1.617103448275862,0.2837358337238686,RASGRP1;RBFOX1;VWDE,0.6890727390436809
Major depressive disorder,major_depression,broad,hippocampal CA4,Neuronal cells,Human Protein Atlas v25.1 single-nucleus brain; top 200 specificity-ranked AHBA genes per cluster type,3,145,200,1.617103448275862,0.2837358337238686,DCC;MSRA;PCDH8,0.6890727390436809
Major depressive disorder,major_depression,broad,CGE interneuron,Neuronal cells,Human Protein Atlas v25.1 single-nucleus brain; top 200 specificity-ranked AHBA genes per cluster type,2,145,200,1.0780689655172413,0.5561208320118616,PCDH8;SORCS3,0.7563243315361317
Major depressive disorder,major_depression,broad,LAMP5-LHX6 and Chandelier,Neuronal cells,Human Protein Atlas v25.1 single-nucleus brain; top 200 specificity-ranked AHBA genes per cluster type,2,145,200,1.0780689655172413,0.5561208320118616,ADGRG6;MEF2C,0.7563243315361317
Major depressive disorder,major_depression,broad,MGE interneuron,Neuronal cells,Human Protein Atlas v25.1 single-nucleus brain; top 200 specificity-ranked AHBA genes per cluster type,2,145,200,1.0780689655172413,0.5561208320118616,FARP1;RAB3B,0.7563243315361317
Major depressive disorder,major_depression,broad,choroid plexus epithelial cell,Ciliated cells,Human Protein Atlas v25.1 single-nucleus brain; top 200 specificity-ranked AHBA genes per cluster type,2,145,200,1.0780689655172413,0.5561208320118616,CCDC170;DCDC1,0.7563243315361317
Major depressive disorder,major_depression,broad,committed oligodendrocyte precursor,Glial cells,Human Protein Atlas v25.1 single-nucleus brain; top 200 specificity-ranked AHBA genes per cluster type,2,145,200,1.0780689655172413,0.5561208320118616,CRB1;MYRF,0.7563243315361317
Major depressive disorder,major_depression,broad,deep-layer intratelencephalic,Neuronal cells,Human Protein Atlas v25.1 single-nucleus brain; top 200 specificity-ranked AHBA genes per cluster type,2,145,200,1.0780689655172413,0.5561208320118616,CELF4;RAB27B,0.7563243315361317
Major depressive disorder,major_depression,broad,fibroblast,Mesenchymal cells,Human Protein Atlas v25.1 single-nucleus brain; top 200 specificity-ranked AHBA genes per cluster type,2,145,200,1.0780689655172413,0.5561208320118616,LTBP2;SERPING1,0.7563243315361317
Major depressive disorder,major_depression,broad,medium spiny neuron,Neuronal cells,Human Protein Atlas v25.1 single-nucleus brain; top 200 specificity-ranked AHBA genes per cluster type,2,145,200,1.0780689655172413,0.5561208320118616,DCC;DRD2,0.7563243315361317
Major depressive disorder,major_depression,broad,oligodendrocyte,Glial cells,Human Protein Atlas v25.1 single-nucleus brain; top 200 specificity-ranked AHBA genes per cluster type,2,145,200,1.0780689655172413,0.5561208320118616,MYRF;VRK2,0.7563243315361317
Major depressive disorder,major_depression,broad,pericyte,Endothelial and mural cells,Human Protein Atlas v25.1 single-nucleus brain; top 200 specificity-ranked AHBA genes per cluster type,2,145,200,1.0780689655172413,0.5561208320118616,CDH6;SERPING1,0.7563243315361317
Major depressive disorder,major_depression,broad,vascular associated smooth muscle cell,Endothelial and mural cells,Human Protein Atlas v25.1 single-nucleus brain; top 200 specificity-ranked AHBA genes per cluster type,2,145,200,1.0780689655172413,0.5561208320118616,CDH6;RBM24,0.7563243315361317
Major depressive disorder,major_depression,broad,astrocyte,Glial cells,Human Protein Atlas v25.1 single-nucleus brain; top 200 specificity-ranked AHBA genes per cluster type,1,145,200,0.5390344827586206,0.8467750921197018,NAA11,0.8996985353771831
Major depressive disorder,major_depression,broad,central nervous system macrophage,Glial cells,Human Protein Atlas v25.1 single-nucleus brain; top 200 specificity-ranked AHBA genes per cluster type,1,145,200,0.5390344827586206,0.8467750921197018,IGSF6,0.8996985353771831
Major depressive disorder,major_depression,broad,endothelial cell,Endothelial and mural cells,Human Protein Atlas v25.1 single-nucleus brain; top 200 specificity-ranked AHBA genes per cluster type,1,145,200,0.5390344827586206,0.8467750921197018,ADGRG6,0.8996985353771831
Major depressive disorder,major_depression,broad,hippocampal dentate gyrus,Neuronal cells,Human Protein Atlas v25.1 single-nucleus brain; top 200 specificity-ranked AHBA genes per cluster type,1,145,200,0.5390344827586206,0.8467750921197018,RFX3,0.8996985353771831
Major depressive disorder,major_depression,broad,lower rhombic lip,Neuronal cells,Human Protein Atlas v25.1 single-nucleus brain; top 200 specificity-ranked AHBA genes per cluster type,1,145,200,0.5390344827586206,0.8467750921197018,FANCL,0.8996985353771831
Major depressive disorder,major_depression,broad,oligodendrocyte precursor cell,Glial cells,Human Protein Atlas v25.1 single-nucleus brain; top 200 specificity-ranked AHBA genes per cluster type,1,145,200,0.5390344827586206,0.8467750921197018,WNT7B,0.8996985353771831
Major depressive disorder,major_depression,broad,upper-layer intratelencephalic,Neuronal cells,Human Protein Atlas v25.1 single-nucleus brain; top 200 specificity-ranked AHBA genes per cluster type,1,145,200,0.5390344827586206,0.8467750921197018,KCNV2,0.8996985353771831
Major depressive disorder,major_depression,broad,leukocyte,Blood and immune cells,Human Protein Atlas v25.1 single-nucleus brain; top 200 specificity-ranked AHBA genes per cluster type,0,145,200,0.0,1.0,,1.0
Major depressive disorder,major_depression,broad,midbrain-derived inhibitory,Neuronal cells,Human Protein Atlas v25.1 single-nucleus brain; top 200 specificity-ranked AHBA genes per cluster type,0,145,200,0.0,1.0,,1.0
Major depressive disorder,major_depression,stringent,amygdala excitatory,Neuronal cells,Human Protein Atlas v25.1 single-nucleus brain; top 200 specificity-ranked AHBA genes per cluster type,5,37,200,10.562162162162162,0.00010189671453947428,ESR1;NEGR1;RAB27B;RBFOX1;SHISA9,0.0034644882943421253
Major depressive disorder,major_depression,stringent,mammillary body,Neuronal cells,Human Protein Atlas v25.1 single-nucleus brain; top 200 specificity-ranked AHBA genes per cluster type,3,37,200,6.337297297297297,0.0116453178826401,CDH6;LIN28B;SHISA9,0.1319802693365878
Major depressive disorder,major_depression,stringent,miscellaneous,Neuronal cells,Human Protein Atlas v25.1 single-nucleus brain; top 200 specificity-ranked AHBA genes per cluster type,3,37,200,6.337297297297297,0.0116453178826401,LIN28B;RAB27B;SHISA9,0.1319802693365878
Major depressive disorder,major_depression,stringent,Bergmann glia,Glial cells,Human Protein Atlas v25.1 single-nucleus brain; top 200 specificity-ranked AHBA genes per cluster type,2,37,200,4.224864864864865,0.08104489704504217,PAX6;PTCH1,0.25050240904831217
Major depressive disorder,major_depression,stringent,cerebellar inhibitory,Neuronal cells,Human Protein Atlas v25.1 single-nucleus brain; top 200 specificity-ranked AHBA genes per cluster type,2,37,200,4.224864864864865,0.08104489704504217,ASIC2;SORCS3,0.25050240904831217
Major depressive disorder,major_depression,stringent,deep-layer corticothalamic and 6b,Neuronal cells,Human Protein Atlas v25.1 single-nucleus brain; top 200 specificity-ranked AHBA genes per cluster type,2,37,200,4.224864864864865,0.08104489704504217,ASIC2;SORCS3,0.25050240904831217
Major depressive disorder,major_depression,stringent,deep-layer intratelencephalic,Neuronal cells,Human Protein Atlas v25.1 single-nucleus brain; top 200 specificity-ranked AHBA genes per cluster type,2,37,200,4.224864864864865,0.08104489704504217,CELF4;RAB27B,0.25050240904831217
Major depressive disorder,major_depression,stringent,deep-layer near-projecting,Neuronal cells,Human Protein Atlas v25.1 single-nucleus brain; top 200 specificity-ranked AHBA genes per cluster type,2,37,200,4.224864864864865,0.08104489704504217,ASIC2;CDH6,0.25050240904831217
Major depressive disorder,major_depression,stringent,eccentric medium spiny neuron,Neuronal cells,Human Protein Atlas v25.1 single-nucleus brain; top 200 specificity-ranked AHBA genes per cluster type,2,37,200,4.224864864864865,0.08104489704504217,RASGRP1;RBFOX1,0.25050240904831217
Major depressive disorder,major_depression,stringent,hippocampal CA1-3,Neuronal cells,Human Protein Atlas v25.1 single-nucleus brain; top 200 specificity-ranked AHBA genes per cluster type,2,37,200,4.224864864864865,0.08104489704504217,LIN28B;RBFOX1,0.25050240904831217
Major depressive disorder,major_depression,stringent,upper rhombic lip,Neuronal cells,Human Protein Atlas v25.1 single-nucleus brain; top 200 specificity-ranked AHBA genes per cluster type,2,37,200,4.224864864864865,0.08104489704504217,MAML3;PAX6,0.25050240904831217
Major depressive disorder,major_depression,stringent,CGE interneuron,Neuronal cells,Human Protein Atlas v25.1 single-nucleus brain; top 200 specificity-ranked AHBA genes per cluster type,1,37,200,2.1124324324324326,0.3793545900555127,SORCS3,0.8061285038679645
Major depressive disorder,major_depression,stringent,medium spiny neuron,Neuronal cells,Human Protein Atlas v25.1 single-nucleus brain; top 200 specificity-ranked AHBA genes per cluster type,1,37,200,2.1124324324324326,0.3793545900555127,DRD2,0.8061285038679645
Major depressive disorder,major_depression,stringent,pericyte,Endothelial and mural cells,Human Protein Atlas v25.1 single-nucleus brain; top 200 specificity-ranked AHBA genes per cluster type,1,37,200,2.1124324324324326,0.3793545900555127,CDH6,0.8061285038679645
Major depressive disorder,major_depression,stringent,thalamic excitatory,Neuronal cells,Human Protein Atlas v25.1 single-nucleus brain; top 200 specificity-ranked AHBA genes per cluster type,1,37,200,2.1124324324324326,0.3793545900555127,LIN28B,0.8061285038679645
Major depressive disorder,major_depression,stringent,vascular associated smooth muscle cell,Endothelial and mural cells,Human Protein Atlas v25.1 single-nucleus brain; top 200 specificity-ranked AHBA genes per cluster type,1,37,200,2.1124324324324326,0.3793545900555127,CDH6,0.8061285038679645
Major depressive disorder,major_depression,stringent,LAMP5-LHX6 and Chandelier,Neuronal cells,Human Protein Atlas v25.1 single-nucleus brain; top 200 specificity-ranked AHBA genes per cluster type,0,37,200,0.0,1.0,,1.0
Major depressive disorder,major_depression,stringent,MGE interneuron,Neuronal cells,Human Protein Atlas v25.1 single-nucleus brain; top 200 specificity-ranked AHBA genes per cluster type,0,37,200,0.0,1.0,,1.0
Major depressive disorder,major_depression,stringent,astrocyte,Glial cells,Human Protein Atlas v25.1 single-nucleus brain; top 200 specificity-ranked AHBA genes per cluster type,0,37,200,0.0,1.0,,1.0
Major depressive disorder,major_depression,stringent,central nervous system macrophage,Glial cells,Human Protein Atlas v25.1 single-nucleus brain; top 200 specificity-ranked AHBA genes per cluster type,0,37,200,0.0,1.0,,1.0
Major depressive disorder,major_depression,stringent,choroid plexus epithelial cell,Ciliated cells,Human Protein Atlas v25.1 single-nucleus brain; top 200 specificity-ranked AHBA genes per cluster type,0,37,200,0.0,1.0,,1.0
Major depressive disorder,major_depression,stringent,committed oligodendrocyte precursor,Glial cells,Human Protein Atlas v25.1 single-nucleus brain; top 200 specificity-ranked AHBA genes per cluster type,0,37,200,0.0,1.0,,1.0
Major depressive disorder,major_depression,stringent,endothelial cell,Endothelial and mural cells,Human Protein Atlas v25.1 single-nucleus brain; top 200 specificity-ranked AHBA genes per cluster type,0,37,200,0.0,1.0,,1.0
Major depressive disorder,major_depression,stringent,ependymal cell,Ciliated cells,Human Protein Atlas v25.1 single-nucleus brain; top 200 specificity-ranked AHBA genes per cluster type,0,37,200,0.0,1.0,,1.0
Major depressive disorder,major_depression,stringent,fibroblast,Mesenchymal cells,Human Protein Atlas v25.1 single-nucleus brain; top 200 specificity-ranked AHBA genes per cluster type,0,37,200,0.0,1.0,,1.0
Major depressive disorder,major_depression,stringent,hippocampal CA4,Neuronal cells,Human Protein Atlas v25.1 single-nucleus brain; top 200 specificity-ranked AHBA genes per cluster type,0,37,200,0.0,1.0,,1.0
Major depressive disorder,major_depression,stringent,hippocampal dentate gyrus,Neuronal cells,Human Protein Atlas v25.1 single-nucleus brain; top 200 specificity-ranked AHBA genes per cluster type,0,37,200,0.0,1.0,,1.0
Major depressive disorder,major_depression,stringent,leukocyte,Blood and immune cells,Human Protein Atlas v25.1 single-nucleus brain; top 200 specificity-ranked AHBA genes per cluster type,0,37,200,0.0,1.0,,1.0
Major depressive disorder,major_depression,stringent,lower rhombic lip,Neuronal cells,Human Protein Atlas v25.1 single-nucleus brain; top 200 specificity-ranked AHBA genes per cluster type,0,37,200,0.0,1.0,,1.0
Major depressive disorder,major_depression,stringent,midbrain-derived inhibitory,Neuronal cells,Human Protein Atlas v25.1 single-nucleus brain; top 200 specificity-ranked AHBA genes per cluster type,0,37,200,0.0,1.0,,1.0
Major depressive disorder,major_depression,stringent,oligodendrocyte,Glial cells,Human Protein Atlas v25.1 single-nucleus brain; top 200 specificity-ranked AHBA genes per cluster type,0,37,200,0.0,1.0,,1.0
Major depressive disorder,major_depression,stringent,oligodendrocyte precursor cell,Glial cells,Human Protein Atlas v25.1 single-nucleus brain; top 200 specificity-ranked AHBA genes per cluster type,0,37,200,0.0,1.0,,1.0
Major depressive disorder,major_depression,stringent,splatter,Neuronal cells,Human Protein Atlas v25.1 single-nucleus brain; top 200 specificity-ranked AHBA genes per cluster type,0,37,186,0.0,1.0,,1.0
Major depressive disorder,major_depression,stringent,upper-layer intratelencephalic,Neuronal cells,Human Protein Atlas v25.1 single-nucleus brain; top 200 specificity-ranked AHBA genes per cluster type,0,37,200,0.0,1.0,,1.0
Major depressive disorder,major_depression,weighted,amygdala excitatory,Neuronal cells,Human Protein Atlas v25.1 single-nucleus brain; top 200 specificity-ranked AHBA genes per cluster type,9,145,200,4.851310344827586,0.00010393658926050376,ESR1;KCNV2;NEGR1;PCDH8;RAB27B;RAB3B;RBFOX1;SHISA9;TENM2,0.0035338440348571276
Major depressive disorder,major_depression,weighted,miscellaneous,Neuronal cells,Human Protein Atlas v25.1 single-nucleus brain; top 200 specificity-ranked AHBA genes per cluster type,7,145,200,3.7732413793103445,0.002640236915798661,DCC;LIN28B;MEF2C;RAB27B;RAB3B;SHISA9;TENM2,0.04488402756857724
Major depressive disorder,major_depression,weighted,hippocampal CA1-3,Neuronal cells,Human Protein Atlas v25.1 single-nucleus brain; top 200 specificity-ranked AHBA genes per cluster type,6,145,200,3.234206896551724,0.010909636195626205,BHLHE22;CCSER1;LIN28B;PRSS55;RBFOX1;TENM2,0.12364254355043032
Major depressive disorder,major_depression,weighted,deep-layer near-projecting,Neuronal cells,Human Protein Atlas v25.1 single-nucleus brain; top 200 specificity-ranked AHBA genes per cluster type,5,145,200,2.6951724137931032,0.03870390502780264,ASIC2;CDH6;FARP1;RAB3B;WNT7B,0.3289831927363224
Major depressive disorder,major_depression,weighted,cerebellar inhibitory,Neuronal cells,Human Protein Atlas v25.1 single-nucleus brain; top 200 specificity-ranked AHBA genes per cluster type,4,145,200,2.1561379310344826,0.11560178442092064,ASIC2;BHLHE22;RAB3B;SORCS3,0.4367178522568113
Major depressive disorder,major_depression,weighted,ependymal cell,Ciliated cells,Human Protein Atlas v25.1 single-nucleus brain; top 200 specificity-ranked AHBA genes per cluster type,4,145,200,2.1561379310344826,0.11560178442092064,CCDC170;CRB1;DCDC1;NAA11,0.4367178522568113
Major depressive disorder,major_depression,weighted,mammillary body,Neuronal cells,Human Protein Atlas v25.1 single-nucleus brain; top 200 specificity-ranked AHBA genes per cluster type,4,145,200,2.1561379310344826,0.11560178442092064,CDH6;LIN28B;SHISA9;TENM2,0.4367178522568113
Major depressive disorder,major_depression,weighted,thalamic excitatory,Neuronal cells,Human Protein Atlas v25.1 single-nucleus brain; top 200 specificity-ranked AHBA genes per cluster type,4,145,200,2.1561379310344826,0.11560178442092064,CLGN;LIN28B;PRSS55;RAB3B,0.4367178522568113
Major depressive disorder,major_depression,weighted,upper rhombic lip,Neuronal cells,Human Protein Atlas v25.1 single-nucleus brain; top 200 specificity-ranked AHBA genes per cluster type,4,145,200,2.1561379310344826,0.11560178442092064,MAML3;MSRA;PAX6;USP3,0.4367178522568113
Major depressive disorder,major_depression,weighted,splatter,Neuronal cells,Human Protein Atlas v25.1 single-nucleus brain; top 200 specificity-ranked AHBA genes per cluster type,3,145,186,1.7388209121245828,0.24867220309870186,CLGN;RAB3B;VWDE,0.6890727390436809
Major depressive disorder,major_depression,weighted,Bergmann glia,Glial cells,Human Protein Atlas v25.1 single-nucleus brain; top 200 specificity-ranked AHBA genes per cluster type,3,145,200,1.617103448275862,0.2837358337238686,PAX6;PIPOX;PTCH1,0.6890727390436809
Major depressive disorder,major_depression,weighted,deep-layer corticothalamic and 6b,Neuronal cells,Human Protein Atlas v25.1 single-nucleus brain; top 200 specificity-ranked AHBA genes per cluster type,3,145,200,1.617103448275862,0.2837358337238686,ASIC2;RAB3B;SORCS3,0.6890727390436809
Major depressive disorder,major_depression,weighted,eccentric medium spiny neuron,Neuronal cells,Human Protein Atlas v25.1 single-nucleus brain; top 200 specificity-ranked AHBA genes per cluster type,3,145,200,1.617103448275862,0.2837358337238686,RASGRP1;RBFOX1;VWDE,0.6890727390436809
Major depressive disorder,major_depression,weighted,hippocampal CA4,Neuronal cells,Human Protein Atlas v25.1 single-nucleus brain; top 200 specificity-ranked AHBA genes per cluster type,3,145,200,1.617103448275862,0.2837358337238686,DCC;MSRA;PCDH8,0.6890727390436809
Major depressive disorder,major_depression,weighted,CGE interneuron,Neuronal cells,Human Protein Atlas v25.1 single-nucleus brain; top 200 specificity-ranked AHBA genes per cluster type,2,145,200,1.0780689655172413,0.5561208320118616,PCDH8;SORCS3,0.7563243315361317
Major depressive disorder,major_depression,weighted,LAMP5-LHX6 and Chandelier,Neuronal cells,Human Protein Atlas v25.1 single-nucleus brain; top 200 specificity-ranked AHBA genes per cluster type,2,145,200,1.0780689655172413,0.5561208320118616,ADGRG6;MEF2C,0.7563243315361317
Major depressive disorder,major_depression,weighted,MGE interneuron,Neuronal cells,Human Protein Atlas v25.1 single-nucleus brain; top 200 specificity-ranked AHBA genes per cluster type,2,145,200,1.0780689655172413,0.5561208320118616,FARP1;RAB3B,0.7563243315361317
Major depressive disorder,major_depression,weighted,choroid plexus epithelial cell,Ciliated cells,Human Protein Atlas v25.1 single-nucleus brain; top 200 specificity-ranked AHBA genes per cluster type,2,145,200,1.0780689655172413,0.5561208320118616,CCDC170;DCDC1,0.7563243315361317
Major depressive disorder,major_depression,weighted,committed oligodendrocyte precursor,Glial cells,Human Protein Atlas v25.1 single-nucleus brain; top 200 specificity-ranked AHBA genes per cluster type,2,145,200,1.0780689655172413,0.5561208320118616,CRB1;MYRF,0.7563243315361317
Major depressive disorder,major_depression,weighted,deep-layer intratelencephalic,Neuronal cells,Human Protein Atlas v25.1 single-nucleus brain; top 200 specificity-ranked AHBA genes per cluster type,2,145,200,1.0780689655172413,0.5561208320118616,CELF4;RAB27B,0.7563243315361317
Major depressive disorder,major_depression,weighted,fibroblast,Mesenchymal cells,Human Protein Atlas v25.1 single-nucleus brain; top 200 specificity-ranked AHBA genes per cluster type,2,145,200,1.0780689655172413,0.5561208320118616,LTBP2;SERPING1,0.7563243315361317
Major depressive disorder,major_depression,weighted,medium spiny neuron,Neuronal cells,Human Protein Atlas v25.1 single-nucleus brain; top 200 specificity-ranked AHBA genes per cluster type,2,145,200,1.0780689655172413,0.5561208320118616,DCC;DRD2,0.7563243315361317
Major depressive disorder,major_depression,weighted,oligodendrocyte,Glial cells,Human Protein Atlas v25.1 single-nucleus brain; top 200 specificity-ranked AHBA genes per cluster type,2,145,200,1.0780689655172413,0.5561208320118616,MYRF;VRK2,0.7563243315361317
Major depressive disorder,major_depression,weighted,pericyte,Endothelial and mural cells,Human Protein Atlas v25.1 single-nucleus brain; top 200 specificity-ranked AHBA genes per cluster type,2,145,200,1.0780689655172413,0.5561208320118616,CDH6;SERPING1,0.7563243315361317
Major depressive disorder,major_depression,weighted,vascular associated smooth muscle cell,Endothelial and mural cells,Human Protein Atlas v25.1 single-nucleus brain; top 200 specificity-ranked AHBA genes per cluster type,2,145,200,1.0780689655172413,0.5561208320118616,CDH6;RBM24,0.7563243315361317
Major depressive disorder,major_depression,weighted,astrocyte,Glial cells,Human Protein Atlas v25.1 single-nucleus brain; top 200 specificity-ranked AHBA genes per cluster type,1,145,200,0.5390344827586206,0.8467750921197018,NAA11,0.8996985353771831
Major depressive disorder,major_depression,weighted,central nervous system macrophage,Glial cells,Human Protein Atlas v25.1 single-nucleus brain; top 200 specificity-ranked AHBA genes per cluster type,1,145,200,0.5390344827586206,0.8467750921197018,IGSF6,0.8996985353771831
Major depressive disorder,major_depression,weighted,endothelial cell,Endothelial and mural cells,Human Protein Atlas v25.1 single-nucleus brain; top 200 specificity-ranked AHBA genes per cluster type,1,145,200,0.5390344827586206,0.8467750921197018,ADGRG6,0.8996985353771831
Major depressive disorder,major_depression,weighted,hippocampal dentate gyrus,Neuronal cells,Human Protein Atlas v25.1 single-nucleus brain; top 200 specificity-ranked AHBA genes per cluster type,1,145,200,0.5390344827586206,0.8467750921197018,RFX3,0.8996985353771831
Major depressive disorder,major_depression,weighted,lower rhombic lip,Neuronal cells,Human Protein Atlas v25.1 single-nucleus brain; top 200 specificity-ranked AHBA genes per cluster type,1,145,200,0.5390344827586206,0.8467750921197018,FANCL,0.8996985353771831
Major depressive disorder,major_depression,weighted,oligodendrocyte precursor cell,Glial cells,Human Protein Atlas v25.1 single-nucleus brain; top 200 specificity-ranked AHBA genes per cluster type,1,145,200,0.5390344827586206,0.8467750921197018,WNT7B,0.8996985353771831
Major depressive disorder,major_depression,weighted,upper-layer intratelencephalic,Neuronal cells,Human Protein Atlas v25.1 single-nucleus brain; top 200 specificity-ranked AHBA genes per cluster type,1,145,200,0.5390344827586206,0.8467750921197018,KCNV2,0.8996985353771831
Major depressive disorder,major_depression,weighted,leukocyte,Blood and immune cells,Human Protein Atlas v25.1 single-nucleus brain; top 200 specificity-ranked AHBA genes per cluster type,0,145,200,0.0,1.0,,1.0
Major depressive disorder,major_depression,weighted,midbrain-derived inhibitory,Neuronal cells,Human Protein Atlas v25.1 single-nucleus brain; top 200 specificity-ranked AHBA genes per cluster type,0,145,200,0.0,1.0,,1.0
Migraine,migraine,broad,cerebellar inhibitory,Neuronal cells,Human Protein Atlas v25.1 single-nucleus brain; top 200 specificity-ranked AHBA genes per cluster type,6,167,200,2.80814371257485,0.020557491839613983,CHRNA2;ERICH2;GAD1;SLC24A3;SP5;TGFB3,0.30875778365613926
Migraine,migraine,broad,fibroblast,Mesenchymal cells,Human Protein Atlas v25.1 single-nucleus brain; top 200 specificity-ranked AHBA genes per cluster type,6,167,200,2.80814371257485,0.020557491839613983,CEMIP;EYA2;LEPR;LRP1;PRDM6;RAB3IL1,0.30875778365613926
Migraine,migraine,broad,splatter,Neuronal cells,Human Protein Atlas v25.1 single-nucleus brain; top 200 specificity-ranked AHBA genes per cluster type,5,167,186,2.5162578069667116,0.04946583869713943,CHRNA2;GAD1;HOXB3;KIF26B;ROBO1,0.30875778365613926
Migraine,migraine,broad,Bergmann glia,Glial cells,Human Protein Atlas v25.1 single-nucleus brain; top 200 specificity-ranked AHBA genes per cluster type,5,167,200,2.3401197604790416,0.06356777898802866,CCS;GJA1;MDK;PLEKHH2;TJP2,0.30875778365613926
Migraine,migraine,broad,astrocyte,Glial cells,Human Protein Atlas v25.1 single-nucleus brain; top 200 specificity-ranked AHBA genes per cluster type,5,167,200,2.3401197604790416,0.06356777898802866,EYA2;GJA1;HPSE2;PRDM16;TJP2,0.30875778365613926
Migraine,migraine,broad,hippocampal CA4,Neuronal cells,Human Protein Atlas v25.1 single-nucleus brain; top 200 specificity-ranked AHBA genes per cluster type,5,167,200,2.3401197604790416,0.06356777898802866,PHACTR1;PTK2B;RIMS1;SLC24A3;YJEFN3,0.30875778365613926
Migraine,migraine,broad,mammillary body,Neuronal cells,Human Protein Atlas v25.1 single-nucleus brain; top 200 specificity-ranked AHBA genes per cluster type,5,167,200,2.3401197604790416,0.06356777898802866,ASTN2;KIF26B;MRGPRE;ONECUT2;SLC24A3,0.30875778365613926
Migraine,migraine,broad,MGE interneuron,Neuronal cells,Human Protein Atlas v25.1 single-nucleus brain; top 200 specificity-ranked AHBA genes per cluster type,4,167,200,1.8720958083832335,0.1663546646704331,ASTN2;GAD1;KIF26B;ROBO1,0.40400418562819473
Migraine,migraine,broad,choroid plexus epithelial cell,Ciliated cells,Human Protein Atlas v25.1 single-nucleus brain; top 200 specificity-ranked AHBA genes per cluster type,4,167,200,1.8720958083832335,0.1663546646704331,CPXM2;PRDM16;RBBP8;TGFBR2,0.40400418562819473
Migraine,migraine,broad,lower rhombic lip,Neuronal cells,Human Protein Atlas v25.1 single-nucleus brain; top 200 specificity-ranked AHBA genes per cluster type,4,167,200,1.8720958083832335,0.1663546646704331,GPR149;HOXB3;MRGPRE;TSPAN2,0.40400418562819473
Migraine,migraine,broad,medium spiny neuron,Neuronal cells,Human Protein Atlas v25.1 single-nucleus brain; top 200 specificity-ranked AHBA genes per cluster type,4,167,200,1.8720958083832335,0.1663546646704331,ATP2B1;GPR149;ONECUT2;PHACTR1,0.40400418562819473
Migraine,migraine,broad,oligodendrocyte precursor cell,Glial cells,Human Protein Atlas v25.1 single-nucleus brain; top 200 specificity-ranked AHBA genes per cluster type,4,167,200,1.8720958083832335,0.1663546646704331,HTRA1;PDZRN4;PLEKHH2;ZNF462,0.40400418562819473
Migraine,migraine,broad,thalamic excitatory,Neuronal cells,Human Protein Atlas v25.1 single-nucleus brain; top 200 specificity-ranked AHBA genes per cluster type,4,167,200,1.8720958083832335,0.1663546646704331,CHRNA2;GPR26;ROBO1;TSPAN2,0.40400418562819473
Migraine,migraine,broad,vascular associated smooth muscle cell,Endothelial and mural cells,Human Protein Atlas v25.1 single-nucleus brain; top 200 specificity-ranked AHBA genes per cluster type,4,167,200,1.8720958083832335,0.1663546646704331,FHL5;JAG1;PLCE1;TMEM51,0.40400418562819473
Migraine,migraine,broad,CGE interneuron,Neuronal cells,Human Protein Atlas v25.1 single-nucleus brain; top 200 specificity-ranked AHBA genes per cluster type,3,167,200,1.404071856287425,0.36066603739355174,CHRNA2;GAD1;YJEFN3,0.5573929668809435
Migraine,migraine,broad,amygdala excitatory,Neuronal cells,Human Protein Atlas v25.1 single-nucleus brain; top 200 specificity-ranked AHBA genes per cluster type,3,167,200,1.404071856287425,0.36066603739355174,GPR26;LINGO2;ROBO1,0.5573929668809435
Migraine,migraine,broad,deep-layer intratelencephalic,Neuronal cells,Human Protein Atlas v25.1 single-nucleus brain; top 200 specificity-ranked AHBA genes per cluster type,3,167,200,1.404071856287425,0.36066603739355174,DGKZ;PDZRN4;PHACTR1,0.5573929668809435
Migraine,migraine,broad,eccentric medium spiny neuron,Neuronal cells,Human Protein Atlas v25.1 single-nucleus brain; top 200 specificity-ranked AHBA genes per cluster type,3,167,200,1.404071856287425,0.36066603739355174,EYA2;GPR149;PHACTR1,0.5573929668809435
Migraine,migraine,broad,hippocampal CA1-3,Neuronal cells,Human Protein Atlas v25.1 single-nucleus brain; top 200 specificity-ranked AHBA genes per cluster type,3,167,200,1.404071856287425,0.36066603739355174,GPR26;PTK2B;SLC24A3,0.5573929668809435
Migraine,migraine,broad,hippocampal dentate gyrus,Neuronal cells,Human Protein Atlas v25.1 single-nucleus brain; top 200 specificity-ranked AHBA genes per cluster type,3,167,200,1.404071856287425,0.36066603739355174,PTK2B;SLC24A3;YJEFN3,0.5573929668809435
Migraine,migraine,broad,midbrain-derived inhibitory,Neuronal cells,Human Protein Atlas v25.1 single-nucleus brain; top 200 specificity-ranked AHBA genes per cluster type,3,167,200,1.404071856287425,0.36066603739355174,GAD1;LINGO2;SP5,0.5573929668809435
Migraine,migraine,broad,pericyte,Endothelial and mural cells,Human Protein Atlas v25.1 single-nucleus brain; top 200 specificity-ranked AHBA genes per cluster type,3,167,200,1.404071856287425,0.36066603739355174,FHL5;PLCE1;TMEM51,0.5573929668809435
Migraine,migraine,broad,LAMP5-LHX6 and Chandelier,Neuronal cells,Human Protein Atlas v25.1 single-nucleus brain; top 200 specificity-ranked AHBA genes per cluster type,2,167,200,0.9360479041916168,0.6330945074336431,GAD1;TGFB3,0.8610085301097546
Migraine,migraine,broad,miscellaneous,Neuronal cells,Human Protein Atlas v25.1 single-nucleus brain; top 200 specificity-ranked AHBA genes per cluster type,2,167,200,0.9360479041916168,0.6330945074336431,GPR26;LINGO2,0.8610085301097546
Migraine,migraine,broad,upper-layer intratelencephalic,Neuronal cells,Human Protein Atlas v25.1 single-nucleus brain; top 200 specificity-ranked AHBA genes per cluster type,2,167,200,0.9360479041916168,0.6330945074336431,GPR26;LINGO2,0.8610085301097546
Migraine,migraine,broad,central nervous system macrophage,Glial cells,Human Protein Atlas v25.1 single-nucleus brain; top 200 specificity-ranked AHBA genes per cluster type,1,167,200,0.4680239520958084,0.884905699060576,CSF1R,0.9117210232745329
Migraine,migraine,broad,committed oligodendrocyte precursor,Glial cells,Human Protein Atlas v25.1 single-nucleus brain; top 200 specificity-ranked AHBA genes per cluster type,1,167,200,0.4680239520958084,0.884905699060576,BEST1,0.9117210232745329
Migraine,migraine,broad,deep-layer corticothalamic and 6b,Neuronal cells,Human Protein Atlas v25.1 single-nucleus brain; top 200 specificity-ranked AHBA genes per cluster type,1,167,200,0.4680239520958084,0.884905699060576,PDZRN4,0.9117210232745329
Migraine,migraine,broad,deep-layer near-projecting,Neuronal cells,Human Protein Atlas v25.1 single-nucleus brain; top 200 specificity-ranked AHBA genes per cluster type,1,167,200,0.4680239520958084,0.884905699060576,PDZRN4,0.9117210232745329
Migraine,migraine,broad,ependymal cell,Ciliated cells,Human Protein Atlas v25.1 single-nucleus brain; top 200 specificity-ranked AHBA genes per cluster type,1,167,200,0.4680239520958084,0.884905699060576,GJA1,0.9117210232745329
Migraine,migraine,broad,leukocyte,Blood and immune cells,Human Protein Atlas v25.1 single-nucleus brain; top 200 specificity-ranked AHBA genes per cluster type,1,167,200,0.4680239520958084,0.884905699060576,SERPINA1,0.9117210232745329
Migraine,migraine,broad,oligodendrocyte,Glial cells,Human Protein Atlas v25.1 single-nucleus brain; top 200 specificity-ranked AHBA genes per cluster type,1,167,200,0.4680239520958084,0.884905699060576,BEST1,0.9117210232745329
Migraine,migraine,broad,upper rhombic lip,Neuronal cells,Human Protein Atlas v25.1 single-nucleus brain; top 200 specificity-ranked AHBA genes per cluster type,1,167,200,0.4680239520958084,0.884905699060576,RIMS1,0.9117210232745329
Migraine,migraine,broad,endothelial cell,Endothelial and mural cells,Human Protein Atlas v25.1 single-nucleus brain; top 200 specificity-ranked AHBA genes per cluster type,0,167,200,0.0,1.0,,1.0
Migraine,migraine,stringent,mammillary body,Neuronal cells,Human Protein Atlas v25.1 single-nucleus brain; top 200 specificity-ranked AHBA genes per cluster type,4,41,200,7.625365853658536,0.0018183746790789413,ASTN2;KIF26B;MRGPRE;SLC24A3,0.061824739088684
Migraine,migraine,stringent,astrocyte,Glial cells,Human Protein Atlas v25.1 single-nucleus brain; top 200 specificity-ranked AHBA genes per cluster type,3,41,200,5.719024390243901,0.01539382654288789,HPSE2;PRDM16;TJP2,0.10467802049163764
Migraine,migraine,stringent,hippocampal CA1-3,Neuronal cells,Human Protein Atlas v25.1 single-nucleus brain; top 200 specificity-ranked AHBA genes per cluster type,3,41,200,5.719024390243901,0.01539382654288789,GPR26;PTK2B;SLC24A3,0.10467802049163764
Migraine,migraine,stringent,hippocampal CA4,Neuronal cells,Human Protein Atlas v25.1 single-nucleus brain; top 200 specificity-ranked AHBA genes per cluster type,3,41,200,5.719024390243901,0.01539382654288789,PHACTR1;PTK2B;SLC24A3,0.10467802049163764
Migraine,migraine,stringent,oligodendrocyte precursor cell,Glial cells,Human Protein Atlas v25.1 single-nucleus brain; top 200 specificity-ranked AHBA genes per cluster type,3,41,200,5.719024390243901,0.01539382654288789,HTRA1;PDZRN4;ZNF462,0.10467802049163764
Migraine,migraine,stringent,MGE interneuron,Neuronal cells,Human Protein Atlas v25.1 single-nucleus brain; top 200 specificity-ranked AHBA genes per cluster type,2,41,200,3.812682926829268,0.09658283430958364,ASTN2;KIF26B,0.20523852290786523
Migraine,migraine,stringent,amygdala excitatory,Neuronal cells,Human Protein Atlas v25.1 single-nucleus brain; top 200 specificity-ranked AHBA genes per cluster type,2,41,200,3.812682926829268,0.09658283430958364,GPR26;LINGO2,0.20523852290786523
Migraine,migraine,stringent,choroid plexus epithelial cell,Ciliated cells,Human Protein Atlas v25.1 single-nucleus brain; top 200 specificity-ranked AHBA genes per cluster type,2,41,200,3.812682926829268,0.09658283430958364,PRDM16;TGFBR2,0.20523852290786523
Migraine,migraine,stringent,deep-layer intratelencephalic,Neuronal cells,Human Protein Atlas v25.1 single-nucleus brain; top 200 specificity-ranked AHBA genes per cluster type,2,41,200,3.812682926829268,0.09658283430958364,PDZRN4;PHACTR1,0.20523852290786523
Migraine,migraine,stringent,hippocampal dentate gyrus,Neuronal cells,Human Protein Atlas v25.1 single-nucleus brain; top 200 specificity-ranked AHBA genes per cluster type,2,41,200,3.812682926829268,0.09658283430958364,PTK2B;SLC24A3,0.20523852290786523
Migraine,migraine,stringent,lower rhombic lip,Neuronal cells,Human Protein Atlas v25.1 single-nucleus brain; top 200 specificity-ranked AHBA genes per cluster type,2,41,200,3.812682926829268,0.09658283430958364,MRGPRE;TSPAN2,0.20523852290786523
Migraine,migraine,stringent,medium spiny neuron,Neuronal cells,Human Protein Atlas v25.1 single-nucleus brain; top 200 specificity-ranked AHBA genes per cluster type,2,41,200,3.812682926829268,0.09658283430958364,ATP2B1;PHACTR1,0.20523852290786523
Migraine,migraine,stringent,miscellaneous,Neuronal cells,Human Protein Atlas v25.1 single-nucleus brain; top 200 specificity-ranked AHBA genes per cluster type,2,41,200,3.812682926829268,0.09658283430958364,GPR26;LINGO2,0.20523852290786523
Migraine,migraine,stringent,thalamic excitatory,Neuronal cells,Human Protein Atlas v25.1 single-nucleus brain; top 200 specificity-ranked AHBA genes per cluster type,2,41,200,3.812682926829268,0.09658283430958364,GPR26;TSPAN2,0.20523852290786523
Migraine,migraine,stringent,upper-layer intratelencephalic,Neuronal cells,Human Protein Atlas v25.1 single-nucleus brain; top 200 specificity-ranked AHBA genes per cluster type,2,41,200,3.812682926829268,0.09658283430958364,GPR26;LINGO2,0.20523852290786523
Migraine,migraine,stringent,vascular associated smooth muscle cell,Endothelial and mural cells,Human Protein Atlas v25.1 single-nucleus brain; top 200 specificity-ranked AHBA genes per cluster type,2,41,200,3.812682926829268,0.09658283430958364,FHL5;JAG1,0.20523852290786523
Migraine,migraine,stringent,splatter,Neuronal cells,Human Protein Atlas v25.1 single-nucleus brain; top 200 specificity-ranked AHBA genes per cluster type,1,41,186,2.04982953055337,0.3882330133509044,KIF26B,0.5369233728408029
Migraine,migraine,stringent,Bergmann glia,Glial cells,Human Protein Atlas v25.1 single-nucleus brain; top 200 specificity-ranked AHBA genes per cluster type,1,41,200,1.906341463414634,0.4105884615841434,TJP2,0.5369233728408029
Migraine,migraine,stringent,cerebellar inhibitory,Neuronal cells,Human Protein Atlas v25.1 single-nucleus brain; top 200 specificity-ranked AHBA genes per cluster type,1,41,200,1.906341463414634,0.4105884615841434,SLC24A3,0.5369233728408029
Migraine,migraine,stringent,deep-layer corticothalamic and 6b,Neuronal cells,Human Protein Atlas v25.1 single-nucleus brain; top 200 specificity-ranked AHBA genes per cluster type,1,41,200,1.906341463414634,0.4105884615841434,PDZRN4,0.5369233728408029
Migraine,migraine,stringent,deep-layer near-projecting,Neuronal cells,Human Protein Atlas v25.1 single-nucleus brain; top 200 specificity-ranked AHBA genes per cluster type,1,41,200,1.906341463414634,0.4105884615841434,PDZRN4,0.5369233728408029
Migraine,migraine,stringent,eccentric medium spiny neuron,Neuronal cells,Human Protein Atlas v25.1 single-nucleus brain; top 200 specificity-ranked AHBA genes per cluster type,1,41,200,1.906341463414634,0.4105884615841434,PHACTR1,0.5369233728408029
Migraine,migraine,stringent,fibroblast,Mesenchymal cells,Human Protein Atlas v25.1 single-nucleus brain; top 200 specificity-ranked AHBA genes per cluster type,1,41,200,1.906341463414634,0.4105884615841434,RAB3IL1,0.5369233728408029
Migraine,migraine,stringent,leukocyte,Blood and immune cells,Human Protein Atlas v25.1 single-nucleus brain; top 200 specificity-ranked AHBA genes per cluster type,1,41,200,1.906341463414634,0.4105884615841434,SERPINA1,0.5369233728408029
Migraine,migraine,stringent,midbrain-derived inhibitory,Neuronal cells,Human Protein Atlas v25.1 single-nucleus brain; top 200 specificity-ranked AHBA genes per cluster type,1,41,200,1.906341463414634,0.4105884615841434,LINGO2,0.5369233728408029
Migraine,migraine,stringent,pericyte,Endothelial and mural cells,Human Protein Atlas v25.1 single-nucleus brain; top 200 specificity-ranked AHBA genes per cluster type,1,41,200,1.906341463414634,0.4105884615841434,FHL5,0.5369233728408029
Migraine,migraine,stringent,CGE interneuron,Neuronal cells,Human Protein Atlas v25.1 single-nucleus brain; top 200 specificity-ranked AHBA genes per cluster type,0,41,200,0.0,1.0,,1.0
Migraine,migraine,stringent,LAMP5-LHX6 and Chandelier,Neuronal cells,Human Protein Atlas v25.1 single-nucleus brain; top 200 specificity-ranked AHBA genes per cluster type,0,41,200,0.0,1.0,,1.0
Migraine,migraine,stringent,central nervous system macrophage,Glial cells,Human Protein Atlas v25.1 single-nucleus brain; top 200 specificity-ranked AHBA genes per cluster type,0,41,200,0.0,1.0,,1.0
Migraine,migraine,stringent,committed oligodendrocyte precursor,Glial cells,Human Protein Atlas v25.1 single-nucleus brain; top 200 specificity-ranked AHBA genes per cluster type,0,41,200,0.0,1.0,,1.0
Migraine,migraine,stringent,endothelial cell,Endothelial and mural cells,Human Protein Atlas v25.1 single-nucleus brain; top 200 specificity-ranked AHBA genes per cluster type,0,41,200,0.0,1.0,,1.0
Migraine,migraine,stringent,ependymal cell,Ciliated cells,Human Protein Atlas v25.1 single-nucleus brain; top 200 specificity-ranked AHBA genes per cluster type,0,41,200,0.0,1.0,,1.0
Migraine,migraine,stringent,oligodendrocyte,Glial cells,Human Protein Atlas v25.1 single-nucleus brain; top 200 specificity-ranked AHBA genes per cluster type,0,41,200,0.0,1.0,,1.0
Migraine,migraine,stringent,upper rhombic lip,Neuronal cells,Human Protein Atlas v25.1 single-nucleus brain; top 200 specificity-ranked AHBA genes per cluster type,0,41,200,0.0,1.0,,1.0
Migraine,migraine,weighted,cerebellar inhibitory,Neuronal cells,Human Protein Atlas v25.1 single-nucleus brain; top 200 specificity-ranked AHBA genes per cluster type,6,167,200,2.80814371257485,0.020557491839613983,CHRNA2;ERICH2;GAD1;SLC24A3;SP5;TGFB3,0.30875778365613926
Migraine,migraine,weighted,fibroblast,Mesenchymal cells,Human Protein Atlas v25.1 single-nucleus brain; top 200 specificity-ranked AHBA genes per cluster type,6,167,200,2.80814371257485,0.020557491839613983,CEMIP;EYA2;LEPR;LRP1;PRDM6;RAB3IL1,0.30875778365613926
Migraine,migraine,weighted,splatter,Neuronal cells,Human Protein Atlas v25.1 single-nucleus brain; top 200 specificity-ranked AHBA genes per cluster type,5,167,186,2.5162578069667116,0.04946583869713943,CHRNA2;GAD1;HOXB3;KIF26B;ROBO1,0.30875778365613926
Migraine,migraine,weighted,Bergmann glia,Glial cells,Human Protein Atlas v25.1 single-nucleus brain; top 200 specificity-ranked AHBA genes per cluster type,5,167,200,2.3401197604790416,0.06356777898802866,CCS;GJA1;MDK;PLEKHH2;TJP2,0.30875778365613926
Migraine,migraine,weighted,astrocyte,Glial cells,Human Protein Atlas v25.1 single-nucleus brain; top 200 specificity-ranked AHBA genes per cluster type,5,167,200,2.3401197604790416,0.06356777898802866,EYA2;GJA1;HPSE2;PRDM16;TJP2,0.30875778365613926
Migraine,migraine,weighted,hippocampal CA4,Neuronal cells,Human Protein Atlas v25.1 single-nucleus brain; top 200 specificity-ranked AHBA genes per cluster type,5,167,200,2.3401197604790416,0.06356777898802866,PHACTR1;PTK2B;RIMS1;SLC24A3;YJEFN3,0.30875778365613926
Migraine,migraine,weighted,mammillary body,Neuronal cells,Human Protein Atlas v25.1 single-nucleus brain; top 200 specificity-ranked AHBA genes per cluster type,5,167,200,2.3401197604790416,0.06356777898802866,ASTN2;KIF26B;MRGPRE;ONECUT2;SLC24A3,0.30875778365613926
Migraine,migraine,weighted,MGE interneuron,Neuronal cells,Human Protein Atlas v25.1 single-nucleus brain; top 200 specificity-ranked AHBA genes per cluster type,4,167,200,1.8720958083832335,0.1663546646704331,ASTN2;GAD1;KIF26B;ROBO1,0.40400418562819473
Migraine,migraine,weighted,choroid plexus epithelial cell,Ciliated cells,Human Protein Atlas v25.1 single-nucleus brain; top 200 specificity-ranked AHBA genes per cluster type,4,167,200,1.8720958083832335,0.1663546646704331,CPXM2;PRDM16;RBBP8;TGFBR2,0.40400418562819473
Migraine,migraine,weighted,lower rhombic lip,Neuronal cells,Human Protein Atlas v25.1 single-nucleus brain; top 200 specificity-ranked AHBA genes per cluster type,4,167,200,1.8720958083832335,0.1663546646704331,GPR149;HOXB3;MRGPRE;TSPAN2,0.40400418562819473
Migraine,migraine,weighted,medium spiny neuron,Neuronal cells,Human Protein Atlas v25.1 single-nucleus brain; top 200 specificity-ranked AHBA genes per cluster type,4,167,200,1.8720958083832335,0.1663546646704331,ATP2B1;GPR149;ONECUT2;PHACTR1,0.40400418562819473
Migraine,migraine,weighted,oligodendrocyte precursor cell,Glial cells,Human Protein Atlas v25.1 single-nucleus brain; top 200 specificity-ranked AHBA genes per cluster type,4,167,200,1.8720958083832335,0.1663546646704331,HTRA1;PDZRN4;PLEKHH2;ZNF462,0.40400418562819473
Migraine,migraine,weighted,thalamic excitatory,Neuronal cells,Human Protein Atlas v25.1 single-nucleus brain; top 200 specificity-ranked AHBA genes per cluster type,4,167,200,1.8720958083832335,0.1663546646704331,CHRNA2;GPR26;ROBO1;TSPAN2,0.40400418562819473
Migraine,migraine,weighted,vascular associated smooth muscle cell,Endothelial and mural cells,Human Protein Atlas v25.1 single-nucleus brain; top 200 specificity-ranked AHBA genes per cluster type,4,167,200,1.8720958083832335,0.1663546646704331,FHL5;JAG1;PLCE1;TMEM51,0.40400418562819473
Migraine,migraine,weighted,CGE interneuron,Neuronal cells,Human Protein Atlas v25.1 single-nucleus brain; top 200 specificity-ranked AHBA genes per cluster type,3,167,200,1.404071856287425,0.36066603739355174,CHRNA2;GAD1;YJEFN3,0.5573929668809435
Migraine,migraine,weighted,amygdala excitatory,Neuronal cells,Human Protein Atlas v25.1 single-nucleus brain; top 200 specificity-ranked AHBA genes per cluster type,3,167,200,1.404071856287425,0.36066603739355174,GPR26;LINGO2;ROBO1,0.5573929668809435
Migraine,migraine,weighted,deep-layer intratelencephalic,Neuronal cells,Human Protein Atlas v25.1 single-nucleus brain; top 200 specificity-ranked AHBA genes per cluster type,3,167,200,1.404071856287425,0.36066603739355174,DGKZ;PDZRN4;PHACTR1,0.5573929668809435
Migraine,migraine,weighted,eccentric medium spiny neuron,Neuronal cells,Human Protein Atlas v25.1 single-nucleus brain; top 200 specificity-ranked AHBA genes per cluster type,3,167,200,1.404071856287425,0.36066603739355174,EYA2;GPR149;PHACTR1,0.5573929668809435
Migraine,migraine,weighted,hippocampal CA1-3,Neuronal cells,Human Protein Atlas v25.1 single-nucleus brain; top 200 specificity-ranked AHBA genes per cluster type,3,167,200,1.404071856287425,0.36066603739355174,GPR26;PTK2B;SLC24A3,0.5573929668809435
Migraine,migraine,weighted,hippocampal dentate gyrus,Neuronal cells,Human Protein Atlas v25.1 single-nucleus brain; top 200 specificity-ranked AHBA genes per cluster type,3,167,200,1.404071856287425,0.36066603739355174,PTK2B;SLC24A3;YJEFN3,0.5573929668809435
Migraine,migraine,weighted,midbrain-derived inhibitory,Neuronal cells,Human Protein Atlas v25.1 single-nucleus brain; top 200 specificity-ranked AHBA genes per cluster type,3,167,200,1.404071856287425,0.36066603739355174,GAD1;LINGO2;SP5,0.5573929668809435
Migraine,migraine,weighted,pericyte,Endothelial and mural cells,Human Protein Atlas v25.1 single-nucleus brain; top 200 specificity-ranked AHBA genes per cluster type,3,167,200,1.404071856287425,0.36066603739355174,FHL5;PLCE1;TMEM51,0.5573929668809435
Migraine,migraine,weighted,LAMP5-LHX6 and Chandelier,Neuronal cells,Human Protein Atlas v25.1 single-nucleus brain; top 200 specificity-ranked AHBA genes per cluster type,2,167,200,0.9360479041916168,0.6330945074336431,GAD1;TGFB3,0.8610085301097546
Migraine,migraine,weighted,miscellaneous,Neuronal cells,Human Protein Atlas v25.1 single-nucleus brain; top 200 specificity-ranked AHBA genes per cluster type,2,167,200,0.9360479041916168,0.6330945074336431,GPR26;LINGO2,0.8610085301097546
Migraine,migraine,weighted,upper-layer intratelencephalic,Neuronal cells,Human Protein Atlas v25.1 single-nucleus brain; top 200 specificity-ranked AHBA genes per cluster type,2,167,200,0.9360479041916168,0.6330945074336431,GPR26;LINGO2,0.8610085301097546
Migraine,migraine,weighted,central nervous system macrophage,Glial cells,Human Protein Atlas v25.1 single-nucleus brain; top 200 specificity-ranked AHBA genes per cluster type,1,167,200,0.4680239520958084,0.884905699060576,CSF1R,0.9117210232745329
Migraine,migraine,weighted,committed oligodendrocyte precursor,Glial cells,Human Protein Atlas v25.1 single-nucleus brain; top 200 specificity-ranked AHBA genes per cluster type,1,167,200,0.4680239520958084,0.884905699060576,BEST1,0.9117210232745329
Migraine,migraine,weighted,deep-layer corticothalamic and 6b,Neuronal cells,Human Protein Atlas v25.1 single-nucleus brain; top 200 specificity-ranked AHBA genes per cluster type,1,167,200,0.4680239520958084,0.884905699060576,PDZRN4,0.9117210232745329
Migraine,migraine,weighted,deep-layer near-projecting,Neuronal cells,Human Protein Atlas v25.1 single-nucleus brain; top 200 specificity-ranked AHBA genes per cluster type,1,167,200,0.4680239520958084,0.884905699060576,PDZRN4,0.9117210232745329
Migraine,migraine,weighted,ependymal cell,Ciliated cells,Human Protein Atlas v25.1 single-nucleus brain; top 200 specificity-ranked AHBA genes per cluster type,1,167,200,0.4680239520958084,0.884905699060576,GJA1,0.9117210232745329
Migraine,migraine,weighted,leukocyte,Blood and immune cells,Human Protein Atlas v25.1 single-nucleus brain; top 200 specificity-ranked AHBA genes per cluster type,1,167,200,0.4680239520958084,0.884905699060576,SERPINA1,0.9117210232745329
Migraine,migraine,weighted,oligodendrocyte,Glial cells,Human Protein Atlas v25.1 single-nucleus brain; top 200 specificity-ranked AHBA genes per cluster type,1,167,200,0.4680239520958084,0.884905699060576,BEST1,0.9117210232745329
Migraine,migraine,weighted,upper rhombic lip,Neuronal cells,Human Protein Atlas v25.1 single-nucleus brain; top 200 specificity-ranked AHBA genes per cluster type,1,167,200,0.4680239520958084,0.884905699060576,RIMS1,0.9117210232745329
Migraine,migraine,weighted,endothelial cell,Endothelial and mural cells,Human Protein Atlas v25.1 single-nucleus brain; top 200 specificity-ranked AHBA genes per cluster type,0,167,200,0.0,1.0,,1.0
Multiple sclerosis,multiple_sclerosis,broad,leukocyte,Blood and immune cells,Human Protein Atlas v25.1 single-nucleus brain; top 200 specificity-ranked AHBA genes per cluster type,19,217,200,6.8435023041474645,4.515989643227323e-11,CD37;CD6;CLEC2B;CLEC2D;CXCR4;ETS1;IFI30;IL7R;NLRC5;PTGER4;S1PR5;SLAMF7;SOCS1;SP140;STAT4;THEMIS;TNIP3;TYMP;ZC3HAV1,1.5354364786972899e-09
Multiple sclerosis,multiple_sclerosis,broad,LAMP5-LHX6 and Chandelier,Neuronal cells,Human Protein Atlas v25.1 single-nucleus brain; top 200 specificity-ranked AHBA genes per cluster type,6,217,200,2.16110599078341,0.06051804177002174,FBLN7;MAF;RND3;SDK1;TOX2;TRIM71,0.6858711400602464
Multiple sclerosis,multiple_sclerosis,broad,central nervous system macrophage,Glial cells,Human Protein Atlas v25.1 single-nucleus brain; top 200 specificity-ranked AHBA genes per cluster type,6,217,200,2.16110599078341,0.06051804177002174,CD37;IRF5;MAF;NCF4;RGS1;ZFP36L2,0.6858711400602464
Multiple sclerosis,multiple_sclerosis,broad,MGE interneuron,Neuronal cells,Human Protein Atlas v25.1 single-nucleus brain; top 200 specificity-ranked AHBA genes per cluster type,5,217,200,1.800921658986175,0.14610214278696199,FBLN7;MAF;RND3;SATB1;TOX2,0.9934945709513415
Multiple sclerosis,multiple_sclerosis,broad,endothelial cell,Endothelial and mural cells,Human Protein Atlas v25.1 single-nucleus brain; top 200 specificity-ranked AHBA genes per cluster type,5,217,200,1.800921658986175,0.14610214278696199,CLEC2B;ERG;FLI1;HHEX;LEF1,0.9934945709513415
Multiple sclerosis,multiple_sclerosis,broad,committed oligodendrocyte precursor,Glial cells,Human Protein Atlas v25.1 single-nucleus brain; top 200 specificity-ranked AHBA genes per cluster type,4,217,200,1.44073732718894,0.3021084206299513,KCNH8;MAML2;RTKN2;SOX8,1.0
Multiple sclerosis,multiple_sclerosis,broad,deep-layer near-projecting,Neuronal cells,Human Protein Atlas v25.1 single-nucleus brain; top 200 specificity-ranked AHBA genes per cluster type,4,217,200,1.44073732718894,0.3021084206299513,ERG;LPIN3;SATB1;SDK1,1.0
Multiple sclerosis,multiple_sclerosis,broad,pericyte,Endothelial and mural cells,Human Protein Atlas v25.1 single-nucleus brain; top 200 specificity-ranked AHBA genes per cluster type,4,217,200,1.44073732718894,0.3021084206299513,ETS1;IFITM2;IFITM3;LBH,1.0
Multiple sclerosis,multiple_sclerosis,broad,amygdala excitatory,Neuronal cells,Human Protein Atlas v25.1 single-nucleus brain; top 200 specificity-ranked AHBA genes per cluster type,3,217,200,1.080552995391705,0.5273809233570701,CEACAM19;PTPRK;TRIM71,1.0
Multiple sclerosis,multiple_sclerosis,broad,astrocyte,Glial cells,Human Protein Atlas v25.1 single-nucleus brain; top 200 specificity-ranked AHBA genes per cluster type,3,217,200,1.080552995391705,0.5273809233570701,BCL6;GMPR;SPON1,1.0
Multiple sclerosis,multiple_sclerosis,broad,cerebellar inhibitory,Neuronal cells,Human Protein Atlas v25.1 single-nucleus brain; top 200 specificity-ranked AHBA genes per cluster type,3,217,200,1.080552995391705,0.5273809233570701,CD40;IGSF23;PHACTR2,1.0
Multiple sclerosis,multiple_sclerosis,broad,ependymal cell,Ciliated cells,Human Protein Atlas v25.1 single-nucleus brain; top 200 specificity-ranked AHBA genes per cluster type,3,217,200,1.080552995391705,0.5273809233570701,GMPR;SCO2;TYMP,1.0
Multiple sclerosis,multiple_sclerosis,broad,fibroblast,Mesenchymal cells,Human Protein Atlas v25.1 single-nucleus brain; top 200 specificity-ranked AHBA genes per cluster type,3,217,200,1.080552995391705,0.5273809233570701,EMILIN3;RND3;TGFBR3,1.0
Multiple sclerosis,multiple_sclerosis,broad,hippocampal CA4,Neuronal cells,Human Protein Atlas v25.1 single-nucleus brain; top 200 specificity-ranked AHBA genes per cluster type,3,217,200,1.080552995391705,0.5273809233570701,AMN;RGS14;SDK1,1.0
Multiple sclerosis,multiple_sclerosis,broad,lower rhombic lip,Neuronal cells,Human Protein Atlas v25.1 single-nucleus brain; top 200 specificity-ranked AHBA genes per cluster type,3,217,200,1.080552995391705,0.5273809233570701,CDHR3;MYC;TNIP3,1.0
Multiple sclerosis,multiple_sclerosis,broad,medium spiny neuron,Neuronal cells,Human Protein Atlas v25.1 single-nucleus brain; top 200 specificity-ranked AHBA genes per cluster type,3,217,200,1.080552995391705,0.5273809233570701,RGS14;TRIM71;YPEL1,1.0
Multiple sclerosis,multiple_sclerosis,broad,oligodendrocyte precursor cell,Glial cells,Human Protein Atlas v25.1 single-nucleus brain; top 200 specificity-ranked AHBA genes per cluster type,3,217,200,1.080552995391705,0.5273809233570701,EMILIN3;KCNH8;SOX8,1.0
Multiple sclerosis,multiple_sclerosis,broad,Bergmann glia,Glial cells,Human Protein Atlas v25.1 single-nucleus brain; top 200 specificity-ranked AHBA genes per cluster type,2,217,200,0.72036866359447,0.7689733790654059,CTSH;PHGDH,1.0
Multiple sclerosis,multiple_sclerosis,broad,choroid plexus epithelial cell,Ciliated cells,Human Protein Atlas v25.1 single-nucleus brain; top 200 specificity-ranked AHBA genes per cluster type,2,217,200,0.72036866359447,0.7689733790654059,PHACTR2;SLC6A16,1.0
Multiple sclerosis,multiple_sclerosis,broad,midbrain-derived inhibitory,Neuronal cells,Human Protein Atlas v25.1 single-nucleus brain; top 200 specificity-ranked AHBA genes per cluster type,2,217,200,0.72036866359447,0.7689733790654059,TOX2;ZEB1,1.0
Multiple sclerosis,multiple_sclerosis,broad,oligodendrocyte,Glial cells,Human Protein Atlas v25.1 single-nucleus brain; top 200 specificity-ranked AHBA genes per cluster type,2,217,200,0.72036866359447,0.7689733790654059,KCNH8;S1PR5,1.0
Multiple sclerosis,multiple_sclerosis,broad,vascular associated smooth muscle cell,Endothelial and mural cells,Human Protein Atlas v25.1 single-nucleus brain; top 200 specificity-ranked AHBA genes per cluster type,2,217,200,0.72036866359447,0.7689733790654059,IFITM3;LBH,1.0
Multiple sclerosis,multiple_sclerosis,broad,deep-layer corticothalamic and 6b,Neuronal cells,Human Protein Atlas v25.1 single-nucleus brain; top 200 specificity-ranked AHBA genes per cluster type,1,217,200,0.360184331797235,0.9400283017582095,TNIP3,1.0
Multiple sclerosis,multiple_sclerosis,broad,eccentric medium spiny neuron,Neuronal cells,Human Protein Atlas v25.1 single-nucleus brain; top 200 specificity-ranked AHBA genes per cluster type,1,217,200,0.360184331797235,0.9400283017582095,SPON1,1.0
Multiple sclerosis,multiple_sclerosis,broad,hippocampal CA1-3,Neuronal cells,Human Protein Atlas v25.1 single-nucleus brain; top 200 specificity-ranked AHBA genes per cluster type,1,217,200,0.360184331797235,0.9400283017582095,AMN,1.0
Multiple sclerosis,multiple_sclerosis,broad,hippocampal dentate gyrus,Neuronal cells,Human Protein Atlas v25.1 single-nucleus brain; top 200 specificity-ranked AHBA genes per cluster type,1,217,200,0.360184331797235,0.9400283017582095,SPON1,1.0
Multiple sclerosis,multiple_sclerosis,broad,miscellaneous,Neuronal cells,Human Protein Atlas v25.1 single-nucleus brain; top 200 specificity-ranked AHBA genes per cluster type,1,217,200,0.360184331797235,0.9400283017582095,STAT4,1.0
Multiple sclerosis,multiple_sclerosis,broad,upper rhombic lip,Neuronal cells,Human Protein Atlas v25.1 single-nucleus brain; top 200 specificity-ranked AHBA genes per cluster type,1,217,200,0.360184331797235,0.9400283017582095,CCDC88B,1.0
Multiple sclerosis,multiple_sclerosis,broad,upper-layer intratelencephalic,Neuronal cells,Human Protein Atlas v25.1 single-nucleus brain; top 200 specificity-ranked AHBA genes per cluster type,1,217,200,0.360184331797235,0.9400283017582095,RTKN2,1.0
Multiple sclerosis,multiple_sclerosis,broad,CGE interneuron,Neuronal cells,Human Protein Atlas v25.1 single-nucleus brain; top 200 specificity-ranked AHBA genes per cluster type,0,217,200,0.0,1.0,,1.0
Multiple sclerosis,multiple_sclerosis,broad,deep-layer intratelencephalic,Neuronal cells,Human Protein Atlas v25.1 single-nucleus brain; top 200 specificity-ranked AHBA genes per cluster type,0,217,200,0.0,1.0,,1.0
Multiple sclerosis,multiple_sclerosis,broad,mammillary body,Neuronal cells,Human Protein Atlas v25.1 single-nucleus brain; top 200 specificity-ranked AHBA genes per cluster type,0,217,200,0.0,1.0,,1.0
Multiple sclerosis,multiple_sclerosis,broad,splatter,Neuronal cells,Human Protein Atlas v25.1 single-nucleus brain; top 200 specificity-ranked AHBA genes per cluster type,0,217,186,0.0,1.0,,1.0
Multiple sclerosis,multiple_sclerosis,broad,thalamic excitatory,Neuronal cells,Human Protein Atlas v25.1 single-nucleus brain; top 200 specificity-ranked AHBA genes per cluster type,0,217,200,0.0,1.0,,1.0
Multiple sclerosis,multiple_sclerosis,stringent,leukocyte,Blood and immune cells,Human Protein Atlas v25.1 single-nucleus brain; top 200 specificity-ranked AHBA genes per cluster type,9,55,200,12.78981818181818,2.933856909371594e-08,CLEC2D;CXCR4;ETS1;IL7R;NLRC5;SLAMF7;SP140;STAT4;TNIP3,9.97511349186342e-07
Multiple sclerosis,multiple_sclerosis,stringent,central nervous system macrophage,Glial cells,Human Protein Atlas v25.1 single-nucleus brain; top 200 specificity-ranked AHBA genes per cluster type,4,55,200,5.684363636363636,0.005330461322502824,IRF5;MAF;NCF4;RGS1,0.090617842482548
Multiple sclerosis,multiple_sclerosis,stringent,Bergmann glia,Glial cells,Human Protein Atlas v25.1 single-nucleus brain; top 200 specificity-ranked AHBA genes per cluster type,2,55,200,2.842181818181818,0.15622274324224483,CTSH;PHGDH,0.6639466587795405
Multiple sclerosis,multiple_sclerosis,stringent,LAMP5-LHX6 and Chandelier,Neuronal cells,Human Protein Atlas v25.1 single-nucleus brain; top 200 specificity-ranked AHBA genes per cluster type,2,55,200,2.842181818181818,0.15622274324224483,MAF;TOX2,0.6639466587795405
Multiple sclerosis,multiple_sclerosis,stringent,MGE interneuron,Neuronal cells,Human Protein Atlas v25.1 single-nucleus brain; top 200 specificity-ranked AHBA genes per cluster type,2,55,200,2.842181818181818,0.15622274324224483,MAF;TOX2,0.6639466587795405
Multiple sclerosis,multiple_sclerosis,stringent,endothelial cell,Endothelial and mural cells,Human Protein Atlas v25.1 single-nucleus brain; top 200 specificity-ranked AHBA genes per cluster type,2,55,200,2.842181818181818,0.15622274324224483,ERG;LEF1,0.6639466587795405
Multiple sclerosis,multiple_sclerosis,stringent,lower rhombic lip,Neuronal cells,Human Protein Atlas v25.1 single-nucleus brain; top 200 specificity-ranked AHBA genes per cluster type,2,55,200,2.842181818181818,0.15622274324224483,MYC;TNIP3,0.6639466587795405
Multiple sclerosis,multiple_sclerosis,stringent,pericyte,Endothelial and mural cells,Human Protein Atlas v25.1 single-nucleus brain; top 200 specificity-ranked AHBA genes per cluster type,2,55,200,2.842181818181818,0.15622274324224483,ETS1;LBH,0.6639466587795405
Multiple sclerosis,multiple_sclerosis,stringent,cerebellar inhibitory,Neuronal cells,Human Protein Atlas v25.1 single-nucleus brain; top 200 specificity-ranked AHBA genes per cluster type,1,55,200,1.421090909090909,0.5080898227909333,CD40,1.0
Multiple sclerosis,multiple_sclerosis,stringent,deep-layer corticothalamic and 6b,Neuronal cells,Human Protein Atlas v25.1 single-nucleus brain; top 200 specificity-ranked AHBA genes per cluster type,1,55,200,1.421090909090909,0.5080898227909333,TNIP3,1.0
Multiple sclerosis,multiple_sclerosis,stringent,deep-layer near-projecting,Neuronal cells,Human Protein Atlas v25.1 single-nucleus brain; top 200 specificity-ranked AHBA genes per cluster type,1,55,200,1.421090909090909,0.5080898227909333,ERG,1.0
Multiple sclerosis,multiple_sclerosis,stringent,fibroblast,Mesenchymal cells,Human Protein Atlas v25.1 single-nucleus brain; top 200 specificity-ranked AHBA genes per cluster type,1,55,200,1.421090909090909,0.5080898227909333,TGFBR3,1.0
Multiple sclerosis,multiple_sclerosis,stringent,hippocampal CA4,Neuronal cells,Human Protein Atlas v25.1 single-nucleus brain; top 200 specificity-ranked AHBA genes per cluster type,1,55,200,1.421090909090909,0.5080898227909333,RGS14,1.0
Multiple sclerosis,multiple_sclerosis,stringent,medium spiny neuron,Neuronal cells,Human Protein Atlas v25.1 single-nucleus brain; top 200 specificity-ranked AHBA genes per cluster type,1,55,200,1.421090909090909,0.5080898227909333,RGS14,1.0
Multiple sclerosis,multiple_sclerosis,stringent,midbrain-derived inhibitory,Neuronal cells,Human Protein Atlas v25.1 single-nucleus brain; top 200 specificity-ranked AHBA genes per cluster type,1,55,200,1.421090909090909,0.5080898227909333,TOX2,1.0
Multiple sclerosis,multiple_sclerosis,stringent,miscellaneous,Neuronal cells,Human Protein Atlas v25.1 single-nucleus brain; top 200 specificity-ranked AHBA genes per cluster type,1,55,200,1.421090909090909,0.5080898227909333,STAT4,1.0
Multiple sclerosis,multiple_sclerosis,stringent,vascular associated smooth muscle cell,Endothelial and mural cells,Human Protein Atlas v25.1 single-nucleus brain; top 200 specificity-ranked AHBA genes per cluster type,1,55,200,1.421090909090909,0.5080898227909333,LBH,1.0
Multiple sclerosis,multiple_sclerosis,stringent,CGE interneuron,Neuronal cells,Human Protein Atlas v25.1 single-nucleus brain; top 200 specificity-ranked AHBA genes per cluster type,0,55,200,0.0,1.0,,1.0
Multiple sclerosis,multiple_sclerosis,stringent,amygdala excitatory,Neuronal cells,Human Protein Atlas v25.1 single-nucleus brain; top 200 specificity-ranked AHBA genes per cluster type,0,55,200,0.0,1.0,,1.0
Multiple sclerosis,multiple_sclerosis,stringent,astrocyte,Glial cells,Human Protein Atlas v25.1 single-nucleus brain; top 200 specificity-ranked AHBA genes per cluster type,0,55,200,0.0,1.0,,1.0
Multiple sclerosis,multiple_sclerosis,stringent,choroid plexus epithelial cell,Ciliated cells,Human Protein Atlas v25.1 single-nucleus brain; top 200 specificity-ranked AHBA genes per cluster type,0,55,200,0.0,1.0,,1.0
Multiple sclerosis,multiple_sclerosis,stringent,committed oligodendrocyte precursor,Glial cells,Human Protein Atlas v25.1 single-nucleus brain; top 200 specificity-ranked AHBA genes per cluster type,0,55,200,0.0,1.0,,1.0
Multiple sclerosis,multiple_sclerosis,stringent,deep-layer intratelencephalic,Neuronal cells,Human Protein Atlas v25.1 single-nucleus brain; top 200 specificity-ranked AHBA genes per cluster type,0,55,200,0.0,1.0,,1.0
Multiple sclerosis,multiple_sclerosis,stringent,eccentric medium spiny neuron,Neuronal cells,Human Protein Atlas v25.1 single-nucleus brain; top 200 specificity-ranked AHBA genes per cluster type,0,55,200,0.0,1.0,,1.0
Multiple sclerosis,multiple_sclerosis,stringent,ependymal cell,Ciliated cells,Human Protein Atlas v25.1 single-nucleus brain; top 200 specificity-ranked AHBA genes per cluster type,0,55,200,0.0,1.0,,1.0
Multiple sclerosis,multiple_sclerosis,stringent,hippocampal CA1-3,Neuronal cells,Human Protein Atlas v25.1 single-nucleus brain; top 200 specificity-ranked AHBA genes per cluster type,0,55,200,0.0,1.0,,1.0
Multiple sclerosis,multiple_sclerosis,stringent,hippocampal dentate gyrus,Neuronal cells,Human Protein Atlas v25.1 single-nucleus brain; top 200 specificity-ranked AHBA genes per cluster type,0,55,200,0.0,1.0,,1.0
Multiple sclerosis,multiple_sclerosis,stringent,mammillary body,Neuronal cells,Human Protein Atlas v25.1 single-nucleus brain; top 200 specificity-ranked AHBA genes per cluster type,0,55,200,0.0,1.0,,1.0
Multiple sclerosis,multiple_sclerosis,stringent,oligodendrocyte,Glial cells,Human Protein Atlas v25.1 single-nucleus brain; top 200 specificity-ranked AHBA genes per cluster type,0,55,200,0.0,1.0,,1.0
Multiple sclerosis,multiple_sclerosis,stringent,oligodendrocyte precursor cell,Glial cells,Human Protein Atlas v25.1 single-nucleus brain; top 200 specificity-ranked AHBA genes per cluster type,0,55,200,0.0,1.0,,1.0
Multiple sclerosis,multiple_sclerosis,stringent,splatter,Neuronal cells,Human Protein Atlas v25.1 single-nucleus brain; top 200 specificity-ranked AHBA genes per cluster type,0,55,186,0.0,1.0,,1.0
Multiple sclerosis,multiple_sclerosis,stringent,thalamic excitatory,Neuronal cells,Human Protein Atlas v25.1 single-nucleus brain; top 200 specificity-ranked AHBA genes per cluster type,0,55,200,0.0,1.0,,1.0
Multiple sclerosis,multiple_sclerosis,stringent,upper rhombic lip,Neuronal cells,Human Protein Atlas v25.1 single-nucleus brain; top 200 specificity-ranked AHBA genes per cluster type,0,55,200,0.0,1.0,,1.0
Multiple sclerosis,multiple_sclerosis,stringent,upper-layer intratelencephalic,Neuronal cells,Human Protein Atlas v25.1 single-nucleus brain; top 200 specificity-ranked AHBA genes per cluster type,0,55,200,0.0,1.0,,1.0
Multiple sclerosis,multiple_sclerosis,weighted,leukocyte,Blood and immune cells,Human Protein Atlas v25.1 single-nucleus brain; top 200 specificity-ranked AHBA genes per cluster type,19,217,200,6.8435023041474645,4.515989643227323e-11,CD37;CD6;CLEC2B;CLEC2D;CXCR4;ETS1;IFI30;IL7R;NLRC5;PTGER4;S1PR5;SLAMF7;SOCS1;SP140;STAT4;THEMIS;TNIP3;TYMP;ZC3HAV1,1.5354364786972899e-09
Multiple sclerosis,multiple_sclerosis,weighted,LAMP5-LHX6 and Chandelier,Neuronal cells,Human Protein Atlas v25.1 single-nucleus brain; top 200 specificity-ranked AHBA genes per cluster type,6,217,200,2.16110599078341,0.06051804177002174,FBLN7;MAF;RND3;SDK1;TOX2;TRIM71,0.6858711400602464
Multiple sclerosis,multiple_sclerosis,weighted,central nervous system macrophage,Glial cells,Human Protein Atlas v25.1 single-nucleus brain; top 200 specificity-ranked AHBA genes per cluster type,6,217,200,2.16110599078341,0.06051804177002174,CD37;IRF5;MAF;NCF4;RGS1;ZFP36L2,0.6858711400602464
Multiple sclerosis,multiple_sclerosis,weighted,MGE interneuron,Neuronal cells,Human Protein Atlas v25.1 single-nucleus brain; top 200 specificity-ranked AHBA genes per cluster type,5,217,200,1.800921658986175,0.14610214278696199,FBLN7;MAF;RND3;SATB1;TOX2,0.9934945709513415
Multiple sclerosis,multiple_sclerosis,weighted,endothelial cell,Endothelial and mural cells,Human Protein Atlas v25.1 single-nucleus brain; top 200 specificity-ranked AHBA genes per cluster type,5,217,200,1.800921658986175,0.14610214278696199,CLEC2B;ERG;FLI1;HHEX;LEF1,0.9934945709513415
Multiple sclerosis,multiple_sclerosis,weighted,committed oligodendrocyte precursor,Glial cells,Human Protein Atlas v25.1 single-nucleus brain; top 200 specificity-ranked AHBA genes per cluster type,4,217,200,1.44073732718894,0.3021084206299513,KCNH8;MAML2;RTKN2;SOX8,1.0
Multiple sclerosis,multiple_sclerosis,weighted,deep-layer near-projecting,Neuronal cells,Human Protein Atlas v25.1 single-nucleus brain; top 200 specificity-ranked AHBA genes per cluster type,4,217,200,1.44073732718894,0.3021084206299513,ERG;LPIN3;SATB1;SDK1,1.0
Multiple sclerosis,multiple_sclerosis,weighted,pericyte,Endothelial and mural cells,Human Protein Atlas v25.1 single-nucleus brain; top 200 specificity-ranked AHBA genes per cluster type,4,217,200,1.44073732718894,0.3021084206299513,ETS1;IFITM2;IFITM3;LBH,1.0
Multiple sclerosis,multiple_sclerosis,weighted,amygdala excitatory,Neuronal cells,Human Protein Atlas v25.1 single-nucleus brain; top 200 specificity-ranked AHBA genes per cluster type,3,217,200,1.080552995391705,0.5273809233570701,CEACAM19;PTPRK;TRIM71,1.0
Multiple sclerosis,multiple_sclerosis,weighted,astrocyte,Glial cells,Human Protein Atlas v25.1 single-nucleus brain; top 200 specificity-ranked AHBA genes per cluster type,3,217,200,1.080552995391705,0.5273809233570701,BCL6;GMPR;SPON1,1.0
Multiple sclerosis,multiple_sclerosis,weighted,cerebellar inhibitory,Neuronal cells,Human Protein Atlas v25.1 single-nucleus brain; top 200 specificity-ranked AHBA genes per cluster type,3,217,200,1.080552995391705,0.5273809233570701,CD40;IGSF23;PHACTR2,1.0
Multiple sclerosis,multiple_sclerosis,weighted,ependymal cell,Ciliated cells,Human Protein Atlas v25.1 single-nucleus brain; top 200 specificity-ranked AHBA genes per cluster type,3,217,200,1.080552995391705,0.5273809233570701,GMPR;SCO2;TYMP,1.0
Multiple sclerosis,multiple_sclerosis,weighted,fibroblast,Mesenchymal cells,Human Protein Atlas v25.1 single-nucleus brain; top 200 specificity-ranked AHBA genes per cluster type,3,217,200,1.080552995391705,0.5273809233570701,EMILIN3;RND3;TGFBR3,1.0
Multiple sclerosis,multiple_sclerosis,weighted,hippocampal CA4,Neuronal cells,Human Protein Atlas v25.1 single-nucleus brain; top 200 specificity-ranked AHBA genes per cluster type,3,217,200,1.080552995391705,0.5273809233570701,AMN;RGS14;SDK1,1.0
Multiple sclerosis,multiple_sclerosis,weighted,lower rhombic lip,Neuronal cells,Human Protein Atlas v25.1 single-nucleus brain; top 200 specificity-ranked AHBA genes per cluster type,3,217,200,1.080552995391705,0.5273809233570701,CDHR3;MYC;TNIP3,1.0
Multiple sclerosis,multiple_sclerosis,weighted,medium spiny neuron,Neuronal cells,Human Protein Atlas v25.1 single-nucleus brain; top 200 specificity-ranked AHBA genes per cluster type,3,217,200,1.080552995391705,0.5273809233570701,RGS14;TRIM71;YPEL1,1.0
Multiple sclerosis,multiple_sclerosis,weighted,oligodendrocyte precursor cell,Glial cells,Human Protein Atlas v25.1 single-nucleus brain; top 200 specificity-ranked AHBA genes per cluster type,3,217,200,1.080552995391705,0.5273809233570701,EMILIN3;KCNH8;SOX8,1.0
Multiple sclerosis,multiple_sclerosis,weighted,Bergmann glia,Glial cells,Human Protein Atlas v25.1 single-nucleus brain; top 200 specificity-ranked AHBA genes per cluster type,2,217,200,0.72036866359447,0.7689733790654059,CTSH;PHGDH,1.0
Multiple sclerosis,multiple_sclerosis,weighted,choroid plexus epithelial cell,Ciliated cells,Human Protein Atlas v25.1 single-nucleus brain; top 200 specificity-ranked AHBA genes per cluster type,2,217,200,0.72036866359447,0.7689733790654059,PHACTR2;SLC6A16,1.0
Multiple sclerosis,multiple_sclerosis,weighted,midbrain-derived inhibitory,Neuronal cells,Human Protein Atlas v25.1 single-nucleus brain; top 200 specificity-ranked AHBA genes per cluster type,2,217,200,0.72036866359447,0.7689733790654059,TOX2;ZEB1,1.0
Multiple sclerosis,multiple_sclerosis,weighted,oligodendrocyte,Glial cells,Human Protein Atlas v25.1 single-nucleus brain; top 200 specificity-ranked AHBA genes per cluster type,2,217,200,0.72036866359447,0.7689733790654059,KCNH8;S1PR5,1.0
Multiple sclerosis,multiple_sclerosis,weighted,vascular associated smooth muscle cell,Endothelial and mural cells,Human Protein Atlas v25.1 single-nucleus brain; top 200 specificity-ranked AHBA genes per cluster type,2,217,200,0.72036866359447,0.7689733790654059,IFITM3;LBH,1.0
Multiple sclerosis,multiple_sclerosis,weighted,deep-layer corticothalamic and 6b,Neuronal cells,Human Protein Atlas v25.1 single-nucleus brain; top 200 specificity-ranked AHBA genes per cluster type,1,217,200,0.360184331797235,0.9400283017582095,TNIP3,1.0
Multiple sclerosis,multiple_sclerosis,weighted,eccentric medium spiny neuron,Neuronal cells,Human Protein Atlas v25.1 single-nucleus brain; top 200 specificity-ranked AHBA genes per cluster type,1,217,200,0.360184331797235,0.9400283017582095,SPON1,1.0
Multiple sclerosis,multiple_sclerosis,weighted,hippocampal CA1-3,Neuronal cells,Human Protein Atlas v25.1 single-nucleus brain; top 200 specificity-ranked AHBA genes per cluster type,1,217,200,0.360184331797235,0.9400283017582095,AMN,1.0
Multiple sclerosis,multiple_sclerosis,weighted,hippocampal dentate gyrus,Neuronal cells,Human Protein Atlas v25.1 single-nucleus brain; top 200 specificity-ranked AHBA genes per cluster type,1,217,200,0.360184331797235,0.9400283017582095,SPON1,1.0
Multiple sclerosis,multiple_sclerosis,weighted,miscellaneous,Neuronal cells,Human Protein Atlas v25.1 single-nucleus brain; top 200 specificity-ranked AHBA genes per cluster type,1,217,200,0.360184331797235,0.9400283017582095,STAT4,1.0
Multiple sclerosis,multiple_sclerosis,weighted,upper rhombic lip,Neuronal cells,Human Protein Atlas v25.1 single-nucleus brain; top 200 specificity-ranked AHBA genes per cluster type,1,217,200,0.360184331797235,0.9400283017582095,CCDC88B,1.0
Multiple sclerosis,multiple_sclerosis,weighted,upper-layer intratelencephalic,Neuronal cells,Human Protein Atlas v25.1 single-nucleus brain; top 200 specificity-ranked AHBA genes per cluster type,1,217,200,0.360184331797235,0.9400283017582095,RTKN2,1.0
Multiple sclerosis,multiple_sclerosis,weighted,CGE interneuron,Neuronal cells,Human Protein Atlas v25.1 single-nucleus brain; top 200 specificity-ranked AHBA genes per cluster type,0,217,200,0.0,1.0,,1.0
Multiple sclerosis,multiple_sclerosis,weighted,deep-layer intratelencephalic,Neuronal cells,Human Protein Atlas v25.1 single-nucleus brain; top 200 specificity-ranked AHBA genes per cluster type,0,217,200,0.0,1.0,,1.0
Multiple sclerosis,multiple_sclerosis,weighted,mammillary body,Neuronal cells,Human Protein Atlas v25.1 single-nucleus brain; top 200 specificity-ranked AHBA genes per cluster type,0,217,200,0.0,1.0,,1.0
Multiple sclerosis,multiple_sclerosis,weighted,splatter,Neuronal cells,Human Protein Atlas v25.1 single-nucleus brain; top 200 specificity-ranked AHBA genes per cluster type,0,217,186,0.0,1.0,,1.0
Multiple sclerosis,multiple_sclerosis,weighted,thalamic excitatory,Neuronal cells,Human Protein Atlas v25.1 single-nucleus brain; top 200 specificity-ranked AHBA genes per cluster type,0,217,200,0.0,1.0,,1.0
Parkinson disease,parkinson,broad,upper rhombic lip,Neuronal cells,Human Protein Atlas v25.1 single-nucleus brain; top 200 specificity-ranked AHBA genes per cluster type,5,123,200,3.177235772357723,0.020942679052686854,PRSS3;RIMS1;RIT2;SH3GL2;TMEM163,0.49795976270070497
Parkinson disease,parkinson,broad,LAMP5-LHX6 and Chandelier,Neuronal cells,Human Protein Atlas v25.1 single-nucleus brain; top 200 specificity-ranked AHBA genes per cluster type,4,123,200,2.541788617886179,0.07322937686775073,ITGA8;PKP2;SV2C;TOX3,0.49795976270070497
Parkinson disease,parkinson,broad,committed oligodendrocyte precursor,Glial cells,Human Protein Atlas v25.1 single-nucleus brain; top 200 specificity-ranked AHBA genes per cluster type,4,123,200,2.541788617886179,0.07322937686775073,FYN;GPNMB;SLC45A3;TMEM163,0.49795976270070497
Parkinson disease,parkinson,broad,pericyte,Endothelial and mural cells,Human Protein Atlas v25.1 single-nucleus brain; top 200 specificity-ranked AHBA genes per cluster type,4,123,200,2.541788617886179,0.07322937686775073,CD38;COX4I2;FOXS1;PDLIM2,0.49795976270070497
Parkinson disease,parkinson,broad,thalamic excitatory,Neuronal cells,Human Protein Atlas v25.1 single-nucleus brain; top 200 specificity-ranked AHBA genes per cluster type,4,123,200,2.541788617886179,0.07322937686775073,SV2C;TMEM163;TOX3;WNT3,0.49795976270070497
Parkinson disease,parkinson,broad,CGE interneuron,Neuronal cells,Human Protein Atlas v25.1 single-nucleus brain; top 200 specificity-ranked AHBA genes per cluster type,3,123,200,1.906341463414634,0.20870589186640964,B3GALT1;PKP2;TOX3,0.6450909384961753
Parkinson disease,parkinson,broad,astrocyte,Glial cells,Human Protein Atlas v25.1 single-nucleus brain; top 200 specificity-ranked AHBA genes per cluster type,3,123,200,1.906341463414634,0.20870589186640964,ACBD7;CD38;ITPKB,0.6450909384961753
Parkinson disease,parkinson,broad,endothelial cell,Endothelial and mural cells,Human Protein Atlas v25.1 single-nucleus brain; top 200 specificity-ranked AHBA genes per cluster type,3,123,200,1.906341463414634,0.20870589186640964,ELOVL7;MYLK2;PARP9,0.6450909384961753
Parkinson disease,parkinson,broad,mammillary body,Neuronal cells,Human Protein Atlas v25.1 single-nucleus brain; top 200 specificity-ranked AHBA genes per cluster type,3,123,200,1.906341463414634,0.20870589186640964,RIT2;SNCA;STBD1,0.6450909384961753
Parkinson disease,parkinson,broad,midbrain-derived inhibitory,Neuronal cells,Human Protein Atlas v25.1 single-nucleus brain; top 200 specificity-ranked AHBA genes per cluster type,3,123,200,1.906341463414634,0.20870589186640964,SIPA1L2;SV2C;TOX3,0.6450909384961753
Parkinson disease,parkinson,broad,vascular associated smooth muscle cell,Endothelial and mural cells,Human Protein Atlas v25.1 single-nucleus brain; top 200 specificity-ranked AHBA genes per cluster type,3,123,200,1.906341463414634,0.20870589186640964,COX4I2;FOXS1;ITGA8,0.6450909384961753
Parkinson disease,parkinson,broad,Bergmann glia,Glial cells,Human Protein Atlas v25.1 single-nucleus brain; top 200 specificity-ranked AHBA genes per cluster type,2,123,200,1.2708943089430895,0.4684625156654904,ACBD7;WNT3,0.6925098057663771
Parkinson disease,parkinson,broad,amygdala excitatory,Neuronal cells,Human Protein Atlas v25.1 single-nucleus brain; top 200 specificity-ranked AHBA genes per cluster type,2,123,200,1.2708943089430895,0.4684625156654904,ASXL3;TOX3,0.6925098057663771
Parkinson disease,parkinson,broad,central nervous system macrophage,Glial cells,Human Protein Atlas v25.1 single-nucleus brain; top 200 specificity-ranked AHBA genes per cluster type,2,123,200,1.2708943089430895,0.4684625156654904,FCGR2A;P2RY12,0.6925098057663771
Parkinson disease,parkinson,broad,cerebellar inhibitory,Neuronal cells,Human Protein Atlas v25.1 single-nucleus brain; top 200 specificity-ranked AHBA genes per cluster type,2,123,200,1.2708943089430895,0.4684625156654904,FASN;RORA,0.6925098057663771
Parkinson disease,parkinson,broad,choroid plexus epithelial cell,Ciliated cells,Human Protein Atlas v25.1 single-nucleus brain; top 200 specificity-ranked AHBA genes per cluster type,2,123,200,1.2708943089430895,0.4684625156654904,ITPKB;STK39,0.6925098057663771
Parkinson disease,parkinson,broad,deep-layer corticothalamic and 6b,Neuronal cells,Human Protein Atlas v25.1 single-nucleus brain; top 200 specificity-ranked AHBA genes per cluster type,2,123,200,1.2708943089430895,0.4684625156654904,ASXL3;SH3GL2,0.6925098057663771
Parkinson disease,parkinson,broad,deep-layer intratelencephalic,Neuronal cells,Human Protein Atlas v25.1 single-nucleus brain; top 200 specificity-ranked AHBA genes per cluster type,2,123,200,1.2708943089430895,0.4684625156654904,PRSS3;SH3GL2,0.6925098057663771
Parkinson disease,parkinson,broad,deep-layer near-projecting,Neuronal cells,Human Protein Atlas v25.1 single-nucleus brain; top 200 specificity-ranked AHBA genes per cluster type,2,123,200,1.2708943089430895,0.4684625156654904,ASXL3;ITGA8,0.6925098057663771
Parkinson disease,parkinson,broad,eccentric medium spiny neuron,Neuronal cells,Human Protein Atlas v25.1 single-nucleus brain; top 200 specificity-ranked AHBA genes per cluster type,2,123,200,1.2708943089430895,0.4684625156654904,B3GALT1;SV2C,0.6925098057663771
Parkinson disease,parkinson,broad,fibroblast,Mesenchymal cells,Human Protein Atlas v25.1 single-nucleus brain; top 200 specificity-ranked AHBA genes per cluster type,2,123,200,1.2708943089430895,0.4684625156654904,GPNMB;PKP2,0.6925098057663771
Parkinson disease,parkinson,broad,hippocampal CA1-3,Neuronal cells,Human Protein Atlas v25.1 single-nucleus brain; top 200 specificity-ranked AHBA genes per cluster type,2,123,200,1.2708943089430895,0.4684625156654904,CCSER1;ITGA8,0.6925098057663771
Parkinson disease,parkinson,broad,oligodendrocyte precursor cell,Glial cells,Human Protein Atlas v25.1 single-nucleus brain; top 200 specificity-ranked AHBA genes per cluster type,2,123,200,1.2708943089430895,0.4684625156654904,HIP1R;LRRK2,0.6925098057663771
Parkinson disease,parkinson,broad,MGE interneuron,Neuronal cells,Human Protein Atlas v25.1 single-nucleus brain; top 200 specificity-ranked AHBA genes per cluster type,1,123,200,0.6354471544715448,0.79609524216584,TOX3,0.9022412744546188
Parkinson disease,parkinson,broad,hippocampal CA4,Neuronal cells,Human Protein Atlas v25.1 single-nucleus brain; top 200 specificity-ranked AHBA genes per cluster type,1,123,200,0.6354471544715448,0.79609524216584,RIMS1,0.9022412744546188
Parkinson disease,parkinson,broad,leukocyte,Blood and immune cells,Human Protein Atlas v25.1 single-nucleus brain; top 200 specificity-ranked AHBA genes per cluster type,1,123,200,0.6354471544715448,0.79609524216584,SNX20,0.9022412744546188
Parkinson disease,parkinson,broad,medium spiny neuron,Neuronal cells,Human Protein Atlas v25.1 single-nucleus brain; top 200 specificity-ranked AHBA genes per cluster type,1,123,200,0.6354471544715448,0.79609524216584,SV2C,0.9022412744546188
Parkinson disease,parkinson,broad,miscellaneous,Neuronal cells,Human Protein Atlas v25.1 single-nucleus brain; top 200 specificity-ranked AHBA genes per cluster type,1,123,200,0.6354471544715448,0.79609524216584,RIT2,0.9022412744546188
Parkinson disease,parkinson,broad,oligodendrocyte,Glial cells,Human Protein Atlas v25.1 single-nucleus brain; top 200 specificity-ranked AHBA genes per cluster type,1,123,200,0.6354471544715448,0.79609524216584,SLC45A3,0.9022412744546188
Parkinson disease,parkinson,broad,upper-layer intratelencephalic,Neuronal cells,Human Protein Atlas v25.1 single-nucleus brain; top 200 specificity-ranked AHBA genes per cluster type,1,123,200,0.6354471544715448,0.79609524216584,ASXL3,0.9022412744546188
Parkinson disease,parkinson,broad,ependymal cell,Ciliated cells,Human Protein Atlas v25.1 single-nucleus brain; top 200 specificity-ranked AHBA genes per cluster type,0,123,200,0.0,1.0,,1.0
Parkinson disease,parkinson,broad,hippocampal dentate gyrus,Neuronal cells,Human Protein Atlas v25.1 single-nucleus brain; top 200 specificity-ranked AHBA genes per cluster type,0,123,200,0.0,1.0,,1.0
Parkinson disease,parkinson,broad,lower rhombic lip,Neuronal cells,Human Protein Atlas v25.1 single-nucleus brain; top 200 specificity-ranked AHBA genes per cluster type,0,123,200,0.0,1.0,,1.0
Parkinson disease,parkinson,broad,splatter,Neuronal cells,Human Protein Atlas v25.1 single-nucleus brain; top 200 specificity-ranked AHBA genes per cluster type,0,123,186,0.0,1.0,,1.0
Parkinson disease,parkinson,stringent,upper rhombic lip,Neuronal cells,Human Protein Atlas v25.1 single-nucleus brain; top 200 specificity-ranked AHBA genes per cluster type,4,34,200,9.195294117647059,0.0008928107458844675,RIMS1;RIT2;SH3GL2;TMEM163,0.030355565360071897
Parkinson disease,parkinson,stringent,committed oligodendrocyte precursor,Glial cells,Human Protein Atlas v25.1 single-nucleus brain; top 200 specificity-ranked AHBA genes per cluster type,3,34,200,6.896470588235294,0.00922264042744695,FYN;GPNMB;TMEM163,0.15678488726659814
Parkinson disease,parkinson,stringent,CGE interneuron,Neuronal cells,Human Protein Atlas v25.1 single-nucleus brain; top 200 specificity-ranked AHBA genes per cluster type,2,34,200,4.597647058823529,0.06996492590365143,PKP2;TOX3,0.23788074807241485
Parkinson disease,parkinson,stringent,LAMP5-LHX6 and Chandelier,Neuronal cells,Human Protein Atlas v25.1 single-nucleus brain; top 200 specificity-ranked AHBA genes per cluster type,2,34,200,4.597647058823529,0.06996492590365143,PKP2;TOX3,0.23788074807241485
Parkinson disease,parkinson,stringent,amygdala excitatory,Neuronal cells,Human Protein Atlas v25.1 single-nucleus brain; top 200 specificity-ranked AHBA genes per cluster type,2,34,200,4.597647058823529,0.06996492590365143,ASXL3;TOX3,0.23788074807241485
Parkinson disease,parkinson,stringent,choroid plexus epithelial cell,Ciliated cells,Human Protein Atlas v25.1 single-nucleus brain; top 200 specificity-ranked AHBA genes per cluster type,2,34,200,4.597647058823529,0.06996492590365143,ITPKB;STK39,0.23788074807241485
Parkinson disease,parkinson,stringent,deep-layer corticothalamic and 6b,Neuronal cells,Human Protein Atlas v25.1 single-nucleus brain; top 200 specificity-ranked AHBA genes per cluster type,2,34,200,4.597647058823529,0.06996492590365143,ASXL3;SH3GL2,0.23788074807241485
Parkinson disease,parkinson,stringent,fibroblast,Mesenchymal cells,Human Protein Atlas v25.1 single-nucleus brain; top 200 specificity-ranked AHBA genes per cluster type,2,34,200,4.597647058823529,0.06996492590365143,GPNMB;PKP2,0.23788074807241485
Parkinson disease,parkinson,stringent,midbrain-derived inhibitory,Neuronal cells,Human Protein Atlas v25.1 single-nucleus brain; top 200 specificity-ranked AHBA genes per cluster type,2,34,200,4.597647058823529,0.06996492590365143,SIPA1L2;TOX3,0.23788074807241485
Parkinson disease,parkinson,stringent,thalamic excitatory,Neuronal cells,Human Protein Atlas v25.1 single-nucleus brain; top 200 specificity-ranked AHBA genes per cluster type,2,34,200,4.597647058823529,0.06996492590365143,TMEM163;TOX3,0.23788074807241485
Parkinson disease,parkinson,stringent,MGE interneuron,Neuronal cells,Human Protein Atlas v25.1 single-nucleus brain; top 200 specificity-ranked AHBA genes per cluster type,1,34,200,2.2988235294117647,0.3548533669980777,TOX3,0.5484097489970291
Parkinson disease,parkinson,stringent,astrocyte,Glial cells,Human Protein Atlas v25.1 single-nucleus brain; top 200 specificity-ranked AHBA genes per cluster type,1,34,200,2.2988235294117647,0.3548533669980777,ITPKB,0.5484097489970291
Parkinson disease,parkinson,stringent,central nervous system macrophage,Glial cells,Human Protein Atlas v25.1 single-nucleus brain; top 200 specificity-ranked AHBA genes per cluster type,1,34,200,2.2988235294117647,0.3548533669980777,FCGR2A,0.5484097489970291
Parkinson disease,parkinson,stringent,deep-layer intratelencephalic,Neuronal cells,Human Protein Atlas v25.1 single-nucleus brain; top 200 specificity-ranked AHBA genes per cluster type,1,34,200,2.2988235294117647,0.3548533669980777,SH3GL2,0.5484097489970291
Parkinson disease,parkinson,stringent,deep-layer near-projecting,Neuronal cells,Human Protein Atlas v25.1 single-nucleus brain; top 200 specificity-ranked AHBA genes per cluster type,1,34,200,2.2988235294117647,0.3548533669980777,ASXL3,0.5484097489970291
Parkinson disease,parkinson,stringent,endothelial cell,Endothelial and mural cells,Human Protein Atlas v25.1 single-nucleus brain; top 200 specificity-ranked AHBA genes per cluster type,1,34,200,2.2988235294117647,0.3548533669980777,ELOVL7,0.5484097489970291
Parkinson disease,parkinson,stringent,hippocampal CA1-3,Neuronal cells,Human Protein Atlas v25.1 single-nucleus brain; top 200 specificity-ranked AHBA genes per cluster type,1,34,200,2.2988235294117647,0.3548533669980777,CCSER1,0.5484097489970291
Parkinson disease,parkinson,stringent,hippocampal CA4,Neuronal cells,Human Protein Atlas v25.1 single-nucleus brain; top 200 specificity-ranked AHBA genes per cluster type,1,34,200,2.2988235294117647,0.3548533669980777,RIMS1,0.5484097489970291
Parkinson disease,parkinson,stringent,mammillary body,Neuronal cells,Human Protein Atlas v25.1 single-nucleus brain; top 200 specificity-ranked AHBA genes per cluster type,1,34,200,2.2988235294117647,0.3548533669980777,RIT2,0.5484097489970291
Parkinson disease,parkinson,stringent,miscellaneous,Neuronal cells,Human Protein Atlas v25.1 single-nucleus brain; top 200 specificity-ranked AHBA genes per cluster type,1,34,200,2.2988235294117647,0.3548533669980777,RIT2,0.5484097489970291
Parkinson disease,parkinson,stringent,oligodendrocyte precursor cell,Glial cells,Human Protein Atlas v25.1 single-nucleus brain; top 200 specificity-ranked AHBA genes per cluster type,1,34,200,2.2988235294117647,0.3548533669980777,HIP1R,0.5484097489970291
Parkinson disease,parkinson,stringent,upper-layer intratelencephalic,Neuronal cells,Human Protein Atlas v25.1 single-nucleus brain; top 200 specificity-ranked AHBA genes per cluster type,1,34,200,2.2988235294117647,0.3548533669980777,ASXL3,0.5484097489970291
Parkinson disease,parkinson,stringent,Bergmann glia,Glial cells,Human Protein Atlas v25.1 single-nucleus brain; top 200 specificity-ranked AHBA genes per cluster type,0,34,200,0.0,1.0,,1.0
Parkinson disease,parkinson,stringent,cerebellar inhibitory,Neuronal cells,Human Protein Atlas v25.1 single-nucleus brain; top 200 specificity-ranked AHBA genes per cluster type,0,34,200,0.0,1.0,,1.0
Parkinson disease,parkinson,stringent,eccentric medium spiny neuron,Neuronal cells,Human Protein Atlas v25.1 single-nucleus brain; top 200 specificity-ranked AHBA genes per cluster type,0,34,200,0.0,1.0,,1.0
Parkinson disease,parkinson,stringent,ependymal cell,Ciliated cells,Human Protein Atlas v25.1 single-nucleus brain; top 200 specificity-ranked AHBA genes per cluster type,0,34,200,0.0,1.0,,1.0
Parkinson disease,parkinson,stringent,hippocampal dentate gyrus,Neuronal cells,Human Protein Atlas v25.1 single-nucleus brain; top 200 specificity-ranked AHBA genes per cluster type,0,34,200,0.0,1.0,,1.0
Parkinson disease,parkinson,stringent,leukocyte,Blood and immune cells,Human Protein Atlas v25.1 single-nucleus brain; top 200 specificity-ranked AHBA genes per cluster type,0,34,200,0.0,1.0,,1.0
Parkinson disease,parkinson,stringent,lower rhombic lip,Neuronal cells,Human Protein Atlas v25.1 single-nucleus brain; top 200 specificity-ranked AHBA genes per cluster type,0,34,200,0.0,1.0,,1.0
Parkinson disease,parkinson,stringent,medium spiny neuron,Neuronal cells,Human Protein Atlas v25.1 single-nucleus brain; top 200 specificity-ranked AHBA genes per cluster type,0,34,200,0.0,1.0,,1.0
Parkinson disease,parkinson,stringent,oligodendrocyte,Glial cells,Human Protein Atlas v25.1 single-nucleus brain; top 200 specificity-ranked AHBA genes per cluster type,0,34,200,0.0,1.0,,1.0
Parkinson disease,parkinson,stringent,pericyte,Endothelial and mural cells,Human Protein Atlas v25.1 single-nucleus brain; top 200 specificity-ranked AHBA genes per cluster type,0,34,200,0.0,1.0,,1.0
Parkinson disease,parkinson,stringent,splatter,Neuronal cells,Human Protein Atlas v25.1 single-nucleus brain; top 200 specificity-ranked AHBA genes per cluster type,0,34,186,0.0,1.0,,1.0
Parkinson disease,parkinson,stringent,vascular associated smooth muscle cell,Endothelial and mural cells,Human Protein Atlas v25.1 single-nucleus brain; top 200 specificity-ranked AHBA genes per cluster type,0,34,200,0.0,1.0,,1.0
Parkinson disease,parkinson,weighted,upper rhombic lip,Neuronal cells,Human Protein Atlas v25.1 single-nucleus brain; top 200 specificity-ranked AHBA genes per cluster type,5,123,200,3.177235772357723,0.020942679052686854,PRSS3;RIMS1;RIT2;SH3GL2;TMEM163,0.49795976270070497
Parkinson disease,parkinson,weighted,LAMP5-LHX6 and Chandelier,Neuronal cells,Human Protein Atlas v25.1 single-nucleus brain; top 200 specificity-ranked AHBA genes per cluster type,4,123,200,2.541788617886179,0.07322937686775073,ITGA8;PKP2;SV2C;TOX3,0.49795976270070497
Parkinson disease,parkinson,weighted,committed oligodendrocyte precursor,Glial cells,Human Protein Atlas v25.1 single-nucleus brain; top 200 specificity-ranked AHBA genes per cluster type,4,123,200,2.541788617886179,0.07322937686775073,FYN;GPNMB;SLC45A3;TMEM163,0.49795976270070497
Parkinson disease,parkinson,weighted,pericyte,Endothelial and mural cells,Human Protein Atlas v25.1 single-nucleus brain; top 200 specificity-ranked AHBA genes per cluster type,4,123,200,2.541788617886179,0.07322937686775073,CD38;COX4I2;FOXS1;PDLIM2,0.49795976270070497
Parkinson disease,parkinson,weighted,thalamic excitatory,Neuronal cells,Human Protein Atlas v25.1 single-nucleus brain; top 200 specificity-ranked AHBA genes per cluster type,4,123,200,2.541788617886179,0.07322937686775073,SV2C;TMEM163;TOX3;WNT3,0.49795976270070497
Parkinson disease,parkinson,weighted,CGE interneuron,Neuronal cells,Human Protein Atlas v25.1 single-nucleus brain; top 200 specificity-ranked AHBA genes per cluster type,3,123,200,1.906341463414634,0.20870589186640964,B3GALT1;PKP2;TOX3,0.6450909384961753
Parkinson disease,parkinson,weighted,astrocyte,Glial cells,Human Protein Atlas v25.1 single-nucleus brain; top 200 specificity-ranked AHBA genes per cluster type,3,123,200,1.906341463414634,0.20870589186640964,ACBD7;CD38;ITPKB,0.6450909384961753
Parkinson disease,parkinson,weighted,endothelial cell,Endothelial and mural cells,Human Protein Atlas v25.1 single-nucleus brain; top 200 specificity-ranked AHBA genes per cluster type,3,123,200,1.906341463414634,0.20870589186640964,ELOVL7;MYLK2;PARP9,0.6450909384961753
Parkinson disease,parkinson,weighted,mammillary body,Neuronal cells,Human Protein Atlas v25.1 single-nucleus brain; top 200 specificity-ranked AHBA genes per cluster type,3,123,200,1.906341463414634,0.20870589186640964,RIT2;SNCA;STBD1,0.6450909384961753
Parkinson disease,parkinson,weighted,midbrain-derived inhibitory,Neuronal cells,Human Protein Atlas v25.1 single-nucleus brain; top 200 specificity-ranked AHBA genes per cluster type,3,123,200,1.906341463414634,0.20870589186640964,SIPA1L2;SV2C;TOX3,0.6450909384961753
Parkinson disease,parkinson,weighted,vascular associated smooth muscle cell,Endothelial and mural cells,Human Protein Atlas v25.1 single-nucleus brain; top 200 specificity-ranked AHBA genes per cluster type,3,123,200,1.906341463414634,0.20870589186640964,COX4I2;FOXS1;ITGA8,0.6450909384961753
Parkinson disease,parkinson,weighted,Bergmann glia,Glial cells,Human Protein Atlas v25.1 single-nucleus brain; top 200 specificity-ranked AHBA genes per cluster type,2,123,200,1.2708943089430895,0.4684625156654904,ACBD7;WNT3,0.6925098057663771
Parkinson disease,parkinson,weighted,amygdala excitatory,Neuronal cells,Human Protein Atlas v25.1 single-nucleus brain; top 200 specificity-ranked AHBA genes per cluster type,2,123,200,1.2708943089430895,0.4684625156654904,ASXL3;TOX3,0.6925098057663771
Parkinson disease,parkinson,weighted,central nervous system macrophage,Glial cells,Human Protein Atlas v25.1 single-nucleus brain; top 200 specificity-ranked AHBA genes per cluster type,2,123,200,1.2708943089430895,0.4684625156654904,FCGR2A;P2RY12,0.6925098057663771
Parkinson disease,parkinson,weighted,cerebellar inhibitory,Neuronal cells,Human Protein Atlas v25.1 single-nucleus brain; top 200 specificity-ranked AHBA genes per cluster type,2,123,200,1.2708943089430895,0.4684625156654904,FASN;RORA,0.6925098057663771
Parkinson disease,parkinson,weighted,choroid plexus epithelial cell,Ciliated cells,Human Protein Atlas v25.1 single-nucleus brain; top 200 specificity-ranked AHBA genes per cluster type,2,123,200,1.2708943089430895,0.4684625156654904,ITPKB;STK39,0.6925098057663771
Parkinson disease,parkinson,weighted,deep-layer corticothalamic and 6b,Neuronal cells,Human Protein Atlas v25.1 single-nucleus brain; top 200 specificity-ranked AHBA genes per cluster type,2,123,200,1.2708943089430895,0.4684625156654904,ASXL3;SH3GL2,0.6925098057663771
Parkinson disease,parkinson,weighted,deep-layer intratelencephalic,Neuronal cells,Human Protein Atlas v25.1 single-nucleus brain; top 200 specificity-ranked AHBA genes per cluster type,2,123,200,1.2708943089430895,0.4684625156654904,PRSS3;SH3GL2,0.6925098057663771
Parkinson disease,parkinson,weighted,deep-layer near-projecting,Neuronal cells,Human Protein Atlas v25.1 single-nucleus brain; top 200 specificity-ranked AHBA genes per cluster type,2,123,200,1.2708943089430895,0.4684625156654904,ASXL3;ITGA8,0.6925098057663771
Parkinson disease,parkinson,weighted,eccentric medium spiny neuron,Neuronal cells,Human Protein Atlas v25.1 single-nucleus brain; top 200 specificity-ranked AHBA genes per cluster type,2,123,200,1.2708943089430895,0.4684625156654904,B3GALT1;SV2C,0.6925098057663771
Parkinson disease,parkinson,weighted,fibroblast,Mesenchymal cells,Human Protein Atlas v25.1 single-nucleus brain; top 200 specificity-ranked AHBA genes per cluster type,2,123,200,1.2708943089430895,0.4684625156654904,GPNMB;PKP2,0.6925098057663771
Parkinson disease,parkinson,weighted,hippocampal CA1-3,Neuronal cells,Human Protein Atlas v25.1 single-nucleus brain; top 200 specificity-ranked AHBA genes per cluster type,2,123,200,1.2708943089430895,0.4684625156654904,CCSER1;ITGA8,0.6925098057663771
Parkinson disease,parkinson,weighted,oligodendrocyte precursor cell,Glial cells,Human Protein Atlas v25.1 single-nucleus brain; top 200 specificity-ranked AHBA genes per cluster type,2,123,200,1.2708943089430895,0.4684625156654904,HIP1R;LRRK2,0.6925098057663771
Parkinson disease,parkinson,weighted,MGE interneuron,Neuronal cells,Human Protein Atlas v25.1 single-nucleus brain; top 200 specificity-ranked AHBA genes per cluster type,1,123,200,0.6354471544715448,0.79609524216584,TOX3,0.9022412744546188
Parkinson disease,parkinson,weighted,hippocampal CA4,Neuronal cells,Human Protein Atlas v25.1 single-nucleus brain; top 200 specificity-ranked AHBA genes per cluster type,1,123,200,0.6354471544715448,0.79609524216584,RIMS1,0.9022412744546188
Parkinson disease,parkinson,weighted,leukocyte,Blood and immune cells,Human Protein Atlas v25.1 single-nucleus brain; top 200 specificity-ranked AHBA genes per cluster type,1,123,200,0.6354471544715448,0.79609524216584,SNX20,0.9022412744546188
Parkinson disease,parkinson,weighted,medium spiny neuron,Neuronal cells,Human Protein Atlas v25.1 single-nucleus brain; top 200 specificity-ranked AHBA genes per cluster type,1,123,200,0.6354471544715448,0.79609524216584,SV2C,0.9022412744546188
Parkinson disease,parkinson,weighted,miscellaneous,Neuronal cells,Human Protein Atlas v25.1 single-nucleus brain; top 200 specificity-ranked AHBA genes per cluster type,1,123,200,0.6354471544715448,0.79609524216584,RIT2,0.9022412744546188
Parkinson disease,parkinson,weighted,oligodendrocyte,Glial cells,Human Protein Atlas v25.1 single-nucleus brain; top 200 specificity-ranked AHBA genes per cluster type,1,123,200,0.6354471544715448,0.79609524216584,SLC45A3,0.9022412744546188
Parkinson disease,parkinson,weighted,upper-layer intratelencephalic,Neuronal cells,Human Protein Atlas v25.1 single-nucleus brain; top 200 specificity-ranked AHBA genes per cluster type,1,123,200,0.6354471544715448,0.79609524216584,ASXL3,0.9022412744546188
Parkinson disease,parkinson,weighted,ependymal cell,Ciliated cells,Human Protein Atlas v25.1 single-nucleus brain; top 200 specificity-ranked AHBA genes per cluster type,0,123,200,0.0,1.0,,1.0
Parkinson disease,parkinson,weighted,hippocampal dentate gyrus,Neuronal cells,Human Protein Atlas v25.1 single-nucleus brain; top 200 specificity-ranked AHBA genes per cluster type,0,123,200,0.0,1.0,,1.0
Parkinson disease,parkinson,weighted,lower rhombic lip,Neuronal cells,Human Protein Atlas v25.1 single-nucleus brain; top 200 specificity-ranked AHBA genes per cluster type,0,123,200,0.0,1.0,,1.0
Parkinson disease,parkinson,weighted,splatter,Neuronal cells,Human Protein Atlas v25.1 single-nucleus brain; top 200 specificity-ranked AHBA genes per cluster type,0,123,186,0.0,1.0,,1.0
Schizophrenia,schizophrenia,broad,hippocampal CA4,Neuronal cells,Human Protein Atlas v25.1 single-nucleus brain; top 200 specificity-ranked AHBA genes per cluster type,18,381,200,3.69259842519685,2.008477185991335e-06,B3GAT1;CACNA1I;CHRM3;DCC;EMB;EMX1;FOXG1;KCNQ5;KLHL2;OPCML;PLK2;PLXNA4;RIMS1;SCN3B;SMPD3;STUM;WSCD2;YJEFN3,6.828822432370538e-05
Schizophrenia,schizophrenia,broad,hippocampal CA1-3,Neuronal cells,Human Protein Atlas v25.1 single-nucleus brain; top 200 specificity-ranked AHBA genes per cluster type,15,381,200,3.0771653543307083,0.00011829512782317802,B3GAT1;BCL11B;BHLHE22;CNKSR2;EMX1;FOXG1;HCN1;NDST3;PLCH2;PLK2;SATB2;SMPD3;SPHKAP;TRPC4;WSCD2,0.002011017172994026
Schizophrenia,schizophrenia,broad,amygdala excitatory,Neuronal cells,Human Protein Atlas v25.1 single-nucleus brain; top 200 specificity-ranked AHBA genes per cluster type,14,381,200,2.8720209973753277,0.00040251720110887583,BRINP2;CACNA1I;CHRM3;CNKSR2;DPYD;KCNV1;NCAM2;NDST3;NEGR1;RAB27B;SCN3B;SHISA9;STUM;TRPC4,0.0034213962094254446
Schizophrenia,schizophrenia,broad,miscellaneous,Neuronal cells,Human Protein Atlas v25.1 single-nucleus brain; top 200 specificity-ranked AHBA genes per cluster type,14,381,200,2.8720209973753277,0.00040251720110887583,BCL11A;DCC;EMX1;FOXG1;GRIN2A;KCNQ5;KCNV1;NDST3;RAB27B;SATB2;SCN3B;SHISA9;TMTC1;TRPC4,0.0034213962094254446
Schizophrenia,schizophrenia,broad,mammillary body,Neuronal cells,Human Protein Atlas v25.1 single-nucleus brain; top 200 specificity-ranked AHBA genes per cluster type,13,381,200,2.666876640419947,0.0012736122586054848,ADCY2;BRINP2;CALN1;ENOX1;FAR2;FRMD5;IL1RAPL1;MGAT5;NDST3;NXPH1;PPARGC1A;SHISA9;SNCA,0.008660563358517297
Schizophrenia,schizophrenia,broad,upper-layer intratelencephalic,Neuronal cells,Human Protein Atlas v25.1 single-nucleus brain; top 200 specificity-ranked AHBA genes per cluster type,12,381,200,2.4617322834645665,0.003732648862706216,BRINP2;CHRM3;DOC2A;EMX1;GABBR2;KCNB1;KCNV1;NDST3;NGEF;RGS6;SATB2;STUM,0.021151676888668553
Schizophrenia,schizophrenia,broad,hippocampal dentate gyrus,Neuronal cells,Human Protein Atlas v25.1 single-nucleus brain; top 200 specificity-ranked AHBA genes per cluster type,11,381,200,2.2565879265091864,0.010088799590731834,CACNA1I;CNKSR2;EMX1;GRAMD1B;GRIN2A;GRM1;KLHL2;NCAM2;PLXNA4;SPHKAP;YJEFN3,0.04900274086926891
Schizophrenia,schizophrenia,broad,CGE interneuron,Neuronal cells,Human Protein Atlas v25.1 single-nucleus brain; top 200 specificity-ranked AHBA genes per cluster type,10,381,200,2.051443569553806,0.025028504015767165,CHRM3;CHRNA2;DLX1;DLX2;ELFN1;FOXG1;GRIN2A;KCNC2;SORCS3;YJEFN3,0.07736083059418941
Schizophrenia,schizophrenia,broad,LAMP5-LHX6 and Chandelier,Neuronal cells,Human Protein Atlas v25.1 single-nucleus brain; top 200 specificity-ranked AHBA genes per cluster type,10,381,200,2.051443569553806,0.025028504015767165,CA8;CPNE8;DLX1;DLX2;ELFN1;GRIN2A;KCNC2;METAP1D;NFIB;NXPH1,0.07736083059418941
Schizophrenia,schizophrenia,broad,MGE interneuron,Neuronal cells,Human Protein Atlas v25.1 single-nucleus brain; top 200 specificity-ranked AHBA genes per cluster type,10,381,200,2.051443569553806,0.025028504015767165,CACNA2D2;DLX1;DLX2;ELFN1;FRMD5;HCN1;KCNC2;NRXN3;NXPH1;TRPC4,0.07736083059418941
Schizophrenia,schizophrenia,broad,deep-layer corticothalamic and 6b,Neuronal cells,Human Protein Atlas v25.1 single-nucleus brain; top 200 specificity-ranked AHBA genes per cluster type,10,381,200,2.051443569553806,0.025028504015767165,BCL11A;CHRM3;EFNA5;EMX1;MMP16;NDFIP2;NGEF;SATB2;SCN3B;SORCS3,0.07736083059418941
Schizophrenia,schizophrenia,broad,deep-layer intratelencephalic,Neuronal cells,Human Protein Atlas v25.1 single-nucleus brain; top 200 specificity-ranked AHBA genes per cluster type,9,381,200,1.846299212598425,0.05669642164587702,CHRM3;DGKZ;DOC2A;EMX1;KCNV1;NGEF;RAB27B;SATB2;STUM,0.11339284329175404
Schizophrenia,schizophrenia,broad,deep-layer near-projecting,Neuronal cells,Human Protein Atlas v25.1 single-nucleus brain; top 200 specificity-ranked AHBA genes per cluster type,9,381,200,1.846299212598425,0.05669642164587702,ADCY2;BCL11A;BCL11B;CHRM2;CNTN4;FGFR1;PCDH17;PLK2;SATB2,0.11339284329175404
Schizophrenia,schizophrenia,broad,eccentric medium spiny neuron,Neuronal cells,Human Protein Atlas v25.1 single-nucleus brain; top 200 specificity-ranked AHBA genes per cluster type,9,381,200,1.846299212598425,0.05669642164587702,BCL11B;DLX2;DPYD;FOXG1;LRRN3;LUZP2;NGEF;SMPD3;WSCD2,0.11339284329175404
Schizophrenia,schizophrenia,broad,medium spiny neuron,Neuronal cells,Human Protein Atlas v25.1 single-nucleus brain; top 200 specificity-ranked AHBA genes per cluster type,9,381,200,1.846299212598425,0.05669642164587702,ACE;BCL11B;DCC;DRD2;KCNQ5;NDST3;NGEF;PLCB2;SMPD3,0.11339284329175404
Schizophrenia,schizophrenia,broad,midbrain-derived inhibitory,Neuronal cells,Human Protein Atlas v25.1 single-nucleus brain; top 200 specificity-ranked AHBA genes per cluster type,9,381,200,1.846299212598425,0.05669642164587702,ADGRB1;CACNA1D;CACNA2D2;CHRM2;CNTN4;NRXN3;RGS6;SPHKAP;TMCC3,0.11339284329175404
Schizophrenia,schizophrenia,broad,oligodendrocyte precursor cell,Glial cells,Human Protein Atlas v25.1 single-nucleus brain; top 200 specificity-ranked AHBA genes per cluster type,9,381,200,1.846299212598425,0.05669642164587702,ANGPTL2;ASB5;ASIC1;CA8;EPN2;LUZP2;MMP16;NLGN4X;NXPH1,0.11339284329175404
Schizophrenia,schizophrenia,broad,cerebellar inhibitory,Neuronal cells,Human Protein Atlas v25.1 single-nucleus brain; top 200 specificity-ranked AHBA genes per cluster type,8,381,200,1.6411548556430444,0.11663092728128133,BHLHE22;CACNA1D;CACNA2D2;CHRNA2;GRM1;NXPH1;RORA;SORCS3,0.22030286264242027
Schizophrenia,schizophrenia,broad,thalamic excitatory,Neuronal cells,Human Protein Atlas v25.1 single-nucleus brain; top 200 specificity-ranked AHBA genes per cluster type,7,381,200,1.4360104986876638,0.21666181812537513,CHRM3;CHRNA2;CNTN4;KCNC2;NXPH1;PLCH2;TMEM163,0.38771062190856603
Schizophrenia,schizophrenia,broad,splatter,Neuronal cells,Human Protein Atlas v25.1 single-nucleus brain; top 200 specificity-ranked AHBA genes per cluster type,6,381,186,1.3235119803572941,0.30126905074335986,CACNA2D2;CHRM2;CHRNA2;ELFN1;NXPH1;QPCT,0.5121573862637118
Schizophrenia,schizophrenia,broad,committed oligodendrocyte precursor,Glial cells,Human Protein Atlas v25.1 single-nucleus brain; top 200 specificity-ranked AHBA genes per cluster type,6,381,200,1.2308661417322833,0.36159454775166505,ANGPTL2;FRMD5;MMP16;PPP1R16B;RNF122;TMEM163,0.5588279374343914
Schizophrenia,schizophrenia,broad,upper rhombic lip,Neuronal cells,Human Protein Atlas v25.1 single-nucleus brain; top 200 specificity-ranked AHBA genes per cluster type,6,381,200,1.2308661417322833,0.36159454775166505,CALN1;CXXC5;RIMS1;RNF122;TMEM163;WSCD2,0.5588279374343914
Schizophrenia,schizophrenia,broad,Bergmann glia,Glial cells,Human Protein Atlas v25.1 single-nucleus brain; top 200 specificity-ranked AHBA genes per cluster type,5,381,200,1.025721784776903,0.5401749168173814,MDK;NPAS3;PTN;SCARA3;ZFYVE21,0.7063825835304218
Schizophrenia,schizophrenia,broad,astrocyte,Glial cells,Human Protein Atlas v25.1 single-nucleus brain; top 200 specificity-ranked AHBA genes per cluster type,5,381,200,1.025721784776903,0.5401749168173814,ADGRV1;CLU;NAA11;PSD2;SCARA3,0.7063825835304218
Schizophrenia,schizophrenia,broad,endothelial cell,Endothelial and mural cells,Human Protein Atlas v25.1 single-nucleus brain; top 200 specificity-ranked AHBA genes per cluster type,5,381,200,1.025721784776903,0.5401749168173814,ABCB1;ESAM;PODXL;SLC19A3;SLC39A8,0.7063825835304218
Schizophrenia,schizophrenia,broad,pericyte,Endothelial and mural cells,Human Protein Atlas v25.1 single-nucleus brain; top 200 specificity-ranked AHBA genes per cluster type,5,381,200,1.025721784776903,0.5401749168173814,ESAM;GRM3;PTN;SERPING1;SH3RF1,0.7063825835304218
Schizophrenia,schizophrenia,broad,choroid plexus epithelial cell,Ciliated cells,Human Protein Atlas v25.1 single-nucleus brain; top 200 specificity-ranked AHBA genes per cluster type,4,381,200,0.8205774278215222,0.7221097701610053,ADGRV1;DMRTA1;PPARGC1A;SLC39A12,0.8466114546715235
Schizophrenia,schizophrenia,broad,fibroblast,Mesenchymal cells,Human Protein Atlas v25.1 single-nucleus brain; top 200 specificity-ranked AHBA genes per cluster type,4,381,200,0.8205774278215222,0.7221097701610053,FGD6;LEPR;PTN;SERPING1,0.8466114546715235
Schizophrenia,schizophrenia,broad,lower rhombic lip,Neuronal cells,Human Protein Atlas v25.1 single-nucleus brain; top 200 specificity-ranked AHBA genes per cluster type,4,381,200,0.8205774278215222,0.7221097701610053,CHRM2;FANCL;KCNQ5;RGS6,0.8466114546715235
Schizophrenia,schizophrenia,broad,ependymal cell,Ciliated cells,Human Protein Atlas v25.1 single-nucleus brain; top 200 specificity-ranked AHBA genes per cluster type,3,381,200,0.6154330708661416,0.8692388877227523,CLU;DOC2A;NAA11,0.9851374060857859
Schizophrenia,schizophrenia,broad,oligodendrocyte,Glial cells,Human Protein Atlas v25.1 single-nucleus brain; top 200 specificity-ranked AHBA genes per cluster type,2,381,200,0.4102887139107611,0.9577845715707788,MAN2A1;VRK2,0.9930365731302696
Schizophrenia,schizophrenia,broad,vascular associated smooth muscle cell,Endothelial and mural cells,Human Protein Atlas v25.1 single-nucleus brain; top 200 specificity-ranked AHBA genes per cluster type,2,381,200,0.4102887139107611,0.9577845715707788,ESAM;MYO1C,0.9930365731302696
Schizophrenia,schizophrenia,broad,central nervous system macrophage,Glial cells,Human Protein Atlas v25.1 single-nucleus brain; top 200 specificity-ranked AHBA genes per cluster type,1,381,200,0.20514435695538055,0.9930365731302696,PLCB2,0.9930365731302696
Schizophrenia,schizophrenia,broad,leukocyte,Blood and immune cells,Human Protein Atlas v25.1 single-nucleus brain; top 200 specificity-ranked AHBA genes per cluster type,1,381,200,0.20514435695538055,0.9930365731302696,EMB,0.9930365731302696
Schizophrenia,schizophrenia,stringent,hippocampal CA1-3,Neuronal cells,Human Protein Atlas v25.1 single-nucleus brain; top 200 specificity-ranked AHBA genes per cluster type,11,107,200,8.035140186915887,1.2128625571752427e-07,BCL11B;BHLHE22;CNKSR2;EMX1;FOXG1;HCN1;NDST3;PLK2;SPHKAP;TRPC4;WSCD2,4.1237326943958255e-06
Schizophrenia,schizophrenia,stringent,hippocampal CA4,Neuronal cells,Human Protein Atlas v25.1 single-nucleus brain; top 200 specificity-ranked AHBA genes per cluster type,10,107,200,7.304672897196261,1.1230704723525e-06,CACNA1I;CHRM3;EMB;EMX1;FOXG1;KCNQ5;OPCML;PLK2;STUM;WSCD2,1.9092198029992503e-05
Schizophrenia,schizophrenia,stringent,mammillary body,Neuronal cells,Human Protein Atlas v25.1 single-nucleus brain; top 200 specificity-ranked AHBA genes per cluster type,9,107,200,6.574205607476634,9.330336719866838e-06,ADCY2;BRINP2;CALN1;ENOX1;IL1RAPL1;MGAT5;NDST3;NXPH1;SNCA,0.00010574381615849083
Schizophrenia,schizophrenia,stringent,amygdala excitatory,Neuronal cells,Human Protein Atlas v25.1 single-nucleus brain; top 200 specificity-ranked AHBA genes per cluster type,8,107,200,5.843738317757008,6.891850937109076e-05,BRINP2;CACNA1I;CHRM3;CNKSR2;DPYD;NDST3;STUM;TRPC4,0.0003905382197695143
Schizophrenia,schizophrenia,stringent,miscellaneous,Neuronal cells,Human Protein Atlas v25.1 single-nucleus brain; top 200 specificity-ranked AHBA genes per cluster type,8,107,200,5.843738317757008,6.891850937109076e-05,BCL11A;EMX1;FOXG1;GRIN2A;KCNQ5;NDST3;TMTC1;TRPC4,0.0003905382197695143
Schizophrenia,schizophrenia,stringent,upper-layer intratelencephalic,Neuronal cells,Human Protein Atlas v25.1 single-nucleus brain; top 200 specificity-ranked AHBA genes per cluster type,8,107,200,5.843738317757008,6.891850937109076e-05,BRINP2;CHRM3;EMX1;GABBR2;KCNB1;NDST3;RGS6;STUM,0.0003905382197695143
Schizophrenia,schizophrenia,stringent,hippocampal dentate gyrus,Neuronal cells,Human Protein Atlas v25.1 single-nucleus brain; top 200 specificity-ranked AHBA genes per cluster type,7,107,200,5.113271028037382,0.0004476399399456881,CACNA1I;CNKSR2;EMX1;GRAMD1B;GRIN2A;GRM1;SPHKAP,0.0021742511368790566
Schizophrenia,schizophrenia,stringent,deep-layer corticothalamic and 6b,Neuronal cells,Human Protein Atlas v25.1 single-nucleus brain; top 200 specificity-ranked AHBA genes per cluster type,6,107,200,4.382803738317756,0.002522045309701129,BCL11A;CHRM3;EFNA5;EMX1;MMP16;SORCS3,0.008574954052983839
Schizophrenia,schizophrenia,stringent,deep-layer near-projecting,Neuronal cells,Human Protein Atlas v25.1 single-nucleus brain; top 200 specificity-ranked AHBA genes per cluster type,6,107,200,4.382803738317756,0.002522045309701129,ADCY2;BCL11A;BCL11B;CNTN4;PCDH17;PLK2,0.008574954052983839
Schizophrenia,schizophrenia,stringent,medium spiny neuron,Neuronal cells,Human Protein Atlas v25.1 single-nucleus brain; top 200 specificity-ranked AHBA genes per cluster type,6,107,200,4.382803738317756,0.002522045309701129,ACE;BCL11B;DRD2;KCNQ5;NDST3;PLCB2,0.008574954052983839
Schizophrenia,schizophrenia,stringent,CGE interneuron,Neuronal cells,Human Protein Atlas v25.1 single-nucleus brain; top 200 specificity-ranked AHBA genes per cluster type,5,107,200,3.6523364485981307,0.012115622601924548,CHRM3;DLX1;FOXG1;GRIN2A;SORCS3,0.02942365489038819
Schizophrenia,schizophrenia,stringent,MGE interneuron,Neuronal cells,Human Protein Atlas v25.1 single-nucleus brain; top 200 specificity-ranked AHBA genes per cluster type,5,107,200,3.6523364485981307,0.012115622601924548,DLX1;HCN1;NRXN3;NXPH1;TRPC4,0.02942365489038819
Schizophrenia,schizophrenia,stringent,eccentric medium spiny neuron,Neuronal cells,Human Protein Atlas v25.1 single-nucleus brain; top 200 specificity-ranked AHBA genes per cluster type,5,107,200,3.6523364485981307,0.012115622601924548,BCL11B;DPYD;FOXG1;LUZP2;WSCD2,0.02942365489038819
Schizophrenia,schizophrenia,stringent,midbrain-derived inhibitory,Neuronal cells,Human Protein Atlas v25.1 single-nucleus brain; top 200 specificity-ranked AHBA genes per cluster type,5,107,200,3.6523364485981307,0.012115622601924548,CNTN4;NRXN3;RGS6;SPHKAP;TMCC3,0.02942365489038819
Schizophrenia,schizophrenia,stringent,cerebellar inhibitory,Neuronal cells,Human Protein Atlas v25.1 single-nucleus brain; top 200 specificity-ranked AHBA genes per cluster type,4,107,200,2.921869158878504,0.048540612667752135,BHLHE22;GRM1;NXPH1;SORCS3,0.10314880191897328
Schizophrenia,schizophrenia,stringent,oligodendrocyte precursor cell,Glial cells,Human Protein Atlas v25.1 single-nucleus brain; top 200 specificity-ranked AHBA genes per cluster type,4,107,200,2.921869158878504,0.048540612667752135,LUZP2;MMP16;NLGN4X;NXPH1,0.10314880191897328
Schizophrenia,schizophrenia,stringent,LAMP5-LHX6 and Chandelier,Neuronal cells,Human Protein Atlas v25.1 single-nucleus brain; top 200 specificity-ranked AHBA genes per cluster type,3,107,200,2.191401869158878,0.15755245818104166,DLX1;GRIN2A;NXPH1,0.2678391789077708
Schizophrenia,schizophrenia,stringent,deep-layer intratelencephalic,Neuronal cells,Human Protein Atlas v25.1 single-nucleus brain; top 200 specificity-ranked AHBA genes per cluster type,3,107,200,2.191401869158878,0.15755245818104166,CHRM3;EMX1;STUM,0.2678391789077708
Schizophrenia,schizophrenia,stringent,thalamic excitatory,Neuronal cells,Human Protein Atlas v25.1 single-nucleus brain; top 200 specificity-ranked AHBA genes per cluster type,3,107,200,2.191401869158878,0.15755245818104166,CHRM3;CNTN4;NXPH1,0.2678391789077708
Schizophrenia,schizophrenia,stringent,upper rhombic lip,Neuronal cells,Human Protein Atlas v25.1 single-nucleus brain; top 200 specificity-ranked AHBA genes per cluster type,3,107,200,2.191401869158878,0.15755245818104166,CALN1;CXXC5;WSCD2,0.2678391789077708
Schizophrenia,schizophrenia,stringent,endothelial cell,Endothelial and mural cells,Human Protein Atlas v25.1 single-nucleus brain; top 200 specificity-ranked AHBA genes per cluster type,2,107,200,1.460934579439252,0.3986684131633944,ESAM;SLC39A8,0.5647802519814754
Schizophrenia,schizophrenia,stringent,lower rhombic lip,Neuronal cells,Human Protein Atlas v25.1 single-nucleus brain; top 200 specificity-ranked AHBA genes per cluster type,2,107,200,1.460934579439252,0.3986684131633944,KCNQ5;RGS6,0.5647802519814754
Schizophrenia,schizophrenia,stringent,oligodendrocyte,Glial cells,Human Protein Atlas v25.1 single-nucleus brain; top 200 specificity-ranked AHBA genes per cluster type,2,107,200,1.460934579439252,0.3986684131633944,MAN2A1;VRK2,0.5647802519814754
Schizophrenia,schizophrenia,stringent,pericyte,Endothelial and mural cells,Human Protein Atlas v25.1 single-nucleus brain; top 200 specificity-ranked AHBA genes per cluster type,2,107,200,1.460934579439252,0.3986684131633944,ESAM;GRM3,0.5647802519814754
Schizophrenia,schizophrenia,stringent,splatter,Neuronal cells,Human Protein Atlas v25.1 single-nucleus brain; top 200 specificity-ranked AHBA genes per cluster type,1,107,186,0.7854486986232538,0.723399583339211,NXPH1,0.8489351153631713
Schizophrenia,schizophrenia,stringent,central nervous system macrophage,Glial cells,Human Protein Atlas v25.1 single-nucleus brain; top 200 specificity-ranked AHBA genes per cluster type,1,107,200,0.730467289719626,0.7490603959086806,PLCB2,0.8489351153631713
Schizophrenia,schizophrenia,stringent,choroid plexus epithelial cell,Ciliated cells,Human Protein Atlas v25.1 single-nucleus brain; top 200 specificity-ranked AHBA genes per cluster type,1,107,200,0.730467289719626,0.7490603959086806,DMRTA1,0.8489351153631713
Schizophrenia,schizophrenia,stringent,committed oligodendrocyte precursor,Glial cells,Human Protein Atlas v25.1 single-nucleus brain; top 200 specificity-ranked AHBA genes per cluster type,1,107,200,0.730467289719626,0.7490603959086806,MMP16,0.8489351153631713
Schizophrenia,schizophrenia,stringent,leukocyte,Blood and immune cells,Human Protein Atlas v25.1 single-nucleus brain; top 200 specificity-ranked AHBA genes per cluster type,1,107,200,0.730467289719626,0.7490603959086806,EMB,0.8489351153631713
Schizophrenia,schizophrenia,stringent,vascular associated smooth muscle cell,Endothelial and mural cells,Human Protein Atlas v25.1 single-nucleus brain; top 200 specificity-ranked AHBA genes per cluster type,1,107,200,0.730467289719626,0.7490603959086806,ESAM,0.8489351153631713
Schizophrenia,schizophrenia,stringent,Bergmann glia,Glial cells,Human Protein Atlas v25.1 single-nucleus brain; top 200 specificity-ranked AHBA genes per cluster type,0,107,200,0.0,1.0,,1.0
Schizophrenia,schizophrenia,stringent,astrocyte,Glial cells,Human Protein Atlas v25.1 single-nucleus brain; top 200 specificity-ranked AHBA genes per cluster type,0,107,200,0.0,1.0,,1.0
Schizophrenia,schizophrenia,stringent,ependymal cell,Ciliated cells,Human Protein Atlas v25.1 single-nucleus brain; top 200 specificity-ranked AHBA genes per cluster type,0,107,200,0.0,1.0,,1.0
Schizophrenia,schizophrenia,stringent,fibroblast,Mesenchymal cells,Human Protein Atlas v25.1 single-nucleus brain; top 200 specificity-ranked AHBA genes per cluster type,0,107,200,0.0,1.0,,1.0
Schizophrenia,schizophrenia,weighted,hippocampal CA4,Neuronal cells,Human Protein Atlas v25.1 single-nucleus brain; top 200 specificity-ranked AHBA genes per cluster type,18,381,200,3.69259842519685,2.008477185991335e-06,B3GAT1;CACNA1I;CHRM3;DCC;EMB;EMX1;FOXG1;KCNQ5;KLHL2;OPCML;PLK2;PLXNA4;RIMS1;SCN3B;SMPD3;STUM;WSCD2;YJEFN3,6.828822432370538e-05
Schizophrenia,schizophrenia,weighted,hippocampal CA1-3,Neuronal cells,Human Protein Atlas v25.1 single-nucleus brain; top 200 specificity-ranked AHBA genes per cluster type,15,381,200,3.0771653543307083,0.00011829512782317802,B3GAT1;BCL11B;BHLHE22;CNKSR2;EMX1;FOXG1;HCN1;NDST3;PLCH2;PLK2;SATB2;SMPD3;SPHKAP;TRPC4;WSCD2,0.002011017172994026
Schizophrenia,schizophrenia,weighted,amygdala excitatory,Neuronal cells,Human Protein Atlas v25.1 single-nucleus brain; top 200 specificity-ranked AHBA genes per cluster type,14,381,200,2.8720209973753277,0.00040251720110887583,BRINP2;CACNA1I;CHRM3;CNKSR2;DPYD;KCNV1;NCAM2;NDST3;NEGR1;RAB27B;SCN3B;SHISA9;STUM;TRPC4,0.0034213962094254446
Schizophrenia,schizophrenia,weighted,miscellaneous,Neuronal cells,Human Protein Atlas v25.1 single-nucleus brain; top 200 specificity-ranked AHBA genes per cluster type,14,381,200,2.8720209973753277,0.00040251720110887583,BCL11A;DCC;EMX1;FOXG1;GRIN2A;KCNQ5;KCNV1;NDST3;RAB27B;SATB2;SCN3B;SHISA9;TMTC1;TRPC4,0.0034213962094254446
Schizophrenia,schizophrenia,weighted,mammillary body,Neuronal cells,Human Protein Atlas v25.1 single-nucleus brain; top 200 specificity-ranked AHBA genes per cluster type,13,381,200,2.666876640419947,0.0012736122586054848,ADCY2;BRINP2;CALN1;ENOX1;FAR2;FRMD5;IL1RAPL1;MGAT5;NDST3;NXPH1;PPARGC1A;SHISA9;SNCA,0.008660563358517297
Schizophrenia,schizophrenia,weighted,upper-layer intratelencephalic,Neuronal cells,Human Protein Atlas v25.1 single-nucleus brain; top 200 specificity-ranked AHBA genes per cluster type,12,381,200,2.4617322834645665,0.003732648862706216,BRINP2;CHRM3;DOC2A;EMX1;GABBR2;KCNB1;KCNV1;NDST3;NGEF;RGS6;SATB2;STUM,0.021151676888668553
Schizophrenia,schizophrenia,weighted,hippocampal dentate gyrus,Neuronal cells,Human Protein Atlas v25.1 single-nucleus brain; top 200 specificity-ranked AHBA genes per cluster type,11,381,200,2.2565879265091864,0.010088799590731834,CACNA1I;CNKSR2;EMX1;GRAMD1B;GRIN2A;GRM1;KLHL2;NCAM2;PLXNA4;SPHKAP;YJEFN3,0.04900274086926891
Schizophrenia,schizophrenia,weighted,CGE interneuron,Neuronal cells,Human Protein Atlas v25.1 single-nucleus brain; top 200 specificity-ranked AHBA genes per cluster type,10,381,200,2.051443569553806,0.025028504015767165,CHRM3;CHRNA2;DLX1;DLX2;ELFN1;FOXG1;GRIN2A;KCNC2;SORCS3;YJEFN3,0.07736083059418941
Schizophrenia,schizophrenia,weighted,LAMP5-LHX6 and Chandelier,Neuronal cells,Human Protein Atlas v25.1 single-nucleus brain; top 200 specificity-ranked AHBA genes per cluster type,10,381,200,2.051443569553806,0.025028504015767165,CA8;CPNE8;DLX1;DLX2;ELFN1;GRIN2A;KCNC2;METAP1D;NFIB;NXPH1,0.07736083059418941
Schizophrenia,schizophrenia,weighted,MGE interneuron,Neuronal cells,Human Protein Atlas v25.1 single-nucleus brain; top 200 specificity-ranked AHBA genes per cluster type,10,381,200,2.051443569553806,0.025028504015767165,CACNA2D2;DLX1;DLX2;ELFN1;FRMD5;HCN1;KCNC2;NRXN3;NXPH1;TRPC4,0.07736083059418941
Schizophrenia,schizophrenia,weighted,deep-layer corticothalamic and 6b,Neuronal cells,Human Protein Atlas v25.1 single-nucleus brain; top 200 specificity-ranked AHBA genes per cluster type,10,381,200,2.051443569553806,0.025028504015767165,BCL11A;CHRM3;EFNA5;EMX1;MMP16;NDFIP2;NGEF;SATB2;SCN3B;SORCS3,0.07736083059418941
Schizophrenia,schizophrenia,weighted,deep-layer intratelencephalic,Neuronal cells,Human Protein Atlas v25.1 single-nucleus brain; top 200 specificity-ranked AHBA genes per cluster type,9,381,200,1.846299212598425,0.05669642164587702,CHRM3;DGKZ;DOC2A;EMX1;KCNV1;NGEF;RAB27B;SATB2;STUM,0.11339284329175404
Schizophrenia,schizophrenia,weighted,deep-layer near-projecting,Neuronal cells,Human Protein Atlas v25.1 single-nucleus brain; top 200 specificity-ranked AHBA genes per cluster type,9,381,200,1.846299212598425,0.05669642164587702,ADCY2;BCL11A;BCL11B;CHRM2;CNTN4;FGFR1;PCDH17;PLK2;SATB2,0.11339284329175404
Schizophrenia,schizophrenia,weighted,eccentric medium spiny neuron,Neuronal cells,Human Protein Atlas v25.1 single-nucleus brain; top 200 specificity-ranked AHBA genes per cluster type,9,381,200,1.846299212598425,0.05669642164587702,BCL11B;DLX2;DPYD;FOXG1;LRRN3;LUZP2;NGEF;SMPD3;WSCD2,0.11339284329175404
Schizophrenia,schizophrenia,weighted,medium spiny neuron,Neuronal cells,Human Protein Atlas v25.1 single-nucleus brain; top 200 specificity-ranked AHBA genes per cluster type,9,381,200,1.846299212598425,0.05669642164587702,ACE;BCL11B;DCC;DRD2;KCNQ5;NDST3;NGEF;PLCB2;SMPD3,0.11339284329175404
Schizophrenia,schizophrenia,weighted,midbrain-derived inhibitory,Neuronal cells,Human Protein Atlas v25.1 single-nucleus brain; top 200 specificity-ranked AHBA genes per cluster type,9,381,200,1.846299212598425,0.05669642164587702,ADGRB1;CACNA1D;CACNA2D2;CHRM2;CNTN4;NRXN3;RGS6;SPHKAP;TMCC3,0.11339284329175404
Schizophrenia,schizophrenia,weighted,oligodendrocyte precursor cell,Glial cells,Human Protein Atlas v25.1 single-nucleus brain; top 200 specificity-ranked AHBA genes per cluster type,9,381,200,1.846299212598425,0.05669642164587702,ANGPTL2;ASB5;ASIC1;CA8;EPN2;LUZP2;MMP16;NLGN4X;NXPH1,0.11339284329175404
Schizophrenia,schizophrenia,weighted,cerebellar inhibitory,Neuronal cells,Human Protein Atlas v25.1 single-nucleus brain; top 200 specificity-ranked AHBA genes per cluster type,8,381,200,1.6411548556430444,0.11663092728128133,BHLHE22;CACNA1D;CACNA2D2;CHRNA2;GRM1;NXPH1;RORA;SORCS3,0.22030286264242027
Schizophrenia,schizophrenia,weighted,thalamic excitatory,Neuronal cells,Human Protein Atlas v25.1 single-nucleus brain; top 200 specificity-ranked AHBA genes per cluster type,7,381,200,1.4360104986876638,0.21666181812537513,CHRM3;CHRNA2;CNTN4;KCNC2;NXPH1;PLCH2;TMEM163,0.38771062190856603
Schizophrenia,schizophrenia,weighted,splatter,Neuronal cells,Human Protein Atlas v25.1 single-nucleus brain; top 200 specificity-ranked AHBA genes per cluster type,6,381,186,1.3235119803572941,0.30126905074335986,CACNA2D2;CHRM2;CHRNA2;ELFN1;NXPH1;QPCT,0.5121573862637118
Schizophrenia,schizophrenia,weighted,committed oligodendrocyte precursor,Glial cells,Human Protein Atlas v25.1 single-nucleus brain; top 200 specificity-ranked AHBA genes per cluster type,6,381,200,1.2308661417322833,0.36159454775166505,ANGPTL2;FRMD5;MMP16;PPP1R16B;RNF122;TMEM163,0.5588279374343914
Schizophrenia,schizophrenia,weighted,upper rhombic lip,Neuronal cells,Human Protein Atlas v25.1 single-nucleus brain; top 200 specificity-ranked AHBA genes per cluster type,6,381,200,1.2308661417322833,0.36159454775166505,CALN1;CXXC5;RIMS1;RNF122;TMEM163;WSCD2,0.5588279374343914
Schizophrenia,schizophrenia,weighted,Bergmann glia,Glial cells,Human Protein Atlas v25.1 single-nucleus brain; top 200 specificity-ranked AHBA genes per cluster type,5,381,200,1.025721784776903,0.5401749168173814,MDK;NPAS3;PTN;SCARA3;ZFYVE21,0.7063825835304218
Schizophrenia,schizophrenia,weighted,astrocyte,Glial cells,Human Protein Atlas v25.1 single-nucleus brain; top 200 specificity-ranked AHBA genes per cluster type,5,381,200,1.025721784776903,0.5401749168173814,ADGRV1;CLU;NAA11;PSD2;SCARA3,0.7063825835304218
Schizophrenia,schizophrenia,weighted,endothelial cell,Endothelial and mural cells,Human Protein Atlas v25.1 single-nucleus brain; top 200 specificity-ranked AHBA genes per cluster type,5,381,200,1.025721784776903,0.5401749168173814,ABCB1;ESAM;PODXL;SLC19A3;SLC39A8,0.7063825835304218
Schizophrenia,schizophrenia,weighted,pericyte,Endothelial and mural cells,Human Protein Atlas v25.1 single-nucleus brain; top 200 specificity-ranked AHBA genes per cluster type,5,381,200,1.025721784776903,0.5401749168173814,ESAM;GRM3;PTN;SERPING1;SH3RF1,0.7063825835304218
Schizophrenia,schizophrenia,weighted,choroid plexus epithelial cell,Ciliated cells,Human Protein Atlas v25.1 single-nucleus brain; top 200 specificity-ranked AHBA genes per cluster type,4,381,200,0.8205774278215222,0.7221097701610053,ADGRV1;DMRTA1;PPARGC1A;SLC39A12,0.8466114546715235
Schizophrenia,schizophrenia,weighted,fibroblast,Mesenchymal cells,Human Protein Atlas v25.1 single-nucleus brain; top 200 specificity-ranked AHBA genes per cluster type,4,381,200,0.8205774278215222,0.7221097701610053,FGD6;LEPR;PTN;SERPING1,0.8466114546715235
Schizophrenia,schizophrenia,weighted,lower rhombic lip,Neuronal cells,Human Protein Atlas v25.1 single-nucleus brain; top 200 specificity-ranked AHBA genes per cluster type,4,381,200,0.8205774278215222,0.7221097701610053,CHRM2;FANCL;KCNQ5;RGS6,0.8466114546715235
Schizophrenia,schizophrenia,weighted,ependymal cell,Ciliated cells,Human Protein Atlas v25.1 single-nucleus brain; top 200 specificity-ranked AHBA genes per cluster type,3,381,200,0.6154330708661416,0.8692388877227523,CLU;DOC2A;NAA11,0.9851374060857859
Schizophrenia,schizophrenia,weighted,oligodendrocyte,Glial cells,Human Protein Atlas v25.1 single-nucleus brain; top 200 specificity-ranked AHBA genes per cluster type,2,381,200,0.4102887139107611,0.9577845715707788,MAN2A1;VRK2,0.9930365731302696
Schizophrenia,schizophrenia,weighted,vascular associated smooth muscle cell,Endothelial and mural cells,Human Protein Atlas v25.1 single-nucleus brain; top 200 specificity-ranked AHBA genes per cluster type,2,381,200,0.4102887139107611,0.9577845715707788,ESAM;MYO1C,0.9930365731302696
Schizophrenia,schizophrenia,weighted,central nervous system macrophage,Glial cells,Human Protein Atlas v25.1 single-nucleus brain; top 200 specificity-ranked AHBA genes per cluster type,1,381,200,0.20514435695538055,0.9930365731302696,PLCB2,0.9930365731302696
Schizophrenia,schizophrenia,weighted,leukocyte,Blood and immune cells,Human Protein Atlas v25.1 single-nucleus brain; top 200 specificity-ranked AHBA genes per cluster type,1,381,200,0.20514435695538055,0.9930365731302696,EMB,0.9930365731302696
