disease,disease_id,gene_set,region_id,region,z_score,gene_set_fdr,spatial_null_p,spatial_null_fdr,spatial_robustness,robustness_rank,spatially_robust,n_spatial_permutations,donor_median_rank_percentile,donor_rank_iqr,donors_observed
Parkinson disease,parkinson,broad,1,Precentral L,-0.9200387706346447,0.9936028619360286,0.8254174582541746,0.9777158647771587,0.17458254174582544,109,False,10000,0.5044471153846154,0.19707467431761783,6
Parkinson disease,parkinson,broad,2,Precentral R,-0.9544165630081571,0.9936028619360286,0.8492150784921508,0.9777158647771587,0.15078492150784917,116,False,10000,0.3451923076923077,0.029807692307692313,2
Parkinson disease,parkinson,broad,3,Frontal Sup 2 L,1.652901707128071,0.4765123487651235,0.0821917808219178,0.8384690942670439,0.9178082191780822,11,False,10000,0.5483870967741935,0.40614143920595536,6
Parkinson disease,parkinson,broad,4,Frontal Sup 2 R,1.8644032689492007,0.4765123487651235,0.0683931606839316,0.8384690942670439,0.9316068393160684,9,False,10000,0.6410456730769231,0.19489182692307694,2
Parkinson disease,parkinson,broad,5,Frontal Mid 2 L,-0.28557974936476627,0.9410658934106589,0.6264373562643736,0.9542045795420457,0.3735626437356264,90,False,10000,0.5769230769230769,0.22047146401985107,6
Parkinson disease,parkinson,broad,6,Frontal Mid 2 R,-1.0162453666351496,0.9936028619360286,0.8298170182981702,0.9777158647771587,0.17018298170182977,110,False,10000,0.3774639423076923,0.1928485576923077,2
Parkinson disease,parkinson,broad,7,Frontal Inf Oper L,-0.14071542587718075,0.9198545261752894,0.56994300569943,0.9379814959680504,0.43005699430057,82,False,10000,0.3387096774193548,0.3038461538461538,3
Parkinson disease,parkinson,broad,8,Frontal Inf Oper R,-1.518176988937131,0.9936028619360286,0.9453054694530547,0.9788903462594917,0.054694530546945286,133,False,10000,0.2775841346153846,0.1916466346153846,2
Parkinson disease,parkinson,broad,9,Frontal Inf Tri L,-0.722509989384574,0.9936028619360286,0.7417258274172582,0.9777158647771587,0.25827417258274177,100,False,10000,0.7126802884615384,0.3466375232630272,6
Parkinson disease,parkinson,broad,10,Frontal Inf Tri R,-1.2392620940822934,0.9936028619360286,0.8447155284471553,0.9777158647771587,0.15528447155284475,114,False,10000,0.47061298076923075,0.2090745192307692,2
Parkinson disease,parkinson,broad,11,Frontal Inf Orb 2 L,1.1457541613131619,0.6434245464342455,0.17028297170282972,0.8701578821709666,0.8297170282971703,24,False,10000,0.7358774038461539,0.2558826380272953,6
Parkinson disease,parkinson,broad,12,Frontal Inf Orb 2 R,-1.3319979333749552,0.9936028619360286,0.8901109889011098,0.9777158647771587,0.10988901109889015,120,False,10000,0.5332932692307693,0.20516826923076925,2
Parkinson disease,parkinson,broad,13,Rolandic Oper L,1.6490568098444234,0.4765123487651235,0.09869013098690131,0.8384690942670439,0.9013098690130987,16,False,10000,0.5800248138957816,0.3503722084367246,6
Parkinson disease,parkinson,broad,14,Rolandic Oper R,-0.5557695647910084,0.9936028619360286,0.7088291170882912,0.9777158647771587,0.2911708829117088,97,False,10000,0.7711538461538461,0.02115384615384619,2
Parkinson disease,parkinson,broad,15,Supp Motor Area L,0.6373779396846749,0.7490679503478223,0.273972602739726,0.8701578821709666,0.726027397260274,39,False,10000,0.5946650124069479,0.5065136476426799,6
Parkinson disease,parkinson,broad,16,Supp Motor Area R,-0.23513826409196384,0.9304660443046605,0.6108389161083891,0.9471434878984012,0.38916108389161086,89,False,10000,0.41532451923076924,0.07686298076923082,2
Parkinson disease,parkinson,broad,17,Olfactory L,-0.8075765541178449,0.9936028619360286,0.7486251374862514,0.9777158647771587,0.25137486251374863,101,False,10000,0.2884615384615385,0.4245318315756824,4
Parkinson disease,parkinson,broad,18,Olfactory R,-1.7510661232987124,0.9936028619360286,0.9334066593340666,0.9777158647771587,0.06659334066593336,131,False,10000,0.11316105769230769,0.0977764423076923,2
Parkinson disease,parkinson,broad,19,Frontal Sup Medial L,-0.09844240379675753,0.9198545261752894,0.5508449155084492,0.9379814959680504,0.44915508449155084,76,False,10000,0.7457157258064516,0.15492982320099258,6
Parkinson disease,parkinson,broad,20,Frontal Sup Medial R,2.2257874741479715,0.40360963903609637,0.026797320267973202,0.8384690942670439,0.9732026797320268,3,False,10000,0.7191105769230769,0.2652644230769231,2
Parkinson disease,parkinson,broad,21,Frontal Med Orb L,-0.1490715924584919,0.9198545261752894,0.5646435356464353,0.9379814959680504,0.4353564643535647,79,False,10000,0.8529485887096775,0.2840425325682382,6
Parkinson disease,parkinson,broad,22,Frontal Med Orb R,1.691039744518506,0.4765123487651235,0.0796920307969203,0.8384690942670439,0.9203079692030797,10,False,10000,0.895673076923077,0.04182692307692315,2
Parkinson disease,parkinson,broad,23,Rectus L,0.9618878677240716,0.714078592140786,0.27857214278572145,0.8701578821709666,0.7214278572142785,40,False,10000,0.6819711538461539,0.3152799317617866,6
Parkinson disease,parkinson,broad,24,Rectus R,0.7083663580616384,0.7490679503478223,0.28997100289971,0.8701578821709666,0.71002899710029,45,False,10000,0.8605769230769231,0.014423076923076983,2
Parkinson disease,parkinson,broad,25,OFCmed L,-0.04775829230961492,0.9198545261752894,0.5253474652534746,0.9379814959680504,0.47465253474652536,71,False,10000,0.6038461538461538,0.3327688818238213,6
Parkinson disease,parkinson,broad,26,OFCmed R,0.0511743753616452,0.9198545261752894,0.49525047495250474,0.9379814959680504,0.5047495250474953,67,False,10000,0.7378605769230769,0.18401442307692295,2
Parkinson disease,parkinson,broad,27,OFCant L,0.14267839063480928,0.9198545261752894,0.47285271472852713,0.9379814959680504,0.5271472852714729,64,False,10000,0.8362282878411911,0.35098674007444175,6
Parkinson disease,parkinson,broad,28,OFCant R,2.899141329332949,0.1862813718628137,0.019498050194980503,0.8384690942670439,0.9805019498050195,2,False,10000,0.9266225961538461,0.034314903846153766,2
Parkinson disease,parkinson,broad,29,OFCpost L,-0.9799332536727763,0.9936028619360286,0.8035196480351965,0.9777158647771587,0.1964803519648035,105,False,10000,0.4193548387096774,0.07729528535980151,6
Parkinson disease,parkinson,broad,30,OFCpost R,-0.11224720988967354,0.9198545261752894,0.5543445655434457,0.9379814959680504,0.4456554344565543,77,False,10000,0.7087139423076922,0.07590144230769236,2
Parkinson disease,parkinson,broad,31,OFClat L,-1.3070922102672955,0.9936028619360286,0.8216178382161784,0.9777158647771587,0.1783821617838216,106,False,10000,0.42741935483870963,0.7443548387096773,4
Parkinson disease,parkinson,broad,32,OFClat R,-1.717864812177435,0.9936028619360286,0.9021097890210978,0.9777158647771587,0.09789021097890216,124,False,10000,0.7216947115384615,0.09861778846153846,2
Parkinson disease,parkinson,broad,33,Insula L,-0.6281992259972241,0.9936028619360286,0.718928107189281,0.9777158647771587,0.281071892810719,99,False,10000,0.45384615384615384,0.2932382133995038,6
Parkinson disease,parkinson,broad,34,Insula R,-0.9471008724640839,0.9936028619360286,0.8224177582241776,0.9777158647771587,0.17758224177582238,107,False,10000,0.40775240384615385,0.10006009615384615,2
Parkinson disease,parkinson,broad,37,Cingulate Mid L,1.189782651818424,0.6434245464342455,0.1336866313368663,0.8701578821709666,0.8663133686631337,18,False,10000,0.5903225806451613,0.18368486352357316,6
Parkinson disease,parkinson,broad,38,Cingulate Mid R,0.9720496541987912,0.714078592140786,0.19518048195180482,0.8701578821709666,0.8048195180481952,29,False,10000,0.44092548076923077,0.12061298076923083,2
Parkinson disease,parkinson,broad,39,Cingulate Post L,-1.4292076503710325,0.9936028619360286,0.9046095390460954,0.9777158647771587,0.09539046095390458,125,False,10000,0.5161290322580645,0.38894230769230764,5
Parkinson disease,parkinson,broad,41,Hippocampus L,1.741554829184007,0.4765123487651235,0.06719328067193281,0.8384690942670439,0.9328067193280671,8,False,10000,0.5961538461538461,0.15352822580645165,6
Parkinson disease,parkinson,broad,42,Hippocampus R,0.8180509716813544,0.7490679503478223,0.2502749725027497,0.8701578821709666,0.7497250274972502,35,False,10000,0.4201923076923077,0.20480769230769236,2
Parkinson disease,parkinson,broad,43,ParaHippocampal L,-0.10275364096762091,0.9198545261752894,0.5503449655034497,0.9379814959680504,0.4496550344965503,75,False,10000,0.4395781637717121,0.33394172611662537,6
Parkinson disease,parkinson,broad,44,ParaHippocampal R,0.3721901145028161,0.9086646890866469,0.40305969403059694,0.9379814959680504,0.5969403059694031,54,False,10000,0.6508413461538461,0.041466346153846034,2
Parkinson disease,parkinson,broad,45,Amygdala L,1.4627435361972438,0.5584809940058626,0.09509049095090491,0.8384690942670439,0.9049095090490951,15,False,10000,0.6612903225806451,0.3307692307692308,5
Parkinson disease,parkinson,broad,46,Amygdala R,1.1680211920048873,0.6434245464342455,0.16698330166983302,0.8701578821709666,0.833016698330167,23,False,10000,0.41388221153846155,0.39080528846153845,2
Parkinson disease,parkinson,broad,47,Calcarine L,0.05166279027841671,0.9198545261752894,0.5006499350064993,0.9379814959680504,0.49935006499350065,68,False,10000,0.21862399193548387,0.23088651519851117,6
Parkinson disease,parkinson,broad,48,Calcarine R,1.3961831760690315,0.5622937706229377,0.1518848115188481,0.8701578821709666,0.8481151884811519,22,False,10000,0.1891826923076923,0.0954326923076923,2
Parkinson disease,parkinson,broad,49,Cuneus L,0.7332037024839595,0.7490679503478223,0.29457054294570545,0.8701578821709666,0.7054294570542945,46,False,10000,0.1774193548387097,0.1655048076923077,5
Parkinson disease,parkinson,broad,51,Lingual L,-0.3595951477528123,0.9537368843760784,0.6361363863613638,0.9542045795420457,0.3638636136386362,92,False,10000,0.11451612903225807,0.17850302419354838,6
Parkinson disease,parkinson,broad,52,Lingual R,-0.3593154189150753,0.9537368843760784,0.652034796520348,0.957242573614979,0.347965203479652,94,False,10000,0.16310096153846154,0.04002403846153846,2
Parkinson disease,parkinson,broad,53,Occipital Sup L,-0.15975639152418716,0.9198545261752894,0.575042495750425,0.9379814959680504,0.424957504249575,84,False,10000,0.34590570719602975,0.15130369882133998,4
Parkinson disease,parkinson,broad,55,Occipital Mid L,0.982597009199454,0.714078592140786,0.22747725227477253,0.8701578821709666,0.7725227477252274,31,False,10000,0.44999999999999996,0.5683002481389577,6
Parkinson disease,parkinson,broad,56,Occipital Mid R,2.0722214987117376,0.4765123487651235,0.050594940505949405,0.8384690942670439,0.9494050594940506,6,False,10000,0.653125,0.24687500000000007,2
Parkinson disease,parkinson,broad,57,Occipital Inf L,0.15328568492431013,0.9198545261752894,0.46535346465353467,0.9379814959680504,0.5346465353464653,63,False,10000,0.5307692307692308,0.19767563585607945,6
Parkinson disease,parkinson,broad,58,Occipital Inf R,0.4892436746971102,0.8432779363573077,0.3491650834916508,0.9266304138816887,0.6508349165083491,52,False,10000,0.5677884615384615,0.2552884615384616,2
Parkinson disease,parkinson,broad,59,Fusiform L,1.2304840478592427,0.6434245464342455,0.1812818718128187,0.8701578821709666,0.8187181281871813,26,False,10000,0.3216985887096774,0.300130854528536,6
Parkinson disease,parkinson,broad,60,Fusiform R,0.26454844820285633,0.9198545261752894,0.41725827417258277,0.9379814959680504,0.5827417258274172,55,False,10000,0.30528846153846156,0.11778846153846151,2
Parkinson disease,parkinson,broad,61,Postcentral L,-0.4895936979946692,0.9936028619360286,0.678032196780322,0.9777158647771587,0.321967803219678,95,False,10000,0.4558312655086849,0.23560794044665012,6
Parkinson disease,parkinson,broad,62,Postcentral R,-0.9629236766491068,0.9936028619360286,0.7826217378262174,0.9777158647771587,0.21737826217378264,102,False,10000,0.3286658653846154,0.1021033653846154,2
Parkinson disease,parkinson,broad,63,Parietal Sup L,1.0853228698229354,0.6923950462096646,0.19138086191380863,0.8701578821709666,0.8086191380861913,27,False,10000,0.4423076923076923,0.2522952853598015,6
Parkinson disease,parkinson,broad,64,Parietal Sup R,-1.2153517946850592,0.9936028619360286,0.8252174782521747,0.9777158647771587,0.17478252174782527,108,False,10000,0.042548076923076925,0.011298076923076925,2
Parkinson disease,parkinson,broad,65,Parietal Inf L,-0.17799773094537052,0.9198545261752894,0.5854414558544145,0.9394293128826652,0.41455854414558546,86,False,10000,0.5507444168734491,0.11234491315136474,6
Parkinson disease,parkinson,broad,66,Parietal Inf R,0.7828773780648527,0.7490679503478223,0.28987101289871015,0.8701578821709666,0.7101289871012899,44,False,10000,0.3780048076923077,0.2373798076923077,2
Parkinson disease,parkinson,broad,67,SupraMarginal L,1.534522024029986,0.5321092890710929,0.0892910708929107,0.8384690942670439,0.9107089291070893,13,False,10000,0.3477822580645161,0.5121665632754342,6
Parkinson disease,parkinson,broad,68,SupraMarginal R,-1.7314979988503567,0.9936028619360286,0.9277072292770723,0.9777158647771587,0.07229277072292772,130,False,10000,0.18125,0.11874999999999998,2
Parkinson disease,parkinson,broad,69,Angular L,1.138350898590986,0.6434245464342455,0.194980501949805,0.8701578821709666,0.805019498050195,28,False,10000,0.4153846153846154,0.18557692307692308,5
Parkinson disease,parkinson,broad,70,Angular R,0.18340306241009527,0.9198545261752894,0.45815418458154183,0.9379814959680504,0.5418458154184582,62,False,10000,0.21286057692307692,0.040985576923076916,2
Parkinson disease,parkinson,broad,71,Precuneus L,-1.4070787519654044,0.9936028619360286,0.8434156584341566,0.9777158647771587,0.15658434156584344,112,False,10000,0.3066706730769231,0.17002268145161287,6
Parkinson disease,parkinson,broad,72,Precuneus R,1.4467108787951783,0.5584809940058626,0.17148285171482852,0.8701578821709666,0.8285171482851714,25,False,10000,0.22049278846153847,0.05643028846153847,2
Parkinson disease,parkinson,broad,73,Paracentral Lobule L,-0.3470639877290813,0.9537368843760784,0.6321367863213678,0.9542045795420457,0.3678632136786322,91,False,10000,0.45306490384615383,0.1864328086228288,6
Parkinson disease,parkinson,broad,74,Paracentral Lobule R,-0.1065070164404268,0.9198545261752894,0.5543445655434457,0.9379814959680504,0.4456554344565543,77,False,10000,0.5261418269230769,0.372295673076923,2
Parkinson disease,parkinson,broad,75,Caudate L,-3.031412631656495,0.9989001099890011,0.9932006799320068,0.9932006799320068,0.00679932006799322,138,False,10000,0.06580528846153846,0.05394599100496278,6
Parkinson disease,parkinson,broad,76,Caudate R,-2.8798719893466163,0.9989001099890011,0.9917008299170083,0.9932006799320068,0.008299170082991747,137,False,10000,0.06568509615384616,0.026622596153846156,2
Parkinson disease,parkinson,broad,77,Putamen L,-1.903999906587311,0.9936028619360286,0.9352064793520648,0.9777158647771587,0.0647935206479352,132,False,10000,0.12013221153846154,0.07405300093052108,6
Parkinson disease,parkinson,broad,78,Putamen R,-0.8857966738636868,0.9936028619360286,0.7915208479152085,0.9777158647771587,0.2084791520847915,103,False,10000,0.34200721153846153,0.11893028846153847,2
Parkinson disease,parkinson,broad,79,Pallidum L,-1.6213106488989575,0.9936028619360286,0.9274072592740726,0.9777158647771587,0.07259274072592736,129,False,10000,0.35384615384615387,0.24820099255583128,6
Parkinson disease,parkinson,broad,80,Pallidum R,-2.5642693324334997,0.9989001099890011,0.9618038196180382,0.9788903462594917,0.03819618038196182,135,False,10000,0.4556490384615385,0.22127403846153842,2
Parkinson disease,parkinson,broad,83,Heschl L,0.8426675723086723,0.7490679503478223,0.23697630236976303,0.8701578821709666,0.7630236976302369,33,False,10000,0.7419354838709677,0.4094292803970223,5
Parkinson disease,parkinson,broad,84,Heschl R,0.7184849169790944,0.7490679503478223,0.271972802719728,0.8701578821709666,0.728027197280272,38,False,10000,0.5633413461538461,0.17103365384615382,2
Parkinson disease,parkinson,broad,85,Temporal Sup L,0.6783628312863453,0.7490679503478223,0.30896910308969106,0.8701578821709666,0.691030896910309,49,False,10000,0.40108366935483875,0.14759712313895784,6
Parkinson disease,parkinson,broad,86,Temporal Sup R,1.7841827609638146,0.4765123487651235,0.0627937206279372,0.8384690942670439,0.9372062793720628,7,False,10000,0.39681490384615387,0.1891225961538462,2
Parkinson disease,parkinson,broad,87,Temporal Pole Sup L,0.1357845872978429,0.9198545261752894,0.47285271472852713,0.9379814959680504,0.5271472852714729,64,False,10000,0.40300480769230773,0.2965124844913152,6
Parkinson disease,parkinson,broad,88,Temporal Pole Sup R,-0.14275775468982072,0.9198545261752894,0.5665433456654334,0.9379814959680504,0.4334566543345666,80,False,10000,0.7031850961538462,0.21087740384615383,2
Parkinson disease,parkinson,broad,89,Temporal Mid L,0.7084372314619654,0.7490679503478223,0.30556944305569445,0.8701578821709666,0.6944305569443056,47,False,10000,0.3935483870967742,0.04783266129032254,6
Parkinson disease,parkinson,broad,90,Temporal Mid R,0.18559197376635042,0.9198545261752894,0.44755524447555245,0.9379814959680504,0.5524447555244476,61,False,10000,0.5036658653846153,0.02710336538461544,2
Parkinson disease,parkinson,broad,91,Temporal Pole Mid L,0.4540994049251188,0.8432779363573077,0.36526347365263473,0.9379814959680504,0.6347365263473652,53,False,10000,0.6129032258064516,0.3397022332506203,4
Parkinson disease,parkinson,broad,93,Temporal Inf L,0.6434247196055862,0.7490679503478223,0.28687131286871315,0.8701578821709666,0.7131286871312869,41,False,10000,0.5142679900744417,0.2093769385856079,6
Parkinson disease,parkinson,broad,94,Temporal Inf R,1.6541721595318717,0.4765123487651235,0.0867913208679132,0.8384690942670439,0.9132086791320868,12,False,10000,0.5802283653846154,0.1505408653846153,2
Parkinson disease,parkinson,broad,95,Cerebellum Crus1 L,0.7640918415517762,0.7490679503478223,0.2870712928707129,0.8701578821709666,0.7129287071292871,43,False,10000,0.22022332506203474,0.23341055366004965,6
Parkinson disease,parkinson,broad,96,Cerebellum Crus1 R,2.6214973003594366e-05,0.9198545261752894,0.5141485851414859,0.9379814959680504,0.48585141485851413,70,False,10000,0.6803485576923076,0.23503605769230773,2
Parkinson disease,parkinson,broad,97,Cerebellum Crus2 L,-0.44543419619795976,0.9813167619408272,0.6446355364463554,0.9565559573074951,0.3553644635536446,93,False,10000,0.2251201923076923,0.2171506668734491,6
Parkinson disease,parkinson,broad,98,Cerebellum Crus2 R,-0.9942362599160021,0.9936028619360286,0.8445155484451555,0.9777158647771587,0.15548445155484447,113,False,10000,0.5213942307692307,0.24014423076923075,2
Parkinson disease,parkinson,broad,101,Cerebellum 4 5 L,2.4789628734178266,0.28057194280571945,0.032096790320967905,0.8384690942670439,0.9679032096790321,4,False,10000,0.75,0.4125930521091812,6
Parkinson disease,parkinson,broad,102,Cerebellum 4 5 R,1.6402009249556266,0.4765123487651235,0.09199080091990801,0.8384690942670439,0.908009199080092,14,False,10000,0.8323317307692308,0.12920673076923073,2
Parkinson disease,parkinson,broad,103,Cerebellum 6 L,1.4189316247735786,0.5584809940058626,0.1476852314768523,0.8701578821709666,0.8523147685231477,21,False,10000,0.5987593052109181,0.19998061414392054,6
Parkinson disease,parkinson,broad,104,Cerebellum 6 R,0.28422108964543474,0.9198545261752894,0.42015798420157985,0.9379814959680504,0.5798420157984201,56,False,10000,0.3353966346153846,0.2661658653846154,2
Parkinson disease,parkinson,broad,105,Cerebellum 7b L,-1.2887961286210154,0.9936028619360286,0.895010498950105,0.9777158647771587,0.10498950104989502,123,False,10000,0.15719602977667496,0.09832506203473945,6
Parkinson disease,parkinson,broad,106,Cerebellum 7b R,-0.2246991348247406,0.9304660443046605,0.6054394560543945,0.9471434878984012,0.39456054394560547,88,False,10000,0.3463341346153846,0.32289663461538465,2
Parkinson disease,parkinson,broad,107,Cerebellum 8 L,-1.3330552902129922,0.9936028619360286,0.8921107889211078,0.9777158647771587,0.10788921107889216,121,False,10000,0.3063275434243176,0.27233250620347393,6
Parkinson disease,parkinson,broad,108,Cerebellum 8 R,-1.1268032207920642,0.9936028619360286,0.8921107889211078,0.9777158647771587,0.10788921107889216,121,False,10000,0.3096153846153846,0.059615384615384626,2
Parkinson disease,parkinson,broad,109,Cerebellum 9 L,-0.5672903355284254,0.9936028619360286,0.7113288671132887,0.9777158647771587,0.2886711328867113,98,False,10000,0.22580645161290322,0.19380040322580644,5
Parkinson disease,parkinson,broad,110,Cerebellum 9 R,-0.1316094645675708,0.9198545261752894,0.5777422257774223,0.9379814959680504,0.4222577742225777,85,False,10000,0.18131009615384616,0.11099759615384613,2
Parkinson disease,parkinson,broad,111,Cerebellum 10 L,1.6630799080488883,0.4765123487651235,0.10328967103289671,0.8384690942670439,0.8967103289671032,17,False,10000,0.9846153846153847,0.3548387096774194,3
Parkinson disease,parkinson,broad,118,Vermis 8,0.33942978235834104,0.9092305055208764,0.43725627437256276,0.9379814959680504,0.5627437256274372,58,False,10000,0.9765625,0.2961538461538462,3
Parkinson disease,parkinson,broad,119,Vermis 9,-0.03338764827781422,0.9198545261752894,0.5465453454654534,0.9379814959680504,0.4534546545345466,73,False,10000,0.6895432692307693,0.13491586538461542,4
Parkinson disease,parkinson,broad,121,Thal AV L,-0.029849669569945524,0.9198545261752894,0.5265473452654734,0.9379814959680504,0.4734526547345266,72,False,10000,0.8109181141439206,0.20093052109181142,4
Parkinson disease,parkinson,broad,122,Thal AV R,-1.1667509572324997,0.9936028619360286,0.8695130486951305,0.9777158647771587,0.13048695130486954,118,False,10000,0.5228365384615384,0.44591346153846145,2
Parkinson disease,parkinson,broad,125,Thal VA L,-1.8053420808214458,0.9936028619360286,0.9616038396160383,0.9788903462594917,0.03839616038396165,134,False,10000,0.9076923076923077,0.12968749999999996,5
Parkinson disease,parkinson,broad,127,Thal VL L,-1.4852323540565064,0.9936028619360286,0.9046095390460954,0.9777158647771587,0.09539046095390458,125,False,10000,0.6083126550868487,0.3212216966501241,6
Parkinson disease,parkinson,broad,128,Thal VL R,1.2907519228873379,0.6253283762532839,0.1464853514648535,0.8701578821709666,0.8535146485351465,20,False,10000,0.8330528846153846,0.036177884615384626,2
Parkinson disease,parkinson,broad,129,Thal VPL L,-1.0933993965747137,0.9936028619360286,0.8698130186981302,0.9777158647771587,0.1301869813018698,119,False,10000,0.6693548387096775,0.23939205955334997,6
Parkinson disease,parkinson,broad,130,Thal VPL R,-0.7876236636966939,0.9936028619360286,0.8031196880311969,0.9777158647771587,0.19688031196880307,104,False,10000,0.7778245192307692,0.16063701923076912,2
Parkinson disease,parkinson,broad,131,Thal IL L,-0.26042860194463935,0.9355154372203228,0.5971402859714029,0.9471434878984012,0.4028597140285971,87,False,10000,0.8615384615384616,0.04168734491315129,5
Parkinson disease,parkinson,broad,135,Thal MDm L,-0.07092930643532185,0.9198545261752894,0.5482451754824518,0.9379814959680504,0.4517548245175482,74,False,10000,0.16129032258064516,0.29302884615384617,3
Parkinson disease,parkinson,broad,136,Thal MDm R,0.848702054138154,0.7490679503478223,0.24077592240775922,0.8701578821709666,0.7592240775922408,34,False,10000,0.6365985576923077,0.12121394230769234,2
Parkinson disease,parkinson,broad,137,Thal MDl L,0.7731177656567818,0.7490679503478223,0.26137386261373863,0.8701578821709666,0.7386261373862614,36,False,10000,0.35384615384615387,0.27866004962779156,3
Parkinson disease,parkinson,broad,139,Thal LGN L,1.04239644356687,0.7132459167876316,0.20387961203879612,0.8701578821709666,0.7961203879612039,30,False,10000,0.9230769230769231,0.3823821339950373,5
Parkinson disease,parkinson,broad,140,Thal LGN R,-0.16205407919064435,0.9198545261752894,0.5713428657134286,0.9379814959680504,0.4286571342865714,83,False,10000,0.8752403846153847,0.09399038461538456,2
Parkinson disease,parkinson,broad,141,Thal MGN L,2.7716089914359068,0.1862813718628137,0.0098990100989901,0.8384690942670439,0.9901009899010099,1,False,10000,0.9615384615384616,0.007692307692307665,2
Parkinson disease,parkinson,broad,143,Thal PuI L,0.6546651947836832,0.7490679503478223,0.286971302869713,0.8701578821709666,0.713028697130287,42,False,10000,0.9576923076923076,0.019230769230769273,2
Parkinson disease,parkinson,broad,144,Thal PuI R,-0.8523444134035102,0.9936028619360286,0.8352164783521648,0.9777158647771587,0.16478352164783516,111,False,10000,0.7423076923076923,0.24230769230769234,2
Parkinson disease,parkinson,broad,145,Thal PuM L,0.46470559584563265,0.8432779363573077,0.33896610338966104,0.9172023974073181,0.661033896610339,51,False,10000,0.8125,0.2156327543424318,5
Parkinson disease,parkinson,broad,146,Thal PuM R,1.916495030703728,0.4765123487651235,0.0365963403659634,0.8384690942670439,0.9634036596340366,5,False,10000,0.8329927884615385,0.04393028846153846,2
Parkinson disease,parkinson,broad,147,Thal PuA L,-1.8987711599179147,0.9936028619360286,0.9647035296470353,0.9788903462594917,0.03529647035296468,136,False,10000,0.8923076923076924,0.1574441687344913,3
Parkinson disease,parkinson,broad,148,Thal PuA R,-1.0244557243861188,0.9936028619360286,0.8463153684631537,0.9777158647771587,0.1536846315368463,115,False,10000,0.5457932692307692,0.40733173076923074,2
Parkinson disease,parkinson,broad,153,ACC pre L,0.6241121821881426,0.7490679503478223,0.30626937306269375,0.8701578821709666,0.6937306269373062,48,False,10000,0.15384615384615385,0.36907762096774194,3
Parkinson disease,parkinson,broad,154,ACC pre R,0.944326569419215,0.7371808273718082,0.23677632236776322,0.8701578821709666,0.7632236776322368,32,False,10000,0.8341947115384616,0.11111778846153852,2
Parkinson disease,parkinson,broad,155,ACC sup L,0.026804941498829737,0.9198545261752894,0.5098490150984901,0.9379814959680504,0.4901509849015099,69,False,10000,0.365625,0.40235344292803976,6
Parkinson disease,parkinson,broad,156,ACC sup R,-1.3978458399221831,0.9936028619360286,0.9139086091390861,0.9777158647771587,0.08609139086091389,128,False,10000,0.6118389423076923,0.0727764423076922,2
Parkinson disease,parkinson,broad,157,N Acc L,0.610932154409245,0.7536806319368063,0.3388661133886611,0.9172023974073181,0.6611338866113389,50,False,10000,0.5384615384615384,0.3037220843672457,5
Parkinson disease,parkinson,broad,158,N Acc R,0.34821256348404434,0.9092305055208764,0.42545745425457454,0.9379814959680504,0.5745425457454254,57,False,10000,0.38155048076923076,0.2799879807692308,2
Parkinson disease,parkinson,broad,161,SN pc L,1.3153211588312526,0.6176525204622394,0.143985601439856,0.8701578821709666,0.856014398560144,19,False,10000,0.7689012096774194,0.05922379032258074,2
Parkinson disease,parkinson,broad,163,SN pr L,-0.5166100112836912,0.9936028619360286,0.6994300569943006,0.9777158647771587,0.3005699430056994,96,False,10000,0.45161290322580644,0.4461538461538461,5
Parkinson disease,parkinson,broad,164,SN pr R,0.15051563452287361,0.9198545261752894,0.4450554944505549,0.9379814959680504,0.5549445055494451,59,False,10000,0.5260817307692308,0.3645432692307692,2
Parkinson disease,parkinson,broad,165,Red N L,-1.1992550613572246,0.9936028619360286,0.8522147785221478,0.9777158647771587,0.14778522147785222,117,False,10000,0.4076923076923077,0.20832331730769232,4
Parkinson disease,parkinson,broad,166,Red N R,0.7620153107713578,0.7490679503478223,0.2623737626237376,0.8701578821709666,0.7376262373762623,37,False,10000,0.8606370192307693,0.022175480769230815,2
Parkinson disease,parkinson,broad,167,LC L,0.08506301827905181,0.9198545261752894,0.49175082491750827,0.9379814959680504,0.5082491750824918,66,False,10000,0.48461538461538467,0.4330839019851116,4
Parkinson disease,parkinson,broad,168,LC R,-1.0580307135179519,0.9936028619360286,0.9111088891110889,0.9777158647771587,0.0888911108889111,127,False,10000,0.13088942307692308,0.11526442307692308,2
Parkinson disease,parkinson,broad,169,Raphe D,-0.11656219724103661,0.9198545261752894,0.5681431856814319,0.9379814959680504,0.43185681431856815,81,False,10000,0.2647235576923077,0.14933894230769232,2
Parkinson disease,parkinson,broad,170,Raphe M,0.17627929712563487,0.9198545261752894,0.4460553944605539,0.9379814959680504,0.5539446055394461,60,False,10000,0.453125,0.3384615384615385,3
Parkinson disease,parkinson,stringent,1,Precentral L,-0.5890244381311424,0.9998000199980002,0.6982301769823017,0.9662542220354235,0.3017698230176983,95,False,10000,0.5044471153846154,0.19707467431761783,6
Parkinson disease,parkinson,stringent,2,Precentral R,-1.403031177030405,0.9998000199980002,0.9105089491050895,0.99573277966321,0.0894910508949105,125,False,10000,0.3451923076923077,0.029807692307692313,2
Parkinson disease,parkinson,stringent,3,Frontal Sup 2 L,0.027156191948725483,0.9071660401527415,0.49425057494250574,0.9215617764066291,0.5057494250574943,74,False,10000,0.5483870967741935,0.40614143920595536,6
Parkinson disease,parkinson,stringent,4,Frontal Sup 2 R,1.2906286282619965,0.777966203379662,0.12488751124887511,0.8369163083691631,0.8751124887511249,17,False,10000,0.6410456730769231,0.19489182692307694,2
Parkinson disease,parkinson,stringent,5,Frontal Mid 2 L,-0.8073417163463502,0.9998000199980002,0.7548245175482452,0.9662542220354235,0.2451754824517548,103,False,10000,0.5769230769230769,0.22047146401985107,6
Parkinson disease,parkinson,stringent,6,Frontal Mid 2 R,-0.514833308056366,0.9998000199980002,0.6868313168683132,0.9662542220354235,0.3131686831316868,94,False,10000,0.3774639423076923,0.1928485576923077,2
Parkinson disease,parkinson,stringent,7,Frontal Inf Oper L,1.3160055194604598,0.777966203379662,0.1014898510148985,0.8369163083691631,0.8985101489851015,13,False,10000,0.3387096774193548,0.3038461538461538,3
Parkinson disease,parkinson,stringent,8,Frontal Inf Oper R,-0.6231241389765853,0.9998000199980002,0.7416258374162584,0.9662542220354235,0.2583741625837416,101,False,10000,0.2775841346153846,0.1916466346153846,2
Parkinson disease,parkinson,stringent,9,Frontal Inf Tri L,-0.20668081615151931,0.9378248221689459,0.5828417158284172,0.9215617764066291,0.41715828417158285,87,False,10000,0.7126802884615384,0.3466375232630272,6
Parkinson disease,parkinson,stringent,10,Frontal Inf Tri R,-0.6824875858485141,0.9998000199980002,0.7274272572742726,0.9662542220354235,0.2725727427257274,99,False,10000,0.47061298076923075,0.2090745192307692,2
Parkinson disease,parkinson,stringent,11,Frontal Inf Orb 2 L,1.0923429192433194,0.777966203379662,0.1386861313868613,0.8369163083691631,0.8613138686131387,19,False,10000,0.7358774038461539,0.2558826380272953,6
Parkinson disease,parkinson,stringent,12,Frontal Inf Orb 2 R,-1.042584446301689,0.9998000199980002,0.823017698230177,0.9662542220354235,0.176982301769823,117,False,10000,0.5332932692307693,0.20516826923076925,2
Parkinson disease,parkinson,stringent,13,Rolandic Oper L,-0.267106042264844,0.9431124303300007,0.5820417958204179,0.9215617764066291,0.41795820417958207,86,False,10000,0.5800248138957816,0.3503722084367246,6
Parkinson disease,parkinson,stringent,14,Rolandic Oper R,-0.9628110863441962,0.9998000199980002,0.8186181381861813,0.9662542220354235,0.18138186181381866,115,False,10000,0.7711538461538461,0.02115384615384619,2
Parkinson disease,parkinson,stringent,15,Supp Motor Area L,0.19899917243455723,0.8367163283671633,0.41825817418258177,0.8369163083691631,0.5817418258174183,68,False,10000,0.5946650124069479,0.5065136476426799,6
Parkinson disease,parkinson,stringent,16,Supp Motor Area R,-0.6290940986783539,0.9998000199980002,0.7764223577642235,0.9662542220354235,0.22357764223577647,109,False,10000,0.41532451923076924,0.07686298076923082,2
Parkinson disease,parkinson,stringent,17,Olfactory L,0.6843903316517773,0.777966203379662,0.3023697630236976,0.8369163083691631,0.6976302369763023,45,False,10000,0.2884615384615385,0.4245318315756824,4
Parkinson disease,parkinson,stringent,18,Olfactory R,-0.19388839312398726,0.9378248221689459,0.5674432556744325,0.9215617764066291,0.43255674432556745,84,False,10000,0.11316105769230769,0.0977764423076923,2
Parkinson disease,parkinson,stringent,19,Frontal Sup Medial L,0.9936758391399091,0.777966203379662,0.17788221177882213,0.8369163083691631,0.8221177882211779,23,False,10000,0.7457157258064516,0.15492982320099258,6
Parkinson disease,parkinson,stringent,20,Frontal Sup Medial R,2.2194766658499083,0.4636336366363364,0.013898610138986101,0.8369163083691631,0.9861013898610139,1,False,10000,0.7191105769230769,0.2652644230769231,2
Parkinson disease,parkinson,stringent,21,Frontal Med Orb L,1.4390914496299694,0.777966203379662,0.11828817118288171,0.8369163083691631,0.8817118288171183,15,False,10000,0.8529485887096775,0.2840425325682382,6
Parkinson disease,parkinson,stringent,22,Frontal Med Orb R,-0.0858490745126515,0.9378248221689459,0.52994700529947,0.9215617764066291,0.47005299470052997,78,False,10000,0.895673076923077,0.04182692307692315,2
Parkinson disease,parkinson,stringent,23,Rectus L,2.1277604062196973,0.4636336366363364,0.06079392060793921,0.8369163083691631,0.9392060793920608,8,False,10000,0.6819711538461539,0.3152799317617866,6
Parkinson disease,parkinson,stringent,24,Rectus R,1.357933790952128,0.777966203379662,0.09559044095590441,0.8369163083691631,0.9044095590440956,12,False,10000,0.8605769230769231,0.014423076923076983,2
Parkinson disease,parkinson,stringent,25,OFCmed L,0.7206475099458738,0.777966203379662,0.30356964303569645,0.8369163083691631,0.6964303569643036,46,False,10000,0.6038461538461538,0.3327688818238213,6
Parkinson disease,parkinson,stringent,26,OFCmed R,0.4219335406387558,0.8158990552557647,0.32656734326567344,0.8369163083691631,0.6734326567343265,50,False,10000,0.7378605769230769,0.18401442307692295,2
Parkinson disease,parkinson,stringent,27,OFCant L,1.1247646705441574,0.777966203379662,0.18898110188981102,0.8369163083691631,0.811018898110189,26,False,10000,0.8362282878411911,0.35098674007444175,6
Parkinson disease,parkinson,stringent,28,OFCant R,2.4897566331616963,0.4636336366363364,0.018598140185981403,0.8369163083691631,0.9814018598140186,2,False,10000,0.9266225961538461,0.034314903846153766,2
Parkinson disease,parkinson,stringent,29,OFCpost L,0.8342096458244006,0.777966203379662,0.24717528247175283,0.8369163083691631,0.7528247175282472,36,False,10000,0.4193548387096774,0.07729528535980151,6
Parkinson disease,parkinson,stringent,30,OFCpost R,0.23136559967287273,0.8228441861696183,0.41845815418458154,0.8369163083691631,0.5815418458154185,69,False,10000,0.7087139423076922,0.07590144230769236,2
Parkinson disease,parkinson,stringent,31,OFClat L,-0.25004288716575007,0.9431124303300007,0.5943405659434057,0.9215617764066291,0.4056594340565943,89,False,10000,0.42741935483870963,0.7443548387096773,4
Parkinson disease,parkinson,stringent,32,OFClat R,0.2686519195040687,0.8228441861696183,0.41055894410558946,0.8369163083691631,0.5894410558944105,67,False,10000,0.7216947115384615,0.09861778846153846,2
Parkinson disease,parkinson,stringent,33,Insula L,0.29137666312433447,0.8228441861696183,0.40535946405359463,0.8369163083691631,0.5946405359464053,66,False,10000,0.45384615384615384,0.2932382133995038,6
Parkinson disease,parkinson,stringent,34,Insula R,0.47950095835925716,0.8158990552557647,0.3314668533146685,0.8369163083691631,0.6685331466853315,52,False,10000,0.40775240384615385,0.10006009615384615,2
Parkinson disease,parkinson,stringent,37,Cingulate Mid L,1.548762680322274,0.777966203379662,0.0801919808019198,0.8369163083691631,0.9198080191980802,9,False,10000,0.5903225806451613,0.18368486352357316,6
Parkinson disease,parkinson,stringent,38,Cingulate Mid R,0.9993111347279557,0.777966203379662,0.16108389161083891,0.8369163083691631,0.8389161083891611,21,False,10000,0.44092548076923077,0.12061298076923083,2
Parkinson disease,parkinson,stringent,39,Cingulate Post L,-0.918767771273445,0.9998000199980002,0.7871212878712128,0.9662542220354235,0.21287871212878717,110,False,10000,0.5161290322580645,0.38894230769230764,5
Parkinson disease,parkinson,stringent,41,Hippocampus L,0.9286158174530966,0.777966203379662,0.21697830216978303,0.8369163083691631,0.7830216978302169,31,False,10000,0.5961538461538461,0.15352822580645165,6
Parkinson disease,parkinson,stringent,42,Hippocampus R,0.3538410703593541,0.8158990552557647,0.39086091390860916,0.8369163083691631,0.6091390860913908,62,False,10000,0.4201923076923077,0.20480769230769236,2
Parkinson disease,parkinson,stringent,43,ParaHippocampal L,0.8079169659626434,0.777966203379662,0.2515748425157484,0.8369163083691631,0.7484251574842515,38,False,10000,0.4395781637717121,0.33394172611662537,6
Parkinson disease,parkinson,stringent,44,ParaHippocampal R,-0.2940473997262139,0.945358797453588,0.567043295670433,0.9215617764066291,0.432956704329567,83,False,10000,0.6508413461538461,0.041466346153846034,2
Parkinson disease,parkinson,stringent,45,Amygdala L,0.7782583286240385,0.777966203379662,0.22407759224077592,0.8369163083691631,0.775922407759224,32,False,10000,0.6612903225806451,0.3307692307692308,5
Parkinson disease,parkinson,stringent,46,Amygdala R,0.6611677111062596,0.777966203379662,0.28847115288471153,0.8369163083691631,0.7115288471152885,43,False,10000,0.41388221153846155,0.39080528846153845,2
Parkinson disease,parkinson,stringent,47,Calcarine L,-1.2045251432247663,0.9998000199980002,0.8191180881911809,0.9662542220354235,0.18088191180881907,116,False,10000,0.21862399193548387,0.23088651519851117,6
Parkinson disease,parkinson,stringent,48,Calcarine R,-0.3923908745767133,0.9860706237068599,0.6092390760923908,0.9239010164917574,0.3907609239076092,91,False,10000,0.1891826923076923,0.0954326923076923,2
Parkinson disease,parkinson,stringent,49,Cuneus L,-1.5512090920343518,0.9998000199980002,0.8901109889011098,0.99573277966321,0.10988901109889015,123,False,10000,0.1774193548387097,0.1655048076923077,5
Parkinson disease,parkinson,stringent,51,Lingual L,-1.5628592571259592,0.9998000199980002,0.9057094290570943,0.99573277966321,0.09429057094290572,124,False,10000,0.11451612903225807,0.17850302419354838,6
Parkinson disease,parkinson,stringent,52,Lingual R,-1.7881318180062744,0.9998000199980002,0.9288071192880712,0.99573277966321,0.07119288071192875,127,False,10000,0.16310096153846154,0.04002403846153846,2
Parkinson disease,parkinson,stringent,53,Occipital Sup L,-1.7206861265381335,0.9998000199980002,0.9506049395060494,0.99573277966321,0.04939506049395059,130,False,10000,0.34590570719602975,0.15130369882133998,4
Parkinson disease,parkinson,stringent,55,Occipital Mid L,-0.7193642792892501,0.9998000199980002,0.7261273872612739,0.9662542220354235,0.2738726127387261,98,False,10000,0.44999999999999996,0.5683002481389577,6
Parkinson disease,parkinson,stringent,56,Occipital Mid R,-0.14970692119029702,0.9378248221689459,0.5424457554244576,0.9215617764066291,0.4575542445755424,80,False,10000,0.653125,0.24687500000000007,2
Parkinson disease,parkinson,stringent,57,Occipital Inf L,-0.9747144435318922,0.9998000199980002,0.7936206379362064,0.9662542220354235,0.2063793620637936,111,False,10000,0.5307692307692308,0.19767563585607945,6
Parkinson disease,parkinson,stringent,58,Occipital Inf R,-0.2717959767147786,0.9431124303300007,0.5923407659234077,0.9215617764066291,0.4076592340765923,88,False,10000,0.5677884615384615,0.2552884615384616,2
Parkinson disease,parkinson,stringent,59,Fusiform L,0.8885908527534704,0.777966203379662,0.23177682231776822,0.8369163083691631,0.7682231776822318,33,False,10000,0.3216985887096774,0.300130854528536,6
Parkinson disease,parkinson,stringent,60,Fusiform R,-0.12018413113074274,0.9378248221689459,0.5376462353764624,0.9215617764066291,0.4623537646235376,79,False,10000,0.30528846153846156,0.11778846153846151,2
Parkinson disease,parkinson,stringent,61,Postcentral L,-0.6373403181027872,0.9998000199980002,0.718928107189281,0.9662542220354235,0.281071892810719,97,False,10000,0.4558312655086849,0.23560794044665012,6
Parkinson disease,parkinson,stringent,62,Postcentral R,-1.406400036122234,0.9998000199980002,0.8560143985601439,0.981059271122068,0.14398560143985606,119,False,10000,0.3286658653846154,0.1021033653846154,2
Parkinson disease,parkinson,stringent,63,Parietal Sup L,-1.0105042474102426,0.9998000199980002,0.8163183681631837,0.9662542220354235,0.1836816318368163,113,False,10000,0.4423076923076923,0.2522952853598015,6
Parkinson disease,parkinson,stringent,64,Parietal Sup R,-2.19890146267368,0.9998000199980002,0.9772022797720228,0.99573277966321,0.022797720227977214,135,False,10000,0.042548076923076925,0.011298076923076925,2
Parkinson disease,parkinson,stringent,65,Parietal Inf L,-0.6299719770096627,0.9998000199980002,0.7287271272872713,0.9662542220354235,0.2712728727127287,100,False,10000,0.5507444168734491,0.11234491315136474,6
Parkinson disease,parkinson,stringent,66,Parietal Inf R,-0.7220945928335263,0.9998000199980002,0.7496250374962504,0.9662542220354235,0.2503749625037496,102,False,10000,0.3780048076923077,0.2373798076923077,2
Parkinson disease,parkinson,stringent,67,SupraMarginal L,0.9906486419746822,0.777966203379662,0.18898110188981102,0.8369163083691631,0.811018898110189,26,False,10000,0.3477822580645161,0.5121665632754342,6
Parkinson disease,parkinson,stringent,68,SupraMarginal R,-0.9864522434287775,0.9998000199980002,0.801919808019198,0.9662542220354235,0.19808019198080196,112,False,10000,0.18125,0.11874999999999998,2
Parkinson disease,parkinson,stringent,69,Angular L,0.5421231071705314,0.7928899417750532,0.32696730326967305,0.8369163083691631,0.673032696730327,51,False,10000,0.4153846153846154,0.18557692307692308,5
Parkinson disease,parkinson,stringent,70,Angular R,-0.6842858584362679,0.9998000199980002,0.7624237576242375,0.9662542220354235,0.23757624237576247,104,False,10000,0.21286057692307692,0.040985576923076916,2
Parkinson disease,parkinson,stringent,71,Precuneus L,-2.093101044216657,0.9998000199980002,0.930906909309069,0.99573277966321,0.06909309069093095,128,False,10000,0.3066706730769231,0.17002268145161287,6
Parkinson disease,parkinson,stringent,72,Precuneus R,-0.007159925043819386,0.9254274572542747,0.5029497050294971,0.9215617764066291,0.4970502949705029,75,False,10000,0.22049278846153847,0.05643028846153847,2
Parkinson disease,parkinson,stringent,73,Paracentral Lobule L,-1.169749868420381,0.9998000199980002,0.8673132686731326,0.981059271122068,0.13268673132686737,122,False,10000,0.45306490384615383,0.1864328086228288,6
Parkinson disease,parkinson,stringent,74,Paracentral Lobule R,-0.8739656086237219,0.9998000199980002,0.7655234476552345,0.9662542220354235,0.2344765523447655,105,False,10000,0.5261418269230769,0.372295673076923,2
Parkinson disease,parkinson,stringent,75,Caudate L,-3.1331735076795306,0.9998000199980002,0.9949005099490051,0.9985001499850015,0.005099490050994859,137,False,10000,0.06580528846153846,0.05394599100496278,6
Parkinson disease,parkinson,stringent,76,Caudate R,-3.47315150203817,0.9998000199980002,0.9985001499850015,0.9985001499850015,0.0014998500149985272,138,False,10000,0.06568509615384616,0.026622596153846156,2
Parkinson disease,parkinson,stringent,77,Putamen L,-2.629952677366653,0.9998000199980002,0.9813018698130187,0.99573277966321,0.0186981301869813,136,False,10000,0.12013221153846154,0.07405300093052108,6
Parkinson disease,parkinson,stringent,78,Putamen R,-1.3885978962107104,0.9998000199980002,0.8647135286471352,0.981059271122068,0.13528647135286476,121,False,10000,0.34200721153846153,0.11893028846153847,2
Parkinson disease,parkinson,stringent,79,Pallidum L,-1.1856148755677114,0.9998000199980002,0.8262173782621738,0.9662542220354235,0.17378262173782622,118,False,10000,0.35384615384615387,0.24820099255583128,6
Parkinson disease,parkinson,stringent,80,Pallidum R,-0.8646262601587057,0.9998000199980002,0.7093290670932907,0.9662542220354235,0.2906709329067093,96,False,10000,0.4556490384615385,0.22127403846153842,2
Parkinson disease,parkinson,stringent,83,Heschl L,0.40080565812694724,0.8158990552557647,0.35136486351364865,0.8369163083691631,0.6486351364863514,56,False,10000,0.7419354838709677,0.4094292803970223,5
Parkinson disease,parkinson,stringent,84,Heschl R,0.26680458951687147,0.8228441861696183,0.39936006399360063,0.8369163083691631,0.6006399360063994,65,False,10000,0.5633413461538461,0.17103365384615382,2
Parkinson disease,parkinson,stringent,85,Temporal Sup L,0.8307711741157169,0.777966203379662,0.26477352264773524,0.8369163083691631,0.7352264773522648,39,False,10000,0.40108366935483875,0.14759712313895784,6
Parkinson disease,parkinson,stringent,86,Temporal Sup R,0.579890290464512,0.777966203379662,0.3047695230476952,0.8369163083691631,0.6952304769523048,47,False,10000,0.39681490384615387,0.1891225961538462,2
Parkinson disease,parkinson,stringent,87,Temporal Pole Sup L,0.09214993713191211,0.9017689780317744,0.47555244475552444,0.8989895530994845,0.5244475552444756,72,False,10000,0.40300480769230773,0.2965124844913152,6
Parkinson disease,parkinson,stringent,88,Temporal Pole Sup R,-0.053670150987153185,0.9378248221689459,0.5206479352064793,0.9215617764066291,0.47935206479352066,76,False,10000,0.7031850961538462,0.21087740384615383,2
Parkinson disease,parkinson,stringent,89,Temporal Mid L,0.9849779112627843,0.777966203379662,0.21237876212378762,0.8369163083691631,0.7876212378762124,29,False,10000,0.3935483870967742,0.04783266129032254,6
Parkinson disease,parkinson,stringent,90,Temporal Mid R,0.8667536959635586,0.777966203379662,0.26687331266873315,0.8369163083691631,0.7331266873312668,40,False,10000,0.5036658653846153,0.02710336538461544,2
Parkinson disease,parkinson,stringent,91,Temporal Pole Mid L,0.6185378437761031,0.777966203379662,0.2762723727627237,0.8369163083691631,0.7237276272372763,41,False,10000,0.6129032258064516,0.3397022332506203,4
Parkinson disease,parkinson,stringent,93,Temporal Inf L,0.6195135073882827,0.777966203379662,0.288971102889711,0.8369163083691631,0.7110288971102889,44,False,10000,0.5142679900744417,0.2093769385856079,6
Parkinson disease,parkinson,stringent,94,Temporal Inf R,2.145067103292697,0.4636336366363364,0.0458954104589541,0.8369163083691631,0.9541045895410459,6,False,10000,0.5802283653846154,0.1505408653846153,2
Parkinson disease,parkinson,stringent,95,Cerebellum Crus1 L,0.3569609609705346,0.8158990552557647,0.39916008399160086,0.8369163083691631,0.6008399160083991,64,False,10000,0.22022332506203474,0.23341055366004965,6
Parkinson disease,parkinson,stringent,96,Cerebellum Crus1 R,-1.0296839800627715,0.9998000199980002,0.7707229277072293,0.9662542220354235,0.22927707229277072,107,False,10000,0.6803485576923076,0.23503605769230773,2
Parkinson disease,parkinson,stringent,97,Cerebellum Crus2 L,-1.1681866275830484,0.9998000199980002,0.8173182681731826,0.9662542220354235,0.18268173182681735,114,False,10000,0.2251201923076923,0.2171506668734491,6
Parkinson disease,parkinson,stringent,98,Cerebellum Crus2 R,-1.5158848261019326,0.9998000199980002,0.9165083491650835,0.99573277966321,0.0834916508349165,126,False,10000,0.5213942307692307,0.24014423076923075,2
Parkinson disease,parkinson,stringent,101,Cerebellum 4 5 L,0.7115151182821594,0.777966203379662,0.28077192280771923,0.8369163083691631,0.7192280771922808,42,False,10000,0.75,0.4125930521091812,6
Parkinson disease,parkinson,stringent,102,Cerebellum 4 5 R,1.1049549543815578,0.777966203379662,0.17798220177982202,0.8369163083691631,0.822017798220178,24,False,10000,0.8323317307692308,0.12920673076923073,2
Parkinson disease,parkinson,stringent,103,Cerebellum 6 L,0.43478372534125215,0.8158990552557647,0.38766123387661233,0.8369163083691631,0.6123387661233877,60,False,10000,0.5987593052109181,0.19998061414392054,6
Parkinson disease,parkinson,stringent,104,Cerebellum 6 R,-0.22835933638391184,0.9378248221689459,0.5695430456954305,0.9215617764066291,0.43045695430456954,85,False,10000,0.3353966346153846,0.2661658653846154,2
Parkinson disease,parkinson,stringent,105,Cerebellum 7b L,-1.9319299498875433,0.9998000199980002,0.9631036896310369,0.99573277966321,0.036896310368963126,132,False,10000,0.15719602977667496,0.09832506203473945,6
Parkinson disease,parkinson,stringent,106,Cerebellum 7b R,-1.7857200765272687,0.9998000199980002,0.9422057794220577,0.99573277966321,0.05779422057794226,129,False,10000,0.3463341346153846,0.32289663461538465,2
Parkinson disease,parkinson,stringent,107,Cerebellum 8 L,-2.3530071324563817,0.9998000199980002,0.9741025897410259,0.99573277966321,0.025897410258974074,134,False,10000,0.3063275434243176,0.27233250620347393,6
Parkinson disease,parkinson,stringent,108,Cerebellum 8 R,-1.657303715378937,0.9998000199980002,0.9552044795520448,0.99573277966321,0.044795520447955206,131,False,10000,0.3096153846153846,0.059615384615384626,2
Parkinson disease,parkinson,stringent,109,Cerebellum 9 L,-0.44775676929048064,0.9998000199980002,0.6506349365063494,0.9654582928803894,0.3493650634936506,93,False,10000,0.22580645161290322,0.19380040322580644,5
Parkinson disease,parkinson,stringent,110,Cerebellum 9 R,-1.7647472826386879,0.9998000199980002,0.9675032496750325,0.99573277966321,0.03249675032496746,133,False,10000,0.18131009615384616,0.11099759615384613,2
Parkinson disease,parkinson,stringent,111,Cerebellum 10 L,1.120779405020145,0.777966203379662,0.2126787321267873,0.8369163083691631,0.7873212678732127,30,False,10000,0.9846153846153847,0.3548387096774194,3
Parkinson disease,parkinson,stringent,118,Vermis 8,1.1222148592982168,0.777966203379662,0.30646935306469353,0.8369163083691631,0.6935306469353064,48,False,10000,0.9765625,0.2961538461538462,3
Parkinson disease,parkinson,stringent,119,Vermis 9,0.7592375106443647,0.777966203379662,0.2323767623237676,0.8369163083691631,0.7676232376762324,34,False,10000,0.6895432692307693,0.13491586538461542,4
Parkinson disease,parkinson,stringent,121,Thal AV L,-0.04979074959992652,0.9378248221689459,0.5282471752824718,0.9215617764066291,0.4717528247175282,77,False,10000,0.8109181141439206,0.20093052109181142,4
Parkinson disease,parkinson,stringent,122,Thal AV R,0.25835152295777036,0.8228441861696183,0.39906009399060094,0.8369163083691631,0.6009399060093991,63,False,10000,0.5228365384615384,0.44591346153846145,2
Parkinson disease,parkinson,stringent,125,Thal VA L,0.3826745973447755,0.8158990552557647,0.3421657834216578,0.8369163083691631,0.6578342165783422,55,False,10000,0.9076923076923077,0.12968749999999996,5
Parkinson disease,parkinson,stringent,127,Thal VL L,0.06667600264452003,0.9037151079412606,0.47125287471252875,0.8989895530994845,0.5287471252874713,71,False,10000,0.6083126550868487,0.3212216966501241,6
Parkinson disease,parkinson,stringent,128,Thal VL R,1.533241208348418,0.777966203379662,0.10768923107689231,0.8369163083691631,0.8923107689231077,14,False,10000,0.8330528846153846,0.036177884615384626,2
Parkinson disease,parkinson,stringent,129,Thal VPL L,-0.14985806057178866,0.9378248221689459,0.5593440655934406,0.9215617764066291,0.44065593440655937,82,False,10000,0.6693548387096775,0.23939205955334997,6
Parkinson disease,parkinson,stringent,130,Thal VPL R,-0.19145137276706983,0.9378248221689459,0.5540445955404459,0.9215617764066291,0.44595540445955406,81,False,10000,0.7778245192307692,0.16063701923076912,2
Parkinson disease,parkinson,stringent,131,Thal IL L,-0.7549659306872787,0.9998000199980002,0.7694230576942306,0.9662542220354235,0.23057694230576942,106,False,10000,0.8615384615384616,0.04168734491315129,5
Parkinson disease,parkinson,stringent,135,Thal MDm L,1.0624408151211786,0.777966203379662,0.16728327167283272,0.8369163083691631,0.8327167283271673,22,False,10000,0.16129032258064516,0.29302884615384617,3
Parkinson disease,parkinson,stringent,136,Thal MDm R,1.7262358612953788,0.777966203379662,0.0832916708329167,0.8369163083691631,0.9167083291670833,10,False,10000,0.6365985576923077,0.12121394230769234,2
Parkinson disease,parkinson,stringent,137,Thal MDl L,1.1595535950658011,0.777966203379662,0.11998800119988001,0.8369163083691631,0.88001199880012,16,False,10000,0.35384615384615387,0.27866004962779156,3
Parkinson disease,parkinson,stringent,139,Thal LGN L,0.6329871029246116,0.777966203379662,0.24857514248575144,0.8369163083691631,0.7514248575142486,37,False,10000,0.9230769230769231,0.3823821339950373,5
Parkinson disease,parkinson,stringent,140,Thal LGN R,0.81396503491762,0.777966203379662,0.2435756424357564,0.8369163083691631,0.7564243575642435,35,False,10000,0.8752403846153847,0.09399038461538456,2
Parkinson disease,parkinson,stringent,141,Thal MGN L,1.819910508588807,0.777966203379662,0.041495850414958506,0.8369163083691631,0.9585041495850415,5,False,10000,0.9615384615384616,0.007692307692307665,2
Parkinson disease,parkinson,stringent,143,Thal PuI L,0.3482654109389111,0.8158990552557647,0.35776422357764226,0.8369163083691631,0.6422357764223577,58,False,10000,0.9576923076923076,0.019230769230769273,2
Parkinson disease,parkinson,stringent,144,Thal PuI R,0.05351867069769996,0.9037151079412606,0.47555244475552444,0.8989895530994845,0.5244475552444756,72,False,10000,0.7423076923076923,0.24230769230769234,2
Parkinson disease,parkinson,stringent,145,Thal PuM L,1.6167039465434476,0.777966203379662,0.028997100289971003,0.8369163083691631,0.971002899710029,3,False,10000,0.8125,0.2156327543424318,5
Parkinson disease,parkinson,stringent,146,Thal PuM R,2.2260924430555895,0.4636336366363364,0.0362963703629637,0.8369163083691631,0.9637036296370363,4,False,10000,0.8329927884615385,0.04393028846153846,2
Parkinson disease,parkinson,stringent,147,Thal PuA L,0.39231949882472433,0.8158990552557647,0.33796620337966204,0.8369163083691631,0.662033796620338,54,False,10000,0.8923076923076924,0.1574441687344913,3
Parkinson disease,parkinson,stringent,148,Thal PuA R,0.5292533489773396,0.7928899417750532,0.3244675532446755,0.8369163083691631,0.6755324467553245,49,False,10000,0.5457932692307692,0.40733173076923074,2
Parkinson disease,parkinson,stringent,153,ACC pre L,1.1862373045313395,0.777966203379662,0.13038696130386962,0.8369163083691631,0.8696130386961304,18,False,10000,0.15384615384615385,0.36907762096774194,3
Parkinson disease,parkinson,stringent,154,ACC pre R,0.3393780214909505,0.8158990552557647,0.3885611438856114,0.8369163083691631,0.6114388561143886,61,False,10000,0.8341947115384616,0.11111778846153852,2
Parkinson disease,parkinson,stringent,155,ACC sup L,0.8850470239010735,0.777966203379662,0.20617938206179381,0.8369163083691631,0.7938206179382061,28,False,10000,0.365625,0.40235344292803976,6
Parkinson disease,parkinson,stringent,156,ACC sup R,-0.7738826098519455,0.9998000199980002,0.7732226777322267,0.9662542220354235,0.22677732226777325,108,False,10000,0.6118389423076923,0.0727764423076922,2
Parkinson disease,parkinson,stringent,157,N Acc L,-0.44529239707950186,0.9998000199980002,0.6379362063793621,0.9569043095690432,0.3620637936206379,92,False,10000,0.5384615384615384,0.3037220843672457,5
Parkinson disease,parkinson,stringent,158,N Acc R,-1.5760493780559166,0.9998000199980002,0.8591140885911409,0.981059271122068,0.1408859114088591,120,False,10000,0.38155048076923076,0.2799879807692308,2
Parkinson disease,parkinson,stringent,161,SN pc L,1.2834083867088308,0.777966203379662,0.1558844115588441,0.8369163083691631,0.8441155884411559,20,False,10000,0.7689012096774194,0.05922379032258074,2
Parkinson disease,parkinson,stringent,163,SN pr L,0.34305831346805293,0.8171849481718495,0.35806419358064195,0.8369163083691631,0.6419358064193581,59,False,10000,0.45161290322580644,0.4461538461538461,5
Parkinson disease,parkinson,stringent,164,SN pr R,1.4733875683170163,0.777966203379662,0.049595040495950406,0.8369163083691631,0.9504049595040496,7,False,10000,0.5260817307692308,0.3645432692307692,2
Parkinson disease,parkinson,stringent,165,Red N L,0.6585641919633589,0.777966203379662,0.35136486351364865,0.8369163083691631,0.6486351364863514,56,False,10000,0.4076923076923077,0.20832331730769232,4
Parkinson disease,parkinson,stringent,166,Red N R,1.1724528104602112,0.777966203379662,0.09349065093490651,0.8369163083691631,0.9065093490650935,11,False,10000,0.8606370192307693,0.022175480769230815,2
Parkinson disease,parkinson,stringent,167,LC L,0.5938716622253115,0.777966203379662,0.1877812218778122,0.8369163083691631,0.8122187781221878,25,False,10000,0.48461538461538467,0.4330839019851116,4
Parkinson disease,parkinson,stringent,168,LC R,-0.1541933482106196,0.9378248221689459,0.6045395460453955,0.9239010164917574,0.3954604539546045,90,False,10000,0.13088942307692308,0.11526442307692308,2
Parkinson disease,parkinson,stringent,169,Raphe D,0.598934498645856,0.777966203379662,0.33536646335366466,0.8369163083691631,0.6646335366463354,53,False,10000,0.2647235576923077,0.14933894230769232,2
Parkinson disease,parkinson,stringent,170,Raphe M,0.11628697255546568,0.8872512748725127,0.42825717428257176,0.8442784292999271,0.5717428257174282,70,False,10000,0.453125,0.3384615384615385,3
Parkinson disease,parkinson,weighted,1,Precentral L,-0.031946329552361735,0.9346840315968402,0.5192480751924807,0.9417558244175582,0.48075192480751927,75,False,10000,0.5044471153846154,0.19707467431761783,6
Parkinson disease,parkinson,weighted,2,Precentral R,-0.6985837742051895,0.9983630208407731,0.746025397460254,0.9668310479876382,0.253974602539746,105,False,10000,0.3451923076923077,0.029807692307692313,2
Parkinson disease,parkinson,weighted,3,Frontal Sup 2 L,1.465250837550306,0.7155570157269987,0.14308569143085692,0.8558280535582807,0.8569143085691431,19,False,10000,0.5483870967741935,0.40614143920595536,6
Parkinson disease,parkinson,weighted,4,Frontal Sup 2 R,2.093181760563216,0.5077892210778922,0.0491950804919508,0.8558280535582807,0.9508049195080492,6,False,10000,0.6410456730769231,0.19489182692307694,2
Parkinson disease,parkinson,weighted,5,Frontal Mid 2 L,0.24432961100922207,0.8672223686722237,0.42845715428457154,0.9417558244175582,0.5715428457154285,60,False,10000,0.5769230769230769,0.22047146401985107,6
Parkinson disease,parkinson,weighted,6,Frontal Mid 2 R,-0.7929875209745681,1.0,0.7635236476352365,0.9668310479876382,0.2364763523647635,106,False,10000,0.3774639423076923,0.1928485576923077,2
Parkinson disease,parkinson,weighted,7,Frontal Inf Oper L,0.6038116609514745,0.7592000799920008,0.2916708329167083,0.8593780621937805,0.7083291670832916,46,False,10000,0.3387096774193548,0.3038461538461538,3
Parkinson disease,parkinson,weighted,8,Frontal Inf Oper R,-0.5202226210725134,0.957013913993216,0.7224277572242775,0.9668310479876382,0.27757224277572246,101,False,10000,0.2775841346153846,0.1916466346153846,2
Parkinson disease,parkinson,weighted,9,Frontal Inf Tri L,0.3011695761828808,0.8672223686722237,0.41305869413058693,0.9417558244175582,0.5869413058694131,58,False,10000,0.7126802884615384,0.3466375232630272,6
Parkinson disease,parkinson,weighted,10,Frontal Inf Tri R,-0.7830559794154338,1.0,0.742025797420258,0.9668310479876382,0.257974202579742,104,False,10000,0.47061298076923075,0.2090745192307692,2
Parkinson disease,parkinson,weighted,11,Frontal Inf Orb 2 L,1.3514219379593178,0.7155570157269987,0.09769023097690231,0.8558280535582807,0.9023097690230977,10,False,10000,0.7358774038461539,0.2558826380272953,6
Parkinson disease,parkinson,weighted,12,Frontal Inf Orb 2 R,-0.9427206469962655,1.0,0.8027197280271973,0.9668310479876382,0.19728027197280273,112,False,10000,0.5332932692307693,0.20516826923076925,2
Parkinson disease,parkinson,weighted,13,Rolandic Oper L,1.0100565718647734,0.7187547911875478,0.21707829217078292,0.8558280535582807,0.7829217078292171,31,False,10000,0.5800248138957816,0.3503722084367246,6
Parkinson disease,parkinson,weighted,14,Rolandic Oper R,-0.8997814336293204,1.0,0.7988201179882012,0.9668310479876382,0.20117988201179882,108,False,10000,0.7711538461538461,0.02115384615384619,2
Parkinson disease,parkinson,weighted,15,Supp Motor Area L,0.9654574138017622,0.7187547911875478,0.1812818718128187,0.8558280535582807,0.8187181281871813,26,False,10000,0.5946650124069479,0.5065136476426799,6
Parkinson disease,parkinson,weighted,16,Supp Motor Area R,-0.21500136737526918,0.9472346882958763,0.5947405259474052,0.9417558244175582,0.40525947405259477,84,False,10000,0.41532451923076924,0.07686298076923082,2
Parkinson disease,parkinson,weighted,17,Olfactory L,-0.09825511757512621,0.9346840315968402,0.5396460353964604,0.9417558244175582,0.4603539646035396,78,False,10000,0.2884615384615385,0.4245318315756824,4
Parkinson disease,parkinson,weighted,18,Olfactory R,-1.384672488213768,1.0,0.9291070892910709,0.982001799820018,0.07089291070892911,128,False,10000,0.11316105769230769,0.0977764423076923,2
Parkinson disease,parkinson,weighted,19,Frontal Sup Medial L,0.9336302932923506,0.7187547911875478,0.23367663233676633,0.8558280535582807,0.7663233676632337,35,False,10000,0.7457157258064516,0.15492982320099258,6
Parkinson disease,parkinson,weighted,20,Frontal Sup Medial R,2.633686530481111,0.26907309269073093,0.011498850114988501,0.7129287071292871,0.9885011498850115,2,False,10000,0.7191105769230769,0.2652644230769231,2
Parkinson disease,parkinson,weighted,21,Frontal Med Orb L,0.8105699805681063,0.7187547911875478,0.2645735426457354,0.8558280535582807,0.7354264573542646,42,False,10000,0.8529485887096775,0.2840425325682382,6
Parkinson disease,parkinson,weighted,22,Frontal Med Orb R,1.1640362429014095,0.7181031896810319,0.13638636136386362,0.8558280535582807,0.8636136386361364,17,False,10000,0.895673076923077,0.04182692307692315,2
Parkinson disease,parkinson,weighted,23,Rectus L,1.3489755488370208,0.7155570157269987,0.20707929207079293,0.8558280535582807,0.7929207079292071,30,False,10000,0.6819711538461539,0.3152799317617866,6
Parkinson disease,parkinson,weighted,24,Rectus R,1.027955078492678,0.7187547911875478,0.1670832916708329,0.8558280535582807,0.8329167083291671,21,False,10000,0.8605769230769231,0.014423076923076983,2
Parkinson disease,parkinson,weighted,25,OFCmed L,0.12345754951482325,0.9120693564446373,0.48085191480851913,0.9417558244175582,0.5191480851914809,69,False,10000,0.6038461538461538,0.3327688818238213,6
Parkinson disease,parkinson,weighted,26,OFCmed R,0.819682171372166,0.7187547911875478,0.21747825217478253,0.8558280535582807,0.7825217478252174,32,False,10000,0.7378605769230769,0.18401442307692295,2
Parkinson disease,parkinson,weighted,27,OFCant L,0.5056176471635534,0.8298111365334054,0.37006299370062995,0.9417558244175582,0.6299370062993701,53,False,10000,0.8362282878411911,0.35098674007444175,6
Parkinson disease,parkinson,weighted,28,OFCant R,3.0566367753650683,0.1793820617938206,0.008999100089991,0.7129287071292871,0.991000899910009,1,False,10000,0.9266225961538461,0.034314903846153766,2
Parkinson disease,parkinson,weighted,29,OFCpost L,0.2438350413907384,0.8672223686722237,0.4380561943805619,0.9417558244175582,0.5619438056194381,64,False,10000,0.4193548387096774,0.07729528535980151,6
Parkinson disease,parkinson,weighted,30,OFCpost R,0.00713716069014408,0.9346840315968402,0.5046495350464953,0.9417558244175582,0.49535046495350465,72,False,10000,0.7087139423076922,0.07590144230769236,2
Parkinson disease,parkinson,weighted,31,OFClat L,-0.48141090061719377,0.957013913993216,0.6648335166483351,0.9417558244175582,0.3351664833516649,96,False,10000,0.42741935483870963,0.7443548387096773,4
Parkinson disease,parkinson,weighted,32,OFClat R,-0.006347286004016285,0.9346840315968402,0.5093490650934906,0.9417558244175582,0.49065093490650935,73,False,10000,0.7216947115384615,0.09861778846153846,2
Parkinson disease,parkinson,weighted,33,Insula L,-0.013307990792264855,0.9346840315968402,0.5189481051894811,0.9417558244175582,0.4810518948105189,74,False,10000,0.45384615384615384,0.2932382133995038,6
Parkinson disease,parkinson,weighted,34,Insula R,-0.3001987045699881,0.955220606971561,0.6296370362963704,0.9417558244175582,0.37036296370362964,91,False,10000,0.40775240384615385,0.10006009615384615,2
Parkinson disease,parkinson,weighted,37,Cingulate Mid L,1.7301977851209203,0.6684664866846648,0.04689531046895311,0.8558280535582807,0.9531046895310469,5,False,10000,0.5903225806451613,0.18368486352357316,6
Parkinson disease,parkinson,weighted,38,Cingulate Mid R,1.2929431101525473,0.7155570157269987,0.13188681131886812,0.8558280535582807,0.8681131886811319,16,False,10000,0.44092548076923077,0.12061298076923083,2
Parkinson disease,parkinson,weighted,39,Cingulate Post L,-1.261541819765854,1.0,0.8626137386261374,0.982001799820018,0.13738626137386256,121,False,10000,0.5161290322580645,0.38894230769230764,5
Parkinson disease,parkinson,weighted,41,Hippocampus L,1.741246693186499,0.6684664866846648,0.08709129087091291,0.8558280535582807,0.9129087091290871,9,False,10000,0.5961538461538461,0.15352822580645165,6
Parkinson disease,parkinson,weighted,42,Hippocampus R,0.7832554018287461,0.7187547911875478,0.29547045295470453,0.8593780621937805,0.7045295470452955,47,False,10000,0.4201923076923077,0.20480769230769236,2
Parkinson disease,parkinson,weighted,43,ParaHippocampal L,0.10515584189632933,0.9120693564446373,0.47685231476852313,0.9417558244175582,0.5231476852314769,68,False,10000,0.4395781637717121,0.33394172611662537,6
Parkinson disease,parkinson,weighted,44,ParaHippocampal R,0.23781362179690743,0.8672223686722237,0.44845515448455153,0.9417558244175582,0.5515448455154485,65,False,10000,0.6508413461538461,0.041466346153846034,2
Parkinson disease,parkinson,weighted,45,Amygdala L,1.5387176061019034,0.7155570157269987,0.07699230076992301,0.8558280535582807,0.923007699230077,7,False,10000,0.6612903225806451,0.3307692307692308,5
Parkinson disease,parkinson,weighted,46,Amygdala R,1.1991748741546875,0.7155570157269987,0.19108089191080893,0.8558280535582807,0.8089191080891911,27,False,10000,0.41388221153846155,0.39080528846153845,2
Parkinson disease,parkinson,weighted,47,Calcarine L,-1.0197019693810563,1.0,0.8306169383061693,0.9668310479876382,0.16938306169383066,117,False,10000,0.21862399193548387,0.23088651519851117,6
Parkinson disease,parkinson,weighted,48,Calcarine R,-0.05258149720754251,0.9346840315968402,0.5268473152684732,0.9417558244175582,0.47315268473152683,76,False,10000,0.1891826923076923,0.0954326923076923,2
Parkinson disease,parkinson,weighted,49,Cuneus L,-1.060334604199404,1.0,0.8014198580141986,0.9668310479876382,0.19858014198580143,111,False,10000,0.1774193548387097,0.1655048076923077,5
Parkinson disease,parkinson,weighted,51,Lingual L,-1.5768865408070354,1.0,0.927007299270073,0.982001799820018,0.07299270072992703,126,False,10000,0.11451612903225807,0.17850302419354838,6
Parkinson disease,parkinson,weighted,52,Lingual R,-1.692600419771544,1.0,0.9214078592140786,0.982001799820018,0.07859214078592136,125,False,10000,0.16310096153846154,0.04002403846153846,2
Parkinson disease,parkinson,weighted,53,Occipital Sup L,-0.9807699465916291,1.0,0.8337166283371663,0.9668310479876382,0.1662833716628337,119,False,10000,0.34590570719602975,0.15130369882133998,4
Parkinson disease,parkinson,weighted,55,Occipital Mid L,-0.38472716922528866,0.955220606971561,0.6517348265173483,0.9417558244175582,0.34826517348265174,93,False,10000,0.44999999999999996,0.5683002481389577,6
Parkinson disease,parkinson,weighted,56,Occipital Mid R,0.9667787134330533,0.7187547911875478,0.2545745425457454,0.8558280535582807,0.7454254574542546,40,False,10000,0.653125,0.24687500000000007,2
Parkinson disease,parkinson,weighted,57,Occipital Inf L,-0.8509940781331572,1.0,0.7674232576742326,0.9668310479876382,0.23257674232576742,107,False,10000,0.5307692307692308,0.19767563585607945,6
Parkinson disease,parkinson,weighted,58,Occipital Inf R,0.2006186733372514,0.8752856057677815,0.45115488451154884,0.9417558244175582,0.5488451154884512,66,False,10000,0.5677884615384615,0.2552884615384616,2
Parkinson disease,parkinson,weighted,59,Fusiform L,0.7697751437272279,0.7187547911875478,0.27287271272872715,0.8558280535582807,0.7271272872712728,44,False,10000,0.3216985887096774,0.300130854528536,6
Parkinson disease,parkinson,weighted,60,Fusiform R,-0.5380084473944653,0.957013913993216,0.6644335566443356,0.9417558244175582,0.33556644335566443,95,False,10000,0.30528846153846156,0.11778846153846151,2
Parkinson disease,parkinson,weighted,61,Postcentral L,-0.5157873172162271,0.957013913993216,0.6808319168083191,0.9417558244175582,0.3191680831916809,99,False,10000,0.4558312655086849,0.23560794044665012,6
Parkinson disease,parkinson,weighted,62,Postcentral R,-1.2185067353887806,1.0,0.8013198680131987,0.9668310479876382,0.19868013198680134,110,False,10000,0.3286658653846154,0.1021033653846154,2
Parkinson disease,parkinson,weighted,63,Parietal Sup L,-0.21091883126843108,0.9472346882958763,0.6000399960003999,0.9417558244175582,0.3999600039996001,85,False,10000,0.4423076923076923,0.2522952853598015,6
Parkinson disease,parkinson,weighted,64,Parietal Sup R,-2.0039868348761876,1.0,0.9393060693930607,0.982001799820018,0.060693930606939284,131,False,10000,0.042548076923076925,0.011298076923076925,2
Parkinson disease,parkinson,weighted,65,Parietal Inf L,-0.2973858086035343,0.955220606971561,0.6164383561643836,0.9417558244175582,0.3835616438356164,88,False,10000,0.5507444168734491,0.11234491315136474,6
Parkinson disease,parkinson,weighted,66,Parietal Inf R,-0.3063573908861823,0.955220606971561,0.6069393060693931,0.9417558244175582,0.39306069393060694,87,False,10000,0.3780048076923077,0.2373798076923077,2
Parkinson disease,parkinson,weighted,67,SupraMarginal L,1.36971166545263,0.7155570157269987,0.12908709129087093,0.8558280535582807,0.8709129087091291,15,False,10000,0.3477822580645161,0.5121665632754342,6
Parkinson disease,parkinson,weighted,68,SupraMarginal R,-1.863263415238271,1.0,0.9376062393760624,0.982001799820018,0.062393760623937644,130,False,10000,0.18125,0.11874999999999998,2
Parkinson disease,parkinson,weighted,69,Angular L,0.9220156011817656,0.7187547911875478,0.23467653234676533,0.8558280535582807,0.7653234676532347,36,False,10000,0.4153846153846154,0.18557692307692308,5
Parkinson disease,parkinson,weighted,70,Angular R,-0.0793874786815318,0.9346840315968402,0.5488451154884512,0.9417558244175582,0.45115488451154884,79,False,10000,0.21286057692307692,0.040985576923076916,2
Parkinson disease,parkinson,weighted,71,Precuneus L,-1.6705120010413874,1.0,0.9125087491250875,0.982001799820018,0.0874912508749125,124,False,10000,0.3066706730769231,0.17002268145161287,6
Parkinson disease,parkinson,weighted,72,Precuneus R,0.2311696854780201,0.8672223686722237,0.45795420457954206,0.9417558244175582,0.5420457954204579,67,False,10000,0.22049278846153847,0.05643028846153847,2
Parkinson disease,parkinson,weighted,73,Paracentral Lobule L,-0.3684877489491572,0.955220606971561,0.6320367963203679,0.9417558244175582,0.3679632036796321,92,False,10000,0.45306490384615383,0.1864328086228288,6
Parkinson disease,parkinson,weighted,74,Paracentral Lobule R,-0.5629137848585595,0.957013913993216,0.6824317568243176,0.9417558244175582,0.31756824317568244,100,False,10000,0.5261418269230769,0.372295673076923,2
Parkinson disease,parkinson,weighted,75,Caudate L,-3.6356871631113097,1.0,0.9982001799820018,0.9986001399860014,0.001799820017998166,137,False,10000,0.06580528846153846,0.05394599100496278,6
Parkinson disease,parkinson,weighted,76,Caudate R,-3.740427986118951,1.0,0.9986001399860014,0.9986001399860014,0.0013998600139986106,138,False,10000,0.06568509615384616,0.026622596153846156,2
Parkinson disease,parkinson,weighted,77,Putamen L,-2.687272962155727,1.0,0.985001499850015,0.9986001399860014,0.01499850014998505,136,False,10000,0.12013221153846154,0.07405300093052108,6
Parkinson disease,parkinson,weighted,78,Putamen R,-1.1686536592456116,1.0,0.8192180781921807,0.9668310479876382,0.18078192180781927,115,False,10000,0.34200721153846153,0.11893028846153847,2
Parkinson disease,parkinson,weighted,79,Pallidum L,-1.906291948323205,1.0,0.9365063493650635,0.982001799820018,0.0634936506349365,129,False,10000,0.35384615384615387,0.24820099255583128,6
Parkinson disease,parkinson,weighted,80,Pallidum R,-2.0829869261569938,1.0,0.9275072492750724,0.982001799820018,0.07249275072492756,127,False,10000,0.4556490384615385,0.22127403846153842,2
Parkinson disease,parkinson,weighted,83,Heschl L,0.7524417577429183,0.7187547911875478,0.25307469253074694,0.8558280535582807,0.746925307469253,38,False,10000,0.7419354838709677,0.4094292803970223,5
Parkinson disease,parkinson,weighted,84,Heschl R,0.21864909693870932,0.8672223686722237,0.42985701429857015,0.9417558244175582,0.5701429857014298,61,False,10000,0.5633413461538461,0.17103365384615382,2
Parkinson disease,parkinson,weighted,85,Temporal Sup L,0.24315873146855738,0.8672223686722237,0.43775622437756223,0.9417558244175582,0.5622437756224378,63,False,10000,0.40108366935483875,0.14759712313895784,6
Parkinson disease,parkinson,weighted,86,Temporal Sup R,1.0843470163362237,0.7187547911875478,0.17848215178482152,0.8558280535582807,0.8215178482151785,24,False,10000,0.39681490384615387,0.1891225961538462,2
Parkinson disease,parkinson,weighted,87,Temporal Pole Sup L,0.0768026927109797,0.9120693564446373,0.4841515848415158,0.9417558244175582,0.5158484151584841,70,False,10000,0.40300480769230773,0.2965124844913152,6
Parkinson disease,parkinson,weighted,88,Temporal Pole Sup R,0.076734121609393,0.9120693564446373,0.48995100489951005,0.9417558244175582,0.51004899510049,71,False,10000,0.7031850961538462,0.21087740384615383,2
Parkinson disease,parkinson,weighted,89,Temporal Mid L,0.7255168606938122,0.7187547911875478,0.3113688631136886,0.8593780621937805,0.6886311368863114,50,False,10000,0.3935483870967742,0.04783266129032254,6
Parkinson disease,parkinson,weighted,90,Temporal Mid R,0.3459558177118313,0.8672223686722237,0.41105889411058893,0.9417558244175582,0.5889411058894111,57,False,10000,0.5036658653846153,0.02710336538461544,2
Parkinson disease,parkinson,weighted,91,Temporal Pole Mid L,0.4397646638255156,0.8672223686722237,0.3668633136686331,0.9417558244175582,0.6331366863313669,52,False,10000,0.6129032258064516,0.3397022332506203,4
Parkinson disease,parkinson,weighted,93,Temporal Inf L,0.6229489796876901,0.7592000799920008,0.29917008299170084,0.8593780621937805,0.7008299170082992,48,False,10000,0.5142679900744417,0.2093769385856079,6
Parkinson disease,parkinson,weighted,94,Temporal Inf R,1.7434500685328211,0.6684664866846648,0.09919008099190081,0.8558280535582807,0.9008099190080991,11,False,10000,0.5802283653846154,0.1505408653846153,2
Parkinson disease,parkinson,weighted,95,Cerebellum Crus1 L,0.3152275042548133,0.8672223686722237,0.4266573342665733,0.9417558244175582,0.5733426657334266,59,False,10000,0.22022332506203474,0.23341055366004965,6
Parkinson disease,parkinson,weighted,96,Cerebellum Crus1 R,-0.5754593094930522,0.957013913993216,0.6599340065993401,0.9417558244175582,0.3400659934006599,94,False,10000,0.6803485576923076,0.23503605769230773,2
Parkinson disease,parkinson,weighted,97,Cerebellum Crus2 L,-1.4181327897601583,1.0,0.8536146385361464,0.9816568343165684,0.1463853614638536,120,False,10000,0.2251201923076923,0.2171506668734491,6
Parkinson disease,parkinson,weighted,98,Cerebellum Crus2 R,-1.7882923576559542,1.0,0.9528047195280472,0.9878789898787899,0.04719528047195276,133,False,10000,0.5213942307692307,0.24014423076923075,2
Parkinson disease,parkinson,weighted,101,Cerebellum 4 5 L,1.1185608459243614,0.7187547911875478,0.1927807219278072,0.8558280535582807,0.8072192780721927,28,False,10000,0.75,0.4125930521091812,6
Parkinson disease,parkinson,weighted,102,Cerebellum 4 5 R,1.1477157252670376,0.7181031896810319,0.18118188181181882,0.8558280535582807,0.8188181181881812,25,False,10000,0.8323317307692308,0.12920673076923073,2
Parkinson disease,parkinson,weighted,103,Cerebellum 6 L,0.41714504579170036,0.8672223686722237,0.40435956404359563,0.9417558244175582,0.5956404359564044,56,False,10000,0.5987593052109181,0.19998061414392054,6
Parkinson disease,parkinson,weighted,104,Cerebellum 6 R,-0.36030254447440135,0.955220606971561,0.617038296170383,0.9417558244175582,0.38296170382961703,89,False,10000,0.3353966346153846,0.2661658653846154,2
Parkinson disease,parkinson,weighted,105,Cerebellum 7b L,-2.0214757304464572,1.0,0.9664033596640336,0.9878789898787899,0.03359664033596643,135,False,10000,0.15719602977667496,0.09832506203473945,6
Parkinson disease,parkinson,weighted,106,Cerebellum 7b R,-1.4907329807391219,1.0,0.8938106189381062,0.982001799820018,0.1061893810618938,123,False,10000,0.3463341346153846,0.32289663461538465,2
Parkinson disease,parkinson,weighted,107,Cerebellum 8 L,-2.0916111108976527,1.0,0.9632036796320368,0.9878789898787899,0.03679632036796321,134,False,10000,0.3063275434243176,0.27233250620347393,6
Parkinson disease,parkinson,weighted,108,Cerebellum 8 R,-1.5681944564148804,1.0,0.9393060693930607,0.982001799820018,0.060693930606939284,131,False,10000,0.3096153846153846,0.059615384615384626,2
Parkinson disease,parkinson,weighted,109,Cerebellum 9 L,-1.1373682109049663,1.0,0.8297170282971703,0.9668310479876382,0.1702829717028297,116,False,10000,0.22580645161290322,0.19380040322580644,5
Parkinson disease,parkinson,weighted,110,Cerebellum 9 R,-1.0534209077215881,1.0,0.8708129187081292,0.982001799820018,0.12918708129187084,122,False,10000,0.18131009615384616,0.11099759615384613,2
Parkinson disease,parkinson,weighted,111,Cerebellum 10 L,1.5754982225504504,0.7155570157269987,0.1367863213678632,0.8558280535582807,0.8632136786321368,18,False,10000,0.9846153846153847,0.3548387096774194,3
Parkinson disease,parkinson,weighted,118,Vermis 8,1.3049648430928629,0.7155570157269987,0.3103689631036896,0.8593780621937805,0.6896310368963103,49,False,10000,0.9765625,0.2961538461538462,3
Parkinson disease,parkinson,weighted,119,Vermis 9,0.7942421585578607,0.7187547911875478,0.22407759224077592,0.8558280535582807,0.775922407759224,33,False,10000,0.6895432692307693,0.13491586538461542,4
Parkinson disease,parkinson,weighted,121,Thal AV L,0.33541919818296323,0.8672223686722237,0.39006099390060994,0.9417558244175582,0.6099390060993901,55,False,10000,0.8109181141439206,0.20093052109181142,4
Parkinson disease,parkinson,weighted,122,Thal AV R,-0.17617232415286327,0.9472346882958763,0.58994100589941,0.9417558244175582,0.41005899410059,83,False,10000,0.5228365384615384,0.44591346153846145,2
Parkinson disease,parkinson,weighted,125,Thal VA L,-0.9250368100522689,1.0,0.8321167883211679,0.9668310479876382,0.16788321167883213,118,False,10000,0.9076923076923077,0.12968749999999996,5
Parkinson disease,parkinson,weighted,127,Thal VL L,-0.4021435235278794,0.957013913993216,0.6657334266573343,0.9417558244175582,0.33426657334266574,97,False,10000,0.6083126550868487,0.3212216966501241,6
Parkinson disease,parkinson,weighted,128,Thal VL R,1.8210236317945234,0.6684664866846648,0.08489151084891511,0.8558280535582807,0.9151084891510849,8,False,10000,0.8330528846153846,0.036177884615384626,2
Parkinson disease,parkinson,weighted,129,Thal VPL L,-0.5852835096097303,0.957013913993216,0.7228277172282772,0.9668310479876382,0.2771722827717228,102,False,10000,0.6693548387096775,0.23939205955334997,6
Parkinson disease,parkinson,weighted,130,Thal VPL R,-0.11216240049464604,0.9346840315968402,0.5502449755024498,0.9417558244175582,0.4497550244975502,80,False,10000,0.7778245192307692,0.16063701923076912,2
Parkinson disease,parkinson,weighted,131,Thal IL L,-0.15733648758842775,0.9472346882958763,0.5693430656934306,0.9417558244175582,0.43065693430656937,81,False,10000,0.8615384615384616,0.04168734491315129,5
Parkinson disease,parkinson,weighted,135,Thal MDm L,0.8574349873687472,0.7187547911875478,0.24037596240375964,0.8558280535582807,0.7596240375962404,37,False,10000,0.16129032258064516,0.29302884615384617,3
Parkinson disease,parkinson,weighted,136,Thal MDm R,1.2361149000925629,0.7155570157269987,0.17228277172282772,0.8558280535582807,0.8277172282771723,22,False,10000,0.6365985576923077,0.12121394230769234,2
Parkinson disease,parkinson,weighted,137,Thal MDl L,1.1800899794802888,0.7181031896810319,0.126987301269873,0.8558280535582807,0.873012698730127,14,False,10000,0.35384615384615387,0.27866004962779156,3
Parkinson disease,parkinson,weighted,139,Thal LGN L,1.3348499626745887,0.7155570157269987,0.12518748125187482,0.8558280535582807,0.8748125187481252,13,False,10000,0.9230769230769231,0.3823821339950373,5
Parkinson disease,parkinson,weighted,140,Thal LGN R,0.7194470020124043,0.7187547911875478,0.286971302869713,0.8593780621937805,0.713028697130287,45,False,10000,0.8752403846153847,0.09399038461538456,2
Parkinson disease,parkinson,weighted,141,Thal MGN L,2.383839881049032,0.32426757324267574,0.015498450154984501,0.7129287071292871,0.9845015498450155,3,False,10000,0.9615384615384616,0.007692307692307665,2
Parkinson disease,parkinson,weighted,143,Thal PuI L,0.8126581501498562,0.7187547911875478,0.25337466253374663,0.8558280535582807,0.7466253374662534,39,False,10000,0.9576923076923076,0.019230769230769273,2
Parkinson disease,parkinson,weighted,144,Thal PuI R,-0.3203800798691554,0.955220606971561,0.6211378862113789,0.9417558244175582,0.3788621137886211,90,False,10000,0.7423076923076923,0.24230769230769234,2
Parkinson disease,parkinson,weighted,145,Thal PuM L,1.3432026599858418,0.7155570157269987,0.10228977102289771,0.8558280535582807,0.8977102289771023,12,False,10000,0.8125,0.2156327543424318,5
Parkinson disease,parkinson,weighted,146,Thal PuM R,2.3598755927506923,0.32426757324267574,0.0221977802219778,0.7658234176582341,0.9778022197780222,4,False,10000,0.8329927884615385,0.04393028846153846,2
Parkinson disease,parkinson,weighted,147,Thal PuA L,-0.4374721298377393,0.957013913993216,0.6715328467153284,0.9417558244175582,0.3284671532846716,98,False,10000,0.8923076923076924,0.1574441687344913,3
Parkinson disease,parkinson,weighted,148,Thal PuA R,-0.06444250566862914,0.9346840315968402,0.5346465353464653,0.9417558244175582,0.46535346465353467,77,False,10000,0.5457932692307692,0.40733173076923074,2
Parkinson disease,parkinson,weighted,153,ACC pre L,0.972369121807372,0.7187547911875478,0.20517948205179481,0.8558280535582807,0.7948205179482052,29,False,10000,0.15384615384615385,0.36907762096774194,3
Parkinson disease,parkinson,weighted,154,ACC pre R,0.8576860025824109,0.7187547911875478,0.26877312268773124,0.8558280535582807,0.7312268773122688,43,False,10000,0.8341947115384616,0.11111778846153852,2
Parkinson disease,parkinson,weighted,155,ACC sup L,0.35095404259821344,0.8672223686722237,0.38916108389161086,0.9417558244175582,0.6108389161083891,54,False,10000,0.365625,0.40235344292803976,6
Parkinson disease,parkinson,weighted,156,ACC sup R,-0.9934881037797537,1.0,0.8191180881911809,0.9668310479876382,0.18088191180881907,114,False,10000,0.6118389423076923,0.0727764423076922,2
Parkinson disease,parkinson,weighted,157,N Acc L,-0.30127899078994064,0.955220606971561,0.6034396560343965,0.9417558244175582,0.39656034396560347,86,False,10000,0.5384615384615384,0.3037220843672457,5
Parkinson disease,parkinson,weighted,158,N Acc R,-1.3598926359791164,1.0,0.8132186781321867,0.9668310479876382,0.18678132186781327,113,False,10000,0.38155048076923076,0.2799879807692308,2
Parkinson disease,parkinson,weighted,161,SN pc L,1.0330370517826666,0.7187547911875478,0.1745825417458254,0.8558280535582807,0.8254174582541746,23,False,10000,0.7689012096774194,0.05922379032258074,2
Parkinson disease,parkinson,weighted,163,SN pr L,-0.5408300585712194,0.957013913993216,0.7413258674132587,0.9668310479876382,0.2586741325867413,103,False,10000,0.45161290322580644,0.4461538461538461,5
Parkinson disease,parkinson,weighted,164,SN pr R,0.6022379533141711,0.7592000799920008,0.16618338166183383,0.8558280535582807,0.8338166183381661,20,False,10000,0.5260817307692308,0.3645432692307692,2
Parkinson disease,parkinson,weighted,165,Red N L,-0.22650479696236478,0.9472346882958763,0.5843415658434157,0.9417558244175582,0.4156584341565843,82,False,10000,0.4076923076923077,0.20832331730769232,4
Parkinson disease,parkinson,weighted,166,Red N R,0.7084836767955194,0.7235276472352765,0.2303769623037696,0.8558280535582807,0.7696230376962304,34,False,10000,0.8606370192307693,0.022175480769230815,2
Parkinson disease,parkinson,weighted,167,LC L,0.6723561292375257,0.7342627439383721,0.2598740125987401,0.8558280535582807,0.7401259874012599,41,False,10000,0.48461538461538467,0.4330839019851116,4
Parkinson disease,parkinson,weighted,168,LC R,-0.5816054164772008,0.957013913993216,0.8009199080091991,0.9668310479876382,0.1990800919908009,109,False,10000,0.13088942307692308,0.11526442307692308,2
Parkinson disease,parkinson,weighted,169,Raphe D,0.20534369046378098,0.8672223686722237,0.43395660433956607,0.9417558244175582,0.5660433956604339,62,False,10000,0.2647235576923077,0.14933894230769232,2
Parkinson disease,parkinson,weighted,170,Raphe M,0.23597180289599792,0.8672223686722237,0.35376462353764626,0.9417558244175582,0.6462353764623537,51,False,10000,0.453125,0.3384615384615385,3
Alzheimer disease,alzheimer,broad,1,Precentral L,-0.24136646515341836,0.9583141685831417,0.5744425557444256,0.9483415294834153,0.4255574442555744,82,False,10000,0.590851814516129,0.09803136631513654,6
Alzheimer disease,alzheimer,broad,2,Precentral R,-1.7051913924703064,0.992470902163515,0.9543045695430457,0.9827912731114948,0.045695430456954345,134,False,10000,0.24338942307692307,0.10276442307692304,2
Alzheimer disease,alzheimer,broad,3,Frontal Sup 2 L,0.30950377872713214,0.9583141685831417,0.36266373362663734,0.9483415294834153,0.6373362663733626,50,False,10000,0.5434243176178659,0.32105110111662527,6
Alzheimer disease,alzheimer,broad,4,Frontal Sup 2 R,-0.49986029407134847,0.9583141685831417,0.6787321267873213,0.9483415294834153,0.3212678732126787,98,False,10000,0.5132211538461539,0.2055288461538461,2
Alzheimer disease,alzheimer,broad,5,Frontal Mid 2 L,0.26644309721023196,0.9583141685831417,0.386961303869613,0.9483415294834153,0.613038696130387,56,False,10000,0.6478908188585608,0.22382133995037223,6
Alzheimer disease,alzheimer,broad,6,Frontal Mid 2 R,-0.8643919135889678,0.9793836001015284,0.8000199980002,0.9783430747834307,0.19998000199980004,109,False,10000,0.4080528846153846,0.13882211538461536,2
Alzheimer disease,alzheimer,broad,7,Frontal Inf Oper L,-1.4156793152146605,0.9793836001015284,0.888011198880112,0.9783430747834307,0.11198880111988796,123,False,10000,0.3230769230769231,0.20235732009925558,3
Alzheimer disease,alzheimer,broad,8,Frontal Inf Oper R,-1.1521899840774315,0.9793836001015284,0.8494150584941506,0.9783430747834307,0.15058494150584945,117,False,10000,0.19302884615384616,0.09927884615384613,2
Alzheimer disease,alzheimer,broad,9,Frontal Inf Tri L,-0.9914934530836473,0.9793836001015284,0.8198180181981802,0.9783430747834307,0.18018198180181977,113,False,10000,0.6390818858560794,0.2813498371588089,6
Alzheimer disease,alzheimer,broad,10,Frontal Inf Tri R,-0.5031145400210024,0.9583141685831417,0.7022297770222977,0.9669963696699636,0.2977702229777023,100,False,10000,0.4640024038461539,0.3563100961538462,2
Alzheimer disease,alzheimer,broad,11,Frontal Inf Orb 2 L,-0.28121564860408965,0.9583141685831417,0.6131386861313869,0.9483415294834153,0.3868613138686131,84,False,10000,0.7525201612903225,0.5706149193548387,6
Alzheimer disease,alzheimer,broad,12,Frontal Inf Orb 2 R,0.5584237304665738,0.9583141685831417,0.25417458254174585,0.9483415294834153,0.7458254174582541,33,False,10000,0.7211538461538461,0.028846153846153966,2
Alzheimer disease,alzheimer,broad,13,Rolandic Oper L,-1.3543844856382092,0.9793836001015284,0.8939106089391061,0.9783430747834307,0.10608939106089388,125,False,10000,0.47307692307692306,0.23194789081885858,6
Alzheimer disease,alzheimer,broad,14,Rolandic Oper R,-0.42032323049253567,0.9583141685831417,0.6591340865913409,0.9483415294834153,0.3408659134086591,94,False,10000,0.7713341346153846,0.0021033653846153078,2
Alzheimer disease,alzheimer,broad,15,Supp Motor Area L,0.5883188695126589,0.9583141685831417,0.26117388261173885,0.9483415294834153,0.7388261173882611,36,False,10000,0.282258064516129,0.4562655086848635,6
Alzheimer disease,alzheimer,broad,16,Supp Motor Area R,-2.771308568938239,0.9978002199780022,0.9977002299770023,0.9977002299770023,0.002299770022997749,138,False,10000,0.159375,0.05937499999999998,2
Alzheimer disease,alzheimer,broad,17,Olfactory L,0.9250469445495385,0.9583141685831417,0.17918208179182082,0.9483415294834153,0.8208179182081792,25,False,10000,0.6730769230769231,0.41083572425558323,4
Alzheimer disease,alzheimer,broad,18,Olfactory R,0.26893611931369044,0.9583141685831417,0.37596240375962403,0.9483415294834153,0.6240375962403759,52,False,10000,0.5045673076923077,0.08918269230769227,2
Alzheimer disease,alzheimer,broad,19,Frontal Sup Medial L,0.5346574422864642,0.9583141685831417,0.2870712928707129,0.9483415294834153,0.7129287071292871,38,False,10000,0.7621588089330025,0.19137717121588094,6
Alzheimer disease,alzheimer,broad,20,Frontal Sup Medial R,0.6435049055926849,0.9583141685831417,0.24317568243175683,0.9483415294834153,0.7568243175682432,30,False,10000,0.7106971153846153,0.17992788461538456,2
Alzheimer disease,alzheimer,broad,21,Frontal Med Orb L,0.1433156625020026,0.9583141685831417,0.43345665433456654,0.9483415294834153,0.5665433456654334,59,False,10000,0.6053349875930522,0.6013889965880893,6
Alzheimer disease,alzheimer,broad,22,Frontal Med Orb R,-0.226266738129551,0.9583141685831417,0.5595440455954405,0.9483415294834153,0.44045595440455954,80,False,10000,0.8368990384615385,0.04002403846153846,2
Alzheimer disease,alzheimer,broad,23,Rectus L,0.003365307023263403,0.9583141685831417,0.48705129487051296,0.9483415294834153,0.512948705129487,69,False,10000,0.5084425403225806,0.7205984413771712,6
Alzheimer disease,alzheimer,broad,24,Rectus R,0.4880387899826198,0.9583141685831417,0.3117688231176882,0.9483415294834153,0.6882311768823117,42,False,10000,0.8259014423076922,0.04128605769230764,2
Alzheimer disease,alzheimer,broad,25,OFCmed L,0.11246323616489733,0.9583141685831417,0.44245575442455753,0.9483415294834153,0.5575442455754425,60,False,10000,0.5786600496277916,0.42012930366004964,6
Alzheimer disease,alzheimer,broad,26,OFCmed R,0.08789039981347077,0.9583141685831417,0.45435456454354567,0.9483415294834153,0.5456454354564544,62,False,10000,0.6287860576923077,0.11340144230769234,2
Alzheimer disease,alzheimer,broad,27,OFCant L,-0.889085518659507,0.9793836001015284,0.789021097890211,0.9783430747834307,0.21097890210978898,108,False,10000,0.8428039702233251,0.32525880117866,6
Alzheimer disease,alzheimer,broad,28,OFCant R,-2.6280304369704437,0.9978002199780022,0.9964003599640036,0.9977002299770023,0.003599640035996443,137,False,10000,0.4252403846153846,0.3560096153846153,2
Alzheimer disease,alzheimer,broad,29,OFCpost L,-0.5812629180203653,0.9744260868030845,0.7148285171482852,0.9671209349653271,0.2851714828517148,102,False,10000,0.35985576923076923,0.33930288461538466,6
Alzheimer disease,alzheimer,broad,30,OFCpost R,-1.0855198356921183,0.9793836001015284,0.8273172682731726,0.9783430747834307,0.17268273172682735,114,False,10000,0.6896033653846154,0.04116586538461531,2
Alzheimer disease,alzheimer,broad,31,OFClat L,1.2061738974978324,0.8330009104352722,0.11408859114088592,0.8286434514443293,0.8859114088591141,19,False,10000,0.5564516129032258,0.29844913151364766,4
Alzheimer disease,alzheimer,broad,32,OFClat R,1.5245202930235795,0.8060017527658999,0.050094990500949906,0.7212915072129151,0.9499050094990501,7,False,10000,0.8956129807692308,0.03407451923076921,2
Alzheimer disease,alzheimer,broad,33,Insula L,1.3072338690007252,0.8060017527658999,0.10008999100089991,0.8233176682331768,0.8999100089991001,16,False,10000,0.7112903225806452,0.41910669975186104,6
Alzheimer disease,alzheimer,broad,34,Insula R,0.9039196985395094,0.9583141685831417,0.17868213178682132,0.9483415294834153,0.8213178682131786,24,False,10000,0.5904447115384616,0.16736778846153844,2
Alzheimer disease,alzheimer,broad,37,Cingulate Mid L,0.06511953450299922,0.9583141685831417,0.459054094590541,0.9483415294834153,0.540945905409459,63,False,10000,0.47662259615384617,0.20269366470223327,6
Alzheimer disease,alzheimer,broad,38,Cingulate Mid R,-0.08386476719181914,0.9583141685831417,0.521947805219478,0.9483415294834153,0.47805219478052197,75,False,10000,0.3027043269230769,0.048858173076923084,2
Alzheimer disease,alzheimer,broad,39,Cingulate Post L,-0.1810584935706913,0.9583141685831417,0.5737426257374263,0.9483415294834153,0.4262573742625737,81,False,10000,0.6307692307692307,0.6081149193548387,5
Alzheimer disease,alzheimer,broad,41,Hippocampus L,0.0989289529366529,0.9583141685831417,0.44525547445255476,0.9483415294834153,0.5547445255474452,61,False,10000,0.24330024813895784,0.21073200992555832,6
Alzheimer disease,alzheimer,broad,42,Hippocampus R,0.410675072909483,0.9583141685831417,0.34666533346665335,0.9483415294834153,0.6533346665333466,49,False,10000,0.38125,0.18124999999999997,2
Alzheimer disease,alzheimer,broad,43,ParaHippocampal L,1.3094644422449324,0.8060017527658999,0.0770922907709229,0.8183643174144123,0.9229077092290771,13,False,10000,0.5771712158808933,0.44057071960297767,6
Alzheimer disease,alzheimer,broad,44,ParaHippocampal R,0.705873688723598,0.9583141685831417,0.254974502549745,0.9483415294834153,0.745025497450255,34,False,10000,0.7245793269230769,0.029266826923076916,2
Alzheimer disease,alzheimer,broad,45,Amygdala L,0.31048707972619766,0.9583141685831417,0.3418658134186581,0.9483415294834153,0.6581341865813419,47,False,10000,0.703125,0.43076923076923074,5
Alzheimer disease,alzheimer,broad,46,Amygdala R,-2.1915018026357083,0.9978002199780022,0.9894010598940106,0.9977002299770023,0.010598940105989385,135,False,10000,0.046814903846153846,0.03912259615384615,2
Alzheimer disease,alzheimer,broad,47,Calcarine L,-0.7423818512599204,0.9793836001015284,0.7455254474552545,0.9783430747834307,0.2544745525447455,105,False,10000,0.3817617866004963,0.49863523573200996,6
Alzheimer disease,alzheimer,broad,48,Calcarine R,-1.0222795937683289,0.9793836001015284,0.8366163383661633,0.9783430747834307,0.16338366163383666,115,False,10000,0.10889423076923077,0.04735576923076923,2
Alzheimer disease,alzheimer,broad,49,Cuneus L,-1.3579060715124192,0.9793836001015284,0.9041095890410958,0.9783430747834307,0.09589041095890416,127,False,10000,0.06451612903225806,0.14158653846153846,5
Alzheimer disease,alzheimer,broad,51,Lingual L,-0.32727388491582815,0.9583141685831417,0.6026397360263973,0.9483415294834153,0.3973602639736027,83,False,10000,0.34615384615384615,0.27290245037220845,6
Alzheimer disease,alzheimer,broad,52,Lingual R,-0.15042632115915047,0.9583141685831417,0.5540445955404459,0.9483415294834153,0.44595540445955406,78,False,10000,0.44092548076923077,0.12061298076923083,2
Alzheimer disease,alzheimer,broad,53,Occipital Sup L,-1.0092837332569111,0.9793836001015284,0.853014698530147,0.9783430747834307,0.146985301469853,119,False,10000,0.3245192307692308,0.3694246277915634,4
Alzheimer disease,alzheimer,broad,55,Occipital Mid L,-0.9489567047165421,0.9793836001015284,0.8187181281871813,0.9783430747834307,0.18128187181281874,112,False,10000,0.3770471464019851,0.31339950372208447,6
Alzheimer disease,alzheimer,broad,56,Occipital Mid R,-1.538368475350459,0.9801201698012016,0.9202079792020798,0.9783430747834307,0.07979202079792025,129,False,10000,0.35084134615384616,0.24146634615384613,2
Alzheimer disease,alzheimer,broad,57,Occipital Inf L,-0.011648438793304234,0.9583141685831417,0.49365063493650635,0.9483415294834153,0.5063493650634936,70,False,10000,0.5700604838709677,0.3257870657568238,6
Alzheimer disease,alzheimer,broad,58,Occipital Inf R,-0.6141724094632925,0.9793836001015284,0.7077292270772922,0.9669963696699636,0.29227077292270776,101,False,10000,0.5339543269230769,0.11989182692307698,2
Alzheimer disease,alzheimer,broad,59,Fusiform L,0.8484916112350216,0.9583141685831417,0.21007899210078992,0.9483415294834153,0.78992100789921,28,False,10000,0.3620347394540943,0.3925703706575682,6
Alzheimer disease,alzheimer,broad,60,Fusiform R,1.6548728181256966,0.8060017527658999,0.043795620437956206,0.7212915072129151,0.9562043795620438,4,False,10000,0.4859375,0.18593749999999998,2
Alzheimer disease,alzheimer,broad,61,Postcentral L,-1.3778500225473875,0.9793836001015284,0.9017098290170983,0.9783430747834307,0.09829017098290171,126,False,10000,0.37121588089330027,0.1473867866004963,6
Alzheimer disease,alzheimer,broad,62,Postcentral R,-0.4261099056304369,0.9583141685831417,0.6499350064993501,0.9483415294834153,0.3500649935006499,91,False,10000,0.44915865384615383,0.05853365384615383,2
Alzheimer disease,alzheimer,broad,63,Parietal Sup L,-1.2706342846989596,0.9793836001015284,0.8756124387561244,0.9783430747834307,0.12438756124387562,121,False,10000,0.4643028846153846,0.3751686569478908,6
Alzheimer disease,alzheimer,broad,64,Parietal Sup R,-0.74133404726505,0.9793836001015284,0.7599240075992401,0.9783430747834307,0.24007599240075994,106,False,10000,0.09248798076923077,0.06905048076923079,2
Alzheimer disease,alzheimer,broad,65,Parietal Inf L,-0.6886934877225301,0.9793836001015284,0.762023797620238,0.9783430747834307,0.23797620237976203,107,False,10000,0.56575682382134,0.2867730303970224,6
Alzheimer disease,alzheimer,broad,66,Parietal Inf R,-1.0668809945251994,0.9793836001015284,0.8519148085191481,0.9783430747834307,0.14808519148085186,118,False,10000,0.3128605769230769,0.14098557692307695,2
Alzheimer disease,alzheimer,broad,67,SupraMarginal L,-0.43083955675577773,0.9583141685831417,0.65003499650035,0.9483415294834153,0.34996500349965,92,False,10000,0.19615384615384618,0.1638579792183623,6
Alzheimer disease,alzheimer,broad,68,SupraMarginal R,-0.3052075631018465,0.9583141685831417,0.6256374362563744,0.9483415294834153,0.37436256374362564,85,False,10000,0.23521634615384615,0.15709134615384618,2
Alzheimer disease,alzheimer,broad,69,Angular L,-0.1746847762466705,0.9583141685831417,0.5592440755924407,0.9483415294834153,0.4407559244075593,79,False,10000,0.5692307692307692,0.1462740384615384,5
Alzheimer disease,alzheimer,broad,70,Angular R,0.37483822901258645,0.9583141685831417,0.3347665233476652,0.9483415294834153,0.6652334766523348,46,False,10000,0.20961538461538462,0.04038461538461541,2
Alzheimer disease,alzheimer,broad,71,Precuneus L,-1.4211849052903516,0.9793836001015284,0.8776122387761224,0.9783430747834307,0.12238776122387762,122,False,10000,0.2532258064516129,0.400682382133995,6
Alzheimer disease,alzheimer,broad,72,Precuneus R,-1.04940535711767,0.9793836001015284,0.8445155484451555,0.9783430747834307,0.15548445155484447,116,False,10000,0.1240985576923077,0.008713942307692318,2
Alzheimer disease,alzheimer,broad,73,Paracentral Lobule L,-0.37284308099229174,0.9583141685831417,0.6361363863613638,0.9483415294834153,0.3638636136386362,88,False,10000,0.5119106699751861,0.18450585452853596,6
Alzheimer disease,alzheimer,broad,74,Paracentral Lobule R,-1.505821029838314,0.9801201698012016,0.9467053294670533,0.9822957553868674,0.053294670532946675,133,False,10000,0.2646033653846154,0.1338341346153846,2
Alzheimer disease,alzheimer,broad,75,Caudate L,-0.39809234044631137,0.9583141685831417,0.6447355264473552,0.9483415294834153,0.3552644735526448,89,False,10000,0.4461538461538462,0.3715357475186104,6
Alzheimer disease,alzheimer,broad,76,Caudate R,-0.6711489699570911,0.9793836001015284,0.6803319668033196,0.9483415294834153,0.31966803319668036,99,False,10000,0.4298677884615385,0.04705528846153845,2
Alzheimer disease,alzheimer,broad,77,Putamen L,-1.164018899614084,0.9793836001015284,0.891010898910109,0.9783430747834307,0.10898910108989102,124,False,10000,0.2208533653846154,0.25899019075682383,6
Alzheimer disease,alzheimer,broad,78,Putamen R,-2.6031594186215297,0.9978002199780022,0.9931006899310069,0.9977002299770023,0.006899310068993136,136,False,10000,0.17121394230769232,0.0865985576923077,2
Alzheimer disease,alzheimer,broad,79,Pallidum L,-0.40146278271613794,0.9583141685831417,0.6706329367063294,0.9483415294834153,0.3293670632936706,95,False,10000,0.5776209677419355,0.3426566377171216,6
Alzheimer disease,alzheimer,broad,80,Pallidum R,-0.16002526568564762,0.9583141685831417,0.5445455454454554,0.9483415294834153,0.4554544545545446,76,False,10000,0.8048076923076923,0.17980769230769234,2
Alzheimer disease,alzheimer,broad,83,Heschl L,0.13007468542844233,0.9583141685831417,0.4276572342765723,0.9483415294834153,0.5723427657234277,58,False,10000,0.7580645161290323,0.3224759615384616,5
Alzheimer disease,alzheimer,broad,84,Heschl R,0.39363495780271346,0.9583141685831417,0.3461653834616538,0.9483415294834153,0.6538346165383462,48,False,10000,0.5943509615384616,0.3287259615384615,2
Alzheimer disease,alzheimer,broad,85,Temporal Sup L,0.05520769301413938,0.9583141685831417,0.46935306469353066,0.9483415294834153,0.5306469353064693,65,False,10000,0.3900744416873449,0.2931761786600497,6
Alzheimer disease,alzheimer,broad,86,Temporal Sup R,0.2527776740633379,0.9583141685831417,0.3865613438656134,0.9483415294834153,0.6134386561343865,55,False,10000,0.3543870192307692,0.21592548076923074,2
Alzheimer disease,alzheimer,broad,87,Temporal Pole Sup L,1.4990267549091025,0.8060017527658999,0.05749425057494251,0.7212915072129151,0.9425057494250575,11,False,10000,0.5859975961538462,0.3857407335607941,6
Alzheimer disease,alzheimer,broad,88,Temporal Pole Sup R,0.8430820918311479,0.9583141685831417,0.22767723227677233,0.9483415294834153,0.7723227677232276,29,False,10000,0.8384615384615385,0.16153846153846163,2
Alzheimer disease,alzheimer,broad,89,Temporal Mid L,-0.1719713443593792,0.9583141685831417,0.5528447155284472,0.9483415294834153,0.44715528447155284,77,False,10000,0.3525841346153846,0.09300073666253095,6
Alzheimer disease,alzheimer,broad,90,Temporal Mid R,-0.3951578469954747,0.9583141685831417,0.6508349165083491,0.9483415294834153,0.3491650834916509,93,False,10000,0.35282451923076924,0.014362980769230815,2
Alzheimer disease,alzheimer,broad,91,Temporal Pole Mid L,2.2149384438508646,0.8060017527658999,0.007699230076992301,0.7212915072129151,0.9923007699230078,1,False,10000,0.8985111662531018,0.14472704714640194,4
Alzheimer disease,alzheimer,broad,93,Temporal Inf L,1.120165195122062,0.8633993743482794,0.1267873212678732,0.8331738254745953,0.8732126787321268,21,False,10000,0.46556490384615384,0.14990404001240692,6
Alzheimer disease,alzheimer,broad,94,Temporal Inf R,0.23682748080410307,0.9583141685831417,0.40105989401059894,0.9483415294834153,0.5989401059894011,57,False,10000,0.39495192307692306,0.05120192307692312,2
Alzheimer disease,alzheimer,broad,95,Cerebellum Crus1 L,-1.4066916902808588,0.9793836001015284,0.9113088691130887,0.9783430747834307,0.08869113088691127,128,False,10000,0.15435987903225806,0.2579491702853598,6
Alzheimer disease,alzheimer,broad,96,Cerebellum Crus1 R,-0.47090072898063634,0.9583141685831417,0.6766323367663234,0.9483415294834153,0.3233676632336766,96,False,10000,0.5786658653846154,0.35210336538461534,2
Alzheimer disease,alzheimer,broad,97,Cerebellum Crus2 L,0.7862620495669146,0.9583141685831417,0.19138086191380863,0.9483415294834153,0.8086191380861913,26,False,10000,0.4846153846153846,0.2506823821339951,6
Alzheimer disease,alzheimer,broad,98,Cerebellum Crus2 R,0.31148225719444006,0.9583141685831417,0.36636336366363365,0.9483415294834153,0.6336366363363664,51,False,10000,0.6569711538461538,0.2507211538461539,2
Alzheimer disease,alzheimer,broad,101,Cerebellum 4 5 L,-1.071589374121834,0.9793836001015284,0.8569143085691431,0.9783430747834307,0.14308569143085692,120,False,10000,0.47990074441687347,0.5316377171215881,6
Alzheimer disease,alzheimer,broad,102,Cerebellum 4 5 R,-0.5172160730316793,0.9583141685831417,0.7294270572942706,0.967893595255859,0.2705729427057294,104,False,10000,0.5619591346153846,0.0072716346153847145,2
Alzheimer disease,alzheimer,broad,103,Cerebellum 6 L,-0.016800348409765426,0.9583141685831417,0.5002499750024998,0.9483415294834153,0.4997500249975002,72,False,10000,0.5887096774193548,0.28256823821339955,6
Alzheimer disease,alzheimer,broad,104,Cerebellum 6 R,0.5156092716083023,0.9583141685831417,0.3010698930106989,0.9483415294834153,0.698930106989301,41,False,10000,0.4254807692307692,0.3870192307692307,2
Alzheimer disease,alzheimer,broad,105,Cerebellum 7b L,1.4760218290871376,0.8060017527658999,0.06569343065693431,0.7554744525547445,0.9343065693430657,12,False,10000,0.4765625,0.42747557382133994,6
Alzheimer disease,alzheimer,broad,106,Cerebellum 7b R,-0.040482535883962584,0.9583141685831417,0.5072492750724927,0.9483415294834153,0.49275072492750727,73,False,10000,0.47698317307692306,0.469170673076923,2
Alzheimer disease,alzheimer,broad,107,Cerebellum 8 L,1.684310355876653,0.8060017527658999,0.053094690530946904,0.7212915072129151,0.946905309469053,9,False,10000,0.5636476426799008,0.4493379730148883,6
Alzheimer disease,alzheimer,broad,108,Cerebellum 8 R,0.028228307621847557,0.9583141685831417,0.48005199480051997,0.9483415294834153,0.51994800519948,67,False,10000,0.48587740384615385,0.3218149038461539,2
Alzheimer disease,alzheimer,broad,109,Cerebellum 9 L,-0.07136310827635187,0.9583141685831417,0.5176482351764824,0.9483415294834153,0.4823517648235176,74,False,10000,0.06451612903225806,0.5375504032258065,5
Alzheimer disease,alzheimer,broad,110,Cerebellum 9 R,0.503497136137003,0.9583141685831417,0.27417258274172585,0.9483415294834153,0.7258274172582742,37,False,10000,0.2594951923076923,0.02512019230769233,2
Alzheimer disease,alzheimer,broad,111,Cerebellum 10 L,0.5898984232025779,0.9583141685831417,0.24497550244975502,0.9483415294834153,0.7550244975502449,31,False,10000,0.967741935483871,0.49193548387096775,3
Alzheimer disease,alzheimer,broad,118,Vermis 8,0.5080121463528884,0.9583141685831417,0.3144685531446855,0.9483415294834153,0.6855314468553144,43,False,10000,0.953125,0.47307692307692306,3
Alzheimer disease,alzheimer,broad,119,Vermis 9,0.9324633144764692,0.9583141685831417,0.12198780121987801,0.8331738254745953,0.8780121987801219,20,False,10000,0.8791466346153847,0.308203125,4
Alzheimer disease,alzheimer,broad,121,Thal AV L,0.41187076283304824,0.9583141685831417,0.2973702629737026,0.9483415294834153,0.7026297370262974,40,False,10000,0.6692307692307693,0.2871588089330025,4
Alzheimer disease,alzheimer,broad,122,Thal AV R,1.8007510288278297,0.8060017527658999,0.011998800119988001,0.7212915072129151,0.988001199880012,2,False,10000,0.8340144230769231,0.08786057692307692,2
Alzheimer disease,alzheimer,broad,125,Thal VA L,-0.26452453531985387,0.9583141685831417,0.6275372462753724,0.9483415294834153,0.37246275372462756,86,False,10000,0.8984375,0.5808933002481389,5
Alzheimer disease,alzheimer,broad,127,Thal VL L,0.5826715295571513,0.9583141685831417,0.25137486251374863,0.9483415294834153,0.7486251374862514,32,False,10000,0.5983870967741935,0.2749379652605458,6
Alzheimer disease,alzheimer,broad,128,Thal VL R,0.6757589269650287,0.9583141685831417,0.25677432256774324,0.9483415294834153,0.7432256774322568,35,False,10000,0.5960336538461539,0.11165865384615381,2
Alzheimer disease,alzheimer,broad,129,Thal VPL L,0.7962153357039489,0.9583141685831417,0.1513848615138486,0.9083091690830917,0.8486151384861513,23,False,10000,0.6346153846153846,0.42355769230769225,6
Alzheimer disease,alzheimer,broad,130,Thal VPL R,0.5488777933738375,0.9583141685831417,0.3792620737926207,0.9483415294834153,0.6207379262073793,53,False,10000,0.6887019230769231,0.15745192307692302,2
Alzheimer disease,alzheimer,broad,131,Thal IL L,-0.5498741403259686,0.9660400296604003,0.7237276272372762,0.967893595255859,0.27627237276272376,103,False,10000,0.8153846153846154,0.2362282878411911,5
Alzheimer disease,alzheimer,broad,135,Thal MDm L,1.8629015325104454,0.8060017527658999,0.015898410158984102,0.7212915072129151,0.9841015898410159,3,False,10000,0.4375,0.21811414392059555,3
Alzheimer disease,alzheimer,broad,136,Thal MDm R,1.0165732969681252,0.9564952595649527,0.19338066193380662,0.9483415294834153,0.8066193380661933,27,False,10000,0.6154447115384616,0.10763221153846148,2
Alzheimer disease,alzheimer,broad,137,Thal MDl L,0.045426317806062926,0.9583141685831417,0.46195380461953806,0.9483415294834153,0.538046195380462,64,False,10000,0.11290322580645161,0.38076923076923075,3
Alzheimer disease,alzheimer,broad,139,Thal LGN L,-0.6972854210841873,0.9793836001015284,0.8011198880111989,0.9783430747834307,0.19888011198880107,110,False,10000,0.49230769230769234,0.30393145161290325,5
Alzheimer disease,alzheimer,broad,140,Thal LGN R,0.06983369840194716,0.9583141685831417,0.4717528247175283,0.9483415294834153,0.5282471752824718,66,False,10000,0.81875,0.11875000000000013,2
Alzheimer disease,alzheimer,broad,141,Thal MGN L,-1.271270064719781,0.9793836001015284,0.9351064893510649,0.9783430747834307,0.06489351064893512,131,False,10000,0.5038461538461538,0.3961538461538461,2
Alzheimer disease,alzheimer,broad,143,Thal PuI L,-0.3303469876830691,0.9583141685831417,0.6463353664633537,0.9483415294834153,0.35366463353664634,90,False,10000,0.6884615384615385,0.2884615384615383,2
Alzheimer disease,alzheimer,broad,144,Thal PuI R,1.2219190436794802,0.8330009104352722,0.135986401359864,0.8530056085300561,0.864013598640136,22,False,10000,0.8869591346153847,0.08227163461538456,2
Alzheimer disease,alzheimer,broad,145,Thal PuM L,1.3731270139557945,0.8060017527658999,0.05069493050694931,0.7212915072129151,0.9493050694930507,8,False,10000,0.8307692307692308,0.5992555831265509,5
Alzheimer disease,alzheimer,broad,146,Thal PuM R,1.4966521617481539,0.8060017527658999,0.10738926107389261,0.8233176682331768,0.8926107389261074,18,False,10000,0.614423076923077,0.23942307692307685,2
Alzheimer disease,alzheimer,broad,147,Thal PuA L,1.3887709838989395,0.8060017527658999,0.0446955304469553,0.7212915072129151,0.9553044695530447,5,False,10000,0.9538461538461539,0.07679900744416879,3
Alzheimer disease,alzheimer,broad,148,Thal PuA R,1.3024611871393343,0.8060017527658999,0.09429057094290572,0.8233176682331768,0.9057094290570943,15,False,10000,0.6719951923076923,0.18737980769230766,2
Alzheimer disease,alzheimer,broad,153,ACC pre L,1.1639267222864758,0.8486151384861513,0.10488951104889511,0.8233176682331768,0.8951104889511049,17,False,10000,0.5384615384615384,0.43649193548387094,3
Alzheimer disease,alzheimer,broad,154,ACC pre R,1.4518083519464908,0.8060017527658999,0.0537946205379462,0.7212915072129151,0.9462053794620537,10,False,10000,0.8728365384615384,0.09591346153846148,2
Alzheimer disease,alzheimer,broad,155,ACC sup L,1.429038416551694,0.8060017527658999,0.04989501049895011,0.7212915072129151,0.9501049895010499,6,False,10000,0.7086848635235732,0.26281598945409435,6
Alzheimer disease,alzheimer,broad,156,ACC sup R,0.21013303751223977,0.9583141685831417,0.37936206379362064,0.9483415294834153,0.6206379362063794,54,False,10000,0.6486778846153847,0.17944711538461544,2
Alzheimer disease,alzheimer,broad,157,N Acc L,0.02227005066819915,0.9583141685831417,0.4801519848015198,0.9483415294834153,0.5198480151984801,68,False,10000,0.5806451612903226,0.057568238213399514,5
Alzheimer disease,alzheimer,broad,158,N Acc R,-1.7930414010585447,0.992470902163515,0.9358064193580642,0.9783430747834307,0.06419358064193581,132,False,10000,0.43263221153846154,0.19044471153846154,2
Alzheimer disease,alzheimer,broad,161,SN pc L,0.5055020639121318,0.9583141685831417,0.28757124287571245,0.9483415294834153,0.7124287571242875,39,False,10000,0.7094254032258065,0.19380040322580638,2
Alzheimer disease,alzheimer,broad,163,SN pr L,1.3408442497102384,0.8060017527658999,0.08859114088591141,0.8233176682331768,0.9114088591140885,14,False,10000,0.7230769230769231,0.5627403846153847,5
Alzheimer disease,alzheimer,broad,164,SN pr R,0.7519259262353605,0.9583141685831417,0.3173682631736826,0.9483415294834153,0.6826317368263174,44,False,10000,0.7635817307692307,0.0020432692307692513,2
Alzheimer disease,alzheimer,broad,165,Red N L,-0.026631400126946925,0.9583141685831417,0.49645035496450357,0.9483415294834153,0.5035496450354964,71,False,10000,0.576923076923077,0.6764423076923076,4
Alzheimer disease,alzheimer,broad,166,Red N R,-0.8701352889733596,0.9793836001015284,0.8023197680231977,0.9783430747834307,0.1976802319768023,111,False,10000,0.53671875,0.2632812500000001,2
Alzheimer disease,alzheimer,broad,167,LC L,-0.2272927062186925,0.9583141685831417,0.6282371762823717,0.9483415294834153,0.37176282371762825,87,False,10000,0.5461538461538462,0.34280978598014883,4
Alzheimer disease,alzheimer,broad,168,LC R,-0.932036433843119,0.9793836001015284,0.9347065293470653,0.9783430747834307,0.06529347065293467,130,False,10000,0.046274038461538464,0.030649038461538464,2
Alzheimer disease,alzheimer,broad,169,Raphe D,0.4061232402267569,0.9583141685831417,0.32226777322267774,0.9483415294834153,0.6777322267773223,45,False,10000,0.2879206730769231,0.1417668269230769,2
Alzheimer disease,alzheimer,broad,170,Raphe M,-0.3182631196786029,0.9583141685831417,0.6782321767823217,0.9483415294834153,0.3217678232176783,97,False,10000,0.12307692307692308,0.22638221153846155,3
Alzheimer disease,alzheimer,stringent,1,Precentral L,0.44034174182782326,0.9638482960214617,0.28647135286471354,0.8780121987801219,0.7135286471352864,44,False,10000,0.590851814516129,0.09803136631513654,6
Alzheimer disease,alzheimer,stringent,2,Precentral R,-1.2171647701654682,0.9746843497468435,0.8871112888711129,0.9750665558444156,0.1128887111288871,125,False,10000,0.24338942307692307,0.10276442307692304,2
Alzheimer disease,alzheimer,stringent,3,Frontal Sup 2 L,0.47479201455944536,0.9638482960214617,0.2926707329267073,0.8780121987801219,0.7073292670732927,46,False,10000,0.5434243176178659,0.32105110111662527,6
Alzheimer disease,alzheimer,stringent,4,Frontal Sup 2 R,1.0576828340123074,0.9530456045304562,0.11148885111488852,0.8547478585474786,0.8885111488851115,18,False,10000,0.5132211538461539,0.2055288461538461,2
Alzheimer disease,alzheimer,stringent,5,Frontal Mid 2 L,0.7145233985529282,0.9530456045304562,0.25537446255374463,0.8780121987801219,0.7446255374462554,37,False,10000,0.6478908188585608,0.22382133995037223,6
Alzheimer disease,alzheimer,stringent,6,Frontal Mid 2 R,-0.5316826227286182,0.9746843497468435,0.6885311468853115,0.9617400328932625,0.3114688531146885,95,False,10000,0.4080528846153846,0.13882211538461536,2
Alzheimer disease,alzheimer,stringent,7,Frontal Inf Oper L,-0.7379002873219704,0.9746843497468435,0.7677232276772322,0.9617400328932625,0.23227677232276778,107,False,10000,0.3230769230769231,0.20235732009925558,3
Alzheimer disease,alzheimer,stringent,8,Frontal Inf Oper R,-0.8799508659235261,0.9746843497468435,0.8016198380161984,0.9617400328932625,0.1983801619838016,114,False,10000,0.19302884615384616,0.09927884615384613,2
Alzheimer disease,alzheimer,stringent,9,Frontal Inf Tri L,0.331692179367169,0.9746843497468435,0.32856714328567144,0.9253523627229113,0.6714328567143286,49,False,10000,0.6390818858560794,0.2813498371588089,6
Alzheimer disease,alzheimer,stringent,10,Frontal Inf Tri R,-0.27356497372050287,0.9746843497468435,0.5704429557044296,0.9617400328932625,0.4295570442955704,73,False,10000,0.4640024038461539,0.3563100961538462,2
Alzheimer disease,alzheimer,stringent,11,Frontal Inf Orb 2 L,0.5711302866468059,0.9530456045304562,0.2622737726227377,0.8780121987801219,0.7377262273772622,39,False,10000,0.7525201612903225,0.5706149193548387,6
Alzheimer disease,alzheimer,stringent,12,Frontal Inf Orb 2 R,0.7850787729077752,0.9530456045304562,0.15298470152984703,0.8780121987801219,0.847015298470153,22,False,10000,0.7211538461538461,0.028846153846153966,2
Alzheimer disease,alzheimer,stringent,13,Rolandic Oper L,-1.047641388520346,0.9746843497468435,0.8569143085691431,0.9750665558444156,0.14308569143085692,121,False,10000,0.47307692307692306,0.23194789081885858,6
Alzheimer disease,alzheimer,stringent,14,Rolandic Oper R,-0.5394693122095822,0.9746843497468435,0.7037296270372962,0.9617400328932625,0.29627037296270375,98,False,10000,0.7713341346153846,0.0021033653846153078,2
Alzheimer disease,alzheimer,stringent,15,Supp Motor Area L,-0.2953034179205904,0.9746843497468435,0.6173382661733826,0.9617400328932625,0.3826617338266174,83,False,10000,0.282258064516129,0.4562655086848635,6
Alzheimer disease,alzheimer,stringent,16,Supp Motor Area R,-2.0327680826120313,0.9870545792136115,0.9858014198580142,0.9985366426860964,0.014198580141985828,136,False,10000,0.159375,0.05937499999999998,2
Alzheimer disease,alzheimer,stringent,17,Olfactory L,0.5100059002981352,0.9530456045304562,0.2790720927907209,0.8780121987801219,0.7209279072092791,42,False,10000,0.6730769230769231,0.41083572425558323,4
Alzheimer disease,alzheimer,stringent,18,Olfactory R,0.8494590060573958,0.9530456045304562,0.17938206179382063,0.8780121987801219,0.8206179382061793,27,False,10000,0.5045673076923077,0.08918269230769227,2
Alzheimer disease,alzheimer,stringent,19,Frontal Sup Medial L,1.3770850024304604,0.9530456045304562,0.05419458054194581,0.7411830245546873,0.9458054194580542,8,False,10000,0.7621588089330025,0.19137717121588094,6
Alzheimer disease,alzheimer,stringent,20,Frontal Sup Medial R,1.3379553438555358,0.9530456045304562,0.0461953804619538,0.7411830245546873,0.9538046195380462,4,False,10000,0.7106971153846153,0.17992788461538456,2
Alzheimer disease,alzheimer,stringent,21,Frontal Med Orb L,-0.24479710586829298,0.9746843497468435,0.571042895710429,0.9617400328932625,0.428957104289571,74,False,10000,0.6053349875930522,0.6013889965880893,6
Alzheimer disease,alzheimer,stringent,22,Frontal Med Orb R,0.7419733001186791,0.9530456045304562,0.17938206179382063,0.8780121987801219,0.8206179382061793,27,False,10000,0.8368990384615385,0.04002403846153846,2
Alzheimer disease,alzheimer,stringent,23,Rectus L,0.17369148008837013,0.9746843497468435,0.39846015398460155,0.9617400328932625,0.6015398460153984,53,False,10000,0.5084425403225806,0.7205984413771712,6
Alzheimer disease,alzheimer,stringent,24,Rectus R,0.5301232980060318,0.9530456045304562,0.2876712328767123,0.8780121987801219,0.7123287671232876,45,False,10000,0.8259014423076922,0.04128605769230764,2
Alzheimer disease,alzheimer,stringent,25,OFCmed L,1.1531264094966103,0.9530456045304562,0.0948905109489051,0.8547478585474786,0.9051094890510949,15,False,10000,0.5786600496277916,0.42012930366004964,6
Alzheimer disease,alzheimer,stringent,26,OFCmed R,-0.09308295204329468,0.9746843497468435,0.5042495750424958,0.9617400328932625,0.4957504249575042,63,False,10000,0.6287860576923077,0.11340144230769234,2
Alzheimer disease,alzheimer,stringent,27,OFCant L,1.0370304447332184,0.9530456045304562,0.15578442155784422,0.8780121987801219,0.8442155784421558,24,False,10000,0.8428039702233251,0.32525880117866,6
Alzheimer disease,alzheimer,stringent,28,OFCant R,-0.6599221830994906,0.9746843497468435,0.7294270572942706,0.9617400328932625,0.2705729427057294,100,False,10000,0.4252403846153846,0.3560096153846153,2
Alzheimer disease,alzheimer,stringent,29,OFCpost L,-0.01503329416963632,0.9746843497468435,0.47555244475552444,0.9617400328932625,0.5244475552444756,61,False,10000,0.35985576923076923,0.33930288461538466,6
Alzheimer disease,alzheimer,stringent,30,OFCpost R,-0.25501332407094335,0.9746843497468435,0.5657434256574343,0.9617400328932625,0.4342565743425657,72,False,10000,0.6896033653846154,0.04116586538461531,2
Alzheimer disease,alzheimer,stringent,31,OFClat L,1.4843472566779021,0.9530456045304562,0.050594940505949405,0.7411830245546873,0.9494050594940506,5,False,10000,0.5564516129032258,0.29844913151364766,4
Alzheimer disease,alzheimer,stringent,32,OFClat R,1.3820433814418616,0.9530456045304562,0.05119488051194881,0.7411830245546873,0.9488051194880512,6,False,10000,0.8956129807692308,0.03407451923076921,2
Alzheimer disease,alzheimer,stringent,33,Insula L,0.7638526608279055,0.9530456045304562,0.16418358164183583,0.8780121987801219,0.8358164183581642,25,False,10000,0.7112903225806452,0.41910669975186104,6
Alzheimer disease,alzheimer,stringent,34,Insula R,0.1487564970126766,0.9746843497468435,0.41055894410558946,0.9617400328932625,0.5894410558944105,54,False,10000,0.5904447115384616,0.16736778846153844,2
Alzheimer disease,alzheimer,stringent,37,Cingulate Mid L,-0.18841832998761926,0.9746843497468435,0.5488451154884512,0.9617400328932625,0.45115488451154884,68,False,10000,0.47662259615384617,0.20269366470223327,6
Alzheimer disease,alzheimer,stringent,38,Cingulate Mid R,-0.9374766706739024,0.9746843497468435,0.832016798320168,0.9730365946456201,0.16798320167983205,118,False,10000,0.3027043269230769,0.048858173076923084,2
Alzheimer disease,alzheimer,stringent,39,Cingulate Post L,-0.7179775775653872,0.9746843497468435,0.7431256874312568,0.9617400328932625,0.25687431256874316,104,False,10000,0.6307692307692307,0.6081149193548387,5
Alzheimer disease,alzheimer,stringent,41,Hippocampus L,-0.8962754912317453,0.9746843497468435,0.7621237876212379,0.9617400328932625,0.2378762123787621,106,False,10000,0.24330024813895784,0.21073200992555832,6
Alzheimer disease,alzheimer,stringent,42,Hippocampus R,-0.5016099681827242,0.9746843497468435,0.6465353464653535,0.9617400328932625,0.3534646535346465,89,False,10000,0.38125,0.18124999999999997,2
Alzheimer disease,alzheimer,stringent,43,ParaHippocampal L,0.5375487146174311,0.9530456045304562,0.2675732426757324,0.8780121987801219,0.7324267573242675,40,False,10000,0.5771712158808933,0.44057071960297767,6
Alzheimer disease,alzheimer,stringent,44,ParaHippocampal R,-0.0559878148107804,0.9746843497468435,0.49695030496950304,0.9617400328932625,0.503049695030497,62,False,10000,0.7245793269230769,0.029266826923076916,2
Alzheimer disease,alzheimer,stringent,45,Amygdala L,-0.6015281516172536,0.9746843497468435,0.7081291870812919,0.9617400328932625,0.2918708129187081,99,False,10000,0.703125,0.43076923076923074,5
Alzheimer disease,alzheimer,stringent,46,Amygdala R,-3.2349967979505023,0.9998000199980002,0.9989001099890011,0.9989001099890011,0.0010998900109988607,138,False,10000,0.046814903846153846,0.03912259615384615,2
Alzheimer disease,alzheimer,stringent,47,Calcarine L,-0.1754811528521412,0.9746843497468435,0.5422457754224578,0.9617400328932625,0.4577542245775422,65,False,10000,0.3817617866004963,0.49863523573200996,6
Alzheimer disease,alzheimer,stringent,48,Calcarine R,-0.6169519593118834,0.9746843497468435,0.6974302569743026,0.9617400328932625,0.3025697430256974,96,False,10000,0.10889423076923077,0.04735576923076923,2
Alzheimer disease,alzheimer,stringent,49,Cuneus L,-1.1621013165485334,0.9746843497468435,0.8509149085091491,0.9750665558444156,0.14908509149085092,120,False,10000,0.06451612903225806,0.14158653846153846,5
Alzheimer disease,alzheimer,stringent,51,Lingual L,0.06631688992184016,0.9746843497468435,0.44725527447255276,0.9617400328932625,0.5527447255274472,57,False,10000,0.34615384615384615,0.27290245037220845,6
Alzheimer disease,alzheimer,stringent,52,Lingual R,0.5788867136560357,0.9530456045304562,0.27957204279572045,0.8780121987801219,0.7204279572042795,43,False,10000,0.44092548076923077,0.12061298076923083,2
Alzheimer disease,alzheimer,stringent,53,Occipital Sup L,-1.6684211981238835,0.9870545792136115,0.9437056294370563,0.9866013398660134,0.05629437056294373,132,False,10000,0.3245192307692308,0.3694246277915634,4
Alzheimer disease,alzheimer,stringent,55,Occipital Mid L,-0.2118023346585388,0.9746843497468435,0.5498450154984501,0.9617400328932625,0.4501549845015499,69,False,10000,0.3770471464019851,0.31339950372208447,6
Alzheimer disease,alzheimer,stringent,56,Occipital Mid R,-0.7789154647015928,0.9746843497468435,0.7436256374362564,0.9617400328932625,0.2563743625637436,105,False,10000,0.35084134615384616,0.24146634615384613,2
Alzheimer disease,alzheimer,stringent,57,Occipital Inf L,0.06589879756871696,0.9746843497468435,0.43975602439756023,0.9617400328932625,0.5602439756024398,55,False,10000,0.5700604838709677,0.3257870657568238,6
Alzheimer disease,alzheimer,stringent,58,Occipital Inf R,0.287758852361689,0.9746843497468435,0.3581641835816418,0.9505126410435879,0.6418358164183582,52,False,10000,0.5339543269230769,0.11989182692307698,2
Alzheimer disease,alzheimer,stringent,59,Fusiform L,-0.429000913576005,0.9746843497468435,0.6378362163783622,0.9617400328932625,0.3621637836216378,87,False,10000,0.3620347394540943,0.3925703706575682,6
Alzheimer disease,alzheimer,stringent,60,Fusiform R,-0.2992162215750458,0.9746843497468435,0.5808419158084192,0.9617400328932625,0.41915808419158085,77,False,10000,0.4859375,0.18593749999999998,2
Alzheimer disease,alzheimer,stringent,61,Postcentral L,-0.4716158674517074,0.9746843497468435,0.6808319168083191,0.9617400328932625,0.3191680831916809,93,False,10000,0.37121588089330027,0.1473867866004963,6
Alzheimer disease,alzheimer,stringent,62,Postcentral R,0.3641864252676339,0.9746843497468435,0.31316868313168683,0.9003599640035996,0.6868313168683131,48,False,10000,0.44915865384615383,0.05853365384615383,2
Alzheimer disease,alzheimer,stringent,63,Parietal Sup L,-0.16990202049265735,0.9746843497468435,0.5537446255374463,0.9617400328932625,0.4462553744625537,70,False,10000,0.4643028846153846,0.3751686569478908,6
Alzheimer disease,alzheimer,stringent,64,Parietal Sup R,-1.4585348686873925,0.9746843497468435,0.9394060593940606,0.9866013398660134,0.06059394060593937,131,False,10000,0.09248798076923077,0.06905048076923079,2
Alzheimer disease,alzheimer,stringent,65,Parietal Inf L,0.010156938104406626,0.9746843497468435,0.46715328467153283,0.9617400328932625,0.5328467153284672,60,False,10000,0.56575682382134,0.2867730303970224,6
Alzheimer disease,alzheimer,stringent,66,Parietal Inf R,-0.3942776531844263,0.9746843497468435,0.6296370362963704,0.9617400328932625,0.37036296370362964,85,False,10000,0.3128605769230769,0.14098557692307695,2
Alzheimer disease,alzheimer,stringent,67,SupraMarginal L,-0.2707079557343201,0.9746843497468435,0.5762423757624238,0.9617400328932625,0.42375762423757624,76,False,10000,0.19615384615384618,0.1638579792183623,6
Alzheimer disease,alzheimer,stringent,68,SupraMarginal R,-0.5621261136652885,0.9746843497468435,0.7308269173082692,0.9617400328932625,0.2691730826917308,102,False,10000,0.23521634615384615,0.15709134615384618,2
Alzheimer disease,alzheimer,stringent,69,Angular L,-0.24102505948708894,0.9746843497468435,0.5729427057294271,0.9617400328932625,0.42705729427057293,75,False,10000,0.5692307692307692,0.1462740384615384,5
Alzheimer disease,alzheimer,stringent,70,Angular R,-0.7612687935177146,0.9746843497468435,0.7781221877812219,0.9617400328932625,0.22187781221877811,108,False,10000,0.20961538461538462,0.04038461538461541,2
Alzheimer disease,alzheimer,stringent,71,Precuneus L,-0.4081295524265861,0.9746843497468435,0.6068393160683931,0.9617400328932625,0.39316068393160686,82,False,10000,0.2532258064516129,0.400682382133995,6
Alzheimer disease,alzheimer,stringent,72,Precuneus R,-1.377732107409741,0.9746843497468435,0.8975102489751025,0.9750665558444156,0.10248975102489755,127,False,10000,0.1240985576923077,0.008713942307692318,2
Alzheimer disease,alzheimer,stringent,73,Paracentral Lobule L,-0.41729123129497386,0.9746843497468435,0.6306369363063694,0.9617400328932625,0.3693630636936306,86,False,10000,0.5119106699751861,0.18450585452853596,6
Alzheimer disease,alzheimer,stringent,74,Paracentral Lobule R,-1.0845663042728697,0.9746843497468435,0.8012198780121987,0.9617400328932625,0.19878012198780126,113,False,10000,0.2646033653846154,0.1338341346153846,2
Alzheimer disease,alzheimer,stringent,75,Caudate L,-0.35325542651326614,0.9746843497468435,0.5988401159884011,0.9617400328932625,0.40115988401159886,81,False,10000,0.4461538461538462,0.3715357475186104,6
Alzheimer disease,alzheimer,stringent,76,Caudate R,-0.6024185584169447,0.9746843497468435,0.686931306869313,0.9617400328932625,0.31306869313068697,94,False,10000,0.4298677884615385,0.04705528846153845,2
Alzheimer disease,alzheimer,stringent,77,Putamen L,-0.872397590255063,0.9746843497468435,0.8021197880211979,0.9617400328932625,0.19788021197880212,115,False,10000,0.2208533653846154,0.25899019075682383,6
Alzheimer disease,alzheimer,stringent,78,Putamen R,-1.8875905590222135,0.9870545792136115,0.958904109589041,0.9914411543920235,0.04109589041095896,133,False,10000,0.17121394230769232,0.0865985576923077,2
Alzheimer disease,alzheimer,stringent,79,Pallidum L,-0.1784395075893429,0.9746843497468435,0.5472452754724527,0.9617400328932625,0.4527547245275473,67,False,10000,0.5776209677419355,0.3426566377171216,6
Alzheimer disease,alzheimer,stringent,80,Pallidum R,0.4698178797854549,0.9638482960214617,0.30216978302169784,0.8872219161062617,0.6978302169783022,47,False,10000,0.8048076923076923,0.17980769230769234,2
Alzheimer disease,alzheimer,stringent,83,Heschl L,0.6453310929473467,0.9530456045304562,0.198980101989801,0.8780121987801219,0.801019898010199,30,False,10000,0.7580645161290323,0.3224759615384616,5
Alzheimer disease,alzheimer,stringent,84,Heschl R,0.9223220401341466,0.9530456045304562,0.15508449155084492,0.8780121987801219,0.8449155084491551,23,False,10000,0.5943509615384616,0.3287259615384615,2
Alzheimer disease,alzheimer,stringent,85,Temporal Sup L,-0.41297997724415925,0.9746843497468435,0.6423357664233577,0.9617400328932625,0.35766423357664234,88,False,10000,0.3900744416873449,0.2931761786600497,6
Alzheimer disease,alzheimer,stringent,86,Temporal Sup R,-0.6281623915881289,0.9746843497468435,0.73002699730027,0.9617400328932625,0.26997300269973,101,False,10000,0.3543870192307692,0.21592548076923074,2
Alzheimer disease,alzheimer,stringent,87,Temporal Pole Sup L,0.0226048210228799,0.9746843497468435,0.46355364463553644,0.9617400328932625,0.5364463553644636,59,False,10000,0.5859975961538462,0.3857407335607941,6
Alzheimer disease,alzheimer,stringent,88,Temporal Pole Sup R,1.116024156209857,0.9530456045304562,0.1314868513148685,0.8780121987801219,0.8685131486851315,20,False,10000,0.8384615384615385,0.16153846153846163,2
Alzheimer disease,alzheimer,stringent,89,Temporal Mid L,-1.2911598611361161,0.9746843497468435,0.9182081791820818,0.9812941782744803,0.08179182081791825,129,False,10000,0.3525841346153846,0.09300073666253095,6
Alzheimer disease,alzheimer,stringent,90,Temporal Mid R,-2.0530849356993,0.9870545792136115,0.9913008699130087,0.9985366426860964,0.008699130086991302,137,False,10000,0.35282451923076924,0.014362980769230815,2
Alzheimer disease,alzheimer,stringent,91,Temporal Pole Mid L,0.8857199043680722,0.9530456045304562,0.13788621137886212,0.8780121987801219,0.8621137886211379,21,False,10000,0.8985111662531018,0.14472704714640194,4
Alzheimer disease,alzheimer,stringent,93,Temporal Inf L,-0.4727491654494572,0.9746843497468435,0.6636336366363363,0.9617400328932625,0.33636636336366366,91,False,10000,0.46556490384615384,0.14990404001240692,6
Alzheimer disease,alzheimer,stringent,94,Temporal Inf R,-1.348087639197684,0.9746843497468435,0.9044095590440956,0.9750665558444156,0.09559044095590441,128,False,10000,0.39495192307692306,0.05120192307692312,2
Alzheimer disease,alzheimer,stringent,95,Cerebellum Crus1 L,-1.2422509765356093,0.9746843497468435,0.8822117788221178,0.9750665558444156,0.11778822117788224,124,False,10000,0.15435987903225806,0.2579491702853598,6
Alzheimer disease,alzheimer,stringent,96,Cerebellum Crus1 R,-1.041434355317038,0.9746843497468435,0.8294170582941706,0.9730365946456201,0.17058294170582944,117,False,10000,0.5786658653846154,0.35210336538461534,2
Alzheimer disease,alzheimer,stringent,97,Cerebellum Crus2 L,-0.21185943967158058,0.9746843497468435,0.5618438156184381,0.9617400328932625,0.4381561843815619,71,False,10000,0.4846153846153846,0.2506823821339951,6
Alzheimer disease,alzheimer,stringent,98,Cerebellum Crus2 R,-0.9036880106616686,0.9746843497468435,0.78992100789921,0.9617400328932625,0.21007899210078995,111,False,10000,0.6569711538461538,0.2507211538461539,2
Alzheimer disease,alzheimer,stringent,101,Cerebellum 4 5 L,-0.7747804866045057,0.9746843497468435,0.7855214478552145,0.9617400328932625,0.2144785521447855,109,False,10000,0.47990074441687347,0.5316377171215881,6
Alzheimer disease,alzheimer,stringent,102,Cerebellum 4 5 R,-1.4153318520047655,0.9746843497468435,0.9627037296270373,0.9914411543920235,0.03729627037296268,134,False,10000,0.5619591346153846,0.0072716346153847145,2
Alzheimer disease,alzheimer,stringent,103,Cerebellum 6 L,-0.6946155078777796,0.9746843497468435,0.7397260273972602,0.9617400328932625,0.26027397260273977,103,False,10000,0.5887096774193548,0.28256823821339955,6
Alzheimer disease,alzheimer,stringent,104,Cerebellum 6 R,-0.8743675375478551,0.9746843497468435,0.7955204479552045,0.9617400328932625,0.2044795520447955,112,False,10000,0.4254807692307692,0.3870192307692307,2
Alzheimer disease,alzheimer,stringent,105,Cerebellum 7b L,-0.607382208644761,0.9746843497468435,0.6998300169983002,0.9617400328932625,0.30016998300169984,97,False,10000,0.4765625,0.42747557382133994,6
Alzheimer disease,alzheimer,stringent,106,Cerebellum 7b R,-1.9272627606794699,0.9870545792136115,0.981001899810019,0.9985366426860964,0.01899810018998105,135,False,10000,0.47698317307692306,0.469170673076923,2
Alzheimer disease,alzheimer,stringent,107,Cerebellum 8 L,-0.8289952441398537,0.9746843497468435,0.7858214178582141,0.9617400328932625,0.21417858214178587,110,False,10000,0.5636476426799008,0.4493379730148883,6
Alzheimer disease,alzheimer,stringent,108,Cerebellum 8 R,-1.3386883362139235,0.9746843497468435,0.873012698730127,0.9750665558444156,0.126987301269873,122,False,10000,0.48587740384615385,0.3218149038461539,2
Alzheimer disease,alzheimer,stringent,109,Cerebellum 9 L,-0.8633640379148104,0.9746843497468435,0.8084191580841916,0.9617400328932625,0.19158084191580838,116,False,10000,0.06451612903225806,0.5375504032258065,5
Alzheimer disease,alzheimer,stringent,110,Cerebellum 9 R,-0.2843456920058415,0.9746843497468435,0.5956404359564044,0.9617400328932625,0.40435956404359563,79,False,10000,0.2594951923076923,0.02512019230769233,2
Alzheimer disease,alzheimer,stringent,111,Cerebellum 10 L,1.1133225672373643,0.9530456045304562,0.07139286071392861,0.7411830245546873,0.9286071392860714,11,False,10000,0.967741935483871,0.49193548387096775,3
Alzheimer disease,alzheimer,stringent,118,Vermis 8,0.764506595936595,0.9530456045304562,0.1954804519548045,0.8780121987801219,0.8045195480451954,29,False,10000,0.953125,0.47307692307692306,3
Alzheimer disease,alzheimer,stringent,119,Vermis 9,1.2833821222556219,0.9530456045304562,0.06719328067193281,0.7411830245546873,0.9328067193280671,10,False,10000,0.8791466346153847,0.308203125,4
Alzheimer disease,alzheimer,stringent,121,Thal AV L,0.04954669888403658,0.9746843497468435,0.44945505449455053,0.9617400328932625,0.5505449455054494,58,False,10000,0.6692307692307693,0.2871588089330025,4
Alzheimer disease,alzheimer,stringent,122,Thal AV R,1.1805739233092176,0.9530456045304562,0.1004899510048995,0.8547478585474786,0.8995100489951005,16,False,10000,0.8340144230769231,0.08786057692307692,2
Alzheimer disease,alzheimer,stringent,125,Thal VA L,-0.3177082589561398,0.9746843497468435,0.595940405959404,0.9617400328932625,0.404059594040596,80,False,10000,0.8984375,0.5808933002481389,5
Alzheimer disease,alzheimer,stringent,127,Thal VL L,0.5951595006109224,0.9530456045304562,0.27007299270072993,0.8780121987801219,0.7299270072992701,41,False,10000,0.5983870967741935,0.2749379652605458,6
Alzheimer disease,alzheimer,stringent,128,Thal VL R,-0.4964312994437287,0.9746843497468435,0.6691330866913309,0.9617400328932625,0.33086691330866913,92,False,10000,0.5960336538461539,0.11165865384615381,2
Alzheimer disease,alzheimer,stringent,129,Thal VPL L,0.6441072565279488,0.9530456045304562,0.2206779322067793,0.8780121987801219,0.7793220677932207,33,False,10000,0.6346153846153846,0.42355769230769225,6
Alzheimer disease,alzheimer,stringent,130,Thal VPL R,-0.13858619292453148,0.9746843497468435,0.5128487151284872,0.9617400328932625,0.4871512848715128,64,False,10000,0.6887019230769231,0.15745192307692302,2
Alzheimer disease,alzheimer,stringent,131,Thal IL L,-0.31483243720049364,0.9746843497468435,0.5900409959004099,0.9617400328932625,0.4099590040995901,78,False,10000,0.8153846153846154,0.2362282878411911,5
Alzheimer disease,alzheimer,stringent,135,Thal MDm L,1.486070155780248,0.9530456045304562,0.0734926507349265,0.7411830245546873,0.9265073492650735,12,False,10000,0.4375,0.21811414392059555,3
Alzheimer disease,alzheimer,stringent,136,Thal MDm R,0.936985091320055,0.9530456045304562,0.1698830116988301,0.8780121987801219,0.8301169883011699,26,False,10000,0.6154447115384616,0.10763221153846148,2
Alzheimer disease,alzheimer,stringent,137,Thal MDl L,0.3402186980306394,0.9746843497468435,0.3427657234276572,0.9377650470247093,0.6572342765723428,50,False,10000,0.11290322580645161,0.38076923076923075,3
Alzheimer disease,alzheimer,stringent,139,Thal LGN L,-0.500870040955398,0.9746843497468435,0.6633336666333367,0.9617400328932625,0.3366663333666633,90,False,10000,0.49230769230769234,0.30393145161290325,5
Alzheimer disease,alzheimer,stringent,140,Thal LGN R,0.7679199795534741,0.9530456045304562,0.22347765223477653,0.8780121987801219,0.7765223477652234,34,False,10000,0.81875,0.11875000000000013,2
Alzheimer disease,alzheimer,stringent,141,Thal MGN L,-1.1687499397260153,0.9746843497468435,0.8484151584841516,0.9750665558444156,0.1515848415158484,119,False,10000,0.5038461538461538,0.3961538461538461,2
Alzheimer disease,alzheimer,stringent,143,Thal PuI L,1.1079356436707726,0.9530456045304562,0.12148785121487851,0.8780121987801219,0.8785121487851215,19,False,10000,0.6884615384615385,0.2884615384615383,2
Alzheimer disease,alzheimer,stringent,144,Thal PuI R,2.111837526886621,0.8371162883711629,0.013798620137986202,0.6347365263473653,0.9862013798620138,3,False,10000,0.8869591346153847,0.08227163461538456,2
Alzheimer disease,alzheimer,stringent,145,Thal PuM L,2.5470459063501734,0.7589241075892411,0.0027997200279972004,0.38636136386361364,0.9972002799720028,1,False,10000,0.8307692307692308,0.5992555831265509,5
Alzheimer disease,alzheimer,stringent,146,Thal PuM R,1.4959851789830114,0.9530456045304562,0.0663933606639336,0.7411830245546873,0.9336066393360664,9,False,10000,0.614423076923077,0.23942307692307685,2
Alzheimer disease,alzheimer,stringent,147,Thal PuA L,2.1457299506997374,0.8371162883711629,0.0093990600939906,0.6347365263473653,0.9906009399060094,2,False,10000,0.9538461538461539,0.07679900744416879,3
Alzheimer disease,alzheimer,stringent,148,Thal PuA R,1.321950016239822,0.9530456045304562,0.0741925807419258,0.7411830245546873,0.9258074192580742,13,False,10000,0.6719951923076923,0.18737980769230766,2
Alzheimer disease,alzheimer,stringent,153,ACC pre L,0.5335856594965241,0.9530456045304562,0.2575742425757424,0.8780121987801219,0.7424257574242576,38,False,10000,0.5384615384615384,0.43649193548387094,3
Alzheimer disease,alzheimer,stringent,154,ACC pre R,1.269486319020712,0.9530456045304562,0.05169483051694831,0.7411830245546873,0.9483051694830517,7,False,10000,0.8728365384615384,0.09591346153846148,2
Alzheimer disease,alzheimer,stringent,155,ACC sup L,1.0932574170624687,0.9530456045304562,0.0751924807519248,0.7411830245546873,0.9248075192480751,14,False,10000,0.7086848635235732,0.26281598945409435,6
Alzheimer disease,alzheimer,stringent,156,ACC sup R,0.24329807245065535,0.9746843497468435,0.34656534346565343,0.9377650470247093,0.6534346565343465,51,False,10000,0.6486778846153847,0.17944711538461544,2
Alzheimer disease,alzheimer,stringent,157,N Acc L,-0.37293326523662373,0.9746843497468435,0.6257374262573743,0.9617400328932625,0.3742625737426257,84,False,10000,0.5806451612903226,0.057568238213399514,5
Alzheimer disease,alzheimer,stringent,158,N Acc R,-1.3357064858779548,0.9746843497468435,0.882011798820118,0.9750665558444156,0.11798820117988196,123,False,10000,0.43263221153846154,0.19044471153846154,2
Alzheimer disease,alzheimer,stringent,161,SN pc L,0.9568091488218065,0.9530456045304562,0.10918908109189081,0.8547478585474786,0.8908109189081092,17,False,10000,0.7094254032258065,0.19380040322580638,2
Alzheimer disease,alzheimer,stringent,163,SN pr L,0.5464350983760632,0.9530456045304562,0.2505749425057494,0.8780121987801219,0.7494250574942506,36,False,10000,0.7230769230769231,0.5627403846153847,5
Alzheimer disease,alzheimer,stringent,164,SN pr R,1.4705239342543976,0.9530456045304562,0.2146785321467853,0.8780121987801219,0.7853214678532147,32,False,10000,0.7635817307692307,0.0020432692307692513,2
Alzheimer disease,alzheimer,stringent,165,Red N L,0.5306228087892495,0.9530456045304562,0.208979102089791,0.8780121987801219,0.791020897910209,31,False,10000,0.576923076923077,0.6764423076923076,4
Alzheimer disease,alzheimer,stringent,166,Red N R,-1.1497234625818384,0.9746843497468435,0.8952104789521048,0.9750665558444156,0.10478952104789518,126,False,10000,0.53671875,0.2632812500000001,2
Alzheimer disease,alzheimer,stringent,167,LC L,0.07391635878409596,0.9746843497468435,0.44315568443155684,0.9617400328932625,0.5568443155684432,56,False,10000,0.5461538461538462,0.34280978598014883,4
Alzheimer disease,alzheimer,stringent,168,LC R,-1.4811729059219958,0.9746843497468435,0.9244075592440756,0.9812941782744803,0.07559244075592442,130,False,10000,0.046274038461538464,0.030649038461538464,2
Alzheimer disease,alzheimer,stringent,169,Raphe D,0.5351663458778679,0.9530456045304562,0.22877712228777122,0.8780121987801219,0.7712228777122287,35,False,10000,0.2879206730769231,0.1417668269230769,2
Alzheimer disease,alzheimer,stringent,170,Raphe M,-0.15192389833324244,0.9746843497468435,0.5468453154684532,0.9617400328932625,0.45315468453154684,66,False,10000,0.12307692307692308,0.22638221153846155,3
Alzheimer disease,alzheimer,weighted,1,Precentral L,0.47887631756390037,0.9063799502402702,0.300969903009699,0.8505677734113382,0.6990300969903009,48,False,10000,0.590851814516129,0.09803136631513654,6
Alzheimer disease,alzheimer,weighted,2,Precentral R,-1.6230224068814452,0.9873221633060575,0.9494050594940506,0.9777455090311865,0.05059494050594937,134,False,10000,0.24338942307692307,0.10276442307692304,2
Alzheimer disease,alzheimer,weighted,3,Frontal Sup 2 L,0.3596253117834934,0.9297145757122401,0.3264673532646735,0.8505677734113382,0.6735326467353264,52,False,10000,0.5434243176178659,0.32105110111662527,6
Alzheimer disease,alzheimer,weighted,4,Frontal Sup 2 R,0.6681363052407822,0.9063799502402702,0.23017698230176983,0.8505677734113382,0.7698230176982301,29,False,10000,0.5132211538461539,0.2055288461538461,2
Alzheimer disease,alzheimer,weighted,5,Frontal Mid 2 L,0.7845141729057815,0.9063799502402702,0.23977602239776022,0.8505677734113382,0.7602239776022398,32,False,10000,0.6478908188585608,0.22382133995037223,6
Alzheimer disease,alzheimer,weighted,6,Frontal Mid 2 R,-0.79618055723143,0.9873221633060575,0.7731226877312268,0.9650476812783837,0.22687731226877317,104,False,10000,0.4080528846153846,0.13882211538461536,2
Alzheimer disease,alzheimer,weighted,7,Frontal Inf Oper L,-1.1925654046908645,0.9873221633060575,0.8489151084891511,0.9650476812783837,0.15108489151084892,118,False,10000,0.3230769230769231,0.20235732009925558,3
Alzheimer disease,alzheimer,weighted,8,Frontal Inf Oper R,-0.9044882975732602,0.9873221633060575,0.7847215278472153,0.9650476812783837,0.21527847215278473,107,False,10000,0.19302884615384616,0.09927884615384613,2
Alzheimer disease,alzheimer,weighted,9,Frontal Inf Tri L,-0.20037939623122603,0.9873221633060575,0.5565443455654434,0.9650476812783837,0.4434556544345566,75,False,10000,0.6390818858560794,0.2813498371588089,6
Alzheimer disease,alzheimer,weighted,10,Frontal Inf Tri R,-0.5942963553904808,0.9873221633060575,0.7070292970702929,0.9650476812783837,0.29297070292970706,94,False,10000,0.4640024038461539,0.3563100961538462,2
Alzheimer disease,alzheimer,weighted,11,Frontal Inf Orb 2 L,0.4783502541640717,0.9063799502402702,0.29487051294870514,0.8505677734113382,0.7051294870512949,45,False,10000,0.7525201612903225,0.5706149193548387,6
Alzheimer disease,alzheimer,weighted,12,Frontal Inf Orb 2 R,0.9570171303549229,0.9063799502402702,0.1341865813418658,0.8505677734113382,0.8658134186581342,20,False,10000,0.7211538461538461,0.028846153846153966,2
Alzheimer disease,alzheimer,weighted,13,Rolandic Oper L,-1.2515414036990216,0.9873221633060575,0.8871112888711129,0.9650476812783837,0.1128887111288871,126,False,10000,0.47307692307692306,0.23194789081885858,6
Alzheimer disease,alzheimer,weighted,14,Rolandic Oper R,-0.4824800942822331,0.9873221633060575,0.6636336366363363,0.9650476812783837,0.33636636336366366,89,False,10000,0.7713341346153846,0.0021033653846153078,2
Alzheimer disease,alzheimer,weighted,15,Supp Motor Area L,0.4320170124727819,0.9063799502402702,0.2763723627637236,0.8505677734113382,0.7236276372362764,39,False,10000,0.282258064516129,0.4562655086848635,6
Alzheimer disease,alzheimer,weighted,16,Supp Motor Area R,-2.142362539246166,0.9982001799820018,0.9865013498650135,0.9991000899910009,0.013498650134986523,136,False,10000,0.159375,0.05937499999999998,2
Alzheimer disease,alzheimer,weighted,17,Olfactory L,0.689003425558589,0.9063799502402702,0.263973602639736,0.8505677734113382,0.736026397360264,36,False,10000,0.6730769230769231,0.41083572425558323,4
Alzheimer disease,alzheimer,weighted,18,Olfactory R,0.5322033124898613,0.9063799502402702,0.31366863313668636,0.8505677734113382,0.6863313668633136,50,False,10000,0.5045673076923077,0.08918269230769227,2
Alzheimer disease,alzheimer,weighted,19,Frontal Sup Medial L,1.2749833554088423,0.8987501249875013,0.08139186081391861,0.8022911994514834,0.9186081391860814,14,False,10000,0.7621588089330025,0.19137717121588094,6
Alzheimer disease,alzheimer,weighted,20,Frontal Sup Medial R,1.092812457034939,0.9063799502402702,0.0983901609839016,0.8486151384861513,0.9016098390160984,16,False,10000,0.7106971153846153,0.17992788461538456,2
Alzheimer disease,alzheimer,weighted,21,Frontal Med Orb L,-0.32644959341712504,0.9873221633060575,0.5991400859914009,0.9650476812783837,0.4008599140085991,81,False,10000,0.6053349875930522,0.6013889965880893,6
Alzheimer disease,alzheimer,weighted,22,Frontal Med Orb R,0.6379235149865351,0.9063799502402702,0.26247375262473754,0.8505677734113382,0.7375262473752624,35,False,10000,0.8368990384615385,0.04002403846153846,2
Alzheimer disease,alzheimer,weighted,23,Rectus L,0.1774007314326546,0.9812599385222768,0.42145785421457854,0.9380836109937394,0.5785421457854214,62,False,10000,0.5084425403225806,0.7205984413771712,6
Alzheimer disease,alzheimer,weighted,24,Rectus R,0.6988610803656177,0.9063799502402702,0.26107389261073893,0.8505677734113382,0.738926107389261,34,False,10000,0.8259014423076922,0.04128605769230764,2
Alzheimer disease,alzheimer,weighted,25,OFCmed L,0.5641745807171776,0.9063799502402702,0.25877412258774124,0.8505677734113382,0.7412258774122588,33,False,10000,0.5786600496277916,0.42012930366004964,6
Alzheimer disease,alzheimer,weighted,26,OFCmed R,-0.15420845655707913,0.9873221633060575,0.5372462753724627,0.9650476812783837,0.4627537246275373,73,False,10000,0.6287860576923077,0.11340144230769234,2
Alzheimer disease,alzheimer,weighted,27,OFCant L,0.7284394598495822,0.9063799502402702,0.23747625237476253,0.8505677734113382,0.7625237476252374,31,False,10000,0.8428039702233251,0.32525880117866,6
Alzheimer disease,alzheimer,weighted,28,OFCant R,-0.9266855440943708,0.9873221633060575,0.7995200479952005,0.9650476812783837,0.2004799520047995,109,False,10000,0.4252403846153846,0.3560096153846153,2
Alzheimer disease,alzheimer,weighted,29,OFCpost L,0.0088477667154114,0.9873221633060575,0.4814518548145185,0.9650476812783837,0.5185481451854814,64,False,10000,0.35985576923076923,0.33930288461538466,6
Alzheimer disease,alzheimer,weighted,30,OFCpost R,-0.37125248832551244,0.9873221633060575,0.6024397560243976,0.9650476812783837,0.3975602439756024,82,False,10000,0.6896033653846154,0.04116586538461531,2
Alzheimer disease,alzheimer,weighted,31,OFClat L,1.5920111208719203,0.7430026228146416,0.036396360363963605,0.5580775255807753,0.9636036396360363,9,False,10000,0.5564516129032258,0.29844913151364766,4
Alzheimer disease,alzheimer,weighted,32,OFClat R,1.7508154885224605,0.7430026228146416,0.0216978302169783,0.5580775255807753,0.9783021697830216,4,False,10000,0.8956129807692308,0.03407451923076921,2
Alzheimer disease,alzheimer,weighted,33,Insula L,0.7445006049852222,0.9063799502402702,0.21327867213278673,0.8505677734113382,0.7867213278672133,27,False,10000,0.7112903225806452,0.41910669975186104,6
Alzheimer disease,alzheimer,weighted,34,Insula R,0.71056563151193,0.9063799502402702,0.23097690230976903,0.8505677734113382,0.769023097690231,30,False,10000,0.5904447115384616,0.16736778846153844,2
Alzheimer disease,alzheimer,weighted,37,Cingulate Mid L,0.16723128156151176,0.9812599385222768,0.41725827417258277,0.9380836109937394,0.5827417258274172,61,False,10000,0.47662259615384617,0.20269366470223327,6
Alzheimer disease,alzheimer,weighted,38,Cingulate Mid R,-0.6001915429901191,0.9873221633060575,0.7234276572342766,0.9650476812783837,0.2765723427657234,99,False,10000,0.3027043269230769,0.048858173076923084,2
Alzheimer disease,alzheimer,weighted,39,Cingulate Post L,-1.015177504237151,0.9873221633060575,0.8334166583341666,0.9650476812783837,0.16658334166583344,115,False,10000,0.6307692307692307,0.6081149193548387,5
Alzheimer disease,alzheimer,weighted,41,Hippocampus L,-0.6688655700298625,0.9873221633060575,0.712928707129287,0.9650476812783837,0.287071292870713,97,False,10000,0.24330024813895784,0.21073200992555832,6
Alzheimer disease,alzheimer,weighted,42,Hippocampus R,-0.045080340610506746,0.9873221633060575,0.49735026497350265,0.9650476812783837,0.5026497350264973,67,False,10000,0.38125,0.18124999999999997,2
Alzheimer disease,alzheimer,weighted,43,ParaHippocampal L,0.981475436107743,0.9063799502402702,0.1503849615038496,0.8505677734113382,0.8496150384961504,21,False,10000,0.5771712158808933,0.44057071960297767,6
Alzheimer disease,alzheimer,weighted,44,ParaHippocampal R,0.3697993377714988,0.9297145757122401,0.35176482351764826,0.8989545489895455,0.6482351764823517,54,False,10000,0.7245793269230769,0.029266826923076916,2
Alzheimer disease,alzheimer,weighted,45,Amygdala L,0.1955535880132146,0.9812599385222768,0.4026597340265973,0.9380836109937394,0.5973402659734026,59,False,10000,0.703125,0.43076923076923074,5
Alzheimer disease,alzheimer,weighted,46,Amygdala R,-2.935148012506549,0.9982001799820018,0.9991000899910009,0.9991000899910009,0.0008999100089991385,138,False,10000,0.046814903846153846,0.03912259615384615,2
Alzheimer disease,alzheimer,weighted,47,Calcarine L,-0.615534752167411,0.9873221633060575,0.6653334666533347,0.9650476812783837,0.3346665333466653,90,False,10000,0.3817617866004963,0.49863523573200996,6
Alzheimer disease,alzheimer,weighted,48,Calcarine R,-0.9306847468323545,0.9873221633060575,0.7769223077692231,0.9650476812783837,0.2230776922307769,105,False,10000,0.10889423076923077,0.04735576923076923,2
Alzheimer disease,alzheimer,weighted,49,Cuneus L,-1.727483444232869,0.9873221633060575,0.9307069293070693,0.9687046332960689,0.06929307069293067,132,False,10000,0.06451612903225806,0.14158653846153846,5
Alzheimer disease,alzheimer,weighted,51,Lingual L,-0.49183546053787836,0.9873221633060575,0.6343365663433657,0.9650476812783837,0.36566343365663434,86,False,10000,0.34615384615384615,0.27290245037220845,6
Alzheimer disease,alzheimer,weighted,52,Lingual R,-0.14274905864592516,0.9873221633060575,0.5267473252674733,0.9650476812783837,0.47325267473252675,71,False,10000,0.44092548076923077,0.12061298076923083,2
Alzheimer disease,alzheimer,weighted,53,Occipital Sup L,-1.4520554721047658,0.9873221633060575,0.9107089291070893,0.9667525555136794,0.08929107089291066,130,False,10000,0.3245192307692308,0.3694246277915634,4
Alzheimer disease,alzheimer,weighted,55,Occipital Mid L,-0.7461585620352801,0.9873221633060575,0.7141285871412859,0.9650476812783837,0.2858714128587141,98,False,10000,0.3770471464019851,0.31339950372208447,6
Alzheimer disease,alzheimer,weighted,56,Occipital Mid R,-1.3476358819788654,0.9873221633060575,0.8844115588441156,0.9650476812783837,0.1155884411558844,124,False,10000,0.35084134615384616,0.24146634615384613,2
Alzheimer disease,alzheimer,weighted,57,Occipital Inf L,-0.40126654195443673,0.9873221633060575,0.6371362863713629,0.9650476812783837,0.3628637136286371,87,False,10000,0.5700604838709677,0.3257870657568238,6
Alzheimer disease,alzheimer,weighted,58,Occipital Inf R,-0.05915101266032519,0.9873221633060575,0.49805019498050196,0.9650476812783837,0.501949805019498,68,False,10000,0.5339543269230769,0.11989182692307698,2
Alzheimer disease,alzheimer,weighted,59,Fusiform L,-0.11025107388922122,0.9873221633060575,0.5269473052694731,0.9650476812783837,0.4730526947305269,72,False,10000,0.3620347394540943,0.3925703706575682,6
Alzheimer disease,alzheimer,weighted,60,Fusiform R,0.5119942600443765,0.9063799502402702,0.2860713928607139,0.8505677734113382,0.7139286071392861,42,False,10000,0.4859375,0.18593749999999998,2
Alzheimer disease,alzheimer,weighted,61,Postcentral L,-1.0079390837580064,0.9873221633060575,0.8406159384061593,0.9650476812783837,0.15938406159384066,117,False,10000,0.37121588089330027,0.1473867866004963,6
Alzheimer disease,alzheimer,weighted,62,Postcentral R,-0.20585557504114024,0.9873221633060575,0.5517448255174483,0.9650476812783837,0.4482551744825517,74,False,10000,0.44915865384615383,0.05853365384615383,2
Alzheimer disease,alzheimer,weighted,63,Parietal Sup L,-0.7102468806721163,0.9873221633060575,0.7257274272572742,0.9650476812783837,0.27427257274272576,100,False,10000,0.4643028846153846,0.3751686569478908,6
Alzheimer disease,alzheimer,weighted,64,Parietal Sup R,-1.208041696226588,0.9873221633060575,0.8985101489851015,0.9650476812783837,0.10148985101489849,127,False,10000,0.09248798076923077,0.06905048076923079,2
Alzheimer disease,alzheimer,weighted,65,Parietal Inf L,-0.8593416558894444,0.9873221633060575,0.7937206279372063,0.9650476812783837,0.20627937206279368,108,False,10000,0.56575682382134,0.2867730303970224,6
Alzheimer disease,alzheimer,weighted,66,Parietal Inf R,-0.8461787509916261,0.9873221633060575,0.8343165683431657,0.9650476812783837,0.1656834316568343,116,False,10000,0.3128605769230769,0.14098557692307695,2
Alzheimer disease,alzheimer,weighted,67,SupraMarginal L,-0.4034113162089965,0.9873221633060575,0.6279372062793721,0.9650476812783837,0.3720627937206279,85,False,10000,0.19615384615384618,0.1638579792183623,6
Alzheimer disease,alzheimer,weighted,68,SupraMarginal R,-0.9810972332379732,0.9873221633060575,0.8537146285371463,0.9650476812783837,0.1462853714628537,122,False,10000,0.23521634615384615,0.15709134615384618,2
Alzheimer disease,alzheimer,weighted,69,Angular L,-0.37143560344747095,0.9873221633060575,0.6207379262073792,0.9650476812783837,0.3792620737926208,84,False,10000,0.5692307692307692,0.1462740384615384,5
Alzheimer disease,alzheimer,weighted,70,Angular R,-0.5290121407659704,0.9873221633060575,0.6954304569543046,0.9650476812783837,0.3045695430456954,92,False,10000,0.20961538461538462,0.04038461538461541,2
Alzheimer disease,alzheimer,weighted,71,Precuneus L,-1.549957474527505,0.9873221633060575,0.8495150484951505,0.9650476812783837,0.15048495150484953,119,False,10000,0.2532258064516129,0.400682382133995,6
Alzheimer disease,alzheimer,weighted,72,Precuneus R,-1.725482031787574,0.9873221633060575,0.9196080391960804,0.9687046332960689,0.08039196080391964,131,False,10000,0.1240985576923077,0.008713942307692318,2
Alzheimer disease,alzheimer,weighted,73,Paracentral Lobule L,-0.28811365777076553,0.9873221633060575,0.5814418558144185,0.9650476812783837,0.41855814418558146,79,False,10000,0.5119106699751861,0.18450585452853596,6
Alzheimer disease,alzheimer,weighted,74,Paracentral Lobule R,-1.355960977886682,0.9873221633060575,0.8749125087491251,0.9650476812783837,0.12508749125087493,123,False,10000,0.2646033653846154,0.1338341346153846,2
Alzheimer disease,alzheimer,weighted,75,Caudate L,-0.7659602520947092,0.9873221633060575,0.7527247275272473,0.9650476812783837,0.24727527247275272,103,False,10000,0.4461538461538462,0.3715357475186104,6
Alzheimer disease,alzheimer,weighted,76,Caudate R,-1.059671740474673,0.9873221633060575,0.7997200279972003,0.9650476812783837,0.20027997200279968,110,False,10000,0.4298677884615385,0.04705528846153845,2
Alzheimer disease,alzheimer,weighted,77,Putamen L,-1.5452981231960334,0.9873221633060575,0.9336066393360664,0.9687046332960689,0.06639336066393364,133,False,10000,0.2208533653846154,0.25899019075682383,6
Alzheimer disease,alzheimer,weighted,78,Putamen R,-2.8743345848806507,0.9982001799820018,0.9957004299570043,0.9991000899910009,0.004299570042995748,137,False,10000,0.17121394230769232,0.0865985576923077,2
Alzheimer disease,alzheimer,weighted,79,Pallidum L,-0.18554414480714365,0.9873221633060575,0.5617438256174383,0.9650476812783837,0.4382561743825617,76,False,10000,0.5776209677419355,0.3426566377171216,6
Alzheimer disease,alzheimer,weighted,80,Pallidum R,0.32298249286396247,0.9463344574633447,0.3722627737226277,0.9145154450072235,0.6277372262773723,55,False,10000,0.8048076923076923,0.17980769230769234,2
Alzheimer disease,alzheimer,weighted,83,Heschl L,0.3162665084114763,0.9463344574633447,0.31616838316168383,0.8505677734113382,0.6838316168383162,51,False,10000,0.7580645161290323,0.3224759615384616,5
Alzheimer disease,alzheimer,weighted,84,Heschl R,0.432924437142678,0.9063799502402702,0.32666733326667335,0.8505677734113382,0.6733326667333266,53,False,10000,0.5943509615384616,0.3287259615384615,2
Alzheimer disease,alzheimer,weighted,85,Temporal Sup L,-0.7934183023304101,0.9873221633060575,0.7845215478452154,0.9650476812783837,0.21547845215478456,106,False,10000,0.3900744416873449,0.2931761786600497,6
Alzheimer disease,alzheimer,weighted,86,Temporal Sup R,-0.2720967162638258,0.9873221633060575,0.5873412658734126,0.9650476812783837,0.4126587341265874,80,False,10000,0.3543870192307692,0.21592548076923074,2
Alzheimer disease,alzheimer,weighted,87,Temporal Pole Sup L,0.7412147348863719,0.9063799502402702,0.22237776222377761,0.8505677734113382,0.7776222377762224,28,False,10000,0.5859975961538462,0.3857407335607941,6
Alzheimer disease,alzheimer,weighted,88,Temporal Pole Sup R,1.0585319105522555,0.9063799502402702,0.17588241175882413,0.8505677734113382,0.8241175882411759,23,False,10000,0.8384615384615385,0.16153846153846163,2
Alzheimer disease,alzheimer,weighted,89,Temporal Mid L,-1.285502946003979,0.9873221633060575,0.9013098690130987,0.9650476812783837,0.09869013098690127,128,False,10000,0.3525841346153846,0.09300073666253095,6
Alzheimer disease,alzheimer,weighted,90,Temporal Mid R,-1.918549388088461,0.9935006499350065,0.9775022497750225,0.9991000899910009,0.022497750224977464,135,False,10000,0.35282451923076924,0.014362980769230815,2
Alzheimer disease,alzheimer,weighted,91,Temporal Pole Mid L,1.5851810807586022,0.7430026228146416,0.034096590340965904,0.5580775255807753,0.9659034096590341,7,False,10000,0.8985111662531018,0.14472704714640194,4
Alzheimer disease,alzheimer,weighted,93,Temporal Inf L,0.000548156333791873,0.9873221633060575,0.48355164483551644,0.9650476812783837,0.5164483551644836,65,False,10000,0.46556490384615384,0.14990404001240692,6
Alzheimer disease,alzheimer,weighted,94,Temporal Inf R,-0.5838915004263245,0.9873221633060575,0.691030896910309,0.9650476812783837,0.30896910308969106,91,False,10000,0.39495192307692306,0.05120192307692312,2
Alzheimer disease,alzheimer,weighted,95,Cerebellum Crus1 L,-1.0981066662198296,0.9873221633060575,0.8532146785321468,0.9650476812783837,0.14678532146785317,121,False,10000,0.15435987903225806,0.2579491702853598,6
Alzheimer disease,alzheimer,weighted,96,Cerebellum Crus1 R,-1.0284322411762261,0.9873221633060575,0.8286171382861713,0.9650476812783837,0.17138286171382866,113,False,10000,0.5786658653846154,0.35210336538461534,2
Alzheimer disease,alzheimer,weighted,97,Cerebellum Crus2 L,0.24100492882164556,0.9812599385222768,0.37416258374162586,0.9145154450072235,0.6258374162583742,56,False,10000,0.4846153846153846,0.2506823821339951,6
Alzheimer disease,alzheimer,weighted,98,Cerebellum Crus2 R,-0.6675536296709991,0.9873221633060575,0.7358264173582642,0.9650476812783837,0.26417358264173585,102,False,10000,0.6569711538461538,0.2507211538461539,2
Alzheimer disease,alzheimer,weighted,101,Cerebellum 4 5 L,-0.9495911096907494,0.9873221633060575,0.8527147285271472,0.9650476812783837,0.14728527147285275,120,False,10000,0.47990074441687347,0.5316377171215881,6
Alzheimer disease,alzheimer,weighted,102,Cerebellum 4 5 R,-0.8429568208855414,0.9873221633060575,0.8324167583241676,0.9650476812783837,0.16758324167583238,114,False,10000,0.5619591346153846,0.0072716346153847145,2
Alzheimer disease,alzheimer,weighted,103,Cerebellum 6 L,-0.6117995494402032,0.9873221633060575,0.710928907109289,0.9650476812783837,0.289071092890711,96,False,10000,0.5887096774193548,0.28256823821339955,6
Alzheimer disease,alzheimer,weighted,104,Cerebellum 6 R,-0.38219705747939986,0.9873221633060575,0.6167383261673832,0.9650476812783837,0.3832616738326168,83,False,10000,0.4254807692307692,0.3870192307692307,2
Alzheimer disease,alzheimer,weighted,105,Cerebellum 7b L,0.42591143093391975,0.9063799502402702,0.29547045295470453,0.8505677734113382,0.7045295470452955,46,False,10000,0.4765625,0.42747557382133994,6
Alzheimer disease,alzheimer,weighted,106,Cerebellum 7b R,-1.1632052755624038,0.9873221633060575,0.8863113688631137,0.9650476812783837,0.11368863113688632,125,False,10000,0.47698317307692306,0.469170673076923,2
Alzheimer disease,alzheimer,weighted,107,Cerebellum 8 L,0.506337596757013,0.9063799502402702,0.27217278272172785,0.8505677734113382,0.7278272172782722,38,False,10000,0.5636476426799008,0.4493379730148883,6
Alzheimer disease,alzheimer,weighted,108,Cerebellum 8 R,-0.7478712051696246,0.9873221633060575,0.7354264573542646,0.9650476812783837,0.2645735426457354,101,False,10000,0.48587740384615385,0.3218149038461539,2
Alzheimer disease,alzheimer,weighted,109,Cerebellum 9 L,-0.39632207028763305,0.9873221633060575,0.6581341865813418,0.9650476812783837,0.3418658134186582,88,False,10000,0.06451612903225806,0.5375504032258065,5
Alzheimer disease,alzheimer,weighted,110,Cerebellum 9 R,-0.19450939284997237,0.9873221633060575,0.567943205679432,0.9650476812783837,0.432056794320568,77,False,10000,0.2594951923076923,0.02512019230769233,2
Alzheimer disease,alzheimer,weighted,111,Cerebellum 10 L,0.7189137902696483,0.9063799502402702,0.18238176182381763,0.8505677734113382,0.8176182381761824,25,False,10000,0.967741935483871,0.49193548387096775,3
Alzheimer disease,alzheimer,weighted,118,Vermis 8,0.6976322309486919,0.9063799502402702,0.20527947205279473,0.8505677734113382,0.7947205279472053,26,False,10000,0.953125,0.47307692307692306,3
Alzheimer disease,alzheimer,weighted,119,Vermis 9,1.2149147479006388,0.9063799502402702,0.0653934606539346,0.8022911994514834,0.9346065393460654,11,False,10000,0.8791466346153847,0.308203125,4
Alzheimer disease,alzheimer,weighted,121,Thal AV L,-0.09575314818531673,0.9873221633060575,0.515948405159484,0.9650476812783837,0.48405159484051596,70,False,10000,0.6692307692307693,0.2871588089330025,4
Alzheimer disease,alzheimer,weighted,122,Thal AV R,1.7349151200175046,0.7430026228146416,0.0301969803019698,0.5580775255807753,0.9698030196980302,5,False,10000,0.8340144230769231,0.08786057692307692,2
Alzheimer disease,alzheimer,weighted,125,Thal VA L,0.13211210486051414,0.9812599385222768,0.412958704129587,0.9380836109937394,0.587041295870413,60,False,10000,0.8984375,0.5808933002481389,5
Alzheimer disease,alzheimer,weighted,127,Thal VL L,0.5046878717624967,0.9063799502402702,0.2856714328567143,0.8505677734113382,0.7143285671432857,41,False,10000,0.5983870967741935,0.2749379652605458,6
Alzheimer disease,alzheimer,weighted,128,Thal VL R,0.4932985849286595,0.9063799502402702,0.30046995300469953,0.8505677734113382,0.6995300469953005,47,False,10000,0.5960336538461539,0.11165865384615381,2
Alzheimer disease,alzheimer,weighted,129,Thal VPL L,0.7596484951269777,0.9063799502402702,0.17068293170682933,0.8505677734113382,0.8293170682931706,22,False,10000,0.6346153846153846,0.42355769230769225,6
Alzheimer disease,alzheimer,weighted,130,Thal VPL R,-0.05464936153668955,0.9873221633060575,0.49855014498550143,0.9650476812783837,0.5014498550144986,69,False,10000,0.6887019230769231,0.15745192307692302,2
Alzheimer disease,alzheimer,weighted,131,Thal IL L,-0.05993855079852051,0.9873221633060575,0.49555044495550443,0.9650476812783837,0.5044495550444956,66,False,10000,0.8153846153846154,0.2362282878411911,5
Alzheimer disease,alzheimer,weighted,135,Thal MDm L,1.9383152294688397,0.7430026228146416,0.017298270172982702,0.5580775255807753,0.9827017298270173,2,False,10000,0.4375,0.21811414392059555,3
Alzheimer disease,alzheimer,weighted,136,Thal MDm R,1.2496687932229047,0.9063799502402702,0.11748825117488251,0.8505677734113382,0.8825117488251175,18,False,10000,0.6154447115384616,0.10763221153846148,2
Alzheimer disease,alzheimer,weighted,137,Thal MDl L,0.4425775321983495,0.9063799502402702,0.29247075292470753,0.8505677734113382,0.7075292470752925,43,False,10000,0.11290322580645161,0.38076923076923075,3
Alzheimer disease,alzheimer,weighted,139,Thal LGN L,-0.545117670353248,0.9873221633060575,0.7075292470752925,0.9650476812783837,0.2924707529247075,95,False,10000,0.49230769230769234,0.30393145161290325,5
Alzheimer disease,alzheimer,weighted,140,Thal LGN R,0.7121919880015637,0.9063799502402702,0.2692730726927307,0.8505677734113382,0.7307269273072693,37,False,10000,0.81875,0.11875000000000013,2
Alzheimer disease,alzheimer,weighted,141,Thal MGN L,-0.9035107033503006,0.9873221633060575,0.8278172182781722,0.9650476812783837,0.17218278172182777,112,False,10000,0.5038461538461538,0.3961538461538461,2
Alzheimer disease,alzheimer,weighted,143,Thal PuI L,0.1812651836321078,0.9812599385222768,0.38436156384361564,0.9145154450072235,0.6156384361563844,58,False,10000,0.6884615384615385,0.2884615384615383,2
Alzheimer disease,alzheimer,weighted,144,Thal PuI R,1.3210548918756353,0.8987501249875013,0.10978902109789021,0.8505677734113382,0.8902109789021098,17,False,10000,0.8869591346153847,0.08227163461538456,2
Alzheimer disease,alzheimer,weighted,145,Thal PuM L,2.079164905383461,0.7430026228146416,0.007899210078992101,0.5580775255807753,0.9921007899210079,1,False,10000,0.8307692307692308,0.5992555831265509,5
Alzheimer disease,alzheimer,weighted,146,Thal PuM R,1.7502308476295518,0.7430026228146416,0.0504949505049495,0.6968303169683031,0.9495050494950505,10,False,10000,0.614423076923077,0.23942307692307685,2
Alzheimer disease,alzheimer,weighted,147,Thal PuA L,1.7287060469732882,0.7430026228146416,0.020497950204979503,0.5580775255807753,0.9795020497950205,3,False,10000,0.9538461538461539,0.07679900744416879,3
Alzheimer disease,alzheimer,weighted,148,Thal PuA R,0.9185067352420059,0.9063799502402702,0.1805819418058194,0.8505677734113382,0.8194180581941806,24,False,10000,0.6719951923076923,0.18737980769230766,2
Alzheimer disease,alzheimer,weighted,153,ACC pre L,1.0591542362310375,0.9063799502402702,0.12498750124987501,0.8505677734113382,0.875012498750125,19,False,10000,0.5384615384615384,0.43649193548387094,3
Alzheimer disease,alzheimer,weighted,154,ACC pre R,1.4722222179795295,0.7430026228146416,0.03569643035696431,0.5580775255807753,0.9643035696430357,8,False,10000,0.8728365384615384,0.09591346153846148,2
Alzheimer disease,alzheimer,weighted,155,ACC sup L,1.4718538669279995,0.7430026228146416,0.0327967203279672,0.5580775255807753,0.9672032796720328,6,False,10000,0.7086848635235732,0.26281598945409435,6
Alzheimer disease,alzheimer,weighted,156,ACC sup R,-0.1952875494473673,0.9873221633060575,0.5723427657234277,0.9650476812783837,0.4276572342765723,78,False,10000,0.6486778846153847,0.17944711538461544,2
Alzheimer disease,alzheimer,weighted,157,N Acc L,0.22045923128641215,0.9812599385222768,0.38066193380661933,0.9145154450072235,0.6193380661933807,57,False,10000,0.5806451612903226,0.057568238213399514,5
Alzheimer disease,alzheimer,weighted,158,N Acc R,-1.526615695411749,0.9873221633060575,0.9021097890210978,0.9650476812783837,0.09789021097890216,129,False,10000,0.43263221153846154,0.19044471153846154,2
Alzheimer disease,alzheimer,weighted,161,SN pc L,1.5329039341468456,0.7430026228146416,0.08849115088491151,0.8141185881411859,0.9115088491150884,15,False,10000,0.7094254032258065,0.19380040322580638,2
Alzheimer disease,alzheimer,weighted,163,SN pr L,1.5428219726397392,0.7430026228146416,0.07439256074392561,0.8022911994514834,0.9256074392560744,12,False,10000,0.7230769230769231,0.5627403846153847,5
Alzheimer disease,alzheimer,weighted,164,SN pr R,1.8628886207646072,0.7430026228146416,0.0786921307869213,0.8022911994514834,0.9213078692130787,13,False,10000,0.7635817307692307,0.0020432692307692513,2
Alzheimer disease,alzheimer,weighted,165,Red N L,0.5195855394111353,0.9063799502402702,0.29447055294470553,0.8505677734113382,0.7055294470552944,44,False,10000,0.576923076923077,0.6764423076923076,4
Alzheimer disease,alzheimer,weighted,166,Red N R,-0.7294839500377519,0.9873221633060575,0.7022297770222977,0.9650476812783837,0.2977702229777023,93,False,10000,0.53671875,0.2632812500000001,2
Alzheimer disease,alzheimer,weighted,167,LC L,0.5012634863989514,0.9063799502402702,0.3086691330866913,0.8505677734113382,0.6913308669133087,49,False,10000,0.5461538461538462,0.34280978598014883,4
Alzheimer disease,alzheimer,weighted,168,LC R,-0.9696448245139102,0.9873221633060575,0.8258174182581742,0.9650476812783837,0.17418258174182577,111,False,10000,0.046274038461538464,0.030649038461538464,2
Alzheimer disease,alzheimer,weighted,169,Raphe D,0.612491037615215,0.9063799502402702,0.2793720627937206,0.8505677734113382,0.7206279372062794,40,False,10000,0.2879206730769231,0.1417668269230769,2
Alzheimer disease,alzheimer,weighted,170,Raphe M,-0.022475911050041365,0.9873221633060575,0.4754524547545245,0.9650476812783837,0.5245475452454755,63,False,10000,0.12307692307692308,0.22638221153846155,3
Amyotrophic lateral sclerosis,als,broad,1,Precentral L,0.10211630992604655,0.8901055099969455,0.48355164483551644,0.9355091517875239,0.5164483551644836,70,False,10000,0.6307692307692307,0.11439205955334997,6
Amyotrophic lateral sclerosis,als,broad,2,Precentral R,0.3265181307641568,0.8544530162368379,0.36826317368263173,0.8867205587133594,0.6317368263173683,54,False,10000,0.6632211538461539,0.055528846153846234,2
Amyotrophic lateral sclerosis,als,broad,3,Frontal Sup 2 L,0.5300878612982431,0.8544530162368379,0.29487051294870514,0.8867205587133594,0.7051294870512949,42,False,10000,0.5195913461538462,0.2918676333746898,6
Amyotrophic lateral sclerosis,als,broad,4,Frontal Sup 2 R,1.3321256517087905,0.8544530162368379,0.06929307069293071,0.8793051729309828,0.9307069293070693,8,False,10000,0.6741586538461539,0.03353365384615381,2
Amyotrophic lateral sclerosis,als,broad,5,Frontal Mid 2 L,0.31899636053230557,0.8544530162368379,0.37976202379762025,0.8867205587133594,0.6202379762023797,58,False,10000,0.6499999999999999,0.24285631203473945,6
Amyotrophic lateral sclerosis,als,broad,6,Frontal Mid 2 R,-0.4933601907813977,0.916376219520905,0.7235276472352765,0.9826443826205614,0.2764723527647235,96,False,10000,0.39248798076923075,0.1309495192307692,2
Amyotrophic lateral sclerosis,als,broad,7,Frontal Inf Oper L,0.7054961530632529,0.8544530162368379,0.2338766123387661,0.8867205587133594,0.7661233876612339,35,False,10000,0.36153846153846153,0.22965260545905708,3
Amyotrophic lateral sclerosis,als,broad,8,Frontal Inf Oper R,0.8983812757295795,0.8544530162368379,0.1611838816118388,0.8793051729309828,0.8388161183881612,23,False,10000,0.52109375,0.2789062500000001,2
Amyotrophic lateral sclerosis,als,broad,9,Frontal Inf Tri L,0.8082268200143786,0.8544530162368379,0.16198380161983802,0.8793051729309828,0.838016198380162,24,False,10000,0.8228287841191066,0.18870580024813888,6
Amyotrophic lateral sclerosis,als,broad,10,Frontal Inf Tri R,0.7602068983324711,0.8544530162368379,0.24917508249175083,0.8867205587133594,0.7508249175082492,37,False,10000,0.7946514423076922,0.010036057692307643,2
Amyotrophic lateral sclerosis,als,broad,11,Frontal Inf Orb 2 L,0.18143665212367527,0.8693130686931306,0.44465553444655537,0.9105060082227071,0.5553444655534446,67,False,10000,0.6576923076923077,0.103970223325062,6
Amyotrophic lateral sclerosis,als,broad,12,Frontal Inf Orb 2 R,-0.009506413200159327,0.9105651934806519,0.5345465453454654,0.9826443826205614,0.4654534546545346,75,False,10000,0.8293870192307693,0.009074519230769185,2
Amyotrophic lateral sclerosis,als,broad,13,Rolandic Oper L,-0.8663322332621375,0.931061893810619,0.8421157884211579,0.9826443826205614,0.15788421157884214,117,False,10000,0.4258064516129032,0.24683622828784113,6
Amyotrophic lateral sclerosis,als,broad,14,Rolandic Oper R,0.22810125995341834,0.8580232885802328,0.41525847415258477,0.8867205587133594,0.5847415258474152,62,False,10000,0.6454927884615385,0.23143028846153846,2
Amyotrophic lateral sclerosis,als,broad,15,Supp Motor Area L,-0.09872606045519972,0.9105651934806519,0.5869413058694131,0.9826443826205614,0.41305869413058693,79,False,10000,0.38076923076923075,0.26277915632754345,6
Amyotrophic lateral sclerosis,als,broad,16,Supp Motor Area R,-0.02873280419344301,0.9105651934806519,0.5531446855314468,0.9826443826205614,0.4468553144685532,77,False,10000,0.3740985576923077,0.2587139423076923,2
Amyotrophic lateral sclerosis,als,broad,17,Olfactory L,-2.4211072967315768,0.9942005799420058,0.9983001699830018,0.9983001699830018,0.0016998300169982494,138,False,10000,0.04322076612903226,0.057945293114143925,4
Amyotrophic lateral sclerosis,als,broad,18,Olfactory R,-1.7367255266377022,0.9737158637077468,0.960903909609039,0.9826443826205614,0.03909609039096096,134,False,10000,0.05402644230769231,0.030588942307692303,2
Amyotrophic lateral sclerosis,als,broad,19,Frontal Sup Medial L,0.246460067891585,0.8544530162368379,0.41755824417558246,0.8867205587133594,0.5824417558244175,64,False,10000,0.614516129032258,0.11921719913151363,6
Amyotrophic lateral sclerosis,als,broad,20,Frontal Sup Medial R,1.6428042824907847,0.8544530162368379,0.048995100489951,0.8793051729309828,0.951004899510049,4,False,10000,0.6028245192307693,0.2643629807692308,2
Amyotrophic lateral sclerosis,als,broad,21,Frontal Med Orb L,-0.9969387728223528,0.9422948330166983,0.8465153484651535,0.9826443826205614,0.15348465153484647,118,False,10000,0.41645665322580644,0.3550025201612904,6
Amyotrophic lateral sclerosis,als,broad,22,Frontal Med Orb R,0.4411997622225702,0.8544530162368379,0.3702629737026297,0.8867205587133594,0.6297370262973703,55,False,10000,0.5415865384615385,0.13533653846153842,2
Amyotrophic lateral sclerosis,als,broad,23,Rectus L,-1.0568600563124553,0.9422948330166983,0.8817118288171183,0.9826443826205614,0.11828817118288171,123,False,10000,0.1748991935483871,0.15932459677419356,6
Amyotrophic lateral sclerosis,als,broad,24,Rectus R,-0.6109521251999025,0.916376219520905,0.7472252774722528,0.9826443826205614,0.25277472252774724,100,False,10000,0.39975961538461535,0.06899038461538459,2
Amyotrophic lateral sclerosis,als,broad,25,OFCmed L,-0.6194515857147592,0.916376219520905,0.774022597740226,0.9826443826205614,0.22597740225977403,106,False,10000,0.4461538461538462,0.16224701457816376,6
Amyotrophic lateral sclerosis,als,broad,26,OFCmed R,-0.8555039794010325,0.931061893810619,0.8504149585041496,0.9826443826205614,0.1495850414958504,119,False,10000,0.3847355769230769,0.13088942307692308,2
Amyotrophic lateral sclerosis,als,broad,27,OFCant L,0.12455236353085075,0.8901055099969455,0.47685231476852313,0.9355091517875239,0.5231476852314769,69,False,10000,0.670733173076923,0.25422514733250623,6
Amyotrophic lateral sclerosis,als,broad,28,OFCant R,0.5675756494228854,0.8544530162368379,0.29227077292270776,0.8867205587133594,0.7077292270772922,41,False,10000,0.6011418269230769,0.04729567307692295,2
Amyotrophic lateral sclerosis,als,broad,29,OFCpost L,-1.2989635135847042,0.9517887905865902,0.9485051494850515,0.9826443826205614,0.05149485051494851,131,False,10000,0.25,0.38815136476426804,6
Amyotrophic lateral sclerosis,als,broad,30,OFCpost R,-0.48584054940986665,0.916376219520905,0.6852314768523148,0.9826443826205614,0.3147685231476852,92,False,10000,0.42007211538461536,0.3106971153846153,2
Amyotrophic lateral sclerosis,als,broad,31,OFClat L,-1.0746555359970924,0.9422948330166983,0.9372062793720628,0.9826443826205614,0.0627937206279372,129,False,10000,0.27419354838709675,0.16650124069478908,4
Amyotrophic lateral sclerosis,als,broad,32,OFClat R,-1.0995935764694194,0.9422948330166983,0.9166083391660834,0.9826443826205614,0.08339166083391658,126,False,10000,0.6854567307692307,0.07608173076923075,2
Amyotrophic lateral sclerosis,als,broad,33,Insula L,-0.8773234724807067,0.931061893810619,0.8578142185781422,0.9826443826205614,0.14218578142185778,120,False,10000,0.34224759615384615,0.3589649891439206,6
Amyotrophic lateral sclerosis,als,broad,34,Insula R,-1.1498321094945236,0.9422948330166983,0.889011098890111,0.9826443826205614,0.11098890110988902,124,False,10000,0.25348557692307694,0.1996394230769231,2
Amyotrophic lateral sclerosis,als,broad,37,Cingulate Mid L,-1.003564548732495,0.9422948330166983,0.8696130386961304,0.9826443826205614,0.13038696130386962,121,False,10000,0.3038461538461539,0.2334987593052109,6
Amyotrophic lateral sclerosis,als,broad,38,Cingulate Mid R,-1.7175540943107575,0.9737158637077468,0.9671032896710329,0.9826443826205614,0.03289671032896713,135,False,10000,0.2006610576923077,0.11472355769230769,2
Amyotrophic lateral sclerosis,als,broad,39,Cingulate Post L,1.2529034217216757,0.8544530162368379,0.1116888311168883,0.8793051729309828,0.8883111688831117,14,False,10000,0.7384615384615385,0.16129032258064513,5
Amyotrophic lateral sclerosis,als,broad,41,Hippocampus L,0.8898694032185713,0.8544530162368379,0.22707729227077292,0.8867205587133594,0.7729227077292271,34,False,10000,0.2230769230769231,0.07158808933002486,6
Amyotrophic lateral sclerosis,als,broad,42,Hippocampus R,1.0023041151973464,0.8544530162368379,0.1802819718028197,0.8793051729309828,0.8197180281971803,27,False,10000,0.2212139423076923,0.03659855769230769,2
Amyotrophic lateral sclerosis,als,broad,43,ParaHippocampal L,-0.49086758726428853,0.916376219520905,0.7596240375962404,0.9826443826205614,0.24037596240375958,104,False,10000,0.0967741935483871,0.15806451612903227,6
Amyotrophic lateral sclerosis,als,broad,44,ParaHippocampal R,-0.87141332215077,0.931061893810619,0.8271172882711729,0.9826443826205614,0.17288271172882708,115,False,10000,0.20228365384615385,0.09459134615384618,2
Amyotrophic lateral sclerosis,als,broad,45,Amygdala L,-0.4504002989044454,0.916376219520905,0.7273272672732727,0.9826443826205614,0.2726727327267273,98,False,10000,0.2692307692307692,0.16923076923076924,5
Amyotrophic lateral sclerosis,als,broad,46,Amygdala R,-0.2121062654818443,0.9105651934806519,0.6044395560443956,0.9826443826205614,0.3955604439556044,80,False,10000,0.1756610576923077,0.16027644230769228,2
Amyotrophic lateral sclerosis,als,broad,47,Calcarine L,0.7348309918797609,0.8544530162368379,0.31996800319968005,0.8867205587133594,0.6800319968003199,47,False,10000,0.6694789081885856,0.0775279156327543,6
Amyotrophic lateral sclerosis,als,broad,48,Calcarine R,1.0711740171021036,0.8544530162368379,0.15558444155584442,0.8793051729309828,0.8444155584441556,22,False,10000,0.6278245192307692,0.010637019230769207,2
Amyotrophic lateral sclerosis,als,broad,49,Cuneus L,1.8874708591588796,0.8544530162368379,0.0344965503449655,0.8793051729309828,0.9655034496550345,3,False,10000,0.8769230769230769,0.08786057692307692,5
Amyotrophic lateral sclerosis,als,broad,51,Lingual L,0.35791788469827207,0.8544530162368379,0.4176582341765823,0.8867205587133594,0.5823417658234177,65,False,10000,0.3758064516129032,0.3872208436724565,6
Amyotrophic lateral sclerosis,als,broad,52,Lingual R,0.6658811124366131,0.8544530162368379,0.2810718928107189,0.8867205587133594,0.718928107189281,39,False,10000,0.5283653846153846,0.15913461538461537,2
Amyotrophic lateral sclerosis,als,broad,53,Occipital Sup L,0.5160117141447004,0.8544530162368379,0.35136486351364865,0.8867205587133594,0.6486351364863514,52,False,10000,0.6632754342431761,0.2715357475186103,4
Amyotrophic lateral sclerosis,als,broad,55,Occipital Mid L,1.0625369653743288,0.8544530162368379,0.1847815218478152,0.8793051729309828,0.8152184781521847,29,False,10000,0.5403225806451613,0.26782917183622823,6
Amyotrophic lateral sclerosis,als,broad,56,Occipital Mid R,2.2033575219629684,0.8544530162368379,0.0035996400359964,0.43465653434656537,0.9964003599640036,1,False,10000,0.8637019230769231,0.08245192307692295,2
Amyotrophic lateral sclerosis,als,broad,57,Occipital Inf L,1.3480183392783107,0.8544530162368379,0.097990200979902,0.8793051729309828,0.902009799020098,13,False,10000,0.8259305210918114,0.21269579714640197,6
Amyotrophic lateral sclerosis,als,broad,58,Occipital Inf R,1.6620233020778608,0.8544530162368379,0.0654934506549345,0.8793051729309828,0.9345065493450655,7,False,10000,0.8872596153846154,0.043509615384615286,2
Amyotrophic lateral sclerosis,als,broad,59,Fusiform L,-0.19186941857882076,0.9105651934806519,0.6075392460753924,0.9826443826205614,0.39246075392460755,81,False,10000,0.21178660049627793,0.13052109181141436,6
Amyotrophic lateral sclerosis,als,broad,60,Fusiform R,-1.1912128807047813,0.946221656904077,0.9307069293070693,0.9826443826205614,0.06929307069293067,127,False,10000,0.10799278846153847,0.06893028846153845,2
Amyotrophic lateral sclerosis,als,broad,61,Postcentral L,0.4891076587444145,0.8544530162368379,0.3374662533746625,0.8867205587133594,0.6625337466253375,51,False,10000,0.7325120192307693,0.367739027605459,6
Amyotrophic lateral sclerosis,als,broad,62,Postcentral R,-0.2501509688148042,0.9105651934806519,0.6264373562643736,0.9826443826205614,0.3735626437356264,85,False,10000,0.49284855769230773,0.07746394230769227,2
Amyotrophic lateral sclerosis,als,broad,63,Parietal Sup L,1.2415746705334818,0.8544530162368379,0.1362863713628637,0.8793051729309828,0.8637136286371363,19,False,10000,0.6153846153846154,0.20800538926799017,6
Amyotrophic lateral sclerosis,als,broad,64,Parietal Sup R,0.5123527798302722,0.8544530162368379,0.3291670832916708,0.8867205587133594,0.6708329167083291,49,False,10000,0.39393028846153844,0.18299278846153844,2
Amyotrophic lateral sclerosis,als,broad,65,Parietal Inf L,1.2569718503902385,0.8544530162368379,0.0867913208679132,0.8793051729309828,0.9132086791320868,10,False,10000,0.6771712158808934,0.2655086848635235,6
Amyotrophic lateral sclerosis,als,broad,66,Parietal Inf R,1.8828530684433258,0.8544530162368379,0.0542945705429457,0.8793051729309828,0.9457054294570543,6,False,10000,0.6417067307692308,0.2198317307692308,2
Amyotrophic lateral sclerosis,als,broad,67,SupraMarginal L,0.7300092417257347,0.8544530162368379,0.20987901209879012,0.8835298288352983,0.7901209879012099,31,False,10000,0.3548387096774194,0.2764723557692308,6
Amyotrophic lateral sclerosis,als,broad,68,SupraMarginal R,-0.3371188196203821,0.9105651934806519,0.6856314368563143,0.9826443826205614,0.31436856314368566,93,False,10000,0.1662860576923077,0.0490985576923077,2
Amyotrophic lateral sclerosis,als,broad,69,Angular L,0.9072028509893931,0.8544530162368379,0.19308069193080693,0.8835298288352983,0.8069193080691931,30,False,10000,0.4076923076923077,0.14415322580645162,5
Amyotrophic lateral sclerosis,als,broad,70,Angular R,-0.34234490198100237,0.9105651934806519,0.6683331666833316,0.9826443826205614,0.33166683331666835,90,False,10000,0.32079326923076923,0.11766826923076923,2
Amyotrophic lateral sclerosis,als,broad,71,Precuneus L,0.6125777883538164,0.8544530162368379,0.37066293370662934,0.8867205587133594,0.6293370662933706,56,False,10000,0.6687344913151365,0.2451612903225806,6
Amyotrophic lateral sclerosis,als,broad,72,Precuneus R,1.341848319323533,0.8544530162368379,0.1292870712928707,0.8793051729309828,0.8707129287071294,17,False,10000,0.4555889423076923,0.22902644230769226,2
Amyotrophic lateral sclerosis,als,broad,73,Paracentral Lobule L,-0.6401337829292597,0.916376219520905,0.77992200779922,0.9826443826205614,0.22007799220077995,107,False,10000,0.4884615384615385,0.2967741935483871,6
Amyotrophic lateral sclerosis,als,broad,74,Paracentral Lobule R,1.16475526699233,0.8544530162368379,0.14128587141285873,0.8793051729309828,0.8587141285871412,21,False,10000,0.7576322115384615,0.2345552884615384,2
Amyotrophic lateral sclerosis,als,broad,75,Caudate L,0.04872025929194081,0.8984020516867232,0.49505049495050496,0.9355091517875239,0.504949505049495,73,False,10000,0.3915264423076923,0.1711354295905707,6
Amyotrophic lateral sclerosis,als,broad,76,Caudate R,0.27218344357716173,0.8544530162368379,0.41125887411258877,0.8867205587133594,0.5887411258874112,61,False,10000,0.3836538461538461,0.008653846153846179,2
Amyotrophic lateral sclerosis,als,broad,77,Putamen L,0.29989038221927666,0.8544530162368379,0.3955604439556044,0.8867205587133594,0.6044395560443956,60,False,10000,0.38660049627791565,0.09885914236972704,6
Amyotrophic lateral sclerosis,als,broad,78,Putamen R,0.42627561070361086,0.8544530162368379,0.32396760323967605,0.8867205587133594,0.6760323967603239,48,False,10000,0.3380408653846154,0.10727163461538464,2
Amyotrophic lateral sclerosis,als,broad,79,Pallidum L,0.7944103790390207,0.8544530162368379,0.18318168183181682,0.8793051729309828,0.8168183181681832,28,False,10000,0.726302729528536,0.213151364764268,6
Amyotrophic lateral sclerosis,als,broad,80,Pallidum R,-0.2326403784668489,0.9105651934806519,0.6182381761823817,0.9826443826205614,0.38176182381761825,83,False,10000,0.7328725961538461,0.040564903846153966,2
Amyotrophic lateral sclerosis,als,broad,83,Heschl L,0.6161281602522629,0.8544530162368379,0.25277472252774724,0.8867205587133594,0.7472252774722528,38,False,10000,0.6129032258064516,0.41315136476426806,5
Amyotrophic lateral sclerosis,als,broad,84,Heschl R,1.1292610884637357,0.8544530162368379,0.09009099090090991,0.8793051729309828,0.9099090090990901,11,False,10000,0.8838341346153846,0.014603365384615374,2
Amyotrophic lateral sclerosis,als,broad,85,Temporal Sup L,0.5024751173177449,0.8544530162368379,0.3164683531646835,0.8867205587133594,0.6835316468353165,46,False,10000,0.39495192307692306,0.20444711538461535,6
Amyotrophic lateral sclerosis,als,broad,86,Temporal Sup R,-0.22166935213486555,0.9105651934806519,0.6259374062593741,0.9826443826205614,0.3740625937406259,84,False,10000,0.36778846153846156,0.05528846153846151,2
Amyotrophic lateral sclerosis,als,broad,87,Temporal Pole Sup L,-1.4691479973187376,0.9664221547770036,0.9602039796020398,0.9826443826205614,0.03979602039796015,133,False,10000,0.07841191066997519,0.08746704404466502,6
Amyotrophic lateral sclerosis,als,broad,88,Temporal Pole Sup R,-0.8533185509425575,0.931061893810619,0.821017898210179,0.9826443826205614,0.178982101789821,113,False,10000,0.23185096153846155,0.09122596153846158,2
Amyotrophic lateral sclerosis,als,broad,89,Temporal Mid L,1.2083224303886875,0.8544530162368379,0.09299070092990701,0.8793051729309828,0.907009299070093,12,False,10000,0.4,0.28245870812655083,6
Amyotrophic lateral sclerosis,als,broad,90,Temporal Mid R,-0.7143604342501996,0.9251181076582607,0.7675232476752325,0.9826443826205614,0.2324767523247675,105,False,10000,0.27518028846153847,0.0017427884615385247,2
Amyotrophic lateral sclerosis,als,broad,91,Temporal Pole Mid L,-1.545100949862458,0.9691986025278069,0.9523047695230477,0.9826443826205614,0.047695230476952344,132,False,10000,0.09416873449131513,0.08114143920595532,4
Amyotrophic lateral sclerosis,als,broad,93,Temporal Inf L,-0.4430856435764462,0.916376219520905,0.7254274572542746,0.9826443826205614,0.2745725427457254,97,False,10000,0.27103365384615385,0.1685154311414392,6
Amyotrophic lateral sclerosis,als,broad,94,Temporal Inf R,-0.060003032441204474,0.9105651934806519,0.5617438256174383,0.9826443826205614,0.4382561743825617,78,False,10000,0.21322115384615387,0.005528846153846162,2
Amyotrophic lateral sclerosis,als,broad,95,Cerebellum Crus1 L,-0.7348107440611881,0.9253548329377588,0.8128187181281872,0.9826443826205614,0.18718128187181282,111,False,10000,0.13942307692307693,0.0762562034739454,6
Amyotrophic lateral sclerosis,als,broad,96,Cerebellum Crus1 R,-0.6029548432253602,0.916376219520905,0.822017798220178,0.9826443826205614,0.17798220177982205,114,False,10000,0.24807692307692308,0.0019230769230769162,2
Amyotrophic lateral sclerosis,als,broad,97,Cerebellum Crus2 L,-0.46113608354472807,0.916376219520905,0.7502249775022498,0.9826443826205614,0.2497750224977502,101,False,10000,0.26091811414392063,0.20875465260545903,6
Amyotrophic lateral sclerosis,als,broad,98,Cerebellum Crus2 R,-0.1857532566713633,0.9105651934806519,0.6154384561543845,0.9826443826205614,0.38456154384561547,82,False,10000,0.44525240384615383,0.06243990384615383,2
Amyotrophic lateral sclerosis,als,broad,101,Cerebellum 4 5 L,0.06826904306606225,0.8901055099969455,0.5016498350164984,0.9355091517875239,0.4983501649835016,74,False,10000,0.4653846153846154,0.16600496277915633,6
Amyotrophic lateral sclerosis,als,broad,102,Cerebellum 4 5 R,0.6493170710117119,0.8544530162368379,0.3003699630036996,0.8867205587133594,0.6996300369963004,45,False,10000,0.6660456730769231,0.08010817307692308,2
Amyotrophic lateral sclerosis,als,broad,103,Cerebellum 6 L,-0.8734095297288915,0.931061893810619,0.8365163483651635,0.9826443826205614,0.16348365163483647,116,False,10000,0.18548387096774194,0.2025230691687345,6
Amyotrophic lateral sclerosis,als,broad,104,Cerebellum 6 R,-0.5178081754716485,0.916376219520905,0.7514248575142486,0.9826443826205614,0.2485751424857514,102,False,10000,0.20276442307692308,0.15661057692307695,2
Amyotrophic lateral sclerosis,als,broad,105,Cerebellum 7b L,0.3570146169341265,0.8544530162368379,0.3748625137486251,0.8867205587133594,0.6251374862513749,57,False,10000,0.43846153846153846,0.4117866004962779,6
Amyotrophic lateral sclerosis,als,broad,106,Cerebellum 7b R,-0.29543462557566436,0.9105651934806519,0.6881311868813119,0.9826443826205614,0.3118688131186881,94,False,10000,0.37716346153846153,0.3459134615384615,2
Amyotrophic lateral sclerosis,als,broad,107,Cerebellum 8 L,-0.16024842105689377,0.9105651934806519,0.6307369263073692,0.9826443826205614,0.3692630736926308,86,False,10000,0.43200992555831264,0.4089950372208437,6
Amyotrophic lateral sclerosis,als,broad,108,Cerebellum 8 R,2.2214439660356535,0.8544530162368379,0.006299370062993701,0.43465653434656537,0.9937006299370063,2,False,10000,0.6736778846153846,0.09555288461538469,2
Amyotrophic lateral sclerosis,als,broad,109,Cerebellum 9 L,0.25148081047394083,0.8544530162368379,0.43125687431256876,0.9017189190171891,0.5687431256874312,66,False,10000,0.25806451612903225,0.37777217741935487,5
Amyotrophic lateral sclerosis,als,broad,110,Cerebellum 9 R,-1.1304330731102017,0.9422948330166983,0.8787121287871212,0.9826443826205614,0.12128787121287876,122,False,10000,0.10829326923076923,0.030168269230769235,2
Amyotrophic lateral sclerosis,als,broad,111,Cerebellum 10 L,0.10377400550948655,0.8901055099969455,0.48495150484951505,0.9355091517875239,0.515048495150485,71,False,10000,0.1774193548387097,0.44578163771712165,3
Amyotrophic lateral sclerosis,als,broad,118,Vermis 8,0.5127034421789247,0.8544530162368379,0.2840715928407159,0.8867205587133594,0.7159284071592841,40,False,10000,0.8359375,0.09615384615384626,3
Amyotrophic lateral sclerosis,als,broad,119,Vermis 9,0.3766800792904668,0.8544530162368379,0.3885611438856114,0.8867205587133594,0.6114388561143886,59,False,10000,0.6269230769230769,0.21463341346153852,4
Amyotrophic lateral sclerosis,als,broad,121,Thal AV L,-0.23639858846262585,0.9105651934806519,0.6574342565743425,0.9826443826205614,0.3425657434256575,89,False,10000,0.4789081885856079,0.26817617866004956,4
Amyotrophic lateral sclerosis,als,broad,122,Thal AV R,0.5737797335149524,0.8544530162368379,0.2104789521047895,0.8835298288352983,0.7895210478952105,32,False,10000,0.5729567307692308,0.4114182692307692,2
Amyotrophic lateral sclerosis,als,broad,125,Thal VA L,-0.33442931732540887,0.9105651934806519,0.6937306269373062,0.9826443826205614,0.30626937306269375,95,False,10000,0.8515625,0.28858560794044663,5
Amyotrophic lateral sclerosis,als,broad,127,Thal VL L,0.697598210936442,0.8544530162368379,0.24517548245175483,0.8867205587133594,0.7548245175482452,36,False,10000,0.8725360576923077,0.14284371122828787,6
Amyotrophic lateral sclerosis,als,broad,128,Thal VL R,0.3971816491083978,0.8544530162368379,0.33236676332366766,0.8867205587133594,0.6676332366763323,50,False,10000,0.8524038461538461,0.039903846153846234,2
Amyotrophic lateral sclerosis,als,broad,129,Thal VPL L,-0.26663434720234414,0.9105651934806519,0.6765323467653235,0.9826443826205614,0.3234676532346765,91,False,10000,0.869727047146402,0.06178660049627782,6
Amyotrophic lateral sclerosis,als,broad,130,Thal VPL R,0.8128716837795255,0.8544530162368379,0.16928307169283072,0.8793051729309828,0.8307169283071693,25,False,10000,0.9805889423076923,0.004026442307692335,2
Amyotrophic lateral sclerosis,als,broad,131,Thal IL L,1.240727664245824,0.8544530162368379,0.05039496050394961,0.8793051729309828,0.9496050394960504,5,False,10000,0.9838709677419355,0.03076923076923077,5
Amyotrophic lateral sclerosis,als,broad,135,Thal MDm L,0.16012066474536593,0.8693130686931306,0.44865513448655137,0.9105060082227071,0.5513448655134486,68,False,10000,0.13076923076923078,0.27142137096774194,3
Amyotrophic lateral sclerosis,als,broad,136,Thal MDm R,-0.5189667354070315,0.916376219520905,0.80991900809919,0.9826443826205614,0.19008099190080996,110,False,10000,0.5389423076923077,0.023557692307692335,2
Amyotrophic lateral sclerosis,als,broad,137,Thal MDl L,-0.535363821877343,0.916376219520905,0.7405259474052595,0.9826443826205614,0.25947405259474055,99,False,10000,0.5692307692307692,0.34317617866004957,3
Amyotrophic lateral sclerosis,als,broad,139,Thal LGN L,0.5910266273459462,0.8544530162368379,0.2976702329767023,0.8867205587133594,0.7023297670232977,43,False,10000,0.8076923076923077,0.1781637717121589,5
Amyotrophic lateral sclerosis,als,broad,140,Thal LGN R,0.8882586396736988,0.8544530162368379,0.11948805119488051,0.8793051729309828,0.8805119488051195,15,False,10000,0.8984375,0.1015625,2
Amyotrophic lateral sclerosis,als,broad,141,Thal MGN L,0.7312866059218508,0.8544530162368379,0.21127887211278873,0.8835298288352983,0.7887211278872113,33,False,10000,0.8653846153846154,0.11153846153846148,2
Amyotrophic lateral sclerosis,als,broad,143,Thal PuI L,0.3951851573137337,0.8544530162368379,0.3601639836016398,0.8867205587133594,0.6398360163983602,53,False,10000,0.9423076923076923,0.04999999999999993,2
Amyotrophic lateral sclerosis,als,broad,144,Thal PuI R,-0.03387396824734532,0.9105651934806519,0.5525447455254474,0.9826443826205614,0.4474552544745526,76,False,10000,0.9377403846153847,0.03149038461538456,2
Amyotrophic lateral sclerosis,als,broad,145,Thal PuM L,-1.0734273229452063,0.9422948330166983,0.8961103889611038,0.9826443826205614,0.10388961103889616,125,False,10000,0.7692307692307693,0.21346153846153848,5
Amyotrophic lateral sclerosis,als,broad,146,Thal PuM R,-0.5677534193258065,0.916376219520905,0.8153184681531847,0.9826443826205614,0.18468153184681535,112,False,10000,0.6115985576923078,0.10378605769230764,2
Amyotrophic lateral sclerosis,als,broad,147,Thal PuA L,-0.28719936256011236,0.9105651934806519,0.6568343165683431,0.9826443826205614,0.3431656834316569,88,False,10000,0.9354838709677419,0.07692307692307698,3
Amyotrophic lateral sclerosis,als,broad,148,Thal PuA R,-0.17308404638545172,0.9105651934806519,0.6335366463353664,0.9826443826205614,0.36646335366463356,87,False,10000,0.7189903846153847,0.24975961538461544,2
Amyotrophic lateral sclerosis,als,broad,153,ACC pre L,-2.097405677666207,0.990277614574309,0.9917008299170083,0.9983001699830018,0.008299170082991747,137,False,10000,0.03076923076923077,0.008316532258064516,3
Amyotrophic lateral sclerosis,als,broad,154,ACC pre R,0.30793235294212623,0.8544530162368379,0.41585841415858416,0.8867205587133594,0.5841415858414158,63,False,10000,0.6325721153846153,0.10180288461538456,2
Amyotrophic lateral sclerosis,als,broad,155,ACC sup L,-1.43781897782532,0.9664221547770036,0.9442055794420557,0.9826443826205614,0.05579442055794426,130,False,10000,0.07106854838709678,0.049305986352357306,6
Amyotrophic lateral sclerosis,als,broad,156,ACC sup R,-1.2626975085242176,0.9505126410435879,0.9335066493350664,0.9826443826205614,0.06649335066493356,128,False,10000,0.24867788461538462,0.07944711538461541,2
Amyotrophic lateral sclerosis,als,broad,157,N Acc L,-0.5005107182536995,0.916376219520905,0.7583241675832417,0.9826443826205614,0.24167583241675827,103,False,10000,0.46153846153846156,0.20769230769230768,5
Amyotrophic lateral sclerosis,als,broad,158,N Acc R,0.9187216972348498,0.8544530162368379,0.1698830116988301,0.8793051729309828,0.8301169883011699,26,False,10000,0.4051081730769231,0.24104567307692315,2
Amyotrophic lateral sclerosis,als,broad,161,SN pc L,-0.2411630990527812,0.9105651934806519,0.781021897810219,0.9826443826205614,0.21897810218978098,108,False,10000,0.7265625,0.2265625,2
Amyotrophic lateral sclerosis,als,broad,163,SN pr L,0.5241878474913859,0.8544530162368379,0.14008599140085992,0.8793051729309828,0.8599140085991401,20,False,10000,0.9230769230769231,0.17890818858560797,5
Amyotrophic lateral sclerosis,als,broad,164,SN pr R,0.4790820233576786,0.8544530162368379,0.1212878712128787,0.8793051729309828,0.8787121287871213,16,False,10000,0.5722355769230769,0.18161057692307692,2
Amyotrophic lateral sclerosis,als,broad,165,Red N L,-0.36040030569360965,0.9105651934806519,0.8018198180181981,0.9826443826205614,0.19818018198180187,109,False,10000,0.8307692307692308,0.18825120192307698,4
Amyotrophic lateral sclerosis,als,broad,166,Red N R,0.28546081513512545,0.8544530162368379,0.29787021297870214,0.8867205587133594,0.7021297870212979,44,False,10000,0.9106370192307692,0.027824519230769118,2
Amyotrophic lateral sclerosis,als,broad,167,LC L,0.5203967251636781,0.8544530162368379,0.134986501349865,0.8793051729309828,0.865013498650135,18,False,10000,0.8327524038461538,0.16935774658808933,4
Amyotrophic lateral sclerosis,als,broad,168,LC R,0.07842519356081913,0.8901055099969455,0.4884511548845116,0.9355091517875239,0.5115488451154884,72,False,10000,0.53984375,0.36015625000000007,2
Amyotrophic lateral sclerosis,als,broad,169,Raphe D,-0.6531974761093479,0.916376219520905,0.9684031596840316,0.9826443826205614,0.03159684031596843,136,False,10000,0.5305889423076924,0.05402644230769227,2
Amyotrophic lateral sclerosis,als,broad,170,Raphe M,0.7059443988709603,0.8544530162368379,0.08559144085591441,0.8793051729309828,0.9144085591440856,9,False,10000,0.8307692307692308,0.08323317307692302,3
Amyotrophic lateral sclerosis,als,stringent,1,Precentral L,1.9769696543445636,0.3987801219878012,0.10548945105489452,0.835583108355831,0.8945105489451055,16,False,10000,0.6307692307692307,0.11439205955334997,6
Amyotrophic lateral sclerosis,als,stringent,2,Precentral R,1.6585603745300876,0.4303444655534447,0.0750924907509249,0.835583108355831,0.924907509249075,11,False,10000,0.6632211538461539,0.055528846153846234,2
Amyotrophic lateral sclerosis,als,stringent,3,Frontal Sup 2 L,1.7635841082576802,0.4198722984844372,0.08139186081391861,0.835583108355831,0.9186081391860814,13,False,10000,0.5195913461538462,0.2918676333746898,6
Amyotrophic lateral sclerosis,als,stringent,4,Frontal Sup 2 R,2.577950709250453,0.3725627437256275,0.0136986301369863,0.5326267373262673,0.9863013698630136,3,False,10000,0.6741586538461539,0.03353365384615381,2
Amyotrophic lateral sclerosis,als,stringent,5,Frontal Mid 2 L,2.3014094767931805,0.3967103289671033,0.0352964703529647,0.7392117931064035,0.9647035296470353,6,False,10000,0.6499999999999999,0.24285631203473945,6
Amyotrophic lateral sclerosis,als,stringent,6,Frontal Mid 2 R,0.7426502830795595,0.628941105889411,0.31566843315668436,0.8735019355207335,0.6843315668433156,47,False,10000,0.39248798076923075,0.1309495192307692,2
Amyotrophic lateral sclerosis,als,stringent,7,Frontal Inf Oper L,-0.7460454495187744,0.9996000399960004,0.7255274472552745,0.9861013898610139,0.2744725527447255,94,False,10000,0.36153846153846153,0.22965260545905708,3
Amyotrophic lateral sclerosis,als,stringent,8,Frontal Inf Oper R,1.1605548283768654,0.5097372615679607,0.16348365163483652,0.835583108355831,0.8365163483651634,27,False,10000,0.52109375,0.2789062500000001,2
Amyotrophic lateral sclerosis,als,stringent,9,Frontal Inf Tri L,1.945038280298578,0.3987801219878012,0.06429357064293571,0.835583108355831,0.9357064293570643,10,False,10000,0.8228287841191066,0.18870580024813888,6
Amyotrophic lateral sclerosis,als,stringent,10,Frontal Inf Tri R,1.293594682817121,0.47153215712911467,0.15328467153284672,0.835583108355831,0.8467153284671532,23,False,10000,0.7946514423076922,0.010036057692307643,2
Amyotrophic lateral sclerosis,als,stringent,11,Frontal Inf Orb 2 L,0.48160705371779894,0.7294236093632017,0.39006099390060994,0.8795574987955749,0.6099390060993901,60,False,10000,0.6576923076923077,0.103970223325062,6
Amyotrophic lateral sclerosis,als,stringent,12,Frontal Inf Orb 2 R,2.508726131047263,0.3725627437256275,0.0170982901709829,0.5326267373262673,0.9829017098290171,4,False,10000,0.8293870192307693,0.009074519230769185,2
Amyotrophic lateral sclerosis,als,stringent,13,Rolandic Oper L,-0.36618036138371235,0.9996000399960004,0.6123387661233877,0.9861013898610139,0.38766123387661233,85,False,10000,0.4258064516129032,0.24683622828784113,6
Amyotrophic lateral sclerosis,als,stringent,14,Rolandic Oper R,0.5463373794941571,0.7294236093632017,0.36946305369463056,0.8795574987955749,0.6305369463053694,57,False,10000,0.6454927884615385,0.23143028846153846,2
Amyotrophic lateral sclerosis,als,stringent,15,Supp Motor Area L,0.17913711094138737,0.8419129515619865,0.47855214478552144,0.9434313711485993,0.5214478552144786,70,False,10000,0.38076923076923075,0.26277915632754345,6
Amyotrophic lateral sclerosis,als,stringent,16,Supp Motor Area R,-0.07319673425112966,0.9362101764507094,0.5606439356064393,0.9793526976416282,0.4393560643935607,79,False,10000,0.3740985576923077,0.2587139423076923,2
Amyotrophic lateral sclerosis,als,stringent,17,Olfactory L,-2.079640064026829,0.9996000399960004,0.9556044395560443,0.9861013898610139,0.04439556044395565,131,False,10000,0.04322076612903226,0.057945293114143925,4
Amyotrophic lateral sclerosis,als,stringent,18,Olfactory R,-1.113478247599746,0.9996000399960004,0.7867213278672133,0.9861013898610139,0.21327867213278673,106,False,10000,0.05402644230769231,0.030588942307692303,2
Amyotrophic lateral sclerosis,als,stringent,19,Frontal Sup Medial L,1.0319475303741865,0.5515998400159984,0.2616738326167383,0.8735019355207335,0.7383261673832617,37,False,10000,0.614516129032258,0.11921719913151363,6
Amyotrophic lateral sclerosis,als,stringent,20,Frontal Sup Medial R,0.08100795649628498,0.9050728729943908,0.5004499550044995,0.9727055463467738,0.4995500449955005,71,False,10000,0.6028245192307693,0.2643629807692308,2
Amyotrophic lateral sclerosis,als,stringent,21,Frontal Med Orb L,-1.4570817405973477,0.9996000399960004,0.8469153084691531,0.9861013898610139,0.15308469153084692,115,False,10000,0.41645665322580644,0.3550025201612904,6
Amyotrophic lateral sclerosis,als,stringent,22,Frontal Med Orb R,-0.6857858146781026,0.9996000399960004,0.6666333366663334,0.9861013898610139,0.3333666633336666,89,False,10000,0.5415865384615385,0.13533653846153842,2
Amyotrophic lateral sclerosis,als,stringent,23,Rectus L,-1.1747111935102257,0.9996000399960004,0.8288171182881712,0.9861013898610139,0.17118288171182883,114,False,10000,0.1748991935483871,0.15932459677419356,6
Amyotrophic lateral sclerosis,als,stringent,24,Rectus R,-0.9253145557897098,0.9996000399960004,0.7866213378662134,0.9861013898610139,0.21337866213378665,105,False,10000,0.39975961538461535,0.06899038461538459,2
Amyotrophic lateral sclerosis,als,stringent,25,OFCmed L,-0.29646272721119515,0.9922170573640311,0.6372362763723628,0.9861013898610139,0.3627637236276372,87,False,10000,0.4461538461538462,0.16224701457816376,6
Amyotrophic lateral sclerosis,als,stringent,26,OFCmed R,-0.4262175023026412,0.9996000399960004,0.6999300069993001,0.9861013898610139,0.3000699930006999,91,False,10000,0.3847355769230769,0.13088942307692308,2
Amyotrophic lateral sclerosis,als,stringent,27,OFCant L,1.0407418212786583,0.5515998400159984,0.21397860213978603,0.868501385155602,0.786021397860214,34,False,10000,0.670733173076923,0.25422514733250623,6
Amyotrophic lateral sclerosis,als,stringent,28,OFCant R,0.38227320479374066,0.7591363940529025,0.40505949405059494,0.8795574987955749,0.5949405059494051,61,False,10000,0.6011418269230769,0.04729567307692295,2
Amyotrophic lateral sclerosis,als,stringent,29,OFCpost L,-1.1558129529760786,0.9996000399960004,0.8553144685531446,0.9861013898610139,0.14468553144685536,116,False,10000,0.25,0.38815136476426804,6
Amyotrophic lateral sclerosis,als,stringent,30,OFCpost R,-1.0794175144647056,0.9996000399960004,0.8765123487651235,0.9861013898610139,0.12348765123487648,120,False,10000,0.42007211538461536,0.3106971153846153,2
Amyotrophic lateral sclerosis,als,stringent,31,OFClat L,-0.04632196066034732,0.9362101764507094,0.5556444355564444,0.9793526976416282,0.4443555644435556,76,False,10000,0.27419354838709675,0.16650124069478908,4
Amyotrophic lateral sclerosis,als,stringent,32,OFClat R,1.1442659133401911,0.5097372615679607,0.1817818218178182,0.856894310568943,0.8182181781821818,28,False,10000,0.6854567307692307,0.07608173076923075,2
Amyotrophic lateral sclerosis,als,stringent,33,Insula L,-0.8569210385380382,0.9996000399960004,0.7553244675532447,0.9861013898610139,0.24467553244675533,100,False,10000,0.34224759615384615,0.3589649891439206,6
Amyotrophic lateral sclerosis,als,stringent,34,Insula R,-1.3230109974834834,0.9996000399960004,0.8832116788321168,0.9861013898610139,0.11678832116788318,122,False,10000,0.25348557692307694,0.1996394230769231,2
Amyotrophic lateral sclerosis,als,stringent,37,Cingulate Mid L,-0.46742657300940466,0.9996000399960004,0.7178282171782822,0.9861013898610139,0.28217178282171784,93,False,10000,0.3038461538461539,0.2334987593052109,6
Amyotrophic lateral sclerosis,als,stringent,38,Cingulate Mid R,-0.3145739128111332,0.9922170573640311,0.646035396460354,0.9861013898610139,0.353964603539646,88,False,10000,0.2006610576923077,0.11472355769230769,2
Amyotrophic lateral sclerosis,als,stringent,39,Cingulate Post L,1.0004457004832763,0.5515998400159984,0.200979902009799,0.868501385155602,0.799020097990201,31,False,10000,0.7384615384615385,0.16129032258064513,5
Amyotrophic lateral sclerosis,als,stringent,41,Hippocampus L,-1.331770739307672,0.9996000399960004,0.8764123587641236,0.9861013898610139,0.1235876412358764,119,False,10000,0.2230769230769231,0.07158808933002486,6
Amyotrophic lateral sclerosis,als,stringent,42,Hippocampus R,-0.7967306944655709,0.9996000399960004,0.7804219578042195,0.9861013898610139,0.21957804219578048,104,False,10000,0.2212139423076923,0.03659855769230769,2
Amyotrophic lateral sclerosis,als,stringent,43,ParaHippocampal L,-0.8745577260799412,0.9996000399960004,0.7717228277172283,0.9861013898610139,0.22827717228277167,102,False,10000,0.0967741935483871,0.15806451612903227,6
Amyotrophic lateral sclerosis,als,stringent,44,ParaHippocampal R,-0.9493209804041836,0.9996000399960004,0.7915208479152085,0.9861013898610139,0.2084791520847915,108,False,10000,0.20228365384615385,0.09459134615384618,2
Amyotrophic lateral sclerosis,als,stringent,45,Amygdala L,-1.4903550418243883,0.9996000399960004,0.921007899210079,0.9861013898610139,0.07899210078992103,124,False,10000,0.2692307692307692,0.16923076923076924,5
Amyotrophic lateral sclerosis,als,stringent,46,Amygdala R,-1.7018732863144206,0.9996000399960004,0.9462053794620537,0.9861013898610139,0.05379462053794626,130,False,10000,0.1756610576923077,0.16027644230769228,2
Amyotrophic lateral sclerosis,als,stringent,47,Calcarine L,0.3920163078914867,0.7591363940529025,0.41085891410858916,0.8795574987955749,0.5891410858914108,64,False,10000,0.6694789081885856,0.0775279156327543,6
Amyotrophic lateral sclerosis,als,stringent,48,Calcarine R,0.5097186188180808,0.7294236093632017,0.3544645535446455,0.8735019355207335,0.6455354464553544,56,False,10000,0.6278245192307692,0.010637019230769207,2
Amyotrophic lateral sclerosis,als,stringent,49,Cuneus L,1.1866525390607572,0.5097372615679607,0.16328367163283672,0.835583108355831,0.8367163283671633,26,False,10000,0.8769230769230769,0.08786057692307692,5
Amyotrophic lateral sclerosis,als,stringent,51,Lingual L,-0.14144035076272898,0.9449499494494994,0.5789421057894211,0.9861013898610139,0.42105789421057893,80,False,10000,0.3758064516129032,0.3872208436724565,6
Amyotrophic lateral sclerosis,als,stringent,52,Lingual R,-0.11084106985543492,0.9398585141485851,0.5853414658534146,0.9861013898610139,0.4146585341465854,81,False,10000,0.5283653846153846,0.15913461538461537,2
Amyotrophic lateral sclerosis,als,stringent,53,Occipital Sup L,0.42657030594890066,0.7591363940529025,0.38976102389761025,0.8795574987955749,0.6102389761023898,59,False,10000,0.6632754342431761,0.2715357475186103,4
Amyotrophic lateral sclerosis,als,stringent,55,Occipital Mid L,0.5773436221883969,0.7294236093632017,0.34026597340265974,0.8735019355207335,0.6597340265973403,52,False,10000,0.5403225806451613,0.26782917183622823,6
Amyotrophic lateral sclerosis,als,stringent,56,Occipital Mid R,1.4507994445623875,0.47153215712911467,0.12788721127887212,0.835583108355831,0.8721127887211279,17,False,10000,0.8637019230769231,0.08245192307692295,2
Amyotrophic lateral sclerosis,als,stringent,57,Occipital Inf L,1.428741864059411,0.47153215712911467,0.14458554144585542,0.835583108355831,0.8554144585541446,21,False,10000,0.8259305210918114,0.21269579714640197,6
Amyotrophic lateral sclerosis,als,stringent,58,Occipital Inf R,1.2866600752944297,0.47153215712911467,0.15648435156484353,0.835583108355831,0.8435156484351565,24,False,10000,0.8872596153846154,0.043509615384615286,2
Amyotrophic lateral sclerosis,als,stringent,59,Fusiform L,-1.9175422607068928,0.9996000399960004,0.924907509249075,0.9861013898610139,0.07509249075092495,125,False,10000,0.21178660049627793,0.13052109181141436,6
Amyotrophic lateral sclerosis,als,stringent,60,Fusiform R,-1.880272434088391,0.9996000399960004,0.9706029397060294,0.9861013898610139,0.0293970602939706,133,False,10000,0.10799278846153847,0.06893028846153845,2
Amyotrophic lateral sclerosis,als,stringent,61,Postcentral L,0.8706599991327975,0.6150661529591721,0.32526747325267474,0.8735019355207335,0.6747325267473252,51,False,10000,0.7325120192307693,0.367739027605459,6
Amyotrophic lateral sclerosis,als,stringent,62,Postcentral R,0.866003916316826,0.6150661529591721,0.29257074292570745,0.8735019355207335,0.7074292570742926,42,False,10000,0.49284855769230773,0.07746394230769227,2
Amyotrophic lateral sclerosis,als,stringent,63,Parietal Sup L,0.3776261609749743,0.7591363940529025,0.4206579342065793,0.8795574987955749,0.5793420657934207,66,False,10000,0.6153846153846154,0.20800538926799017,6
Amyotrophic lateral sclerosis,als,stringent,64,Parietal Sup R,1.0176234444273249,0.5515998400159984,0.22467753224677534,0.8735019355207335,0.7753224677532247,35,False,10000,0.39393028846153844,0.18299278846153844,2
Amyotrophic lateral sclerosis,als,stringent,65,Parietal Inf L,0.6869069033695351,0.6605113073598301,0.31366863313668636,0.8735019355207335,0.6863313668633136,45,False,10000,0.6771712158808934,0.2655086848635235,6
Amyotrophic lateral sclerosis,als,stringent,66,Parietal Inf R,0.7563886550775081,0.628941105889411,0.3180681931806819,0.8735019355207335,0.6819318068193181,48,False,10000,0.6417067307692308,0.2198317307692308,2
Amyotrophic lateral sclerosis,als,stringent,67,SupraMarginal L,-0.08965397306037096,0.9362101764507094,0.5576442355764424,0.9793526976416282,0.4423557644235576,77,False,10000,0.3548387096774194,0.2764723557692308,6
Amyotrophic lateral sclerosis,als,stringent,68,SupraMarginal R,-0.7176303066321404,0.9996000399960004,0.7458254174582541,0.9861013898610139,0.25417458254174585,99,False,10000,0.1662860576923077,0.0490985576923077,2
Amyotrophic lateral sclerosis,als,stringent,69,Angular L,-0.665587620832458,0.9996000399960004,0.7375262473752625,0.9861013898610139,0.2624737526247375,96,False,10000,0.4076923076923077,0.14415322580645162,5
Amyotrophic lateral sclerosis,als,stringent,70,Angular R,0.4027275374474304,0.7591363940529025,0.40775922407759224,0.8795574987955749,0.5922407759224078,62,False,10000,0.32079326923076923,0.11766826923076923,2
Amyotrophic lateral sclerosis,als,stringent,71,Precuneus L,1.4210927761452377,0.47153215712911467,0.1366863313668633,0.835583108355831,0.8633136686331366,20,False,10000,0.6687344913151365,0.2451612903225806,6
Amyotrophic lateral sclerosis,als,stringent,72,Precuneus R,0.807224706985977,0.6150661529591721,0.3000699930006999,0.8735019355207335,0.6999300069993001,43,False,10000,0.4555889423076923,0.22902644230769226,2
Amyotrophic lateral sclerosis,als,stringent,73,Paracentral Lobule L,0.9032783062948299,0.6068107474966788,0.2816718328167183,0.8735019355207335,0.7183281671832817,40,False,10000,0.4884615384615385,0.2967741935483871,6
Amyotrophic lateral sclerosis,als,stringent,74,Paracentral Lobule R,0.8415140635252627,0.6150661529591721,0.26177382261773824,0.8735019355207335,0.7382261773822618,38,False,10000,0.7576322115384615,0.2345552884615384,2
Amyotrophic lateral sclerosis,als,stringent,75,Caudate L,-0.17546590635820608,0.9586675478793585,0.5931406859314069,0.9861013898610139,0.4068593140685931,83,False,10000,0.3915264423076923,0.1711354295905707,6
Amyotrophic lateral sclerosis,als,stringent,76,Caudate R,-0.06322071588326302,0.9362101764507094,0.5525447455254474,0.9793526976416282,0.4474552544745526,75,False,10000,0.3836538461538461,0.008653846153846179,2
Amyotrophic lateral sclerosis,als,stringent,77,Putamen L,0.4701362501522902,0.7441899877808829,0.37936206379362064,0.8795574987955749,0.6206379362063794,58,False,10000,0.38660049627791565,0.09885914236972704,6
Amyotrophic lateral sclerosis,als,stringent,78,Putamen R,-0.2450720281564429,0.9831516848315168,0.6064393560643936,0.9861013898610139,0.3935606439356064,84,False,10000,0.3380408653846154,0.10727163461538464,2
Amyotrophic lateral sclerosis,als,stringent,79,Pallidum L,1.0713248945017775,0.5515998400159984,0.20187981201879812,0.868501385155602,0.7981201879812019,32,False,10000,0.726302729528536,0.213151364764268,6
Amyotrophic lateral sclerosis,als,stringent,80,Pallidum R,0.3583352989606277,0.7743703241616137,0.42925707429257076,0.8841414366026085,0.5707429257074292,67,False,10000,0.7328725961538461,0.040564903846153966,2
Amyotrophic lateral sclerosis,als,stringent,83,Heschl L,1.3583517654947002,0.47153215712911467,0.1491850814918508,0.835583108355831,0.8508149185081492,22,False,10000,0.6129032258064516,0.41315136476426806,5
Amyotrophic lateral sclerosis,als,stringent,84,Heschl R,1.4872352776464366,0.47153215712911467,0.10068993100689931,0.835583108355831,0.8993100689931007,14,False,10000,0.8838341346153846,0.014603365384615374,2
Amyotrophic lateral sclerosis,als,stringent,85,Temporal Sup L,-0.37687697630699835,0.9996000399960004,0.6227377262273772,0.9861013898610139,0.3772622737726228,86,False,10000,0.39495192307692306,0.20444711538461535,6
Amyotrophic lateral sclerosis,als,stringent,86,Temporal Sup R,0.2013729665680487,0.8419129515619865,0.47015298470152983,0.9403059694030597,0.5298470152984702,69,False,10000,0.36778846153846156,0.05528846153846151,2
Amyotrophic lateral sclerosis,als,stringent,87,Temporal Pole Sup L,-1.832771599494818,0.9996000399960004,0.9337066293370663,0.9861013898610139,0.06629337066293373,128,False,10000,0.07841191066997519,0.08746704404466502,6
Amyotrophic lateral sclerosis,als,stringent,88,Temporal Pole Sup R,-0.658687717329649,0.9996000399960004,0.7557244275572442,0.9861013898610139,0.24427557244275577,101,False,10000,0.23185096153846155,0.09122596153846158,2
Amyotrophic lateral sclerosis,als,stringent,89,Temporal Mid L,0.3626712662552334,0.7591363940529025,0.41525847415258477,0.8795574987955749,0.5847415258474152,65,False,10000,0.4,0.28245870812655083,6
Amyotrophic lateral sclerosis,als,stringent,90,Temporal Mid R,-1.1666977443585171,0.9996000399960004,0.8646135386461354,0.9861013898610139,0.13538646135386456,117,False,10000,0.27518028846153847,0.0017427884615385247,2
Amyotrophic lateral sclerosis,als,stringent,91,Temporal Pole Mid L,-2.0374793296975193,0.9996000399960004,0.978002199780022,0.9861013898610139,0.021997800219977992,135,False,10000,0.09416873449131513,0.08114143920595532,4
Amyotrophic lateral sclerosis,als,stringent,93,Temporal Inf L,-1.284907959517157,0.9996000399960004,0.8826117388261174,0.9861013898610139,0.11738826117388257,121,False,10000,0.27103365384615385,0.1685154311414392,6
Amyotrophic lateral sclerosis,als,stringent,94,Temporal Inf R,-1.4284247601969646,0.9996000399960004,0.9316068393160684,0.9861013898610139,0.06839316068393164,126,False,10000,0.21322115384615387,0.005528846153846162,2
Amyotrophic lateral sclerosis,als,stringent,95,Cerebellum Crus1 L,-2.6834737549099548,0.9996000399960004,0.981001899810019,0.9861013898610139,0.01899810018998105,136,False,10000,0.13942307692307693,0.0762562034739454,6
Amyotrophic lateral sclerosis,als,stringent,96,Cerebellum Crus1 R,-1.7877980680465426,0.9996000399960004,0.9737026297370263,0.9861013898610139,0.02629737026297374,134,False,10000,0.24807692307692308,0.0019230769230769162,2
Amyotrophic lateral sclerosis,als,stringent,97,Cerebellum Crus2 L,-0.7441115292824926,0.9996000399960004,0.7323267673232676,0.9861013898610139,0.2676732326767324,95,False,10000,0.26091811414392063,0.20875465260545903,6
Amyotrophic lateral sclerosis,als,stringent,98,Cerebellum Crus2 R,-0.6320427294271628,0.9996000399960004,0.7112288771122888,0.9861013898610139,0.28877112288771123,92,False,10000,0.44525240384615383,0.06243990384615383,2
Amyotrophic lateral sclerosis,als,stringent,101,Cerebellum 4 5 L,-1.3737763119038922,0.9996000399960004,0.9392060793920608,0.9861013898610139,0.0607939206079392,129,False,10000,0.4653846153846154,0.16600496277915633,6
Amyotrophic lateral sclerosis,als,stringent,102,Cerebellum 4 5 R,-1.2241750584375135,0.9996000399960004,0.8945105489451055,0.9861013898610139,0.10548945105489449,123,False,10000,0.6660456730769231,0.08010817307692308,2
Amyotrophic lateral sclerosis,als,stringent,103,Cerebellum 6 L,-3.200721310867112,0.9996000399960004,0.9861013898610139,0.9861013898610139,0.013898610138986078,138,False,10000,0.18548387096774194,0.2025230691687345,6
Amyotrophic lateral sclerosis,als,stringent,104,Cerebellum 6 R,-1.8410363091482573,0.9996000399960004,0.9675032496750325,0.9861013898610139,0.03249675032496746,132,False,10000,0.20276442307692308,0.15661057692307695,2
Amyotrophic lateral sclerosis,als,stringent,105,Cerebellum 7b L,0.6687349524570319,0.6605113073598301,0.3467653234676532,0.8735019355207335,0.6532346765323468,53,False,10000,0.43846153846153846,0.4117866004962779,6
Amyotrophic lateral sclerosis,als,stringent,106,Cerebellum 7b R,-0.993398992694593,0.9996000399960004,0.8286171382861713,0.9861013898610139,0.17138286171382866,113,False,10000,0.37716346153846153,0.3459134615384615,2
Amyotrophic lateral sclerosis,als,stringent,107,Cerebellum 8 L,0.8959806103456509,0.6068107474966788,0.29147085291470853,0.8735019355207335,0.7085291470852915,41,False,10000,0.43200992555831264,0.4089950372208437,6
Amyotrophic lateral sclerosis,als,stringent,108,Cerebellum 8 R,1.2087885054795722,0.5097372615679607,0.1862813718628137,0.856894310568943,0.8137186281371863,30,False,10000,0.6736778846153846,0.09555288461538469,2
Amyotrophic lateral sclerosis,als,stringent,109,Cerebellum 9 L,0.809715116138324,0.6150661529591721,0.30296970302969706,0.8735019355207335,0.6970302969703029,44,False,10000,0.25806451612903225,0.37777217741935487,5
Amyotrophic lateral sclerosis,als,stringent,110,Cerebellum 9 R,-1.143767287577425,0.9996000399960004,0.798020197980202,0.9861013898610139,0.20197980201979804,109,False,10000,0.10829326923076923,0.030168269230769235,2
Amyotrophic lateral sclerosis,als,stringent,111,Cerebellum 10 L,-0.9247391547066743,0.9996000399960004,0.8153184681531847,0.9861013898610139,0.18468153184681535,111,False,10000,0.1774193548387097,0.44578163771712165,3
Amyotrophic lateral sclerosis,als,stringent,118,Vermis 8,1.4913721262239434,0.47153215712911467,0.18388161183881613,0.856894310568943,0.8161183881611839,29,False,10000,0.8359375,0.09615384615384626,3
Amyotrophic lateral sclerosis,als,stringent,119,Vermis 9,1.286384211217561,0.47153215712911467,0.208979102089791,0.868501385155602,0.791020897910209,33,False,10000,0.6269230769230769,0.21463341346153852,4
Amyotrophic lateral sclerosis,als,stringent,121,Thal AV L,-1.6976965713927283,0.9996000399960004,0.9321067893210679,0.9861013898610139,0.06789321067893206,127,False,10000,0.4789081885856079,0.26817617866004956,4
Amyotrophic lateral sclerosis,als,stringent,122,Thal AV R,0.3294391477770695,0.7743703241616137,0.40805919408059194,0.8795574987955749,0.591940805919408,63,False,10000,0.5729567307692308,0.4114182692307692,2
Amyotrophic lateral sclerosis,als,stringent,125,Thal VA L,0.7575252704446928,0.628941105889411,0.32156784321567844,0.8735019355207335,0.6784321567843216,49,False,10000,0.8515625,0.28858560794044663,5
Amyotrophic lateral sclerosis,als,stringent,127,Thal VL L,1.0756014530532936,0.5515998400159984,0.23787621237876214,0.8735019355207335,0.7621237876212379,36,False,10000,0.8725360576923077,0.14284371122828787,6
Amyotrophic lateral sclerosis,als,stringent,128,Thal VL R,1.8611430775866986,0.4152130241521303,0.0560943905609439,0.835583108355831,0.9439056094390561,9,False,10000,0.8524038461538461,0.039903846153846234,2
Amyotrophic lateral sclerosis,als,stringent,129,Thal VPL L,1.285584669370829,0.47153215712911467,0.15928407159284072,0.835583108355831,0.8407159284071593,25,False,10000,0.869727047146402,0.06178660049627782,6
Amyotrophic lateral sclerosis,als,stringent,130,Thal VPL R,2.044031096969645,0.3987801219878012,0.045795420457954206,0.78997100289971,0.9542045795420457,8,False,10000,0.9805889423076923,0.004026442307692335,2
Amyotrophic lateral sclerosis,als,stringent,131,Thal IL L,1.8786643892978088,0.3987801219878012,0.07889211078892111,0.835583108355831,0.9211078892110789,12,False,10000,0.9838709677419355,0.03076923076923077,5
Amyotrophic lateral sclerosis,als,stringent,135,Thal MDm L,-0.06661022866981342,0.9362101764507094,0.5578442155784421,0.9793526976416282,0.4421557844215579,78,False,10000,0.13076923076923078,0.27142137096774194,3
Amyotrophic lateral sclerosis,als,stringent,136,Thal MDm R,-0.47902256409825034,0.9996000399960004,0.738026197380262,0.9861013898610139,0.261973802619738,97,False,10000,0.5389423076923077,0.023557692307692335,2
Amyotrophic lateral sclerosis,als,stringent,137,Thal MDl L,-0.8191760118862703,0.9996000399960004,0.7449255074492551,0.9861013898610139,0.2550744925507449,98,False,10000,0.5692307692307692,0.34317617866004957,3
Amyotrophic lateral sclerosis,als,stringent,139,Thal LGN L,0.04512355011067736,0.9332025701539435,0.5117488251174882,0.9793526976416282,0.4882511748825118,72,False,10000,0.8076923076923077,0.1781637717121589,5
Amyotrophic lateral sclerosis,als,stringent,140,Thal LGN R,2.2769529116273697,0.3725627437256275,0.0192980701929807,0.5326267373262673,0.9807019298070193,5,False,10000,0.8984375,0.1015625,2
Amyotrophic lateral sclerosis,als,stringent,141,Thal MGN L,0.2649026296213281,0.8159448761006252,0.44495550444955506,0.9029979355005676,0.555044495550445,68,False,10000,0.8653846153846154,0.11153846153846148,2
Amyotrophic lateral sclerosis,als,stringent,143,Thal PuI L,-0.24087536178051028,0.9831516848315168,0.5928407159284071,0.9861013898610139,0.40715928407159285,82,False,10000,0.9423076923076923,0.04999999999999993,2
Amyotrophic lateral sclerosis,als,stringent,144,Thal PuI R,0.5669361834505221,0.7294236093632017,0.3494650534946505,0.8735019355207335,0.6505349465053495,54,False,10000,0.9377403846153847,0.03149038461538456,2
Amyotrophic lateral sclerosis,als,stringent,145,Thal PuM L,-0.8330211397692394,0.9996000399960004,0.77992200779922,0.9861013898610139,0.22007799220077995,103,False,10000,0.7692307692307693,0.21346153846153848,5
Amyotrophic lateral sclerosis,als,stringent,146,Thal PuM R,-0.5073390261626991,0.9996000399960004,0.6996300369963003,0.9861013898610139,0.30036996300369967,90,False,10000,0.6115985576923078,0.10378605769230764,2
Amyotrophic lateral sclerosis,als,stringent,147,Thal PuA L,-0.04371230061791237,0.9362101764507094,0.5466453354664533,0.9793526976416282,0.45335466453354667,74,False,10000,0.9354838709677419,0.07692307692307698,3
Amyotrophic lateral sclerosis,als,stringent,148,Thal PuA R,1.1625450840711031,0.5097372615679607,0.13558644135586442,0.835583108355831,0.8644135586441356,19,False,10000,0.7189903846153847,0.24975961538461544,2
Amyotrophic lateral sclerosis,als,stringent,153,ACC pre L,-2.6431791867979375,0.9996000399960004,0.9829017098290171,0.9861013898610139,0.017098290170982855,137,False,10000,0.03076923076923077,0.008316532258064516,3
Amyotrophic lateral sclerosis,als,stringent,154,ACC pre R,0.00036272565686443,0.9332025701539435,0.5345465453454654,0.9793526976416282,0.4654534546545346,73,False,10000,0.6325721153846153,0.10180288461538456,2
Amyotrophic lateral sclerosis,als,stringent,155,ACC sup L,-0.9080740334056111,0.9996000399960004,0.803919608039196,0.9861013898610139,0.19608039196080396,110,False,10000,0.07106854838709678,0.049305986352357306,6
Amyotrophic lateral sclerosis,als,stringent,156,ACC sup R,-0.8312584146055451,0.9996000399960004,0.7908209179082092,0.9861013898610139,0.2091790820917908,107,False,10000,0.24867788461538462,0.07944711538461541,2
Amyotrophic lateral sclerosis,als,stringent,157,N Acc L,-0.9857290748626517,0.9996000399960004,0.8266173382661733,0.9861013898610139,0.17338266173382666,112,False,10000,0.46153846153846156,0.20769230769230768,5
Amyotrophic lateral sclerosis,als,stringent,158,N Acc R,-1.233539325196434,0.9996000399960004,0.8687131286871312,0.9861013898610139,0.13128687131286876,118,False,10000,0.4051081730769231,0.24104567307692315,2
Amyotrophic lateral sclerosis,als,stringent,161,SN pc L,1.6634401339896263,0.4303444655534447,0.267973202679732,0.8735019355207335,0.732026797320268,39,False,10000,0.7265625,0.2265625,2
Amyotrophic lateral sclerosis,als,stringent,163,SN pr L,1.7403257587671046,0.4198722984844372,0.10178982101789821,0.835583108355831,0.8982101789821018,15,False,10000,0.9230769230769231,0.17890818858560797,5
Amyotrophic lateral sclerosis,als,stringent,164,SN pr R,0.6906986322880714,0.6605113073598301,0.31366863313668636,0.8735019355207335,0.6863313668633136,45,False,10000,0.5722355769230769,0.18161057692307692,2
Amyotrophic lateral sclerosis,als,stringent,165,Red N L,1.7124411055985265,0.4198722984844372,0.3251674832516748,0.8735019355207335,0.6748325167483251,50,False,10000,0.8307692307692308,0.18825120192307698,4
Amyotrophic lateral sclerosis,als,stringent,166,Red N R,1.6025363955708856,0.4350623761153296,0.12888711128887112,0.835583108355831,0.8711128887111289,18,False,10000,0.9106370192307692,0.027824519230769118,2
Amyotrophic lateral sclerosis,als,stringent,167,LC L,1.9175045378304378,0.3987801219878012,0.004199580041995801,0.28977102289771023,0.9958004199580042,2,False,10000,0.8327524038461538,0.16935774658808933,4
Amyotrophic lateral sclerosis,als,stringent,168,LC R,1.3924607432155498,0.47153215712911467,0.0374962503749625,0.7392117931064035,0.9625037496250375,7,False,10000,0.53984375,0.36015625000000007,2
Amyotrophic lateral sclerosis,als,stringent,169,Raphe D,1.4455420596487472,0.47153215712911467,0.3524647535246475,0.8735019355207335,0.6475352464753525,55,False,10000,0.5305889423076924,0.05402644230769227,2
Amyotrophic lateral sclerosis,als,stringent,170,Raphe M,1.8936464199057315,0.3987801219878012,0.0025997400259974,0.28977102289771023,0.9974002599740026,1,False,10000,0.8307692307692308,0.08323317307692302,3
Amyotrophic lateral sclerosis,als,weighted,1,Precentral L,0.5291740883431681,0.7751867670375819,0.36376362363763626,0.8989101089891011,0.6362363763623637,52,False,10000,0.6307692307692307,0.11439205955334997,6
Amyotrophic lateral sclerosis,als,weighted,2,Precentral R,0.7150652269510313,0.7476599278847625,0.25577442255774424,0.8703227238251784,0.7442255774422557,40,False,10000,0.6632211538461539,0.055528846153846234,2
Amyotrophic lateral sclerosis,als,weighted,3,Frontal Sup 2 L,0.8631793177367802,0.7476599278847625,0.23817618238176183,0.8703227238251784,0.7618238176182381,33,False,10000,0.5195913461538462,0.2918676333746898,6
Amyotrophic lateral sclerosis,als,weighted,4,Frontal Sup 2 R,1.704342101431118,0.6997871641407287,0.056694330566943306,0.7175282471752825,0.9433056694330567,10,False,10000,0.6741586538461539,0.03353365384615381,2
Amyotrophic lateral sclerosis,als,weighted,5,Frontal Mid 2 L,1.31409626317673,0.716576618200249,0.12148785121487851,0.8348165183481653,0.8785121487851215,20,False,10000,0.6499999999999999,0.24285631203473945,6
Amyotrophic lateral sclerosis,als,weighted,6,Frontal Mid 2 R,-0.3816869298121279,0.9449876065025078,0.6697330266973303,0.9772225902409759,0.33026697330266974,91,False,10000,0.39248798076923075,0.1309495192307692,2
Amyotrophic lateral sclerosis,als,weighted,7,Frontal Inf Oper L,-0.3871067993278273,0.9449876065025078,0.6827317268273173,0.9772225902409759,0.3172682731726827,94,False,10000,0.36153846153846153,0.22965260545905708,3
Amyotrophic lateral sclerosis,als,weighted,8,Frontal Inf Oper R,0.575074069911947,0.7751867670375819,0.30746925307469253,0.8989101089891011,0.6925307469253075,45,False,10000,0.52109375,0.2789062500000001,2
Amyotrophic lateral sclerosis,als,weighted,9,Frontal Inf Tri L,1.471303380985011,0.6997871641407287,0.0685931406859314,0.7524306392890123,0.9314068593140686,12,False,10000,0.8228287841191066,0.18870580024813888,6
Amyotrophic lateral sclerosis,als,weighted,10,Frontal Inf Tri R,1.0842662129480318,0.716576618200249,0.18838116188381163,0.8703227238251784,0.8116188381161884,25,False,10000,0.7946514423076922,0.010036057692307643,2
Amyotrophic lateral sclerosis,als,weighted,11,Frontal Inf Orb 2 L,0.8593728353944752,0.7476599278847625,0.25517448255174485,0.8703227238251784,0.7448255174482552,39,False,10000,0.6576923076923077,0.103970223325062,6
Amyotrophic lateral sclerosis,als,weighted,12,Frontal Inf Orb 2 R,1.101348964850126,0.716576618200249,0.1541845815418458,0.8703227238251784,0.8458154184581542,23,False,10000,0.8293870192307693,0.009074519230769185,2
Amyotrophic lateral sclerosis,als,weighted,13,Rolandic Oper L,-0.6231317346636576,0.9738920844757629,0.7217278272172782,0.9772225902409759,0.27827217278272176,99,False,10000,0.4258064516129032,0.24683622828784113,6
Amyotrophic lateral sclerosis,als,weighted,14,Rolandic Oper R,0.42424227869434483,0.7893278468763293,0.3658634136586341,0.8989101089891011,0.6341365863413659,53,False,10000,0.6454927884615385,0.23143028846153846,2
Amyotrophic lateral sclerosis,als,weighted,15,Supp Motor Area L,-0.40432858965258667,0.9449876065025078,0.7028297170282972,0.9772225902409759,0.2971702829717028,95,False,10000,0.38076923076923075,0.26277915632754345,6
Amyotrophic lateral sclerosis,als,weighted,16,Supp Motor Area R,-0.6856049650209495,0.9738920844757629,0.7953204679532047,0.9772225902409759,0.20467953204679534,109,False,10000,0.3740985576923077,0.2587139423076923,2
Amyotrophic lateral sclerosis,als,weighted,17,Olfactory L,-2.7740766288262093,0.9988001199880012,0.996000399960004,0.998000199980002,0.0039996000399959986,137,False,10000,0.04322076612903226,0.057945293114143925,4
Amyotrophic lateral sclerosis,als,weighted,18,Olfactory R,-1.7687898736560694,0.9859369618593696,0.9222077792220778,0.9789590271742057,0.07779222077792225,130,False,10000,0.05402644230769231,0.030588942307692303,2
Amyotrophic lateral sclerosis,als,weighted,19,Frontal Sup Medial L,0.4289055003676608,0.7893278468763293,0.39836016398360163,0.8989101089891011,0.6016398360163984,60,False,10000,0.614516129032258,0.11921719913151363,6
Amyotrophic lateral sclerosis,als,weighted,20,Frontal Sup Medial R,0.8406543751792489,0.7476599278847625,0.2585741425857414,0.8703227238251784,0.7414258574142586,41,False,10000,0.6028245192307693,0.2643629807692308,2
Amyotrophic lateral sclerosis,als,weighted,21,Frontal Med Orb L,-1.2015853015592939,0.9794812518748125,0.8507149285071492,0.9772225902409759,0.14928507149285075,118,False,10000,0.41645665322580644,0.3550025201612904,6
Amyotrophic lateral sclerosis,als,weighted,22,Frontal Med Orb R,-0.049931603270977835,0.8891696196234036,0.5446455354464553,0.9514061252102638,0.45535446455354467,79,False,10000,0.5415865384615385,0.13533653846153842,2
Amyotrophic lateral sclerosis,als,weighted,23,Rectus L,-1.2144462707234476,0.9794812518748125,0.8833116688331167,0.9772225902409759,0.11668833116688326,123,False,10000,0.1748991935483871,0.15932459677419356,6
Amyotrophic lateral sclerosis,als,weighted,24,Rectus R,-0.7794841529619837,0.9738920844757629,0.783021697830217,0.9772225902409759,0.21697830216978298,108,False,10000,0.39975961538461535,0.06899038461538459,2
Amyotrophic lateral sclerosis,als,weighted,25,OFCmed L,-0.1734658366090848,0.9089642759861944,0.6133386661333866,0.9772225902409759,0.3866613338666134,85,False,10000,0.4461538461538462,0.16224701457816376,6
Amyotrophic lateral sclerosis,als,weighted,26,OFCmed R,-0.45904100083156313,0.9532312074914956,0.7177282271772822,0.9772225902409759,0.28227177282271776,97,False,10000,0.3847355769230769,0.13088942307692308,2
Amyotrophic lateral sclerosis,als,weighted,27,OFCant L,0.8052068160227662,0.7476599278847625,0.252974702529747,0.8703227238251784,0.7470252974702529,38,False,10000,0.670733173076923,0.25422514733250623,6
Amyotrophic lateral sclerosis,als,weighted,28,OFCant R,0.6297472119384675,0.7476599278847625,0.31226877312268775,0.8989101089891011,0.6877312268773123,46,False,10000,0.6011418269230769,0.04729567307692295,2
Amyotrophic lateral sclerosis,als,weighted,29,OFCpost L,-1.134129921165315,0.9794812518748125,0.8947105289471053,0.9772225902409759,0.10528947105289466,124,False,10000,0.25,0.38815136476426804,6
Amyotrophic lateral sclerosis,als,weighted,30,OFCpost R,-0.9176097132646234,0.9794812518748125,0.8251174882511749,0.9772225902409759,0.17488251174882508,114,False,10000,0.42007211538461536,0.3106971153846153,2
Amyotrophic lateral sclerosis,als,weighted,31,OFClat L,-0.9342977331532889,0.9794812518748125,0.8682131786821318,0.9772225902409759,0.13178682131786823,121,False,10000,0.27419354838709675,0.16650124069478908,4
Amyotrophic lateral sclerosis,als,weighted,32,OFClat R,0.19316859664298533,0.8266119334012544,0.46995300469953005,0.9134297837821852,0.53004699530047,71,False,10000,0.6854567307692307,0.07608173076923075,2
Amyotrophic lateral sclerosis,als,weighted,33,Insula L,-0.8714458632682975,0.9738920844757629,0.8011198880111989,0.9772225902409759,0.19888011198880107,112,False,10000,0.34224759615384615,0.3589649891439206,6
Amyotrophic lateral sclerosis,als,weighted,34,Insula R,-1.4330684064582817,0.9859369618593696,0.9064093590640936,0.9772225902409759,0.09359064093590641,128,False,10000,0.25348557692307694,0.1996394230769231,2
Amyotrophic lateral sclerosis,als,weighted,37,Cingulate Mid L,-1.303577201519922,0.9859369618593696,0.9016098390160984,0.9772225902409759,0.09839016098390163,125,False,10000,0.3038461538461539,0.2334987593052109,6
Amyotrophic lateral sclerosis,als,weighted,38,Cingulate Mid R,-1.6756747907953045,0.9859369618593696,0.9333066693330667,0.983178018076055,0.06669333066693328,131,False,10000,0.2006610576923077,0.11472355769230769,2
Amyotrophic lateral sclerosis,als,weighted,39,Cingulate Post L,1.4766909201674396,0.6997871641407287,0.08849115088491151,0.7524306392890123,0.9115088491150884,15,False,10000,0.7384615384615385,0.16129032258064513,5
Amyotrophic lateral sclerosis,als,weighted,41,Hippocampus L,-0.03911270727220416,0.8728063902470513,0.5518448155184481,0.951932306769323,0.4481551844815519,80,False,10000,0.2230769230769231,0.07158808933002486,6
Amyotrophic lateral sclerosis,als,weighted,42,Hippocampus R,0.3560848206846922,0.797379278465596,0.40985901409859016,0.8989101089891011,0.5901409859014098,62,False,10000,0.2212139423076923,0.03659855769230769,2
Amyotrophic lateral sclerosis,als,weighted,43,ParaHippocampal L,-1.1084809784930123,0.9794812518748125,0.8671132886711329,0.9772225902409759,0.1328867113288671,120,False,10000,0.0967741935483871,0.15806451612903227,6
Amyotrophic lateral sclerosis,als,weighted,44,ParaHippocampal R,-1.1031580119211608,0.9794812518748125,0.8561143885611439,0.9772225902409759,0.14388561143885614,119,False,10000,0.20228365384615385,0.09459134615384618,2
Amyotrophic lateral sclerosis,als,weighted,45,Amygdala L,-0.8603026682683607,0.9738920844757629,0.8312168783121687,0.9772225902409759,0.16878312168783127,116,False,10000,0.2692307692307692,0.16923076923076924,5
Amyotrophic lateral sclerosis,als,weighted,46,Amygdala R,-0.7309974613026943,0.9738920844757629,0.778022197780222,0.9772225902409759,0.22197780221977803,106,False,10000,0.1756610576923077,0.16027644230769228,2
Amyotrophic lateral sclerosis,als,weighted,47,Calcarine L,1.0817898073742775,0.716576618200249,0.24297570242975702,0.8703227238251784,0.757024297570243,34,False,10000,0.6694789081885856,0.0775279156327543,6
Amyotrophic lateral sclerosis,als,weighted,48,Calcarine R,1.4801110668597073,0.6997871641407287,0.09269073092690731,0.7524306392890123,0.9073092690730927,17,False,10000,0.6278245192307692,0.010637019230769207,2
Amyotrophic lateral sclerosis,als,weighted,49,Cuneus L,2.1151527533291548,0.5691930806919308,0.029897010298970104,0.6012255917265416,0.9701029897010299,6,False,10000,0.8769230769230769,0.08786057692307692,5
Amyotrophic lateral sclerosis,als,weighted,51,Lingual L,0.5530786761441958,0.7751867670375819,0.36746325367463256,0.8989101089891011,0.6325367463253675,54,False,10000,0.3758064516129032,0.3872208436724565,6
Amyotrophic lateral sclerosis,als,weighted,52,Lingual R,0.8139646206328652,0.7476599278847625,0.25077492250774924,0.8703227238251784,0.7492250774922508,37,False,10000,0.5283653846153846,0.15913461538461537,2
Amyotrophic lateral sclerosis,als,weighted,53,Occipital Sup L,0.7058223276890075,0.7476599278847625,0.3200679932006799,0.8989101089891011,0.6799320067993201,48,False,10000,0.6632754342431761,0.2715357475186103,4
Amyotrophic lateral sclerosis,als,weighted,55,Occipital Mid L,1.1662067536838598,0.716576618200249,0.19318068193180682,0.8703227238251784,0.8068193180681932,26,False,10000,0.5403225806451613,0.26782917183622823,6
Amyotrophic lateral sclerosis,als,weighted,56,Occipital Mid R,2.6637821771726617,0.4001599840015998,0.004899510048995101,0.6012255917265416,0.9951004899510049,1,False,10000,0.8637019230769231,0.08245192307692295,2
Amyotrophic lateral sclerosis,als,weighted,57,Occipital Inf L,1.8759580564770948,0.6715328467153284,0.052394760523947606,0.7175282471752825,0.9476052394760524,9,False,10000,0.8259305210918114,0.21269579714640197,6
Amyotrophic lateral sclerosis,als,weighted,58,Occipital Inf R,2.015411057141426,0.5961003899610039,0.047495250474952504,0.7175282471752825,0.9525047495250475,8,False,10000,0.8872596153846154,0.043509615384615286,2
Amyotrophic lateral sclerosis,als,weighted,59,Fusiform L,-0.8670551512397598,0.9738920844757629,0.7983201679832017,0.9772225902409759,0.2016798320167983,111,False,10000,0.21178660049627793,0.13052109181141436,6
Amyotrophic lateral sclerosis,als,weighted,60,Fusiform R,-1.7477624555996873,0.9859369618593696,0.975002499750025,0.9936021103771975,0.024997500249975046,135,False,10000,0.10799278846153847,0.06893028846153845,2
Amyotrophic lateral sclerosis,als,weighted,61,Postcentral L,0.6620940703467232,0.7476599278847625,0.3401659834016598,0.8989101089891011,0.6598340165983402,49,False,10000,0.7325120192307693,0.367739027605459,6
Amyotrophic lateral sclerosis,als,weighted,62,Postcentral R,0.2601440954555727,0.8043195680431957,0.4470552944705529,0.8989101089891011,0.5529447055294471,68,False,10000,0.49284855769230773,0.07746394230769227,2
Amyotrophic lateral sclerosis,als,weighted,63,Parietal Sup L,0.9848681269096318,0.7428999035580313,0.23417658234176583,0.8703227238251784,0.7658234176582341,31,False,10000,0.6153846153846154,0.20800538926799017,6
Amyotrophic lateral sclerosis,als,weighted,64,Parietal Sup R,0.3111577949074198,0.8043195680431957,0.43015698430156984,0.8989101089891011,0.5698430156984302,65,False,10000,0.39393028846153844,0.18299278846153844,2
Amyotrophic lateral sclerosis,als,weighted,65,Parietal Inf L,1.0843734270944643,0.716576618200249,0.17988201179882013,0.8703227238251784,0.8201179882011799,24,False,10000,0.6771712158808934,0.2655086848635235,6
Amyotrophic lateral sclerosis,als,weighted,66,Parietal Inf R,1.5698335818474356,0.6997871641407287,0.13308669133086692,0.8348165183481653,0.8669133086691331,22,False,10000,0.6417067307692308,0.2198317307692308,2
Amyotrophic lateral sclerosis,als,weighted,67,SupraMarginal L,0.4893606858876025,0.7751867670375819,0.35106489351064896,0.8989101089891011,0.648935106489351,50,False,10000,0.3548387096774194,0.2764723557692308,6
Amyotrophic lateral sclerosis,als,weighted,68,SupraMarginal R,-0.6857879143193277,0.9738920844757629,0.7774222577742226,0.9772225902409759,0.22257774222577742,105,False,10000,0.1662860576923077,0.0490985576923077,2
Amyotrophic lateral sclerosis,als,weighted,69,Angular L,0.2507591366939125,0.8043195680431957,0.44655534446555345,0.8989101089891011,0.5534446555344466,67,False,10000,0.4076923076923077,0.14415322580645162,5
Amyotrophic lateral sclerosis,als,weighted,70,Angular R,-0.15781780830054445,0.9089642759861944,0.5988401159884011,0.9772225902409759,0.40115988401159886,83,False,10000,0.32079326923076923,0.11766826923076923,2
Amyotrophic lateral sclerosis,als,weighted,71,Precuneus L,1.241660788409565,0.716576618200249,0.2238776122387761,0.8703227238251784,0.7761223877612239,29,False,10000,0.6687344913151365,0.2451612903225806,6
Amyotrophic lateral sclerosis,als,weighted,72,Precuneus R,1.0422656048982022,0.716576618200249,0.24937506249375063,0.8703227238251784,0.7506249375062494,36,False,10000,0.4555889423076923,0.22902644230769226,2
Amyotrophic lateral sclerosis,als,weighted,73,Paracentral Lobule L,-0.2860896785717119,0.9432123454321235,0.6312368763123688,0.9772225902409759,0.3687631236876312,87,False,10000,0.4884615384615385,0.2967741935483871,6
Amyotrophic lateral sclerosis,als,weighted,74,Paracentral Lobule R,1.065469409639263,0.716576618200249,0.19408059194080593,0.8703227238251784,0.805919408059194,27,False,10000,0.7576322115384615,0.2345552884615384,2
Amyotrophic lateral sclerosis,als,weighted,75,Caudate L,-0.21217643189970345,0.9133745716337458,0.6164383561643836,0.9772225902409759,0.3835616438356164,86,False,10000,0.3915264423076923,0.1711354295905707,6
Amyotrophic lateral sclerosis,als,weighted,76,Caudate R,-0.054732450710351356,0.8891696196234036,0.5602439756024398,0.954489736211564,0.43975602439756023,81,False,10000,0.3836538461538461,0.008653846153846179,2
Amyotrophic lateral sclerosis,als,weighted,77,Putamen L,0.14820687591090181,0.8266119334012544,0.48705129487051296,0.9250669527641829,0.512948705129487,72,False,10000,0.38660049627791565,0.09885914236972704,6
Amyotrophic lateral sclerosis,als,weighted,78,Putamen R,-0.16508157429384138,0.9089642759861944,0.6041395860413958,0.9772225902409759,0.39586041395860416,84,False,10000,0.3380408653846154,0.10727163461538464,2
Amyotrophic lateral sclerosis,als,weighted,79,Pallidum L,0.6955155563778436,0.7476599278847625,0.30456954304569545,0.8989101089891011,0.6954304569543046,44,False,10000,0.726302729528536,0.213151364764268,6
Amyotrophic lateral sclerosis,als,weighted,80,Pallidum R,-0.5313051904704817,0.9738920844757629,0.7186281371862814,0.9772225902409759,0.2813718628137186,98,False,10000,0.7328725961538461,0.040564903846153966,2
Amyotrophic lateral sclerosis,als,weighted,83,Heschl L,1.3696450277868288,0.716576618200249,0.10468953104689531,0.775627700387856,0.8953104689531047,18,False,10000,0.6129032258064516,0.41315136476426806,5
Amyotrophic lateral sclerosis,als,weighted,84,Heschl R,1.6040800326738256,0.6997871641407287,0.057194280571942806,0.7175282471752825,0.9428057194280572,11,False,10000,0.8838341346153846,0.014603365384615374,2
Amyotrophic lateral sclerosis,als,weighted,85,Temporal Sup L,0.6614109580917406,0.7476599278847625,0.3190680931906809,0.8989101089891011,0.6809319068093191,47,False,10000,0.39495192307692306,0.20444711538461535,6
Amyotrophic lateral sclerosis,als,weighted,86,Temporal Sup R,0.03442532084820498,0.8728063902470513,0.5182481751824818,0.934722112204364,0.4817518248175182,76,False,10000,0.36778846153846156,0.05528846153846151,2
Amyotrophic lateral sclerosis,als,weighted,87,Temporal Pole Sup L,-1.6843091188929615,0.9859369618593696,0.9565043495650435,0.9924631596990677,0.04349565043495651,133,False,10000,0.07841191066997519,0.08746704404466502,6
Amyotrophic lateral sclerosis,als,weighted,88,Temporal Pole Sup R,-1.205314419949403,0.9794812518748125,0.8825117488251175,0.9772225902409759,0.11748825117488249,122,False,10000,0.23185096153846155,0.09122596153846158,2
Amyotrophic lateral sclerosis,als,weighted,89,Temporal Mid L,0.7889104498454382,0.7476599278847625,0.24837516248375163,0.8703227238251784,0.7516248375162484,35,False,10000,0.4,0.28245870812655083,6
Amyotrophic lateral sclerosis,als,weighted,90,Temporal Mid R,-1.0716829262727472,0.9794812518748125,0.8413158684131586,0.9772225902409759,0.15868413158684136,117,False,10000,0.27518028846153847,0.0017427884615385247,2
Amyotrophic lateral sclerosis,als,weighted,91,Temporal Pole Mid L,-2.039453989482938,0.9955298587788279,0.9792020797920208,0.9936021103771975,0.020797920207979215,136,False,10000,0.09416873449131513,0.08114143920595532,4
Amyotrophic lateral sclerosis,als,weighted,93,Temporal Inf L,-0.6912813537298224,0.9738920844757629,0.7965203479652034,0.9772225902409759,0.20347965203479657,110,False,10000,0.27103365384615385,0.1685154311414392,6
Amyotrophic lateral sclerosis,als,weighted,94,Temporal Inf R,-0.6127020748692447,0.9738920844757629,0.7562243775622438,0.9772225902409759,0.2437756224377562,102,False,10000,0.21322115384615387,0.005528846153846162,2
Amyotrophic lateral sclerosis,als,weighted,95,Cerebellum Crus1 L,-1.4352026751078255,0.9859369618593696,0.9036096390360964,0.9772225902409759,0.09639036096390363,126,False,10000,0.13942307692307693,0.0762562034739454,6
Amyotrophic lateral sclerosis,als,weighted,96,Cerebellum Crus1 R,-1.0123124396691778,0.9794812518748125,0.9062093790620938,0.9772225902409759,0.09379062093790624,127,False,10000,0.24807692307692308,0.0019230769230769162,2
Amyotrophic lateral sclerosis,als,weighted,97,Cerebellum Crus2 L,-0.4183081875364694,0.9499487551244875,0.7097290270972902,0.9772225902409759,0.29027097290270976,96,False,10000,0.26091811414392063,0.20875465260545903,6
Amyotrophic lateral sclerosis,als,weighted,98,Cerebellum Crus2 R,-0.5817207138809902,0.9738920844757629,0.7567243275672433,0.9772225902409759,0.24327567243275672,103,False,10000,0.44525240384615383,0.06243990384615383,2
Amyotrophic lateral sclerosis,als,weighted,101,Cerebellum 4 5 L,-0.1840943795266024,0.9089642759861944,0.6356364363563644,0.9772225902409759,0.36436356364363565,88,False,10000,0.4653846153846154,0.16600496277915633,6
Amyotrophic lateral sclerosis,als,weighted,102,Cerebellum 4 5 R,0.49593506332419857,0.7751867670375819,0.36146385361463856,0.8989101089891011,0.6385361463853614,51,False,10000,0.6660456730769231,0.08010817307692308,2
Amyotrophic lateral sclerosis,als,weighted,103,Cerebellum 6 L,-1.6350503370015599,0.9859369618593696,0.9152084791520848,0.9789590271742057,0.08479152084791519,129,False,10000,0.18548387096774194,0.2025230691687345,6
Amyotrophic lateral sclerosis,als,weighted,104,Cerebellum 6 R,-0.6718107595054597,0.9738920844757629,0.7762223777622238,0.9772225902409759,0.2237776222377762,104,False,10000,0.20276442307692308,0.15661057692307695,2
Amyotrophic lateral sclerosis,als,weighted,105,Cerebellum 7b L,0.31298468073506003,0.8043195680431957,0.42555744425557446,0.8989101089891011,0.5744425557444255,64,False,10000,0.43846153846153846,0.4117866004962779,6
Amyotrophic lateral sclerosis,als,weighted,106,Cerebellum 7b R,-0.47840042309049535,0.9532312074914956,0.7249275072492751,0.9772225902409759,0.2750724927507249,100,False,10000,0.37716346153846153,0.3459134615384615,2
Amyotrophic lateral sclerosis,als,weighted,107,Cerebellum 8 L,0.3921711616973739,0.792040795920408,0.3892610738926107,0.8989101089891011,0.6107389261073892,58,False,10000,0.43200992555831264,0.4089950372208437,6
Amyotrophic lateral sclerosis,als,weighted,108,Cerebellum 8 R,2.1876269169449607,0.5691930806919308,0.027197280271972803,0.6012255917265416,0.9728027197280272,5,False,10000,0.6736778846153846,0.09555288461538469,2
Amyotrophic lateral sclerosis,als,weighted,109,Cerebellum 9 L,0.4254588161560994,0.7893278468763293,0.38886111388861117,0.8989101089891011,0.6111388861113889,57,False,10000,0.25806451612903225,0.37777217741935487,5
Amyotrophic lateral sclerosis,als,weighted,110,Cerebellum 9 R,-1.0432773358689995,0.9794812518748125,0.827917208279172,0.9772225902409759,0.17208279172082797,115,False,10000,0.10829326923076923,0.030168269230769235,2
Amyotrophic lateral sclerosis,als,weighted,111,Cerebellum 10 L,-0.07531660509353988,0.8891696196234036,0.5764423557644236,0.9701103060425665,0.4235576442355764,82,False,10000,0.1774193548387097,0.44578163771712165,3
Amyotrophic lateral sclerosis,als,weighted,118,Vermis 8,0.6601311312306053,0.7476599278847625,0.2882711728827117,0.8989101089891011,0.7117288271172884,43,False,10000,0.8359375,0.09615384615384626,3
Amyotrophic lateral sclerosis,als,weighted,119,Vermis 9,0.2928992859170595,0.8043195680431957,0.44945505449455053,0.8989101089891011,0.5505449455054494,69,False,10000,0.6269230769230769,0.21463341346153852,4
Amyotrophic lateral sclerosis,als,weighted,121,Thal AV L,-0.8159923598332937,0.9738920844757629,0.8127187281271873,0.9772225902409759,0.18728127187281274,113,False,10000,0.4789081885856079,0.26817617866004956,4
Amyotrophic lateral sclerosis,als,weighted,122,Thal AV R,0.2932661027130874,0.8043195680431957,0.40585941405859416,0.8989101089891011,0.5941405859414058,61,False,10000,0.5729567307692308,0.4114182692307692,2
Amyotrophic lateral sclerosis,als,weighted,125,Thal VA L,0.021511832896724845,0.8728063902470513,0.5355464453554645,0.9475052494750527,0.4644535546445355,78,False,10000,0.8515625,0.28858560794044663,5
Amyotrophic lateral sclerosis,als,weighted,127,Thal VL L,0.9486224321003993,0.7476599278847625,0.23227677232276772,0.8703227238251784,0.7677232276772323,30,False,10000,0.8725360576923077,0.14284371122828787,6
Amyotrophic lateral sclerosis,als,weighted,128,Thal VL R,1.279330810084459,0.716576618200249,0.08999100089991001,0.7524306392890123,0.91000899910009,16,False,10000,0.8524038461538461,0.039903846153846234,2
Amyotrophic lateral sclerosis,als,weighted,129,Thal VPL L,0.11736431942524693,0.8428197180281973,0.5050494950504949,0.9292910708929106,0.4949505049495051,75,False,10000,0.869727047146402,0.06178660049627782,6
Amyotrophic lateral sclerosis,als,weighted,130,Thal VPL R,2.0015447168932803,0.5691930806919308,0.0216978302169783,0.6012255917265416,0.9783021697830216,3,False,10000,0.9805889423076923,0.004026442307692335,2
Amyotrophic lateral sclerosis,als,weighted,131,Thal IL L,1.494520008757304,0.6997871641407287,0.07329267073292671,0.7524306392890123,0.9267073292670733,13,False,10000,0.9838709677419355,0.03076923076923077,5
Amyotrophic lateral sclerosis,als,weighted,135,Thal MDm L,0.17234497301963572,0.8266119334012544,0.4687531246875312,0.9134297837821852,0.5312468753124688,70,False,10000,0.13076923076923078,0.27142137096774194,3
Amyotrophic lateral sclerosis,als,weighted,136,Thal MDm R,-0.17391974457400503,0.9089642759861944,0.6472352764723528,0.9772225902409759,0.3527647235276472,89,False,10000,0.5389423076923077,0.023557692307692335,2
Amyotrophic lateral sclerosis,als,weighted,137,Thal MDl L,-0.3773147559731015,0.9449876065025078,0.675032496750325,0.9772225902409759,0.32496750324967505,93,False,10000,0.5692307692307692,0.34317617866004957,3
Amyotrophic lateral sclerosis,als,weighted,139,Thal LGN L,0.7812899268550137,0.7476599278847625,0.28557144285571445,0.8989101089891011,0.7144285571442855,42,False,10000,0.8076923076923077,0.1781637717121589,5
Amyotrophic lateral sclerosis,als,weighted,140,Thal LGN R,1.6467687522852275,0.6997871641407287,0.030496950304969503,0.6012255917265416,0.9695030496950305,7,False,10000,0.8984375,0.1015625,2
Amyotrophic lateral sclerosis,als,weighted,141,Thal MGN L,1.0441818142893824,0.716576618200249,0.22347765223477653,0.8703227238251784,0.7765223477652234,28,False,10000,0.8653846153846154,0.11153846153846148,2
Amyotrophic lateral sclerosis,als,weighted,143,Thal PuI L,0.5219218873441953,0.7751867670375819,0.37696230376962303,0.8989101089891011,0.623037696230377,55,False,10000,0.9423076923076923,0.04999999999999993,2
Amyotrophic lateral sclerosis,als,weighted,144,Thal PuI R,0.7116143664342581,0.7476599278847625,0.23627637236276372,0.8703227238251784,0.7637236276372363,32,False,10000,0.9377403846153847,0.03149038461538456,2
Amyotrophic lateral sclerosis,als,weighted,145,Thal PuM L,-0.7638364495273356,0.9738920844757629,0.7789221077892211,0.9772225902409759,0.2210778922107789,107,False,10000,0.7692307692307693,0.21346153846153848,5
Amyotrophic lateral sclerosis,als,weighted,146,Thal PuM R,-0.24024431024040324,0.9246625899207832,0.6581341865813418,0.9772225902409759,0.3418658134186582,90,False,10000,0.6115985576923078,0.10378605769230764,2
Amyotrophic lateral sclerosis,als,weighted,147,Thal PuA L,0.05248704868529473,0.8728063902470513,0.5215478452154785,0.934722112204364,0.4784521547845215,77,False,10000,0.9354838709677419,0.07692307692307698,3
Amyotrophic lateral sclerosis,als,weighted,148,Thal PuA R,0.35811325718383874,0.8003199680031997,0.37836216378362164,0.8989101089891011,0.6216378362163784,56,False,10000,0.7189903846153847,0.24975961538461544,2
Amyotrophic lateral sclerosis,als,weighted,153,ACC pre L,-2.908480461766276,0.9988001199880012,0.998000199980002,0.998000199980002,0.0019998000199979993,138,False,10000,0.03076923076923077,0.008316532258064516,3
Amyotrophic lateral sclerosis,als,weighted,154,ACC pre R,0.13643889679362844,0.8266119334012544,0.48975102489751027,0.9250669527641829,0.5102489751024897,73,False,10000,0.6325721153846153,0.10180288461538456,2
Amyotrophic lateral sclerosis,als,weighted,155,ACC sup L,-1.8279284236785414,0.9859369618593696,0.9641035896410359,0.9928828012721116,0.03589641035896407,134,False,10000,0.07106854838709678,0.049305986352357306,6
Amyotrophic lateral sclerosis,als,weighted,156,ACC sup R,-1.5452772061768019,0.9859369618593696,0.940905909409059,0.9836743598367436,0.05909409059094095,132,False,10000,0.24867788461538462,0.07944711538461541,2
Amyotrophic lateral sclerosis,als,weighted,157,N Acc L,-0.5500375217675065,0.9738920844757629,0.7519248075192481,0.9772225902409759,0.24807519248075194,101,False,10000,0.46153846153846156,0.20769230769230768,5
Amyotrophic lateral sclerosis,als,weighted,158,N Acc R,-0.33307341970663173,0.9449876065025078,0.6713328667133287,0.9772225902409759,0.3286671332866713,92,False,10000,0.4051081730769231,0.24104567307692315,2
Amyotrophic lateral sclerosis,als,weighted,161,SN pc L,0.5068270991446556,0.7751867670375819,0.41845815418458154,0.8989101089891011,0.5815418458154185,63,False,10000,0.7265625,0.2265625,2
Amyotrophic lateral sclerosis,als,weighted,163,SN pr L,1.072662755232694,0.716576618200249,0.10678932106789321,0.775627700387856,0.8932106789321068,19,False,10000,0.9230769230769231,0.17890818858560797,5
Amyotrophic lateral sclerosis,als,weighted,164,SN pr R,0.2687847708105453,0.8043195680431957,0.43655634436556345,0.8989101089891011,0.5634436556344365,66,False,10000,0.5722355769230769,0.18161057692307692,2
Amyotrophic lateral sclerosis,als,weighted,165,Red N L,0.6342899330147461,0.7476599278847625,0.39666033396660333,0.8989101089891011,0.6033396660333967,59,False,10000,0.8307692307692308,0.18825120192307698,4
Amyotrophic lateral sclerosis,als,weighted,166,Red N R,0.9922317082945707,0.7428999035580313,0.1312868713128687,0.8348165183481653,0.8687131286871312,21,False,10000,0.9106370192307692,0.027824519230769118,2
Amyotrophic lateral sclerosis,als,weighted,167,LC L,1.1034018750253949,0.716576618200249,0.025197480251974803,0.6012255917265416,0.9748025197480252,4,False,10000,0.8327524038461538,0.16935774658808933,4
Amyotrophic lateral sclerosis,als,weighted,168,LC R,0.8197440934445095,0.7476599278847625,0.08709129087091291,0.7524306392890123,0.9129087091290871,14,False,10000,0.53984375,0.36015625000000007,2
Amyotrophic lateral sclerosis,als,weighted,169,Raphe D,0.15014645229275894,0.8266119334012544,0.49605039496050396,0.9250669527641829,0.503949605039496,74,False,10000,0.5305889423076924,0.05402644230769227,2
Amyotrophic lateral sclerosis,als,weighted,170,Raphe M,1.2065560461897054,0.716576618200249,0.015898410158984102,0.6012255917265416,0.9841015898410159,2,False,10000,0.8307692307692308,0.08323317307692302,3
Schizophrenia,schizophrenia,broad,1,Precentral L,-1.3365525040731006,1.0,0.8166183381661833,0.9853572019847195,0.18338166183381666,112,False,10000,0.363151364764268,0.20224488213399505,6
Schizophrenia,schizophrenia,broad,2,Precentral R,-0.8237149233057666,1.0,0.7258274172582742,0.9853572019847195,0.27417258274172585,96,False,10000,0.35222355769230773,0.06316105769230768,2
Schizophrenia,schizophrenia,broad,3,Frontal Sup 2 L,0.4844508653222788,0.6977205505255926,0.40905909409059094,0.8941505849415059,0.5909409059094091,61,False,10000,0.5161290322580645,0.30341191066997525,6
Schizophrenia,schizophrenia,broad,4,Frontal Sup 2 R,0.4411749070802603,0.7090367886288295,0.420957904209579,0.8941505849415059,0.579042095790421,63,False,10000,0.5048677884615385,0.12794471153846154,2
Schizophrenia,schizophrenia,broad,5,Frontal Mid 2 L,0.4343599258807335,0.7090367886288295,0.420957904209579,0.8941505849415059,0.579042095790421,63,False,10000,0.5606699751861042,0.23321960297766747,6
Schizophrenia,schizophrenia,broad,6,Frontal Mid 2 R,1.2605422975726022,0.36973225754347644,0.22427757224277572,0.8699263406992633,0.7757224277572243,32,False,10000,0.61953125,0.08046874999999987,2
Schizophrenia,schizophrenia,broad,7,Frontal Inf Oper L,2.048090829189082,0.16175049161750493,0.1591840815918408,0.8699263406992633,0.8408159184081592,19,False,10000,0.6076923076923076,0.3739454094292804,3
Schizophrenia,schizophrenia,broad,8,Frontal Inf Oper R,-0.9574170967124721,1.0,0.7307269273072693,0.9853572019847195,0.2692730726927307,97,False,10000,0.3046875,0.1953125,2
Schizophrenia,schizophrenia,broad,9,Frontal Inf Tri L,1.558702179534392,0.2788272896848246,0.2086791320867913,0.8699263406992633,0.7913208679132087,31,False,10000,0.7338709677419355,0.1390198511166253,6
Schizophrenia,schizophrenia,broad,10,Frontal Inf Tri R,3.5132099451705487,0.009199080091990802,0.022797720227977204,0.6510439865104399,0.9772022797720228,2,False,10000,0.7625,0.13750000000000007,2
Schizophrenia,schizophrenia,broad,11,Frontal Inf Orb 2 L,1.4202950289146143,0.30586941305869414,0.1944805519448055,0.8699263406992633,0.8055194480551945,26,False,10000,0.8435483870967742,0.23486352357320106,6
Schizophrenia,schizophrenia,broad,12,Frontal Inf Orb 2 R,-4.0139123724863905,1.0,0.9935006499350065,0.9935006499350065,0.00649935006499347,138,False,10000,0.39669471153846153,0.3263822115384615,2
Schizophrenia,schizophrenia,broad,13,Rolandic Oper L,1.596565658804401,0.275972402759724,0.18768123187681232,0.8699263406992633,0.8123187681231877,24,False,10000,0.7375930521091811,0.3594913151364765,6
Schizophrenia,schizophrenia,broad,14,Rolandic Oper R,-1.4204052023591256,1.0,0.835916408359164,0.9853572019847195,0.16408359164083597,116,False,10000,0.8067908653846154,0.07602163461538469,2
Schizophrenia,schizophrenia,broad,15,Supp Motor Area L,-0.4813400228435104,1.0,0.6434356564343565,0.9853572019847195,0.3565643435656435,87,False,10000,0.31451612903225806,0.2705334987593052,6
Schizophrenia,schizophrenia,broad,16,Supp Motor Area R,-0.6827690094846641,1.0,0.6923307669233076,0.9853572019847195,0.30766923307669236,92,False,10000,0.40883413461538465,0.23960336538461535,2
Schizophrenia,schizophrenia,broad,17,Olfactory L,-2.8570376050291286,1.0,0.9411058894110589,0.9935006499350065,0.05889411058894112,128,False,10000,0.2672475961538462,0.14106408964019856,4
Schizophrenia,schizophrenia,broad,18,Olfactory R,-2.056313940747425,1.0,0.8675132486751325,0.9853572019847195,0.13248675132486754,120,False,10000,0.1717548076923077,0.15637019230769228,2
Schizophrenia,schizophrenia,broad,19,Frontal Sup Medial L,0.20905880034512692,0.811592080228597,0.48085191480851913,0.9169643035696431,0.5191480851914809,71,False,10000,0.7,0.19017234026054586,6
Schizophrenia,schizophrenia,broad,20,Frontal Sup Medial R,0.12474253185831402,0.833068693130687,0.49475052494750527,0.9169643035696431,0.5052494750524947,73,False,10000,0.6221153846153846,0.2528846153846154,2
Schizophrenia,schizophrenia,broad,21,Frontal Med Orb L,0.5853489804680486,0.6443955604439556,0.3925607439256074,0.8941505849415059,0.6074392560743926,60,False,10000,0.7511166253101738,0.49926139888337473,6
Schizophrenia,schizophrenia,broad,22,Frontal Med Orb R,0.9983608336088216,0.4516936061495891,0.31716828317168283,0.8709052171705906,0.6828317168283171,50,False,10000,0.8338942307692307,0.07235576923076925,2
Schizophrenia,schizophrenia,broad,23,Rectus L,-0.44165074849950003,1.0,0.6128387161283871,0.9853572019847195,0.38716128387161286,81,False,10000,0.5733173076923077,0.509929435483871,6
Schizophrenia,schizophrenia,broad,24,Rectus R,0.42215301985138337,0.7090367886288295,0.44255574442555745,0.899548280466071,0.5574442555744425,67,False,10000,0.80234375,0.0023437499999998668,2
Schizophrenia,schizophrenia,broad,25,OFCmed L,0.6872964594364344,0.5764492516265615,0.38266173382661733,0.8941505849415059,0.6173382661733826,58,False,10000,0.6570719602977667,0.5043172301488834,6
Schizophrenia,schizophrenia,broad,26,OFCmed R,0.924657369340615,0.4813595563520571,0.32586741325867413,0.8709052171705906,0.6741325867413259,51,False,10000,0.737139423076923,0.09098557692307685,2
Schizophrenia,schizophrenia,broad,27,OFCant L,1.2742709715298477,0.36973225754347644,0.2546745325467453,0.8699263406992633,0.7453254674532547,37,False,10000,0.8094292803970223,0.494727047146402,6
Schizophrenia,schizophrenia,broad,28,OFCant R,3.4738053457250824,0.01034896510348965,0.0425957404259574,0.6510439865104399,0.9574042595740426,6,False,10000,0.7878605769230769,0.13401442307692302,2
Schizophrenia,schizophrenia,broad,29,OFCpost L,0.548858246363431,0.6535116980105268,0.41215878412158785,0.8941505849415059,0.5878412158784121,62,False,10000,0.6563275434243176,0.26085607940446653,6
Schizophrenia,schizophrenia,broad,30,OFCpost R,0.12138462727238973,0.833068693130687,0.49305069493050696,0.9169643035696431,0.5069493050694931,72,False,10000,0.6885216346153846,0.18070913461538463,2
Schizophrenia,schizophrenia,broad,31,OFClat L,-1.3438687596256338,1.0,0.795920407959204,0.9853572019847195,0.20407959204079595,110,False,10000,0.5384615384615385,0.7444789081885856,4
Schizophrenia,schizophrenia,broad,32,OFClat R,-0.7432854969084774,1.0,0.6664333566643336,0.9853572019847195,0.33356664333566644,89,False,10000,0.6089543269230769,0.05510817307692295,2
Schizophrenia,schizophrenia,broad,33,Insula L,0.8882845984074236,0.4813595563520571,0.3281671832816718,0.8709052171705906,0.6718328167183282,52,False,10000,0.7728287841191067,0.13845766129032266,6
Schizophrenia,schizophrenia,broad,34,Insula R,-1.1330734999425967,1.0,0.7622237776222378,0.9853572019847195,0.2377762223777622,101,False,10000,0.5081129807692308,0.046574519230769273,2
Schizophrenia,schizophrenia,broad,37,Cingulate Mid L,0.865362749817068,0.4996141895244438,0.33966603339666035,0.8844134454479081,0.6603339666033397,53,False,10000,0.45769230769230773,0.2643920595533499,6
Schizophrenia,schizophrenia,broad,38,Cingulate Mid R,-0.683497618543717,1.0,0.6771322867713229,0.9853572019847195,0.32286771322867713,90,False,10000,0.34825721153846156,0.07481971153846151,2
Schizophrenia,schizophrenia,broad,39,Cingulate Post L,2.727560737266232,0.05059494050594941,0.12538746125387462,0.8699263406992633,0.8746125387461254,15,False,10000,0.5967741935483871,0.43870192307692313,5
Schizophrenia,schizophrenia,broad,41,Hippocampus L,3.991826186147105,0.006899310068993101,0.039396060393960604,0.6510439865104399,0.9606039396060394,5,False,10000,0.8270471464019851,0.11564729373449134,6
Schizophrenia,schizophrenia,broad,42,Hippocampus R,2.9436793051100816,0.029322067793220677,0.051894810518948106,0.6510439865104399,0.9481051894810519,11,False,10000,0.6286057692307692,0.09014423076923073,2
Schizophrenia,schizophrenia,broad,43,ParaHippocampal L,-2.7544147960907726,1.0,0.9482051794820517,0.9935006499350065,0.05179482051794826,130,False,10000,0.16784274193548387,0.2650240384615385,6
Schizophrenia,schizophrenia,broad,44,ParaHippocampal R,-1.903045198295347,1.0,0.891010898910109,0.9916089036257665,0.10898910108989102,124,False,10000,0.41532451923076924,0.07686298076923082,2
Schizophrenia,schizophrenia,broad,45,Amygdala L,2.2471068686382005,0.10607689231076892,0.12688731126887312,0.8699263406992633,0.8731126887311269,16,False,10000,0.9076923076923077,0.09891826923076918,5
Schizophrenia,schizophrenia,broad,46,Amygdala R,3.1781772511214967,0.017741083034553684,0.0387961203879612,0.6510439865104399,0.9612038796120388,4,False,10000,0.5652043269230769,0.411358173076923,2
Schizophrenia,schizophrenia,broad,47,Calcarine L,1.512988449420039,0.2868440428684404,0.268973102689731,0.8699263406992633,0.7310268973102689,40,False,10000,0.5584367245657569,0.1688585607940447,6
Schizophrenia,schizophrenia,broad,48,Calcarine R,1.4511197353593168,0.28779979144942647,0.274972502749725,0.8699263406992633,0.725027497250275,41,False,10000,0.3028846153846154,0.07211538461538464,2
Schizophrenia,schizophrenia,broad,49,Cuneus L,1.5054851558021596,0.2868440428684404,0.2505749425057494,0.8699263406992633,0.7494250574942506,35,False,10000,0.2923076923076923,0.6181141439205956,5
Schizophrenia,schizophrenia,broad,51,Lingual L,1.4971135898209702,0.2868440428684404,0.252974702529747,0.8699263406992633,0.7470252974702529,36,False,10000,0.5105846774193548,0.40742478287841194,6
Schizophrenia,schizophrenia,broad,52,Lingual R,1.1285697589331969,0.4242273447073897,0.28247175282471754,0.8699263406992633,0.7175282471752824,44,False,10000,0.4424879807692308,0.08094951923076926,2
Schizophrenia,schizophrenia,broad,53,Occipital Sup L,1.8010241448272368,0.21237876212378765,0.17498250174982502,0.8699263406992633,0.825017498250175,22,False,10000,0.8724565756823821,0.3065795595533498,4
Schizophrenia,schizophrenia,broad,55,Occipital Mid L,1.8165184053540364,0.21445355464453555,0.19588041195880412,0.8699263406992633,0.8041195880411959,28,False,10000,0.522429435483871,0.4689070254342432,6
Schizophrenia,schizophrenia,broad,56,Occipital Mid R,3.174494770520228,0.017741083034553684,0.0443955604439556,0.6510439865104399,0.9556044395560443,8,False,10000,0.6591346153846154,0.028365384615384626,2
Schizophrenia,schizophrenia,broad,57,Occipital Inf L,1.1048846333882523,0.42681640926816417,0.277972202779722,0.8699263406992633,0.722027797220278,43,False,10000,0.6692307692307693,0.19615384615384623,6
Schizophrenia,schizophrenia,broad,58,Occipital Inf R,2.880609941613936,0.03372996033729961,0.038696130386961305,0.6510439865104399,0.9613038696130387,3,False,10000,0.5956730769230769,0.15817307692307692,2
Schizophrenia,schizophrenia,broad,59,Fusiform L,0.9448971537029606,0.4774322567743226,0.30856914308569144,0.8709052171705906,0.6914308569143086,48,False,10000,0.38470262096774194,0.27225205490074444,6
Schizophrenia,schizophrenia,broad,60,Fusiform R,-1.322655099269359,1.0,0.7943205679432057,0.9853572019847195,0.2056794320567943,109,False,10000,0.35144230769230766,0.16394230769230766,2
Schizophrenia,schizophrenia,broad,61,Postcentral L,0.3335810314222245,0.7469517754106942,0.46115388461153883,0.9146513920036567,0.5388461153884612,69,False,10000,0.47580645161290325,0.20126783498759304,6
Schizophrenia,schizophrenia,broad,62,Postcentral R,-0.3176400223638739,1.0,0.6156384361563844,0.9853572019847195,0.38436156384361564,83,False,10000,0.3790865384615385,0.09783653846153845,2
Schizophrenia,schizophrenia,broad,63,Parietal Sup L,1.9033827423881893,0.19608565459243552,0.1957804219578042,0.8699263406992633,0.8042195780421958,27,False,10000,0.6423076923076922,0.07506009615384612,6
Schizophrenia,schizophrenia,broad,64,Parietal Sup R,0.045513055714982174,0.8745783316405201,0.5152484751524847,0.9327508807560801,0.48475152484751527,76,False,10000,0.08509615384615385,0.02259615384615385,2
Schizophrenia,schizophrenia,broad,65,Parietal Inf L,1.8628941945521837,0.20258883202588834,0.1621837816218378,0.8699263406992633,0.8378162183781622,20,False,10000,0.6752403846153846,0.24915865384615388,6
Schizophrenia,schizophrenia,broad,66,Parietal Inf R,1.7116604583110924,0.24947905209479052,0.1640835916408359,0.8699263406992633,0.8359164083591641,21,False,10000,0.5327524038461539,0.2749399038461539,2
Schizophrenia,schizophrenia,broad,67,SupraMarginal L,2.4087536005701327,0.0791120887911209,0.07739226077392261,0.7628665704858085,0.9226077392260774,14,False,10000,0.43548387096774194,0.7255583126550869,6
Schizophrenia,schizophrenia,broad,68,SupraMarginal R,1.1458035913967444,0.4242273447073897,0.24637536246375363,0.8699263406992633,0.7536246375362463,33,False,10000,0.3930889423076923,0.29152644230769226,2
Schizophrenia,schizophrenia,broad,69,Angular L,3.3840342058632014,0.017741083034553684,0.0433956604339566,0.6510439865104399,0.9566043395660434,7,False,10000,0.7384615384615385,0.07837701612903225,5
Schizophrenia,schizophrenia,broad,70,Angular R,-0.06913903928686586,0.9276918461999956,0.5377462253774623,0.9513971679755103,0.4622537746225377,78,False,10000,0.2204326923076923,0.06418269230769233,2
Schizophrenia,schizophrenia,broad,71,Precuneus L,2.2052620251141772,0.1241875812418758,0.20437956204379562,0.8699263406992633,0.7956204379562044,30,False,10000,0.43317307692307694,0.2760313275434243,6
Schizophrenia,schizophrenia,broad,72,Precuneus R,1.8832701374425707,0.20258883202588834,0.1872812718728127,0.8699263406992633,0.8127187281271873,23,False,10000,0.31292067307692306,0.13323317307692312,2
Schizophrenia,schizophrenia,broad,73,Paracentral Lobule L,-1.413397833143393,1.0,0.7816218378162184,0.9853572019847195,0.2183781621837816,106,False,10000,0.3490423387096774,0.385935561414392,6
Schizophrenia,schizophrenia,broad,74,Paracentral Lobule R,1.8620446081497994,0.20258883202588834,0.14228577142285773,0.8699263406992633,0.8577142285771423,17,False,10000,0.6688701923076923,0.2842548076923076,2
Schizophrenia,schizophrenia,broad,75,Caudate L,1.0163704671055123,0.4516936061495891,0.3053694630536946,0.8709052171705906,0.6946305369463054,47,False,10000,0.8615384615384616,0.1319478908188586,6
Schizophrenia,schizophrenia,broad,76,Caudate R,1.0264596308793672,0.4516936061495891,0.3116688331166883,0.8709052171705906,0.6883311668833116,49,False,10000,0.8287860576923076,0.08659855769230773,2
Schizophrenia,schizophrenia,broad,77,Putamen L,2.5355451682944814,0.068993100689931,0.07639236076392361,0.7628665704858085,0.9236076392360764,13,False,10000,0.7769230769230769,0.2663161057692307,6
Schizophrenia,schizophrenia,broad,78,Putamen R,4.1848930681321574,0.006899310068993101,0.010498950104989501,0.6510439865104399,0.9895010498950105,1,False,10000,0.9268629807692308,0.0653245192307692,2
Schizophrenia,schizophrenia,broad,79,Pallidum L,-0.5944864346579658,1.0,0.6877312268773123,0.9853572019847195,0.31226877312268775,91,False,10000,0.504590570719603,0.20124069478908185,6
Schizophrenia,schizophrenia,broad,80,Pallidum R,-1.7613919763797201,1.0,0.8173182681731826,0.9853572019847195,0.18268173182681735,113,False,10000,0.5515024038461538,0.1438100961538461,2
Schizophrenia,schizophrenia,broad,83,Heschl L,1.2664886680397782,0.36973225754347644,0.25737426257374263,0.8699263406992633,0.7426257374262574,39,False,10000,0.6451612903225806,0.506804435483871,5
Schizophrenia,schizophrenia,broad,84,Heschl R,1.6339629805161429,0.275972402759724,0.1586841315868413,0.8699263406992633,0.8413158684131588,18,False,10000,0.5376201923076923,0.35300480769230774,2
Schizophrenia,schizophrenia,broad,85,Temporal Sup L,1.5199150734927787,0.2868440428684404,0.19668033196680332,0.8699263406992633,0.8033196680331967,29,False,10000,0.5306451612903226,0.3426178660049628,6
Schizophrenia,schizophrenia,broad,86,Temporal Sup R,0.22781206921910838,0.811592080228597,0.46395360463953605,0.9146513920036567,0.536046395360464,70,False,10000,0.4390625,0.13906249999999998,2
Schizophrenia,schizophrenia,broad,87,Temporal Pole Sup L,-0.40750893496256296,1.0,0.6153384661533846,0.9853572019847195,0.3846615338466154,82,False,10000,0.4076923076923077,0.4039799162531017,6
Schizophrenia,schizophrenia,broad,88,Temporal Pole Sup R,-2.7804401659222133,1.0,0.9494050594940506,0.9935006499350065,0.05059494050594937,131,False,10000,0.42896634615384616,0.3366586538461539,2
Schizophrenia,schizophrenia,broad,89,Temporal Mid L,2.6644156404962334,0.04265028042650281,0.05089491050894911,0.6510439865104399,0.9491050894910509,10,False,10000,0.574937965260546,0.1867623681761787,6
Schizophrenia,schizophrenia,broad,90,Temporal Mid R,1.1333755147397042,0.4242273447073897,0.25537446255374463,0.8699263406992633,0.7446255374462554,38,False,10000,0.5298677884615385,0.14705528846153842,2
Schizophrenia,schizophrenia,broad,91,Temporal Pole Mid L,-2.8037191377789434,1.0,0.9207079292070793,0.9935006499350065,0.07929207079292067,126,False,10000,0.2704714640198511,0.34323821339950367,4
Schizophrenia,schizophrenia,broad,93,Temporal Inf L,1.1385277278616555,0.4242273447073897,0.2836716328367163,0.8699263406992633,0.7163283671632836,45,False,10000,0.6269230769230769,0.34450507909429284,6
Schizophrenia,schizophrenia,broad,94,Temporal Inf R,0.7678371620188654,0.562932595629326,0.3554644535546445,0.8918926289189263,0.6445355464453555,55,False,10000,0.5034254807692308,0.058112980769230826,2
Schizophrenia,schizophrenia,broad,95,Cerebellum Crus1 L,2.4819265093275664,0.06793166837162438,0.060993900609939006,0.7014298570142986,0.939006099390061,12,False,10000,0.4260817307692308,0.2959541718362282,6
Schizophrenia,schizophrenia,broad,96,Cerebellum Crus1 R,0.742763484068828,0.5680013816800138,0.34656534346565343,0.8856669888566698,0.6534346565343465,54,False,10000,0.7505408653846154,0.18022836538461529,2
Schizophrenia,schizophrenia,broad,97,Cerebellum Crus2 L,0.0072539544518610746,0.8852621231383354,0.5204479552044795,0.9327508807560801,0.4795520447955205,77,False,10000,0.27692307692307694,0.08632133995037222,6
Schizophrenia,schizophrenia,broad,98,Cerebellum Crus2 R,0.1379072634741453,0.833068693130687,0.4978502149785021,0.9169643035696431,0.5021497850214979,74,False,10000,0.6371995192307692,0.3012620192307692,2
Schizophrenia,schizophrenia,broad,101,Cerebellum 4 5 L,1.0492650662639993,0.44278238842782386,0.27517248275172485,0.8699263406992633,0.7248275172482752,42,False,10000,0.6461538461538462,0.4922456575682381,6
Schizophrenia,schizophrenia,broad,102,Cerebellum 4 5 R,0.9926028361283951,0.4516936061495891,0.2957704229577042,0.8709052171705906,0.7042295770422957,46,False,10000,0.7516225961538461,0.04068509615384619,2
Schizophrenia,schizophrenia,broad,103,Cerebellum 6 L,2.8565182863511325,0.04001599840015998,0.04989501049895011,0.6510439865104399,0.9501049895010499,9,False,10000,0.7013647642679901,0.4085792106079404,6
Schizophrenia,schizophrenia,broad,104,Cerebellum 6 R,1.5711003392129284,0.2788272896848246,0.1897810218978102,0.8699263406992633,0.8102189781021898,25,False,10000,0.5061298076923078,0.29074519230769236,2
Schizophrenia,schizophrenia,broad,105,Cerebellum 7b L,-1.8612405533166836,1.0,0.8709129087091291,0.9853572019847195,0.12908709129087093,121,False,10000,0.2645161290322581,0.372394540942928,6
Schizophrenia,schizophrenia,broad,106,Cerebellum 7b R,-0.7976343123442367,1.0,0.7118288171182882,0.9853572019847195,0.28817118288171184,94,False,10000,0.4618389423076923,0.4227764423076923,2
Schizophrenia,schizophrenia,broad,107,Cerebellum 8 L,-1.923536599838922,1.0,0.8674132586741325,0.9853572019847195,0.13258674132586745,119,False,10000,0.2901985111662531,0.3019792959057072,6
Schizophrenia,schizophrenia,broad,108,Cerebellum 8 R,-2.1999612485165376,1.0,0.9145085491450855,0.9935006499350065,0.0854914508549145,125,False,10000,0.37818509615384616,0.2141225961538461,2
Schizophrenia,schizophrenia,broad,109,Cerebellum 9 L,-0.8187968792889189,1.0,0.7023297670232976,0.9853572019847195,0.29767023297670236,93,False,10000,0.203125,0.11042183622828783,5
Schizophrenia,schizophrenia,broad,110,Cerebellum 9 R,-1.4393892599725862,1.0,0.8302169783021698,0.9853572019847195,0.16978302169783022,115,False,10000,0.2583533653846154,0.1724158653846154,2
Schizophrenia,schizophrenia,broad,111,Cerebellum 10 L,-1.5569739984036919,1.0,0.8173182681731826,0.9853572019847195,0.18268173182681735,113,False,10000,0.35384615384615387,0.36290322580645157,3
Schizophrenia,schizophrenia,broad,118,Vermis 8,-1.1317487433198048,1.0,0.7174282571742826,0.9853572019847195,0.2825717428257174,95,False,10000,0.40625,0.2615384615384615,3
Schizophrenia,schizophrenia,broad,119,Vermis 9,-0.9570203987934645,1.0,0.7457254274572542,0.9853572019847195,0.25427457254274577,100,False,10000,0.14320913461538462,0.23710937499999998,4
Schizophrenia,schizophrenia,broad,121,Thal AV L,0.6825223432542802,0.5830501695593152,0.38246175382461756,0.8941505849415059,0.6175382461753824,57,False,10000,0.6076923076923078,0.3878411910669975,4
Schizophrenia,schizophrenia,broad,122,Thal AV R,-1.136833059841678,1.0,0.7858214178582141,0.9853572019847195,0.21417858214178587,107,False,10000,0.4371995192307692,0.3987379807692307,2
Schizophrenia,schizophrenia,broad,125,Thal VA L,-3.339788324830161,1.0,0.9688031196880312,0.9935006499350065,0.031196880311968767,132,False,10000,0.5,0.3076923076923077,5
Schizophrenia,schizophrenia,broad,127,Thal VL L,-0.5907655491854815,1.0,0.6287371262873712,0.9853572019847195,0.3712628737126288,85,False,10000,0.41129032258064513,0.10787841191066999,6
Schizophrenia,schizophrenia,broad,128,Thal VL R,-2.771511093336234,1.0,0.9302069793020697,0.9935006499350065,0.06979302069793025,127,False,10000,0.19723557692307692,0.056610576923076916,2
Schizophrenia,schizophrenia,broad,129,Thal VPL L,-2.0786990721893295,1.0,0.8523147685231477,0.9853572019847195,0.1476852314768523,117,False,10000,0.19615384615384618,0.24274193548387096,6
Schizophrenia,schizophrenia,broad,130,Thal VPL R,-1.4031240945253356,1.0,0.7878212178782121,0.9853572019847195,0.21217878212178787,108,False,10000,0.3412860576923077,0.025901442307692313,2
Schizophrenia,schizophrenia,broad,131,Thal IL L,-1.120776988410989,1.0,0.7403259674032596,0.9853572019847195,0.2596740325967404,99,False,10000,0.7578125,0.3354838709677419,5
Schizophrenia,schizophrenia,broad,135,Thal MDm L,0.39382826822607947,0.7125854578721232,0.44325567443255676,0.899548280466071,0.5567443255674432,68,False,10000,0.0967741935483871,0.23443509615384617,3
Schizophrenia,schizophrenia,broad,136,Thal MDm R,-2.1018266926579297,1.0,0.8906109389061094,0.9916089036257665,0.10938906109389057,123,False,10000,0.14405048076923077,0.08251201923076923,2
Schizophrenia,schizophrenia,broad,137,Thal MDl L,0.7112682502967415,0.5693746414832201,0.38436156384361564,0.8941505849415059,0.6156384361563844,59,False,10000,0.13076923076923078,0.15434243176178658,3
Schizophrenia,schizophrenia,broad,139,Thal LGN L,-1.5918018600863444,1.0,0.8615138486151385,0.9853572019847195,0.13848615138486153,118,False,10000,0.5384615384615384,0.4501008064516129,5
Schizophrenia,schizophrenia,broad,140,Thal LGN R,-2.138078332247475,1.0,0.8711128887111289,0.9853572019847195,0.1288871112888711,122,False,10000,0.4774038461538461,0.08509615384615382,2
Schizophrenia,schizophrenia,broad,141,Thal MGN L,-0.3125042177323876,1.0,0.6193380661933806,0.9853572019847195,0.3806619338066194,84,False,10000,0.41923076923076924,0.11153846153846148,2
Schizophrenia,schizophrenia,broad,143,Thal PuI L,0.40623347798530585,0.7125854578721232,0.42115788421157885,0.8941505849415059,0.5788421157884212,65,False,10000,0.6038461538461538,0.37307692307692303,2
Schizophrenia,schizophrenia,broad,144,Thal PuI R,-0.4572385087984705,1.0,0.6382361763823617,0.9853572019847195,0.36176382361763826,86,False,10000,0.544110576923077,0.30973557692307685,2
Schizophrenia,schizophrenia,broad,145,Thal PuM L,-0.2667742562232711,1.0,0.5820417958204179,0.9853572019847195,0.41795820417958207,79,False,10000,0.4140625,0.046153846153846156,5
Schizophrenia,schizophrenia,broad,146,Thal PuM R,0.11899841143223905,0.833068693130687,0.49835016498350165,0.9169643035696431,0.5016498350164984,75,False,10000,0.21322115384615387,0.005528846153846162,2
Schizophrenia,schizophrenia,broad,147,Thal PuA L,-1.173465456109457,1.0,0.7656234376562344,0.9853572019847195,0.23437656234376558,103,False,10000,0.5483870967741935,0.11538461538461542,3
Schizophrenia,schizophrenia,broad,148,Thal PuA R,-1.2349915965597644,1.0,0.7728227177282272,0.9853572019847195,0.2271772822717728,104,False,10000,0.3275841346153846,0.2583533653846154,2
Schizophrenia,schizophrenia,broad,153,ACC pre L,0.3446796724812123,0.7477252274772522,0.44165583441655837,0.899548280466071,0.5583441655834416,66,False,10000,0.4307692307692308,0.3436239919354839,3
Schizophrenia,schizophrenia,broad,154,ACC pre R,0.7484975691463225,0.5693746414832201,0.3655634436556344,0.8941505849415059,0.6344365563443656,56,False,10000,0.8496995192307693,0.11123798076923075,2
Schizophrenia,schizophrenia,broad,155,ACC sup L,-3.0126601387799425,1.0,0.9775022497750225,0.9935006499350065,0.022497750224977464,133,False,10000,0.15024813895781639,0.3127743098635236,6
Schizophrenia,schizophrenia,broad,156,ACC sup R,-0.1669824592220468,0.9894833301479979,0.5834416558344165,0.9853572019847195,0.41655834416558346,80,False,10000,0.7489182692307692,0.1104567307692308,2
Schizophrenia,schizophrenia,broad,157,N Acc L,-1.0102032156070082,1.0,0.7632236776322368,0.9853572019847195,0.23677632236776325,102,False,10000,0.5230769230769231,0.3225806451612903,5
Schizophrenia,schizophrenia,broad,158,N Acc R,1.4431963853641785,0.28779979144942647,0.24837516248375163,0.8699263406992633,0.7516248375162484,34,False,10000,0.88671875,0.11328125,2
Schizophrenia,schizophrenia,broad,161,SN pc L,-2.791528522764609,1.0,0.7756224377562244,0.9853572019847195,0.22437756224377559,105,False,10000,0.10206653225806452,0.06980846774193547,2
Schizophrenia,schizophrenia,broad,163,SN pr L,-3.541818010148614,1.0,0.993000699930007,0.9935006499350065,0.006999300069993053,137,False,10000,0.16129032258064516,0.4568238213399504,5
Schizophrenia,schizophrenia,broad,164,SN pr R,-1.542259702605429,1.0,0.9918008199180082,0.9935006499350065,0.00819918008199183,135,False,10000,0.2765625,0.1765625,2
Schizophrenia,schizophrenia,broad,165,Red N L,-3.5457239275512116,1.0,0.795920407959204,0.9853572019847195,0.20407959204079595,110,False,10000,0.20498798076923078,0.1482872596153846,4
Schizophrenia,schizophrenia,broad,166,Red N R,-2.641256564347841,1.0,0.9423057694230577,0.9935006499350065,0.05769423057694234,129,False,10000,0.30709134615384615,0.11478365384615383,2
Schizophrenia,schizophrenia,broad,167,LC L,-2.3884918896755973,1.0,0.9922007799220078,0.9935006499350065,0.007799220077992164,136,False,10000,0.13523573200992556,0.1681180210918114,4
Schizophrenia,schizophrenia,broad,168,LC R,-0.5923620155056207,1.0,0.7308269173082692,0.9853572019847195,0.2691730826917308,98,False,10000,0.09627403846153847,0.08064903846153845,2
Schizophrenia,schizophrenia,broad,169,Raphe D,-2.300012817081442,1.0,0.6571342865713429,0.9853572019847195,0.3428657134286571,88,False,10000,0.08179086538461539,0.051021634615384615,2
Schizophrenia,schizophrenia,broad,170,Raphe M,-1.7103455067024762,1.0,0.9877012298770123,0.9935006499350065,0.012298770122987746,134,False,10000,0.13846153846153847,0.15751201923076924,3
Schizophrenia,schizophrenia,stringent,1,Precentral L,-0.8359611066891158,0.9997000299970003,0.7447255274472553,0.983737475309073,0.2552744725527447,103,False,10000,0.363151364764268,0.20224488213399505,6
Schizophrenia,schizophrenia,stringent,2,Precentral R,-0.2589962917521628,0.9560910575609105,0.5805419458054195,0.9159803120811514,0.4194580541945805,86,False,10000,0.35222355769230773,0.06316105769230768,2
Schizophrenia,schizophrenia,stringent,3,Frontal Sup 2 L,0.7548471127695896,0.663508117273379,0.33396660333966605,0.8960986254315745,0.666033396660334,46,False,10000,0.5161290322580645,0.30341191066997525,6
Schizophrenia,schizophrenia,stringent,4,Frontal Sup 2 R,0.6739113239141422,0.6918628137186281,0.34956504349565043,0.8960986254315745,0.6504349565043496,50,False,10000,0.5048677884615385,0.12794471153846154,2
Schizophrenia,schizophrenia,stringent,5,Frontal Mid 2 L,-0.06943110689993127,0.903641343182755,0.5441455854414559,0.904723985432782,0.45585441455854414,83,False,10000,0.5606699751861042,0.23321960297766747,6
Schizophrenia,schizophrenia,stringent,6,Frontal Mid 2 R,1.2840302005247108,0.5095633293813475,0.18148185181481852,0.8960986254315745,0.8185181481851815,23,False,10000,0.61953125,0.08046874999999987,2
Schizophrenia,schizophrenia,stringent,7,Frontal Inf Oper L,2.091948836857581,0.25464726254647263,0.0953904609539046,0.8960986254315745,0.9046095390460954,14,False,10000,0.6076923076923076,0.3739454094292804,3
Schizophrenia,schizophrenia,stringent,8,Frontal Inf Oper R,0.15399169362247295,0.8298336832983368,0.47625237476252374,0.904723985432782,0.5237476252374762,72,False,10000,0.3046875,0.1953125,2
Schizophrenia,schizophrenia,stringent,9,Frontal Inf Tri L,1.47825167396849,0.45272615595583293,0.17588241175882413,0.8960986254315745,0.8241175882411759,19,False,10000,0.7338709677419355,0.1390198511166253,6
Schizophrenia,schizophrenia,stringent,10,Frontal Inf Tri R,1.1966082482528337,0.5273660133986601,0.22497750224977503,0.8960986254315745,0.7750224977502249,30,False,10000,0.7625,0.13750000000000007,2
Schizophrenia,schizophrenia,stringent,11,Frontal Inf Orb 2 L,1.6784928252725522,0.3952898827764282,0.08689131086891311,0.8960986254315745,0.9131086891310869,11,False,10000,0.8435483870967742,0.23486352357320106,6
Schizophrenia,schizophrenia,stringent,12,Frontal Inf Orb 2 R,-2.867175997392561,0.9997000299970003,0.986001399860014,0.99481000805029,0.013998600139985995,134,False,10000,0.39669471153846153,0.3263822115384615,2
Schizophrenia,schizophrenia,stringent,13,Rolandic Oper L,2.747121217526699,0.07727227277272272,0.023797620237976203,0.6568143185681432,0.9762023797620238,5,False,10000,0.7375930521091811,0.3594913151364765,6
Schizophrenia,schizophrenia,stringent,14,Rolandic Oper R,1.1622121561719367,0.5273660133986601,0.1805819418058194,0.8960986254315745,0.8194180581941806,22,False,10000,0.8067908653846154,0.07602163461538469,2
Schizophrenia,schizophrenia,stringent,15,Supp Motor Area L,0.8297070844140525,0.663508117273379,0.29587041295870414,0.8960986254315745,0.7041295870412958,40,False,10000,0.31451612903225806,0.2705334987593052,6
Schizophrenia,schizophrenia,stringent,16,Supp Motor Area R,0.20841435884960363,0.8183942169163366,0.46385361463853614,0.9015746312692675,0.5361463853614639,71,False,10000,0.40883413461538465,0.23960336538461535,2
Schizophrenia,schizophrenia,stringent,17,Olfactory L,-1.6589110135896976,0.9997000299970003,0.8953104689531047,0.99481000805029,0.10468953104689527,120,False,10000,0.2672475961538462,0.14106408964019856,4
Schizophrenia,schizophrenia,stringent,18,Olfactory R,-1.3170166084403567,0.9997000299970003,0.8248175182481752,0.99481000805029,0.17518248175182483,110,False,10000,0.1717548076923077,0.15637019230769228,2
Schizophrenia,schizophrenia,stringent,19,Frontal Sup Medial L,0.8268727859230325,0.663508117273379,0.30656934306569344,0.8960986254315745,0.6934306569343065,44,False,10000,0.7,0.19017234026054586,6
Schizophrenia,schizophrenia,stringent,20,Frontal Sup Medial R,0.6121046476727929,0.7157395371573954,0.3598640135986401,0.8960986254315745,0.6401359864013598,54,False,10000,0.6221153846153846,0.2528846153846154,2
Schizophrenia,schizophrenia,stringent,21,Frontal Med Orb L,0.20252121853226043,0.8183942169163366,0.45315468453154684,0.8963189395346179,0.5468453154684532,69,False,10000,0.7511166253101738,0.49926139888337473,6
Schizophrenia,schizophrenia,stringent,22,Frontal Med Orb R,1.315033634970648,0.5095633293813475,0.2081791820817918,0.8960986254315745,0.7918208179182082,29,False,10000,0.8338942307692307,0.07235576923076925,2
Schizophrenia,schizophrenia,stringent,23,Rectus L,0.32202822938789993,0.796870312968703,0.43695630436956306,0.8960986254315745,0.563043695630437,66,False,10000,0.5733173076923077,0.509929435483871,6
Schizophrenia,schizophrenia,stringent,24,Rectus R,0.4467299521599265,0.7795051003374239,0.408959104089591,0.8960986254315745,0.591040895910409,58,False,10000,0.80234375,0.0023437499999998668,2
Schizophrenia,schizophrenia,stringent,25,OFCmed L,-0.08478509183597699,0.903641343182755,0.5358464153584641,0.904723985432782,0.4641535846415359,79,False,10000,0.6570719602977667,0.5043172301488834,6
Schizophrenia,schizophrenia,stringent,26,OFCmed R,0.8649795552860147,0.663508117273379,0.29147085291470853,0.8960986254315745,0.7085291470852915,39,False,10000,0.737139423076923,0.09098557692307685,2
Schizophrenia,schizophrenia,stringent,27,OFCant L,0.5516830553491654,0.7243021152430211,0.35026497350264973,0.8960986254315745,0.6497350264973503,52,False,10000,0.8094292803970223,0.494727047146402,6
Schizophrenia,schizophrenia,stringent,28,OFCant R,2.6743633552078356,0.08870541517276842,0.06209379062093791,0.8960986254315745,0.9379062093790621,8,False,10000,0.7878605769230769,0.13401442307692302,2
Schizophrenia,schizophrenia,stringent,29,OFCpost L,1.6000843715274935,0.3967103289671033,0.17998200179982002,0.8960986254315745,0.82001799820018,21,False,10000,0.6563275434243176,0.26085607940446653,6
Schizophrenia,schizophrenia,stringent,30,OFCpost R,0.4895685781004492,0.7608607560296602,0.38416158384161586,0.8960986254315745,0.6158384161583841,57,False,10000,0.6885216346153846,0.18070913461538463,2
Schizophrenia,schizophrenia,stringent,31,OFClat L,-0.537280154161858,0.9997000299970003,0.6517348265173483,0.96709038773542,0.34826517348265174,93,False,10000,0.5384615384615385,0.7444789081885856,4
Schizophrenia,schizophrenia,stringent,32,OFClat R,-0.31186055825482345,0.9560910575609105,0.5869413058694131,0.9159803120811514,0.41305869413058693,87,False,10000,0.6089543269230769,0.05510817307692295,2
Schizophrenia,schizophrenia,stringent,33,Insula L,1.1343046368859242,0.5465089854650899,0.24167583241675833,0.8960986254315745,0.7583241675832417,32,False,10000,0.7728287841191067,0.13845766129032266,6
Schizophrenia,schizophrenia,stringent,34,Insula R,-0.7909472150889838,0.9997000299970003,0.7172282771722828,0.983737475309073,0.28277172282771723,98,False,10000,0.5081129807692308,0.046574519230769273,2
Schizophrenia,schizophrenia,stringent,37,Cingulate Mid L,1.7207613899663077,0.3742875712428757,0.13658634136586342,0.8960986254315745,0.8634136586341365,16,False,10000,0.45769230769230773,0.2643920595533499,6
Schizophrenia,schizophrenia,stringent,38,Cingulate Mid R,0.6834763501233198,0.6918628137186281,0.34976502349765026,0.8960986254315745,0.6502349765023497,51,False,10000,0.34825721153846156,0.07481971153846151,2
Schizophrenia,schizophrenia,stringent,39,Cingulate Post L,1.3863714839698404,0.5051494850514948,0.25847415258474155,0.8960986254315745,0.7415258474152584,34,False,10000,0.5967741935483871,0.43870192307692313,5
Schizophrenia,schizophrenia,stringent,41,Hippocampus L,4.074848543441028,0.013798620137986202,0.0206979302069793,0.6568143185681432,0.9793020697930207,4,False,10000,0.8270471464019851,0.11564729373449134,6
Schizophrenia,schizophrenia,stringent,42,Hippocampus R,3.3913421951238245,0.013798620137986202,0.014998500149985002,0.6568143185681432,0.985001499850015,3,False,10000,0.6286057692307692,0.09014423076923073,2
Schizophrenia,schizophrenia,stringent,43,ParaHippocampal L,-1.6258793374878058,0.9997000299970003,0.8719128087191281,0.99481000805029,0.12808719128087187,114,False,10000,0.16784274193548387,0.2650240384615385,6
Schizophrenia,schizophrenia,stringent,44,ParaHippocampal R,-1.7984492075900553,0.9997000299970003,0.9094090590940906,0.99481000805029,0.09059094090590936,125,False,10000,0.41532451923076924,0.07686298076923082,2
Schizophrenia,schizophrenia,stringent,45,Amygdala L,2.5390847987486564,0.10521447855214479,0.0678932106789321,0.8960986254315745,0.9321067893210679,9,False,10000,0.9076923076923077,0.09891826923076918,5
Schizophrenia,schizophrenia,stringent,46,Amygdala R,3.714926227659365,0.013798620137986202,0.0064993500649935,0.6568143185681432,0.9935006499350065,1,False,10000,0.5652043269230769,0.411358173076923,2
Schizophrenia,schizophrenia,stringent,47,Calcarine L,1.0702469820183818,0.569396001576313,0.24867513248675133,0.8960986254315745,0.7513248675132487,33,False,10000,0.5584367245657569,0.1688585607940447,6
Schizophrenia,schizophrenia,stringent,48,Calcarine R,0.872279294099058,0.663508117273379,0.3347665233476652,0.8960986254315745,0.6652334766523348,47,False,10000,0.3028846153846154,0.07211538461538464,2
Schizophrenia,schizophrenia,stringent,49,Cuneus L,1.3410792933130347,0.5095633293813475,0.2034796520347965,0.8960986254315745,0.7965203479652034,28,False,10000,0.2923076923076923,0.6181141439205956,5
Schizophrenia,schizophrenia,stringent,51,Lingual L,1.166555828105355,0.5273660133986601,0.23417658234176583,0.8960986254315745,0.7658234176582341,31,False,10000,0.5105846774193548,0.40742478287841194,6
Schizophrenia,schizophrenia,stringent,52,Lingual R,-0.23942055732279108,0.9560910575609105,0.5746425357464253,0.9159803120811514,0.4253574642535747,85,False,10000,0.4424879807692308,0.08094951923076926,2
Schizophrenia,schizophrenia,stringent,53,Occipital Sup L,1.272336047533637,0.5095633293813475,0.18248175182481752,0.8960986254315745,0.8175182481751825,24,False,10000,0.8724565756823821,0.3065795595533498,4
Schizophrenia,schizophrenia,stringent,55,Occipital Mid L,0.2704852915442911,0.796870312968703,0.44155584441555845,0.8960986254315745,0.5584441555844415,68,False,10000,0.522429435483871,0.4689070254342432,6
Schizophrenia,schizophrenia,stringent,56,Occipital Mid R,1.7151485874605221,0.3742875712428757,0.1431856814318568,0.8960986254315745,0.8568143185681432,17,False,10000,0.6591346153846154,0.028365384615384626,2
Schizophrenia,schizophrenia,stringent,57,Occipital Inf L,0.8758900935156525,0.663508117273379,0.2900709929007099,0.8960986254315745,0.7099290070992901,37,False,10000,0.6692307692307693,0.19615384615384623,6
Schizophrenia,schizophrenia,stringent,58,Occipital Inf R,0.6927602254912772,0.6918628137186281,0.3047695230476952,0.8960986254315745,0.6952304769523048,43,False,10000,0.5956730769230769,0.15817307692307692,2
Schizophrenia,schizophrenia,stringent,59,Fusiform L,1.2743102133139634,0.5095633293813475,0.19818018198180182,0.8960986254315745,0.8018198180181981,27,False,10000,0.38470262096774194,0.27225205490074444,6
Schizophrenia,schizophrenia,stringent,60,Fusiform R,-0.8838890434312258,0.9997000299970003,0.7503249675032497,0.983737475309073,0.24967503249675027,104,False,10000,0.35144230769230766,0.16394230769230766,2
Schizophrenia,schizophrenia,stringent,61,Postcentral L,-0.1459343312989676,0.9256574342565743,0.5422457754224578,0.904723985432782,0.4577542245775422,82,False,10000,0.47580645161290325,0.20126783498759304,6
Schizophrenia,schizophrenia,stringent,62,Postcentral R,0.29698639993738557,0.796870312968703,0.43175682431756823,0.8960986254315745,0.5682431756824318,64,False,10000,0.3790865384615385,0.09783653846153845,2
Schizophrenia,schizophrenia,stringent,63,Parietal Sup L,0.38833746110230705,0.7924350422100648,0.42145785421457854,0.8960986254315745,0.5785421457854214,61,False,10000,0.6423076923076922,0.07506009615384612,6
Schizophrenia,schizophrenia,stringent,64,Parietal Sup R,-0.852248384810975,0.9997000299970003,0.7403259674032596,0.983737475309073,0.2596740325967404,101,False,10000,0.08509615384615385,0.02259615384615385,2
Schizophrenia,schizophrenia,stringent,65,Parietal Inf L,0.05380351963464696,0.8739723430254377,0.5064493550644935,0.904723985432782,0.4935506449355065,76,False,10000,0.6752403846153846,0.24915865384615388,6
Schizophrenia,schizophrenia,stringent,66,Parietal Inf R,1.5970514629711683,0.3967103289671033,0.1284871512848715,0.8960986254315745,0.8715128487151285,15,False,10000,0.5327524038461539,0.2749399038461539,2
Schizophrenia,schizophrenia,stringent,67,SupraMarginal L,1.2151326001541232,0.5273660133986601,0.1862813718628137,0.8960986254315745,0.8137186281371863,25,False,10000,0.43548387096774194,0.7255583126550869,6
Schizophrenia,schizophrenia,stringent,68,SupraMarginal R,-0.08309685766729005,0.903641343182755,0.5528447155284472,0.9082448897967346,0.44715528447155284,84,False,10000,0.3930889423076923,0.29152644230769226,2
Schizophrenia,schizophrenia,stringent,69,Angular L,1.0588755511814945,0.5807247846643907,0.2742725727427257,0.8960986254315745,0.7257274272572742,35,False,10000,0.7384615384615385,0.07837701612903225,5
Schizophrenia,schizophrenia,stringent,70,Angular R,-0.3893741520889019,0.9692030796920308,0.6272372762723728,0.9408559144085592,0.3727627237276272,92,False,10000,0.2204326923076923,0.06418269230769233,2
Schizophrenia,schizophrenia,stringent,71,Precuneus L,0.36970940147630954,0.7924350422100648,0.4303569643035696,0.8960986254315745,0.5696430356964304,63,False,10000,0.43317307692307694,0.2760313275434243,6
Schizophrenia,schizophrenia,stringent,72,Precuneus R,0.8112848744848312,0.663508117273379,0.3006699330066993,0.8960986254315745,0.6993300669933007,42,False,10000,0.31292067307692306,0.13323317307692312,2
Schizophrenia,schizophrenia,stringent,73,Paracentral Lobule L,0.04125229467469763,0.8739723430254377,0.49875012498750126,0.904723985432782,0.5012498750124987,75,False,10000,0.3490423387096774,0.385935561414392,6
Schizophrenia,schizophrenia,stringent,74,Paracentral Lobule R,0.8069443237358089,0.663508117273379,0.2903709629037096,0.8960986254315745,0.7096290370962903,38,False,10000,0.6688701923076923,0.2842548076923076,2
Schizophrenia,schizophrenia,stringent,75,Caudate L,0.6343621644850971,0.7115759012334061,0.3594640535946405,0.8960986254315745,0.6405359464053595,53,False,10000,0.8615384615384616,0.1319478908188586,6
Schizophrenia,schizophrenia,stringent,76,Caudate R,0.7881586341542036,0.663508117273379,0.32936706329367066,0.8960986254315745,0.6706329367063293,45,False,10000,0.8287860576923076,0.08659855769230773,2
Schizophrenia,schizophrenia,stringent,77,Putamen L,2.239072928774526,0.20697930206979304,0.05629437056294371,0.8960986254315745,0.9437056294370563,7,False,10000,0.7769230769230769,0.2663161057692307,6
Schizophrenia,schizophrenia,stringent,78,Putamen R,3.364346004205913,0.013798620137986202,0.010298970102989701,0.6568143185681432,0.9897010298970103,2,False,10000,0.9268629807692308,0.0653245192307692,2
Schizophrenia,schizophrenia,stringent,79,Pallidum L,-1.2923879279797115,0.9997000299970003,0.8579142085791421,0.99481000805029,0.14208579142085787,113,False,10000,0.504590570719603,0.20124069478908185,6
Schizophrenia,schizophrenia,stringent,80,Pallidum R,-1.9990476995522202,0.9997000299970003,0.8783121687831217,0.99481000805029,0.12168783121687832,115,False,10000,0.5515024038461538,0.1438100961538461,2
Schizophrenia,schizophrenia,stringent,83,Heschl L,2.0741244102351346,0.25464726254647263,0.0907909209079092,0.8960986254315745,0.9092090790920908,12,False,10000,0.6451612903225806,0.506804435483871,5
Schizophrenia,schizophrenia,stringent,84,Heschl R,0.763390379428741,0.663508117273379,0.2967703229677032,0.8960986254315745,0.7032296770322968,41,False,10000,0.5376201923076923,0.35300480769230774,2
Schizophrenia,schizophrenia,stringent,85,Temporal Sup L,2.592106441481058,0.08870541517276842,0.0387961203879612,0.8923107689231077,0.9612038796120388,6,False,10000,0.5306451612903226,0.3426178660049628,6
Schizophrenia,schizophrenia,stringent,86,Temporal Sup R,1.9830211511411455,0.26217378262173785,0.0746925307469253,0.8960986254315745,0.9253074692530747,10,False,10000,0.4390625,0.13906249999999998,2
Schizophrenia,schizophrenia,stringent,87,Temporal Pole Sup L,-0.29214525193186075,0.9560910575609105,0.5907409259074092,0.9159803120811514,0.40925907409259077,89,False,10000,0.4076923076923077,0.4039799162531017,6
Schizophrenia,schizophrenia,stringent,88,Temporal Pole Sup R,-2.1072655917582956,0.9997000299970003,0.9062093790620938,0.99481000805029,0.09379062093790624,124,False,10000,0.42896634615384616,0.3366586538461539,2
Schizophrenia,schizophrenia,stringent,89,Temporal Mid L,1.887918664974326,0.307815372308923,0.0938906109389061,0.8960986254315745,0.9061093890610938,13,False,10000,0.574937965260546,0.1867623681761787,6
Schizophrenia,schizophrenia,stringent,90,Temporal Mid R,-0.31595972597554034,0.9560910575609105,0.611038896110389,0.9266304138816888,0.388961103889611,91,False,10000,0.5298677884615385,0.14705528846153842,2
Schizophrenia,schizophrenia,stringent,91,Temporal Pole Mid L,-2.234321100463953,0.9997000299970003,0.8844115588441156,0.99481000805029,0.1155884411558844,117,False,10000,0.2704714640198511,0.34323821339950367,4
Schizophrenia,schizophrenia,stringent,93,Temporal Inf L,0.34473010156331496,0.7924350422100648,0.43495650434956507,0.8960986254315745,0.5650434956504349,65,False,10000,0.6269230769230769,0.34450507909429284,6
Schizophrenia,schizophrenia,stringent,94,Temporal Inf R,0.9883743648220853,0.6132720061327201,0.28847115288471153,0.8960986254315745,0.7115288471152885,36,False,10000,0.5034254807692308,0.058112980769230826,2
Schizophrenia,schizophrenia,stringent,95,Cerebellum Crus1 L,0.4886233592093154,0.7608607560296602,0.37546245375462456,0.8960986254315745,0.6245375462453755,56,False,10000,0.4260817307692308,0.2959541718362282,6
Schizophrenia,schizophrenia,stringent,96,Cerebellum Crus1 R,-0.280214077835736,0.9560910575609105,0.5887411258874112,0.9159803120811514,0.41125887411258877,88,False,10000,0.7505408653846154,0.18022836538461529,2
Schizophrenia,schizophrenia,stringent,97,Cerebellum Crus2 L,-1.2323240481704105,0.9997000299970003,0.777922207779222,0.994011709940117,0.22207779222077795,108,False,10000,0.27692307692307694,0.08632133995037222,6
Schizophrenia,schizophrenia,stringent,98,Cerebellum Crus2 R,-0.933374161643091,0.9997000299970003,0.7667233276672333,0.988858123533441,0.23327667233276672,107,False,10000,0.6371995192307692,0.3012620192307692,2
Schizophrenia,schizophrenia,stringent,101,Cerebellum 4 5 L,0.31603717087324035,0.796870312968703,0.4243575642435756,0.8960986254315745,0.5756424357564244,62,False,10000,0.6461538461538462,0.4922456575682381,6
Schizophrenia,schizophrenia,stringent,102,Cerebellum 4 5 R,0.08336422060069648,0.8739723430254377,0.49025097490250974,0.904723985432782,0.5097490250974903,73,False,10000,0.7516225961538461,0.04068509615384619,2
Schizophrenia,schizophrenia,stringent,103,Cerebellum 6 L,0.5902507067254799,0.7157395371573954,0.36476352364763526,0.8960986254315745,0.6352364763523648,55,False,10000,0.7013647642679901,0.4085792106079404,6
Schizophrenia,schizophrenia,stringent,104,Cerebellum 6 R,0.24366098326378377,0.811918808119188,0.45465453454654536,0.8963189395346179,0.5453454654534546,70,False,10000,0.5061298076923078,0.29074519230769236,2
Schizophrenia,schizophrenia,stringent,105,Cerebellum 7b L,-2.142674282824905,0.9997000299970003,0.9379062093790621,0.99481000805029,0.062093790620937894,129,False,10000,0.2645161290322581,0.372394540942928,6
Schizophrenia,schizophrenia,stringent,106,Cerebellum 7b R,-1.5124336939140943,0.9997000299970003,0.8842115788421158,0.99481000805029,0.11578842115788424,116,False,10000,0.4618389423076923,0.4227764423076923,2
Schizophrenia,schizophrenia,stringent,107,Cerebellum 8 L,-0.9142720071225484,0.9997000299970003,0.7552244775522448,0.983737475309073,0.24477552244775524,105,False,10000,0.2901985111662531,0.3019792959057072,6
Schizophrenia,schizophrenia,stringent,108,Cerebellum 8 R,-2.7098360703880373,0.9997000299970003,0.9715028497150285,0.99481000805029,0.028497150284971462,133,False,10000,0.37818509615384616,0.2141225961538461,2
Schizophrenia,schizophrenia,stringent,109,Cerebellum 9 L,-0.63791090735884,0.9997000299970003,0.672032796720328,0.9680594440555945,0.327967203279672,95,False,10000,0.203125,0.11042183622828783,5
Schizophrenia,schizophrenia,stringent,110,Cerebellum 9 R,0.2798655583642949,0.796870312968703,0.4380561943805619,0.8960986254315745,0.5619438056194381,67,False,10000,0.2583533653846154,0.1724158653846154,2
Schizophrenia,schizophrenia,stringent,111,Cerebellum 10 L,-0.3830233015314678,0.9692030796920308,0.6083391660833917,0.9266304138816888,0.39166083391660833,90,False,10000,0.35384615384615387,0.36290322580645157,3
Schizophrenia,schizophrenia,stringent,118,Vermis 8,-0.030104721896573008,0.903641343182755,0.5207479252074793,0.904723985432782,0.47925207479252074,78,False,10000,0.40625,0.2615384615384615,3
Schizophrenia,schizophrenia,stringent,119,Vermis 9,0.3780105861178212,0.7924350422100648,0.41215878412158785,0.8960986254315745,0.5878412158784121,60,False,10000,0.14320913461538462,0.23710937499999998,4
Schizophrenia,schizophrenia,stringent,121,Thal AV L,0.4163870121751791,0.7795051003374239,0.4092590740925907,0.8960986254315745,0.5907409259074092,59,False,10000,0.6076923076923078,0.3878411910669975,4
Schizophrenia,schizophrenia,stringent,122,Thal AV R,-0.7295826019937598,0.9997000299970003,0.7212278772122788,0.983737475309073,0.27877212278772123,99,False,10000,0.4371995192307692,0.3987379807692307,2
Schizophrenia,schizophrenia,stringent,125,Thal VA L,-2.776420603936076,0.9997000299970003,0.9568043195680432,0.99481000805029,0.04319568043195676,131,False,10000,0.5,0.3076923076923077,5
Schizophrenia,schizophrenia,stringent,127,Thal VL L,-1.7455420354747755,0.9997000299970003,0.8292170782921707,0.99481000805029,0.17078292170782927,111,False,10000,0.41129032258064513,0.10787841191066999,6
Schizophrenia,schizophrenia,stringent,128,Thal VL R,-2.5426154022577405,0.9997000299970003,0.9301069893010699,0.99481000805029,0.06989301069893006,127,False,10000,0.19723557692307692,0.056610576923076916,2
Schizophrenia,schizophrenia,stringent,129,Thal VPL L,-2.2412849066807383,0.9997000299970003,0.8946105389461054,0.99481000805029,0.10538946105389457,119,False,10000,0.19615384615384618,0.24274193548387096,6
Schizophrenia,schizophrenia,stringent,130,Thal VPL R,-2.358454976701889,0.9997000299970003,0.9342065793420657,0.99481000805029,0.06579342065793425,128,False,10000,0.3412860576923077,0.025901442307692313,2
Schizophrenia,schizophrenia,stringent,131,Thal IL L,0.07807498534068885,0.8739723430254377,0.49535046495350465,0.904723985432782,0.5046495350464953,74,False,10000,0.7578125,0.3354838709677419,5
Schizophrenia,schizophrenia,stringent,135,Thal MDm L,1.426296585314152,0.501140795011408,0.19488051194880512,0.8960986254315745,0.8051194880511949,26,False,10000,0.0967741935483871,0.23443509615384617,3
Schizophrenia,schizophrenia,stringent,136,Thal MDm R,-2.537862789089906,0.9997000299970003,0.9491050894910509,0.99481000805029,0.05089491050894912,130,False,10000,0.14405048076923077,0.08251201923076923,2
Schizophrenia,schizophrenia,stringent,137,Thal MDl L,0.7668510177112015,0.663508117273379,0.3357664233576642,0.8960986254315745,0.6642335766423357,48,False,10000,0.13076923076923078,0.15434243176178658,3
Schizophrenia,schizophrenia,stringent,139,Thal LGN L,-0.9032511120161282,0.9997000299970003,0.7315268473152685,0.983737475309073,0.2684731526847315,100,False,10000,0.5384615384615384,0.4501008064516129,5
Schizophrenia,schizophrenia,stringent,140,Thal LGN R,-1.791861081563376,0.9997000299970003,0.8473152684731526,0.99481000805029,0.15268473152684736,112,False,10000,0.4774038461538461,0.08509615384615382,2
Schizophrenia,schizophrenia,stringent,141,Thal MGN L,0.04056173457627099,0.8739723430254377,0.5124487551244875,0.904723985432782,0.4875512448755125,77,False,10000,0.41923076923076924,0.11153846153846148,2
Schizophrenia,schizophrenia,stringent,143,Thal PuI L,-0.8061146573286155,0.9997000299970003,0.7444255574442555,0.983737475309073,0.25557444255574446,102,False,10000,0.6038461538461538,0.37307692307692303,2
Schizophrenia,schizophrenia,stringent,144,Thal PuI R,-2.3157260263998394,0.9997000299970003,0.9709029097090291,0.99481000805029,0.02909709029097085,132,False,10000,0.544110576923077,0.30973557692307685,2
Schizophrenia,schizophrenia,stringent,145,Thal PuM L,-1.4466057608481202,0.9997000299970003,0.8028197180281972,0.99481000805029,0.19718028197180282,109,False,10000,0.4140625,0.046153846153846156,5
Schizophrenia,schizophrenia,stringent,146,Thal PuM R,-0.12033239719885089,0.9040589916911924,0.5376462353764624,0.904723985432782,0.4623537646235376,81,False,10000,0.21322115384615387,0.005528846153846162,2
Schizophrenia,schizophrenia,stringent,147,Thal PuA L,-2.087847482354495,0.9997000299970003,0.9058094190580942,0.99481000805029,0.0941905809419058,123,False,10000,0.5483870967741935,0.11538461538461542,3
Schizophrenia,schizophrenia,stringent,148,Thal PuA R,-1.9796977418904904,0.9997000299970003,0.8866113388661134,0.99481000805029,0.11338866113388657,118,False,10000,0.3275841346153846,0.2583533653846154,2
Schizophrenia,schizophrenia,stringent,153,ACC pre L,0.5928225865522042,0.7157395371573954,0.3438656134386561,0.8960986254315745,0.6561343865613438,49,False,10000,0.4307692307692308,0.3436239919354839,3
Schizophrenia,schizophrenia,stringent,154,ACC pre R,1.7265183131185988,0.3742875712428757,0.148985101489851,0.8960986254315745,0.851014898510149,18,False,10000,0.8496995192307693,0.11123798076923075,2
Schizophrenia,schizophrenia,stringent,155,ACC sup L,-1.7810860024231765,0.9997000299970003,0.8994100589941005,0.99481000805029,0.10058994100589946,122,False,10000,0.15024813895781639,0.3127743098635236,6
Schizophrenia,schizophrenia,stringent,156,ACC sup R,-0.4573736595744554,0.9971704957163858,0.6615338466153384,0.9680594440555945,0.33846615338466157,94,False,10000,0.7489182692307692,0.1104567307692308,2
Schizophrenia,schizophrenia,stringent,157,N Acc L,-0.068543676956138,0.903641343182755,0.5368463153684632,0.904723985432782,0.46315368463153683,80,False,10000,0.5230769230769231,0.3225806451612903,5
Schizophrenia,schizophrenia,stringent,158,N Acc R,1.5913265845921363,0.3967103289671033,0.17798220177982202,0.8960986254315745,0.822017798220178,20,False,10000,0.88671875,0.11328125,2
Schizophrenia,schizophrenia,stringent,161,SN pc L,-1.5166049068884946,0.9997000299970003,0.7110288971102889,0.983737475309073,0.28897110288971106,97,False,10000,0.10206653225806452,0.06980846774193547,2
Schizophrenia,schizophrenia,stringent,163,SN pr L,-3.7415846742676115,0.9997000299970003,0.9997000299970003,0.9997000299970003,0.00029997000299974985,138,False,10000,0.16129032258064516,0.4568238213399504,5
Schizophrenia,schizophrenia,stringent,164,SN pr R,-0.6920398606676722,0.9997000299970003,0.8963103689631037,0.99481000805029,0.10368963103689632,121,False,10000,0.2765625,0.1765625,2
Schizophrenia,schizophrenia,stringent,165,Red N L,-3.316085208490592,0.9997000299970003,0.929007099290071,0.99481000805029,0.07099290070992903,126,False,10000,0.20498798076923078,0.1482872596153846,4
Schizophrenia,schizophrenia,stringent,166,Red N R,-2.690401931150993,0.9997000299970003,0.9876012398760124,0.99481000805029,0.012398760123987551,137,False,10000,0.30709134615384615,0.11478365384615383,2
Schizophrenia,schizophrenia,stringent,167,LC L,-1.4662972475225702,0.9997000299970003,0.9868013198680132,0.99481000805029,0.013198680131986773,135,False,10000,0.13523573200992556,0.1681180210918114,4
Schizophrenia,schizophrenia,stringent,168,LC R,-0.4415099744698994,0.9908299492631382,0.7556244375562444,0.983737475309073,0.24437556244375558,106,False,10000,0.09627403846153847,0.08064903846153845,2
Schizophrenia,schizophrenia,stringent,169,Raphe D,-1.358991371521198,0.9997000299970003,0.6734326567343266,0.9680594440555945,0.3265673432656734,96,False,10000,0.08179086538461539,0.051021634615384615,2
Schizophrenia,schizophrenia,stringent,170,Raphe M,-1.3192665590230808,0.9997000299970003,0.9868013198680132,0.99481000805029,0.013198680131986773,135,False,10000,0.13846153846153847,0.15751201923076924,3
Schizophrenia,schizophrenia,weighted,1,Precentral L,-1.254418152723826,1.0,0.791020897910209,0.9944274229293488,0.20897910208979098,107,False,10000,0.363151364764268,0.20224488213399505,6
Schizophrenia,schizophrenia,weighted,2,Precentral R,-0.8603311881264022,1.0,0.712028797120288,0.9825997400259975,0.287971202879712,100,False,10000,0.35222355769230773,0.06316105769230768,2
Schizophrenia,schizophrenia,weighted,3,Frontal Sup 2 L,0.5848200334469815,0.6200476726520897,0.3842615738426157,0.8428109569995382,0.6157384261573843,62,False,10000,0.5161290322580645,0.30341191066997525,6
Schizophrenia,schizophrenia,weighted,4,Frontal Sup 2 R,0.7336267338967889,0.5556868042009357,0.34736526347365265,0.8409895852520012,0.6526347365263474,57,False,10000,0.5048677884615385,0.12794471153846154,2
Schizophrenia,schizophrenia,weighted,5,Frontal Mid 2 L,0.29165275615735464,0.7677232276772322,0.44165583441655837,0.8963015463159566,0.5583441655834416,68,False,10000,0.5606699751861042,0.23321960297766747,6
Schizophrenia,schizophrenia,weighted,6,Frontal Mid 2 R,1.7169538637025543,0.27057294270572946,0.12888711128887112,0.8409895852520012,0.8711128887111289,18,False,10000,0.61953125,0.08046874999999987,2
Schizophrenia,schizophrenia,weighted,7,Frontal Inf Oper L,2.636753793056113,0.0620937906209379,0.0801919808019198,0.8409895852520012,0.9198080191980802,11,False,10000,0.6076923076923076,0.3739454094292804,3
Schizophrenia,schizophrenia,weighted,8,Frontal Inf Oper R,-0.07270075008014888,0.9445782694457827,0.5354464553544646,0.9657265042726496,0.46455354464553544,76,False,10000,0.3046875,0.1953125,2
Schizophrenia,schizophrenia,weighted,9,Frontal Inf Tri L,1.922761064305844,0.20480057257432152,0.14228577142285773,0.8409895852520012,0.8577142285771423,20,False,10000,0.7338709677419355,0.1390198511166253,6
Schizophrenia,schizophrenia,weighted,10,Frontal Inf Tri R,2.487811107586633,0.0740107807401078,0.0714928507149285,0.8409895852520012,0.9285071492850715,10,False,10000,0.7625,0.13750000000000007,2
Schizophrenia,schizophrenia,weighted,11,Frontal Inf Orb 2 L,1.9430157149916525,0.20480057257432152,0.10698930106989302,0.8409895852520012,0.893010698930107,13,False,10000,0.8435483870967742,0.23486352357320106,6
Schizophrenia,schizophrenia,weighted,12,Frontal Inf Orb 2 R,-3.5195376919953385,1.0,0.9899010098990101,0.9979002099790021,0.010098990100989913,135,False,10000,0.39669471153846153,0.3263822115384615,2
Schizophrenia,schizophrenia,weighted,13,Rolandic Oper L,2.6797737256681997,0.052128120521281206,0.0644935506449355,0.8409895852520012,0.9355064493550644,8,False,10000,0.7375930521091811,0.3594913151364765,6
Schizophrenia,schizophrenia,weighted,14,Rolandic Oper R,-0.03385676962920975,0.9357643183050116,0.5393460653934606,0.9657265042726496,0.46065393460653936,77,False,10000,0.8067908653846154,0.07602163461538469,2
Schizophrenia,schizophrenia,weighted,15,Supp Motor Area L,0.2585754541521451,0.7804105303755339,0.4647535246475352,0.9073065296210104,0.5352464753524648,70,False,10000,0.31451612903225806,0.2705334987593052,6
Schizophrenia,schizophrenia,weighted,16,Supp Motor Area R,-0.4163031293240832,1.0,0.6056394360563944,0.9706423297064233,0.39436056394360564,82,False,10000,0.40883413461538465,0.23960336538461535,2
Schizophrenia,schizophrenia,weighted,17,Olfactory L,-1.900382886962313,1.0,0.8788121187881212,0.9944274229293488,0.12118788121187885,118,False,10000,0.2672475961538462,0.14106408964019856,4
Schizophrenia,schizophrenia,weighted,18,Olfactory R,-1.7890069620338145,1.0,0.8633136686331366,0.9944274229293488,0.13668633136686337,114,False,10000,0.1717548076923077,0.15637019230769228,2
Schizophrenia,schizophrenia,weighted,19,Frontal Sup Medial L,0.8149938192709435,0.5439561307027192,0.33666633336666335,0.8409895852520012,0.6633336666333367,53,False,10000,0.7,0.19017234026054586,6
Schizophrenia,schizophrenia,weighted,20,Frontal Sup Medial R,0.5347634743758719,0.6437165807228802,0.38296170382961703,0.8428109569995382,0.617038296170383,61,False,10000,0.6221153846153846,0.2528846153846154,2
Schizophrenia,schizophrenia,weighted,21,Frontal Med Orb L,0.7964453952083272,0.5439561307027192,0.32566743325667435,0.8409895852520012,0.6743325667433256,51,False,10000,0.7511166253101738,0.49926139888337473,6
Schizophrenia,schizophrenia,weighted,22,Frontal Med Orb R,1.4919698437544255,0.3127687231276872,0.20317968203179682,0.8409895852520012,0.7968203179682032,26,False,10000,0.8338942307692307,0.07235576923076925,2
Schizophrenia,schizophrenia,weighted,23,Rectus L,0.20869910045713289,0.8058777455587774,0.47185281471852814,0.9073065296210104,0.5281471852814719,71,False,10000,0.5733173076923077,0.509929435483871,6
Schizophrenia,schizophrenia,weighted,24,Rectus R,0.9309376278692677,0.5099857361202654,0.31566843315668436,0.8409895852520012,0.6843315668433156,49,False,10000,0.80234375,0.0023437499999998668,2
Schizophrenia,schizophrenia,weighted,25,OFCmed L,0.6586774993826591,0.575244114932769,0.38476152384761525,0.8428109569995382,0.6152384761523848,63,False,10000,0.6570719602977667,0.5043172301488834,6
Schizophrenia,schizophrenia,weighted,26,OFCmed R,1.0301338930197972,0.48233843282338434,0.29217078292170784,0.8409895852520012,0.7078292170782922,45,False,10000,0.737139423076923,0.09098557692307685,2
Schizophrenia,schizophrenia,weighted,27,OFCant L,0.9870638578152378,0.4868513148685132,0.28547145285471454,0.8409895852520012,0.7145285471452855,42,False,10000,0.8094292803970223,0.494727047146402,6
Schizophrenia,schizophrenia,weighted,28,OFCant R,3.339765925788958,0.0206979302069793,0.04989501049895011,0.8409895852520012,0.9501049895010499,6,False,10000,0.7878605769230769,0.13401442307692302,2
Schizophrenia,schizophrenia,weighted,29,OFCpost L,1.5790660143038915,0.2951919093804905,0.22627737226277372,0.8409895852520012,0.7737226277372262,35,False,10000,0.6563275434243176,0.26085607940446653,6
Schizophrenia,schizophrenia,weighted,30,OFCpost R,0.29704806634192404,0.7677232276772322,0.45265473452654736,0.9053094690530947,0.5473452654734526,69,False,10000,0.6885216346153846,0.18070913461538463,2
Schizophrenia,schizophrenia,weighted,31,OFClat L,-0.6394037060318756,1.0,0.6655334466553344,0.9706423297064233,0.3344665533446656,91,False,10000,0.5384615384615385,0.7444789081885856,4
Schizophrenia,schizophrenia,weighted,32,OFClat R,-0.12173970603492254,0.9689108012275697,0.5458454154584541,0.9657265042726496,0.4541545845415459,78,False,10000,0.6089543269230769,0.05510817307692295,2
Schizophrenia,schizophrenia,weighted,33,Insula L,1.3462421563391305,0.34189914341899147,0.2420757924207579,0.8409895852520012,0.7579242075792421,37,False,10000,0.7728287841191067,0.13845766129032266,6
Schizophrenia,schizophrenia,weighted,34,Insula R,-0.6833635499218221,1.0,0.6892310768923108,0.9706423297064233,0.3107689231076892,97,False,10000,0.5081129807692308,0.046574519230769273,2
Schizophrenia,schizophrenia,weighted,37,Cingulate Mid L,1.5655216126562206,0.2951919093804905,0.19308069193080693,0.8409895852520012,0.8069193080691931,25,False,10000,0.45769230769230773,0.2643920595533499,6
Schizophrenia,schizophrenia,weighted,38,Cingulate Mid R,0.030952942296898742,0.8860553944605539,0.5085491450854914,0.9357304269573042,0.4914508549145086,75,False,10000,0.34825721153846156,0.07481971153846151,2
Schizophrenia,schizophrenia,weighted,39,Cingulate Post L,1.7852316998616073,0.2532046795320468,0.22157784221577842,0.8409895852520012,0.7784221577842216,33,False,10000,0.5967741935483871,0.43870192307692313,5
Schizophrenia,schizophrenia,weighted,41,Hippocampus L,4.426258202266709,0.004599540045995401,0.025797420257974202,0.8409895852520012,0.9742025797420258,3,False,10000,0.8270471464019851,0.11564729373449134,6
Schizophrenia,schizophrenia,weighted,42,Hippocampus R,3.3316044330118273,0.013798620137986202,0.0342965703429657,0.8409895852520012,0.9657034296570343,5,False,10000,0.6286057692307692,0.09014423076923073,2
Schizophrenia,schizophrenia,weighted,43,ParaHippocampal L,-2.3155676356672736,1.0,0.9089091090890911,0.9944274229293488,0.09109089091090894,125,False,10000,0.16784274193548387,0.2650240384615385,6
Schizophrenia,schizophrenia,weighted,44,ParaHippocampal R,-1.9880542419444855,1.0,0.8943105689431057,0.9944274229293488,0.10568943105689432,123,False,10000,0.41532451923076924,0.07686298076923082,2
Schizophrenia,schizophrenia,weighted,45,Amygdala L,2.8895503348217026,0.039424628965674856,0.060193980601939805,0.8409895852520012,0.9398060193980602,7,False,10000,0.9076923076923077,0.09891826923076918,5
Schizophrenia,schizophrenia,weighted,46,Amygdala R,3.9529349891888024,0.004599540045995401,0.007699230076992301,0.5312468753124687,0.9923007699230078,2,False,10000,0.5652043269230769,0.411358173076923,2
Schizophrenia,schizophrenia,weighted,47,Calcarine L,1.2481696693990096,0.36462853714628535,0.24397560243975602,0.8409895852520012,0.756024397560244,38,False,10000,0.5584367245657569,0.1688585607940447,6
Schizophrenia,schizophrenia,weighted,48,Calcarine R,1.050724460918849,0.44939596949395977,0.32766723327667235,0.8409895852520012,0.6723327667233276,52,False,10000,0.3028846153846154,0.07211538461538464,2
Schizophrenia,schizophrenia,weighted,49,Cuneus L,1.3107813876023044,0.3431498955367621,0.2566743325667433,0.8409895852520012,0.7433256674332567,40,False,10000,0.2923076923076923,0.6181141439205956,5
Schizophrenia,schizophrenia,weighted,51,Lingual L,1.4222309784763538,0.3372037796220378,0.21547845215478453,0.8409895852520012,0.7845215478452154,30,False,10000,0.5105846774193548,0.40742478287841194,6
Schizophrenia,schizophrenia,weighted,52,Lingual R,0.1871715071736694,0.8076918335563704,0.47995200479952005,0.9073065296210104,0.52004799520048,73,False,10000,0.4424879807692308,0.08094951923076926,2
Schizophrenia,schizophrenia,weighted,53,Occipital Sup L,1.4835401098063017,0.3127687231276872,0.1882811718828117,0.8409895852520012,0.8117188281171883,24,False,10000,0.8724565756823821,0.3065795595533498,4
Schizophrenia,schizophrenia,weighted,55,Occipital Mid L,0.7655455230552533,0.5439561307027192,0.3464653534646535,0.8409895852520012,0.6535346465353464,56,False,10000,0.522429435483871,0.4689070254342432,6
Schizophrenia,schizophrenia,weighted,56,Occipital Mid R,2.2664929135803034,0.11357325805880951,0.11298870112988701,0.8409895852520012,0.887011298870113,14,False,10000,0.6591346153846154,0.028365384615384626,2
Schizophrenia,schizophrenia,weighted,57,Occipital Inf L,0.8556764422417323,0.5324644006187617,0.3231676832316768,0.8409895852520012,0.6768323167683232,50,False,10000,0.6692307692307693,0.19615384615384623,6
Schizophrenia,schizophrenia,weighted,58,Occipital Inf R,1.4795639875178486,0.32048408062419564,0.17868213178682132,0.8409895852520012,0.8213178682131786,23,False,10000,0.5956730769230769,0.15817307692307692,2
Schizophrenia,schizophrenia,weighted,59,Fusiform L,0.7830719053396886,0.5439561307027192,0.3437656234376562,0.8409895852520012,0.6562343765623437,55,False,10000,0.38470262096774194,0.27225205490074444,6
Schizophrenia,schizophrenia,weighted,60,Fusiform R,-1.332460435406224,1.0,0.8025197480251974,0.9944274229293488,0.19748025197480257,109,False,10000,0.35144230769230766,0.16394230769230766,2
Schizophrenia,schizophrenia,weighted,61,Postcentral L,0.14228601689496662,0.8309006937144123,0.49205079492050796,0.9176082391760824,0.507949205079492,74,False,10000,0.47580645161290325,0.20126783498759304,6
Schizophrenia,schizophrenia,weighted,62,Postcentral R,-0.2106711629107388,1.0,0.5818418158184182,0.9706423297064233,0.4181581841815818,80,False,10000,0.3790865384615385,0.09783653846153845,2
Schizophrenia,schizophrenia,weighted,63,Parietal Sup L,1.0849103074887203,0.44939596949395977,0.30726927307269275,0.8409895852520012,0.6927307269273073,47,False,10000,0.6423076923076922,0.07506009615384612,6
Schizophrenia,schizophrenia,weighted,64,Parietal Sup R,-0.721910670377429,1.0,0.6807319268073193,0.9706423297064233,0.3192680731926807,95,False,10000,0.08509615384615385,0.02259615384615385,2
Schizophrenia,schizophrenia,weighted,65,Parietal Inf L,0.9162284760918933,0.5099857361202654,0.3094690530946905,0.8409895852520012,0.6905309469053095,48,False,10000,0.6752403846153846,0.24915865384615388,6
Schizophrenia,schizophrenia,weighted,66,Parietal Inf R,1.9061065192012858,0.20480057257432152,0.12158784121587841,0.8409895852520012,0.8784121587841216,16,False,10000,0.5327524038461539,0.2749399038461539,2
Schizophrenia,schizophrenia,weighted,67,SupraMarginal L,2.2934442997893587,0.11357325805880951,0.07079292070792921,0.8409895852520012,0.9292070792920708,9,False,10000,0.43548387096774194,0.7255583126550869,6
Schizophrenia,schizophrenia,weighted,68,SupraMarginal R,0.8679380397763512,0.5284871512848714,0.29017098290170984,0.8409895852520012,0.7098290170982902,43,False,10000,0.3930889423076923,0.29152644230769226,2
Schizophrenia,schizophrenia,weighted,69,Angular L,2.6174753791670753,0.052128120521281206,0.10018998100189981,0.8409895852520012,0.8998100189981002,12,False,10000,0.7384615384615385,0.07837701612903225,5
Schizophrenia,schizophrenia,weighted,70,Angular R,-0.4867617874088558,1.0,0.6224377562243776,0.9706423297064233,0.3775622437756224,86,False,10000,0.2204326923076923,0.06418269230769233,2
Schizophrenia,schizophrenia,weighted,71,Precuneus L,1.2521544552648392,0.3640712851791744,0.27877212278772123,0.8409895852520012,0.7212278772122788,41,False,10000,0.43317307692307694,0.2760313275434243,6
Schizophrenia,schizophrenia,weighted,72,Precuneus R,1.3843824552020638,0.3398403016841173,0.21207879212078792,0.8409895852520012,0.787921207879212,28,False,10000,0.31292067307692306,0.13323317307692312,2
Schizophrenia,schizophrenia,weighted,73,Paracentral Lobule L,-1.0200109132464457,1.0,0.7212278772122788,0.9854400698544007,0.27877212278772123,101,False,10000,0.3490423387096774,0.385935561414392,6
Schizophrenia,schizophrenia,weighted,74,Paracentral Lobule R,1.3411689780076388,0.3431498955367621,0.2121787821217878,0.8409895852520012,0.7878212178782122,29,False,10000,0.6688701923076923,0.2842548076923076,2
Schizophrenia,schizophrenia,weighted,75,Caudate L,1.585609358528029,0.2951919093804905,0.2186781321867813,0.8409895852520012,0.7813218678132187,32,False,10000,0.8615384615384616,0.1319478908188586,6
Schizophrenia,schizophrenia,weighted,76,Caudate R,1.6936387114313831,0.27057294270572946,0.21627837216278373,0.8409895852520012,0.7837216278372163,31,False,10000,0.8287860576923076,0.08659855769230773,2
Schizophrenia,schizophrenia,weighted,77,Putamen L,3.235854912975573,0.0206979302069793,0.026797320267973202,0.8409895852520012,0.9732026797320268,4,False,10000,0.7769230769230769,0.2663161057692307,6
Schizophrenia,schizophrenia,weighted,78,Putamen R,4.4768199657387235,0.004599540045995401,0.0066993300669933005,0.5312468753124687,0.9933006699330067,1,False,10000,0.9268629807692308,0.0653245192307692,2
Schizophrenia,schizophrenia,weighted,79,Pallidum L,-0.6000572654206324,1.0,0.6752324767523248,0.9706423297064233,0.3247675232476752,93,False,10000,0.504590570719603,0.20124069478908185,6
Schizophrenia,schizophrenia,weighted,80,Pallidum R,-1.762373110013822,1.0,0.8017198280171983,0.9944274229293488,0.19828017198280168,108,False,10000,0.5515024038461538,0.1438100961538461,2
Schizophrenia,schizophrenia,weighted,83,Heschl L,1.3577747113682146,0.3398403016841173,0.23227677232276772,0.8409895852520012,0.7677232276772323,36,False,10000,0.6451612903225806,0.506804435483871,5
Schizophrenia,schizophrenia,weighted,84,Heschl R,0.9017843830604471,0.5099857361202654,0.2997700229977002,0.8409895852520012,0.7002299770022997,46,False,10000,0.5376201923076923,0.35300480769230774,2
Schizophrenia,schizophrenia,weighted,85,Temporal Sup L,2.0255029462679284,0.19686031396860315,0.12668733126687332,0.8409895852520012,0.8733126687331267,17,False,10000,0.5306451612903226,0.3426178660049628,6
Schizophrenia,schizophrenia,weighted,86,Temporal Sup R,1.3771891949872426,0.3398403016841173,0.20357964203579643,0.8409895852520012,0.7964203579642035,27,False,10000,0.4390625,0.13906249999999998,2
Schizophrenia,schizophrenia,weighted,87,Temporal Pole Sup L,-0.3097308927613345,1.0,0.583941605839416,0.9706423297064233,0.416058394160584,81,False,10000,0.4076923076923077,0.4039799162531017,6
Schizophrenia,schizophrenia,weighted,88,Temporal Pole Sup R,-2.7889396748534754,1.0,0.9495050494950505,0.9944274229293488,0.050494950504949454,130,False,10000,0.42896634615384616,0.3366586538461539,2
Schizophrenia,schizophrenia,weighted,89,Temporal Mid L,1.9148406751897147,0.20480057257432152,0.11738826117388261,0.8409895852520012,0.8826117388261174,15,False,10000,0.574937965260546,0.1867623681761787,6
Schizophrenia,schizophrenia,weighted,90,Temporal Mid R,0.3225785194008098,0.7659263924353833,0.43075692430756923,0.8872306799170829,0.5692430756924307,67,False,10000,0.5298677884615385,0.14705528846153842,2
Schizophrenia,schizophrenia,weighted,91,Temporal Pole Mid L,-2.447442426024184,1.0,0.8714128587141285,0.9944274229293488,0.12858714128587145,116,False,10000,0.2704714640198511,0.34323821339950367,4
Schizophrenia,schizophrenia,weighted,93,Temporal Inf L,0.4741358683349764,0.6693392199241615,0.4263573642635736,0.8872306799170829,0.5736426357364264,66,False,10000,0.6269230769230769,0.34450507909429284,6
Schizophrenia,schizophrenia,weighted,94,Temporal Inf R,0.8217357896341936,0.5439561307027192,0.33836616338366166,0.8409895852520012,0.6616338366163383,54,False,10000,0.5034254807692308,0.058112980769230826,2
Schizophrenia,schizophrenia,weighted,95,Cerebellum Crus1 L,1.5441771162636653,0.2951919093804905,0.15978402159784022,0.8409895852520012,0.8402159784021598,21,False,10000,0.4260817307692308,0.2959541718362282,6
Schizophrenia,schizophrenia,weighted,96,Cerebellum Crus1 R,0.4117681145548806,0.7083291670832916,0.42555744425557446,0.8872306799170829,0.5744425557444255,65,False,10000,0.7505408653846154,0.18022836538461529,2
Schizophrenia,schizophrenia,weighted,97,Cerebellum Crus2 L,-0.7141716263629913,1.0,0.6611338866113389,0.9706423297064233,0.3388661133886611,90,False,10000,0.27692307692307694,0.08632133995037222,6
Schizophrenia,schizophrenia,weighted,98,Cerebellum Crus2 R,-0.3942398648607066,1.0,0.6114388561143885,0.9706423297064233,0.38856114388561147,84,False,10000,0.6371995192307692,0.3012620192307692,2
Schizophrenia,schizophrenia,weighted,101,Cerebellum 4 5 L,0.6576991113504815,0.575244114932769,0.36896310368963103,0.8428109569995382,0.631036896310369,58,False,10000,0.6461538461538462,0.4922456575682381,6
Schizophrenia,schizophrenia,weighted,102,Cerebellum 4 5 R,0.48615361047912303,0.6693392199241615,0.39646035396460355,0.8548676382361764,0.6035396460353964,64,False,10000,0.7516225961538461,0.04068509615384619,2
Schizophrenia,schizophrenia,weighted,103,Cerebellum 6 L,1.7066909212638621,0.27057294270572946,0.16528347165283472,0.8409895852520012,0.8347165283471653,22,False,10000,0.7013647642679901,0.4085792106079404,6
Schizophrenia,schizophrenia,weighted,104,Cerebellum 6 R,1.0747142827315876,0.44939596949395977,0.2910708929107089,0.8409895852520012,0.7089291070892911,44,False,10000,0.5061298076923078,0.29074519230769236,2
Schizophrenia,schizophrenia,weighted,105,Cerebellum 7b L,-1.9875821267970748,1.0,0.8937106289371063,0.9944274229293488,0.10628937106289371,122,False,10000,0.2645161290322581,0.372394540942928,6
Schizophrenia,schizophrenia,weighted,106,Cerebellum 7b R,-1.1151824950543343,1.0,0.7864213578642136,0.9944274229293488,0.21357864213578637,106,False,10000,0.4618389423076923,0.4227764423076923,2
Schizophrenia,schizophrenia,weighted,107,Cerebellum 8 L,-1.3717414922049254,1.0,0.8188181181881812,0.9944274229293488,0.18118188181181882,111,False,10000,0.2901985111662531,0.3019792959057072,6
Schizophrenia,schizophrenia,weighted,108,Cerebellum 8 R,-2.2894858563097014,1.0,0.9187081291870813,0.9944274229293488,0.08129187081291867,127,False,10000,0.37818509615384616,0.2141225961538461,2
Schizophrenia,schizophrenia,weighted,109,Cerebellum 9 L,-0.7121123654890577,1.0,0.689031096890311,0.9706423297064233,0.31096890310968905,96,False,10000,0.203125,0.11042183622828783,5
Schizophrenia,schizophrenia,weighted,110,Cerebellum 9 R,-0.6024916900933325,1.0,0.6752324767523248,0.9706423297064233,0.3247675232476752,93,False,10000,0.2583533653846154,0.1724158653846154,2
Schizophrenia,schizophrenia,weighted,111,Cerebellum 10 L,-0.7705457353107262,1.0,0.6963303669633036,0.9706423297064233,0.30366963303669636,99,False,10000,0.35384615384615387,0.36290322580645157,3
Schizophrenia,schizophrenia,weighted,118,Vermis 8,-0.7738592737094828,1.0,0.6708329167083291,0.9706423297064233,0.3291670832916709,92,False,10000,0.40625,0.2615384615384615,3
Schizophrenia,schizophrenia,weighted,119,Vermis 9,-0.3795135254593939,1.0,0.6164383561643836,0.9706423297064233,0.3835616438356164,85,False,10000,0.14320913461538462,0.23710937499999998,4
Schizophrenia,schizophrenia,weighted,121,Thal AV L,0.6975675139177729,0.5556868042009357,0.38066193380661933,0.8428109569995382,0.6193380661933807,60,False,10000,0.6076923076923078,0.3878411910669975,4
Schizophrenia,schizophrenia,weighted,122,Thal AV R,-1.365854742031679,1.0,0.8228177182281772,0.9944274229293488,0.17718228177182282,112,False,10000,0.4371995192307692,0.3987379807692307,2
Schizophrenia,schizophrenia,weighted,125,Thal VA L,-3.281208758480029,1.0,0.9522047795220479,0.9944274229293488,0.04779522047795215,131,False,10000,0.5,0.3076923076923077,5
Schizophrenia,schizophrenia,weighted,127,Thal VL L,-1.6841232760915774,1.0,0.7709229077092291,0.9944274229293488,0.2290770922907709,104,False,10000,0.41129032258064513,0.10787841191066999,6
Schizophrenia,schizophrenia,weighted,128,Thal VL R,-3.574809767421544,1.0,0.9588041195880412,0.9944274229293488,0.04119588041195876,132,False,10000,0.19723557692307692,0.056610576923076916,2
Schizophrenia,schizophrenia,weighted,129,Thal VPL L,-2.42637781379617,1.0,0.8618138186181382,0.9944274229293488,0.13818618138186178,113,False,10000,0.19615384615384618,0.24274193548387096,6
Schizophrenia,schizophrenia,weighted,130,Thal VPL R,-2.646063321576707,1.0,0.9102089791020898,0.9944274229293488,0.08979102089791025,126,False,10000,0.3412860576923077,0.025901442307692313,2
Schizophrenia,schizophrenia,weighted,131,Thal IL L,-0.6690147191801091,1.0,0.6407359264073592,0.9706423297064233,0.3592640735926408,87,False,10000,0.7578125,0.3354838709677419,5
Schizophrenia,schizophrenia,weighted,135,Thal MDm L,0.7529680889102461,0.5439561307027192,0.37106289371062895,0.8428109569995382,0.628937106289371,59,False,10000,0.0967741935483871,0.23443509615384617,3
Schizophrenia,schizophrenia,weighted,136,Thal MDm R,-3.115425465818189,1.0,0.9468053194680532,0.9944274229293488,0.05319468053194676,129,False,10000,0.14405048076923077,0.08251201923076923,2
Schizophrenia,schizophrenia,weighted,137,Thal MDl L,0.2330959767515038,0.7896308960653231,0.47955204479552044,0.9073065296210104,0.5204479552044796,72,False,10000,0.13076923076923078,0.15434243176178658,3
Schizophrenia,schizophrenia,weighted,139,Thal LGN L,-2.041976487403074,1.0,0.887011298870113,0.9944274229293488,0.11298870112988701,120,False,10000,0.5384615384615384,0.4501008064516129,5
Schizophrenia,schizophrenia,weighted,140,Thal LGN R,-2.483928758496902,1.0,0.8817118288171183,0.9944274229293488,0.11828817118288171,119,False,10000,0.4774038461538461,0.08509615384615382,2
Schizophrenia,schizophrenia,weighted,141,Thal MGN L,-0.741389498740316,1.0,0.6903309669033096,0.9706423297064233,0.30966903309669036,98,False,10000,0.41923076923076924,0.11153846153846148,2
Schizophrenia,schizophrenia,weighted,143,Thal PuI L,-0.8513975409662131,1.0,0.7364263573642635,0.9866683234589162,0.26357364263573646,103,False,10000,0.6038461538461538,0.37307692307692303,2
Schizophrenia,schizophrenia,weighted,144,Thal PuI R,-1.9783820740515137,1.0,0.8876112388761124,0.9944274229293488,0.11238876112388763,121,False,10000,0.544110576923077,0.30973557692307685,2
Schizophrenia,schizophrenia,weighted,145,Thal PuM L,-1.536709397388193,1.0,0.773922607739226,0.9944274229293488,0.22607739226077395,105,False,10000,0.4140625,0.046153846153846156,5
Schizophrenia,schizophrenia,weighted,146,Thal PuM R,-0.7067648681018408,1.0,0.6444355564443556,0.9706423297064233,0.3555644435556444,88,False,10000,0.21322115384615387,0.005528846153846162,2
Schizophrenia,schizophrenia,weighted,147,Thal PuA L,-2.4974129174154736,1.0,0.8972102789721028,0.9944274229293488,0.10278972102789719,124,False,10000,0.5483870967741935,0.11538461538461542,3
Schizophrenia,schizophrenia,weighted,148,Thal PuA R,-1.7702865442407956,1.0,0.8187181281871813,0.9944274229293488,0.18128187181281874,110,False,10000,0.3275841346153846,0.2583533653846154,2
Schizophrenia,schizophrenia,weighted,153,ACC pre L,1.1134367980483535,0.44939596949395977,0.2562743725627437,0.8409895852520012,0.7437256274372563,39,False,10000,0.4307692307692308,0.3436239919354839,3
Schizophrenia,schizophrenia,weighted,154,ACC pre R,1.5677957854643454,0.2951919093804905,0.22187781221877811,0.8409895852520012,0.7781221877812219,34,False,10000,0.8496995192307693,0.11123798076923075,2
Schizophrenia,schizophrenia,weighted,155,ACC sup L,-2.4467214825442922,1.0,0.9435056494350565,0.9944274229293488,0.05649435056494345,128,False,10000,0.15024813895781639,0.3127743098635236,6
Schizophrenia,schizophrenia,weighted,156,ACC sup R,-0.19116026122944704,1.0,0.5782421757824218,0.9706423297064233,0.42175782421757824,79,False,10000,0.7489182692307692,0.1104567307692308,2
Schizophrenia,schizophrenia,weighted,157,N Acc L,-0.3439851226380269,1.0,0.6068393160683931,0.9706423297064233,0.39316068393160686,83,False,10000,0.5230769230769231,0.3225806451612903,5
Schizophrenia,schizophrenia,weighted,158,N Acc R,2.2298117656837766,0.13010127558672702,0.136986301369863,0.8409895852520012,0.863013698630137,19,False,10000,0.88671875,0.11328125,2
Schizophrenia,schizophrenia,weighted,161,SN pc L,-2.5021437931723196,1.0,0.7349265073492651,0.9866683234589162,0.2650734926507349,102,False,10000,0.10206653225806452,0.06980846774193547,2
Schizophrenia,schizophrenia,weighted,163,SN pr L,-3.820009944236385,1.0,0.9979002099790021,0.9979002099790021,0.002099790020997916,138,False,10000,0.16129032258064516,0.4568238213399504,5
Schizophrenia,schizophrenia,weighted,164,SN pr R,-1.0708662976258791,1.0,0.9638036196380362,0.9944274229293488,0.03619638036196382,133,False,10000,0.2765625,0.1765625,2
Schizophrenia,schizophrenia,weighted,165,Red N L,-3.877270094015211,1.0,0.8723127687231277,0.9944274229293488,0.12768723127687232,117,False,10000,0.20498798076923078,0.1482872596153846,4
Schizophrenia,schizophrenia,weighted,166,Red N R,-2.8883000165411485,1.0,0.9656034396560343,0.9944274229293488,0.034396560343965654,134,False,10000,0.30709134615384615,0.11478365384615383,2
Schizophrenia,schizophrenia,weighted,167,LC L,-1.903616582946944,1.0,0.9961003899610039,0.9979002099790021,0.003899610038996082,137,False,10000,0.13523573200992556,0.1681180210918114,4
Schizophrenia,schizophrenia,weighted,168,LC R,-0.8146600052797136,1.0,0.8694130586941305,0.9944274229293488,0.13058694130586945,115,False,10000,0.09627403846153847,0.08064903846153845,2
Schizophrenia,schizophrenia,weighted,169,Raphe D,-2.0723157598546895,1.0,0.647035296470353,0.9706423297064233,0.35296470352964704,89,False,10000,0.08179086538461539,0.051021634615384615,2
Schizophrenia,schizophrenia,weighted,170,Raphe M,-1.473005990573166,1.0,0.9941005899410059,0.9979002099790021,0.005899410058994081,136,False,10000,0.13846153846153847,0.15751201923076924,3
Bipolar disorder,bipolar,broad,1,Precentral L,-0.13269352327761294,0.8564446926093908,0.5818418158184182,0.9038871393759501,0.4181581841815818,87,False,10000,0.2674937965260546,0.1184999224565757,6
Bipolar disorder,bipolar,broad,2,Precentral R,-0.5407491490668118,0.9135460285747126,0.7463253674632536,0.9603333244657186,0.2536746325367464,107,False,10000,0.2899639423076923,0.09465144230769235,2
Bipolar disorder,bipolar,broad,3,Frontal Sup 2 L,-0.1041685499631645,0.8564446926093908,0.5811418858114189,0.9038871393759501,0.4188581141885811,86,False,10000,0.4838709677419355,0.2688517757444169,6
Bipolar disorder,bipolar,broad,4,Frontal Sup 2 R,-1.1327342137463374,0.9967003299670033,0.9177082291770823,0.9922007799220078,0.08229177082291772,125,False,10000,0.36568509615384615,0.1733774038461538,2
Bipolar disorder,bipolar,broad,5,Frontal Mid 2 L,0.3396867210604634,0.8066745956983249,0.3892610738926107,0.8710821225569751,0.6107389261073892,54,False,10000,0.559181141439206,0.13368486352357323,6
Bipolar disorder,bipolar,broad,6,Frontal Mid 2 R,0.5946491554310659,0.8066745956983249,0.3103689631036896,0.8710821225569751,0.6896310368963103,43,False,10000,0.5071514423076924,0.07746394230769227,2
Bipolar disorder,bipolar,broad,7,Frontal Inf Oper L,1.5207263176461918,0.6497895664978957,0.08959104089591041,0.7546783783160145,0.9104089591040896,14,False,10000,0.45384615384615384,0.2621588089330025,3
Bipolar disorder,bipolar,broad,8,Frontal Inf Oper R,0.699647088217348,0.8066745956983249,0.29787021297870214,0.8710821225569751,0.7021297870212979,42,False,10000,0.33209134615384617,0.16021634615384617,2
Bipolar disorder,bipolar,broad,9,Frontal Inf Tri L,0.5280765658724006,0.8066745956983249,0.33866613338666135,0.8710821225569751,0.6613338666133386,47,False,10000,0.7640198511166253,0.07171215880893311,6
Bipolar disorder,bipolar,broad,10,Frontal Inf Tri R,0.9646700778335048,0.8066745956983249,0.2121787821217878,0.8710821225569751,0.7878212178782122,30,False,10000,0.5485576923076922,0.23605769230769236,2
Bipolar disorder,bipolar,broad,11,Frontal Inf Orb 2 L,0.0669387155838538,0.8182581741825817,0.5153484651534846,0.8810674488106743,0.48465153484651535,80,False,10000,0.7346153846153847,0.38076923076923075,6
Bipolar disorder,bipolar,broad,12,Frontal Inf Orb 2 R,-1.3018178029795695,0.9967003299670033,0.9472052794720528,0.9922007799220078,0.0527947205279472,129,False,10000,0.4472956730769231,0.2988581730769231,2
Bipolar disorder,bipolar,broad,13,Rolandic Oper L,-2.0826918905946155,0.9967003299670033,0.9922007799220078,0.9922007799220078,0.007799220077992164,138,False,10000,0.498991935483871,0.22790787841191062,6
Bipolar disorder,bipolar,broad,14,Rolandic Oper R,-0.6999140693235247,0.9444662676589483,0.8009199080091991,0.9781145779227387,0.1990800919908009,113,False,10000,0.7128605769230769,0.040985576923076916,2
Bipolar disorder,bipolar,broad,15,Supp Motor Area L,0.322961887931957,0.8066745956983249,0.42085791420857915,0.8710821225569751,0.5791420857914209,63,False,10000,0.13709677419354838,0.346712158808933,6
Bipolar disorder,bipolar,broad,16,Supp Motor Area R,-0.8801093137047142,0.9750224977502249,0.8463153684631537,0.9922007799220078,0.1536846315368463,117,False,10000,0.22938701923076923,0.09092548076923074,2
Bipolar disorder,bipolar,broad,17,Olfactory L,-0.44443253984508,0.9063799502402702,0.7286271372862714,0.9485900466557118,0.2713728627137286,106,False,10000,0.4012019230769231,0.5672417803970223,4
Bipolar disorder,bipolar,broad,18,Olfactory R,0.14792548437847344,0.8066745956983249,0.48085191480851913,0.8710821225569751,0.5191480851914809,74,False,10000,0.29699519230769234,0.18762019230769228,2
Bipolar disorder,bipolar,broad,19,Frontal Sup Medial L,0.8089542130549953,0.8066745956983249,0.15678432156784322,0.7934206579342066,0.8432156784321567,27,False,10000,0.7632754342431762,0.1986206963399504,6
Bipolar disorder,bipolar,broad,20,Frontal Sup Medial R,0.5821238386127662,0.8066745956983249,0.288971102889711,0.8710821225569751,0.7110288971102889,41,False,10000,0.5498197115384615,0.42674278846153846,2
Bipolar disorder,bipolar,broad,21,Frontal Med Orb L,0.1991634941120823,0.8066745956983249,0.45095490450954906,0.8710821225569751,0.5490450954904509,68,False,10000,0.8032258064516129,0.20281482630272962,6
Bipolar disorder,bipolar,broad,22,Frontal Med Orb R,-0.7205449375328833,0.9444662676589483,0.8335166483351665,0.9915973919849395,0.16648335166483352,116,False,10000,0.6679086538461538,0.16021634615384617,2
Bipolar disorder,bipolar,broad,23,Rectus L,0.0845852596338456,0.8182581741825817,0.49055094490550943,0.8710821225569751,0.5094490550944906,77,False,10000,0.6680947580645161,0.4257541098014888,6
Bipolar disorder,bipolar,broad,24,Rectus R,-0.10739173782818145,0.8564446926093908,0.581941805819418,0.9038871393759501,0.418058194180582,88,False,10000,0.7407451923076923,0.0561298076923078,2
Bipolar disorder,bipolar,broad,25,OFCmed L,0.8011147713073068,0.8066745956983249,0.23667633236676333,0.8710821225569751,0.7633236676332367,34,False,10000,0.758560794044665,0.34410669975186114,6
Bipolar disorder,bipolar,broad,26,OFCmed R,0.1019680310546059,0.8182581741825817,0.49235076492350766,0.8710821225569751,0.5076492350764923,78,False,10000,0.6980168269230769,0.04417067307692302,2
Bipolar disorder,bipolar,broad,27,OFCant L,0.1411854953941951,0.8066745956983249,0.4901509849015098,0.8710821225569751,0.5098490150984902,75,False,10000,0.8631513647642679,0.30682382133995045,6
Bipolar disorder,bipolar,broad,28,OFCant R,0.25272331946355236,0.8066745956983249,0.43285671432856715,0.8710821225569751,0.5671432856714329,66,False,10000,0.5920673076923078,0.37668269230769236,2
Bipolar disorder,bipolar,broad,29,OFCpost L,-1.183103163675041,0.9967003299670033,0.8964103589641036,0.9922007799220078,0.10358964103589641,122,False,10000,0.4115384615384615,0.4045905707196029,6
Bipolar disorder,bipolar,broad,30,OFCpost R,-0.30187074571986616,0.8743819495601459,0.6587341265873413,0.9046804057458332,0.3412658734126587,99,False,10000,0.6926682692307693,0.14579326923076918,2
Bipolar disorder,bipolar,broad,31,OFClat L,-0.6766531119531797,0.943449291434493,0.7857214278572143,0.9768428562549151,0.21427857214278567,111,False,10000,0.4841191066997519,0.4558312655086849,4
Bipolar disorder,bipolar,broad,32,OFClat R,-0.1964422716654418,0.861063893610639,0.6041395860413958,0.9046804057458332,0.39586041395860416,90,False,10000,0.634375,0.16562500000000013,2
Bipolar disorder,bipolar,broad,33,Insula L,-0.12844002601321397,0.8564446926093908,0.6059394060593941,0.9046804057458332,0.3940605939406059,91,False,10000,0.69375,0.07551954094292801,6
Bipolar disorder,bipolar,broad,34,Insula R,-0.28412082950439804,0.8743819495601459,0.6461353864613538,0.9046804057458332,0.3538646135386462,97,False,10000,0.5972355769230769,0.04338942307692295,2
Bipolar disorder,bipolar,broad,37,Cingulate Mid L,1.403947435332521,0.6497895664978957,0.10038996100389962,0.7546783783160145,0.8996100389961004,16,False,10000,0.5307692307692308,0.4178524348635235,6
Bipolar disorder,bipolar,broad,38,Cingulate Mid R,1.5935267589636375,0.6497895664978957,0.05039496050394961,0.7546783783160145,0.9496050394960504,9,False,10000,0.3677283653846154,0.0630408653846154,2
Bipolar disorder,bipolar,broad,39,Cingulate Post L,0.8400861549031151,0.8066745956983249,0.22947705229477053,0.8710821225569751,0.7705229477052294,32,False,10000,0.5230769230769231,0.17741935483870963,5
Bipolar disorder,bipolar,broad,41,Hippocampus L,0.052640599709952315,0.8182581741825817,0.5147485251474853,0.8810674488106743,0.48525147485251474,79,False,10000,0.43989415322580644,0.18508355303970225,6
Bipolar disorder,bipolar,broad,42,Hippocampus R,0.30453705531370207,0.8066745956983249,0.4243575642435756,0.8710821225569751,0.5756424357564244,64,False,10000,0.2957331730769231,0.1495793269230769,2
Bipolar disorder,bipolar,broad,43,ParaHippocampal L,-0.628224575404197,0.9303308201289964,0.797920207979202,0.9781145779227387,0.20207979202079795,112,False,10000,0.20992555831265508,0.28157568238213404,6
Bipolar disorder,bipolar,broad,44,ParaHippocampal R,0.2572682613489074,0.8066745956983249,0.43865613438656137,0.8710821225569751,0.5613438656134386,67,False,10000,0.6037860576923078,0.11159855769230764,2
Bipolar disorder,bipolar,broad,45,Amygdala L,0.5281396326232299,0.8066745956983249,0.32326767323267674,0.8710821225569751,0.6767323267673233,44,False,10000,0.8461538461538461,0.2224759615384615,5
Bipolar disorder,bipolar,broad,46,Amygdala R,0.33047629722140986,0.8066745956983249,0.4126587341265873,0.8710821225569751,0.5873412658734127,60,False,10000,0.4603966346153846,0.3911658653846153,2
Bipolar disorder,bipolar,broad,47,Calcarine L,0.34806644661768316,0.8066745956983249,0.40235976402359763,0.8710821225569751,0.5976402359764024,56,False,10000,0.5115384615384615,0.27866004962779156,6
Bipolar disorder,bipolar,broad,48,Calcarine R,-0.26296355826803697,0.8743819495601459,0.6363363663633637,0.9046804057458332,0.36366363363663634,96,False,10000,0.3975360576923077,0.2821514423076923,2
Bipolar disorder,bipolar,broad,49,Cuneus L,-1.472503269506558,0.9967003299670033,0.9272072792720728,0.9922007799220078,0.0727927207279272,126,False,10000,0.06451612903225806,0.33548387096774196,5
Bipolar disorder,bipolar,broad,51,Lingual L,0.36091333431084405,0.8066745956983249,0.40945905409459055,0.8710821225569751,0.5905409459054094,59,False,10000,0.4461538461538462,0.3707273573200993,6
Bipolar disorder,bipolar,broad,52,Lingual R,0.9670952515705619,0.8066745956983249,0.16098390160983903,0.7934206579342066,0.839016098390161,28,False,10000,0.683233173076923,0.1370793269230769,2
Bipolar disorder,bipolar,broad,53,Occipital Sup L,-0.33621575180010893,0.8775364887753649,0.6618338166183382,0.9046804057458332,0.3381661833816618,100,False,10000,0.531637717121588,0.400289818548387,4
Bipolar disorder,bipolar,broad,55,Occipital Mid L,0.43507331565393714,0.8066745956983249,0.35036496350364965,0.8710821225569751,0.6496350364963503,50,False,10000,0.532258064516129,0.41675810328784113,6
Bipolar disorder,bipolar,broad,56,Occipital Mid R,0.6282768691089061,0.8066745956983249,0.28347165283471654,0.8710821225569751,0.7165283471652835,40,False,10000,0.49284855769230773,0.07746394230769227,2
Bipolar disorder,bipolar,broad,57,Occipital Inf L,0.1813183148257243,0.8066745956983249,0.46555344465553444,0.8710821225569751,0.5344465553444655,71,False,10000,0.685483870967742,0.321319595223325,6
Bipolar disorder,bipolar,broad,58,Occipital Inf R,0.649791365038178,0.8066745956983249,0.25477452254774524,0.8710821225569751,0.7452254774522548,36,False,10000,0.5872596153846154,0.25649038461538454,2
Bipolar disorder,bipolar,broad,59,Fusiform L,0.6273135396228082,0.8066745956983249,0.2696730326967303,0.8710821225569751,0.7303269673032697,38,False,10000,0.34110576923076924,0.1753295595533499,6
Bipolar disorder,bipolar,broad,60,Fusiform R,1.8963710564399767,0.6497895664978957,0.042195780421957804,0.7546783783160145,0.9578042195780422,7,False,10000,0.5304086538461539,0.07728365384615377,2
Bipolar disorder,bipolar,broad,61,Postcentral L,0.17126247213131368,0.8066745956983249,0.46205379462053797,0.8710821225569751,0.537946205379462,70,False,10000,0.38079637096774194,0.2684378877171216,6
Bipolar disorder,bipolar,broad,62,Postcentral R,0.29045551804676023,0.8066745956983249,0.42055794420557946,0.8710821225569751,0.5794420557944205,62,False,10000,0.375,0.125,2
Bipolar disorder,bipolar,broad,63,Parietal Sup L,0.030208041069665875,0.8294503882945038,0.5171482851714828,0.8810674488106743,0.4828517148285172,81,False,10000,0.5492555831265509,0.32074480459057075,6
Bipolar disorder,bipolar,broad,64,Parietal Sup R,-0.392749676752305,0.8918553689185538,0.6748325167483251,0.9046804057458332,0.3251674832516749,102,False,10000,0.12049278846153846,0.04356971153846152,2
Bipolar disorder,bipolar,broad,65,Parietal Inf L,1.2958805687938841,0.6497895664978957,0.1366863313668633,0.7546783783160145,0.8633136686331366,24,False,10000,0.6115384615384616,0.1137096774193549,6
Bipolar disorder,bipolar,broad,66,Parietal Inf R,0.43538487285151806,0.8066745956983249,0.37496250374962503,0.8710821225569751,0.625037496250375,53,False,10000,0.5055288461538461,0.2867788461538462,2
Bipolar disorder,bipolar,broad,67,SupraMarginal L,-0.5295815122873423,0.9133124423406717,0.7585241475852414,0.9603333244657186,0.24147585241475855,109,False,10000,0.20665322580645162,0.30380738213399505,6
Bipolar disorder,bipolar,broad,68,SupraMarginal R,1.8760772674508313,0.6497895664978957,0.0282971702829717,0.7546783783160145,0.9717028297170283,2,False,10000,0.39326923076923076,0.2682692307692308,2
Bipolar disorder,bipolar,broad,69,Angular L,1.2815042039630646,0.6497895664978957,0.13388661133886612,0.7546783783160145,0.8661133886611339,23,False,10000,0.47692307692307695,0.5035282258064516,5
Bipolar disorder,bipolar,broad,70,Angular R,0.7479417123804759,0.8066745956983249,0.2803719628037196,0.8710821225569751,0.7196280371962804,39,False,10000,0.19008413461538462,0.020853365384615408,2
Bipolar disorder,bipolar,broad,71,Precuneus L,1.4734928557775069,0.6497895664978957,0.09359064093590641,0.7546783783160145,0.9064093590640936,15,False,10000,0.37915826612903225,0.5877161522952854,6
Bipolar disorder,bipolar,broad,72,Precuneus R,1.2847390411752337,0.6497895664978957,0.13258674132586742,0.7546783783160145,0.8674132586741325,22,False,10000,0.3375,0.03750000000000003,2
Bipolar disorder,bipolar,broad,73,Paracentral Lobule L,-0.6189558002543833,0.9303308201289964,0.7695230476952305,0.9654016416540164,0.2304769523047695,110,False,10000,0.16922883064516128,0.35415535825062033,6
Bipolar disorder,bipolar,broad,74,Paracentral Lobule R,1.1620152555333794,0.6921387861213879,0.1166883311668833,0.7546783783160145,0.8833116688331167,20,False,10000,0.7268028846153847,0.25757211538461544,2
Bipolar disorder,bipolar,broad,75,Caudate L,0.40269256666728886,0.8066745956983249,0.37266273372662734,0.8710821225569751,0.6273372662733727,52,False,10000,0.8769230769230769,0.0561365927419355,6
Bipolar disorder,bipolar,broad,76,Caudate R,-0.08265180333925962,0.8564446926093908,0.555944405559444,0.9038871393759501,0.444055594440556,83,False,10000,0.8643629807692308,0.002824519230769207,2
Bipolar disorder,bipolar,broad,77,Putamen L,0.2996319600261322,0.8066745956983249,0.41385861413858616,0.8710821225569751,0.5861413858614138,61,False,10000,0.6615384615384616,0.32767427884615385,6
Bipolar disorder,bipolar,broad,78,Putamen R,0.3952457142427392,0.8066745956983249,0.39666033396660333,0.8710821225569751,0.6033396660333967,55,False,10000,0.8380408653846154,0.10727163461538469,2
Bipolar disorder,bipolar,broad,79,Pallidum L,-1.2866515427040361,0.9967003299670033,0.9568043195680432,0.9922007799220078,0.04319568043195676,130,False,10000,0.43548387096774194,0.12344913151364761,6
Bipolar disorder,bipolar,broad,80,Pallidum R,-1.2695709529584411,0.9967003299670033,0.8716128387161284,0.9922007799220078,0.12838716128387162,118,False,10000,0.37734375,0.17734374999999997,2
Bipolar disorder,bipolar,broad,83,Heschl L,0.3741732206075562,0.8066745956983249,0.40635936406359363,0.8710821225569751,0.5936406359364064,58,False,10000,0.5967741935483871,0.5555831265508685,5
Bipolar disorder,bipolar,broad,84,Heschl R,1.2583202281377104,0.6497895664978957,0.1105889411058894,0.7546783783160145,0.8894110588941107,18,False,10000,0.6029447115384615,0.27986778846153837,2
Bipolar disorder,bipolar,broad,85,Temporal Sup L,0.5008623585992276,0.8066745956983249,0.3314668533146685,0.8710821225569751,0.6685331466853315,46,False,10000,0.5967741935483871,0.22382133995037218,6
Bipolar disorder,bipolar,broad,86,Temporal Sup R,0.16615743332364244,0.8066745956983249,0.4677532246775322,0.8710821225569751,0.5322467753224678,73,False,10000,0.49314903846153846,0.11622596153846154,2
Bipolar disorder,bipolar,broad,87,Temporal Pole Sup L,-0.1743394140835015,0.861063893610639,0.6144385561443856,0.9046804057458332,0.3855614438556144,93,False,10000,0.4692540322580645,0.22765586228287843,6
Bipolar disorder,bipolar,broad,88,Temporal Pole Sup R,-1.649830150016318,0.9967003299670033,0.9666033396660334,0.9922007799220078,0.0333966603339666,132,False,10000,0.44717548076923075,0.1856370192307692,2
Bipolar disorder,bipolar,broad,89,Temporal Mid L,1.5515693449462031,0.6497895664978957,0.0665933406659334,0.7546783783160145,0.9334066593340666,11,False,10000,0.6507211538461539,0.16266671836228286,6
Bipolar disorder,bipolar,broad,90,Temporal Mid R,1.059281686728774,0.7681231876812319,0.17918208179182082,0.852659561630044,0.8208179182081792,29,False,10000,0.522295673076923,0.12385817307692315,2
Bipolar disorder,bipolar,broad,91,Temporal Pole Mid L,-0.30690892293366584,0.8743819495601459,0.6539346065393461,0.9046804057458332,0.3460653934606539,98,False,10000,0.49528535980148886,0.7561414392059553,4
Bipolar disorder,bipolar,broad,93,Temporal Inf L,0.7615852928200119,0.8066745956983249,0.2258774122587741,0.8710821225569751,0.7741225877412259,31,False,10000,0.6660049627791563,0.19829695254342428,6
Bipolar disorder,bipolar,broad,94,Temporal Inf R,-0.1305786958547833,0.8564446926093908,0.5829417058294171,0.9038871393759501,0.41705829417058293,89,False,10000,0.45354567307692306,0.007391826923076883,2
Bipolar disorder,bipolar,broad,95,Cerebellum Crus1 L,-0.038284228935869434,0.855348200119747,0.54994500549945,0.9038871393759501,0.45005499450055,82,False,10000,0.4807692307692308,0.22642679900744422,6
Bipolar disorder,bipolar,broad,96,Cerebellum Crus1 R,-0.03080703851180443,0.855348200119747,0.5591440855914409,0.9038871393759501,0.4408559144085591,84,False,10000,0.7033653846153847,0.26586538461538456,2
Bipolar disorder,bipolar,broad,97,Cerebellum Crus2 L,1.1345878298049972,0.6921387861213879,0.1404859514048595,0.7546783783160145,0.8595140485951405,25,False,10000,0.6268028846153846,0.3866605924317619,6
Bipolar disorder,bipolar,broad,98,Cerebellum Crus2 R,1.0322857879604244,0.7681231876812319,0.1421857814218578,0.7546783783160145,0.8578142185781422,26,False,10000,0.8402644230769231,0.10588942307692295,2
Bipolar disorder,bipolar,broad,101,Cerebellum 4 5 L,-1.2100732113333779,0.9967003299670033,0.9038096190380962,0.9922007799220078,0.0961903809619038,123,False,10000,0.5615384615384615,0.4652605459057072,6
Bipolar disorder,bipolar,broad,102,Cerebellum 4 5 R,-0.8673092347069228,0.9750224977502249,0.8329167083291671,0.9915973919849395,0.1670832916708329,115,False,10000,0.7624399038461538,0.1452524038461539,2
Bipolar disorder,bipolar,broad,103,Cerebellum 6 L,-1.0622354421018472,0.9967003299670033,0.8929107089291071,0.9922007799220078,0.10708929107089293,120,False,10000,0.44330024813895785,0.6590871200372209,6
Bipolar disorder,bipolar,broad,104,Cerebellum 6 R,0.4182664551059739,0.8066745956983249,0.36266373362663734,0.8710821225569751,0.6373362663733626,51,False,10000,0.6417067307692308,0.2801682692307693,2
Bipolar disorder,bipolar,broad,105,Cerebellum 7b L,2.2429561170135806,0.6497895664978957,0.0081991800819918,0.7546783783160145,0.9918008199180082,1,False,10000,0.6549879807692307,0.2012901287220843,6
Bipolar disorder,bipolar,broad,106,Cerebellum 7b R,0.17114710671161332,0.8066745956983249,0.46045395460453953,0.8710821225569751,0.5395460453954605,69,False,10000,0.6217548076923076,0.29362980769230773,2
Bipolar disorder,bipolar,broad,107,Cerebellum 8 L,0.4457636850268276,0.8066745956983249,0.3491650834916508,0.8710821225569751,0.6508349165083491,49,False,10000,0.331023185483871,0.23684572735732012,6
Bipolar disorder,bipolar,broad,108,Cerebellum 8 R,-1.6509602435432595,0.9967003299670033,0.9706029397060294,0.9922007799220078,0.0293970602939706,133,False,10000,0.32872596153846156,0.09435096153846151,2
Bipolar disorder,bipolar,broad,109,Cerebellum 9 L,1.9651169480043904,0.6497895664978957,0.028897110288971104,0.7546783783160145,0.9711028897110289,3,False,10000,0.3828125,0.43052109181141446,5
Bipolar disorder,bipolar,broad,110,Cerebellum 9 R,0.8555093431036832,0.8066745956983249,0.22947705229477053,0.8710821225569751,0.7705229477052294,32,False,10000,0.41592548076923075,0.34561298076923075,2
Bipolar disorder,bipolar,broad,111,Cerebellum 10 L,-2.181515276153781,0.9967003299670033,0.9903009699030098,0.9922007799220078,0.009699030096990247,136,False,10000,0.12903225806451613,0.07518610421836228,3
Bipolar disorder,bipolar,broad,118,Vermis 8,-0.4574834407292545,0.911372324306031,0.6741325867413258,0.9046804057458332,0.3258674132586742,101,False,10000,0.0625,0.17692307692307693,3
Bipolar disorder,bipolar,broad,119,Vermis 9,-0.47336746766788323,0.911372324306031,0.7036296370362963,0.9283185967117573,0.29637036296370367,104,False,10000,0.034915865384615385,0.03506610576923077,4
Bipolar disorder,bipolar,broad,121,Thal AV L,1.3018489651320333,0.6497895664978957,0.11948805119488051,0.7546783783160145,0.8805119488051195,21,False,10000,0.9307692307692308,0.15347394540942916,4
Bipolar disorder,bipolar,broad,122,Thal AV R,0.7316018521934115,0.8066745956983249,0.26807319268073193,0.8710821225569751,0.7319268073192681,37,False,10000,0.5637019230769231,0.21754807692307698,2
Bipolar disorder,bipolar,broad,125,Thal VA L,-0.8266399986053958,0.9698109835034197,0.8108189181081892,0.9815176377099132,0.18918108189181082,114,False,10000,0.625,0.2759305210918114,5
Bipolar disorder,bipolar,broad,127,Thal VL L,0.8284216555276932,0.8066745956983249,0.25277472252774724,0.8710821225569751,0.7472252774722528,35,False,10000,0.5950721153846155,0.5639403691066998,6
Bipolar disorder,bipolar,broad,128,Thal VL R,-0.38412129756203534,0.8918553689185538,0.6752324767523248,0.9046804057458332,0.3247675232476752,103,False,10000,0.2993990384615385,0.12247596153846155,2
Bipolar disorder,bipolar,broad,129,Thal VPL L,0.2603548188400353,0.8066745956983249,0.4283571642835716,0.8710821225569751,0.5716428357164284,65,False,10000,0.4115384615384615,0.610642834987593,6
Bipolar disorder,bipolar,broad,130,Thal VPL R,1.5137681290250236,0.6497895664978957,0.067993200679932,0.7546783783160145,0.932006799320068,12,False,10000,0.6742788461538461,0.018028846153846034,2
Bipolar disorder,bipolar,broad,131,Thal IL L,-1.2941681571478756,0.9967003299670033,0.8949105089491051,0.9922007799220078,0.10508949105089493,121,False,10000,0.3359375,0.2858560794044665,5
Bipolar disorder,bipolar,broad,135,Thal MDm L,2.0067295657762627,0.6497895664978957,0.030996900309969003,0.7546783783160145,0.969003099690031,4,False,10000,0.1774193548387097,0.27758413461538467,3
Bipolar disorder,bipolar,broad,136,Thal MDm R,0.35494802921638224,0.8066745956983249,0.40375962403759624,0.8710821225569751,0.5962403759624038,57,False,10000,0.3771033653846154,0.14633413461538464,2
Bipolar disorder,bipolar,broad,137,Thal MDl L,1.5983685078286218,0.6497895664978957,0.0862913708629137,0.7546783783160145,0.9137086291370863,13,False,10000,0.36923076923076925,0.45272952853598014,3
Bipolar disorder,bipolar,broad,139,Thal LGN L,-0.25094501735464325,0.8743819495601459,0.635036496350365,0.9046804057458332,0.36496350364963503,94,False,10000,0.3225806451612903,0.352570564516129,5
Bipolar disorder,bipolar,broad,140,Thal LGN R,-1.7715075224636154,0.9967003299670033,0.9311068893110689,0.9922007799220078,0.06889311068893111,127,False,10000,0.31177884615384616,0.21947115384615387,2
Bipolar disorder,bipolar,broad,141,Thal MGN L,-1.8258570049413763,0.9967003299670033,0.9763023697630236,0.9922007799220078,0.023697630236976353,134,False,10000,0.3,0.2692307692307693,2
Bipolar disorder,bipolar,broad,143,Thal PuI L,1.40538533978921,0.6497895664978957,0.04999500049995,0.7546783783160145,0.95000499950005,8,False,10000,0.6461538461538462,0.3538461538461538,2
Bipolar disorder,bipolar,broad,144,Thal PuI R,1.4737838092673334,0.6497895664978957,0.061693830616938304,0.7546783783160145,0.9383061693830617,10,False,10000,0.9104567307692308,0.051081730769230727,2
Bipolar disorder,bipolar,broad,145,Thal PuM L,1.1807770564752085,0.6921387861213879,0.1040895910408959,0.7546783783160145,0.8959104089591041,17,False,10000,0.6640625,0.5330024813895782,5
Bipolar disorder,bipolar,broad,146,Thal PuM R,1.7595158893146976,0.6497895664978957,0.0377962203779622,0.7546783783160145,0.9622037796220378,5,False,10000,0.5462740384615384,0.030649038461538547,2
Bipolar disorder,bipolar,broad,147,Thal PuA L,1.8859265412301018,0.6497895664978957,0.0418958104189581,0.7546783783160145,0.9581041895810419,6,False,10000,0.9354838709677419,0.03461538461538449,3
Bipolar disorder,bipolar,broad,148,Thal PuA R,1.3013876789127372,0.6497895664978957,0.11248875112488751,0.7546783783160145,0.8875112488751125,19,False,10000,0.6670673076923077,0.05168269230769229,2
Bipolar disorder,bipolar,broad,153,ACC pre L,0.46574980045885206,0.8066745956983249,0.3243675632436756,0.8710821225569751,0.6756324367563245,45,False,10000,0.5076923076923077,0.36050907258064524,3
Bipolar disorder,bipolar,broad,154,ACC pre R,-0.16421292072244428,0.8588874445888744,0.6133386661333866,0.9046804057458332,0.3866613338666134,92,False,10000,0.7404447115384616,0.017367788461538525,2
Bipolar disorder,bipolar,broad,155,ACC sup L,0.4710011623952108,0.8066745956983249,0.3468653134686531,0.8710821225569751,0.6531346865313469,48,False,10000,0.4617866004962779,0.525454598325062,6
Bipolar disorder,bipolar,broad,156,ACC sup R,0.16364424596004767,0.8066745956983249,0.4674532546745325,0.8710821225569751,0.5325467453254675,72,False,10000,0.8097956730769231,0.03635817307692302,2
Bipolar disorder,bipolar,broad,157,N Acc L,-1.2689298252157728,0.9967003299670033,0.9434056594340566,0.9922007799220078,0.05659434056594337,128,False,10000,0.47692307692307695,0.43548387096774194,5
Bipolar disorder,bipolar,broad,158,N Acc R,-1.4577253240551844,0.9967003299670033,0.9103089691030897,0.9922007799220078,0.08969103089691033,124,False,10000,0.8207932692307692,0.11766826923076912,2
Bipolar disorder,bipolar,broad,161,SN pc L,-2.7965920247174054,0.9967003299670033,0.9575042495750425,0.9922007799220078,0.04249575042495746,131,False,10000,0.059097782258064516,0.026839717741935477,2
Bipolar disorder,bipolar,broad,163,SN pr L,-0.24712846787803908,0.8743819495601459,0.5774422557744225,0.9038871393759501,0.42255774422557746,85,False,10000,0.3225806451612903,0.29503722084367245,5
Bipolar disorder,bipolar,broad,164,SN pr R,0.22549697098049049,0.8066745956983249,0.4904509549045096,0.8710821225569751,0.5095490450954905,76,False,10000,0.20973557692307693,0.05588942307692307,2
Bipolar disorder,bipolar,broad,165,Red N L,-2.294415254742503,0.9967003299670033,0.7579242075792421,0.9603333244657186,0.24207579242075794,108,False,10000,0.15102163461538462,0.07154447115384616,4
Bipolar disorder,bipolar,broad,166,Red N R,-0.5176365621224013,0.9133124423406717,0.6353364663533647,0.9046804057458332,0.3646635336466353,95,False,10000,0.27962740384615387,0.07193509615384613,2
Bipolar disorder,bipolar,broad,167,LC L,-2.6478417983984595,0.9967003299670033,0.9912008799120088,0.9922007799220078,0.008799120087991219,137,False,10000,0.019783266129032258,0.05740442772952853,4
Bipolar disorder,bipolar,broad,168,LC R,-1.4094248626541632,0.9967003299670033,0.8813118688131187,0.9922007799220078,0.11868813118688126,119,False,10000,0.04639423076923077,0.015144230769230771,2
Bipolar disorder,bipolar,broad,169,Raphe D,-1.6568179176693008,0.9967003299670033,0.7063293670632936,0.9283185967117573,0.29367063293670637,105,False,10000,0.054266826923076925,0.00042067307692307543,2
Bipolar disorder,bipolar,broad,170,Raphe M,-2.107153391442052,0.9967003299670033,0.9808019198080192,0.9922007799220078,0.01919808019198077,135,False,10000,0.13076923076923078,0.1075721153846154,3
Bipolar disorder,bipolar,stringent,1,Precentral L,-1.7006664375742895,0.9999000099990001,0.9399060093990601,0.9874376198743762,0.060093990600939895,131,False,10000,0.2674937965260546,0.1184999224565757,6
Bipolar disorder,bipolar,stringent,2,Precentral R,-1.1440024172099783,0.9999000099990001,0.8740125987401259,0.9863890534023522,0.12598740125987407,121,False,10000,0.2899639423076923,0.09465144230769235,2
Bipolar disorder,bipolar,stringent,3,Frontal Sup 2 L,-0.043772322148655736,0.8284747282847473,0.5328467153284672,0.8511426085114261,0.46715328467153283,83,False,10000,0.4838709677419355,0.2688517757444169,6
Bipolar disorder,bipolar,stringent,4,Frontal Sup 2 R,-0.21311253235383276,0.8284747282847473,0.6055394460553944,0.8511426085114261,0.39446055394460555,98,False,10000,0.36568509615384615,0.1733774038461538,2
Bipolar disorder,bipolar,stringent,5,Frontal Mid 2 L,-0.2469846187398313,0.8284747282847473,0.622937706229377,0.8511426085114261,0.37706229377062295,101,False,10000,0.559181141439206,0.13368486352357323,6
Bipolar disorder,bipolar,stringent,6,Frontal Mid 2 R,-0.28965014104286985,0.8425355484253555,0.6518348165183482,0.8733320842673015,0.3481651834816518,103,False,10000,0.5071514423076924,0.07746394230769227,2
Bipolar disorder,bipolar,stringent,7,Frontal Inf Oper L,0.05116489094524733,0.8284747282847473,0.507949205079492,0.8511426085114261,0.49205079492050796,77,False,10000,0.45384615384615384,0.2621588089330025,3
Bipolar disorder,bipolar,stringent,8,Frontal Inf Oper R,-0.1626471544616682,0.8284747282847473,0.5852414758524147,0.8511426085114261,0.4147585241475853,91,False,10000,0.33209134615384617,0.16021634615384617,2
Bipolar disorder,bipolar,stringent,9,Frontal Inf Tri L,0.2589534227084334,0.8284747282847473,0.41425857414258577,0.8511426085114261,0.5857414258574143,64,False,10000,0.7640198511166253,0.07171215880893311,6
Bipolar disorder,bipolar,stringent,10,Frontal Inf Tri R,-0.6471700912332082,0.9550708480553813,0.7584241575842415,0.9458891948642973,0.24157584241575847,109,False,10000,0.5485576923076922,0.23605769230769236,2
Bipolar disorder,bipolar,stringent,11,Frontal Inf Orb 2 L,0.5920030234561628,0.8003199680031998,0.29517048295170484,0.8511426085114261,0.7048295170482952,43,False,10000,0.7346153846153847,0.38076923076923075,6
Bipolar disorder,bipolar,stringent,12,Frontal Inf Orb 2 R,-0.5892099233381376,0.9385665207064199,0.7586241375862414,0.9458891948642973,0.24137586241375864,110,False,10000,0.4472956730769231,0.2988581730769231,2
Bipolar disorder,bipolar,stringent,13,Rolandic Oper L,-0.9028025659405211,0.9999000099990001,0.7936206379362064,0.9674498067434636,0.2063793620637936,112,False,10000,0.498991935483871,0.22790787841191062,6
Bipolar disorder,bipolar,stringent,14,Rolandic Oper R,-0.20605361322804353,0.8284747282847473,0.5985401459854015,0.8511426085114261,0.4014598540145985,95,False,10000,0.7128605769230769,0.040985576923076916,2
Bipolar disorder,bipolar,stringent,15,Supp Motor Area L,-1.679578559739508,0.9999000099990001,0.9626037396260374,0.9987918501382945,0.0373962603739626,133,False,10000,0.13709677419354838,0.346712158808933,6
Bipolar disorder,bipolar,stringent,16,Supp Motor Area R,-1.2242735653368921,0.9999000099990001,0.8986101389861014,0.9863890534023522,0.10138986101389857,124,False,10000,0.22938701923076923,0.09092548076923074,2
Bipolar disorder,bipolar,stringent,17,Olfactory L,-0.5332466934736959,0.9200394246289657,0.7241275872412759,0.9339215611149165,0.2758724127587241,107,False,10000,0.4012019230769231,0.5672417803970223,4
Bipolar disorder,bipolar,stringent,18,Olfactory R,-0.017482733655311507,0.8284747282847473,0.5195480451954805,0.8511426085114261,0.4804519548045195,81,False,10000,0.29699519230769234,0.18762019230769228,2
Bipolar disorder,bipolar,stringent,19,Frontal Sup Medial L,-0.20599614306624617,0.8284747282847473,0.5878412158784122,0.8511426085114261,0.4121587841215878,92,False,10000,0.7632754342431762,0.1986206963399504,6
Bipolar disorder,bipolar,stringent,20,Frontal Sup Medial R,0.4718886066968773,0.8003199680031998,0.31586841315868414,0.8511426085114261,0.6841315868413158,45,False,10000,0.5498197115384615,0.42674278846153846,2
Bipolar disorder,bipolar,stringent,21,Frontal Med Orb L,0.7890709244956777,0.8003199680031998,0.21697830216978303,0.8511426085114261,0.7830216978302169,32,False,10000,0.8032258064516129,0.20281482630272962,6
Bipolar disorder,bipolar,stringent,22,Frontal Med Orb R,0.18280206638433869,0.8284747282847473,0.43325667433256676,0.8511426085114261,0.5667433256674332,67,False,10000,0.6679086538461538,0.16021634615384617,2
Bipolar disorder,bipolar,stringent,23,Rectus L,0.5976343864889004,0.8003199680031998,0.31796820317968205,0.8511426085114261,0.682031796820318,46,False,10000,0.6680947580645161,0.4257541098014888,6
Bipolar disorder,bipolar,stringent,24,Rectus R,0.3414566978868149,0.8143376138576619,0.3882611738826117,0.8511426085114261,0.6117388261173883,62,False,10000,0.7407451923076923,0.0561298076923078,2
Bipolar disorder,bipolar,stringent,25,OFCmed L,1.154325246547202,0.720594607205946,0.17638236176382363,0.8511426085114261,0.8236176382361764,27,False,10000,0.758560794044665,0.34410669975186114,6
Bipolar disorder,bipolar,stringent,26,OFCmed R,0.6801268835948248,0.8003199680031998,0.23647635236476353,0.8511426085114261,0.7635236476352365,36,False,10000,0.6980168269230769,0.04417067307692302,2
Bipolar disorder,bipolar,stringent,27,OFCant L,1.3336344502624848,0.720594607205946,0.0715928407159284,0.8511426085114261,0.9284071592840716,9,False,10000,0.8631513647642679,0.30682382133995045,6
Bipolar disorder,bipolar,stringent,28,OFCant R,1.5824194466537798,0.720594607205946,0.0791920807919208,0.8511426085114261,0.9208079192080791,11,False,10000,0.5920673076923078,0.37668269230769236,2
Bipolar disorder,bipolar,stringent,29,OFCpost L,0.22672738475260393,0.8284747282847473,0.4336566343365663,0.8511426085114261,0.5663433656634337,68,False,10000,0.4115384615384615,0.4045905707196029,6
Bipolar disorder,bipolar,stringent,30,OFCpost R,0.542941906361738,0.8003199680031998,0.29087091290870914,0.8511426085114261,0.7091290870912909,41,False,10000,0.6926682692307693,0.14579326923076918,2
Bipolar disorder,bipolar,stringent,31,OFClat L,0.004406154994545366,0.8284747282847473,0.5104489551044895,0.8511426085114261,0.4895510448955105,78,False,10000,0.4841191066997519,0.4558312655086849,4
Bipolar disorder,bipolar,stringent,32,OFClat R,0.571657998465732,0.8003199680031998,0.3030696930306969,0.8511426085114261,0.6969303069693031,44,False,10000,0.634375,0.16562500000000013,2
Bipolar disorder,bipolar,stringent,33,Insula L,0.4584235928180649,0.8003199680031998,0.36066393360663934,0.8511426085114261,0.6393360663933607,58,False,10000,0.69375,0.07551954094292801,6
Bipolar disorder,bipolar,stringent,34,Insula R,0.6107626310217464,0.8003199680031998,0.24567543245675433,0.8511426085114261,0.7543245675432457,38,False,10000,0.5972355769230769,0.04338942307692295,2
Bipolar disorder,bipolar,stringent,37,Cingulate Mid L,0.46248297881106126,0.8003199680031998,0.3287671232876712,0.8511426085114261,0.6712328767123288,52,False,10000,0.5307692307692308,0.4178524348635235,6
Bipolar disorder,bipolar,stringent,38,Cingulate Mid R,-0.23680773222886142,0.8284747282847473,0.6198380161983802,0.8511426085114261,0.3801619838016198,100,False,10000,0.3677283653846154,0.0630408653846154,2
Bipolar disorder,bipolar,stringent,39,Cingulate Post L,0.7888125680294081,0.8003199680031998,0.268973102689731,0.8511426085114261,0.7310268973102689,40,False,10000,0.5230769230769231,0.17741935483870963,5
Bipolar disorder,bipolar,stringent,41,Hippocampus L,0.4040954763536016,0.8056990911078383,0.36606339366063395,0.8511426085114261,0.6339366063393661,59,False,10000,0.43989415322580644,0.18508355303970225,6
Bipolar disorder,bipolar,stringent,42,Hippocampus R,-0.1350403622341494,0.8284747282847473,0.5642435756424358,0.8511426085114261,0.43575642435756423,88,False,10000,0.2957331730769231,0.1495793269230769,2
Bipolar disorder,bipolar,stringent,43,ParaHippocampal L,-0.502868494184793,0.9200394246289657,0.673032696730327,0.8930626168152415,0.32696730326967305,104,False,10000,0.20992555831265508,0.28157568238213404,6
Bipolar disorder,bipolar,stringent,44,ParaHippocampal R,0.41591644486924495,0.8003199680031998,0.3554644535546445,0.8511426085114261,0.6445355464453555,56,False,10000,0.6037860576923078,0.11159855769230764,2
Bipolar disorder,bipolar,stringent,45,Amygdala L,1.6682543065790683,0.720594607205946,0.08049195080491951,0.8511426085114261,0.9195080491950804,12,False,10000,0.8461538461538461,0.2224759615384615,5
Bipolar disorder,bipolar,stringent,46,Amygdala R,1.118704647150114,0.720594607205946,0.1493850614938506,0.8511426085114261,0.8506149385061494,20,False,10000,0.4603966346153846,0.3911658653846153,2
Bipolar disorder,bipolar,stringent,47,Calcarine L,0.7946832751541656,0.8003199680031998,0.24017598240175983,0.8511426085114261,0.7598240175982401,37,False,10000,0.5115384615384615,0.27866004962779156,6
Bipolar disorder,bipolar,stringent,48,Calcarine R,0.9900712751419344,0.779384130552462,0.22917708229177083,0.8511426085114261,0.7708229177082292,34,False,10000,0.3975360576923077,0.2821514423076923,2
Bipolar disorder,bipolar,stringent,49,Cuneus L,-0.024912739052319832,0.8284747282847473,0.5107489251074893,0.8511426085114261,0.48925107489251074,79,False,10000,0.06451612903225806,0.33548387096774196,5
Bipolar disorder,bipolar,stringent,51,Lingual L,0.8427851150623469,0.8003199680031998,0.19358064193580643,0.8511426085114261,0.8064193580641936,29,False,10000,0.4461538461538462,0.3707273573200993,6
Bipolar disorder,bipolar,stringent,52,Lingual R,1.1161386550670036,0.720594607205946,0.0964903509649035,0.8511426085114261,0.9035096490350965,13,False,10000,0.683233173076923,0.1370793269230769,2
Bipolar disorder,bipolar,stringent,53,Occipital Sup L,0.07482000407315385,0.8284747282847473,0.48875112488751127,0.8511426085114261,0.5112488751124887,73,False,10000,0.531637717121588,0.400289818548387,4
Bipolar disorder,bipolar,stringent,55,Occipital Mid L,0.42047232962999265,0.8003199680031998,0.3370662933706629,0.8511426085114261,0.662933706629337,53,False,10000,0.532258064516129,0.41675810328784113,6
Bipolar disorder,bipolar,stringent,56,Occipital Mid R,0.0335902862699276,0.8284747282847473,0.49825017498250174,0.8511426085114261,0.5017498250174983,74,False,10000,0.49284855769230773,0.07746394230769227,2
Bipolar disorder,bipolar,stringent,57,Occipital Inf L,0.4537098327707496,0.8003199680031998,0.35906409359064095,0.8511426085114261,0.640935906409359,57,False,10000,0.685483870967742,0.321319595223325,6
Bipolar disorder,bipolar,stringent,58,Occipital Inf R,1.0339704817359687,0.7392117931064035,0.1513848615138486,0.8511426085114261,0.8486151384861513,21,False,10000,0.5872596153846154,0.25649038461538454,2
Bipolar disorder,bipolar,stringent,59,Fusiform L,0.38490534249652036,0.8108989101089891,0.3822617738226177,0.8511426085114261,0.6177382261773823,61,False,10000,0.34110576923076924,0.1753295595533499,6
Bipolar disorder,bipolar,stringent,60,Fusiform R,0.8063964464437721,0.8003199680031998,0.21997800219978003,0.8511426085114261,0.78002199780022,33,False,10000,0.5304086538461539,0.07728365384615377,2
Bipolar disorder,bipolar,stringent,61,Postcentral L,-0.8204660073745346,0.9999000099990001,0.754024597540246,0.9458891948642973,0.24597540245975402,108,False,10000,0.38079637096774194,0.2684378877171216,6
Bipolar disorder,bipolar,stringent,62,Postcentral R,-0.183983769650635,0.8284747282847473,0.5927407259274072,0.8511426085114261,0.40725927407259277,93,False,10000,0.375,0.125,2
Bipolar disorder,bipolar,stringent,63,Parietal Sup L,0.009468939719714492,0.8284747282847473,0.5061493850614939,0.8511426085114261,0.4938506149385061,76,False,10000,0.5492555831265509,0.32074480459057075,6
Bipolar disorder,bipolar,stringent,64,Parietal Sup R,-0.07621278052331894,0.8284747282847473,0.5334466553344666,0.8511426085114261,0.46655334466553344,84,False,10000,0.12049278846153846,0.04356971153846152,2
Bipolar disorder,bipolar,stringent,65,Parietal Inf L,-0.17304410221433822,0.8284747282847473,0.5603439656034397,0.8511426085114261,0.4396560343965603,87,False,10000,0.6115384615384616,0.1137096774193549,6
Bipolar disorder,bipolar,stringent,66,Parietal Inf R,1.1744532729181294,0.720594607205946,0.15498450154984503,0.8511426085114261,0.845015498450155,22,False,10000,0.5055288461538461,0.2867788461538462,2
Bipolar disorder,bipolar,stringent,67,SupraMarginal L,-1.2502491899612844,0.9999000099990001,0.8892110788921108,0.9863890534023522,0.11078892110788918,122,False,10000,0.20665322580645162,0.30380738213399505,6
Bipolar disorder,bipolar,stringent,68,SupraMarginal R,-0.10766472242114293,0.8284747282847473,0.5708429157084292,0.8511426085114261,0.42915708429157085,89,False,10000,0.39326923076923076,0.2682692307692308,2
Bipolar disorder,bipolar,stringent,69,Angular L,1.0604363291695955,0.720594607205946,0.1887811218878112,0.8511426085114261,0.8112188781121887,28,False,10000,0.47692307692307695,0.5035282258064516,5
Bipolar disorder,bipolar,stringent,70,Angular R,-1.403086790845273,0.9999000099990001,0.9153084691530847,0.9863890534023522,0.08469153084691527,128,False,10000,0.19008413461538462,0.020853365384615408,2
Bipolar disorder,bipolar,stringent,71,Precuneus L,0.4239108638160206,0.8003199680031998,0.3518648135186481,0.8511426085114261,0.6481351864813518,55,False,10000,0.37915826612903225,0.5877161522952854,6
Bipolar disorder,bipolar,stringent,72,Precuneus R,0.8832548633274709,0.8003199680031998,0.20687931206879312,0.8511426085114261,0.7931206879312069,31,False,10000,0.3375,0.03750000000000003,2
Bipolar disorder,bipolar,stringent,73,Paracentral Lobule L,-1.6373075419281133,0.9999000099990001,0.9292070792920708,0.9863890534023522,0.0707929207079292,130,False,10000,0.16922883064516128,0.35415535825062033,6
Bipolar disorder,bipolar,stringent,74,Paracentral Lobule R,0.6074701559490043,0.8003199680031998,0.26417358264173585,0.8511426085114261,0.7358264173582642,39,False,10000,0.7268028846153847,0.25757211538461544,2
Bipolar disorder,bipolar,stringent,75,Caudate L,1.4868275800598043,0.720594607205946,0.10058994100589941,0.8511426085114261,0.8994100589941005,15,False,10000,0.8769230769230769,0.0561365927419355,6
Bipolar disorder,bipolar,stringent,76,Caudate R,1.6080037383608996,0.720594607205946,0.0655934406559344,0.8511426085114261,0.9344065593440656,8,False,10000,0.8643629807692308,0.002824519230769207,2
Bipolar disorder,bipolar,stringent,77,Putamen L,1.354284992262847,0.720594607205946,0.1095890410958904,0.8511426085114261,0.8904109589041096,17,False,10000,0.6615384615384616,0.32767427884615385,6
Bipolar disorder,bipolar,stringent,78,Putamen R,2.0705185061523164,0.720594607205946,0.027797220277972202,0.8511426085114261,0.9722027797220278,2,False,10000,0.8380408653846154,0.10727163461538469,2
Bipolar disorder,bipolar,stringent,79,Pallidum L,-0.194622764485229,0.8284747282847473,0.6047395260473952,0.8511426085114261,0.3952604739526048,97,False,10000,0.43548387096774194,0.12344913151364761,6
Bipolar disorder,bipolar,stringent,80,Pallidum R,-1.4054423123243014,0.9999000099990001,0.8312168783121687,0.9735043444808061,0.16878312168783127,117,False,10000,0.37734375,0.17734374999999997,2
Bipolar disorder,bipolar,stringent,83,Heschl L,0.18968882943880291,0.8284747282847473,0.45565443455654436,0.8511426085114261,0.5443455654434557,70,False,10000,0.5967741935483871,0.5555831265508685,5
Bipolar disorder,bipolar,stringent,84,Heschl R,0.46444853040250184,0.8003199680031998,0.32726727327267274,0.8511426085114261,0.6727327267273273,49,False,10000,0.6029447115384615,0.27986778846153837,2
Bipolar disorder,bipolar,stringent,85,Temporal Sup L,1.9605573667366987,0.720594607205946,0.0420957904209579,0.8511426085114261,0.9579042095790421,4,False,10000,0.5967741935483871,0.22382133995037218,6
Bipolar disorder,bipolar,stringent,86,Temporal Sup R,1.22952728604163,0.720594607205946,0.07429257074292571,0.8511426085114261,0.9257074292570743,10,False,10000,0.49314903846153846,0.11622596153846154,2
Bipolar disorder,bipolar,stringent,87,Temporal Pole Sup L,0.6307396428398468,0.8003199680031998,0.3270672932706729,0.8511426085114261,0.6729327067293271,48,False,10000,0.4692540322580645,0.22765586228287843,6
Bipolar disorder,bipolar,stringent,88,Temporal Pole Sup R,-0.16472969675174362,0.8284747282847473,0.5955404459554045,0.8511426085114261,0.40445955404459555,94,False,10000,0.44717548076923075,0.1856370192307692,2
Bipolar disorder,bipolar,stringent,89,Temporal Mid L,1.9164583063107299,0.720594607205946,0.055094490550944904,0.8511426085114261,0.944905509449055,6,False,10000,0.6507211538461539,0.16266671836228286,6
Bipolar disorder,bipolar,stringent,90,Temporal Mid R,0.47675094011894975,0.8003199680031998,0.32556744325567444,0.8511426085114261,0.6744325567443256,47,False,10000,0.522295673076923,0.12385817307692315,2
Bipolar disorder,bipolar,stringent,91,Temporal Pole Mid L,-0.08835493059359202,0.8284747282847473,0.5506449355064493,0.8511426085114261,0.44935506449355067,85,False,10000,0.49528535980148886,0.7561414392059553,4
Bipolar disorder,bipolar,stringent,93,Temporal Inf L,1.2683243275817446,0.720594607205946,0.11798820117988201,0.8511426085114261,0.8820117988201179,19,False,10000,0.6660049627791563,0.19829695254342428,6
Bipolar disorder,bipolar,stringent,94,Temporal Inf R,0.6061732849334897,0.8003199680031998,0.29227077292270776,0.8511426085114261,0.7077292270772922,42,False,10000,0.45354567307692306,0.007391826923076883,2
Bipolar disorder,bipolar,stringent,95,Cerebellum Crus1 L,1.1256452384637143,0.720594607205946,0.1678832116788321,0.8511426085114261,0.8321167883211679,25,False,10000,0.4807692307692308,0.22642679900744422,6
Bipolar disorder,bipolar,stringent,96,Cerebellum Crus1 R,1.0932560944090521,0.720594607205946,0.15708429157084292,0.8511426085114261,0.8429157084291571,23,False,10000,0.7033653846153847,0.26586538461538456,2
Bipolar disorder,bipolar,stringent,97,Cerebellum Crus2 L,1.4228861314976664,0.720594607205946,0.10208979102089791,0.8511426085114261,0.8979102089791021,16,False,10000,0.6268028846153846,0.3866605924317619,6
Bipolar disorder,bipolar,stringent,98,Cerebellum Crus2 R,1.9418257632535272,0.720594607205946,0.024197580241975804,0.8511426085114261,0.9758024197580242,1,False,10000,0.8402644230769231,0.10588942307692295,2
Bipolar disorder,bipolar,stringent,101,Cerebellum 4 5 L,0.3315181663411383,0.8143376138576619,0.3975602439756024,0.8511426085114261,0.6024397560243976,63,False,10000,0.5615384615384615,0.4652605459057072,6
Bipolar disorder,bipolar,stringent,102,Cerebellum 4 5 R,1.2105563646400188,0.720594607205946,0.0978902109789021,0.8511426085114261,0.9021097890210978,14,False,10000,0.7624399038461538,0.1452524038461539,2
Bipolar disorder,bipolar,stringent,103,Cerebellum 6 L,0.8901701151680492,0.8003199680031998,0.20627937206279373,0.8511426085114261,0.7937206279372062,30,False,10000,0.44330024813895785,0.6590871200372209,6
Bipolar disorder,bipolar,stringent,104,Cerebellum 6 R,1.5730990486015186,0.720594607205946,0.056894310568943104,0.8511426085114261,0.9431056894310569,7,False,10000,0.6417067307692308,0.2801682692307693,2
Bipolar disorder,bipolar,stringent,105,Cerebellum 7b L,1.1773292215997417,0.720594607205946,0.1161883811618838,0.8511426085114261,0.8838116188381162,18,False,10000,0.6549879807692307,0.2012901287220843,6
Bipolar disorder,bipolar,stringent,106,Cerebellum 7b R,1.9232298230793756,0.720594607205946,0.0367963203679632,0.8511426085114261,0.9632036796320368,3,False,10000,0.6217548076923076,0.29362980769230773,2
Bipolar disorder,bipolar,stringent,107,Cerebellum 8 L,0.4490170775995238,0.8003199680031998,0.3277672232776722,0.8511426085114261,0.6722327767223277,50,False,10000,0.331023185483871,0.23684572735732012,6
Bipolar disorder,bipolar,stringent,108,Cerebellum 8 R,0.1296891746806534,0.8284747282847473,0.46225377462253775,0.8511426085114261,0.5377462253774623,71,False,10000,0.32872596153846156,0.09435096153846151,2
Bipolar disorder,bipolar,stringent,109,Cerebellum 9 L,1.2647186851141572,0.720594607205946,0.1688831116888311,0.8511426085114261,0.8311168883111689,26,False,10000,0.3828125,0.43052109181141446,5
Bipolar disorder,bipolar,stringent,110,Cerebellum 9 R,-0.10394400965461315,0.8284747282847473,0.5557444255574443,0.8511426085114261,0.4442555744425557,86,False,10000,0.41592548076923075,0.34561298076923075,2
Bipolar disorder,bipolar,stringent,111,Cerebellum 10 L,-0.9469337917321203,0.9999000099990001,0.8132186781321867,0.9674498067434636,0.18678132186781327,116,False,10000,0.12903225806451613,0.07518610421836228,3
Bipolar disorder,bipolar,stringent,118,Vermis 8,-1.4009449422632891,0.9999000099990001,0.8902109789021098,0.9863890534023522,0.10978902109789024,123,False,10000,0.0625,0.17692307692307693,3
Bipolar disorder,bipolar,stringent,119,Vermis 9,-1.4633709581893939,0.9999000099990001,0.9063093690630937,0.9863890534023522,0.09369063093690633,126,False,10000,0.034915865384615385,0.03506610576923077,4
Bipolar disorder,bipolar,stringent,121,Thal AV L,1.3745796812300781,0.720594607205946,0.1603839616038396,0.8511426085114261,0.8396160383961604,24,False,10000,0.9307692307692308,0.15347394540942916,4
Bipolar disorder,bipolar,stringent,122,Thal AV R,-0.5067108122282757,0.9200394246289657,0.7039296070392961,0.9251646263945034,0.2960703929607039,105,False,10000,0.5637019230769231,0.21754807692307698,2
Bipolar disorder,bipolar,stringent,125,Thal VA L,-1.162513423237283,0.9999000099990001,0.8068193180681932,0.9674498067434636,0.19318068193180682,115,False,10000,0.625,0.2759305210918114,5
Bipolar disorder,bipolar,stringent,127,Thal VL L,-0.8282397447273655,0.9999000099990001,0.7115288471152885,0.9263300085085832,0.2884711528847115,106,False,10000,0.5950721153846155,0.5639403691066998,6
Bipolar disorder,bipolar,stringent,128,Thal VL R,-1.734009536884271,0.9999000099990001,0.9248075192480751,0.9863890534023522,0.07519248075192486,129,False,10000,0.2993990384615385,0.12247596153846155,2
Bipolar disorder,bipolar,stringent,129,Thal VPL L,-1.398609717387696,0.9999000099990001,0.8654134586541345,0.9863890534023522,0.13458654134586545,119,False,10000,0.4115384615384615,0.610642834987593,6
Bipolar disorder,bipolar,stringent,130,Thal VPL R,-1.0830494782938032,0.9999000099990001,0.7976202379762024,0.9674498067434636,0.2023797620237976,113,False,10000,0.6742788461538461,0.018028846153846034,2
Bipolar disorder,bipolar,stringent,131,Thal IL L,-2.0612119029853107,0.9999000099990001,0.9445055494450555,0.9874376198743762,0.05549445055494451,132,False,10000,0.3359375,0.2858560794044665,5
Bipolar disorder,bipolar,stringent,135,Thal MDm L,0.5835423409368296,0.8003199680031998,0.3281671832816718,0.8511426085114261,0.6718328167183282,51,False,10000,0.1774193548387097,0.27758413461538467,3
Bipolar disorder,bipolar,stringent,136,Thal MDm R,-0.2208488147750317,0.8284747282847473,0.5784421557844216,0.8511426085114261,0.4215578442155784,90,False,10000,0.3771033653846154,0.14633413461538464,2
Bipolar disorder,bipolar,stringent,137,Thal MDl L,-0.3687693928700309,0.8647135286471354,0.6020397960203979,0.8511426085114261,0.3979602039796021,96,False,10000,0.36923076923076925,0.45272952853598014,3
Bipolar disorder,bipolar,stringent,139,Thal LGN L,-2.4059489843131456,0.9999000099990001,0.9854014598540146,0.9999000099990001,0.014598540145985384,135,False,10000,0.3225806451612903,0.352570564516129,5
Bipolar disorder,bipolar,stringent,140,Thal LGN R,-3.4235871729019696,0.9999000099990001,0.9971002899710029,0.9999000099990001,0.002899710028997138,137,False,10000,0.31177884615384616,0.21947115384615387,2
Bipolar disorder,bipolar,stringent,141,Thal MGN L,-1.9002585294534424,0.9999000099990001,0.9843015698430156,0.9999000099990001,0.015698430156984355,134,False,10000,0.3,0.2692307692307693,2
Bipolar disorder,bipolar,stringent,143,Thal PuI L,0.2025624519886668,0.8284747282847473,0.43845615438456154,0.8511426085114261,0.5615438456154385,69,False,10000,0.6461538461538462,0.3538461538461538,2
Bipolar disorder,bipolar,stringent,144,Thal PuI R,0.24182650324282293,0.8284747282847473,0.43255674432556745,0.8511426085114261,0.5674432556744325,66,False,10000,0.9104567307692308,0.051081730769230727,2
Bipolar disorder,bipolar,stringent,145,Thal PuM L,0.5117372599606735,0.8003199680031998,0.3511648835116488,0.8511426085114261,0.6488351164883512,54,False,10000,0.6640625,0.5330024813895782,5
Bipolar disorder,bipolar,stringent,146,Thal PuM R,0.012015833796407286,0.8284747282847473,0.5054494550544946,0.8511426085114261,0.49455054494550543,75,False,10000,0.5462740384615384,0.030649038461538547,2
Bipolar disorder,bipolar,stringent,147,Thal PuA L,0.29001762377349694,0.8195086741325868,0.41485851414858516,0.8511426085114261,0.5851414858514148,65,False,10000,0.9354838709677419,0.03461538461538449,3
Bipolar disorder,bipolar,stringent,148,Thal PuA R,0.06896583736897295,0.8284747282847473,0.48705129487051296,0.8511426085114261,0.512948705129487,72,False,10000,0.6670673076923077,0.05168269230769229,2
Bipolar disorder,bipolar,stringent,153,ACC pre L,0.7562512149479179,0.8003199680031998,0.23127687231276872,0.8511426085114261,0.7687231276872313,35,False,10000,0.5076923076923077,0.36050907258064524,3
Bipolar disorder,bipolar,stringent,154,ACC pre R,-0.06315816265867849,0.8284747282847473,0.5187481251874813,0.8511426085114261,0.48125187481251874,80,False,10000,0.7404447115384616,0.017367788461538525,2
Bipolar disorder,bipolar,stringent,155,ACC sup L,-0.02060914231369415,0.8284747282847473,0.5327467253274673,0.8511426085114261,0.46725327467253275,82,False,10000,0.4617866004962779,0.525454598325062,6
Bipolar disorder,bipolar,stringent,156,ACC sup R,0.3468900773722864,0.8143376138576619,0.3701629837016298,0.8511426085114261,0.6298370162983702,60,False,10000,0.8097956730769231,0.03635817307692302,2
Bipolar disorder,bipolar,stringent,157,N Acc L,-0.2721996510172415,0.8374382561743825,0.6160383961603839,0.8511426085114261,0.3839616038396161,99,False,10000,0.47692307692307695,0.43548387096774194,5
Bipolar disorder,bipolar,stringent,158,N Acc R,1.776896456638057,0.720594607205946,0.0527947205279472,0.8511426085114261,0.9472052794720528,5,False,10000,0.8207932692307692,0.11766826923076912,2
Bipolar disorder,bipolar,stringent,161,SN pc L,-2.594486408494929,0.9999000099990001,0.9125087491250875,0.9863890534023522,0.0874912508749125,127,False,10000,0.059097782258064516,0.026839717741935477,2
Bipolar disorder,bipolar,stringent,163,SN pr L,-1.2030160714070313,0.9999000099990001,0.7608239176082392,0.9458891948642973,0.2391760823917608,111,False,10000,0.3225806451612903,0.29503722084367245,5
Bipolar disorder,bipolar,stringent,164,SN pr R,-1.4094046574470043,0.9999000099990001,0.9047095290470953,0.9863890534023522,0.09529047095290466,125,False,10000,0.20973557692307693,0.05588942307692307,2
Bipolar disorder,bipolar,stringent,165,Red N L,-2.580464653176273,0.9999000099990001,0.802019798020198,0.9674498067434636,0.19798020197980204,114,False,10000,0.15102163461538462,0.07154447115384616,4
Bipolar disorder,bipolar,stringent,166,Red N R,-1.7508794941616201,0.9999000099990001,0.8706129387061294,0.9863890534023522,0.12938706129387056,120,False,10000,0.27962740384615387,0.07193509615384613,2
Bipolar disorder,bipolar,stringent,167,LC L,-3.5188059740479223,0.9999000099990001,0.9999000099990001,0.9999000099990001,9.999000099991662e-05,138,False,10000,0.019783266129032258,0.05740442772952853,4
Bipolar disorder,bipolar,stringent,168,LC R,-1.3440628596019406,0.9999000099990001,0.8324167583241676,0.9735043444808061,0.16758324167583238,118,False,10000,0.04639423076923077,0.015144230769230771,2
Bipolar disorder,bipolar,stringent,169,Raphe D,-1.5561779221939531,0.9999000099990001,0.6359364063593641,0.8603845497803162,0.3640635936406359,102,False,10000,0.054266826923076925,0.00042067307692307543,2
Bipolar disorder,bipolar,stringent,170,Raphe M,-1.9047055017655863,0.9999000099990001,0.9869013098690131,0.9999000099990001,0.013098690130986856,136,False,10000,0.13076923076923078,0.1075721153846154,3
Bipolar disorder,bipolar,weighted,1,Precentral L,-1.4072187991755334,0.9989139547583703,0.9164083591640836,0.9749255843646405,0.08359164083591641,129,False,10000,0.2674937965260546,0.1184999224565757,6
Bipolar disorder,bipolar,weighted,2,Precentral R,-0.9994710697665539,0.9989139547583703,0.8538146185381462,0.9749255843646405,0.14618538146185378,113,False,10000,0.2899639423076923,0.09465144230769235,2
Bipolar disorder,bipolar,weighted,3,Frontal Sup 2 L,-0.11440742928607749,0.8503399660033998,0.5744425557444256,0.8816279662356344,0.4255574442555744,88,False,10000,0.4838709677419355,0.2688517757444169,6
Bipolar disorder,bipolar,weighted,4,Frontal Sup 2 R,-1.021126545551879,0.9989139547583703,0.8884111588841116,0.9749255843646405,0.1115888411158884,123,False,10000,0.36568509615384615,0.1733774038461538,2
Bipolar disorder,bipolar,weighted,5,Frontal Mid 2 L,0.026561909317992752,0.7848979807901564,0.5182481751824818,0.841391155002147,0.4817518248175182,85,False,10000,0.559181141439206,0.13368486352357323,6
Bipolar disorder,bipolar,weighted,6,Frontal Mid 2 R,0.3662641523764534,0.7066864742097217,0.36526347365263473,0.7419258074192581,0.6347365263473652,63,False,10000,0.5071514423076924,0.07746394230769227,2
Bipolar disorder,bipolar,weighted,7,Frontal Inf Oper L,0.8222641134494008,0.6834916508349166,0.2455754424557544,0.7199164698914723,0.7544245575442456,43,False,10000,0.45384615384615384,0.2621588089330025,3
Bipolar disorder,bipolar,weighted,8,Frontal Inf Oper R,0.15133148051285228,0.7585834009191673,0.46065393460653936,0.8079673960314812,0.5393460653934606,77,False,10000,0.33209134615384617,0.16021634615384617,2
Bipolar disorder,bipolar,weighted,9,Frontal Inf Tri L,0.31883891649951007,0.7137478033018615,0.39986001399860016,0.7558997524905043,0.6001399860013998,73,False,10000,0.7640198511166253,0.07171215880893311,6
Bipolar disorder,bipolar,weighted,10,Frontal Inf Tri R,0.1612853325162027,0.7585834009191673,0.46355364463553644,0.8079673960314812,0.5364463553644636,78,False,10000,0.5485576923076922,0.23605769230769236,2
Bipolar disorder,bipolar,weighted,11,Frontal Inf Orb 2 L,1.022598523450069,0.6834916508349166,0.1675832416758324,0.7199164698914723,0.8324167583241676,21,False,10000,0.7346153846153847,0.38076923076923075,6
Bipolar disorder,bipolar,weighted,12,Frontal Inf Orb 2 R,-0.8752507253077255,0.9989139547583703,0.8647135286471352,0.9749255843646405,0.13528647135286476,115,False,10000,0.4472956730769231,0.2988581730769231,2
Bipolar disorder,bipolar,weighted,13,Rolandic Oper L,-1.261781311206274,0.9989139547583703,0.9028097190280971,0.9749255843646405,0.09719028097190285,126,False,10000,0.498991935483871,0.22790787841191062,6
Bipolar disorder,bipolar,weighted,14,Rolandic Oper R,-0.31724903840360685,0.8869133494813783,0.6706329367063294,0.9293370662933708,0.3293670632936706,99,False,10000,0.7128605769230769,0.040985576923076916,2
Bipolar disorder,bipolar,weighted,15,Supp Motor Area L,-1.0790970708080754,0.9989139547583703,0.8768123187681232,0.9749255843646405,0.12318768123187684,119,False,10000,0.13709677419354838,0.346712158808933,6
Bipolar disorder,bipolar,weighted,16,Supp Motor Area R,-1.2780417225705794,0.9989139547583703,0.9184081591840816,0.9749255843646405,0.08159184081591841,130,False,10000,0.22938701923076923,0.09092548076923074,2
Bipolar disorder,bipolar,weighted,17,Olfactory L,-0.4262959756645102,0.9062004690620047,0.7242275772422758,0.9556530061279586,0.2757724227577242,102,False,10000,0.4012019230769231,0.5672417803970223,4
Bipolar disorder,bipolar,weighted,18,Olfactory R,0.10716469908734258,0.7637453122157664,0.48595140485951405,0.8079673960314812,0.514048595140486,83,False,10000,0.29699519230769234,0.18762019230769228,2
Bipolar disorder,bipolar,weighted,19,Frontal Sup Medial L,0.3859468604431854,0.7066864742097217,0.36806319368063195,0.7419258074192581,0.631936806319368,66,False,10000,0.7632754342431762,0.1986206963399504,6
Bipolar disorder,bipolar,weighted,20,Frontal Sup Medial R,0.31821612464463067,0.7137478033018615,0.3828617138286171,0.7538710917640632,0.6171382861713829,70,False,10000,0.5498197115384615,0.42674278846153846,2
Bipolar disorder,bipolar,weighted,21,Frontal Med Orb L,0.9026262772303199,0.6834916508349166,0.17198280171982802,0.7199164698914723,0.828017198280172,22,False,10000,0.8032258064516129,0.20281482630272962,6
Bipolar disorder,bipolar,weighted,22,Frontal Med Orb R,-0.125975954761292,0.8541645835416458,0.5803419658034197,0.8816279662356344,0.4196580341965803,90,False,10000,0.6679086538461538,0.16021634615384617,2
Bipolar disorder,bipolar,weighted,23,Rectus L,0.4371368434518725,0.7066864742097217,0.3678632136786321,0.7419258074192581,0.6321367863213678,65,False,10000,0.6680947580645161,0.4257541098014888,6
Bipolar disorder,bipolar,weighted,24,Rectus R,0.2720165018154644,0.7269694083223256,0.41505849415058493,0.7740280026051448,0.5849415058494151,74,False,10000,0.7407451923076923,0.0561298076923078,2
Bipolar disorder,bipolar,weighted,25,OFCmed L,1.2460594741428928,0.6834916508349166,0.1371862813718628,0.7199164698914723,0.8628137186281372,18,False,10000,0.758560794044665,0.34410669975186114,6
Bipolar disorder,bipolar,weighted,26,OFCmed R,0.5354257880538352,0.6834916508349166,0.29847015298470153,0.7355157341408716,0.7015298470152984,56,False,10000,0.6980168269230769,0.04417067307692302,2
Bipolar disorder,bipolar,weighted,27,OFCant L,0.9102963883465905,0.6834916508349166,0.17528247175282471,0.7199164698914723,0.8247175282471753,24,False,10000,0.8631513647642679,0.30682382133995045,6
Bipolar disorder,bipolar,weighted,28,OFCant R,1.021446223163443,0.6834916508349166,0.17498250174982502,0.7199164698914723,0.825017498250175,23,False,10000,0.5920673076923078,0.37668269230769236,2
Bipolar disorder,bipolar,weighted,29,OFCpost L,-0.24130862000922018,0.8628449655034497,0.6218378162183782,0.9033012488224863,0.3781621837816218,95,False,10000,0.4115384615384615,0.4045905707196029,6
Bipolar disorder,bipolar,weighted,30,OFCpost R,0.682637578541289,0.6834916508349166,0.25717428257174285,0.7199164698914723,0.7428257174282571,46,False,10000,0.6926682692307693,0.14579326923076918,2
Bipolar disorder,bipolar,weighted,31,OFClat L,-0.05913739090032372,0.8329925628126842,0.5448455154484552,0.8642377141596185,0.45515448455154484,87,False,10000,0.4841191066997519,0.4558312655086849,4
Bipolar disorder,bipolar,weighted,32,OFClat R,0.1454371780773871,0.7585834009191673,0.4717528247175283,0.8079673960314812,0.5282471752824718,80,False,10000,0.634375,0.16562500000000013,2
Bipolar disorder,bipolar,weighted,33,Insula L,0.6119160307141731,0.6834916508349166,0.2913708629137086,0.7310759833107598,0.7086291370862914,55,False,10000,0.69375,0.07551954094292801,6
Bipolar disorder,bipolar,weighted,34,Insula R,0.6721157977771486,0.6834916508349166,0.23767623237676233,0.7199164698914723,0.7623237676232377,41,False,10000,0.5972355769230769,0.04338942307692295,2
Bipolar disorder,bipolar,weighted,37,Cingulate Mid L,0.75380955138884,0.6834916508349166,0.22827717228277172,0.7199164698914723,0.7717228277172283,38,False,10000,0.5307692307692308,0.4178524348635235,6
Bipolar disorder,bipolar,weighted,38,Cingulate Mid R,0.524813159806459,0.6834916508349166,0.28087191280871915,0.7310759833107598,0.7191280871912809,53,False,10000,0.3677283653846154,0.0630408653846154,2
Bipolar disorder,bipolar,weighted,39,Cingulate Post L,1.008519548399991,0.6834916508349166,0.21607839216078392,0.7199164698914723,0.783921607839216,34,False,10000,0.5230769230769231,0.17741935483870963,5
Bipolar disorder,bipolar,weighted,41,Hippocampus L,0.15592481730519803,0.7585834009191673,0.4831516848315168,0.8079673960314812,0.5168483151684832,82,False,10000,0.43989415322580644,0.18508355303970225,6
Bipolar disorder,bipolar,weighted,42,Hippocampus R,-0.1634803281632981,0.8541645835416458,0.5941405859414058,0.8816279662356344,0.40585941405859416,93,False,10000,0.2957331730769231,0.1495793269230769,2
Bipolar disorder,bipolar,weighted,43,ParaHippocampal L,-0.7539510465428495,0.9989139547583703,0.7851214878512148,0.9749255843646405,0.21487851214878517,110,False,10000,0.20992555831265508,0.28157568238213404,6
Bipolar disorder,bipolar,weighted,44,ParaHippocampal R,0.3177544375713147,0.7137478033018615,0.39586041395860416,0.7558997524905043,0.6041395860413958,72,False,10000,0.6037860576923078,0.11159855769230764,2
Bipolar disorder,bipolar,weighted,45,Amygdala L,1.4225977300705948,0.6834916508349166,0.12308769123087691,0.7199164698914723,0.8769123087691231,16,False,10000,0.8461538461538461,0.2224759615384615,5
Bipolar disorder,bipolar,weighted,46,Amygdala R,0.935237937371659,0.6834916508349166,0.18488151184881513,0.7199164698914723,0.8151184881511848,26,False,10000,0.4603966346153846,0.3911658653846153,2
Bipolar disorder,bipolar,weighted,47,Calcarine L,0.6945405298716023,0.6834916508349166,0.2712728727127287,0.7199164698914723,0.7287271272872713,52,False,10000,0.5115384615384615,0.27866004962779156,6
Bipolar disorder,bipolar,weighted,48,Calcarine R,0.5737229020881398,0.6834916508349166,0.33136686331366866,0.7419258074192581,0.6686331366863314,59,False,10000,0.3975360576923077,0.2821514423076923,2
Bipolar disorder,bipolar,weighted,49,Cuneus L,-0.7520091447494155,0.9989139547583703,0.8215178482151785,0.9749255843646405,0.17848215178482152,112,False,10000,0.06451612903225806,0.33548387096774196,5
Bipolar disorder,bipolar,weighted,51,Lingual L,0.7335223069399784,0.6834916508349166,0.21937806219378062,0.7199164698914723,0.7806219378062194,36,False,10000,0.4461538461538462,0.3707273573200993,6
Bipolar disorder,bipolar,weighted,52,Lingual R,1.2679584712772158,0.6834916508349166,0.06079392060793921,0.7199164698914723,0.9392060793920608,5,False,10000,0.683233173076923,0.1370793269230769,2
Bipolar disorder,bipolar,weighted,53,Occipital Sup L,-0.167207011717757,0.8541645835416458,0.5747425257474252,0.8816279662356344,0.42525747425257476,89,False,10000,0.531637717121588,0.400289818548387,4
Bipolar disorder,bipolar,weighted,55,Occipital Mid L,0.37041609179840507,0.7066864742097217,0.36736326367363265,0.7419258074192581,0.6326367363263674,64,False,10000,0.532258064516129,0.41675810328784113,6
Bipolar disorder,bipolar,weighted,56,Occipital Mid R,0.40325402845997654,0.7066864742097217,0.36096390360963904,0.7419258074192581,0.639036096390361,62,False,10000,0.49284855769230773,0.07746394230769227,2
Bipolar disorder,bipolar,weighted,57,Occipital Inf L,0.29681558476584685,0.7258074192580742,0.4320567943205679,0.7845241791610312,0.567943205679432,76,False,10000,0.685483870967742,0.321319595223325,6
Bipolar disorder,bipolar,weighted,58,Occipital Inf R,0.5926124519912933,0.6834916508349166,0.26717328267173285,0.7199164698914723,0.7328267173282672,49,False,10000,0.5872596153846154,0.25649038461538454,2
Bipolar disorder,bipolar,weighted,59,Fusiform L,0.4444059455677515,0.7066864742097217,0.3551644835516448,0.7419258074192581,0.6448355164483552,61,False,10000,0.34110576923076924,0.1753295595533499,6
Bipolar disorder,bipolar,weighted,60,Fusiform R,1.475714147492753,0.6834916508349166,0.07039296070392961,0.7199164698914723,0.9296070392960704,7,False,10000,0.5304086538461539,0.07728365384615377,2
Bipolar disorder,bipolar,weighted,61,Postcentral L,-0.659661566391922,0.98845884642305,0.7252274772522748,0.9556530061279586,0.27477252274772523,103,False,10000,0.38079637096774194,0.2684378877171216,6
Bipolar disorder,bipolar,weighted,62,Postcentral R,-0.23719842218428946,0.8628449655034497,0.6446355364463554,0.9109905335997012,0.3553644635536446,97,False,10000,0.375,0.125,2
Bipolar disorder,bipolar,weighted,63,Parietal Sup L,-0.05630870353485782,0.8329925628126842,0.5332466753324667,0.8556748976265164,0.4667533246675333,86,False,10000,0.5492555831265509,0.32074480459057075,6
Bipolar disorder,bipolar,weighted,64,Parietal Sup R,-0.665922371545855,0.98845884642305,0.7636236376362364,0.9749255843646405,0.23637636236376358,107,False,10000,0.12049278846153846,0.04356971153846152,2
Bipolar disorder,bipolar,weighted,65,Parietal Inf L,0.03512404831596562,0.7848979807901564,0.5170482951704829,0.841391155002147,0.4829517048295171,84,False,10000,0.6115384615384616,0.1137096774193549,6
Bipolar disorder,bipolar,weighted,66,Parietal Inf R,0.7500765481143997,0.6834916508349166,0.26877312268773124,0.7199164698914723,0.7312268773122688,51,False,10000,0.5055288461538461,0.2867788461538462,2
Bipolar disorder,bipolar,weighted,67,SupraMarginal L,-1.2607138570776888,0.9989139547583703,0.9163083691630837,0.9749255843646405,0.08369163083691633,128,False,10000,0.20665322580645162,0.30380738213399505,6
Bipolar disorder,bipolar,weighted,68,SupraMarginal R,0.7572160785336354,0.6834916508349166,0.22107789221077892,0.7199164698914723,0.7789221077892211,37,False,10000,0.39326923076923076,0.2682692307692308,2
Bipolar disorder,bipolar,weighted,69,Angular L,1.4064869528675261,0.6834916508349166,0.1202879712028797,0.7199164698914723,0.8797120287971203,15,False,10000,0.47692307692307695,0.5035282258064516,5
Bipolar disorder,bipolar,weighted,70,Angular R,-0.5590752146655277,0.9541339983648695,0.7259274072592741,0.9556530061279586,0.27407259274072593,104,False,10000,0.19008413461538462,0.020853365384615408,2
Bipolar disorder,bipolar,weighted,71,Precuneus L,0.7638376868178204,0.6834916508349166,0.22877712228777122,0.7199164698914723,0.7712228777122287,39,False,10000,0.37915826612903225,0.5877161522952854,6
Bipolar disorder,bipolar,weighted,72,Precuneus R,0.9355718406974586,0.6834916508349166,0.2096790320967903,0.7199164698914723,0.7903209679032097,32,False,10000,0.3375,0.03750000000000003,2
Bipolar disorder,bipolar,weighted,73,Paracentral Lobule L,-1.520331422578498,0.9989139547583703,0.9265073492650735,0.9760153755616805,0.0734926507349265,131,False,10000,0.16922883064516128,0.35415535825062033,6
Bipolar disorder,bipolar,weighted,74,Paracentral Lobule R,0.808968028086053,0.6834916508349166,0.1924807519248075,0.7199164698914723,0.8075192480751925,29,False,10000,0.7268028846153847,0.25757211538461544,2
Bipolar disorder,bipolar,weighted,75,Caudate L,1.2599144520444587,0.6834916508349166,0.12568743125687432,0.7199164698914723,0.8743125687431257,17,False,10000,0.8769230769230769,0.0561365927419355,6
Bipolar disorder,bipolar,weighted,76,Caudate R,1.218735815194523,0.6834916508349166,0.1406859314068593,0.7199164698914723,0.8593140685931406,19,False,10000,0.8643629807692308,0.002824519230769207,2
Bipolar disorder,bipolar,weighted,77,Putamen L,0.9501983645831127,0.6834916508349166,0.18988101189881013,0.7199164698914723,0.8101189881011899,27,False,10000,0.6615384615384616,0.32767427884615385,6
Bipolar disorder,bipolar,weighted,78,Putamen R,1.6003726100433115,0.6834916508349166,0.0633936606339366,0.7199164698914723,0.9366063393660634,6,False,10000,0.8380408653846154,0.10727163461538469,2
Bipolar disorder,bipolar,weighted,79,Pallidum L,-0.7947673894611154,0.9989139547583703,0.8659134086591341,0.9749255843646405,0.13408659134086587,117,False,10000,0.43548387096774194,0.12344913151364761,6
Bipolar disorder,bipolar,weighted,80,Pallidum R,-1.5580494708275519,0.9989139547583703,0.8846115388461154,0.9749255843646405,0.11538846115388457,121,False,10000,0.37734375,0.17734374999999997,2
Bipolar disorder,bipolar,weighted,83,Heschl L,0.4102931524701076,0.7066864742097217,0.38786121387861217,0.7538710917640632,0.6121387861213878,71,False,10000,0.5967741935483871,0.5555831265508685,5
Bipolar disorder,bipolar,weighted,84,Heschl R,0.5826795619778917,0.6834916508349166,0.2876712328767123,0.7310759833107598,0.7123287671232876,54,False,10000,0.6029447115384615,0.27986778846153837,2
Bipolar disorder,bipolar,weighted,85,Temporal Sup L,1.48988901822858,0.6834916508349166,0.09069093090690931,0.7199164698914723,0.9093090690930907,9,False,10000,0.5967741935483871,0.22382133995037218,6
Bipolar disorder,bipolar,weighted,86,Temporal Sup R,1.0840196364388774,0.6834916508349166,0.103989601039896,0.7199164698914723,0.896010398960104,12,False,10000,0.49314903846153846,0.11622596153846154,2
Bipolar disorder,bipolar,weighted,87,Temporal Pole Sup L,0.546937683725675,0.6834916508349166,0.32636736326367366,0.7419258074192581,0.6736326367363263,58,False,10000,0.4692540322580645,0.22765586228287843,6
Bipolar disorder,bipolar,weighted,88,Temporal Pole Sup R,-0.8610226368652757,0.9989139547583703,0.8685131486851315,0.9749255843646405,0.13148685131486848,118,False,10000,0.44717548076923075,0.1856370192307692,2
Bipolar disorder,bipolar,weighted,89,Temporal Mid L,1.9124289775782894,0.6834916508349166,0.04659534046595341,0.7199164698914723,0.9534046595340466,1,False,10000,0.6507211538461539,0.16266671836228286,6
Bipolar disorder,bipolar,weighted,90,Temporal Mid R,0.9024457336493219,0.6834916508349166,0.19138086191380863,0.7199164698914723,0.8086191380861913,28,False,10000,0.522295673076923,0.12385817307692315,2
Bipolar disorder,bipolar,weighted,91,Temporal Pole Mid L,-0.3161327693597791,0.8869133494813783,0.6321367863213678,0.9086966303369662,0.3678632136786322,96,False,10000,0.49528535980148886,0.7561414392059553,4
Bipolar disorder,bipolar,weighted,93,Temporal Inf L,1.2341633950154483,0.6834916508349166,0.10748925107489252,0.7199164698914723,0.8925107489251075,13,False,10000,0.6660049627791563,0.19829695254342428,6
Bipolar disorder,bipolar,weighted,94,Temporal Inf R,0.7408733875046338,0.6834916508349166,0.25237476252374763,0.7199164698914723,0.7476252374762524,45,False,10000,0.45354567307692306,0.007391826923076883,2
Bipolar disorder,bipolar,weighted,95,Cerebellum Crus1 L,0.8884729108377634,0.6834916508349166,0.21247875212478753,0.7199164698914723,0.7875212478752125,33,False,10000,0.4807692307692308,0.22642679900744422,6
Bipolar disorder,bipolar,weighted,96,Cerebellum Crus1 R,0.8735068638150427,0.6834916508349166,0.19738026197380262,0.7199164698914723,0.8026197380261973,30,False,10000,0.7033653846153847,0.26586538461538456,2
Bipolar disorder,bipolar,weighted,97,Cerebellum Crus2 L,1.5415750391872354,0.6834916508349166,0.07739226077392261,0.7199164698914723,0.9226077392260774,8,False,10000,0.6268028846153846,0.3866605924317619,6
Bipolar disorder,bipolar,weighted,98,Cerebellum Crus2 R,1.4706648886125135,0.6834916508349166,0.0603939606039396,0.7199164698914723,0.9396060393960604,4,False,10000,0.8402644230769231,0.10588942307692295,2
Bipolar disorder,bipolar,weighted,101,Cerebellum 4 5 L,-0.18588767086519223,0.8550693317764998,0.5923407659234077,0.8816279662356344,0.4076592340765923,92,False,10000,0.5615384615384615,0.4652605459057072,6
Bipolar disorder,bipolar,weighted,102,Cerebellum 4 5 R,0.7953620373382844,0.6834916508349166,0.23027697230276972,0.7199164698914723,0.7697230276972302,40,False,10000,0.7624399038461538,0.1452524038461539,2
Bipolar disorder,bipolar,weighted,103,Cerebellum 6 L,0.4004255893445247,0.7066864742097217,0.36906309369063095,0.7419258074192581,0.630936906309369,67,False,10000,0.44330024813895785,0.6590871200372209,6
Bipolar disorder,bipolar,weighted,104,Cerebellum 6 R,1.473558976328766,0.6834916508349166,0.053894610538946106,0.7199164698914723,0.9461053894610539,2,False,10000,0.6417067307692308,0.2801682692307693,2
Bipolar disorder,bipolar,weighted,105,Cerebellum 7b L,1.4720168197247567,0.6834916508349166,0.05909409059094091,0.7199164698914723,0.940905909409059,3,False,10000,0.6549879807692307,0.2012901287220843,6
Bipolar disorder,bipolar,weighted,106,Cerebellum 7b R,1.1528971131461607,0.6834916508349166,0.16148385161483853,0.7199164698914723,0.8385161483851615,20,False,10000,0.6217548076923076,0.29362980769230773,2
Bipolar disorder,bipolar,weighted,107,Cerebellum 8 L,0.68300056075542,0.6834916508349166,0.2576742325767423,0.7199164698914723,0.7423257674232577,47,False,10000,0.331023185483871,0.23684572735732012,6
Bipolar disorder,bipolar,weighted,108,Cerebellum 8 R,-0.8142585285209517,0.9989139547583703,0.7955204479552045,0.9749255843646405,0.2044795520447955,111,False,10000,0.32872596153846156,0.09435096153846151,2
Bipolar disorder,bipolar,weighted,109,Cerebellum 9 L,1.4360232832652868,0.6834916508349166,0.1171882811718828,0.7199164698914723,0.8828117188281172,14,False,10000,0.3828125,0.43052109181141446,5
Bipolar disorder,bipolar,weighted,110,Cerebellum 9 R,0.44269853338306603,0.7066864742097217,0.37046295370462956,0.7419258074192581,0.6295370462953704,68,False,10000,0.41592548076923075,0.34561298076923075,2
Bipolar disorder,bipolar,weighted,111,Cerebellum 10 L,-1.4049996759059156,0.9989139547583703,0.9154084591540846,0.9749255843646405,0.08459154084591536,127,False,10000,0.12903225806451613,0.07518610421836228,3
Bipolar disorder,bipolar,weighted,118,Vermis 8,-1.3551049995206397,0.9989139547583703,0.899010098990101,0.9749255843646405,0.10098990100989902,125,False,10000,0.0625,0.17692307692307693,3
Bipolar disorder,bipolar,weighted,119,Vermis 9,-1.2524591378185963,0.9989139547583703,0.8876112388761124,0.9749255843646405,0.11238876112388763,122,False,10000,0.034915865384615385,0.03506610576923077,4
Bipolar disorder,bipolar,weighted,121,Thal AV L,1.7203508726724044,0.6834916508349166,0.0922907709229077,0.7199164698914723,0.9077092290770923,10,False,10000,0.9307692307692308,0.15347394540942916,4
Bipolar disorder,bipolar,weighted,122,Thal AV R,0.12493659148994288,0.7632992798281147,0.4747525247475253,0.8079673960314812,0.5252474752524747,81,False,10000,0.5637019230769231,0.21754807692307698,2
Bipolar disorder,bipolar,weighted,125,Thal VA L,-1.3690109559944805,0.9989139547583703,0.8823117688231177,0.9749255843646405,0.11768823117688232,120,False,10000,0.625,0.2759305210918114,5
Bipolar disorder,bipolar,weighted,127,Thal VL L,-0.406358777815715,0.9062004690620047,0.646935306469353,0.9109905335997012,0.35306469353064696,98,False,10000,0.5950721153846155,0.5639403691066998,6
Bipolar disorder,bipolar,weighted,128,Thal VL R,-1.3605666091376114,0.9989139547583703,0.8952104789521048,0.9749255843646405,0.10478952104789518,124,False,10000,0.2993990384615385,0.12247596153846155,2
Bipolar disorder,bipolar,weighted,129,Thal VPL L,-1.1957990867933117,0.9989139547583703,0.8651134886511349,0.9749255843646405,0.1348865113488651,116,False,10000,0.4115384615384615,0.610642834987593,6
Bipolar disorder,bipolar,weighted,130,Thal VPL R,-0.24306503504054464,0.8628449655034497,0.6078392160783922,0.8923597002001927,0.3921607839216078,94,False,10000,0.6742788461538461,0.018028846153846034,2
Bipolar disorder,bipolar,weighted,131,Thal IL L,-2.2040773568847802,0.9999000099990001,0.9784021597840216,1.0,0.021597840215978437,134,False,10000,0.3359375,0.2858560794044665,5
Bipolar disorder,bipolar,weighted,135,Thal MDm L,1.5148826456063698,0.6834916508349166,0.09969003099690031,0.7199164698914723,0.9003099690030997,11,False,10000,0.1774193548387097,0.27758413461538467,3
Bipolar disorder,bipolar,weighted,136,Thal MDm R,-0.17682429304219052,0.8541645835416458,0.5815418458154185,0.8816279662356344,0.41845815418458154,91,False,10000,0.3771033653846154,0.14633413461538464,2
Bipolar disorder,bipolar,weighted,137,Thal MDl L,0.5607866054447758,0.6834916508349166,0.37096290370962903,0.7419258074192581,0.629037096290371,69,False,10000,0.36923076923076925,0.45272952853598014,3
Bipolar disorder,bipolar,weighted,139,Thal LGN L,-1.5031374010936087,0.9989139547583703,0.9453054694530547,0.9820882573396796,0.054694530546945286,132,False,10000,0.3225806451612903,0.352570564516129,5
Bipolar disorder,bipolar,weighted,140,Thal LGN R,-2.9620816998036834,0.9999000099990001,0.9944005599440056,1.0,0.005599440055994442,137,False,10000,0.31177884615384616,0.21947115384615387,2
Bipolar disorder,bipolar,weighted,141,Thal MGN L,-1.719601011115221,0.9999000099990001,0.9815018498150185,1.0,0.018498150184981466,135,False,10000,0.3,0.2692307692307693,2
Bipolar disorder,bipolar,weighted,143,Thal PuI L,0.843971285501277,0.6834916508349166,0.17848215178482152,0.7199164698914723,0.8215178482151785,25,False,10000,0.6461538461538462,0.3538461538461538,2
Bipolar disorder,bipolar,weighted,144,Thal PuI R,0.7537321154998818,0.6834916508349166,0.24377562243775622,0.7199164698914723,0.7562243775622438,42,False,10000,0.9104567307692308,0.051081730769230727,2
Bipolar disorder,bipolar,weighted,145,Thal PuM L,0.8318505291088533,0.6834916508349166,0.21837816218378162,0.7199164698914723,0.7816218378162184,35,False,10000,0.6640625,0.5330024813895782,5
Bipolar disorder,bipolar,weighted,146,Thal PuM R,0.7304580764168311,0.6834916508349166,0.2508749125087491,0.7199164698914723,0.749125087491251,44,False,10000,0.5462740384615384,0.030649038461538547,2
Bipolar disorder,bipolar,weighted,147,Thal PuA L,0.5606640089797412,0.6834916508349166,0.32386761323867613,0.7419258074192581,0.6761323867613238,57,False,10000,0.9354838709677419,0.03461538461538449,3
Bipolar disorder,bipolar,weighted,148,Thal PuA R,0.453424348875038,0.7066864742097217,0.35466453354664534,0.7419258074192581,0.6453354664533546,60,False,10000,0.6670673076923077,0.05168269230769229,2
Bipolar disorder,bipolar,weighted,153,ACC pre L,0.7893188964799295,0.6834916508349166,0.2094790520947905,0.7199164698914723,0.7905209479052095,31,False,10000,0.5076923076923077,0.36050907258064524,3
Bipolar disorder,bipolar,weighted,154,ACC pre R,0.2700354926852044,0.7258074192580742,0.42255774422557746,0.7775062493750625,0.5774422557744225,75,False,10000,0.7404447115384616,0.017367788461538525,2
Bipolar disorder,bipolar,weighted,155,ACC sup L,0.13398423754774647,0.7585834009191673,0.4654534546545345,0.8079673960314812,0.5345465453454654,79,False,10000,0.4617866004962779,0.525454598325062,6
Bipolar disorder,bipolar,weighted,156,ACC sup R,0.6395910794624573,0.6834916508349166,0.2672732726727327,0.7199164698914723,0.7327267273272673,50,False,10000,0.8097956730769231,0.03635817307692302,2
Bipolar disorder,bipolar,weighted,157,N Acc L,-0.4241759892053371,0.9062004690620047,0.6817318268173183,0.9314751693147516,0.31826817318268175,101,False,10000,0.47692307692307695,0.43548387096774194,5
Bipolar disorder,bipolar,weighted,158,N Acc R,0.7602967599891385,0.6834916508349166,0.26007399260073993,0.7199164698914723,0.7399260073992601,48,False,10000,0.8207932692307692,0.11766826923076912,2
Bipolar disorder,bipolar,weighted,161,SN pc L,-2.897802151513124,0.9999000099990001,0.9465053494650535,0.9820882573396796,0.05349465053494651,133,False,10000,0.059097782258064516,0.026839717741935477,2
Bipolar disorder,bipolar,weighted,163,SN pr L,-1.147900824395498,0.9989139547583703,0.7271272872712728,0.9556530061279586,0.27287271272872715,105,False,10000,0.3225806451612903,0.29503722084367245,5
Bipolar disorder,bipolar,weighted,164,SN pr R,-0.9209334569414368,0.9989139547583703,0.736026397360264,0.9582230456199664,0.263973602639736,106,False,10000,0.20973557692307693,0.05588942307692307,2
Bipolar disorder,bipolar,weighted,165,Red N L,-2.7328465684293315,0.9999000099990001,0.7803219678032197,0.9749255843646405,0.21967803219678028,108,False,10000,0.15102163461538462,0.07154447115384616,4
Bipolar disorder,bipolar,weighted,166,Red N R,-1.445859047460501,0.9989139547583703,0.7813218678132187,0.9749255843646405,0.21867813218678134,109,False,10000,0.27962740384615387,0.07193509615384613,2
Bipolar disorder,bipolar,weighted,167,LC L,-3.5780489471836727,0.9999000099990001,1.0,1.0,0.0,138,False,10000,0.019783266129032258,0.05740442772952853,4
Bipolar disorder,bipolar,weighted,168,LC R,-1.5335380378405787,0.9989139547583703,0.8629137086291371,0.9749255843646405,0.13708629137086292,114,False,10000,0.04639423076923077,0.015144230769230771,2
Bipolar disorder,bipolar,weighted,169,Raphe D,-1.8838676154207636,0.9999000099990001,0.6734326567343266,0.9293370662933708,0.3265673432656734,100,False,10000,0.054266826923076925,0.00042067307692307543,2
Bipolar disorder,bipolar,weighted,170,Raphe M,-2.005758615895977,0.9999000099990001,0.9857014298570143,1.0,0.014298570142985745,136,False,10000,0.13076923076923078,0.1075721153846154,3
Major depressive disorder,major_depression,broad,1,Precentral L,-3.441644291497405,0.9997000299970003,0.9819018098190181,0.9890689763140474,0.01809819018098191,137,False,10000,0.28665865384615385,0.13427613213399503,6
Major depressive disorder,major_depression,broad,2,Precentral R,-2.699593376162077,0.9997000299970003,0.9757024297570243,0.9890689763140474,0.02429757024297574,135,False,10000,0.1975360576923077,0.0178485576923077,2
Major depressive disorder,major_depression,broad,3,Frontal Sup 2 L,0.5740377039161934,0.7226388472263885,0.32356764323567644,0.827917208279172,0.6764323567643236,53,False,10000,0.5892059553349875,0.41753644540942925,6
Major depressive disorder,major_depression,broad,4,Frontal Sup 2 R,0.6890201131623312,0.7020400000816244,0.2846715328467153,0.827917208279172,0.7153284671532847,45,False,10000,0.5513221153846154,0.12055288461538466,2
Major depressive disorder,major_depression,broad,5,Frontal Mid 2 L,0.10455021279313251,0.9281601251639542,0.44685531446855314,0.8946420426450505,0.5531446855314468,68,False,10000,0.7741935483870968,0.33920595533498754,6
Major depressive disorder,major_depression,broad,6,Frontal Mid 2 R,-0.8601226801674917,0.9997000299970003,0.7745225477452254,0.9890689763140474,0.22547745225477456,104,False,10000,0.4456129807692308,0.015925480769230727,2
Major depressive disorder,major_depression,broad,7,Frontal Inf Oper L,-2.1623057863387443,0.9997000299970003,0.8949105089491051,0.9890689763140474,0.10508949105089493,116,False,10000,0.16129032258064516,0.1230769230769231,3
Major depressive disorder,major_depression,broad,8,Frontal Inf Oper R,-2.4738940239316065,0.9997000299970003,0.9675032496750325,0.9890689763140474,0.03249675032496746,134,False,10000,0.15042067307692308,0.09573317307692308,2
Major depressive disorder,major_depression,broad,9,Frontal Inf Tri L,-0.8375000628518722,0.9997000299970003,0.7068293170682932,0.9754244575542447,0.2931706829317068,100,False,10000,0.5887096774193549,0.26125542803970225,6
Major depressive disorder,major_depression,broad,10,Frontal Inf Tri R,-0.34182315219698217,0.9997000299970003,0.5755424457554245,0.9201170792011708,0.42445755424457554,86,False,10000,0.5855168269230769,0.03167067307692295,2
Major depressive disorder,major_depression,broad,11,Frontal Inf Orb 2 L,-0.016944226317928975,0.9364905614701686,0.47975202479752027,0.8946726948926729,0.5202479752024798,74,False,10000,0.7174937965260546,0.27979896867245657,6
Major depressive disorder,major_depression,broad,12,Frontal Inf Orb 2 R,-1.8336393503656105,0.9997000299970003,0.9134086591340866,0.9890689763140474,0.08659134086591336,121,False,10000,0.3322115384615385,0.14471153846153845,2
Major depressive disorder,major_depression,broad,13,Rolandic Oper L,1.6454788345072588,0.41855814418558146,0.15378462153784622,0.827917208279172,0.8462153784621538,19,False,10000,0.6507444168734491,0.33318858560794046,6
Major depressive disorder,major_depression,broad,14,Rolandic Oper R,-2.0414488978841003,0.9997000299970003,0.9123087691230877,0.9890689763140474,0.08769123087691233,119,False,10000,0.5597956730769231,0.21364182692307698,2
Major depressive disorder,major_depression,broad,15,Supp Motor Area L,-1.2293496679320286,0.9997000299970003,0.8274172582741726,0.9890689763140474,0.17258274172582744,109,False,10000,0.27419354838709675,0.40607940446650126,6
Major depressive disorder,major_depression,broad,16,Supp Motor Area R,-2.933834707015672,0.9997000299970003,0.9895010498950105,0.9895010498950105,0.010498950104989468,138,False,10000,0.3002403846153846,0.23100961538461537,2
Major depressive disorder,major_depression,broad,17,Olfactory L,1.0267797861963397,0.6197551673404087,0.2536746325367463,0.827917208279172,0.7463253674632537,39,False,10000,0.5153846153846154,0.32748235887096777,4
Major depressive disorder,major_depression,broad,18,Olfactory R,-0.037892402464060546,0.9364905614701686,0.49905009499050096,0.906169909324857,0.500949905009499,76,False,10000,0.25763221153846155,0.23455528846153845,2
Major depressive disorder,major_depression,broad,19,Frontal Sup Medial L,-0.03735475207384187,0.9364905614701686,0.48735126487351266,0.8967263273672633,0.5126487351264873,75,False,10000,0.6307692307692307,0.4277295285359802,6
Major depressive disorder,major_depression,broad,20,Frontal Sup Medial R,1.5738702400271056,0.4284834674427294,0.1342865713428657,0.827917208279172,0.8657134286571343,17,False,10000,0.634375,0.334375,2
Major depressive disorder,major_depression,broad,21,Frontal Med Orb L,1.6796808090918736,0.4025950346141856,0.16008399160083991,0.827917208279172,0.8399160083991601,22,False,10000,0.88424317617866,0.25164682847394537,6
Major depressive disorder,major_depression,broad,22,Frontal Med Orb R,1.9079894828294364,0.3921107889211079,0.11878812118788121,0.827917208279172,0.8812118788121188,15,False,10000,0.9421274038461538,0.0344350961538461,2
Major depressive disorder,major_depression,broad,23,Rectus L,1.0212827328726537,0.6197551673404087,0.2676732326767323,0.827917208279172,0.7323267673232676,43,False,10000,0.5272836538461538,0.21432420905707195,6
Major depressive disorder,major_depression,broad,24,Rectus R,1.9353679222350937,0.3921107889211079,0.1075892410758924,0.827917208279172,0.8924107589241076,12,False,10000,0.8876201923076923,0.0030048076923077094,2
Major depressive disorder,major_depression,broad,25,OFCmed L,1.7308345377400975,0.4025950346141856,0.11258874112588742,0.827917208279172,0.8874112588741125,14,False,10000,0.6617866004962779,0.23002481389578155,6
Major depressive disorder,major_depression,broad,26,OFCmed R,1.8341321268297373,0.3921107889211079,0.08409159084091591,0.827917208279172,0.9159084091590841,7,False,10000,0.7910456730769231,0.044891826923076916,2
Major depressive disorder,major_depression,broad,27,OFCant L,0.8996323674779324,0.6523859241982779,0.1942805719428057,0.827917208279172,0.8057194280571943,29,False,10000,0.8807692307692307,0.5496898263027294,6
Major depressive disorder,major_depression,broad,28,OFCant R,2.032396735887317,0.3921107889211079,0.0400959904009599,0.827917208279172,0.9599040095990401,3,False,10000,0.8412259615384615,0.01814903846153837,2
Major depressive disorder,major_depression,broad,29,OFCpost L,0.8893860740485217,0.6523859241982779,0.23987601239876014,0.827917208279172,0.7601239876012399,37,False,10000,0.5272952853598014,0.11743176178660053,6
Major depressive disorder,major_depression,broad,30,OFCpost R,1.2833608454436551,0.58011698830117,0.1571842815718428,0.827917208279172,0.8428157184281572,21,False,10000,0.7587740384615385,0.11814903846153846,2
Major depressive disorder,major_depression,broad,31,OFClat L,-2.0427741736311193,0.9997000299970003,0.9351064893510649,0.9890689763140474,0.06489351064893512,126,False,10000,0.19863523573200992,0.25490074441687344,4
Major depressive disorder,major_depression,broad,32,OFClat R,0.5776449736143382,0.7226388472263885,0.31496850314968505,0.827917208279172,0.685031496850315,49,False,10000,0.7217548076923077,0.10637019230769229,2
Major depressive disorder,major_depression,broad,33,Insula L,0.7476147368556566,0.6902309769023098,0.3134686531346865,0.827917208279172,0.6865313468653135,48,False,10000,0.6683622828784119,0.21581885856079408,6
Major depressive disorder,major_depression,broad,34,Insula R,1.1787670220583129,0.6197551673404087,0.1812818718128187,0.827917208279172,0.8187181281871813,27,False,10000,0.5890625,0.010937499999999933,2
Major depressive disorder,major_depression,broad,37,Cingulate Mid L,0.01877422371267518,0.9364905614701686,0.4674532546745325,0.8946420426450505,0.5325467453254675,70,False,10000,0.4461538461538462,0.17673697270471467,6
Major depressive disorder,major_depression,broad,38,Cingulate Mid R,-0.1886574738878071,0.995374536620412,0.53994600539946,0.9201170792011708,0.46005399460054,80,False,10000,0.3250600961538461,0.06724759615384618,2
Major depressive disorder,major_depression,broad,39,Cingulate Post L,1.3161304049635554,0.58011698830117,0.16298370162983702,0.827917208279172,0.837016298370163,23,False,10000,0.8153846153846154,0.5350302419354839,5
Major depressive disorder,major_depression,broad,41,Hippocampus L,2.699902213855243,0.3921107889211079,0.022097790220977902,0.827917208279172,0.9779022097790221,1,False,10000,0.8076923076923077,0.08097956730769229,6
Major depressive disorder,major_depression,broad,42,Hippocampus R,1.767507813334379,0.4025950346141856,0.1044895510448955,0.827917208279172,0.8955104489551045,11,False,10000,0.648076923076923,0.1019230769230769,2
Major depressive disorder,major_depression,broad,43,ParaHippocampal L,1.931352195503834,0.3921107889211079,0.09469053094690531,0.827917208279172,0.9053094690530947,9,False,10000,0.8167493796526055,0.30139384305210914,6
Major depressive disorder,major_depression,broad,44,ParaHippocampal R,1.034766328114454,0.6197551673404087,0.20507949205079493,0.827917208279172,0.7949205079492051,31,False,10000,0.8108173076923078,0.09543269230769236,2
Major depressive disorder,major_depression,broad,45,Amygdala L,2.0509759855513052,0.3921107889211079,0.0410958904109589,0.827917208279172,0.9589041095890412,4,False,10000,0.8,0.22980769230769227,5
Major depressive disorder,major_depression,broad,46,Amygdala R,0.6747558156989302,0.7020400000816244,0.32026797320267975,0.827917208279172,0.6797320267973203,52,False,10000,0.4528846153846154,0.42211538461538456,2
Major depressive disorder,major_depression,broad,47,Calcarine L,0.7463673706776769,0.6902309769023098,0.26507349265073493,0.827917208279172,0.734926507349265,42,False,10000,0.49230769230769234,0.5696650124069479,6
Major depressive disorder,major_depression,broad,48,Calcarine R,1.0381326611604127,0.6197551673404087,0.2211778822117788,0.827917208279172,0.7788221177882212,34,False,10000,0.3018028846153846,0.06742788461538463,2
Major depressive disorder,major_depression,broad,49,Cuneus L,1.231687159419304,0.5944445555444455,0.17588241175882413,0.827917208279172,0.8241175882411759,26,False,10000,0.7903225806451613,0.47115384615384615,5
Major depressive disorder,major_depression,broad,51,Lingual L,0.8990095980226572,0.6523859241982779,0.25807419258074193,0.827917208279172,0.7419258074192581,40,False,10000,0.47580645161290325,0.1598014888337469,6
Major depressive disorder,major_depression,broad,52,Lingual R,-0.19664174717214927,0.995374536620412,0.5242475752424758,0.9157742453602742,0.4757524247575242,79,False,10000,0.4557091346153846,0.21352163461538465,2
Major depressive disorder,major_depression,broad,53,Occipital Sup L,-0.012933115002349534,0.9364905614701686,0.47105289471052897,0.8946420426450505,0.528947105289471,71,False,10000,0.7435096153846155,0.30266361662531016,4
Major depressive disorder,major_depression,broad,55,Occipital Mid L,0.28841334738459246,0.8361963803619639,0.3842615738426157,0.827917208279172,0.6157384261573843,64,False,10000,0.6022332506203474,0.2465260545905707,6
Major depressive disorder,major_depression,broad,56,Occipital Mid R,-0.15369479224893964,0.995374536620412,0.5197480251974802,0.9157742453602742,0.4802519748025198,78,False,10000,0.5692908653846154,0.061478365384615374,2
Major depressive disorder,major_depression,broad,57,Occipital Inf L,0.38777861618397724,0.811078214212477,0.35936406359364065,0.827917208279172,0.6406359364063594,59,False,10000,0.6033498759305211,0.17183622828784129,6
Major depressive disorder,major_depression,broad,58,Occipital Inf R,-0.7982880489621453,0.9997000299970003,0.6952304769523048,0.9754244575542447,0.3047695230476952,98,False,10000,0.523798076923077,0.4300480769230769,2
Major depressive disorder,major_depression,broad,59,Fusiform L,2.284104765595121,0.3921107889211079,0.05369463053694631,0.827917208279172,0.9463053694630537,5,False,10000,0.6160049627791564,0.278284933312655,6
Major depressive disorder,major_depression,broad,60,Fusiform R,0.3613174938807045,0.8111778986035822,0.37636236376362364,0.827917208279172,0.6236376362363764,60,False,10000,0.4759014423076923,0.10871394230769227,2
Major depressive disorder,major_depression,broad,61,Postcentral L,-2.06092312441936,0.9997000299970003,0.8591140885911409,0.9890689763140474,0.1408859114088591,112,False,10000,0.24423076923076925,0.034894540942928015,6
Major depressive disorder,major_depression,broad,62,Postcentral R,-2.268620457372583,0.9997000299970003,0.9415058494150585,0.9890689763140474,0.05849415058494145,128,False,10000,0.25516826923076924,0.08329326923076921,2
Major depressive disorder,major_depression,broad,63,Parietal Sup L,0.44511200751431385,0.7831906464525962,0.34336566343365665,0.827917208279172,0.6566343365663434,55,False,10000,0.7325120192307693,0.2510516826923077,6
Major depressive disorder,major_depression,broad,64,Parietal Sup R,-0.30008755639470835,0.9997000299970003,0.5677432256774323,0.9201170792011708,0.4322567743225677,85,False,10000,0.1657451923076923,0.1188701923076923,2
Major depressive disorder,major_depression,broad,65,Parietal Inf L,-1.7147605476029069,0.9997000299970003,0.9133086691330867,0.9890689763140474,0.08669133086691327,120,False,10000,0.5538461538461539,0.28091947115384613,6
Major depressive disorder,major_depression,broad,66,Parietal Inf R,-0.6662574373401291,0.9997000299970003,0.6739326067393261,0.9754244575542447,0.3260673932606739,94,False,10000,0.29765625,0.10234375000000004,2
Major depressive disorder,major_depression,broad,67,SupraMarginal L,-0.6572245040635879,0.9997000299970003,0.6696330366963303,0.9754244575542447,0.33036696330366966,93,False,10000,0.28225806451612906,0.5967935794044665,6
Major depressive disorder,major_depression,broad,68,SupraMarginal R,-1.3584320153863678,0.9997000299970003,0.8375162483751625,0.9890689763140474,0.16248375162483752,110,False,10000,0.30120192307692306,0.14495192307692312,2
Major depressive disorder,major_depression,broad,69,Angular L,1.067530153173566,0.6197551673404087,0.20337966203379662,0.827917208279172,0.7966203379662034,30,False,10000,0.609375,0.22977667493796522,5
Major depressive disorder,major_depression,broad,70,Angular R,0.6215609761637709,0.7226388472263885,0.30486951304869514,0.827917208279172,0.6951304869513049,47,False,10000,0.3894831730769231,0.25667067307692315,2
Major depressive disorder,major_depression,broad,71,Precuneus L,0.43671539860419434,0.7831906464525962,0.35066493350664935,0.827917208279172,0.6493350664933506,57,False,10000,0.45354567307692306,0.2335346231389578,6
Major depressive disorder,major_depression,broad,72,Precuneus R,0.17215168139118886,0.8878485285799778,0.42795720427957207,0.8814640923967305,0.5720427957204279,67,False,10000,0.34693509615384616,0.24537259615384613,2
Major depressive disorder,major_depression,broad,73,Paracentral Lobule L,-3.1450660571413236,0.9997000299970003,0.9818018198180182,0.9890689763140474,0.018198180181981827,136,False,10000,0.12966229838709678,0.33431005738213404,6
Major depressive disorder,major_depression,broad,74,Paracentral Lobule R,-2.092292263575352,0.9997000299970003,0.964003599640036,0.9890689763140474,0.03599640035996399,132,False,10000,0.2254206730769231,0.0792668269230769,2
Major depressive disorder,major_depression,broad,75,Caudate L,0.6849889200171776,0.7020400000816244,0.26977302269773024,0.827917208279172,0.7302269773022698,44,False,10000,0.7647642679900744,0.12839155552109183,6
Major depressive disorder,major_depression,broad,76,Caudate R,0.26648379007594386,0.8361963803619639,0.38996100389961,0.827917208279172,0.61003899610039,65,False,10000,0.7934495192307692,0.14501201923076912,2
Major depressive disorder,major_depression,broad,77,Putamen L,-0.2521433788203604,0.9986543514323265,0.5546445355464453,0.9201170792011708,0.4453554644535547,83,False,10000,0.5,0.2872208436724566,6
Major depressive disorder,major_depression,broad,78,Putamen R,0.8542507691276893,0.6523859241982779,0.252974702529747,0.827917208279172,0.7470252974702529,38,False,10000,0.7714543269230769,0.017608173076923084,2
Major depressive disorder,major_depression,broad,79,Pallidum L,-1.3477104163869644,0.9997000299970003,0.8845115488451155,0.9890689763140474,0.11548845115488449,115,False,10000,0.4115384615384615,0.3890818858560794,6
Major depressive disorder,major_depression,broad,80,Pallidum R,-2.547778673999888,0.9997000299970003,0.9654034596540346,0.9890689763140474,0.034596540345965376,133,False,10000,0.24921875,0.14921875,2
Major depressive disorder,major_depression,broad,83,Heschl L,0.9143435321186245,0.6523859241982779,0.23727627237276272,0.827917208279172,0.7627237276272373,36,False,10000,0.5703125,0.2580645161290323,5
Major depressive disorder,major_depression,broad,84,Heschl R,-1.717001510397189,0.9997000299970003,0.9115088491150884,0.9890689763140474,0.08849115088491155,118,False,10000,0.22554086538461537,0.0947716346153846,2
Major depressive disorder,major_depression,broad,85,Temporal Sup L,1.3096842282455998,0.58011698830117,0.18698130186981302,0.827917208279172,0.813018698130187,28,False,10000,0.5249495967741935,0.28975845223325064,6
Major depressive disorder,major_depression,broad,86,Temporal Sup R,0.8398163096920138,0.6523859241982779,0.2588741125887411,0.827917208279172,0.741125887411259,41,False,10000,0.41201923076923075,0.1504807692307692,2
Major depressive disorder,major_depression,broad,87,Temporal Pole Sup L,1.9460449195346141,0.3921107889211079,0.0973902609739026,0.827917208279172,0.9026097390260974,10,False,10000,0.75625,0.19747983870967745,6
Major depressive disorder,major_depression,broad,88,Temporal Pole Sup R,0.46903237987217683,0.7831906464525962,0.3193680631936806,0.827917208279172,0.6806319368063194,50,False,10000,0.7611778846153846,0.19194711538461529,2
Major depressive disorder,major_depression,broad,89,Temporal Mid L,-1.0104600693938752,0.9997000299970003,0.7937206279372063,0.9890689763140474,0.20627937206279368,106,False,10000,0.42741935483870963,0.15317249534739452,6
Major depressive disorder,major_depression,broad,90,Temporal Mid R,0.04847763429599215,0.9347579527761508,0.45885411458854114,0.8946420426450505,0.5411458854114588,69,False,10000,0.5887620192307692,0.04969951923076921,2
Major depressive disorder,major_depression,broad,91,Temporal Pole Mid L,0.4384967339675086,0.7831906464525962,0.34796520347965204,0.827917208279172,0.6520347965203479,56,False,10000,0.6655086848635237,0.4508064516129032,4
Major depressive disorder,major_depression,broad,93,Temporal Inf L,0.7368242533138971,0.6902309769023098,0.28517148285171484,0.827917208279172,0.7148285171482851,46,False,10000,0.684863523573201,0.30534468052109187,6
Major depressive disorder,major_depression,broad,94,Temporal Inf R,1.6760579208665567,0.4025950346141856,0.09409059094090591,0.827917208279172,0.9059094090590941,8,False,10000,0.6430889423076923,0.0415264423076922,2
Major depressive disorder,major_depression,broad,95,Cerebellum Crus1 L,-0.6813386702565201,0.9997000299970003,0.6414358564143585,0.9621537846215378,0.3585641435856415,92,False,10000,0.2016826923076923,0.17788849255583125,6
Major depressive disorder,major_depression,broad,96,Cerebellum Crus1 R,-0.20235511680562657,0.995374536620412,0.5529447055294471,0.9201170792011708,0.4470552944705529,82,False,10000,0.7314903846153846,0.13774038461538463,2
Major depressive disorder,major_depression,broad,97,Cerebellum Crus2 L,-0.1445669142227282,0.995374536620412,0.5173482651734826,0.9157742453602742,0.48265173482651735,77,False,10000,0.2230769230769231,0.2936724565756824,6
Major depressive disorder,major_depression,broad,98,Cerebellum Crus2 R,-0.6453206901531667,0.9997000299970003,0.6395360463953604,0.9621537846215378,0.36046395360463956,91,False,10000,0.55625,0.24375000000000008,2
Major depressive disorder,major_depression,broad,101,Cerebellum 4 5 L,-0.32110262733536626,0.9997000299970003,0.5669433056694331,0.9201170792011708,0.4330566943305669,84,False,10000,0.6797766749379652,0.5067617866004963,6
Major depressive disorder,major_depression,broad,102,Cerebellum 4 5 R,0.2390710115857617,0.847360718473607,0.37946205379462056,0.827917208279172,0.6205379462053795,61,False,10000,0.669110576923077,0.18473557692307685,2
Major depressive disorder,major_depression,broad,103,Cerebellum 6 L,0.05773188381712201,0.9347579527761508,0.47325267473252675,0.8946420426450505,0.5267473252674733,73,False,10000,0.5423076923076924,0.31242148728287844,6
Major depressive disorder,major_depression,broad,104,Cerebellum 6 R,-1.090692560248334,0.9997000299970003,0.8017198280171983,0.9890689763140474,0.19828017198280168,107,False,10000,0.42956730769230766,0.4141826923076923,2
Major depressive disorder,major_depression,broad,105,Cerebellum 7b L,-0.9833266055722946,0.9997000299970003,0.7019298070192981,0.9754244575542447,0.2980701929807019,99,False,10000,0.18796526054590573,0.25703900434243176,6
Major depressive disorder,major_depression,broad,106,Cerebellum 7b R,1.8736487099304584,0.3921107889211079,0.0685931406859314,0.827917208279172,0.9314068593140686,6,False,10000,0.7897235576923076,0.12566105769230773,2
Major depressive disorder,major_depression,broad,107,Cerebellum 8 L,-2.2889400746818818,0.9997000299970003,0.8585141485851415,0.9890689763140474,0.14148585141485848,111,False,10000,0.2988581730769231,0.23199732475186102,6
Major depressive disorder,major_depression,broad,108,Cerebellum 8 R,1.0922674317944623,0.6197551673404087,0.23177682231776822,0.827917208279172,0.7682231776822318,35,False,10000,0.5724158653846154,0.1583533653846153,2
Major depressive disorder,major_depression,broad,109,Cerebellum 9 L,-0.772468934147097,0.9997000299970003,0.6763323667633236,0.9754244575542447,0.32366763323667636,95,False,10000,0.0703125,0.1774193548387097,5
Major depressive disorder,major_depression,broad,110,Cerebellum 9 R,-1.4787074736199701,0.9997000299970003,0.8263173682631737,0.9890689763140474,0.1736826317368263,108,False,10000,0.20444711538461538,0.1263221153846154,2
Major depressive disorder,major_depression,broad,111,Cerebellum 10 L,1.2887741551498146,0.58011698830117,0.16918308169183083,0.827917208279172,0.8308169183081692,24,False,10000,0.7741935483870968,0.41935483870967744,3
Major depressive disorder,major_depression,broad,118,Vermis 8,0.8282038909900833,0.6523859241982779,0.35176482351764826,0.827917208279172,0.6482351764823517,58,False,10000,0.984375,0.21153846153846156,3
Major depressive disorder,major_depression,broad,119,Vermis 9,0.6191432837460897,0.7226388472263885,0.3371662833716628,0.827917208279172,0.6628337166283371,54,False,10000,0.6366586538461538,0.37229567307692313,4
Major depressive disorder,major_depression,broad,121,Thal AV L,2.3232730400687944,0.3921107889211079,0.026197380261973803,0.827917208279172,0.9738026197380262,2,False,10000,0.9208436724565756,0.11488833746898264,4
Major depressive disorder,major_depression,broad,122,Thal AV R,-0.9162848883349957,0.9997000299970003,0.7296270372962703,0.9871424622243657,0.2703729627037297,102,False,10000,0.43311298076923077,0.3715745192307692,2
Major depressive disorder,major_depression,broad,125,Thal VA L,-1.9160649502026494,0.9997000299970003,0.9185081491850815,0.9890689763140474,0.0814918508149185,122,False,10000,0.5230769230769231,0.24739454094292807,5
Major depressive disorder,major_depression,broad,127,Thal VL L,-1.964939875703828,0.9997000299970003,0.9231076892310769,0.9890689763140474,0.07689231076892311,123,False,10000,0.23560794044665012,0.10255699441687344,6
Major depressive disorder,major_depression,broad,128,Thal VL R,-0.4401575227422276,0.9997000299970003,0.5821417858214178,0.9201170792011708,0.41785821417858215,87,False,10000,0.33377403846153847,0.056850961538461475,2
Major depressive disorder,major_depression,broad,129,Thal VPL L,-2.094386670297468,0.9997000299970003,0.9258074192580742,0.9890689763140474,0.0741925807419258,124,False,10000,0.2653846153846154,0.22043269230769233,6
Major depressive disorder,major_depression,broad,130,Thal VPL R,-2.058117435948346,0.9997000299970003,0.8813118688131187,0.9890689763140474,0.11868813118688126,114,False,10000,0.2972355769230769,0.15661057692307695,2
Major depressive disorder,major_depression,broad,131,Thal IL L,-0.5537582071734867,0.9997000299970003,0.6314368563143685,0.9621537846215378,0.3685631436856315,90,False,10000,0.8615384615384616,0.43473945409429277,5
Major depressive disorder,major_depression,broad,135,Thal MDm L,0.9602995805900675,0.6393360663933607,0.21557844215578442,0.827917208279172,0.7844215578442155,32,False,10000,0.12903225806451613,0.30865384615384617,3
Major depressive disorder,major_depression,broad,136,Thal MDm R,0.5953017858240093,0.7226388472263885,0.3193680631936806,0.827917208279172,0.6806319368063194,50,False,10000,0.3076923076923077,0.19230769230769232,2
Major depressive disorder,major_depression,broad,137,Thal MDl L,0.3592782305853216,0.8111288871112889,0.3835616438356164,0.827917208279172,0.6164383561643836,63,False,10000,0.18461538461538463,0.19466501240694792,3
Major depressive disorder,major_depression,broad,139,Thal LGN L,1.1644396723819719,0.6197551673404087,0.15378462153784622,0.827917208279172,0.8462153784621538,19,False,10000,0.7230769230769231,0.2689012096774194,5
Major depressive disorder,major_depression,broad,140,Thal LGN R,-2.0982364407125345,0.9997000299970003,0.9288071192880712,0.9890689763140474,0.07119288071192875,125,False,10000,0.38888221153846153,0.16580528846153847,2
Major depressive disorder,major_depression,broad,141,Thal MGN L,1.0211997816346496,0.6197551673404087,0.21947805219478053,0.827917208279172,0.7805219478052194,33,False,10000,0.7307692307692308,0.13076923076923086,2
Major depressive disorder,major_depression,broad,143,Thal PuI L,-0.6425914603102877,0.9997000299970003,0.6821317868213179,0.9754244575542447,0.3178682131786821,96,False,10000,0.6384615384615384,0.3615384615384615,2
Major depressive disorder,major_depression,broad,144,Thal PuI R,-0.9118425919009269,0.9997000299970003,0.7290270972902709,0.9871424622243657,0.27097290270972907,101,False,10000,0.6213942307692308,0.3401442307692307,2
Major depressive disorder,major_depression,broad,145,Thal PuM L,0.29996057836762613,0.8361963803619639,0.38276172382761725,0.827917208279172,0.6172382761723827,62,False,10000,0.5538461538461539,0.17127403846153844,5
Major depressive disorder,major_depression,broad,146,Thal PuM R,-0.25409206199207496,0.9986543514323265,0.5443455654434557,0.9201170792011708,0.4556544345565443,81,False,10000,0.17818509615384615,0.014122596153846173,2
Major depressive disorder,major_depression,broad,147,Thal PuA L,-1.1027332575217017,0.9997000299970003,0.7802219778022198,0.9890689763140474,0.2197780221977802,105,False,10000,0.5161290322580645,0.17692307692307696,3
Major depressive disorder,major_depression,broad,148,Thal PuA R,-2.1172740844589724,0.9997000299970003,0.9028097190280971,0.9890689763140474,0.09719028097190285,117,False,10000,0.10084134615384616,0.008533653846153844,2
Major depressive disorder,major_depression,broad,153,ACC pre L,1.6263674197782587,0.4025950346141856,0.1284871512848715,0.827917208279172,0.8715128487151285,16,False,10000,0.328125,0.06290322580645163,3
Major depressive disorder,major_depression,broad,154,ACC pre R,1.8477869315102122,0.3921107889211079,0.11208879112088792,0.827917208279172,0.8879112088791121,13,False,10000,0.8567908653846155,0.026021634615384648,2
Major depressive disorder,major_depression,broad,155,ACC sup L,-0.7425250618713826,0.9997000299970003,0.6896310368963103,0.9754244575542447,0.31036896310368967,97,False,10000,0.263151364764268,0.4106021246898263,6
Major depressive disorder,major_depression,broad,156,ACC sup R,-0.4077339846406654,0.9997000299970003,0.5867413258674132,0.9201170792011708,0.41325867413258677,88,False,10000,0.7381610576923077,0.22277644230769234,2
Major depressive disorder,major_depression,broad,157,N Acc L,1.154245909453576,0.6197551673404087,0.17048295170482952,0.827917208279172,0.8295170482951705,25,False,10000,0.7076923076923077,0.48585607940446646,5
Major depressive disorder,major_depression,broad,158,N Acc R,1.3779545470553078,0.58011698830117,0.136986301369863,0.827917208279172,0.863013698630137,18,False,10000,0.9379206730769231,0.00823317307692295,2
Major depressive disorder,major_depression,broad,161,SN pc L,-1.464767430626163,0.9997000299970003,0.7642235776422358,0.9890689763140474,0.2357764223577642,103,False,10000,0.18485383064516128,0.10420866935483869,2
Major depressive disorder,major_depression,broad,163,SN pr L,-2.1976093256538203,0.9997000299970003,0.9447055294470553,0.9890689763140474,0.055294470552944675,129,False,10000,0.2923076923076923,0.1449131513647643,5
Major depressive disorder,major_depression,broad,164,SN pr R,0.04110982942232174,0.9364905614701686,0.47255274472552744,0.8946420426450505,0.5274472552744726,72,False,10000,0.34525240384615385,0.037560096153846145,2
Major depressive disorder,major_depression,broad,165,Red N L,-2.8853328059922396,0.9997000299970003,0.9354064593540646,0.9890689763140474,0.06459354064593537,127,False,10000,0.19020432692307693,0.09876802884615385,4
Major depressive disorder,major_depression,broad,166,Red N R,-1.5894980540055492,0.9997000299970003,0.8677132286771323,0.9890689763140474,0.1322867713228677,113,False,10000,0.41310096153846154,0.29002403846153846,2
Major depressive disorder,major_depression,broad,167,LC L,-1.7510419001311501,0.9997000299970003,0.9617038296170383,0.9890689763140474,0.038296170382961736,130,False,10000,0.13598014888337467,0.22112767524813898,4
Major depressive disorder,major_depression,broad,168,LC R,-0.3021391739463831,0.9997000299970003,0.5976402359764024,0.9266781187049835,0.40235976402359763,89,False,10000,0.11171875,0.08828125000000002,2
Major depressive disorder,major_depression,broad,169,Raphe D,0.28370241561071163,0.8361963803619639,0.42585741425857415,0.8814640923967305,0.5741425857414258,66,False,10000,0.2610576923076923,0.17644230769230773,2
Major depressive disorder,major_depression,broad,170,Raphe M,-1.5534082359679757,0.9997000299970003,0.9617038296170383,0.9890689763140474,0.038296170382961736,130,False,10000,0.09230769230769231,0.053605769230769235,3
Major depressive disorder,major_depression,stringent,1,Precentral L,-1.4742121836205413,0.9937006299370063,0.9491050894910509,0.982894247888644,0.05089491050894912,130,False,10000,0.28665865384615385,0.13427613213399503,6
Major depressive disorder,major_depression,stringent,2,Precentral R,-1.515913994875801,0.9937006299370063,0.9544045595440456,0.982894247888644,0.04559544045595443,133,False,10000,0.1975360576923077,0.0178485576923077,2
Major depressive disorder,major_depression,stringent,3,Frontal Sup 2 L,-0.30389842708618825,0.9566009691165716,0.6345365463453655,0.9532235965592629,0.3654634536546345,89,False,10000,0.5892059553349875,0.41753644540942925,6
Major depressive disorder,major_depression,stringent,4,Frontal Sup 2 R,0.052572818357869346,0.8733606639336067,0.45795420457954206,0.8645924881196091,0.5420457954204579,72,False,10000,0.5513221153846154,0.12055288461538466,2
Major depressive disorder,major_depression,stringent,5,Frontal Mid 2 L,0.16874017626794688,0.8733606639336067,0.40975902409759024,0.8645924881196091,0.5902409759024098,62,False,10000,0.7741935483870968,0.33920595533498754,6
Major depressive disorder,major_depression,stringent,6,Frontal Mid 2 R,-0.40103134412805674,0.9608066220404986,0.6953304669533047,0.9532235965592629,0.3046695330466953,97,False,10000,0.4456129807692308,0.015925480769230727,2
Major depressive disorder,major_depression,stringent,7,Frontal Inf Oper L,-0.7316075300412811,0.9608066220404986,0.8093190680931907,0.982894247888644,0.19068093190680935,112,False,10000,0.16129032258064516,0.1230769230769231,3
Major depressive disorder,major_depression,stringent,8,Frontal Inf Oper R,-1.3674467467613067,0.9937006299370063,0.9322067793220677,0.982894247888644,0.06779322067793225,127,False,10000,0.15042067307692308,0.09573317307692308,2
Major depressive disorder,major_depression,stringent,9,Frontal Inf Tri L,0.03161506909704092,0.8742152100579416,0.47615238476152383,0.8645924881196091,0.5238476152384761,76,False,10000,0.5887096774193549,0.26125542803970225,6
Major depressive disorder,major_depression,stringent,10,Frontal Inf Tri R,-0.29976357638382717,0.9566009691165716,0.5951404859514049,0.9510071720100718,0.4048595140485951,86,False,10000,0.5855168269230769,0.03167067307692295,2
Major depressive disorder,major_depression,stringent,11,Frontal Inf Orb 2 L,0.46438335805385794,0.8560351512018609,0.27987201279872015,0.8576142385761425,0.7201279872012798,45,False,10000,0.7174937965260546,0.27979896867245657,6
Major depressive disorder,major_depression,stringent,12,Frontal Inf Orb 2 R,-2.31472277694659,0.9937006299370063,0.9935006499350065,0.9935006499350065,0.00649935006499347,138,False,10000,0.3322115384615385,0.14471153846153845,2
Major depressive disorder,major_depression,stringent,13,Rolandic Oper L,1.3722526439468217,0.8560351512018609,0.06309369063093691,0.8263127175654529,0.936906309369063,8,False,10000,0.6507444168734491,0.33318858560794046,6
Major depressive disorder,major_depression,stringent,14,Rolandic Oper R,-1.985967550319302,0.9937006299370063,0.9774022597740226,0.9917758224177582,0.02259774022597738,136,False,10000,0.5597956730769231,0.21364182692307698,2
Major depressive disorder,major_depression,stringent,15,Supp Motor Area L,-0.3184542309706765,0.9608066220404986,0.6416358364163584,0.9532235965592629,0.35836416358364165,90,False,10000,0.27419354838709675,0.40607940446650126,6
Major depressive disorder,major_depression,stringent,16,Supp Motor Area R,-0.7265374229150718,0.9608066220404986,0.7626237376262374,0.9532235965592629,0.23737626237376264,108,False,10000,0.3002403846153846,0.23100961538461537,2
Major depressive disorder,major_depression,stringent,17,Olfactory L,-0.07894915177571735,0.8930865949549622,0.53004699530047,0.8947490793089365,0.46995300469953005,81,False,10000,0.5153846153846154,0.32748235887096777,4
Major depressive disorder,major_depression,stringent,18,Olfactory R,-0.5693982278824968,0.9608066220404986,0.6748325167483251,0.9532235965592629,0.3251674832516749,94,False,10000,0.25763221153846155,0.23455528846153845,2
Major depressive disorder,major_depression,stringent,19,Frontal Sup Medial L,-0.7458356752712635,0.9608066220404986,0.7667233276672333,0.9532235965592629,0.23327667233276672,111,False,10000,0.6307692307692307,0.4277295285359802,6
Major depressive disorder,major_depression,stringent,20,Frontal Sup Medial R,-0.36741497389918026,0.9608066220404986,0.6494350564943505,0.9532235965592629,0.3505649435056495,91,False,10000,0.634375,0.334375,2
Major depressive disorder,major_depression,stringent,21,Frontal Med Orb L,0.27087063885427426,0.8733606639336067,0.40035996400359963,0.8645924881196091,0.5996400359964004,60,False,10000,0.88424317617866,0.25164682847394537,6
Major depressive disorder,major_depression,stringent,22,Frontal Med Orb R,1.123693669150291,0.8560351512018609,0.10208979102089791,0.8263127175654529,0.8979102089791021,10,False,10000,0.9421274038461538,0.0344350961538461,2
Major depressive disorder,major_depression,stringent,23,Rectus L,-0.016639867231532206,0.8755224477552245,0.5018498150184981,0.8656909309069092,0.4981501849815019,80,False,10000,0.5272836538461538,0.21432420905707195,6
Major depressive disorder,major_depression,stringent,24,Rectus R,0.7437816575382703,0.8560351512018609,0.21707829217078292,0.8263127175654529,0.7829217078292171,34,False,10000,0.8876201923076923,0.0030048076923077094,2
Major depressive disorder,major_depression,stringent,25,OFCmed L,0.20899958340994013,0.8733606639336067,0.4066593340665933,0.8645924881196091,0.5933406659334066,61,False,10000,0.6617866004962779,0.23002481389578155,6
Major depressive disorder,major_depression,stringent,26,OFCmed R,0.5865043039859125,0.8560351512018609,0.24297570242975702,0.8263127175654529,0.757024297570243,40,False,10000,0.7910456730769231,0.044891826923076916,2
Major depressive disorder,major_depression,stringent,27,OFCant L,0.21008365091479214,0.8733606639336067,0.39836016398360163,0.8645924881196091,0.6016398360163984,59,False,10000,0.8807692307692307,0.5496898263027294,6
Major depressive disorder,major_depression,stringent,28,OFCant R,1.1582904151601652,0.8560351512018609,0.11018898110188981,0.8263127175654529,0.8898110188981102,12,False,10000,0.8412259615384615,0.01814903846153837,2
Major depressive disorder,major_depression,stringent,29,OFCpost L,-0.17538740701786132,0.9297641664404986,0.5761423857614238,0.9353841086479587,0.42385761423857615,85,False,10000,0.5272952853598014,0.11743176178660053,6
Major depressive disorder,major_depression,stringent,30,OFCpost R,0.8475408444290452,0.8560351512018609,0.1645835416458354,0.8263127175654529,0.8354164583541646,23,False,10000,0.7587740384615385,0.11814903846153846,2
Major depressive disorder,major_depression,stringent,31,OFClat L,-1.0204751166630046,0.9911619007590766,0.8588141185881412,0.982894247888644,0.14118588141185884,117,False,10000,0.19863523573200992,0.25490074441687344,4
Major depressive disorder,major_depression,stringent,32,OFClat R,0.9012451875861485,0.8560351512018609,0.18698130186981302,0.8263127175654529,0.813018698130187,30,False,10000,0.7217548076923077,0.10637019230769229,2
Major depressive disorder,major_depression,stringent,33,Insula L,0.6241388362935989,0.8560351512018609,0.24047595240475952,0.8263127175654529,0.7595240475952405,39,False,10000,0.6683622828784119,0.21581885856079408,6
Major depressive disorder,major_depression,stringent,34,Insula R,0.18012038531794886,0.8733606639336067,0.41905809419058093,0.8645924881196091,0.5809419058094191,64,False,10000,0.5890625,0.010937499999999933,2
Major depressive disorder,major_depression,stringent,37,Cingulate Mid L,0.4610591389687874,0.8560351512018609,0.28587141285871415,0.8576142385761425,0.7141285871412859,46,False,10000,0.4461538461538462,0.17673697270471467,6
Major depressive disorder,major_depression,stringent,38,Cingulate Mid R,-1.2122543051891443,0.9937006299370063,0.8816118388161184,0.982894247888644,0.11838816118388162,119,False,10000,0.3250600961538461,0.06724759615384618,2
Major depressive disorder,major_depression,stringent,39,Cingulate Post L,0.7649165579798233,0.8560351512018609,0.2084791520847915,0.8263127175654529,0.7915208479152085,33,False,10000,0.8153846153846154,0.5350302419354839,5
Major depressive disorder,major_depression,stringent,41,Hippocampus L,1.6963651181105444,0.8560351512018609,0.037396260373962605,0.8263127175654529,0.9626037396260374,3,False,10000,0.8076923076923077,0.08097956730769229,6
Major depressive disorder,major_depression,stringent,42,Hippocampus R,1.0640080230247737,0.8560351512018609,0.14978502149785022,0.8263127175654529,0.8502149785021498,21,False,10000,0.648076923076923,0.1019230769230769,2
Major depressive disorder,major_depression,stringent,43,ParaHippocampal L,0.9236504349246178,0.8560351512018609,0.14778522147785222,0.8263127175654529,0.8522147785221478,19,False,10000,0.8167493796526055,0.30139384305210914,6
Major depressive disorder,major_depression,stringent,44,ParaHippocampal R,0.8052393306419734,0.8560351512018609,0.17378262173782622,0.8263127175654529,0.8262173782621738,27,False,10000,0.8108173076923078,0.09543269230769236,2
Major depressive disorder,major_depression,stringent,45,Amygdala L,1.3782518314082772,0.8560351512018609,0.05369463053694631,0.8263127175654529,0.9463053694630537,7,False,10000,0.8,0.22980769230769227,5
Major depressive disorder,major_depression,stringent,46,Amygdala R,0.8419077292175909,0.8560351512018609,0.1772822717728227,0.8263127175654529,0.8227177282271773,28,False,10000,0.4528846153846154,0.42211538461538456,2
Major depressive disorder,major_depression,stringent,47,Calcarine L,0.27437047172337264,0.8733606639336067,0.3588641135886411,0.8645924881196091,0.6411358864113589,56,False,10000,0.49230769230769234,0.5696650124069479,6
Major depressive disorder,major_depression,stringent,48,Calcarine R,0.6166518361292025,0.8560351512018609,0.25137486251374863,0.8263127175654529,0.7486251374862514,41,False,10000,0.3018028846153846,0.06742788461538463,2
Major depressive disorder,major_depression,stringent,49,Cuneus L,1.1350266171022863,0.8560351512018609,0.13088691130886912,0.8263127175654529,0.8691130886911309,15,False,10000,0.7903225806451613,0.47115384615384615,5
Major depressive disorder,major_depression,stringent,51,Lingual L,0.1305384292943366,0.8733606639336067,0.43885611438856115,0.8645924881196091,0.5611438856114388,67,False,10000,0.47580645161290325,0.1598014888337469,6
Major depressive disorder,major_depression,stringent,52,Lingual R,0.12755230796504152,0.8733606639336067,0.43975602439756023,0.8645924881196091,0.5602439756024398,68,False,10000,0.4557091346153846,0.21352163461538465,2
Major depressive disorder,major_depression,stringent,53,Occipital Sup L,0.9452068214571359,0.8560351512018609,0.10268973102689731,0.8263127175654529,0.8973102689731027,11,False,10000,0.7435096153846155,0.30266361662531016,4
Major depressive disorder,major_depression,stringent,55,Occipital Mid L,0.669582778266311,0.8560351512018609,0.23447655234476553,0.8263127175654529,0.7655234476552345,36,False,10000,0.6022332506203474,0.2465260545905707,6
Major depressive disorder,major_depression,stringent,56,Occipital Mid R,0.5777088826782296,0.8560351512018609,0.27307269273072693,0.8564552635645527,0.726927307269273,44,False,10000,0.5692908653846154,0.061478365384615374,2
Major depressive disorder,major_depression,stringent,57,Occipital Inf L,0.07998247097460089,0.8733606639336067,0.46455354464553544,0.8645924881196091,0.5354464553544646,74,False,10000,0.6033498759305211,0.17183622828784129,6
Major depressive disorder,major_depression,stringent,58,Occipital Inf R,-0.19739513723463503,0.9415529035331761,0.5745425457454254,0.9353841086479587,0.4254574542545746,84,False,10000,0.523798076923077,0.4300480769230769,2
Major depressive disorder,major_depression,stringent,59,Fusiform L,1.531767017375231,0.8560351512018609,0.0425957404259574,0.8263127175654529,0.9574042595740426,5,False,10000,0.6160049627791564,0.278284933312655,6
Major depressive disorder,major_depression,stringent,60,Fusiform R,0.2594262796932004,0.8733606639336067,0.3895610438956104,0.8645924881196091,0.6104389561043896,58,False,10000,0.4759014423076923,0.10871394230769227,2
Major depressive disorder,major_depression,stringent,61,Postcentral L,-0.7392074427508056,0.9608066220404986,0.76002399760024,0.9532235965592629,0.23997600239976002,107,False,10000,0.24423076923076925,0.034894540942928015,6
Major depressive disorder,major_depression,stringent,62,Postcentral R,-0.6184612083361765,0.9608066220404986,0.7450254974502549,0.9532235965592629,0.2549745025497451,103,False,10000,0.25516826923076924,0.08329326923076921,2
Major depressive disorder,major_depression,stringent,63,Parietal Sup L,0.8281158182110616,0.8560351512018609,0.1665833416658334,0.8263127175654529,0.8334166583341666,24,False,10000,0.7325120192307693,0.2510516826923077,6
Major depressive disorder,major_depression,stringent,64,Parietal Sup R,0.05845662998512148,0.8733606639336067,0.46185381461853814,0.8645924881196091,0.5381461853814619,73,False,10000,0.1657451923076923,0.1188701923076923,2
Major depressive disorder,major_depression,stringent,65,Parietal Inf L,-0.5837105176237019,0.9608066220404986,0.7518248175182481,0.9532235965592629,0.24817518248175185,105,False,10000,0.5538461538461539,0.28091947115384613,6
Major depressive disorder,major_depression,stringent,66,Parietal Inf R,-1.2983425270048405,0.9937006299370063,0.9264073592640736,0.982894247888644,0.07359264073592642,123,False,10000,0.29765625,0.10234375000000004,2
Major depressive disorder,major_depression,stringent,67,SupraMarginal L,0.7034533719263237,0.8560351512018609,0.1710828917108289,0.8263127175654529,0.8289171082891711,26,False,10000,0.28225806451612906,0.5967935794044665,6
Major depressive disorder,major_depression,stringent,68,SupraMarginal R,0.13210761550902747,0.8733606639336067,0.4306569343065693,0.8645924881196091,0.5693430656934306,65,False,10000,0.30120192307692306,0.14495192307692312,2
Major depressive disorder,major_depression,stringent,69,Angular L,0.6199672997837753,0.8560351512018609,0.23597640235976403,0.8263127175654529,0.764023597640236,37,False,10000,0.609375,0.22977667493796522,5
Major depressive disorder,major_depression,stringent,70,Angular R,0.4758751249978774,0.8560351512018609,0.3040695930406959,0.8645924881196091,0.6959304069593041,47,False,10000,0.3894831730769231,0.25667067307692315,2
Major depressive disorder,major_depression,stringent,71,Precuneus L,0.5983560033643658,0.8560351512018609,0.2562743725627437,0.8263127175654529,0.7437256274372563,42,False,10000,0.45354567307692306,0.2335346231389578,6
Major depressive disorder,major_depression,stringent,72,Precuneus R,0.1187612674177847,0.8733606639336067,0.45215478452154784,0.8645924881196091,0.5478452154784521,70,False,10000,0.34693509615384616,0.24537259615384613,2
Major depressive disorder,major_depression,stringent,73,Paracentral Lobule L,-1.424683807732177,0.9937006299370063,0.9299070092990701,0.982894247888644,0.07009299070092989,125,False,10000,0.12966229838709678,0.33431005738213404,6
Major depressive disorder,major_depression,stringent,74,Paracentral Lobule R,-1.17072301504486,0.9937006299370063,0.914008599140086,0.982894247888644,0.08599140085991397,122,False,10000,0.2254206730769231,0.0792668269230769,2
Major depressive disorder,major_depression,stringent,75,Caudate L,1.1696223948092608,0.8560351512018609,0.1250874912508749,0.8263127175654529,0.8749125087491251,14,False,10000,0.7647642679900744,0.12839155552109183,6
Major depressive disorder,major_depression,stringent,76,Caudate R,0.9853102614603407,0.8560351512018609,0.17018298170182983,0.8263127175654529,0.8298170182981701,25,False,10000,0.7934495192307692,0.14501201923076912,2
Major depressive disorder,major_depression,stringent,77,Putamen L,0.44846818741969124,0.8560351512018609,0.32456754324567544,0.8645924881196091,0.6754324567543246,50,False,10000,0.5,0.2872208436724566,6
Major depressive disorder,major_depression,stringent,78,Putamen R,0.7612532202933715,0.8560351512018609,0.22147785221477853,0.8263127175654529,0.7785221477852214,35,False,10000,0.7714543269230769,0.017608173076923084,2
Major depressive disorder,major_depression,stringent,79,Pallidum L,-0.8514594122055552,0.971471273925239,0.8560143985601439,0.982894247888644,0.14398560143985606,116,False,10000,0.4115384615384615,0.3890818858560794,6
Major depressive disorder,major_depression,stringent,80,Pallidum R,-2.5620781381654165,0.9937006299370063,0.9902009799020098,0.9935006499350065,0.009799020097990163,137,False,10000,0.24921875,0.14921875,2
Major depressive disorder,major_depression,stringent,83,Heschl L,0.39359666428436113,0.8733606639336067,0.3321667833216678,0.8645924881196091,0.6678332166783322,53,False,10000,0.5703125,0.2580645161290323,5
Major depressive disorder,major_depression,stringent,84,Heschl R,-0.8250981761470625,0.971471273925239,0.8502149785021498,0.982894247888644,0.14978502149785022,114,False,10000,0.22554086538461537,0.0947716346153846,2
Major depressive disorder,major_depression,stringent,85,Temporal Sup L,0.9341926550627528,0.8560351512018609,0.1372862713728627,0.8263127175654529,0.8627137286271374,16,False,10000,0.5249495967741935,0.28975845223325064,6
Major depressive disorder,major_depression,stringent,86,Temporal Sup R,0.90056828445018,0.8560351512018609,0.14508549145085492,0.8263127175654529,0.8549145085491451,18,False,10000,0.41201923076923075,0.1504807692307692,2
Major depressive disorder,major_depression,stringent,87,Temporal Pole Sup L,1.1995186687754906,0.8560351512018609,0.10168983101689831,0.8263127175654529,0.8983101689831017,9,False,10000,0.75625,0.19747983870967745,6
Major depressive disorder,major_depression,stringent,88,Temporal Pole Sup R,0.5292144886080955,0.8560351512018609,0.25747425257474255,0.8263127175654529,0.7425257474252575,43,False,10000,0.7611778846153846,0.19194711538461529,2
Major depressive disorder,major_depression,stringent,89,Temporal Mid L,0.0715354176814594,0.8733606639336067,0.45335466453354667,0.8645924881196091,0.5466453354664533,71,False,10000,0.42741935483870963,0.15317249534739452,6
Major depressive disorder,major_depression,stringent,90,Temporal Mid R,0.9196738964195583,0.8560351512018609,0.12058794120587941,0.8263127175654529,0.8794120587941205,13,False,10000,0.5887620192307692,0.04969951923076921,2
Major depressive disorder,major_depression,stringent,91,Temporal Pole Mid L,-0.2647388503423405,0.9566009691165716,0.6064393560643936,0.9510071720100718,0.3935606439356064,88,False,10000,0.6655086848635237,0.4508064516129032,4
Major depressive disorder,major_depression,stringent,93,Temporal Inf L,0.7523528349235075,0.8560351512018609,0.20467953204679531,0.8263127175654529,0.7953204679532047,31,False,10000,0.684863523573201,0.30534468052109187,6
Major depressive disorder,major_depression,stringent,94,Temporal Inf R,1.455661730836391,0.8560351512018609,0.048995100489951,0.8263127175654529,0.951004899510049,6,False,10000,0.6430889423076923,0.0415264423076922,2
Major depressive disorder,major_depression,stringent,95,Cerebellum Crus1 L,-0.6196164998571703,0.9608066220404986,0.7550244975502449,0.9532235965592629,0.24497550244975508,106,False,10000,0.2016826923076923,0.17788849255583125,6
Major depressive disorder,major_depression,stringent,96,Cerebellum Crus1 R,-0.09308473261235033,0.8930865949549622,0.5381461853814619,0.8947490793089365,0.46185381461853814,83,False,10000,0.7314903846153846,0.13774038461538463,2
Major depressive disorder,major_depression,stringent,97,Cerebellum Crus2 L,-0.49845182452186376,0.9608066220404986,0.7032296770322968,0.9532235965592629,0.2967703229677032,98,False,10000,0.2230769230769231,0.2936724565756824,6
Major depressive disorder,major_depression,stringent,98,Cerebellum Crus2 R,-1.0753830160477373,0.9937006299370063,0.8513148685131486,0.982894247888644,0.14868513148685136,115,False,10000,0.55625,0.24375000000000008,2
Major depressive disorder,major_depression,stringent,101,Cerebellum 4 5 L,0.15002518904770734,0.8733606639336067,0.416958304169583,0.8645924881196091,0.583041695830417,63,False,10000,0.6797766749379652,0.5067617866004963,6
Major depressive disorder,major_depression,stringent,102,Cerebellum 4 5 R,-0.07787862418029547,0.8930865949549622,0.5337466253374663,0.8947490793089365,0.4662533746625337,82,False,10000,0.669110576923077,0.18473557692307685,2
Major depressive disorder,major_depression,stringent,103,Cerebellum 6 L,0.44597708346018705,0.8560351512018609,0.30416958304169583,0.8645924881196091,0.6958304169583042,48,False,10000,0.5423076923076924,0.31242148728287844,6
Major depressive disorder,major_depression,stringent,104,Cerebellum 6 R,0.12869627797189562,0.8733606639336067,0.44195580441955806,0.8645924881196091,0.5580441955804419,69,False,10000,0.42956730769230766,0.4141826923076923,2
Major depressive disorder,major_depression,stringent,105,Cerebellum 7b L,-0.6679733790621546,0.9608066220404986,0.7457254274572542,0.9532235965592629,0.25427457254274577,104,False,10000,0.18796526054590573,0.25703900434243176,6
Major depressive disorder,major_depression,stringent,106,Cerebellum 7b R,1.6042875111668238,0.8560351512018609,0.0377962203779622,0.8263127175654529,0.9622037796220378,4,False,10000,0.7897235576923076,0.12566105769230773,2
Major depressive disorder,major_depression,stringent,107,Cerebellum 8 L,-0.6763599958154778,0.9608066220404986,0.7294270572942706,0.9532235965592629,0.2705729427057294,100,False,10000,0.2988581730769231,0.23199732475186102,6
Major depressive disorder,major_depression,stringent,108,Cerebellum 8 R,0.07016758697954241,0.8733606639336067,0.47365263473652636,0.8645924881196091,0.5263473652634736,75,False,10000,0.5724158653846154,0.1583533653846153,2
Major depressive disorder,major_depression,stringent,109,Cerebellum 9 L,-0.666732796614591,0.9608066220404986,0.765023497650235,0.9532235965592629,0.23497650234976497,110,False,10000,0.0703125,0.1774193548387097,5
Major depressive disorder,major_depression,stringent,110,Cerebellum 9 R,0.007899558591701423,0.8755224477552245,0.4874512548745126,0.8656909309069092,0.5125487451254874,77,False,10000,0.20444711538461538,0.1263221153846154,2
Major depressive disorder,major_depression,stringent,111,Cerebellum 10 L,0.6584270878755529,0.8560351512018609,0.20707929207079293,0.8263127175654529,0.7929207079292071,32,False,10000,0.7741935483870968,0.41935483870967744,3
Major depressive disorder,major_depression,stringent,118,Vermis 8,0.5032285852454114,0.8560351512018609,0.3401659834016598,0.8645924881196091,0.6598340165983402,54,False,10000,0.984375,0.21153846153846156,3
Major depressive disorder,major_depression,stringent,119,Vermis 9,0.24754868894510876,0.8733606639336067,0.37966203379662034,0.8645924881196091,0.6203379662033797,57,False,10000,0.6366586538461538,0.37229567307692313,4
Major depressive disorder,major_depression,stringent,121,Thal AV L,2.3534706046253575,0.8560351512018609,0.005499450054994501,0.7589241075892411,0.9945005499450055,1,False,10000,0.9208436724565756,0.11488833746898264,4
Major depressive disorder,major_depression,stringent,122,Thal AV R,-0.7233533437501826,0.9608066220404986,0.7628237176282372,0.9532235965592629,0.2371762823717628,109,False,10000,0.43311298076923077,0.3715745192307692,2
Major depressive disorder,major_depression,stringent,125,Thal VA L,-1.5423977001984688,0.9937006299370063,0.9319068093190681,0.982894247888644,0.06809319068093189,126,False,10000,0.5230769230769231,0.24739454094292807,5
Major depressive disorder,major_depression,stringent,127,Thal VL L,-1.2190052499667476,0.9937006299370063,0.8879112088791121,0.982894247888644,0.11208879112088788,121,False,10000,0.23560794044665012,0.10255699441687344,6
Major depressive disorder,major_depression,stringent,128,Thal VL R,-0.3706809323533184,0.9608066220404986,0.6054394560543945,0.9510071720100718,0.39456054394560547,87,False,10000,0.33377403846153847,0.056850961538461475,2
Major depressive disorder,major_depression,stringent,129,Thal VPL L,-1.6043856369009273,0.9937006299370063,0.9516048395160484,0.982894247888644,0.04839516048395165,131,False,10000,0.2653846153846154,0.22043269230769233,6
Major depressive disorder,major_depression,stringent,130,Thal VPL R,-1.7382740823569456,0.9937006299370063,0.8826117388261174,0.982894247888644,0.11738826117388257,120,False,10000,0.2972355769230769,0.15661057692307695,2
Major depressive disorder,major_depression,stringent,131,Thal IL L,0.4870981463379481,0.8560351512018609,0.3250674932506749,0.8645924881196091,0.674932506749325,51,False,10000,0.8615384615384616,0.43473945409429277,5
Major depressive disorder,major_depression,stringent,135,Thal MDm L,1.6779280273766732,0.8560351512018609,0.031196880311968805,0.8263127175654529,0.9688031196880312,2,False,10000,0.12903225806451613,0.30865384615384617,3
Major depressive disorder,major_depression,stringent,136,Thal MDm R,-0.5036091253074569,0.9608066220404986,0.6524347565243476,0.9532235965592629,0.34756524347565243,92,False,10000,0.3076923076923077,0.19230769230769232,2
Major depressive disorder,major_depression,stringent,137,Thal MDl L,0.40094522364209845,0.8652245886522458,0.35836416358364165,0.8645924881196091,0.6416358364163584,55,False,10000,0.18461538461538463,0.19466501240694792,3
Major depressive disorder,major_depression,stringent,139,Thal LGN L,0.9582404699748328,0.8560351512018609,0.1478852114788521,0.8263127175654529,0.8521147885211479,20,False,10000,0.7230769230769231,0.2689012096774194,5
Major depressive disorder,major_depression,stringent,140,Thal LGN R,-1.769230813359342,0.9937006299370063,0.9288071192880712,0.982894247888644,0.07119288071192875,124,False,10000,0.38888221153846153,0.16580528846153847,2
Major depressive disorder,major_depression,stringent,141,Thal MGN L,1.1234422336482872,0.8560351512018609,0.13888611138886112,0.8263127175654529,0.8611138886111389,17,False,10000,0.7307692307692308,0.13076923076923086,2
Major depressive disorder,major_depression,stringent,143,Thal PuI L,-0.42877959880796784,0.9608066220404986,0.6802319768023197,0.9532235965592629,0.3197680231976803,95,False,10000,0.6384615384615384,0.3615384615384615,2
Major depressive disorder,major_depression,stringent,144,Thal PuI R,-0.8226594319191263,0.971471273925239,0.7339266073392661,0.9532235965592629,0.26607339266073393,102,False,10000,0.6213942307692308,0.3401442307692307,2
Major depressive disorder,major_depression,stringent,145,Thal PuM L,-0.00364761805789816,0.8755224477552245,0.49695030496950304,0.8656909309069092,0.503049695030497,79,False,10000,0.5538461538461539,0.17127403846153844,5
Major depressive disorder,major_depression,stringent,146,Thal PuM R,-0.7328577804724492,0.9608066220404986,0.6827317268273173,0.9532235965592629,0.3172682731726827,96,False,10000,0.17818509615384615,0.014122596153846173,2
Major depressive disorder,major_depression,stringent,147,Thal PuA L,-0.6009951921683705,0.9608066220404986,0.7316268373162683,0.9532235965592629,0.2683731626837317,101,False,10000,0.5161290322580645,0.17692307692307696,3
Major depressive disorder,major_depression,stringent,148,Thal PuA R,-2.0669484214658214,0.9937006299370063,0.9459054094590541,0.982894247888644,0.0540945905409459,128,False,10000,0.10084134615384616,0.008533653846153844,2
Major depressive disorder,major_depression,stringent,153,ACC pre L,0.597693045471287,0.8560351512018609,0.23947605239476052,0.8263127175654529,0.7605239476052394,38,False,10000,0.328125,0.06290322580645163,3
Major depressive disorder,major_depression,stringent,154,ACC pre R,0.455640995683823,0.8560351512018609,0.31666833316668336,0.8645924881196091,0.6833316668333167,49,False,10000,0.8567908653846155,0.026021634615384648,2
Major depressive disorder,major_depression,stringent,155,ACC sup L,-0.9360076012979697,0.987981201879812,0.8500149985001499,0.982894247888644,0.14998500149985006,113,False,10000,0.263151364764268,0.4106021246898263,6
Major depressive disorder,major_depression,stringent,156,ACC sup R,0.0013906538832013625,0.8755224477552245,0.4911508849115088,0.8656909309069092,0.5088491150884912,78,False,10000,0.7381610576923077,0.22277644230769234,2
Major depressive disorder,major_depression,stringent,157,N Acc L,0.7573475282055608,0.8560351512018609,0.17798220177982202,0.8263127175654529,0.822017798220178,29,False,10000,0.7076923076923077,0.48585607940446646,5
Major depressive disorder,major_depression,stringent,158,N Acc R,0.9398004407537485,0.8560351512018609,0.1561843815618438,0.8263127175654529,0.8438156184381562,22,False,10000,0.9379206730769231,0.00823317307692295,2
Major depressive disorder,major_depression,stringent,161,SN pc L,-0.7062199582709645,0.9608066220404986,0.7150284971502849,0.9532235965592629,0.28497150284971506,99,False,10000,0.18485383064516128,0.10420866935483869,2
Major depressive disorder,major_depression,stringent,163,SN pr L,-1.7028014404858434,0.9937006299370063,0.9638036196380362,0.9852214778522147,0.03619638036196382,135,False,10000,0.2923076923076923,0.1449131513647643,5
Major depressive disorder,major_depression,stringent,164,SN pr R,0.24367304854534633,0.8733606639336067,0.43655634436556345,0.8645924881196091,0.5634436556344365,66,False,10000,0.34525240384615385,0.037560096153846145,2
Major depressive disorder,major_depression,stringent,165,Red N L,-2.083038585683863,0.9937006299370063,0.9537046295370463,0.982894247888644,0.04629537046295373,132,False,10000,0.19020432692307693,0.09876802884615385,4
Major depressive disorder,major_depression,stringent,166,Red N R,-1.1192234092640965,0.9937006299370063,0.8719128087191281,0.982894247888644,0.12808719128087187,118,False,10000,0.41310096153846154,0.29002403846153846,2
Major depressive disorder,major_depression,stringent,167,LC L,-0.9864469994829879,0.9911619007590766,0.949005099490051,0.982894247888644,0.05099490050994904,129,False,10000,0.13598014888337467,0.22112767524813898,4
Major depressive disorder,major_depression,stringent,168,LC R,-0.2818960053932974,0.9566009691165716,0.6695330466953304,0.9532235965592629,0.3304669533046696,93,False,10000,0.11171875,0.08828125000000002,2
Major depressive disorder,major_depression,stringent,169,Raphe D,0.5422689905759353,0.8560351512018609,0.32966703329667035,0.8645924881196091,0.6703329667033296,52,False,10000,0.2610576923076923,0.17644230769230773,2
Major depressive disorder,major_depression,stringent,170,Raphe M,-1.030765189686046,0.9911619007590766,0.9544045595440456,0.982894247888644,0.04559544045595443,133,False,10000,0.09230769230769231,0.053605769230769235,3
Major depressive disorder,major_depression,weighted,1,Precentral L,-1.5465633741660096,0.9961003899610039,0.8996100389961004,0.9805019498050195,0.10038996100389963,118,False,10000,0.28665865384615385,0.13427613213399503,6
Major depressive disorder,major_depression,weighted,2,Precentral R,-2.0100637503554672,0.9961003899610039,0.9606039396060394,0.9805019498050195,0.0393960603939606,134,False,10000,0.1975360576923077,0.0178485576923077,2
Major depressive disorder,major_depression,weighted,3,Frontal Sup 2 L,0.6463925587638061,0.8082807103904994,0.23047695230476953,0.7752899128691781,0.7695230476952305,39,False,10000,0.5892059553349875,0.41753644540942925,6
Major depressive disorder,major_depression,weighted,4,Frontal Sup 2 R,0.9414436578545591,0.7892137615506742,0.17698230176982302,0.7752899128691781,0.823017698230177,24,False,10000,0.5513221153846154,0.12055288461538466,2
Major depressive disorder,major_depression,weighted,5,Frontal Mid 2 L,0.9373181490514968,0.7892137615506742,0.1356864313568643,0.7752899128691781,0.8643135686431357,16,False,10000,0.7741935483870968,0.33920595533498754,6
Major depressive disorder,major_depression,weighted,6,Frontal Mid 2 R,-0.2992716195414774,0.9490384294903843,0.6038396160383962,0.9004712431982608,0.3961603839616038,91,False,10000,0.4456129807692308,0.015925480769230727,2
Major depressive disorder,major_depression,weighted,7,Frontal Inf Oper L,-1.1942629155518312,0.9961003899610039,0.8472152784721528,0.9805019498050195,0.15278472152784717,110,False,10000,0.16129032258064516,0.1230769230769231,3
Major depressive disorder,major_depression,weighted,8,Frontal Inf Oper R,-1.8859288198556994,0.9961003899610039,0.9542045795420458,0.9805019498050195,0.04579542045795415,132,False,10000,0.15042067307692308,0.09573317307692308,2
Major depressive disorder,major_depression,weighted,9,Frontal Inf Tri L,0.019289336469173506,0.918545182518785,0.46335366463353667,0.868775460116326,0.5366463353664633,72,False,10000,0.5887096774193549,0.26125542803970225,6
Major depressive disorder,major_depression,weighted,10,Frontal Inf Tri R,0.00022945454062026565,0.918545182518785,0.48475152484751527,0.868775460116326,0.5152484751524847,77,False,10000,0.5855168269230769,0.03167067307692295,2
Major depressive disorder,major_depression,weighted,11,Frontal Inf Orb 2 L,0.5004482293707799,0.8082807103904994,0.2723727627237276,0.8025728039440952,0.7276272372762724,46,False,10000,0.7174937965260546,0.27979896867245657,6
Major depressive disorder,major_depression,weighted,12,Frontal Inf Orb 2 R,-1.9788930531909195,0.9961003899610039,0.9632036796320368,0.9805019498050195,0.03679632036796321,135,False,10000,0.3322115384615385,0.14471153846153845,2
Major depressive disorder,major_depression,weighted,13,Rolandic Oper L,0.8078837219478014,0.7892137615506742,0.21407859214078592,0.7752899128691781,0.785921407859214,36,False,10000,0.6507444168734491,0.33318858560794046,6
Major depressive disorder,major_depression,weighted,14,Rolandic Oper R,-2.6628363726602626,0.9961003899610039,0.9805019498050195,0.9805019498050195,0.01949805019498052,138,False,10000,0.5597956730769231,0.21364182692307698,2
Major depressive disorder,major_depression,weighted,15,Supp Motor Area L,-0.207008053513618,0.9330113500277879,0.5696430356964304,0.9004712431982608,0.4303569643035696,86,False,10000,0.27419354838709675,0.40607940446650126,6
Major depressive disorder,major_depression,weighted,16,Supp Motor Area R,-1.6185147881287845,0.9961003899610039,0.9441055894410559,0.9805019498050195,0.05589441055894406,130,False,10000,0.3002403846153846,0.23100961538461537,2
Major depressive disorder,major_depression,weighted,17,Olfactory L,0.40784386808150364,0.8390053851757681,0.3484651534846515,0.8204332109161966,0.6515348465153485,58,False,10000,0.5153846153846154,0.32748235887096777,4
Major depressive disorder,major_depression,weighted,18,Olfactory R,-0.6075883433135459,0.9961003899610039,0.6501349865013498,0.9509428004567966,0.3498650134986502,94,False,10000,0.25763221153846155,0.23455528846153845,2
Major depressive disorder,major_depression,weighted,19,Frontal Sup Medial L,0.057918549614731696,0.918545182518785,0.45215478452154784,0.868775460116326,0.5478452154784521,70,False,10000,0.6307692307692307,0.4277295285359802,6
Major depressive disorder,major_depression,weighted,20,Frontal Sup Medial R,0.5638302631385328,0.8082807103904994,0.2836716328367163,0.8025728039440952,0.7163283671632836,48,False,10000,0.634375,0.334375,2
Major depressive disorder,major_depression,weighted,21,Frontal Med Orb L,0.9934711329371569,0.7892137615506742,0.192980701929807,0.7752899128691781,0.807019298070193,28,False,10000,0.88424317617866,0.25164682847394537,6
Major depressive disorder,major_depression,weighted,22,Frontal Med Orb R,1.3778349738746716,0.7892137615506742,0.08799120087991201,0.7752899128691781,0.912008799120088,7,False,10000,0.9421274038461538,0.0344350961538461,2
Major depressive disorder,major_depression,weighted,23,Rectus L,0.5360632503205529,0.8082807103904994,0.32166783321667836,0.8112136154805571,0.6783321667833216,54,False,10000,0.5272836538461538,0.21432420905707195,6
Major depressive disorder,major_depression,weighted,24,Rectus R,1.297350329861287,0.7892137615506742,0.12498750124987501,0.7752899128691781,0.875012498750125,14,False,10000,0.8876201923076923,0.0030048076923077094,2
Major depressive disorder,major_depression,weighted,25,OFCmed L,0.9600362715340013,0.7892137615506742,0.18688131186881313,0.7752899128691781,0.8131186881311869,26,False,10000,0.6617866004962779,0.23002481389578155,6
Major depressive disorder,major_depression,weighted,26,OFCmed R,0.7209314268645931,0.7892137615506742,0.2415758424157584,0.7752899128691781,0.7584241575842416,43,False,10000,0.7910456730769231,0.044891826923076916,2
Major depressive disorder,major_depression,weighted,27,OFCant L,0.7889957733302408,0.7892137615506742,0.19088091190880913,0.7752899128691781,0.8091190880911909,27,False,10000,0.8807692307692307,0.5496898263027294,6
Major depressive disorder,major_depression,weighted,28,OFCant R,2.2053052431844042,0.7497250274972503,0.016298370162983702,0.7497250274972503,0.9837016298370163,3,False,10000,0.8412259615384615,0.01814903846153837,2
Major depressive disorder,major_depression,weighted,29,OFCpost L,-0.07872734764806605,0.918545182518785,0.5078492150784921,0.8873705222070385,0.4921507849215079,78,False,10000,0.5272952853598014,0.11743176178660053,6
Major depressive disorder,major_depression,weighted,30,OFCpost R,0.4701107457357396,0.815907298159073,0.3080691930806919,0.8112136154805571,0.6919308069193081,52,False,10000,0.7587740384615385,0.11814903846153846,2
Major depressive disorder,major_depression,weighted,31,OFClat L,-1.6624432262018551,0.9961003899610039,0.9346065393460654,0.9805019498050195,0.06539346065393459,124,False,10000,0.19863523573200992,0.25490074441687344,4
Major depressive disorder,major_depression,weighted,32,OFClat R,0.9523607665893271,0.7892137615506742,0.20487951204879512,0.7752899128691781,0.7951204879512048,34,False,10000,0.7217548076923077,0.10637019230769229,2
Major depressive disorder,major_depression,weighted,33,Insula L,0.2963937720827778,0.8632054827304154,0.3738626137386261,0.8598840115988401,0.6261373862613739,60,False,10000,0.6683622828784119,0.21581885856079408,6
Major depressive disorder,major_depression,weighted,34,Insula R,0.18788102401377677,0.918545182518785,0.4183581641835816,0.868775460116326,0.5816418358164184,63,False,10000,0.5890625,0.010937499999999933,2
Major depressive disorder,major_depression,weighted,37,Cingulate Mid L,0.517191080140982,0.8082807103904994,0.23637636236376364,0.7752899128691781,0.7636236376362364,41,False,10000,0.4461538461538462,0.17673697270471467,6
Major depressive disorder,major_depression,weighted,38,Cingulate Mid R,-0.8069407482850186,0.9961003899610039,0.7861213878612139,0.9805019498050195,0.21387861213878612,103,False,10000,0.3250600961538461,0.06724759615384618,2
Major depressive disorder,major_depression,weighted,39,Cingulate Post L,1.0591388116997609,0.7892137615506742,0.17518248175182483,0.7752899128691781,0.8248175182481752,22,False,10000,0.8153846153846154,0.5350302419354839,5
Major depressive disorder,major_depression,weighted,41,Hippocampus L,2.4531583266602444,0.7497250274972503,0.012098790120987902,0.7497250274972503,0.9879012098790121,1,False,10000,0.8076923076923077,0.08097956730769229,6
Major depressive disorder,major_depression,weighted,42,Hippocampus R,1.4466108221065435,0.7892137615506742,0.11578842115788421,0.7752899128691781,0.8842115788421158,13,False,10000,0.648076923076923,0.1019230769230769,2
Major depressive disorder,major_depression,weighted,43,ParaHippocampal L,1.499690909686401,0.7892137615506742,0.08089191080891911,0.7752899128691781,0.9191080891910809,6,False,10000,0.8167493796526055,0.30139384305210914,6
Major depressive disorder,major_depression,weighted,44,ParaHippocampal R,0.917993581758843,0.7892137615506742,0.17488251174882513,0.7752899128691781,0.8251174882511749,21,False,10000,0.8108173076923078,0.09543269230769236,2
Major depressive disorder,major_depression,weighted,45,Amygdala L,1.430290650327083,0.7892137615506742,0.0923907609239076,0.7752899128691781,0.9076092390760924,8,False,10000,0.8,0.22980769230769227,5
Major depressive disorder,major_depression,weighted,46,Amygdala R,0.7375651006725954,0.7892137615506742,0.26787321267873215,0.8025728039440952,0.7321267873212678,45,False,10000,0.4528846153846154,0.42211538461538456,2
Major depressive disorder,major_depression,weighted,47,Calcarine L,0.059468305307193214,0.918545182518785,0.44585541445855414,0.868775460116326,0.5541445855414459,68,False,10000,0.49230769230769234,0.5696650124069479,6
Major depressive disorder,major_depression,weighted,48,Calcarine R,0.15561946857519116,0.918545182518785,0.4226577342265773,0.868775460116326,0.5773422657734226,64,False,10000,0.3018028846153846,0.06742788461538463,2
Major depressive disorder,major_depression,weighted,49,Cuneus L,1.081653823124384,0.7892137615506742,0.1623837616238376,0.7752899128691781,0.8376162383761624,20,False,10000,0.7903225806451613,0.47115384615384615,5
Major depressive disorder,major_depression,weighted,51,Lingual L,-0.031026409162090318,0.918545182518785,0.47895210478952105,0.868775460116326,0.5210478952104789,75,False,10000,0.47580645161290325,0.1598014888337469,6
Major depressive disorder,major_depression,weighted,52,Lingual R,-0.35309432555783005,0.9554044595540446,0.5909409059094091,0.9004712431982608,0.40905909409059094,87,False,10000,0.4557091346153846,0.21352163461538465,2
Major depressive disorder,major_depression,weighted,53,Occipital Sup L,0.4191539293557062,0.8390053851757681,0.28077192280771923,0.8025728039440952,0.7192280771922808,47,False,10000,0.7435096153846155,0.30266361662531016,4
Major depressive disorder,major_depression,weighted,55,Occipital Mid L,0.6961683854072787,0.8006485065779136,0.22617738226177383,0.7752899128691781,0.7738226177382261,38,False,10000,0.6022332506203474,0.2465260545905707,6
Major depressive disorder,major_depression,weighted,56,Occipital Mid R,0.3976100030420265,0.8511569895642015,0.3327667233276672,0.8112136154805571,0.6672332766723328,56,False,10000,0.5692908653846154,0.061478365384615374,2
Major depressive disorder,major_depression,weighted,57,Occipital Inf L,0.041091386561774114,0.918545182518785,0.46335366463353667,0.868775460116326,0.5366463353664633,72,False,10000,0.6033498759305211,0.17183622828784129,6
Major depressive disorder,major_depression,weighted,58,Occipital Inf R,-0.09265763831728864,0.918545182518785,0.5208479152084792,0.8873705222070385,0.4791520847915208,81,False,10000,0.523798076923077,0.4300480769230769,2
Major depressive disorder,major_depression,weighted,59,Fusiform L,1.6104850131555792,0.7892137615506742,0.05979402059794021,0.7752899128691781,0.9402059794020597,4,False,10000,0.6160049627791564,0.278284933312655,6
Major depressive disorder,major_depression,weighted,60,Fusiform R,-0.16628716664281906,0.9301893340077758,0.5363463653634637,0.8985530018426728,0.4636536346365363,82,False,10000,0.4759014423076923,0.10871394230769227,2
Major depressive disorder,major_depression,weighted,61,Postcentral L,-1.3288662856027067,0.9961003899610039,0.8386161383861613,0.9805019498050195,0.16138386161383866,109,False,10000,0.24423076923076925,0.034894540942928015,6
Major depressive disorder,major_depression,weighted,62,Postcentral R,-1.3131046047236172,0.9961003899610039,0.8727127287271272,0.9805019498050195,0.12728727127287276,115,False,10000,0.25516826923076924,0.08329326923076921,2
Major depressive disorder,major_depression,weighted,63,Parietal Sup L,1.0203352292518315,0.7892137615506742,0.14088591140885912,0.7752899128691781,0.8591140885911409,17,False,10000,0.7325120192307693,0.2510516826923077,6
Major depressive disorder,major_depression,weighted,64,Parietal Sup R,-0.0992079521037358,0.918545182518785,0.5189481051894811,0.8873705222070385,0.4810518948105189,80,False,10000,0.1657451923076923,0.1188701923076923,2
Major depressive disorder,major_depression,weighted,65,Parietal Inf L,-0.3084346253142021,0.9513466235794004,0.6068393160683931,0.9004712431982608,0.39316068393160686,93,False,10000,0.5538461538461539,0.28091947115384613,6
Major depressive disorder,major_depression,weighted,66,Parietal Inf R,-1.173602349351254,0.9961003899610039,0.8589141085891411,0.9805019498050195,0.14108589141085892,113,False,10000,0.29765625,0.10234375000000004,2
Major depressive disorder,major_depression,weighted,67,SupraMarginal L,0.7453340259850635,0.7892137615506742,0.1984801519848015,0.7752899128691781,0.8015198480151985,31,False,10000,0.28225806451612906,0.5967935794044665,6
Major depressive disorder,major_depression,weighted,68,SupraMarginal R,-0.09082589006674745,0.918545182518785,0.5171482851714828,0.8873705222070385,0.4828517148285172,79,False,10000,0.30120192307692306,0.14495192307692312,2
Major depressive disorder,major_depression,weighted,69,Angular L,1.1844370245386666,0.7892137615506742,0.12618738126187382,0.7752899128691781,0.8738126187381262,15,False,10000,0.609375,0.22977667493796522,5
Major depressive disorder,major_depression,weighted,70,Angular R,0.963635457994977,0.7892137615506742,0.1947805219478052,0.7752899128691781,0.8052194780521948,29,False,10000,0.3894831730769231,0.25667067307692315,2
Major depressive disorder,major_depression,weighted,71,Precuneus L,0.809006207018462,0.7892137615506742,0.19888011198880112,0.7752899128691781,0.8011198880111989,32,False,10000,0.45354567307692306,0.2335346231389578,6
Major depressive disorder,major_depression,weighted,72,Precuneus R,0.36269111487202454,0.8527547245275473,0.3350664933506649,0.8112136154805571,0.6649335066493351,57,False,10000,0.34693509615384616,0.24537259615384613,2
Major depressive disorder,major_depression,weighted,73,Paracentral Lobule L,-2.0410905820285787,0.9961003899610039,0.9777022297770223,0.9805019498050195,0.022297770222977742,136,False,10000,0.12966229838709678,0.33431005738213404,6
Major depressive disorder,major_depression,weighted,74,Paracentral Lobule R,-1.5632139435188614,0.9961003899610039,0.9422057794220577,0.9805019498050195,0.05779422057794226,127,False,10000,0.2254206730769231,0.0792668269230769,2
Major depressive disorder,major_depression,weighted,75,Caudate L,0.862657567649576,0.7892137615506742,0.2084791520847915,0.7752899128691781,0.7915208479152085,35,False,10000,0.7647642679900744,0.12839155552109183,6
Major depressive disorder,major_depression,weighted,76,Caudate R,0.5596225502953178,0.8082807103904994,0.3003699630036996,0.8112136154805571,0.6996300369963004,51,False,10000,0.7934495192307692,0.14501201923076912,2
Major depressive disorder,major_depression,weighted,77,Putamen L,0.04929391479930731,0.918545182518785,0.45695430456954306,0.868775460116326,0.543045695430457,71,False,10000,0.5,0.2872208436724566,6
Major depressive disorder,major_depression,weighted,78,Putamen R,0.5598042768985512,0.8082807103904994,0.284971502849715,0.8025728039440952,0.7150284971502849,49,False,10000,0.7714543269230769,0.017608173076923084,2
Major depressive disorder,major_depression,weighted,79,Pallidum L,-1.0527313375296605,0.9961003899610039,0.8691130886911309,0.9805019498050195,0.1308869113088691,114,False,10000,0.4115384615384615,0.3890818858560794,6
Major depressive disorder,major_depression,weighted,80,Pallidum R,-2.530786452473938,0.9961003899610039,0.9803019698030196,0.9805019498050195,0.019698030196980354,137,False,10000,0.24921875,0.14921875,2
Major depressive disorder,major_depression,weighted,83,Heschl L,0.08674185886254387,0.918545182518785,0.4507549245075492,0.868775460116326,0.5492450754924507,69,False,10000,0.5703125,0.2580645161290323,5
Major depressive disorder,major_depression,weighted,84,Heschl R,-1.5219966489841545,0.9961003899610039,0.9438056194380562,0.9805019498050195,0.05619438056194381,129,False,10000,0.22554086538461537,0.0947716346153846,2
Major depressive disorder,major_depression,weighted,85,Temporal Sup L,0.334032498734288,0.8527547245275473,0.35076492350764926,0.8204332109161966,0.6492350764923507,59,False,10000,0.5249495967741935,0.28975845223325064,6
Major depressive disorder,major_depression,weighted,86,Temporal Sup R,0.48970961863759427,0.815907298159073,0.297970202979702,0.8112136154805571,0.702029797020298,50,False,10000,0.41201923076923075,0.1504807692307692,2
Major depressive disorder,major_depression,weighted,87,Temporal Pole Sup L,1.4457440666092816,0.7892137615506742,0.09529047095290472,0.7752899128691781,0.9047095290470952,9,False,10000,0.75625,0.19747983870967745,6
Major depressive disorder,major_depression,weighted,88,Temporal Pole Sup R,0.0824892865006335,0.918545182518785,0.44345565443455653,0.868775460116326,0.5565443455654435,67,False,10000,0.7611778846153846,0.19194711538461529,2
Major depressive disorder,major_depression,weighted,89,Temporal Mid L,-0.2589661739291369,0.9490384294903843,0.5987401259874012,0.9004712431982608,0.40125987401259877,90,False,10000,0.42741935483870963,0.15317249534739452,6
Major depressive disorder,major_depression,weighted,90,Temporal Mid R,0.9117386532667675,0.7892137615506742,0.1484851514848515,0.7752899128691781,0.8515148485151485,18,False,10000,0.5887620192307692,0.04969951923076921,2
Major depressive disorder,major_depression,weighted,91,Temporal Pole Mid L,-0.1946532762411912,0.9301893340077758,0.5462453754624538,0.8985530018426728,0.4537546245375462,83,False,10000,0.6655086848635237,0.4508064516129032,4
Major depressive disorder,major_depression,weighted,93,Temporal Inf L,0.6726885356083521,0.8022453568596629,0.25537446255374463,0.8009471780094719,0.7446255374462554,44,False,10000,0.684863523573201,0.30534468052109187,6
Major depressive disorder,major_depression,weighted,94,Temporal Inf R,1.5409178958059988,0.7892137615506742,0.061993800619938005,0.7752899128691781,0.938006199380062,5,False,10000,0.6430889423076923,0.0415264423076922,2
Major depressive disorder,major_depression,weighted,95,Cerebellum Crus1 L,-1.2641185805937467,0.9961003899610039,0.8503149685031497,0.9805019498050195,0.1496850314968503,111,False,10000,0.2016826923076923,0.17788849255583125,6
Major depressive disorder,major_depression,weighted,96,Cerebellum Crus1 R,-0.18770530145085787,0.9301893340077758,0.5469453054694531,0.8985530018426728,0.4530546945305469,84,False,10000,0.7314903846153846,0.13774038461538463,2
Major depressive disorder,major_depression,weighted,97,Cerebellum Crus2 L,-0.5898654291348012,0.9961003899610039,0.6546345365463454,0.9509428004567966,0.3453654634536546,95,False,10000,0.2230769230769231,0.2936724565756824,6
Major depressive disorder,major_depression,weighted,98,Cerebellum Crus2 R,-1.143700968523781,0.9961003899610039,0.7829217078292171,0.9805019498050195,0.2170782921707829,102,False,10000,0.55625,0.24375000000000008,2
Major depressive disorder,major_depression,weighted,101,Cerebellum 4 5 L,-0.3046680020814917,0.9490384294903843,0.5986401359864013,0.9004712431982608,0.4013598640135987,89,False,10000,0.6797766749379652,0.5067617866004963,6
Major depressive disorder,major_depression,weighted,102,Cerebellum 4 5 R,-0.46943692255004454,0.9961003899610039,0.6772322767723228,0.9559064501713093,0.3227677232276772,97,False,10000,0.669110576923077,0.18473557692307685,2
Major depressive disorder,major_depression,weighted,103,Cerebellum 6 L,0.009126661280454529,0.918545182518785,0.47865213478652135,0.868775460116326,0.5213478652134786,74,False,10000,0.5423076923076924,0.31242148728287844,6
Major depressive disorder,major_depression,weighted,104,Cerebellum 6 R,-0.997450982471673,0.9961003899610039,0.8023197680231977,0.9805019498050195,0.1976802319768023,104,False,10000,0.42956730769230766,0.4141826923076923,2
Major depressive disorder,major_depression,weighted,105,Cerebellum 7b L,-1.219943637960598,0.9961003899610039,0.822017798220178,0.9805019498050195,0.17798220177982205,106,False,10000,0.18796526054590573,0.25703900434243176,6
Major depressive disorder,major_depression,weighted,106,Cerebellum 7b R,1.34152699946057,0.7892137615506742,0.11018898110188981,0.7752899128691781,0.8898110188981102,11,False,10000,0.7897235576923076,0.12566105769230773,2
Major depressive disorder,major_depression,weighted,107,Cerebellum 8 L,-2.0669696706194167,0.9961003899610039,0.9264073592640736,0.9805019498050195,0.07359264073592642,123,False,10000,0.2988581730769231,0.23199732475186102,6
Major depressive disorder,major_depression,weighted,108,Cerebellum 8 R,0.5205599041395799,0.8082807103904994,0.32686731326867313,0.8112136154805571,0.6731326867313269,55,False,10000,0.5724158653846154,0.1583533653846153,2
Major depressive disorder,major_depression,weighted,109,Cerebellum 9 L,-1.342301672489496,0.9961003899610039,0.8528147185281472,0.9805019498050195,0.14718528147185284,112,False,10000,0.0703125,0.1774193548387097,5
Major depressive disorder,major_depression,weighted,110,Cerebellum 9 R,-1.0780140043273987,0.9961003899610039,0.8225177482251775,0.9805019498050195,0.17748225177482246,107,False,10000,0.20444711538461538,0.1263221153846154,2
Major depressive disorder,major_depression,weighted,111,Cerebellum 10 L,1.0575972669605833,0.7892137615506742,0.1528847115288471,0.7752899128691781,0.8471152884711529,19,False,10000,0.7741935483870968,0.41935483870967744,3
Major depressive disorder,major_depression,weighted,118,Vermis 8,1.1241145153153627,0.7892137615506742,0.23937606239376064,0.7752899128691781,0.7606239376062394,42,False,10000,0.984375,0.21153846153846156,3
Major depressive disorder,major_depression,weighted,119,Vermis 9,0.8412006069786663,0.7892137615506742,0.2343765623437656,0.7752899128691781,0.7656234376562344,40,False,10000,0.6366586538461538,0.37229567307692313,4
Major depressive disorder,major_depression,weighted,121,Thal AV L,2.159283222095239,0.7497250274972503,0.012798720127987202,0.7497250274972503,0.9872012798720128,2,False,10000,0.9208436724565756,0.11488833746898264,4
Major depressive disorder,major_depression,weighted,122,Thal AV R,-0.7072752786952005,0.9961003899610039,0.7194280571942806,0.9805019498050195,0.2805719428057194,101,False,10000,0.43311298076923077,0.3715745192307692,2
Major depressive disorder,major_depression,weighted,125,Thal VA L,-1.6332355337212874,0.9961003899610039,0.9203079692030797,0.9805019498050195,0.07969203079692033,122,False,10000,0.5230769230769231,0.24739454094292807,5
Major depressive disorder,major_depression,weighted,127,Thal VL L,-1.4545023991218329,0.9961003899610039,0.9031096890310969,0.9805019498050195,0.0968903109689031,120,False,10000,0.23560794044665012,0.10255699441687344,6
Major depressive disorder,major_depression,weighted,128,Thal VL R,-0.4465603515709301,0.9948360002709407,0.6055394460553944,0.9004712431982608,0.39446055394460555,92,False,10000,0.33377403846153847,0.056850961538461475,2
Major depressive disorder,major_depression,weighted,129,Thal VPL L,-1.7869960634588302,0.9961003899610039,0.9431056894310569,0.9805019498050195,0.05689431056894312,128,False,10000,0.2653846153846154,0.22043269230769233,6
Major depressive disorder,major_depression,weighted,130,Thal VPL R,-1.8525591453352215,0.9961003899610039,0.8844115588441156,0.9805019498050195,0.1155884411558844,117,False,10000,0.2972355769230769,0.15661057692307695,2
Major depressive disorder,major_depression,weighted,131,Thal IL L,0.5427017734662315,0.8082807103904994,0.31326867313268675,0.8112136154805571,0.6867313268673132,53,False,10000,0.8615384615384616,0.43473945409429277,5
Major depressive disorder,major_depression,weighted,135,Thal MDm L,1.2470859540057724,0.7892137615506742,0.0994900509949005,0.7752899128691781,0.9005099490050995,10,False,10000,0.12903225806451613,0.30865384615384617,3
Major depressive disorder,major_depression,weighted,136,Thal MDm R,-0.6310852519395397,0.9961003899610039,0.6716328367163283,0.9559064501713093,0.32836716328367166,96,False,10000,0.3076923076923077,0.19230769230769232,2
Major depressive disorder,major_depression,weighted,137,Thal MDl L,0.23632911115597013,0.906109389061094,0.41405859414058593,0.868775460116326,0.5859414058594141,62,False,10000,0.18461538461538463,0.19466501240694792,3
Major depressive disorder,major_depression,weighted,139,Thal LGN L,0.8599705475859771,0.7892137615506742,0.17668233176682333,0.7752899128691781,0.8233176682331766,23,False,10000,0.7230769230769231,0.2689012096774194,5
Major depressive disorder,major_depression,weighted,140,Thal LGN R,-1.825319362569359,0.9961003899610039,0.9018098190180982,0.9805019498050195,0.0981901809819018,119,False,10000,0.38888221153846153,0.16580528846153847,2
Major depressive disorder,major_depression,weighted,141,Thal MGN L,1.2129021260791961,0.7892137615506742,0.11018898110188981,0.7752899128691781,0.8898110188981102,11,False,10000,0.7307692307692308,0.13076923076923086,2
Major depressive disorder,major_depression,weighted,143,Thal PuI L,-0.28851521194413304,0.9490384294903843,0.5965403459654035,0.9004712431982608,0.4034596540345965,88,False,10000,0.6384615384615384,0.3615384615384615,2
Major depressive disorder,major_depression,weighted,144,Thal PuI R,-0.73897690583253,0.9961003899610039,0.6864313568643136,0.9568437095684371,0.31356864313568644,99,False,10000,0.6213942307692308,0.3401442307692307,2
Major depressive disorder,major_depression,weighted,145,Thal PuM L,0.1172169473613006,0.918545182518785,0.42815718428157185,0.868775460116326,0.5718428157184281,65,False,10000,0.5538461538461539,0.17127403846153844,5
Major depressive disorder,major_depression,weighted,146,Thal PuM R,-0.784124621197386,0.9961003899610039,0.6788321167883211,0.9559064501713093,0.3211678832116789,98,False,10000,0.17818509615384615,0.014122596153846173,2
Major depressive disorder,major_depression,weighted,147,Thal PuA L,-1.2085870321911718,0.9961003899610039,0.8827117288271172,0.9805019498050195,0.11728827117288276,116,False,10000,0.5161290322580645,0.17692307692307696,3
Major depressive disorder,major_depression,weighted,148,Thal PuA R,-2.24243298437619,0.9961003899610039,0.9351064893510649,0.9805019498050195,0.06489351064893512,126,False,10000,0.10084134615384616,0.008533653846153844,2
Major depressive disorder,major_depression,weighted,153,ACC pre L,0.8199354999443595,0.7892137615506742,0.1842815718428157,0.7752899128691781,0.8157184281571843,25,False,10000,0.328125,0.06290322580645163,3
Major depressive disorder,major_depression,weighted,154,ACC pre R,0.8383000126818464,0.7892137615506742,0.19768023197680232,0.7752899128691781,0.8023197680231977,30,False,10000,0.8567908653846155,0.026021634615384648,2
Major depressive disorder,major_depression,weighted,155,ACC sup L,-0.9505969218659588,0.9961003899610039,0.805919408059194,0.9805019498050195,0.19408059194080596,105,False,10000,0.263151364764268,0.4106021246898263,6
Major depressive disorder,major_depression,weighted,156,ACC sup R,-0.017791357862989365,0.918545182518785,0.48125187481251874,0.868775460116326,0.5187481251874813,76,False,10000,0.7381610576923077,0.22277644230769234,2
Major depressive disorder,major_depression,weighted,157,N Acc L,0.745693066919248,0.7892137615506742,0.2024797520247975,0.7752899128691781,0.7975202479752025,33,False,10000,0.7076923076923077,0.48585607940446646,5
Major depressive disorder,major_depression,weighted,158,N Acc R,0.8375489283992433,0.7892137615506742,0.21557844215578442,0.7752899128691781,0.7844215578442155,37,False,10000,0.9379206730769231,0.00823317307692295,2
Major depressive disorder,major_depression,weighted,161,SN pc L,-0.8112347689727122,0.9961003899610039,0.6966303369663034,0.9613498650134987,0.3033696630336966,100,False,10000,0.18485383064516128,0.10420866935483869,2
Major depressive disorder,major_depression,weighted,163,SN pr L,-1.815380190765573,0.9961003899610039,0.9567043295670433,0.9805019498050195,0.04329567043295668,133,False,10000,0.2923076923076923,0.1449131513647643,5
Major depressive disorder,major_depression,weighted,164,SN pr R,0.22404139273354523,0.906109389061094,0.43565643435656437,0.868775460116326,0.5643435656434357,66,False,10000,0.34525240384615385,0.037560096153846145,2
Major depressive disorder,major_depression,weighted,165,Red N L,-2.1643909824372427,0.9961003899610039,0.9132086791320868,0.9805019498050195,0.08679132086791319,121,False,10000,0.19020432692307693,0.09876802884615385,4
Major depressive disorder,major_depression,weighted,166,Red N R,-1.0592797664482236,0.9961003899610039,0.8271172882711729,0.9805019498050195,0.17288271172882708,108,False,10000,0.41310096153846154,0.29002403846153846,2
Major depressive disorder,major_depression,weighted,167,LC L,-1.085621034695545,0.9961003899610039,0.935006499350065,0.9805019498050195,0.06499350064993503,125,False,10000,0.13598014888337467,0.22112767524813898,4
Major depressive disorder,major_depression,weighted,168,LC R,-0.17997226781905973,0.9301893340077758,0.5611438856114389,0.9004712431982608,0.4388561143885611,85,False,10000,0.11171875,0.08828125000000002,2
Major depressive disorder,major_depression,weighted,169,Raphe D,0.3221005887648365,0.8527547245275473,0.39566043395660433,0.868775460116326,0.6043395660433957,61,False,10000,0.2610576923076923,0.17644230769230773,2
Major depressive disorder,major_depression,weighted,170,Raphe M,-1.1680524759773994,0.9961003899610039,0.9464053594640536,0.9805019498050195,0.053594640535946425,131,False,10000,0.09230769230769231,0.053605769230769235,3
Attention deficit-hyperactivity disorder,adhd,broad,1,Precentral L,-2.716963272632499,0.9973002699730027,0.9967003299670033,0.9967003299670033,0.0032996700329966933,138,False,10000,0.10307459677419355,0.07852241004962779,6
Attention deficit-hyperactivity disorder,adhd,broad,2,Precentral R,-2.2517363725058854,0.9967236852957041,0.9844015598440156,0.9946085683402464,0.015598440155984439,136,False,10000,0.11670673076923077,0.05516826923076923,2
Attention deficit-hyperactivity disorder,adhd,broad,3,Frontal Sup 2 L,0.5603824816584815,0.8964651921904584,0.31886811318868113,0.9062577613206422,0.6811318868113189,44,False,10000,0.6075682382133996,0.48668676333746896,6
Attention deficit-hyperactivity disorder,adhd,broad,4,Frontal Sup 2 R,0.6424021164491612,0.8964651921904584,0.2816718328167183,0.9062577613206422,0.7183281671832817,39,False,10000,0.6823918269230769,0.028545673076923017,2
Attention deficit-hyperactivity disorder,adhd,broad,5,Frontal Mid 2 L,0.10146613035691075,0.9203079692030797,0.47515248475152483,0.9471767109003384,0.5248475152484752,69,False,10000,0.6771033653846155,0.3597113446029777,6
Attention deficit-hyperactivity disorder,adhd,broad,6,Frontal Mid 2 R,-0.3741333348547205,0.9714437647144376,0.674932506749325,0.9708833627915404,0.32506749325067497,92,False,10000,0.5921274038461539,0.11556490384615381,2
Attention deficit-hyperactivity disorder,adhd,broad,7,Frontal Inf Oper L,0.11228134691652022,0.9203079692030797,0.4510548945105489,0.929038439439638,0.5489451054894511,67,False,10000,0.5384615384615384,0.3493796526054591,3
Attention deficit-hyperactivity disorder,adhd,broad,8,Frontal Inf Oper R,-0.13237396887679,0.9642989189453148,0.5561443855614439,0.9498320756159679,0.44385561443855615,78,False,10000,0.2636418269230769,0.009795673076923084,2
Attention deficit-hyperactivity disorder,adhd,broad,9,Frontal Inf Tri L,-0.4635849026629781,0.9714437647144376,0.6957304269573042,0.9708833627915404,0.30426957304269575,94,False,10000,0.8692307692307693,0.3644812344913151,6
Attention deficit-hyperactivity disorder,adhd,broad,10,Frontal Inf Tri R,-0.19399815705306936,0.9642989189453148,0.5686431356864313,0.9498320756159679,0.4313568643135687,82,False,10000,0.6347355769230769,0.11911057692307692,2
Attention deficit-hyperactivity disorder,adhd,broad,11,Frontal Inf Orb 2 L,1.5139178513282152,0.6909166226234519,0.06379362063793621,0.7761723827617238,0.9362063793620637,10,False,10000,0.9384615384615385,0.1944789081885856,6
Attention deficit-hyperactivity disorder,adhd,broad,12,Frontal Inf Orb 2 R,-1.3638631034693238,0.9714437647144376,0.9244075592440756,0.9708833627915404,0.07559244075592442,131,False,10000,0.4865985576923077,0.22878605769230764,2
Attention deficit-hyperactivity disorder,adhd,broad,13,Rolandic Oper L,-0.3934523046187999,0.9714437647144376,0.6612338766123388,0.9708833627915404,0.3387661233876612,90,False,10000,0.652605459057072,0.24820099255583133,6
Attention deficit-hyperactivity disorder,adhd,broad,14,Rolandic Oper R,-0.7537172550007208,0.9714437647144376,0.7782221777822218,0.9708833627915404,0.2217778222177782,104,False,10000,0.5686899038461538,0.3609975961538462,2
Attention deficit-hyperactivity disorder,adhd,broad,15,Supp Motor Area L,-0.3757174117573506,0.9714437647144376,0.6719328067193281,0.9708833627915404,0.3280671932806719,91,False,10000,0.21947890818858562,0.16526054590570718,6
Attention deficit-hyperactivity disorder,adhd,broad,16,Supp Motor Area R,-2.074772021750235,0.9947181752412994,0.9874012598740126,0.9946085683402464,0.012598740125987384,137,False,10000,0.08966346153846154,0.06658653846153847,2
Attention deficit-hyperactivity disorder,adhd,broad,17,Olfactory L,0.21894627910757755,0.9019479004480505,0.42315768423157685,0.9269168321263113,0.5768423157684232,63,False,10000,0.8301682692307693,0.37564942617866004,4
Attention deficit-hyperactivity disorder,adhd,broad,18,Olfactory R,-0.6806742154161145,0.9714437647144376,0.7372262773722628,0.9708833627915404,0.26277372262773724,100,False,10000,0.47650240384615383,0.46881009615384617,2
Attention deficit-hyperactivity disorder,adhd,broad,19,Frontal Sup Medial L,0.33534915319053277,0.8964651921904584,0.38576142385761425,0.9062577613206422,0.6142385761423858,56,False,10000,0.7024813895781638,0.31124670440446656,6
Attention deficit-hyperactivity disorder,adhd,broad,20,Frontal Sup Medial R,0.3247190478082125,0.8964651921904584,0.3752624737526247,0.9062577613206422,0.6247375262473753,55,False,10000,0.6905048076923077,0.07512019230769229,2
Attention deficit-hyperactivity disorder,adhd,broad,21,Frontal Med Orb L,0.7499991143670371,0.8964651921904584,0.24017598240175983,0.9062577613206422,0.7598240175982401,34,False,10000,0.6668734491315137,0.2704094292803969,6
Attention deficit-hyperactivity disorder,adhd,broad,22,Frontal Med Orb R,0.8356671408012376,0.8906382089063821,0.2074792520747925,0.9062577613206422,0.7925207479252074,30,False,10000,0.8958533653846155,0.06508413461538465,2
Attention deficit-hyperactivity disorder,adhd,broad,23,Rectus L,1.573435713408112,0.6909166226234519,0.07989201079892011,0.7875069635893553,0.92010798920108,14,False,10000,0.9230769230769231,0.045116702853598145,6
Attention deficit-hyperactivity disorder,adhd,broad,24,Rectus R,2.212804534014157,0.6909166226234519,0.0197980201979802,0.7761723827617238,0.9802019798020198,2,False,10000,0.9805889423076923,0.004026442307692335,2
Attention deficit-hyperactivity disorder,adhd,broad,25,OFCmed L,0.6074970921821253,0.8964651921904584,0.26307369263073693,0.9062577613206422,0.7369263073692631,36,False,10000,0.8812655086848635,0.09623623604218356,6
Attention deficit-hyperactivity disorder,adhd,broad,26,OFCmed R,1.5304402667354875,0.6909166226234519,0.05069493050694931,0.7761723827617238,0.9493050694930507,4,False,10000,0.9806490384615385,0.0037259615384616085,2
Attention deficit-hyperactivity disorder,adhd,broad,27,OFCant L,0.4748446580435237,0.8964651921904584,0.34566543345665435,0.9062577613206422,0.6543345665433457,50,False,10000,0.9607940446650125,0.34851116625310175,6
Attention deficit-hyperactivity disorder,adhd,broad,28,OFCant R,1.0227650520455287,0.8778777294684325,0.1476852314768523,0.8735953990807815,0.8523147685231477,23,False,10000,0.8522836538461538,0.0554086538461539,2
Attention deficit-hyperactivity disorder,adhd,broad,29,OFCpost L,0.9047043039372271,0.8778777294684325,0.17428257174282571,0.8735953990807815,0.8257174282571743,26,False,10000,0.9285359801488834,0.23765508684863534,6
Attention deficit-hyperactivity disorder,adhd,broad,30,OFCpost R,-0.33108182940166064,0.9714437647144376,0.6262373762623737,0.9708833627915404,0.37376262373762625,87,False,10000,0.8492788461538461,0.05697115384615381,2
Attention deficit-hyperactivity disorder,adhd,broad,31,OFClat L,0.6018209133514535,0.8964651921904584,0.27887211278872115,0.9062577613206422,0.7211278872112789,38,False,10000,0.7846153846153847,0.2587468982630272,4
Attention deficit-hyperactivity disorder,adhd,broad,32,OFClat R,-0.3637830399092039,0.9714437647144376,0.6371362863713629,0.9708833627915404,0.3628637136286371,88,False,10000,0.8254807692307693,0.012980769230769185,2
Attention deficit-hyperactivity disorder,adhd,broad,33,Insula L,-0.9391240209132805,0.9714437647144376,0.8473152684731526,0.9708833627915404,0.15268473152684736,112,False,10000,0.4884615384615385,0.24675965415632756,6
Attention deficit-hyperactivity disorder,adhd,broad,34,Insula R,-0.6799797961280016,0.9714437647144376,0.7955204479552045,0.9708833627915404,0.2044795520447955,108,False,10000,0.6734375,0.12656250000000013,2
Attention deficit-hyperactivity disorder,adhd,broad,37,Cingulate Mid L,-1.3924862344393392,0.9714437647144376,0.9314068593140686,0.9708833627915404,0.06859314068593136,132,False,10000,0.3620347394540943,0.060479024503722056,6
Attention deficit-hyperactivity disorder,adhd,broad,38,Cingulate Mid R,-1.1698120637741667,0.9714437647144376,0.892010798920108,0.9708833627915404,0.10798920107989196,123,False,10000,0.2844951923076923,0.19987980769230773,2
Attention deficit-hyperactivity disorder,adhd,broad,39,Cingulate Post L,2.6800347612238933,0.5105489451054894,0.014098590140985901,0.7761723827617238,0.9859014098590141,1,False,10000,0.8870967741935484,0.11887019230769236,5
Attention deficit-hyperactivity disorder,adhd,broad,41,Hippocampus L,0.0983927402614981,0.9203079692030797,0.4804519548045195,0.9471767109003384,0.5195480451954805,70,False,10000,0.5003722084367246,0.07189826302729518,6
Attention deficit-hyperactivity disorder,adhd,broad,42,Hippocampus R,-0.19412654294326673,0.9642989189453148,0.5680431956804319,0.9498320756159679,0.43195680431956807,81,False,10000,0.4730168269230769,0.01917067307692305,2
Attention deficit-hyperactivity disorder,adhd,broad,43,ParaHippocampal L,-0.5296294884697211,0.9714437647144376,0.681031896810319,0.9708833627915404,0.31896810318968105,93,False,10000,0.20334987593052112,0.1740694789081886,6
Attention deficit-hyperactivity disorder,adhd,broad,44,ParaHippocampal R,-1.4830080483105412,0.9714437647144376,0.9083091690830917,0.9708833627915404,0.09169083091690833,127,False,10000,0.24867788461538462,0.07944711538461541,2
Attention deficit-hyperactivity disorder,adhd,broad,45,Amygdala L,-0.04795958207305,0.9624077592240777,0.5212478752124787,0.9498320756159679,0.47875212478752127,73,False,10000,0.45161290322580644,0.5692307692307692,5
Attention deficit-hyperactivity disorder,adhd,broad,46,Amygdala R,-0.12320029645155885,0.9642989189453148,0.5325467453254674,0.9498320756159679,0.4674532546745326,75,False,10000,0.29675480769230766,0.2813701923076923,2
Attention deficit-hyperactivity disorder,adhd,broad,47,Calcarine L,0.8137026572436034,0.8906382089063821,0.2216778322167783,0.9062577613206422,0.7783221677832217,33,False,10000,0.5,0.06513647642679904,6
Attention deficit-hyperactivity disorder,adhd,broad,48,Calcarine R,1.3440545686947747,0.7970732338530853,0.12198780121987801,0.8735953990807815,0.8780121987801219,19,False,10000,0.44537259615384617,0.04693509615384617,2
Attention deficit-hyperactivity disorder,adhd,broad,49,Cuneus L,0.8015485590484807,0.8906382089063821,0.20957904209579042,0.9062577613206422,0.7904209579042096,31,False,10000,0.22580645161290322,0.1892641129032258,5
Attention deficit-hyperactivity disorder,adhd,broad,51,Lingual L,0.9204902904290283,0.8778777294684325,0.18118188181181882,0.8735953990807815,0.8188181181881812,27,False,10000,0.5545905707196029,0.30867129342431765,6
Attention deficit-hyperactivity disorder,adhd,broad,52,Lingual R,0.19185334757819913,0.9203079692030797,0.44525547445255476,0.929038439439638,0.5547445255474452,66,False,10000,0.4283052884615385,0.24861778846153842,2
Attention deficit-hyperactivity disorder,adhd,broad,53,Occipital Sup L,1.0232262447114069,0.8778777294684325,0.1416858314168583,0.8735953990807815,0.8583141685831417,22,False,10000,0.6276461693548387,0.6067937732630273,4
Attention deficit-hyperactivity disorder,adhd,broad,55,Occipital Mid L,1.2412273380525436,0.8192022902972861,0.1110888911108889,0.8735953990807815,0.8889111088891111,15,False,10000,0.5514888337468983,0.3988213399503722,6
Attention deficit-hyperactivity disorder,adhd,broad,56,Occipital Mid R,0.006528674652664644,0.9496133719961338,0.5017498250174982,0.9498320756159679,0.4982501749825018,72,False,10000,0.28185096153846156,0.1412259615384615,2
Attention deficit-hyperactivity disorder,adhd,broad,57,Occipital Inf L,1.040027476124379,0.8778777294684325,0.12048795120487951,0.8735953990807815,0.8795120487951205,18,False,10000,0.600420673076923,0.23483929125310177,6
Attention deficit-hyperactivity disorder,adhd,broad,58,Occipital Inf R,-0.7315120246489522,0.9714437647144376,0.7835216478352165,0.9708833627915404,0.2164783521647835,106,False,10000,0.3972956730769231,0.24885817307692315,2
Attention deficit-hyperactivity disorder,adhd,broad,59,Fusiform L,0.5195101330094377,0.8964651921904584,0.2685731426857314,0.9062577613206422,0.7314268573142686,37,False,10000,0.5126550868486353,0.1512794665012407,6
Attention deficit-hyperactivity disorder,adhd,broad,60,Fusiform R,0.26699963809491734,0.8964651921904584,0.40715928407159285,0.9062577613206422,0.5928407159284071,62,False,10000,0.5893629807692308,0.027824519230769118,2
Attention deficit-hyperactivity disorder,adhd,broad,61,Postcentral L,-1.1798058494701382,0.9714437647144376,0.8566143385661434,0.9708833627915404,0.14338566143385656,115,False,10000,0.17830141129032256,0.2018678272332506,6
Attention deficit-hyperactivity disorder,adhd,broad,62,Postcentral R,-1.3999297390700574,0.9714437647144376,0.8902109789021098,0.9708833627915404,0.10978902109789024,122,False,10000,0.21772836538461537,0.0869591346153846,2
Attention deficit-hyperactivity disorder,adhd,broad,63,Parietal Sup L,0.8508700938031769,0.8906382089063821,0.18268173182681732,0.8735953990807815,0.8173182681731826,28,False,10000,0.3466501240694789,0.30670847549627794,6
Attention deficit-hyperactivity disorder,adhd,broad,64,Parietal Sup R,0.3873205410601533,0.8964651921904584,0.36176382361763826,0.9062577613206422,0.6382361763823617,52,False,10000,0.35204326923076923,0.08641826923076923,2
Attention deficit-hyperactivity disorder,adhd,broad,65,Parietal Inf L,0.9061821848145428,0.8778777294684325,0.16008399160083991,0.8735953990807815,0.8399160083991601,24,False,10000,0.5153846153846153,0.35508684863523565,6
Attention deficit-hyperactivity disorder,adhd,broad,66,Parietal Inf R,0.46235619561726443,0.8964651921904584,0.3267673232676732,0.9062577613206422,0.6732326767323268,47,False,10000,0.3524639423076923,0.032151442307692346,2
Attention deficit-hyperactivity disorder,adhd,broad,67,SupraMarginal L,0.6915340466826922,0.8964651921904584,0.2538746125387461,0.9062577613206422,0.7461253874612539,35,False,10000,0.49615384615384617,0.33455334987593055,6
Attention deficit-hyperactivity disorder,adhd,broad,68,SupraMarginal R,1.527793378759958,0.6909166226234519,0.0663933606639336,0.7761723827617238,0.9336066393360664,11,False,10000,0.6241586538461539,0.016466346153846234,2
Attention deficit-hyperactivity disorder,adhd,broad,69,Angular L,1.6553687324512931,0.6909166226234519,0.060693930606939304,0.7761723827617238,0.9393060693930607,9,False,10000,0.8225806451612904,0.09702620967741937,5
Attention deficit-hyperactivity disorder,adhd,broad,70,Angular R,1.5757081808971003,0.6909166226234519,0.0751924807519248,0.7875069635893553,0.9248075192480751,13,False,10000,0.708173076923077,0.14567307692307685,2
Attention deficit-hyperactivity disorder,adhd,broad,71,Precuneus L,0.5764785104929484,0.8964651921904584,0.29187081291870814,0.9062577613206422,0.7081291870812918,40,False,10000,0.5318858560794044,0.20477667493796525,6
Attention deficit-hyperactivity disorder,adhd,broad,72,Precuneus R,1.2829261217166,0.7970732338530853,0.1391860813918608,0.8735953990807815,0.8608139186081392,21,False,10000,0.4296875,0.0703125,2
Attention deficit-hyperactivity disorder,adhd,broad,73,Paracentral Lobule L,-1.5791284987404997,0.979079535655457,0.9238076192380762,0.9708833627915404,0.0761923807619238,130,False,10000,0.08278729838709678,0.07321747053349877,6
Attention deficit-hyperactivity disorder,adhd,broad,74,Paracentral Lobule R,-1.8830518550409479,0.9925807419258074,0.9548045195480452,0.9833061469972406,0.04519548045195476,134,False,10000,0.03870192307692308,0.007451923076923078,2
Attention deficit-hyperactivity disorder,adhd,broad,75,Caudate L,0.45978045081187047,0.8964651921904584,0.32996700329967005,0.9062577613206422,0.67003299670033,48,False,10000,0.7094292803970224,0.22171215880893302,6
Attention deficit-hyperactivity disorder,adhd,broad,76,Caudate R,0.6367275825149337,0.8964651921904584,0.2957704229577042,0.9062577613206422,0.7042295770422957,42,False,10000,0.8013822115384616,0.12169471153846145,2
Attention deficit-hyperactivity disorder,adhd,broad,77,Putamen L,-0.2505741700351828,0.9642989189453148,0.585041495850415,0.9498320756159679,0.414958504149585,85,False,10000,0.4173697270471464,0.15676178660049622,6
Attention deficit-hyperactivity disorder,adhd,broad,78,Putamen R,0.2631163030149483,0.8964651921904584,0.39546045395460455,0.9062577613206422,0.6045395460453955,58,False,10000,0.5853966346153846,0.016165865384615286,2
Attention deficit-hyperactivity disorder,adhd,broad,79,Pallidum L,0.24975121315444132,0.8964651921904584,0.39866013398660133,0.9062577613206422,0.6013398660133986,60,False,10000,0.4903225806451613,0.2428475883995037,6
Attention deficit-hyperactivity disorder,adhd,broad,80,Pallidum R,0.1523075635767129,0.9203079692030797,0.44065593440655937,0.929038439439638,0.5593440655934406,64,False,10000,0.6662259615384616,0.056850961538461475,2
Attention deficit-hyperactivity disorder,adhd,broad,83,Heschl L,-0.051078133728126446,0.9624077592240777,0.5233476652334766,0.9498320756159679,0.47665233476652336,74,False,10000,0.3671875,0.41935483870967744,5
Attention deficit-hyperactivity disorder,adhd,broad,84,Heschl R,-0.575304302688674,0.9714437647144376,0.7323267673232676,0.9708833627915404,0.2676732326767324,99,False,10000,0.07758413461538462,0.008353365384615369,2
Attention deficit-hyperactivity disorder,adhd,broad,85,Temporal Sup L,-1.2079218594045644,0.9714437647144376,0.8829117088291171,0.9708833627915404,0.11708829117088293,119,False,10000,0.45992555831265514,0.37175965415632756,6
Attention deficit-hyperactivity disorder,adhd,broad,86,Temporal Sup R,0.957138710776324,0.8778777294684325,0.1653834616538346,0.8735953990807815,0.8346165383461654,25,False,10000,0.6450721153846154,0.21430288461538471,2
Attention deficit-hyperactivity disorder,adhd,broad,87,Temporal Pole Sup L,-1.0317461867525033,0.9714437647144376,0.8754124587541245,0.9708833627915404,0.12458754124587545,116,False,10000,0.4849158653846154,0.23104354063275434,6
Attention deficit-hyperactivity disorder,adhd,broad,88,Temporal Pole Sup R,-0.8393476275653342,0.9714437647144376,0.8293170682931706,0.9708833627915404,0.17068293170682936,111,False,10000,0.14693509615384615,0.04537259615384617,2
Attention deficit-hyperactivity disorder,adhd,broad,89,Temporal Mid L,0.5816065854097643,0.8964651921904584,0.29727027297270275,0.9062577613206422,0.7027297270272972,43,False,10000,0.5630040322580645,0.11456653225806451,6
Attention deficit-hyperactivity disorder,adhd,broad,90,Temporal Mid R,1.5241873040802745,0.6909166226234519,0.05929407059294071,0.7761723827617238,0.9407059294070593,8,False,10000,0.7667067307692308,0.0948317307692308,2
Attention deficit-hyperactivity disorder,adhd,broad,91,Temporal Pole Mid L,-1.098099193118883,0.9714437647144376,0.8555144485551445,0.9708833627915404,0.14448555144485553,114,False,10000,0.4143920595533499,0.3192307692307692,4
Attention deficit-hyperactivity disorder,adhd,broad,93,Temporal Inf L,-0.22462915869663802,0.9642989189453148,0.5814418558144185,0.9498320756159679,0.41855814418558146,84,False,10000,0.6887096774193548,0.36577136321339954,6
Attention deficit-hyperactivity disorder,adhd,broad,94,Temporal Inf R,1.4666661882379375,0.6909166226234519,0.0674932506749325,0.7761723827617238,0.9325067493250675,12,False,10000,0.7783653846153846,0.09086538461538463,2
Attention deficit-hyperactivity disorder,adhd,broad,95,Cerebellum Crus1 L,-0.8019357509648807,0.9714437647144376,0.8005199480051994,0.9708833627915404,0.19948005199480057,109,False,10000,0.2171875,0.11820913461538463,6
Attention deficit-hyperactivity disorder,adhd,broad,96,Cerebellum Crus1 R,-1.2326678771400321,0.9714437647144376,0.9065093490650935,0.9708833627915404,0.0934906509349065,126,False,10000,0.44771634615384615,0.2445913461538461,2
Attention deficit-hyperactivity disorder,adhd,broad,97,Cerebellum Crus2 L,-0.6372576298930425,0.9714437647144376,0.7051294870512949,0.9708833627915404,0.29487051294870514,96,False,10000,0.22022332506203474,0.12426333746898263,6
Attention deficit-hyperactivity disorder,adhd,broad,98,Cerebellum Crus2 R,-1.452173655471725,0.9714437647144376,0.8936106389361064,0.9708833627915404,0.10638936106389363,124,False,10000,0.21256009615384616,0.07974759615384613,2
Attention deficit-hyperactivity disorder,adhd,broad,101,Cerebellum 4 5 L,-1.8653280377925108,0.9925807419258074,0.9804019598040196,0.9946085683402464,0.019598040195980437,135,False,10000,0.25,0.36544665012406946,6
Attention deficit-hyperactivity disorder,adhd,broad,102,Cerebellum 4 5 R,-0.8369833467991983,0.9714437647144376,0.8526147385261473,0.9708833627915404,0.14738526147385267,113,False,10000,0.378125,0.278125,2
Attention deficit-hyperactivity disorder,adhd,broad,103,Cerebellum 6 L,0.30815549648743384,0.8964651921904584,0.39236076392360764,0.9062577613206422,0.6076392360763924,57,False,10000,0.3959057071960298,0.3731709444789082,6
Attention deficit-hyperactivity disorder,adhd,broad,104,Cerebellum 6 R,-0.4721644361050193,0.9714437647144376,0.7014298570142986,0.9708833627915404,0.2985701429857014,95,False,10000,0.24585336538461539,0.2150841346153846,2
Attention deficit-hyperactivity disorder,adhd,broad,105,Cerebellum 7b L,-0.22240607984298316,0.9642989189453148,0.5760423957604239,0.9498320756159679,0.42395760423957607,83,False,10000,0.3413151364764268,0.3174937965260546,6
Attention deficit-hyperactivity disorder,adhd,broad,106,Cerebellum 7b R,1.5394563419389067,0.6909166226234519,0.058694130586941305,0.7761723827617238,0.9413058694130587,7,False,10000,0.8644831730769231,0.018329326923076983,2
Attention deficit-hyperactivity disorder,adhd,broad,107,Cerebellum 8 L,-1.233856085892606,0.9714437647144376,0.8186181381861813,0.9708833627915404,0.18138186181381866,110,False,10000,0.24057071960297766,0.06643920595533495,6
Attention deficit-hyperactivity disorder,adhd,broad,108,Cerebellum 8 R,-0.14515140393730233,0.9642989189453148,0.5460453954604539,0.9498320756159679,0.45395460453954606,77,False,10000,0.5134014423076922,0.27121394230769236,2
Attention deficit-hyperactivity disorder,adhd,broad,109,Cerebellum 9 L,-0.7781870190097357,0.9714437647144376,0.7617238276172382,0.9708833627915404,0.23827617238276178,101,False,10000,0.0546875,0.42307692307692313,5
Attention deficit-hyperactivity disorder,adhd,broad,110,Cerebellum 9 R,-1.1677490703992777,0.9714437647144376,0.8769123087691231,0.9708833627915404,0.12308769123087693,118,False,10000,0.12818509615384616,0.035877403846153844,2
Attention deficit-hyperactivity disorder,adhd,broad,111,Cerebellum 10 L,-0.5913164456520892,0.9714437647144376,0.7165283471652835,0.9708833627915404,0.28347165283471654,98,False,10000,0.20967741935483872,0.23759305210918114,3
Attention deficit-hyperactivity disorder,adhd,broad,118,Vermis 8,-0.3168951067390894,0.9714437647144376,0.5608439156084392,0.9498320756159679,0.43915608439156084,79,False,10000,0.703125,0.3153846153846154,3
Attention deficit-hyperactivity disorder,adhd,broad,119,Vermis 9,0.903457719365183,0.8778777294684325,0.21097890210978903,0.9062577613206422,0.789021097890211,32,False,10000,0.9384615384615385,0.1596153846153846,4
Attention deficit-hyperactivity disorder,adhd,broad,121,Thal AV L,1.8683757734757314,0.6909166226234519,0.0198980101989801,0.7761723827617238,0.9801019898010199,3,False,10000,0.7692307692307693,0.22717121588089328,4
Attention deficit-hyperactivity disorder,adhd,broad,122,Thal AV R,1.5844959893189237,0.6909166226234519,0.0532946705329467,0.7761723827617238,0.9467053294670533,6,False,10000,0.8563701923076923,0.02824519230769229,2
Attention deficit-hyperactivity disorder,adhd,broad,125,Thal VA L,-0.2458867139459382,0.9642989189453148,0.6056394360563944,0.9708833627915404,0.39436056394360564,86,False,10000,0.7461538461538462,0.30769230769230765,5
Attention deficit-hyperactivity disorder,adhd,broad,127,Thal VL L,0.043410313655994785,0.9496133719961338,0.47215278472152783,0.9471767109003384,0.5278472152784721,68,False,10000,0.3802923387096774,0.23127520161290327,6
Attention deficit-hyperactivity disorder,adhd,broad,128,Thal VL R,-0.6795186534335798,0.9714437647144376,0.7130286971302869,0.9708833627915404,0.28697130286971306,97,False,10000,0.3496394230769231,0.10348557692307692,2
Attention deficit-hyperactivity disorder,adhd,broad,129,Thal VPL L,-1.2084154451827174,0.9714437647144376,0.8957104289571043,0.9708833627915404,0.10428957104289571,125,False,10000,0.25769230769230766,0.10267524813895779,6
Attention deficit-hyperactivity disorder,adhd,broad,130,Thal VPL R,-1.4096565880289966,0.9714437647144376,0.8754124587541245,0.9708833627915404,0.12458754124587545,116,False,10000,0.11207932692307693,0.04176682692307693,2
Attention deficit-hyperactivity disorder,adhd,broad,131,Thal IL L,0.31621840698197373,0.8964651921904584,0.3544645535446455,0.9062577613206422,0.6455354464553544,51,False,10000,0.7846153846153846,0.21240694789081882,5
Attention deficit-hyperactivity disorder,adhd,broad,135,Thal MDm L,1.5648775972818305,0.6909166226234519,0.05069493050694931,0.7761723827617238,0.9493050694930507,4,False,10000,0.22580645161290322,0.16562500000000002,3
Attention deficit-hyperactivity disorder,adhd,broad,136,Thal MDm R,1.332301570142551,0.7970732338530853,0.11438856114388561,0.8735953990807815,0.8856114388561144,16,False,10000,0.4170673076923077,0.3016826923076923,2
Attention deficit-hyperactivity disorder,adhd,broad,137,Thal MDl L,0.295103767091931,0.8964651921904584,0.3742625737426257,0.9062577613206422,0.6257374262573743,54,False,10000,0.41935483870967744,0.08846153846153848,3
Attention deficit-hyperactivity disorder,adhd,broad,139,Thal LGN L,0.43479168565853693,0.8964651921904584,0.32026797320267975,0.9062577613206422,0.6797320267973203,45,False,10000,0.4461538461538462,0.25806451612903225,5
Attention deficit-hyperactivity disorder,adhd,broad,140,Thal LGN R,-1.3494514351138422,0.9714437647144376,0.8884111588841116,0.9708833627915404,0.1115888411158884,121,False,10000,0.40703125,0.007031249999999933,2
Attention deficit-hyperactivity disorder,adhd,broad,141,Thal MGN L,0.29068939445658604,0.8964651921904584,0.39706029397060294,0.9062577613206422,0.6029397060293971,59,False,10000,0.5,0.3153846153846154,2
Attention deficit-hyperactivity disorder,adhd,broad,143,Thal PuI L,-0.7162868695537298,0.9714437647144376,0.7793220677932207,0.9708833627915404,0.22067793220677934,105,False,10000,0.33076923076923076,0.2692307692307693,2
Attention deficit-hyperactivity disorder,adhd,broad,144,Thal PuI R,-0.7624626923495178,0.9714437647144376,0.7716228377162284,0.9708833627915404,0.22837716228377158,103,False,10000,0.34831730769230773,0.06706730769230768,2
Attention deficit-hyperactivity disorder,adhd,broad,145,Thal PuM L,0.3041403687585868,0.8964651921904584,0.3711628837116288,0.9062577613206422,0.6288371162883712,53,False,10000,0.6,0.16201923076923075,5
Attention deficit-hyperactivity disorder,adhd,broad,146,Thal PuM R,0.5222499915508523,0.8964651921904584,0.33896610338966104,0.9062577613206422,0.661033896610339,49,False,10000,0.43900240384615385,0.1313100961538461,2
Attention deficit-hyperactivity disorder,adhd,broad,147,Thal PuA L,-0.6408599132729317,0.9714437647144376,0.7635236476352365,0.9708833627915404,0.2364763523647635,102,False,10000,0.7615384615384615,0.045533498759305124,3
Attention deficit-hyperactivity disorder,adhd,broad,148,Thal PuA R,-0.8751420917625051,0.9714437647144376,0.7882211778822118,0.9708833627915404,0.2117788221177882,107,False,10000,0.27728365384615383,0.23040865384615383,2
Attention deficit-hyperactivity disorder,adhd,broad,153,ACC pre L,0.015769487602393967,0.9496133719961338,0.49665033496650335,0.9498320756159679,0.5033496650334967,71,False,10000,0.7258064516129032,0.3375,3
Attention deficit-hyperactivity disorder,adhd,broad,154,ACC pre R,0.9712738352619631,0.8778777294684325,0.1835816418358164,0.8735953990807815,0.8164183581641836,29,False,10000,0.8533653846153846,0.08413461538461531,2
Attention deficit-hyperactivity disorder,adhd,broad,155,ACC sup L,-1.40628519736151,0.9714437647144376,0.916008399160084,0.9708833627915404,0.08399160083991597,128,False,10000,0.031141439205955336,0.15947192928039705,6
Attention deficit-hyperactivity disorder,adhd,broad,156,ACC sup R,-1.1949225039475964,0.9714437647144376,0.8879112088791121,0.9708833627915404,0.11208879112088788,120,False,10000,0.4718149038461539,0.3641225961538462,2
Attention deficit-hyperactivity disorder,adhd,broad,157,N Acc L,0.26129869042080023,0.8964651921904584,0.40215978402159785,0.9062577613206422,0.5978402159784022,61,False,10000,0.46153846153846156,0.4838709677419355,5
Attention deficit-hyperactivity disorder,adhd,broad,158,N Acc R,1.2134086151418786,0.8192022902972861,0.12918708129187081,0.8735953990807815,0.8708129187081292,20,False,10000,0.8711538461538462,0.12115384615384617,2
Attention deficit-hyperactivity disorder,adhd,broad,161,SN pc L,0.2937174091423622,0.8964651921904584,0.32366763323667636,0.9062577613206422,0.6763323667633236,46,False,10000,0.6068548387096775,0.23185483870967738,2
Attention deficit-hyperactivity disorder,adhd,broad,163,SN pr L,-1.0438037717075435,0.9714437647144376,0.9357064293570643,0.9708833627915404,0.06429357064293573,133,False,10000,0.09230769230769231,0.6431761786600496,5
Attention deficit-hyperactivity disorder,adhd,broad,164,SN pr R,1.1900923893827804,0.8361963803619639,0.1161883811618838,0.8735953990807815,0.8838116188381162,17,False,10000,0.8337740384615384,0.056850961538461475,2
Attention deficit-hyperactivity disorder,adhd,broad,165,Red N L,-0.06198538173675758,0.9624077592240777,0.5329467053294671,0.9498320756159679,0.4670532946705329,76,False,10000,0.4423076923076923,0.2163461538461539,4
Attention deficit-hyperactivity disorder,adhd,broad,166,Red N R,-0.9666256719472457,0.9714437647144376,0.92010798920108,0.9708833627915404,0.07989201079892005,129,False,10000,0.3299278846153846,0.06069711538461536,2
Attention deficit-hyperactivity disorder,adhd,broad,167,LC L,-0.11109299298293948,0.9642989189453148,0.5645435456454354,0.9498320756159679,0.4354564543545646,80,False,10000,0.6012406947890818,0.5403565058933003,4
Attention deficit-hyperactivity disorder,adhd,broad,168,LC R,0.3572697526564871,0.8964651921904584,0.29257074292570745,0.9062577613206422,0.7074292570742926,41,False,10000,0.3118389423076923,0.27277644230769227,2
Attention deficit-hyperactivity disorder,adhd,broad,169,Raphe D,-0.26265080867995777,0.9642989189453148,0.6608339166083391,0.9708833627915404,0.3391660833916609,89,False,10000,0.20174278846153848,0.024819711538461547,2
Attention deficit-hyperactivity disorder,adhd,broad,170,Raphe M,0.09201401082349038,0.9203079692030797,0.4420557944205579,0.929038439439638,0.5579442055794421,65,False,10000,0.6384615384615384,0.4422475961538461,3
Attention deficit-hyperactivity disorder,adhd,stringent,1,Precentral L,-3.0839289807043544,0.999000099990001,0.9931006899310069,0.9969003099690031,0.006899310068993136,137,False,10000,0.10307459677419355,0.07852241004962779,6
Attention deficit-hyperactivity disorder,adhd,stringent,2,Precentral R,-2.177773100034024,0.999000099990001,0.9361063893610639,0.9861273414643269,0.06389361063893606,131,False,10000,0.11670673076923077,0.05516826923076923,2
Attention deficit-hyperactivity disorder,adhd,stringent,3,Frontal Sup 2 L,0.44892048934705264,0.8533915839185312,0.41615838416158385,0.9611452647838664,0.5838416158384161,52,False,10000,0.6075682382133996,0.48668676333746896,6
Attention deficit-hyperactivity disorder,adhd,stringent,4,Frontal Sup 2 R,0.7391416571329164,0.7184481551844816,0.32296770322967705,0.9611452647838664,0.677032296770323,41,False,10000,0.6823918269230769,0.028545673076923017,2
Attention deficit-hyperactivity disorder,adhd,stringent,5,Frontal Mid 2 L,0.9510143386142276,0.620937906209379,0.2986701329867013,0.9611452647838664,0.7013298670132987,36,False,10000,0.6771033653846155,0.3597113446029777,6
Attention deficit-hyperactivity disorder,adhd,stringent,6,Frontal Mid 2 R,0.40990850847682364,0.8911825798552221,0.42595740425957407,0.9611452647838664,0.5740425957404259,53,False,10000,0.5921274038461539,0.11556490384615381,2
Attention deficit-hyperactivity disorder,adhd,stringent,7,Frontal Inf Oper L,0.04859300537429132,0.9129771954311418,0.5383461653834617,0.9611452647838664,0.4616538346165383,75,False,10000,0.5384615384615384,0.3493796526054591,3
Attention deficit-hyperactivity disorder,adhd,stringent,8,Frontal Inf Oper R,-0.8693264464585633,0.999000099990001,0.768023197680232,0.9611452647838664,0.23197680231976803,108,False,10000,0.2636418269230769,0.009795673076923084,2
Attention deficit-hyperactivity disorder,adhd,stringent,9,Frontal Inf Tri L,1.853324336416407,0.2646088332343236,0.08969103089691031,0.8472352764723529,0.9103089691030897,14,False,10000,0.8692307692307693,0.3644812344913151,6
Attention deficit-hyperactivity disorder,adhd,stringent,10,Frontal Inf Tri R,0.9903966733644655,0.6194461634917588,0.256974302569743,0.9611452647838664,0.7430256974302569,33,False,10000,0.6347355769230769,0.11911057692307692,2
Attention deficit-hyperactivity disorder,adhd,stringent,11,Frontal Inf Orb 2 L,2.5879299584071966,0.08555144485551444,0.03949605039496051,0.5933406659334066,0.9605039496050395,9,False,10000,0.9384615384615385,0.1944789081885856,6
Attention deficit-hyperactivity disorder,adhd,stringent,12,Frontal Inf Orb 2 R,-0.503007333608198,0.999000099990001,0.6801319868013199,0.9611452647838664,0.3198680131986801,89,False,10000,0.4865985576923077,0.22878605769230764,2
Attention deficit-hyperactivity disorder,adhd,stringent,13,Rolandic Oper L,0.5881398197104208,0.7641675832416759,0.37446255374462556,0.9611452647838664,0.6255374462553744,49,False,10000,0.652605459057072,0.24820099255583133,6
Attention deficit-hyperactivity disorder,adhd,stringent,14,Rolandic Oper R,-0.7489657465410772,0.999000099990001,0.7249275072492751,0.9611452647838664,0.2750724927507249,99,False,10000,0.5686899038461538,0.3609975961538462,2
Attention deficit-hyperactivity disorder,adhd,stringent,15,Supp Motor Area L,-0.8283120757271702,0.999000099990001,0.8153184681531847,0.9616576803858076,0.18468153184681535,117,False,10000,0.21947890818858562,0.16526054590570718,6
Attention deficit-hyperactivity disorder,adhd,stringent,16,Supp Motor Area R,-2.680614859844007,0.999000099990001,0.9894010598940106,0.9969003099690031,0.010598940105989385,136,False,10000,0.08966346153846154,0.06658653846153847,2
Attention deficit-hyperactivity disorder,adhd,stringent,17,Olfactory L,1.1130931140639986,0.5736880857368808,0.3043695630436956,0.9611452647838664,0.6956304369563044,37,False,10000,0.8301682692307693,0.37564942617866004,4
Attention deficit-hyperactivity disorder,adhd,stringent,18,Olfactory R,0.1385563946255072,0.9129771954311418,0.5071492850714928,0.9611452647838664,0.4928507149285072,65,False,10000,0.47650240384615383,0.46881009615384617,2
Attention deficit-hyperactivity disorder,adhd,stringent,19,Frontal Sup Medial L,0.8933183225676435,0.6529103187242251,0.27177282271772824,0.9611452647838664,0.7282271772822717,35,False,10000,0.7024813895781638,0.31124670440446656,6
Attention deficit-hyperactivity disorder,adhd,stringent,20,Frontal Sup Medial R,0.33802323027126424,0.9129771954311418,0.4393560643935606,0.9611452647838664,0.5606439356064394,55,False,10000,0.6905048076923077,0.07512019230769229,2
Attention deficit-hyperactivity disorder,adhd,stringent,21,Frontal Med Orb L,2.018518982266554,0.1862813718628137,0.1090890910908909,0.8855467394437025,0.8909109089091091,16,False,10000,0.6668734491315137,0.2704094292803969,6
Attention deficit-hyperactivity disorder,adhd,stringent,22,Frontal Med Orb R,1.7543415921833483,0.2713728627137286,0.144985501449855,0.9503799620037997,0.855014498550145,20,False,10000,0.8958533653846155,0.06508413461538465,2
Attention deficit-hyperactivity disorder,adhd,stringent,23,Rectus L,3.1359769362381593,0.01931806819318068,0.030096990300969902,0.5933406659334066,0.9699030096990301,6,False,10000,0.9230769230769231,0.045116702853598145,6
Attention deficit-hyperactivity disorder,adhd,stringent,24,Rectus R,3.719303360238862,0.004599540045995401,0.017298270172982702,0.5933406659334066,0.9827017298270173,4,False,10000,0.9805889423076923,0.004026442307692335,2
Attention deficit-hyperactivity disorder,adhd,stringent,25,OFCmed L,3.2564377784380873,0.006899310068993101,0.0084991500849915,0.390960903909609,0.9915008499150085,3,False,10000,0.8812655086848635,0.09623623604218356,6
Attention deficit-hyperactivity disorder,adhd,stringent,26,OFCmed R,3.907778275697548,0.004599540045995401,0.0033996600339966003,0.24147585241475852,0.9966003399660034,1,False,10000,0.9806490384615385,0.0037259615384616085,2
Attention deficit-hyperactivity disorder,adhd,stringent,27,OFCant L,2.977533741022097,0.0298970102989701,0.034596540345965404,0.5933406659334066,0.9654034596540346,7,False,10000,0.9607940446650125,0.34851116625310175,6
Attention deficit-hyperactivity disorder,adhd,stringent,28,OFCant R,2.1201255876491403,0.1862813718628137,0.07829217078292171,0.831101505234092,0.9217078292170783,13,False,10000,0.8522836538461538,0.0554086538461539,2
Attention deficit-hyperactivity disorder,adhd,stringent,29,OFCpost L,3.9226771336464834,0.004599540045995401,0.0034996500349965005,0.24147585241475852,0.9965003499650035,2,False,10000,0.9285359801488834,0.23765508684863534,6
Attention deficit-hyperactivity disorder,adhd,stringent,30,OFCpost R,2.06562105622096,0.1862813718628137,0.1090890910908909,0.8855467394437025,0.8909109089091091,16,False,10000,0.8492788461538461,0.05697115384615381,2
Attention deficit-hyperactivity disorder,adhd,stringent,31,OFClat L,2.9522568221121883,0.037453397517391115,0.042995700429957005,0.5933406659334066,0.957004299570043,10,False,10000,0.7846153846153847,0.2587468982630272,4
Attention deficit-hyperactivity disorder,adhd,stringent,32,OFClat R,1.5140071381168039,0.35285042924279,0.18518148185181482,0.9611452647838664,0.8148185181481852,26,False,10000,0.8254807692307693,0.012980769230769185,2
Attention deficit-hyperactivity disorder,adhd,stringent,33,Insula L,0.8572552951963011,0.6529103187242251,0.3050694930506949,0.9611452647838664,0.694930506949305,38,False,10000,0.4884615384615385,0.24675965415632756,6
Attention deficit-hyperactivity disorder,adhd,stringent,34,Insula R,1.6048311013139238,0.3489079663462225,0.16528347165283472,0.9503799620037997,0.8347165283471653,24,False,10000,0.6734375,0.12656250000000013,2
Attention deficit-hyperactivity disorder,adhd,stringent,37,Cingulate Mid L,0.3156708911340099,0.9129771954311418,0.45665433456654336,0.9611452647838664,0.5433456654334566,56,False,10000,0.3620347394540943,0.060479024503722056,6
Attention deficit-hyperactivity disorder,adhd,stringent,38,Cingulate Mid R,-1.082890817200604,0.999000099990001,0.807919208079192,0.9611452647838664,0.19208079192080796,116,False,10000,0.2844951923076923,0.19987980769230773,2
Attention deficit-hyperactivity disorder,adhd,stringent,39,Cingulate Post L,1.5384513792117092,0.35285042924279,0.21107889211078892,0.9611452647838664,0.7889211078892111,30,False,10000,0.8870967741935484,0.11887019230769236,5
Attention deficit-hyperactivity disorder,adhd,stringent,41,Hippocampus L,0.25356666719119997,0.9129771954311418,0.4737526247375263,0.9611452647838664,0.5262473752624737,58,False,10000,0.5003722084367246,0.07189826302729518,6
Attention deficit-hyperactivity disorder,adhd,stringent,42,Hippocampus R,0.2783859867519328,0.9129771954311418,0.47495250474952505,0.9611452647838664,0.5250474952504749,59,False,10000,0.4730168269230769,0.01917067307692305,2
Attention deficit-hyperactivity disorder,adhd,stringent,43,ParaHippocampal L,-1.003869575997788,0.999000099990001,0.7517248275172482,0.9611452647838664,0.24827517248275177,105,False,10000,0.20334987593052112,0.1740694789081886,6
Attention deficit-hyperactivity disorder,adhd,stringent,44,ParaHippocampal R,-1.0137003015450807,0.999000099990001,0.7654234576542346,0.9611452647838664,0.23457654234576542,107,False,10000,0.24867788461538462,0.07944711538461541,2
Attention deficit-hyperactivity disorder,adhd,stringent,45,Amygdala L,0.05035217850809492,0.9129771954311418,0.5292470752924707,0.9611452647838664,0.4707529247075293,70,False,10000,0.45161290322580644,0.5692307692307692,5
Attention deficit-hyperactivity disorder,adhd,stringent,46,Amygdala R,-1.0417496374638582,0.999000099990001,0.7846215378462154,0.9611452647838664,0.21537846215378464,112,False,10000,0.29675480769230766,0.2813701923076923,2
Attention deficit-hyperactivity disorder,adhd,stringent,47,Calcarine L,-0.1826526716945903,0.9635475476842559,0.5655434456554345,0.9611452647838664,0.43445655434456554,79,False,10000,0.5,0.06513647642679904,6
Attention deficit-hyperactivity disorder,adhd,stringent,48,Calcarine R,0.30232372115206696,0.9129771954311418,0.46385361463853614,0.9611452647838664,0.5361463853614639,57,False,10000,0.44537259615384617,0.04693509615384617,2
Attention deficit-hyperactivity disorder,adhd,stringent,49,Cuneus L,-0.6353325007028361,0.999000099990001,0.6848315168483151,0.9611452647838664,0.3151684831516849,91,False,10000,0.22580645161290322,0.1892641129032258,5
Attention deficit-hyperactivity disorder,adhd,stringent,51,Lingual L,0.18944509141783505,0.9129771954311418,0.48885111488851113,0.9611452647838664,0.5111488851114889,63,False,10000,0.5545905707196029,0.30867129342431765,6
Attention deficit-hyperactivity disorder,adhd,stringent,52,Lingual R,-0.25076043184949903,0.9801948376590911,0.5902409759024098,0.9611452647838664,0.40975902409759024,81,False,10000,0.4283052884615385,0.24861778846153842,2
Attention deficit-hyperactivity disorder,adhd,stringent,53,Occipital Sup L,0.7300854674458835,0.7202279772022798,0.3544645535446455,0.9611452647838664,0.6455354464553544,46,False,10000,0.6276461693548387,0.6067937732630273,4
Attention deficit-hyperactivity disorder,adhd,stringent,55,Occipital Mid L,-0.05702337107762,0.9246822153227715,0.5438456154384561,0.9611452647838664,0.4561543845615439,76,False,10000,0.5514888337468983,0.3988213399503722,6
Attention deficit-hyperactivity disorder,adhd,stringent,56,Occipital Mid R,-1.185760722206741,0.999000099990001,0.8062193780621938,0.9611452647838664,0.1937806219378062,115,False,10000,0.28185096153846156,0.1412259615384615,2
Attention deficit-hyperactivity disorder,adhd,stringent,57,Occipital Inf L,0.11874508171624103,0.9129771954311418,0.5183481651834817,0.9611452647838664,0.4816518348165183,67,False,10000,0.600420673076923,0.23483929125310177,6
Attention deficit-hyperactivity disorder,adhd,stringent,58,Occipital Inf R,-0.47181630292579546,0.999000099990001,0.6868313168683132,0.9611452647838664,0.3131686831316868,92,False,10000,0.3972956730769231,0.24885817307692315,2
Attention deficit-hyperactivity disorder,adhd,stringent,59,Fusiform L,1.04369060784251,0.6038925519212784,0.25577442255774424,0.9611452647838664,0.7442255774422557,32,False,10000,0.5126550868486353,0.1512794665012407,6
Attention deficit-hyperactivity disorder,adhd,stringent,60,Fusiform R,0.7357739158848353,0.7184481551844816,0.36136386361363865,0.9611452647838664,0.6386361363863613,47,False,10000,0.5893629807692308,0.027824519230769118,2
Attention deficit-hyperactivity disorder,adhd,stringent,61,Postcentral L,-1.9655729483991302,0.999000099990001,0.9286071392860714,0.9857521940113682,0.07139286071392859,130,False,10000,0.17830141129032256,0.2018678272332506,6
Attention deficit-hyperactivity disorder,adhd,stringent,62,Postcentral R,-1.6905971668168578,0.999000099990001,0.8993100689931007,0.9857521940113682,0.10068993100689927,125,False,10000,0.21772836538461537,0.0869591346153846,2
Attention deficit-hyperactivity disorder,adhd,stringent,63,Parietal Sup L,-0.07700937450776589,0.9246822153227715,0.5596440355964404,0.9611452647838664,0.4403559644035596,78,False,10000,0.3466501240694789,0.30670847549627794,6
Attention deficit-hyperactivity disorder,adhd,stringent,64,Parietal Sup R,0.06072435630983767,0.9129771954311418,0.5333466653334666,0.9611452647838664,0.46665333466653336,71,False,10000,0.35204326923076923,0.08641826923076923,2
Attention deficit-hyperactivity disorder,adhd,stringent,65,Parietal Inf L,0.21420276409265235,0.9129771954311418,0.48595140485951405,0.9611452647838664,0.514048595140486,62,False,10000,0.5153846153846153,0.35508684863523565,6
Attention deficit-hyperactivity disorder,adhd,stringent,66,Parietal Inf R,-0.9222255661515982,0.999000099990001,0.8229177082291771,0.9623952858951393,0.1770822917708229,118,False,10000,0.3524639423076923,0.032151442307692346,2
Attention deficit-hyperactivity disorder,adhd,stringent,67,SupraMarginal L,0.8820593395361286,0.6529103187242251,0.26987301269873015,0.9611452647838664,0.7301269873012699,34,False,10000,0.49615384615384617,0.33455334987593055,6
Attention deficit-hyperactivity disorder,adhd,stringent,68,SupraMarginal R,1.4742557902664215,0.35285042924279,0.1171882811718828,0.8984434889844348,0.8828117188281172,18,False,10000,0.6241586538461539,0.016466346153846234,2
Attention deficit-hyperactivity disorder,adhd,stringent,69,Angular L,2.0205621850485156,0.1862813718628137,0.0648935106489351,0.7773222677732227,0.9351064893510649,11,False,10000,0.8225806451612904,0.09702620967741937,5
Attention deficit-hyperactivity disorder,adhd,stringent,70,Angular R,2.7791589388109914,0.050019998000199975,0.023497650234976502,0.5933406659334066,0.9765023497650235,5,False,10000,0.708173076923077,0.14567307692307685,2
Attention deficit-hyperactivity disorder,adhd,stringent,71,Precuneus L,1.2015299232797505,0.4976127387261274,0.33166683331666835,0.9611452647838664,0.6683331666833316,42,False,10000,0.5318858560794044,0.20477667493796525,6
Attention deficit-hyperactivity disorder,adhd,stringent,72,Precuneus R,0.5745901619790297,0.7694759935771129,0.40575942405759424,0.9611452647838664,0.5942405759424058,51,False,10000,0.4296875,0.0703125,2
Attention deficit-hyperactivity disorder,adhd,stringent,73,Paracentral Lobule L,-2.728850848482436,0.999000099990001,0.9762023797620238,0.9969003099690031,0.023797620237976158,135,False,10000,0.08278729838709678,0.07321747053349877,6
Attention deficit-hyperactivity disorder,adhd,stringent,74,Paracentral Lobule R,-2.018745952396191,0.999000099990001,0.9261073892610739,0.9857521940113682,0.07389261073892606,129,False,10000,0.03870192307692308,0.007451923076923078,2
Attention deficit-hyperactivity disorder,adhd,stringent,75,Caudate L,1.0049842546500578,0.6134472267059008,0.31226877312268775,0.9611452647838664,0.6877312268773123,40,False,10000,0.7094292803970224,0.22171215880893302,6
Attention deficit-hyperactivity disorder,adhd,stringent,76,Caudate R,0.6860213287486413,0.7289781660131859,0.34366563343665635,0.9611452647838664,0.6563343665633437,44,False,10000,0.8013822115384616,0.12169471153846145,2
Attention deficit-hyperactivity disorder,adhd,stringent,77,Putamen L,0.25114308584141126,0.9129771954311418,0.47905209479052097,0.9611452647838664,0.520947905209479,60,False,10000,0.4173697270471464,0.15676178660049622,6
Attention deficit-hyperactivity disorder,adhd,stringent,78,Putamen R,-0.1528438531170903,0.9635475476842559,0.5882411758824118,0.9611452647838664,0.41175882411758824,80,False,10000,0.5853966346153846,0.016165865384615286,2
Attention deficit-hyperactivity disorder,adhd,stringent,79,Pallidum L,-0.6752376699692865,0.999000099990001,0.6982301769823017,0.9611452647838664,0.3017698230176983,93,False,10000,0.4903225806451613,0.2428475883995037,6
Attention deficit-hyperactivity disorder,adhd,stringent,80,Pallidum R,-0.4498744730093124,0.999000099990001,0.680931906809319,0.9611452647838664,0.31906809319068097,90,False,10000,0.6662259615384616,0.056850961538461475,2
Attention deficit-hyperactivity disorder,adhd,stringent,83,Heschl L,-0.5572954577654876,0.999000099990001,0.7290270972902709,0.9611452647838664,0.27097290270972907,100,False,10000,0.3671875,0.41935483870967744,5
Attention deficit-hyperactivity disorder,adhd,stringent,84,Heschl R,-2.3605785575128024,0.999000099990001,0.9666033396660334,0.9969003099690031,0.0333966603339666,133,False,10000,0.07758413461538462,0.008353365384615369,2
Attention deficit-hyperactivity disorder,adhd,stringent,85,Temporal Sup L,-0.2197688842822098,0.9797020297970201,0.6084391560843916,0.9611452647838664,0.3915608439156084,83,False,10000,0.45992555831265514,0.37175965415632756,6
Attention deficit-hyperactivity disorder,adhd,stringent,86,Temporal Sup R,1.9766280722071603,0.1862813718628137,0.09209079092090791,0.8472352764723529,0.9079092090790921,15,False,10000,0.6450721153846154,0.21430288461538471,2
Attention deficit-hyperactivity disorder,adhd,stringent,87,Temporal Pole Sup L,0.7883486321222336,0.6892892106138224,0.33666633336666335,0.9611452647838664,0.6633336666333367,43,False,10000,0.4849158653846154,0.23104354063275434,6
Attention deficit-hyperactivity disorder,adhd,stringent,88,Temporal Pole Sup R,-1.402528415777497,0.999000099990001,0.8386161383861613,0.9725128327503383,0.16138386161383866,119,False,10000,0.14693509615384615,0.04537259615384617,2
Attention deficit-hyperactivity disorder,adhd,stringent,89,Temporal Mid L,1.6114304460854907,0.3489079663462225,0.17498250174982502,0.9611452647838664,0.825017498250175,25,False,10000,0.5630040322580645,0.11456653225806451,6
Attention deficit-hyperactivity disorder,adhd,stringent,90,Temporal Mid R,2.5478827878188386,0.07512582075125822,0.0375962403759624,0.5933406659334066,0.9624037596240376,8,False,10000,0.7667067307692308,0.0948317307692308,2
Attention deficit-hyperactivity disorder,adhd,stringent,91,Temporal Pole Mid L,0.3864204319807676,0.905342799053428,0.42655734426557346,0.9611452647838664,0.5734426557344265,54,False,10000,0.4143920595533499,0.3192307692307692,4
Attention deficit-hyperactivity disorder,adhd,stringent,93,Temporal Inf L,1.2169595780103757,0.4976127387261274,0.20727927207279273,0.9611452647838664,0.7927207279272073,29,False,10000,0.6887096774193548,0.36577136321339954,6
Attention deficit-hyperactivity disorder,adhd,stringent,94,Temporal Inf R,2.212731456861993,0.17812764178127644,0.0675932406759324,0.7773222677732227,0.9324067593240676,12,False,10000,0.7783653846153846,0.09086538461538463,2
Attention deficit-hyperactivity disorder,adhd,stringent,95,Cerebellum Crus1 L,-0.7676439084693285,0.999000099990001,0.7236276372362763,0.9611452647838664,0.2763723627637237,98,False,10000,0.2171875,0.11820913461538463,6
Attention deficit-hyperactivity disorder,adhd,stringent,96,Cerebellum Crus1 R,-0.7160184409752748,0.999000099990001,0.734026597340266,0.9611452647838664,0.265973402659734,101,False,10000,0.44771634615384615,0.2445913461538461,2
Attention deficit-hyperactivity disorder,adhd,stringent,97,Cerebellum Crus2 L,-1.1200622632976804,0.999000099990001,0.7603239676032397,0.9611452647838664,0.23967603239676027,106,False,10000,0.22022332506203474,0.12426333746898263,6
Attention deficit-hyperactivity disorder,adhd,stringent,98,Cerebellum Crus2 R,-2.19685330260525,0.999000099990001,0.911008899110089,0.9857521940113682,0.08899110088991102,127,False,10000,0.21256009615384616,0.07974759615384613,2
Attention deficit-hyperactivity disorder,adhd,stringent,101,Cerebellum 4 5 L,-2.8054511594704303,0.999000099990001,0.9969003099690031,0.9969003099690031,0.00309969003099686,138,False,10000,0.25,0.36544665012406946,6
Attention deficit-hyperactivity disorder,adhd,stringent,102,Cerebellum 4 5 R,-0.5639488885259846,0.999000099990001,0.7428257174282572,0.9611452647838664,0.2571742825717428,103,False,10000,0.378125,0.278125,2
Attention deficit-hyperactivity disorder,adhd,stringent,103,Cerebellum 6 L,-1.0572678460950695,0.999000099990001,0.793920607939206,0.9611452647838664,0.20607939206079395,113,False,10000,0.3959057071960298,0.3731709444789082,6
Attention deficit-hyperactivity disorder,adhd,stringent,104,Cerebellum 6 R,-0.8559993030304643,0.999000099990001,0.7708229177082292,0.9611452647838664,0.2291770822917708,109,False,10000,0.24585336538461539,0.2150841346153846,2
Attention deficit-hyperactivity disorder,adhd,stringent,105,Cerebellum 7b L,-0.8817315816452311,0.999000099990001,0.7465253474652535,0.9611452647838664,0.25347465253474655,104,False,10000,0.3413151364764268,0.3174937965260546,6
Attention deficit-hyperactivity disorder,adhd,stringent,106,Cerebellum 7b R,0.6212106835819851,0.7641675832416759,0.3705629437056294,0.9611452647838664,0.6294370562943705,48,False,10000,0.8644831730769231,0.018329326923076983,2
Attention deficit-hyperactivity disorder,adhd,stringent,107,Cerebellum 8 L,-1.4049497124224815,0.999000099990001,0.8045195480451954,0.9611452647838664,0.19548045195480457,114,False,10000,0.24057071960297766,0.06643920595533495,6
Attention deficit-hyperactivity disorder,adhd,stringent,108,Cerebellum 8 R,-0.31848480454059414,0.999000099990001,0.6135386461353864,0.9611452647838664,0.38646135386461355,84,False,10000,0.5134014423076922,0.27121394230769236,2
Attention deficit-hyperactivity disorder,adhd,stringent,109,Cerebellum 9 L,-1.7043711935436283,0.999000099990001,0.8662133786621338,0.9770096161115596,0.13378662133786623,122,False,10000,0.0546875,0.42307692307692313,5
Attention deficit-hyperactivity disorder,adhd,stringent,110,Cerebellum 9 R,-0.9556421770223695,0.999000099990001,0.7765223477652234,0.9611452647838664,0.22347765223477656,110,False,10000,0.12818509615384616,0.035877403846153844,2
Attention deficit-hyperactivity disorder,adhd,stringent,111,Cerebellum 10 L,0.06306905727191288,0.9129771954311418,0.5347465253474653,0.9611452647838664,0.46525347465253475,72,False,10000,0.20967741935483872,0.23759305210918114,3
Attention deficit-hyperactivity disorder,adhd,stringent,118,Vermis 8,-0.013802536304038639,0.9246822153227715,0.5263473652634737,0.9611452647838664,0.4736526347365263,68,False,10000,0.703125,0.3153846153846154,3
Attention deficit-hyperactivity disorder,adhd,stringent,119,Vermis 9,0.9765326652931098,0.6194461634917588,0.30896910308969106,0.9611452647838664,0.691030896910309,39,False,10000,0.9384615384615385,0.1596153846153846,4
Attention deficit-hyperactivity disorder,adhd,stringent,121,Thal AV L,1.5475505193685546,0.35285042924279,0.1650834916508349,0.9503799620037997,0.8349165083491651,23,False,10000,0.7692307692307693,0.22717121588089328,4
Attention deficit-hyperactivity disorder,adhd,stringent,122,Thal AV R,1.231546155435368,0.4976127387261274,0.1954804519548045,0.9611452647838664,0.8045195480451954,27,False,10000,0.8563701923076923,0.02824519230769229,2
Attention deficit-hyperactivity disorder,adhd,stringent,125,Thal VA L,-0.577497239296258,0.999000099990001,0.698930106989301,0.9611452647838664,0.301069893010699,94,False,10000,0.7461538461538462,0.30769230769230765,5
Attention deficit-hyperactivity disorder,adhd,stringent,127,Thal VL L,-0.4094588334854799,0.999000099990001,0.6603339666033397,0.9611452647838664,0.33966603339666035,88,False,10000,0.3802923387096774,0.23127520161290327,6
Attention deficit-hyperactivity disorder,adhd,stringent,128,Thal VL R,-0.45796885124798253,0.999000099990001,0.66003399660034,0.9611452647838664,0.33996600339966,87,False,10000,0.3496394230769231,0.10348557692307692,2
Attention deficit-hyperactivity disorder,adhd,stringent,129,Thal VPL L,-1.4156347063452537,0.999000099990001,0.8645135486451355,0.9770096161115596,0.13548645135486448,121,False,10000,0.25769230769230766,0.10267524813895779,6
Attention deficit-hyperactivity disorder,adhd,stringent,130,Thal VPL R,-2.082588067683956,0.999000099990001,0.9016098390160984,0.9857521940113682,0.09839016098390163,126,False,10000,0.11207932692307693,0.04176682692307693,2
Attention deficit-hyperactivity disorder,adhd,stringent,131,Thal IL L,0.6217270694874667,0.7641675832416759,0.37846215378462156,0.9611452647838664,0.6215378462153784,50,False,10000,0.7846153846153846,0.21240694789081882,5
Attention deficit-hyperactivity disorder,adhd,stringent,135,Thal MDm L,1.5224204792318627,0.35285042924279,0.1611838816118388,0.9503799620037997,0.8388161183881612,22,False,10000,0.22580645161290322,0.16562500000000002,3
Attention deficit-hyperactivity disorder,adhd,stringent,136,Thal MDm R,-0.032603381673514814,0.9246822153227715,0.5549445055494451,0.9611452647838664,0.4450554944505549,77,False,10000,0.4170673076923077,0.3016826923076923,2
Attention deficit-hyperactivity disorder,adhd,stringent,137,Thal MDl L,0.8094014783747956,0.6892892106138224,0.3441655834416558,0.9611452647838664,0.6558344165583442,45,False,10000,0.41935483870967744,0.08846153846153848,3
Attention deficit-hyperactivity disorder,adhd,stringent,139,Thal LGN L,0.06902155193547681,0.9129771954311418,0.5274472552744726,0.9611452647838664,0.47255274472552744,69,False,10000,0.4461538461538462,0.25806451612903225,5
Attention deficit-hyperactivity disorder,adhd,stringent,140,Thal LGN R,-0.742674481839376,0.999000099990001,0.7225277472252775,0.9611452647838664,0.27747225277472254,97,False,10000,0.40703125,0.007031249999999933,2
Attention deficit-hyperactivity disorder,adhd,stringent,141,Thal MGN L,-0.7850538336131877,0.999000099990001,0.7407259274072593,0.9611452647838664,0.2592740725927407,102,False,10000,0.5,0.3153846153846154,2
Attention deficit-hyperactivity disorder,adhd,stringent,143,Thal PuI L,-1.443116682287974,0.999000099990001,0.8946105389461054,0.9857521940113682,0.10538946105389457,124,False,10000,0.33076923076923076,0.2692307692307693,2
Attention deficit-hyperactivity disorder,adhd,stringent,144,Thal PuI R,-1.4408744135919478,0.999000099990001,0.8605139486051395,0.9770096161115596,0.13948605139486048,120,False,10000,0.34831730769230773,0.06706730769230768,2
Attention deficit-hyperactivity disorder,adhd,stringent,145,Thal PuM L,0.026246943367945856,0.9198458532525124,0.5367463253674633,0.9611452647838664,0.46325367463253675,74,False,10000,0.6,0.16201923076923075,5
Attention deficit-hyperactivity disorder,adhd,stringent,146,Thal PuM R,0.03956386104166728,0.9129771954311418,0.5354464553544646,0.9611452647838664,0.46455354464553544,73,False,10000,0.43900240384615385,0.1313100961538461,2
Attention deficit-hyperactivity disorder,adhd,stringent,147,Thal PuA L,0.22884239906910525,0.9129771954311418,0.48525147485251474,0.9611452647838664,0.5147485251474853,61,False,10000,0.7615384615384615,0.045533498759305124,3
Attention deficit-hyperactivity disorder,adhd,stringent,148,Thal PuA R,-1.471783996276392,0.999000099990001,0.8708129187081292,0.9770096161115596,0.12918708129187084,123,False,10000,0.27728365384615383,0.23040865384615383,2
Attention deficit-hyperactivity disorder,adhd,stringent,153,ACC pre L,1.4912004974772137,0.35285042924279,0.130986901309869,0.9503799620037997,0.869013098690131,19,False,10000,0.7258064516129032,0.3375,3
Attention deficit-hyperactivity disorder,adhd,stringent,154,ACC pre R,1.559249037377892,0.35285042924279,0.1506849315068493,0.9503799620037997,0.8493150684931507,21,False,10000,0.8533653846153846,0.08413461538461531,2
Attention deficit-hyperactivity disorder,adhd,stringent,155,ACC sup L,-1.9988738384669567,0.999000099990001,0.9512048795120488,0.9944414649444147,0.048795120487951205,132,False,10000,0.031141439205955336,0.15947192928039705,6
Attention deficit-hyperactivity disorder,adhd,stringent,156,ACC sup R,-0.49922710522763486,0.999000099990001,0.7215278472152785,0.9611452647838664,0.2784721527847215,96,False,10000,0.4718149038461539,0.3641225961538462,2
Attention deficit-hyperactivity disorder,adhd,stringent,157,N Acc L,0.14045483412708784,0.9129771954311418,0.5091490850914908,0.9611452647838664,0.4908509149085092,66,False,10000,0.46153846153846156,0.4838709677419355,5
Attention deficit-hyperactivity disorder,adhd,stringent,158,N Acc R,1.285879656855406,0.4905647366297853,0.20387961203879612,0.9611452647838664,0.7961203879612039,28,False,10000,0.8711538461538462,0.12115384615384617,2
Attention deficit-hyperactivity disorder,adhd,stringent,161,SN pc L,0.13553721969374316,0.9129771954311418,0.5029497050294971,0.9611452647838664,0.4970502949705029,64,False,10000,0.6068548387096775,0.23185483870967738,2
Attention deficit-hyperactivity disorder,adhd,stringent,163,SN pr L,-1.5969569645561843,0.999000099990001,0.972002799720028,0.9969003099690031,0.02799720027997199,134,False,10000,0.09230769230769231,0.6431761786600496,5
Attention deficit-hyperactivity disorder,adhd,stringent,164,SN pr R,1.6862361621292032,0.3151895336782111,0.23147685231476853,0.9611452647838664,0.7685231476852314,31,False,10000,0.8337740384615384,0.056850961538461475,2
Attention deficit-hyperactivity disorder,adhd,stringent,165,Red N L,-0.46391627602376634,0.999000099990001,0.6544345565443456,0.9611452647838664,0.34556544345565443,86,False,10000,0.4423076923076923,0.2163461538461539,4
Attention deficit-hyperactivity disorder,adhd,stringent,166,Red N R,-1.1330521578370631,0.999000099990001,0.9184081591840816,0.9857521940113682,0.08159184081591841,128,False,10000,0.3299278846153846,0.06069711538461536,2
Attention deficit-hyperactivity disorder,adhd,stringent,167,LC L,-0.26729780068056164,0.984572131022192,0.7078292170782922,0.9611452647838664,0.29217078292170784,95,False,10000,0.6012406947890818,0.5403565058933003,4
Attention deficit-hyperactivity disorder,adhd,stringent,168,LC R,-0.08724280420434682,0.9246822153227715,0.6174382561743825,0.9611452647838664,0.3825617438256175,85,False,10000,0.3118389423076923,0.27277644230769227,2
Attention deficit-hyperactivity disorder,adhd,stringent,169,Raphe D,-0.19199646916328733,0.9635475476842559,0.6020397960203979,0.9611452647838664,0.3979602039796021,82,False,10000,0.20174278846153848,0.024819711538461547,2
Attention deficit-hyperactivity disorder,adhd,stringent,170,Raphe M,-0.4956729733109774,0.999000099990001,0.7818218178182181,0.9611452647838664,0.21817818218178187,111,False,10000,0.6384615384615384,0.4422475961538461,3
Attention deficit-hyperactivity disorder,adhd,weighted,1,Precentral L,-2.9014334564064264,0.9988001199880012,0.9954004599540046,0.9954004599540046,0.004599540045995387,138,False,10000,0.10307459677419355,0.07852241004962779,6
Attention deficit-hyperactivity disorder,adhd,weighted,2,Precentral R,-2.1482108190091305,0.9988001199880012,0.946905309469053,0.9920371599203716,0.05309469053094695,131,False,10000,0.11670673076923077,0.05516826923076923,2
Attention deficit-hyperactivity disorder,adhd,weighted,3,Frontal Sup 2 L,0.7815998769840766,0.7479893520081954,0.296970302969703,0.9289428200037139,0.7030296970302969,38,False,10000,0.6075682382133996,0.48668676333746896,6
Attention deficit-hyperactivity disorder,adhd,weighted,4,Frontal Sup 2 R,1.5280759038589005,0.4539019782232303,0.11258874112588742,0.9237813060799184,0.8874112588741125,16,False,10000,0.6823918269230769,0.028545673076923017,2
Attention deficit-hyperactivity disorder,adhd,weighted,5,Frontal Mid 2 L,0.7018337443246144,0.7479893520081954,0.33566643335666435,0.9289428200037139,0.6643335666433356,45,False,10000,0.6771033653846155,0.3597113446029777,6
Attention deficit-hyperactivity disorder,adhd,weighted,6,Frontal Mid 2 R,0.46152069956959496,0.8053376480533765,0.37696230376962303,0.9289428200037139,0.623037696230377,56,False,10000,0.5921274038461539,0.11556490384615381,2
Attention deficit-hyperactivity disorder,adhd,weighted,7,Frontal Inf Oper L,0.13999647990517927,0.9034037772693319,0.48225177482251774,0.9560718928107189,0.5177482251774823,68,False,10000,0.5384615384615384,0.3493796526054591,3
Attention deficit-hyperactivity disorder,adhd,weighted,8,Frontal Inf Oper R,-0.8576477987801766,0.9988001199880012,0.7808219178082192,0.980711684929068,0.2191780821917808,109,False,10000,0.2636418269230769,0.009795673076923084,2
Attention deficit-hyperactivity disorder,adhd,weighted,9,Frontal Inf Tri L,0.9633815952921893,0.7116742871167429,0.22077792220777923,0.9289428200037139,0.7792220777922207,30,False,10000,0.8692307692307693,0.3644812344913151,6
Attention deficit-hyperactivity disorder,adhd,weighted,10,Frontal Inf Tri R,0.2225528786980812,0.8748737066591848,0.45265473452654736,0.9560718928107189,0.5473452654734526,61,False,10000,0.6347355769230769,0.11911057692307692,2
Attention deficit-hyperactivity disorder,adhd,weighted,11,Frontal Inf Orb 2 L,2.579314044405796,0.11728827117288272,0.017998200179982,0.545045495450455,0.982001799820018,4,False,10000,0.9384615384615385,0.1944789081885856,6
Attention deficit-hyperactivity disorder,adhd,weighted,12,Frontal Inf Orb 2 R,-0.502306473123765,0.9988001199880012,0.687031296870313,0.980711684929068,0.31296870312968705,93,False,10000,0.4865985576923077,0.22878605769230764,2
Attention deficit-hyperactivity disorder,adhd,weighted,13,Rolandic Oper L,0.03594864235857186,0.9421189460001369,0.5145485451454854,0.9560718928107189,0.4854514548545146,71,False,10000,0.652605459057072,0.24820099255583133,6
Attention deficit-hyperactivity disorder,adhd,weighted,14,Rolandic Oper R,-0.8797586337549459,0.9988001199880012,0.7654234576542346,0.980711684929068,0.23457654234576542,105,False,10000,0.5686899038461538,0.3609975961538462,2
Attention deficit-hyperactivity disorder,adhd,weighted,15,Supp Motor Area L,-0.7436646027064098,0.9988001199880012,0.7876212378762124,0.980711684929068,0.2123787621237876,110,False,10000,0.21947890818858562,0.16526054590570718,6
Attention deficit-hyperactivity disorder,adhd,weighted,16,Supp Motor Area R,-2.610456125561626,0.9988001199880012,0.9919008099190081,0.9954004599540046,0.008099190080991914,136,False,10000,0.08966346153846154,0.06658653846153847,2
Attention deficit-hyperactivity disorder,adhd,weighted,17,Olfactory L,0.4527240573682601,0.8067264702101219,0.41535846415358463,0.9560718928107189,0.5846415358464154,58,False,10000,0.8301682692307693,0.37564942617866004,4
Attention deficit-hyperactivity disorder,adhd,weighted,18,Olfactory R,-0.4323550099638344,0.9963503649635036,0.64003599640036,0.9675532446755325,0.35996400359964,89,False,10000,0.47650240384615383,0.46881009615384617,2
Attention deficit-hyperactivity disorder,adhd,weighted,19,Frontal Sup Medial L,0.9944302773163318,0.7116742871167429,0.20767923207679231,0.9289428200037139,0.7923207679232077,27,False,10000,0.7024813895781638,0.31124670440446656,6
Attention deficit-hyperactivity disorder,adhd,weighted,20,Frontal Sup Medial R,0.5792652672163159,0.7479893520081954,0.3160683931606839,0.9289428200037139,0.6839316068393161,41,False,10000,0.6905048076923077,0.07512019230769229,2
Attention deficit-hyperactivity disorder,adhd,weighted,21,Frontal Med Orb L,1.0059854257486962,0.7116742871167429,0.24227577242275772,0.9289428200037139,0.7577242275772422,32,False,10000,0.6668734491315137,0.2704094292803969,6
Attention deficit-hyperactivity disorder,adhd,weighted,22,Frontal Med Orb R,1.5533950855497531,0.45228810452288104,0.12718728127187282,0.9237813060799184,0.8728127187281272,18,False,10000,0.8958533653846155,0.06508413461538465,2
Attention deficit-hyperactivity disorder,adhd,weighted,23,Rectus L,2.5049994104090136,0.11728827117288272,0.0375962403759624,0.545045495450455,0.9624037596240376,9,False,10000,0.9230769230769231,0.045116702853598145,6
Attention deficit-hyperactivity disorder,adhd,weighted,24,Rectus R,3.198494043028086,0.0413958604139586,0.017298270172982702,0.545045495450455,0.9827017298270173,3,False,10000,0.9805889423076923,0.004026442307692335,2
Attention deficit-hyperactivity disorder,adhd,weighted,25,OFCmed L,2.0601362888256864,0.26217378262173785,0.0364963503649635,0.545045495450455,0.9635036496350365,8,False,10000,0.8812655086848635,0.09623623604218356,6
Attention deficit-hyperactivity disorder,adhd,weighted,26,OFCmed R,3.284837817329499,0.0413958604139586,0.0040995900409959,0.545045495450455,0.9959004099590041,1,False,10000,0.9806490384615385,0.0037259615384616085,2
Attention deficit-hyperactivity disorder,adhd,weighted,27,OFCant L,2.709025648818485,0.11383861613838615,0.0306969303069693,0.545045495450455,0.9693030696930307,6,False,10000,0.9607940446650125,0.34851116625310175,6
Attention deficit-hyperactivity disorder,adhd,weighted,28,OFCant R,1.9193139348469497,0.28977102289771023,0.06779322067793221,0.7196511118118958,0.9322067793220677,13,False,10000,0.8522836538461538,0.0554086538461539,2
Attention deficit-hyperactivity disorder,adhd,weighted,29,OFCpost L,2.651608957917955,0.11383861613838615,0.015798420157984203,0.545045495450455,0.9842015798420158,2,False,10000,0.9285359801488834,0.23765508684863534,6
Attention deficit-hyperactivity disorder,adhd,weighted,30,OFCpost R,1.350811502483647,0.5329717028297171,0.1620837916208379,0.9289428200037139,0.837916208379162,23,False,10000,0.8492788461538461,0.05697115384615381,2
Attention deficit-hyperactivity disorder,adhd,weighted,31,OFClat L,1.993498103832684,0.2797356627973567,0.0837916208379162,0.8259459768308882,0.9162083791620838,14,False,10000,0.7846153846153847,0.2587468982630272,4
Attention deficit-hyperactivity disorder,adhd,weighted,32,OFClat R,0.6738388536827088,0.7479893520081954,0.31966803319668036,0.9289428200037139,0.6803319668033196,42,False,10000,0.8254807692307693,0.012980769230769185,2
Attention deficit-hyperactivity disorder,adhd,weighted,33,Insula L,-0.009400758921465394,0.9421189460001369,0.5297470252974702,0.9560718928107189,0.4702529747025298,74,False,10000,0.4884615384615385,0.24675965415632756,6
Attention deficit-hyperactivity disorder,adhd,weighted,34,Insula R,0.593066662206295,0.7479893520081954,0.34266573342665735,0.9289428200037139,0.6573342665733426,47,False,10000,0.6734375,0.12656250000000013,2
Attention deficit-hyperactivity disorder,adhd,weighted,37,Cingulate Mid L,-0.5161221851497885,0.9988001199880012,0.7095290470952905,0.980711684929068,0.2904709529047095,97,False,10000,0.3620347394540943,0.060479024503722056,6
Attention deficit-hyperactivity disorder,adhd,weighted,38,Cingulate Mid R,-1.5404697730405679,0.9988001199880012,0.9287071292870713,0.9858583372431988,0.07129287071292867,130,False,10000,0.2844951923076923,0.19987980769230773,2
Attention deficit-hyperactivity disorder,adhd,weighted,39,Cingulate Post L,1.4535805401147048,0.5160683931606839,0.18668133186681332,0.9289428200037139,0.8133186681331867,25,False,10000,0.8870967741935484,0.11887019230769236,5
Attention deficit-hyperactivity disorder,adhd,weighted,41,Hippocampus L,0.47093117918319954,0.8053376480533765,0.4116588341165883,0.9560718928107189,0.5883411658834117,57,False,10000,0.5003722084367246,0.07189826302729518,6
Attention deficit-hyperactivity disorder,adhd,weighted,42,Hippocampus R,0.24628392475659444,0.8748737066591848,0.4570542945705429,0.9560718928107189,0.5429457054294571,63,False,10000,0.4730168269230769,0.01917067307692305,2
Attention deficit-hyperactivity disorder,adhd,weighted,43,ParaHippocampal L,-0.9725691605276525,0.9988001199880012,0.7691230876912308,0.980711684929068,0.23087691230876917,107,False,10000,0.20334987593052112,0.1740694789081886,6
Attention deficit-hyperactivity disorder,adhd,weighted,44,ParaHippocampal R,-1.2686181571416575,0.9988001199880012,0.8401159884011599,0.980711684929068,0.15988401159884014,116,False,10000,0.24867788461538462,0.07944711538461541,2
Attention deficit-hyperactivity disorder,adhd,weighted,45,Amygdala L,-0.3767430967961159,0.9845542918235649,0.6339366063393661,0.9675532446755325,0.3660633936606339,88,False,10000,0.45161290322580644,0.5692307692307692,5
Attention deficit-hyperactivity disorder,adhd,weighted,46,Amygdala R,-0.6609678874186571,0.9988001199880012,0.7017298270172982,0.980711684929068,0.29827017298270175,96,False,10000,0.29675480769230766,0.2813701923076923,2
Attention deficit-hyperactivity disorder,adhd,weighted,47,Calcarine L,0.2438257995902923,0.8748737066591848,0.45585441455854414,0.9560718928107189,0.5441455854414559,62,False,10000,0.5,0.06513647642679904,6
Attention deficit-hyperactivity disorder,adhd,weighted,48,Calcarine R,0.8418647324810867,0.7479893520081954,0.30746925307469253,0.9289428200037139,0.6925307469253075,39,False,10000,0.44537259615384617,0.04693509615384617,2
Attention deficit-hyperactivity disorder,adhd,weighted,49,Cuneus L,-0.005626574260241582,0.9421189460001369,0.5223477652234777,0.9560718928107189,0.4776522347765223,73,False,10000,0.22580645161290322,0.1892641129032258,5
Attention deficit-hyperactivity disorder,adhd,weighted,51,Lingual L,0.5661540119328873,0.7479893520081954,0.36306369363063695,0.9289428200037139,0.636936306369363,53,False,10000,0.5545905707196029,0.30867129342431765,6
Attention deficit-hyperactivity disorder,adhd,weighted,52,Lingual R,0.06781192955634839,0.9264787806933592,0.5072492750724927,0.9560718928107189,0.49275072492750727,70,False,10000,0.4283052884615385,0.24861778846153842,2
Attention deficit-hyperactivity disorder,adhd,weighted,53,Occipital Sup L,0.591502884939363,0.7479893520081954,0.34166583341665835,0.9289428200037139,0.6583341665833417,46,False,10000,0.6276461693548387,0.6067937732630273,4
Attention deficit-hyperactivity disorder,adhd,weighted,55,Occipital Mid L,0.6115893749127022,0.7479893520081954,0.35336466353364665,0.9289428200037139,0.6466353364663533,51,False,10000,0.5514888337468983,0.3988213399503722,6
Attention deficit-hyperactivity disorder,adhd,weighted,56,Occipital Mid R,-0.823022552313073,0.9988001199880012,0.7507249275072493,0.980711684929068,0.24927507249275072,101,False,10000,0.28185096153846156,0.1412259615384615,2
Attention deficit-hyperactivity disorder,adhd,weighted,57,Occipital Inf L,0.5739530596749055,0.7479893520081954,0.35356464353564643,0.9289428200037139,0.6464353564643536,52,False,10000,0.600420673076923,0.23483929125310177,6
Attention deficit-hyperactivity disorder,adhd,weighted,58,Occipital Inf R,-0.2532237702031509,0.959546741955018,0.6149385061493851,0.9675532446755325,0.38506149385061494,85,False,10000,0.3972956730769231,0.24885817307692315,2
Attention deficit-hyperactivity disorder,adhd,weighted,59,Fusiform L,0.8249323054052952,0.7479893520081954,0.24827517248275172,0.9289428200037139,0.7517248275172483,33,False,10000,0.5126550868486353,0.1512794665012407,6
Attention deficit-hyperactivity disorder,adhd,weighted,60,Fusiform R,0.5885454776648082,0.7479893520081954,0.34536546345365465,0.9289428200037139,0.6546345365463453,48,False,10000,0.5893629807692308,0.027824519230769118,2
Attention deficit-hyperactivity disorder,adhd,weighted,61,Postcentral L,-1.751665830738338,0.9988001199880012,0.9008099190080991,0.9845913046490626,0.09919008099190085,126,False,10000,0.17830141129032256,0.2018678272332506,6
Attention deficit-hyperactivity disorder,adhd,weighted,62,Postcentral R,-1.3638862083032317,0.9988001199880012,0.8556144385561444,0.980711684929068,0.14438556144385561,119,False,10000,0.21772836538461537,0.0869591346153846,2
Attention deficit-hyperactivity disorder,adhd,weighted,63,Parietal Sup L,0.1920725278283987,0.8748737066591848,0.47025297470252975,0.9560718928107189,0.5297470252974703,66,False,10000,0.3466501240694789,0.30670847549627794,6
Attention deficit-hyperactivity disorder,adhd,weighted,64,Parietal Sup R,0.5842583789379555,0.7479893520081954,0.35296470352964704,0.9289428200037139,0.647035296470353,50,False,10000,0.35204326923076923,0.08641826923076923,2
Attention deficit-hyperactivity disorder,adhd,weighted,65,Parietal Inf L,0.24634671121271995,0.8748737066591848,0.43425657434256576,0.9560718928107189,0.5657434256574343,59,False,10000,0.5153846153846153,0.35508684863523565,6
Attention deficit-hyperactivity disorder,adhd,weighted,66,Parietal Inf R,-0.5524743806744459,0.9988001199880012,0.7143285671432856,0.980711684929068,0.28567143285671437,98,False,10000,0.3524639423076923,0.032151442307692346,2
Attention deficit-hyperactivity disorder,adhd,weighted,67,SupraMarginal L,0.6631739234504084,0.7479893520081954,0.2950704929507049,0.9289428200037139,0.7049295070492951,37,False,10000,0.49615384615384617,0.33455334987593055,6
Attention deficit-hyperactivity disorder,adhd,weighted,68,SupraMarginal R,1.185064435378782,0.620937906209379,0.1401859814018598,0.9289428200037139,0.8598140185981402,20,False,10000,0.6241586538461539,0.016466346153846234,2
Attention deficit-hyperactivity disorder,adhd,weighted,69,Angular L,1.7618075002057583,0.38044766951876235,0.06319368063193681,0.7196511118118958,0.9368063193680631,11,False,10000,0.8225806451612904,0.09702620967741937,5
Attention deficit-hyperactivity disorder,adhd,weighted,70,Angular R,2.275423820177138,0.20352964703529647,0.0331966803319668,0.545045495450455,0.9668033196680332,7,False,10000,0.708173076923077,0.14567307692307685,2
Attention deficit-hyperactivity disorder,adhd,weighted,71,Precuneus L,0.30601351545663635,0.8748737066591848,0.44185581441855815,0.9560718928107189,0.5581441855814419,60,False,10000,0.5318858560794044,0.20477667493796525,6
Attention deficit-hyperactivity disorder,adhd,weighted,72,Precuneus R,0.9457825925204244,0.7116742871167429,0.273972602739726,0.9289428200037139,0.726027397260274,34,False,10000,0.4296875,0.0703125,2
Attention deficit-hyperactivity disorder,adhd,weighted,73,Paracentral Lobule L,-2.4808451222999928,0.9988001199880012,0.9776022397760225,0.9954004599540046,0.022397760223977548,135,False,10000,0.08278729838709678,0.07321747053349877,6
Attention deficit-hyperactivity disorder,adhd,weighted,74,Paracentral Lobule R,-2.268332629678484,0.9988001199880012,0.948905109489051,0.9920371599203716,0.051094890510948954,132,False,10000,0.03870192307692308,0.007451923076923078,2
Attention deficit-hyperactivity disorder,adhd,weighted,75,Caudate L,0.6142076118970233,0.7479893520081954,0.3712628737126287,0.9289428200037139,0.6287371262873713,55,False,10000,0.7094292803970224,0.22171215880893302,6
Attention deficit-hyperactivity disorder,adhd,weighted,76,Caudate R,0.6916884349172663,0.7479893520081954,0.32366763323667636,0.9289428200037139,0.6763323667633236,43,False,10000,0.8013822115384616,0.12169471153846145,2
Attention deficit-hyperactivity disorder,adhd,weighted,77,Putamen L,-0.11774528748199077,0.9514061252102638,0.5394460553944606,0.9560718928107189,0.46055394460553944,75,False,10000,0.4173697270471464,0.15676178660049622,6
Attention deficit-hyperactivity disorder,adhd,weighted,78,Putamen R,-0.02262353107203815,0.9421189460001369,0.5395460453954605,0.9560718928107189,0.46045395460453953,76,False,10000,0.5853966346153846,0.016165865384615286,2
Attention deficit-hyperactivity disorder,adhd,weighted,79,Pallidum L,-0.29095864721257064,0.959546741955018,0.5912408759124088,0.9675532446755325,0.4087591240875912,83,False,10000,0.4903225806451613,0.2428475883995037,6
Attention deficit-hyperactivity disorder,adhd,weighted,80,Pallidum R,-0.13670378722491558,0.9527862028611952,0.5732426757324267,0.9675532446755325,0.4267573242675733,81,False,10000,0.6662259615384616,0.056850961538461475,2
Attention deficit-hyperactivity disorder,adhd,weighted,83,Heschl L,0.20894426495114465,0.8748737066591848,0.46465353464653536,0.9560718928107189,0.5353464653534646,64,False,10000,0.3671875,0.41935483870967744,5
Attention deficit-hyperactivity disorder,adhd,weighted,84,Heschl R,-1.5486840324137106,0.9988001199880012,0.8951104889511049,0.9845913046490626,0.1048895110488951,125,False,10000,0.07758413461538462,0.008353365384615369,2
Attention deficit-hyperactivity disorder,adhd,weighted,85,Temporal Sup L,-0.5363333874274316,0.9988001199880012,0.6939306069393061,0.980711684929068,0.3060693930606939,95,False,10000,0.45992555831265514,0.37175965415632756,6
Attention deficit-hyperactivity disorder,adhd,weighted,86,Temporal Sup R,1.9752605549790319,0.28977102289771023,0.06379362063793621,0.7196511118118958,0.9362063793620637,12,False,10000,0.6450721153846154,0.21430288461538471,2
Attention deficit-hyperactivity disorder,adhd,weighted,87,Temporal Pole Sup L,-0.33021658525160985,0.9646768656467687,0.6419358064193581,0.9675532446755325,0.3580641935806419,90,False,10000,0.4849158653846154,0.23104354063275434,6
Attention deficit-hyperactivity disorder,adhd,weighted,88,Temporal Pole Sup R,-1.6924689694727515,0.9988001199880012,0.8923107689231077,0.9845913046490626,0.10768923107689232,124,False,10000,0.14693509615384615,0.04537259615384617,2
Attention deficit-hyperactivity disorder,adhd,weighted,89,Temporal Mid L,1.696352082604696,0.40567943205679435,0.12718728127187282,0.9237813060799184,0.8728127187281272,18,False,10000,0.5630040322580645,0.11456653225806451,6
Attention deficit-hyperactivity disorder,adhd,weighted,90,Temporal Mid R,2.3104545714256206,0.20352964703529647,0.027497250274972504,0.545045495450455,0.9725027497250275,5,False,10000,0.7667067307692308,0.0948317307692308,2
Attention deficit-hyperactivity disorder,adhd,weighted,91,Temporal Pole Mid L,-0.6259551729592993,0.9988001199880012,0.7193280671932807,0.980711684929068,0.2806719328067193,99,False,10000,0.4143920595533499,0.3192307692307692,4
Attention deficit-hyperactivity disorder,adhd,weighted,93,Temporal Inf L,0.7619987733185557,0.7479893520081954,0.29387061293870614,0.9289428200037139,0.7061293870612939,36,False,10000,0.6887096774193548,0.36577136321339954,6
Attention deficit-hyperactivity disorder,adhd,weighted,94,Temporal Inf R,2.18860711612317,0.22077792220777923,0.03949605039496051,0.545045495450455,0.9605039496050395,10,False,10000,0.7783653846153846,0.09086538461538463,2
Attention deficit-hyperactivity disorder,adhd,weighted,95,Cerebellum Crus1 L,-0.8719628366222261,0.9988001199880012,0.7662233776622338,0.980711684929068,0.2337766223377662,106,False,10000,0.2171875,0.11820913461538463,6
Attention deficit-hyperactivity disorder,adhd,weighted,96,Cerebellum Crus1 R,-0.8363073481773301,0.9988001199880012,0.7725227477252274,0.980711684929068,0.22747725227477256,108,False,10000,0.44771634615384615,0.2445913461538461,2
Attention deficit-hyperactivity disorder,adhd,weighted,97,Cerebellum Crus2 L,-1.0709643623097538,0.9988001199880012,0.7632236776322368,0.980711684929068,0.23677632236776325,104,False,10000,0.22022332506203474,0.12426333746898263,6
Attention deficit-hyperactivity disorder,adhd,weighted,98,Cerebellum Crus2 R,-2.0578718092551034,0.9988001199880012,0.9148085191480851,0.9858583372431988,0.08519148085191486,128,False,10000,0.21256009615384616,0.07974759615384613,2
Attention deficit-hyperactivity disorder,adhd,weighted,101,Cerebellum 4 5 L,-2.389801015558364,0.9988001199880012,0.9926007399260074,0.9954004599540046,0.007399260073992608,137,False,10000,0.25,0.36544665012406946,6
Attention deficit-hyperactivity disorder,adhd,weighted,102,Cerebellum 4 5 R,-0.925797515696776,0.9988001199880012,0.8447155284471553,0.980711684929068,0.15528447155284475,117,False,10000,0.378125,0.278125,2
Attention deficit-hyperactivity disorder,adhd,weighted,103,Cerebellum 6 L,-0.5669031778362263,0.9988001199880012,0.6891310868913109,0.980711684929068,0.31086891310868914,94,False,10000,0.3959057071960298,0.3731709444789082,6
Attention deficit-hyperactivity disorder,adhd,weighted,104,Cerebellum 6 R,-0.9688209461671826,0.9988001199880012,0.8089191080891911,0.980711684929068,0.1910808919108089,112,False,10000,0.24585336538461539,0.2150841346153846,2
Attention deficit-hyperactivity disorder,adhd,weighted,105,Cerebellum 7b L,-1.000866136980764,0.9988001199880012,0.7624237576242375,0.980711684929068,0.23757624237576247,103,False,10000,0.3413151364764268,0.3174937965260546,6
Attention deficit-hyperactivity disorder,adhd,weighted,106,Cerebellum 7b R,1.3248605539011902,0.5329717028297171,0.16868313168683133,0.9289428200037139,0.8313168683131686,24,False,10000,0.8644831730769231,0.018329326923076983,2
Attention deficit-hyperactivity disorder,adhd,weighted,107,Cerebellum 8 L,-1.5320319062322139,0.9988001199880012,0.8501149885011499,0.980711684929068,0.14988501149885014,118,False,10000,0.24057071960297766,0.06643920595533495,6
Attention deficit-hyperactivity disorder,adhd,weighted,108,Cerebellum 8 R,0.18152108544595585,0.8748737066591848,0.46935306469353066,0.9560718928107189,0.5306469353064693,65,False,10000,0.5134014423076922,0.27121394230769236,2
Attention deficit-hyperactivity disorder,adhd,weighted,109,Cerebellum 9 L,-1.2410780999205513,0.9988001199880012,0.8135186481351865,0.980711684929068,0.18648135186481352,113,False,10000,0.0546875,0.42307692307692313,5
Attention deficit-hyperactivity disorder,adhd,weighted,110,Cerebellum 9 R,-1.277899982922955,0.9988001199880012,0.8265173482651735,0.980711684929068,0.17348265173482647,115,False,10000,0.12818509615384616,0.035877403846153844,2
Attention deficit-hyperactivity disorder,adhd,weighted,111,Cerebellum 10 L,-0.8485481036928548,0.9988001199880012,0.7594240575942406,0.980711684929068,0.2405759424057594,102,False,10000,0.20967741935483872,0.23759305210918114,3
Attention deficit-hyperactivity disorder,adhd,weighted,118,Vermis 8,-0.03985460720660634,0.9421189460001369,0.5204479552044795,0.9560718928107189,0.4795520447955205,72,False,10000,0.703125,0.3153846153846154,3
Attention deficit-hyperactivity disorder,adhd,weighted,119,Vermis 9,1.3284879946210326,0.5329717028297171,0.19718028197180282,0.9289428200037139,0.8028197180281972,26,False,10000,0.9384615384615385,0.1596153846153846,4
Attention deficit-hyperactivity disorder,adhd,weighted,121,Thal AV L,1.6166782800946617,0.45228810452288104,0.1161883811618838,0.9237813060799184,0.8838116188381162,17,False,10000,0.7692307692307693,0.22717121588089328,4
Attention deficit-hyperactivity disorder,adhd,weighted,122,Thal AV R,1.2995761881022476,0.5558084191580842,0.14778522147785222,0.9289428200037139,0.8522147785221478,21,False,10000,0.8563701923076923,0.02824519230769229,2
Attention deficit-hyperactivity disorder,adhd,weighted,125,Thal VA L,-0.17048058015959167,0.9579944444579932,0.5828417158284172,0.9675532446755325,0.41715828417158285,82,False,10000,0.7461538461538462,0.30769230769230765,5
Attention deficit-hyperactivity disorder,adhd,weighted,127,Thal VL L,-0.305250213859468,0.959546741955018,0.6431356864313569,0.9675532446755325,0.3568643135686431,91,False,10000,0.3802923387096774,0.23127520161290327,6
Attention deficit-hyperactivity disorder,adhd,weighted,128,Thal VL R,-0.7914629773603891,0.9988001199880012,0.7193280671932807,0.980711684929068,0.2806719328067193,99,False,10000,0.3496394230769231,0.10348557692307692,2
Attention deficit-hyperactivity disorder,adhd,weighted,129,Thal VPL L,-1.244817882793747,0.9988001199880012,0.8684131586841316,0.980711684929068,0.1315868413158684,121,False,10000,0.25769230769230766,0.10267524813895779,6
Attention deficit-hyperactivity disorder,adhd,weighted,130,Thal VPL R,-2.092983946140323,0.9988001199880012,0.9234076592340766,0.9858583372431988,0.07659234076592336,129,False,10000,0.11207932692307693,0.04176682692307693,2
Attention deficit-hyperactivity disorder,adhd,weighted,131,Thal IL L,0.9773579655243332,0.7116742871167429,0.23917608239176083,0.9289428200037139,0.7608239176082392,31,False,10000,0.7846153846153846,0.21240694789081882,5
Attention deficit-hyperactivity disorder,adhd,weighted,135,Thal MDm L,1.3541409352242555,0.5329717028297171,0.15428457154284572,0.9289428200037139,0.8457154284571543,22,False,10000,0.22580645161290322,0.16562500000000002,3
Attention deficit-hyperactivity disorder,adhd,weighted,136,Thal MDm R,-0.09402375060845429,0.9514061252102638,0.5542445755424458,0.9560718928107189,0.44575542445755423,80,False,10000,0.4170673076923077,0.3016826923076923,2
Attention deficit-hyperactivity disorder,adhd,weighted,137,Thal MDl L,0.6436441809784925,0.7479893520081954,0.32426757324267574,0.9289428200037139,0.6757324267573243,44,False,10000,0.41935483870967744,0.08846153846153848,3
Attention deficit-hyperactivity disorder,adhd,weighted,139,Thal LGN L,-0.30925424565050114,0.959546741955018,0.6208379162083791,0.9675532446755325,0.37916208379162086,87,False,10000,0.4461538461538462,0.25806451612903225,5
Attention deficit-hyperactivity disorder,adhd,weighted,140,Thal LGN R,-1.0929876856668646,0.9988001199880012,0.799020097990201,0.980711684929068,0.20097990200979898,111,False,10000,0.40703125,0.007031249999999933,2
Attention deficit-hyperactivity disorder,adhd,weighted,141,Thal MGN L,-0.2581935430120003,0.959546741955018,0.5983401659834017,0.9675532446755325,0.4016598340165983,84,False,10000,0.5,0.3153846153846154,2
Attention deficit-hyperactivity disorder,adhd,weighted,143,Thal PuI L,-1.527252679760904,0.9988001199880012,0.9061093890610938,0.9845913046490626,0.09389061093890616,127,False,10000,0.33076923076923076,0.2692307692307693,2
Attention deficit-hyperactivity disorder,adhd,weighted,144,Thal PuI R,-1.5554558908969691,0.9988001199880012,0.8735126487351265,0.980711684929068,0.12648735126487354,122,False,10000,0.34831730769230773,0.06706730769230768,2
Attention deficit-hyperactivity disorder,adhd,weighted,145,Thal PuM L,-0.08461290849890757,0.9514061252102638,0.5537446255374463,0.9560718928107189,0.4462553744625537,78,False,10000,0.6,0.16201923076923075,5
Attention deficit-hyperactivity disorder,adhd,weighted,146,Thal PuM R,0.2257289122802288,0.8748737066591848,0.47595240475952405,0.9560718928107189,0.524047595240476,67,False,10000,0.43900240384615385,0.1313100961538461,2
Attention deficit-hyperactivity disorder,adhd,weighted,147,Thal PuA L,-0.049392324751797605,0.9421189460001369,0.5485451454854514,0.9560718928107189,0.4514548545145486,77,False,10000,0.7615384615384615,0.045533498759305124,3
Attention deficit-hyperactivity disorder,adhd,weighted,148,Thal PuA R,-1.174693935718171,0.9988001199880012,0.8202179782021798,0.980711684929068,0.1797820217978202,114,False,10000,0.27728365384615383,0.23040865384615383,2
Attention deficit-hyperactivity disorder,adhd,weighted,153,ACC pre L,0.6747789913038038,0.7479893520081954,0.3100689931006899,0.9289428200037139,0.6899310068993101,40,False,10000,0.7258064516129032,0.3375,3
Attention deficit-hyperactivity disorder,adhd,weighted,154,ACC pre R,1.0145503450470512,0.7116742871167429,0.2161783821617838,0.9289428200037139,0.7838216178382162,29,False,10000,0.8533653846153846,0.08413461538461531,2
Attention deficit-hyperactivity disorder,adhd,weighted,155,ACC sup L,-1.974255513069133,0.9988001199880012,0.9585041495850415,0.9945381401709453,0.04149585041495851,133,False,10000,0.031141439205955336,0.15947192928039705,6
Attention deficit-hyperactivity disorder,adhd,weighted,156,ACC sup R,-1.1346266868363166,0.9988001199880012,0.8599140085991401,0.980711684929068,0.14008599140085987,120,False,10000,0.4718149038461539,0.3641225961538462,2
Attention deficit-hyperactivity disorder,adhd,weighted,157,N Acc L,-0.1460565475471463,0.9527862028611952,0.5540445955404459,0.9560718928107189,0.44595540445955406,79,False,10000,0.46153846153846156,0.4838709677419355,5
Attention deficit-hyperactivity disorder,adhd,weighted,158,N Acc R,1.1599625621744427,0.6301369863013698,0.2101789821017898,0.9289428200037139,0.7898210178982101,28,False,10000,0.8711538461538462,0.12115384615384617,2
Attention deficit-hyperactivity disorder,adhd,weighted,161,SN pc L,0.5848771382878358,0.7479893520081954,0.2923707629237076,0.9289428200037139,0.7076292370762924,35,False,10000,0.6068548387096775,0.23185483870967738,2
Attention deficit-hyperactivity disorder,adhd,weighted,163,SN pr L,-1.5101922986325234,0.9988001199880012,0.9713028697130287,0.9954004599540046,0.028697130286971295,134,False,10000,0.09230769230769231,0.6431761786600496,5
Attention deficit-hyperactivity disorder,adhd,weighted,164,SN pr R,1.5840457049923846,0.45228810452288104,0.0964903509649035,0.8877112288771123,0.9035096490350965,15,False,10000,0.8337740384615384,0.056850961538461475,2
Attention deficit-hyperactivity disorder,adhd,weighted,165,Red N L,-0.22064672118809137,0.959546741955018,0.6203379662033797,0.9675532446755325,0.37966203379662034,86,False,10000,0.4423076923076923,0.2163461538461539,4
Attention deficit-hyperactivity disorder,adhd,weighted,166,Red N R,-0.9036663917507907,0.9988001199880012,0.8741125887411259,0.980711684929068,0.12588741125887415,123,False,10000,0.3299278846153846,0.06069711538461536,2
Attention deficit-hyperactivity disorder,adhd,weighted,167,LC L,0.3048113972693127,0.8748737066591848,0.37106289371062895,0.9289428200037139,0.628937106289371,54,False,10000,0.6012406947890818,0.5403565058933003,4
Attention deficit-hyperactivity disorder,adhd,weighted,168,LC R,0.3479161881981147,0.8748737066591848,0.34766523347665235,0.9289428200037139,0.6523347665233477,49,False,10000,0.3118389423076923,0.27277644230769227,2
Attention deficit-hyperactivity disorder,adhd,weighted,169,Raphe D,-0.27710101155047695,0.959546741955018,0.645035496450355,0.9675532446755325,0.35496450354964504,92,False,10000,0.20174278846153848,0.024819711538461547,2
Attention deficit-hyperactivity disorder,adhd,weighted,170,Raphe M,0.08650182797212447,0.9191080891910809,0.5057494250574942,0.9560718928107189,0.4942505749425058,69,False,10000,0.6384615384615384,0.4422475961538461,3
Epilepsy,epilepsy,broad,1,Precentral L,-0.10917662750090637,0.9483609778557028,0.5304469553044695,0.9424141555310118,0.4695530446955305,69,False,10000,0.7006203473945409,0.06420304745657568,6
Epilepsy,epilepsy,broad,2,Precentral R,0.5984447025277354,0.9483609778557028,0.24147585241475852,0.9424141555310118,0.7585241475852414,31,False,10000,0.8140625,0.014062499999999867,2
Epilepsy,epilepsy,broad,3,Frontal Sup 2 L,-0.3437059426954087,0.9483609778557028,0.6194380561943805,0.9424141555310118,0.3805619438056195,77,False,10000,0.47217548076923077,0.26391225961538467,6
Epilepsy,epilepsy,broad,4,Frontal Sup 2 R,0.048881977523693755,0.9483609778557028,0.45625437456254375,0.9424141555310118,0.5437456254374562,61,False,10000,0.4890625,0.08906249999999993,2
Epilepsy,epilepsy,broad,5,Frontal Mid 2 L,-0.5974272271804902,0.9483609778557028,0.7210278972102789,0.9424141555310118,0.27897210278972107,94,False,10000,0.5060794044665012,0.23587158808933,6
Epilepsy,epilepsy,broad,6,Frontal Mid 2 R,-1.1644992774065956,0.9483609778557028,0.8838116188381162,0.9424141555310118,0.11618838116188379,129,False,10000,0.40390625,0.10390625000000003,2
Epilepsy,epilepsy,broad,7,Frontal Inf Oper L,-0.5831995004031665,0.9483609778557028,0.6722327767223277,0.9424141555310118,0.32776722327767227,86,False,10000,0.4307692307692308,0.2359801488833747,3
Epilepsy,epilepsy,broad,8,Frontal Inf Oper R,-0.4175573060126156,0.9483609778557028,0.6398360163983602,0.9424141555310118,0.3601639836016398,80,False,10000,0.5227163461538462,0.0695913461538461,2
Epilepsy,epilepsy,broad,9,Frontal Inf Tri L,0.042495141345264525,0.9483609778557028,0.46855314468553144,0.9424141555310118,0.5314468553144686,63,False,10000,0.5583533653846153,0.08302283653846154,6
Epilepsy,epilepsy,broad,10,Frontal Inf Tri R,-1.1418120756816752,0.9483609778557028,0.8766123387661234,0.9424141555310118,0.12338766123387657,128,False,10000,0.4501201923076923,0.06550480769230765,2
Epilepsy,epilepsy,broad,11,Frontal Inf Orb 2 L,0.20033414235908706,0.9483609778557028,0.39716028397160286,0.9424141555310118,0.6028397160283971,53,False,10000,0.5349875930521092,0.13449131513647639,6
Epilepsy,epilepsy,broad,12,Frontal Inf Orb 2 R,-0.005691706631174339,0.9483609778557028,0.48455154484551544,0.9424141555310118,0.5154484551544846,66,False,10000,0.5570913461538461,0.1352163461538461,2
Epilepsy,epilepsy,broad,13,Rolandic Oper L,0.8734969637367617,0.9483609778557028,0.23897610238976102,0.9424141555310118,0.761023897610239,30,False,10000,0.604590570719603,0.3534739454094292,6
Epilepsy,epilepsy,broad,14,Rolandic Oper R,-0.010505881034364855,0.9483609778557028,0.48535146485351466,0.9424141555310118,0.5146485351464853,67,False,10000,0.6182091346153846,0.2510216346153846,2
Epilepsy,epilepsy,broad,15,Supp Motor Area L,-1.0198001802797034,0.9483609778557028,0.8315168483151685,0.9424141555310118,0.16848315168483152,121,False,10000,0.34615384615384615,0.10390818858560796,6
Epilepsy,epilepsy,broad,16,Supp Motor Area R,0.4852108158922163,0.9483609778557028,0.3264673532646735,0.9424141555310118,0.6735326467353264,44,False,10000,0.7243389423076922,0.06027644230769236,2
Epilepsy,epilepsy,broad,17,Olfactory L,-1.2261502307505634,0.9483609778557028,0.8663133686631337,0.9424141555310118,0.1336866313368663,125,False,10000,0.03479567307692308,0.02646654001240695,4
Epilepsy,epilepsy,broad,18,Olfactory R,-0.9897462720573585,0.9483609778557028,0.7832216778322167,0.9424141555310118,0.21677832216778326,106,False,10000,0.15006009615384616,0.14224759615384613,2
Epilepsy,epilepsy,broad,19,Frontal Sup Medial L,-1.5000992129679718,0.983178018076055,0.8629137086291371,0.9424141555310118,0.13708629137086292,124,False,10000,0.3074441687344913,0.1157413151364764,6
Epilepsy,epilepsy,broad,20,Frontal Sup Medial R,-1.1005850607930925,0.9483609778557028,0.7963203679632037,0.9424141555310118,0.2036796320367963,110,False,10000,0.2847956730769231,0.23864182692307695,2
Epilepsy,epilepsy,broad,21,Frontal Med Orb L,-0.8711596082689799,0.9483609778557028,0.7268273172682732,0.9424141555310118,0.2731726827317268,96,False,10000,0.17481389578163772,0.16345863058312654,6
Epilepsy,epilepsy,broad,22,Frontal Med Orb R,-1.067952790987372,0.9483609778557028,0.7649235076492351,0.9424141555310118,0.2350764923507649,103,False,10000,0.1623798076923077,0.0530048076923077,2
Epilepsy,epilepsy,broad,23,Rectus L,-1.6810184114815752,0.9846448191001795,0.9328067193280672,0.9752070247520703,0.06719328067193275,132,False,10000,0.17049278846153848,0.0493689903846154,6
Epilepsy,epilepsy,broad,24,Rectus R,-1.3459934871261725,0.969724566004938,0.8688131186881312,0.9424141555310118,0.13118688131186884,126,False,10000,0.15072115384615387,0.05697115384615384,2
Epilepsy,epilepsy,broad,25,OFCmed L,-0.939595306683453,0.9483609778557028,0.8118188181181882,0.9424141555310118,0.18818118188181177,117,False,10000,0.19765625,0.12809495192307696,6
Epilepsy,epilepsy,broad,26,OFCmed R,-1.1929883566484396,0.9483609778557028,0.8742125787421258,0.9424141555310118,0.12578742125787423,127,False,10000,0.2594951923076923,0.02512019230769233,2
Epilepsy,epilepsy,broad,27,OFCant L,-0.6560458064161995,0.9483609778557028,0.7567243275672433,0.9424141555310118,0.24327567243275672,101,False,10000,0.4957816377171216,0.10738213399503727,6
Epilepsy,epilepsy,broad,28,OFCant R,-0.2308841059849563,0.9483609778557028,0.5777422257774223,0.9424141555310118,0.4222577742225777,71,False,10000,0.43353365384615383,0.07415865384615383,2
Epilepsy,epilepsy,broad,29,OFCpost L,-0.6215675840646504,0.9483609778557028,0.7322267773222678,0.9424141555310118,0.2677732226777322,97,False,10000,0.06716229838709678,0.13631067772952854,6
Epilepsy,epilepsy,broad,30,OFCpost R,-0.31985998395673704,0.9483609778557028,0.6135386461353864,0.9424141555310118,0.38646135386461355,74,False,10000,0.3361778846153846,0.13305288461538456,2
Epilepsy,epilepsy,broad,31,OFClat L,0.11920466131448751,0.9483609778557028,0.4216578342165783,0.9424141555310118,0.5783421657834217,57,False,10000,0.5081885856079404,0.37301488833746893,4
Epilepsy,epilepsy,broad,32,OFClat R,0.35235829328467433,0.9483609778557028,0.3404659534046595,0.9424141555310118,0.6595340465953405,46,False,10000,0.6040865384615385,0.07283653846153837,2
Epilepsy,epilepsy,broad,33,Insula L,-0.19815093839506603,0.9483609778557028,0.5547445255474452,0.9424141555310118,0.44525547445255476,70,False,10000,0.25595533498759304,0.027853598014888376,6
Epilepsy,epilepsy,broad,34,Insula R,-1.0074602051562327,0.9483609778557028,0.8361163883611639,0.9424141555310118,0.16388361163883614,122,False,10000,0.16328125,0.06328124999999998,2
Epilepsy,epilepsy,broad,37,Cingulate Mid L,-0.688194789059717,0.9483609778557028,0.7097290270972902,0.9424141555310118,0.29027097290270976,92,False,10000,0.35384615384615387,0.10006203473945408,6
Epilepsy,epilepsy,broad,38,Cingulate Mid R,-1.1110714187644846,0.9483609778557028,0.8051194880511949,0.9424141555310118,0.19488051194880507,113,False,10000,0.28966346153846156,0.1334134615384615,2
Epilepsy,epilepsy,broad,39,Cingulate Post L,0.57135744163461,0.9483609778557028,0.24577542245775422,0.9424141555310118,0.7542245775422458,32,False,10000,0.6875,0.19999999999999996,5
Epilepsy,epilepsy,broad,41,Hippocampus L,-0.5497416192698331,0.9483609778557028,0.7041295870412959,0.9424141555310118,0.2958704129587041,91,False,10000,0.43846153846153846,0.1148263027295286,6
Epilepsy,epilepsy,broad,42,Hippocampus R,0.14651715946098554,0.9483609778557028,0.42515748425157485,0.9424141555310118,0.5748425157484252,58,False,10000,0.45384615384615384,0.0461538461538461,2
Epilepsy,epilepsy,broad,43,ParaHippocampal L,-0.7295957464249627,0.9483609778557028,0.7508249175082492,0.9424141555310118,0.2491750824917508,99,False,10000,0.1253101736972705,0.097200682382134,6
Epilepsy,epilepsy,broad,44,ParaHippocampal R,-0.10584034107108439,0.9483609778557028,0.5227477252274773,0.9424141555310118,0.47725227477252274,68,False,10000,0.12782451923076923,0.010637019230769248,2
Epilepsy,epilepsy,broad,45,Amygdala L,-0.41581001423381253,0.9483609778557028,0.6891310868913109,0.9424141555310118,0.31086891310868914,89,False,10000,0.24615384615384617,0.31527217741935487,5
Epilepsy,epilepsy,broad,46,Amygdala R,-0.3264768449293801,0.9483609778557028,0.6137386261373863,0.9424141555310118,0.3862613738626137,75,False,10000,0.36670673076923077,0.3051682692307692,2
Epilepsy,epilepsy,broad,47,Calcarine L,1.5879525270372001,0.6887811218878112,0.0816918308169183,0.6259555862595559,0.9183081691830817,18,False,10000,0.9487147177419355,0.09028283964019845,6
Epilepsy,epilepsy,broad,48,Calcarine R,1.257130487518545,0.7920407959204079,0.09969003099690031,0.6259555862595559,0.9003099690030997,21,False,10000,0.899579326923077,0.04573317307692315,2
Epilepsy,epilepsy,broad,49,Cuneus L,1.227653136295789,0.7920407959204079,0.0923907609239076,0.6259555862595559,0.9076092390760924,19,False,10000,0.9838709677419355,0.12953629032258063,5
Epilepsy,epilepsy,broad,51,Lingual L,1.9181849224523881,0.495025497450255,0.054094590540945904,0.5755995828988529,0.9459054094590541,12,False,10000,0.9461538461538461,0.06433002481389583,6
Epilepsy,epilepsy,broad,52,Lingual R,1.2142242846277875,0.7920407959204079,0.07999200079992001,0.6259555862595559,0.92000799920008,17,False,10000,0.9102764423076923,0.07433894230769234,2
Epilepsy,epilepsy,broad,53,Occipital Sup L,1.4659880417263689,0.7748455923638404,0.052894710528947106,0.5755995828988529,0.9471052894710529,11,False,10000,0.8566997518610422,0.24376647797766748,4
Epilepsy,epilepsy,broad,55,Occipital Mid L,1.0460579227620783,0.9483609778557028,0.13338666133386662,0.8003199680031997,0.8666133386661334,23,False,10000,0.8372596153846155,0.07582583746898264,6
Epilepsy,epilepsy,broad,56,Occipital Mid R,0.7139767247479906,0.9483609778557028,0.18238176182381763,0.9321734493217345,0.8176182381761824,27,False,10000,0.7661658653846154,0.16460336538461529,2
Epilepsy,epilepsy,broad,57,Occipital Inf L,1.7260774473624034,0.6148051861480518,0.03569643035696431,0.5755995828988529,0.9643035696430357,8,False,10000,0.920866935483871,0.04583204094292803,6
Epilepsy,epilepsy,broad,58,Occipital Inf R,2.0420933090645663,0.495025497450255,0.007899210078992101,0.2725227477252275,0.9921007899210079,4,False,10000,0.9259615384615385,0.05096153846153839,2
Epilepsy,epilepsy,broad,59,Fusiform L,-0.37987764790518747,0.9483609778557028,0.6177382261773823,0.9424141555310118,0.3822617738226177,76,False,10000,0.28362282878411915,0.08988833746898262,6
Epilepsy,epilepsy,broad,60,Fusiform R,-0.7521054140833467,0.9483609778557028,0.7898210178982101,0.9424141555310118,0.21017898210178987,108,False,10000,0.2892427884615385,0.18768028846153845,2
Epilepsy,epilepsy,broad,61,Postcentral L,0.2825519755778638,0.9483609778557028,0.41075892410758924,0.9424141555310118,0.5892410758924107,55,False,10000,0.7867245657568238,0.10240966191066991,6
Epilepsy,epilepsy,broad,62,Postcentral R,0.9414067485041472,0.9483609778557028,0.16198380161983802,0.859760177828371,0.838016198380162,26,False,10000,0.8248197115384616,0.09825721153846145,2
Epilepsy,epilepsy,broad,63,Parietal Sup L,0.39874374408467533,0.9483609778557028,0.35256474352564743,0.9424141555310118,0.6474352564743526,48,False,10000,0.7362980769230769,0.05809165632754354,6
Epilepsy,epilepsy,broad,64,Parietal Sup R,0.48704085929574537,0.9483609778557028,0.2953704629537046,0.9424141555310118,0.7046295370462954,38,False,10000,0.6126201923076924,0.02800480769230773,2
Epilepsy,epilepsy,broad,65,Parietal Inf L,-0.518431009866646,0.9483609778557028,0.6950304969503049,0.9424141555310118,0.30496950304969506,90,False,10000,0.62421875,0.11744436259305213,6
Epilepsy,epilepsy,broad,66,Parietal Inf R,0.65826296969011,0.9483609778557028,0.23397660233976603,0.9424141555310118,0.766023397660234,29,False,10000,0.6688100961538461,0.22349759615384623,2
Epilepsy,epilepsy,broad,67,SupraMarginal L,-0.5637580203205816,0.9483609778557028,0.6835316468353164,0.9424141555310118,0.3164683531646836,87,False,10000,0.4538461538461539,0.14900744416873446,6
Epilepsy,epilepsy,broad,68,SupraMarginal R,-0.45301406247077924,0.9483609778557028,0.6686331366863314,0.9424141555310118,0.3313668633136686,85,False,10000,0.4600961538461538,0.14759615384615377,2
Epilepsy,epilepsy,broad,69,Angular L,0.46982378930488655,0.9483609778557028,0.29757024297570245,0.9424141555310118,0.7024297570242976,41,False,10000,0.6451612903225806,0.09122596153846152,5
Epilepsy,epilepsy,broad,70,Angular R,-0.9238464577736564,0.9483609778557028,0.8162183781621838,0.9424141555310118,0.1837816218378162,118,False,10000,0.421875,0.078125,2
Epilepsy,epilepsy,broad,71,Precuneus L,-0.5013744791738729,0.9483609778557028,0.6654334566543346,0.9424141555310118,0.3345665433456654,83,False,10000,0.6209677419354839,0.10787841191066994,6
Epilepsy,epilepsy,broad,72,Precuneus R,0.31365106865122855,0.9483609778557028,0.36396360363963604,0.9424141555310118,0.6360363963603639,51,False,10000,0.5882211538461539,0.11947115384615381,2
Epilepsy,epilepsy,broad,73,Paracentral Lobule L,-0.2750202568604662,0.9483609778557028,0.5792420757924207,0.9424141555310118,0.4207579242075793,72,False,10000,0.7212701612903225,0.17998991935483888,6
Epilepsy,epilepsy,broad,74,Paracentral Lobule R,0.6420614692125222,0.9483609778557028,0.24857514248575144,0.9424141555310118,0.7514248575142486,33,False,10000,0.8647836538461539,0.057091346153846034,2
Epilepsy,epilepsy,broad,75,Caudate L,0.036631022442544146,0.9483609778557028,0.46525347465253475,0.9424141555310118,0.5347465253474653,62,False,10000,0.6133995037220844,0.12022332506203481,6
Epilepsy,epilepsy,broad,76,Caudate R,0.23621165017311013,0.9483609778557028,0.39746025397460255,0.9424141555310118,0.6025397460253974,54,False,10000,0.6045673076923077,0.01081730769230771,2
Epilepsy,epilepsy,broad,77,Putamen L,0.42315460383379483,0.9483609778557028,0.29787021297870214,0.9424141555310118,0.7021297870212979,42,False,10000,0.6774193548387097,0.23188585607940437,6
Epilepsy,epilepsy,broad,78,Putamen R,0.40027705802646935,0.9483609778557028,0.3294670532946705,0.9424141555310118,0.6705329467053295,45,False,10000,0.5828725961538461,0.19056490384615382,2
Epilepsy,epilepsy,broad,79,Pallidum L,1.1297264612750042,0.8548573714057166,0.046795320467953205,0.5755995828988529,0.9532046795320468,9,False,10000,0.5514888337468983,0.12189826302729534,6
Epilepsy,epilepsy,broad,80,Pallidum R,-0.4470948309113483,0.9483609778557028,0.6396360363963604,0.9424141555310118,0.36036396360363965,79,False,10000,0.7603966346153845,0.09116586538461535,2
Epilepsy,epilepsy,broad,83,Heschl L,2.004811459166936,0.495025497450255,0.0211978802119788,0.5703429657034297,0.9788021197880212,5,False,10000,0.9538461538461539,0.3062034739454095,5
Epilepsy,epilepsy,broad,84,Heschl R,2.358279185593198,0.495025497450255,0.0064993500649935,0.2725227477252275,0.9935006499350065,3,False,10000,0.9531850961538462,0.03912259615384617,2
Epilepsy,epilepsy,broad,85,Temporal Sup L,0.5059251569424588,0.9483609778557028,0.31466853314668536,0.9424141555310118,0.6853314668533146,43,False,10000,0.6076923076923078,0.09772797766749375,6
Epilepsy,epilepsy,broad,86,Temporal Sup R,1.8982691118172224,0.495025497450255,0.024797520247975203,0.5703429657034297,0.9752024797520248,6,False,10000,0.6816105769230769,0.07223557692307692,2
Epilepsy,epilepsy,broad,87,Temporal Pole Sup L,-0.27474276069194953,0.9483609778557028,0.6036396360363964,0.9424141555310118,0.39636036396360363,73,False,10000,0.16451612903225807,0.0826923076923077,6
Epilepsy,epilepsy,broad,88,Temporal Pole Sup R,-0.7834605383094854,0.9483609778557028,0.7965203479652034,0.9424141555310118,0.20347965203479657,111,False,10000,0.1280048076923077,0.012620192307692318,2
Epilepsy,epilepsy,broad,89,Temporal Mid L,0.48441583801332516,0.9483609778557028,0.29557044295570445,0.9424141555310118,0.7044295570442956,39,False,10000,0.5080645161290323,0.04450701767990073,6
Epilepsy,epilepsy,broad,90,Temporal Mid R,-1.0949188833594676,0.9483609778557028,0.8929107089291071,0.9424141555310118,0.10708929107089293,130,False,10000,0.38395432692307696,0.030108173076923095,2
Epilepsy,epilepsy,broad,91,Temporal Pole Mid L,-0.7954598081738775,0.9483609778557028,0.8254174582541746,0.9424141555310118,0.17458254174582544,119,False,10000,0.14106699751861043,0.07121588089330026,4
Epilepsy,epilepsy,broad,93,Temporal Inf L,-0.47046196904998006,0.9483609778557028,0.6675332466753324,0.9424141555310118,0.3324667533246676,84,False,10000,0.32554086538461535,0.1451700139578163,6
Epilepsy,epilepsy,broad,94,Temporal Inf R,-0.6497098745120521,0.9483609778557028,0.7544245575442455,0.9424141555310118,0.24557544245575447,100,False,10000,0.3018629807692308,0.05967548076923074,2
Epilepsy,epilepsy,broad,95,Cerebellum Crus1 L,-2.1945737065366497,0.9931984903699411,0.9693030696930307,0.9835575266002811,0.030696930306969294,136,False,10000,0.05178931451612903,0.06405571495037221,6
Epilepsy,epilepsy,broad,96,Cerebellum Crus1 R,-0.7196662286810953,0.9483609778557028,0.7905209479052094,0.9424141555310118,0.20947905209479056,109,False,10000,0.18623798076923076,0.024699519230769212,2
Epilepsy,epilepsy,broad,97,Cerebellum Crus2 L,-2.614450012341956,0.996000399960004,0.9881011898810119,0.9881011898810119,0.011898810118988079,138,False,10000,0.07493796526054591,0.025209367245657574,6
Epilepsy,epilepsy,broad,98,Cerebellum Crus2 R,-0.8456443267820567,0.9483609778557028,0.7691230876912308,0.9424141555310118,0.23087691230876917,105,False,10000,0.3075721153846154,0.1768028846153846,2
Epilepsy,epilepsy,broad,101,Cerebellum 4 5 L,0.04944558332963978,0.9483609778557028,0.47035296470352966,0.9424141555310118,0.5296470352964704,64,False,10000,0.6692307692307693,0.33424317617866,6
Epilepsy,epilepsy,broad,102,Cerebellum 4 5 R,-1.0717781682681045,0.9483609778557028,0.8556144385561444,0.9424141555310118,0.14438556144385561,123,False,10000,0.28503605769230766,0.23034855769230766,2
Epilepsy,epilepsy,broad,103,Cerebellum 6 L,-1.1825248706849503,0.9483609778557028,0.8056194380561944,0.9424141555310118,0.1943805619438056,114,False,10000,0.2923076923076923,0.10862476736972704,6
Epilepsy,epilepsy,broad,104,Cerebellum 6 R,-1.6233268559403022,0.9846448191001795,0.969003099690031,0.9835575266002811,0.030996900309969044,135,False,10000,0.15606971153846155,0.13299278846153847,2
Epilepsy,epilepsy,broad,105,Cerebellum 7b L,-2.0090282329634497,0.9931984903699411,0.948905109489051,0.9835575266002811,0.051094890510948954,133,False,10000,0.12096774193548387,0.14213321960297767,6
Epilepsy,epilepsy,broad,106,Cerebellum 7b R,-0.6597982422084965,0.9483609778557028,0.7265273472652735,0.9424141555310118,0.27347265273472654,95,False,10000,0.19459134615384616,0.10228365384615384,2
Epilepsy,epilepsy,broad,107,Cerebellum 8 L,-1.0749218797082807,0.9483609778557028,0.788021197880212,0.9424141555310118,0.21197880211978803,107,False,10000,0.24057071960297766,0.14720843672456577,6
Epilepsy,epilepsy,broad,108,Cerebellum 8 R,-2.1829930044074923,0.9931984903699411,0.9872012798720128,0.9881011898810119,0.012798720127987218,137,False,10000,0.29056490384615385,0.017127403846153855,2
Epilepsy,epilepsy,broad,109,Cerebellum 9 L,-0.5566291204857203,0.9483609778557028,0.6866313368663134,0.9424141555310118,0.3133686631336866,88,False,10000,0.14516129032258066,0.23286290322580644,5
Epilepsy,epilepsy,broad,110,Cerebellum 9 R,-1.1494268190554928,0.9483609778557028,0.8057194280571943,0.9424141555310118,0.19428057194280568,115,False,10000,0.15204326923076922,0.11358173076923075,2
Epilepsy,epilepsy,broad,111,Cerebellum 10 L,-1.7095253957458796,0.9846448191001795,0.962903709629037,0.9835575266002811,0.03709629037096296,134,False,10000,0.24615384615384617,0.41129032258064524,3
Epilepsy,epilepsy,broad,118,Vermis 8,0.6659758495777516,0.9483609778557028,0.29717028297170284,0.9424141555310118,0.7028297170282971,40,False,10000,0.96875,0.04230769230769238,3
Epilepsy,epilepsy,broad,119,Vermis 9,1.3825960304862452,0.7920407959204079,0.09979002099790021,0.6259555862595559,0.9002099790020998,22,False,10000,0.9923076923076923,0.02115384615384608,4
Epilepsy,epilepsy,broad,121,Thal AV L,0.6043241989572472,0.9483609778557028,0.19418058194180582,0.9424141555310118,0.8058194180581941,28,False,10000,0.7846153846153847,0.04392059553349881,4
Epilepsy,epilepsy,broad,122,Thal AV R,1.3215297109042852,0.7920407959204079,0.058394160583941604,0.5755995828988529,0.9416058394160584,14,False,10000,0.6381009615384615,0.31502403846153837,2
Epilepsy,epilepsy,broad,125,Thal VA L,1.2920130715582132,0.7920407959204079,0.049595040495950406,0.5755995828988529,0.9504049595040496,10,False,10000,0.6384615384615384,0.13641826923076927,5
Epilepsy,epilepsy,broad,127,Thal VL L,-0.3472744214095806,0.9483609778557028,0.6254374562543745,0.9424141555310118,0.3745625437456255,78,False,10000,0.7784778225806452,0.12608366935483883,6
Epilepsy,epilepsy,broad,128,Thal VL R,0.9770250764651515,0.9483609778557028,0.14958504149585042,0.827917208279172,0.8504149585041496,24,False,10000,0.5888822115384615,0.03419471153846154,2
Epilepsy,epilepsy,broad,129,Thal VPL L,0.12363965467834322,0.9483609778557028,0.41945805419458054,0.9424141555310118,0.5805419458054195,56,False,10000,0.9215880893300248,0.19917319323821348,6
Epilepsy,epilepsy,broad,130,Thal VPL R,-0.6858334546599489,0.9483609778557028,0.8015198480151985,0.9424141555310118,0.1984801519848015,112,False,10000,0.7943509615384615,0.02872596153846163,2
Epilepsy,epilepsy,broad,131,Thal IL L,1.553560784249996,0.6887811218878112,0.0547945205479452,0.5755995828988529,0.9452054794520548,13,False,10000,0.8923076923076924,0.0844254032258065,5
Epilepsy,epilepsy,broad,135,Thal MDm L,2.259982558025582,0.495025497450255,0.0037996200379962005,0.26217378262173785,0.9962003799620038,2,False,10000,0.43846153846153846,0.18787802419354838,3
Epilepsy,epilepsy,broad,136,Thal MDm R,1.2458178992956177,0.7920407959204079,0.07599240075992401,0.6259555862595559,0.924007599240076,15,False,10000,0.5096153846153846,0.2596153846153847,2
Epilepsy,epilepsy,broad,137,Thal MDl L,0.31283305751254675,0.9483609778557028,0.3571642835716428,0.9424141555310118,0.6428357164283571,50,False,10000,0.8548387096774194,0.007692307692307776,3
Epilepsy,epilepsy,broad,139,Thal LGN L,-0.36329292303177185,0.9483609778557028,0.6521347865213478,0.9424141555310118,0.3478652134786522,81,False,10000,0.7741935483870968,0.4615384615384615,5
Epilepsy,epilepsy,broad,140,Thal LGN R,0.35183475280446624,0.9483609778557028,0.3514648535146485,0.9424141555310118,0.6485351464853515,47,False,10000,0.8249399038461538,0.0827524038461539,2
Epilepsy,epilepsy,broad,141,Thal MGN L,-0.6944186413137958,0.9483609778557028,0.7649235076492351,0.9424141555310118,0.2350764923507649,103,False,10000,0.573076923076923,0.3038461538461538,2
Epilepsy,epilepsy,broad,143,Thal PuI L,-0.43260336388893794,0.9483609778557028,0.658034196580342,0.9424141555310118,0.341965803419658,82,False,10000,0.9346153846153846,0.011538461538461497,2
Epilepsy,epilepsy,broad,144,Thal PuI R,-1.1663939264991634,0.9483609778557028,0.8946105389461054,0.9424141555310118,0.10538946105389457,131,False,10000,0.8524639423076923,0.03215144230769229,2
Epilepsy,epilepsy,broad,145,Thal PuM L,0.5197771840564105,0.9483609778557028,0.26677332266773324,0.9424141555310118,0.7332266773322668,36,False,10000,0.8615384615384616,0.032506203473945394,5
Epilepsy,epilepsy,broad,146,Thal PuM R,0.8523809038082963,0.9483609778557028,0.14998500149985,0.827917208279172,0.8500149985001499,25,False,10000,0.8644831730769231,0.018329326923076983,2
Epilepsy,epilepsy,broad,147,Thal PuA L,-0.5880007401790472,0.9483609778557028,0.7475252474752525,0.9424141555310118,0.2524747525247475,98,False,10000,0.7384615384615385,0.10930521091811418,3
Epilepsy,epilepsy,broad,148,Thal PuA R,0.5179476659681956,0.9483609778557028,0.256974302569743,0.9424141555310118,0.7430256974302569,34,False,10000,0.8572115384615384,0.08028846153846148,2
Epilepsy,epilepsy,broad,153,ACC pre L,-0.9714599707299696,0.9483609778557028,0.7628237176282372,0.9424141555310118,0.2371762823717628,102,False,10000,0.015625,0.02456575682382134,3
Epilepsy,epilepsy,broad,154,ACC pre R,-0.7781029196852565,0.9483609778557028,0.7167283271672833,0.9424141555310118,0.2832716728327167,93,False,10000,0.18948317307692308,0.056670673076923084,2
Epilepsy,epilepsy,broad,155,ACC sup L,-0.886501905397193,0.9483609778557028,0.8082191780821918,0.9424141555310118,0.1917808219178082,116,False,10000,0.09290865384615385,0.0827640353598015,6
Epilepsy,epilepsy,broad,156,ACC sup R,-1.062643376604614,0.9483609778557028,0.8266173382661733,0.9424141555310118,0.17338266173382666,120,False,10000,0.1821514423076923,0.002463942307692313,2
Epilepsy,epilepsy,broad,157,N Acc L,1.7305079733226019,0.6223177682231777,0.032296770322967704,0.5755995828988529,0.9677032296770323,7,False,10000,0.3548387096774194,0.12307692307692308,5
Epilepsy,epilepsy,broad,158,N Acc R,0.38170323713640697,0.9483609778557028,0.35666433356664334,0.9424141555310118,0.6433356664333567,49,False,10000,0.48695913461538465,0.31772836538461546,2
Epilepsy,epilepsy,broad,161,SN pc L,0.3821774309832145,0.9483609778557028,0.4480551944805519,0.9424141555310118,0.551944805519448,60,False,10000,0.5209173387096774,0.18220766129032262,2
Epilepsy,epilepsy,broad,163,SN pr L,0.15001397789964355,0.9483609778557028,0.44515548445155484,0.9424141555310118,0.5548445155484452,59,False,10000,0.22580645161290322,0.2609375,5
Epilepsy,epilepsy,broad,164,SN pr R,0.7937044797093014,0.9483609778557028,0.07799220077992201,0.6259555862595559,0.922007799220078,16,False,10000,0.1355769230769231,0.010576923076923067,2
Epilepsy,epilepsy,broad,165,Red N L,0.5571818273645929,0.9483609778557028,0.47095290470952905,0.9424141555310118,0.5290470952904709,65,False,10000,0.4876201923076923,0.25703125000000004,4
Epilepsy,epilepsy,broad,166,Red N R,0.39066180531278183,0.9483609778557028,0.3802619738026197,0.9424141555310118,0.6197380261973803,52,False,10000,0.36424278846153846,0.012680288461538458,2
Epilepsy,epilepsy,broad,167,LC L,0.6044277942329292,0.9483609778557028,0.2776722327767223,0.9424141555310118,0.7223277672232777,37,False,10000,0.6550480769230769,0.10378799627791568,4
Epilepsy,epilepsy,broad,168,LC R,2.1659103646727695,0.495025497450255,0.0017998200179982,0.2483751624837516,0.9982001799820018,1,False,10000,0.5706129807692308,0.10907451923076927,2
Epilepsy,epilepsy,broad,169,Raphe D,2.0724622152440286,0.495025497450255,0.09519048095190481,0.6259555862595559,0.9048095190480951,20,False,10000,0.6650841346153846,0.2958533653846154,2
Epilepsy,epilepsy,broad,170,Raphe M,0.5950574287735882,0.9483609778557028,0.2612738726127387,0.9424141555310118,0.7387261273872613,35,False,10000,0.5692307692307692,0.30931490384615384,3
Epilepsy,epilepsy,stringent,1,Precentral L,0.9963549477720062,0.5807685898076859,0.27847215278472154,0.7352001641941068,0.7215278472152784,51,False,10000,0.7006203473945409,0.06420304745657568,6
Epilepsy,epilepsy,stringent,2,Precentral R,1.120287084876113,0.5807685898076859,0.12448755124487551,0.7128241721282418,0.8755124487551245,19,False,10000,0.8140625,0.014062499999999867,2
Epilepsy,epilepsy,stringent,3,Frontal Sup 2 L,0.1384786513939125,0.9003068923876844,0.45015498450154984,0.8913908609139086,0.5498450154984502,66,False,10000,0.47217548076923077,0.26391225961538467,6
Epilepsy,epilepsy,stringent,4,Frontal Sup 2 R,0.9243243344370847,0.5807685898076859,0.20007999200079993,0.7128241721282418,0.7999200079992,38,False,10000,0.4890625,0.08906249999999993,2
Epilepsy,epilepsy,stringent,5,Frontal Mid 2 L,0.029685911960212547,0.9308761431549154,0.4774522547745225,0.8913908609139086,0.5225477452254774,69,False,10000,0.5060794044665012,0.23587158808933,6
Epilepsy,epilepsy,stringent,6,Frontal Mid 2 R,-1.0701694272040079,0.9997000299970003,0.8413158684131586,0.9774022597740226,0.15868413158684136,112,False,10000,0.40390625,0.10390625000000003,2
Epilepsy,epilepsy,stringent,7,Frontal Inf Oper L,-0.008947241002992769,0.9308761431549154,0.4938506149385061,0.8913908609139086,0.5061493850614939,73,False,10000,0.4307692307692308,0.2359801488833747,3
Epilepsy,epilepsy,stringent,8,Frontal Inf Oper R,-0.051730813265622344,0.9308761431549154,0.5074492550744926,0.8913908609139086,0.49255074492550743,78,False,10000,0.5227163461538462,0.0695913461538461,2
Epilepsy,epilepsy,stringent,9,Frontal Inf Tri L,0.04608859922160141,0.9308761431549154,0.48095190480951905,0.8913908609139086,0.519048095190481,71,False,10000,0.5583533653846153,0.08302283653846154,6
Epilepsy,epilepsy,stringent,10,Frontal Inf Tri R,-0.826286963990956,0.9997000299970003,0.7736226377362264,0.9774022597740226,0.22637736226377358,97,False,10000,0.4501201923076923,0.06550480769230765,2
Epilepsy,epilepsy,stringent,11,Frontal Inf Orb 2 L,-0.3639934414224607,0.9997000299970003,0.6144385561443856,0.9774022597740226,0.3855614438556144,84,False,10000,0.5349875930521092,0.13449131513647639,6
Epilepsy,epilepsy,stringent,12,Frontal Inf Orb 2 R,0.6623795612259047,0.66493727985692,0.24597540245975402,0.7227717228277172,0.754024597540246,46,False,10000,0.5570913461538461,0.1352163461538461,2
Epilepsy,epilepsy,stringent,13,Rolandic Oper L,-0.13696841005432606,0.9383061693830617,0.5153484651534846,0.8913908609139086,0.48465153484651535,79,False,10000,0.604590570719603,0.3534739454094292,6
Epilepsy,epilepsy,stringent,14,Rolandic Oper R,-0.04884487801839977,0.9308761431549154,0.5047495250474953,0.8913908609139086,0.49525047495250474,76,False,10000,0.6182091346153846,0.2510216346153846,2
Epilepsy,epilepsy,stringent,15,Supp Motor Area L,-0.3583082288027441,0.9997000299970003,0.5999400059994,0.9774022597740226,0.4000599940006,82,False,10000,0.34615384615384615,0.10390818858560796,6
Epilepsy,epilepsy,stringent,16,Supp Motor Area R,0.9168564131634146,0.5807685898076859,0.24837516248375163,0.7227717228277172,0.7516248375162484,47,False,10000,0.7243389423076922,0.06027644230769236,2
Epilepsy,epilepsy,stringent,17,Olfactory L,-1.1526773406590425,0.9997000299970003,0.79002099790021,0.9774022597740226,0.20997900209979004,99,False,10000,0.03479567307692308,0.02646654001240695,4
Epilepsy,epilepsy,stringent,18,Olfactory R,-0.7555255339067988,0.9997000299970003,0.6653334666533347,0.9774022597740226,0.3346665333466653,85,False,10000,0.15006009615384616,0.14224759615384613,2
Epilepsy,epilepsy,stringent,19,Frontal Sup Medial L,-0.993703953336679,0.9997000299970003,0.7166283371662834,0.9774022597740226,0.2833716628337166,90,False,10000,0.3074441687344913,0.1157413151364764,6
Epilepsy,epilepsy,stringent,20,Frontal Sup Medial R,-1.429503787088349,0.9997000299970003,0.8048195180481952,0.9774022597740226,0.19518048195180482,102,False,10000,0.2847956730769231,0.23864182692307695,2
Epilepsy,epilepsy,stringent,21,Frontal Med Orb L,-1.7254367429821211,0.9997000299970003,0.835016498350165,0.9774022597740226,0.164983501649835,110,False,10000,0.17481389578163772,0.16345863058312654,6
Epilepsy,epilepsy,stringent,22,Frontal Med Orb R,-2.2929841721990187,0.9997000299970003,0.8962103789621038,0.9774022597740226,0.10378962103789624,125,False,10000,0.1623798076923077,0.0530048076923077,2
Epilepsy,epilepsy,stringent,23,Rectus L,-1.048216136759457,0.9997000299970003,0.7426257374262574,0.9774022597740226,0.25737426257374263,93,False,10000,0.17049278846153848,0.0493689903846154,6
Epilepsy,epilepsy,stringent,24,Rectus R,-1.5234152537030994,0.9997000299970003,0.8651134886511349,0.9774022597740226,0.1348865113488651,117,False,10000,0.15072115384615387,0.05697115384615384,2
Epilepsy,epilepsy,stringent,25,OFCmed L,-1.207272201495772,0.9997000299970003,0.8392160783921608,0.9774022597740226,0.16078392160783916,111,False,10000,0.19765625,0.12809495192307696,6
Epilepsy,epilepsy,stringent,26,OFCmed R,-1.5264001606495485,0.9997000299970003,0.9334066593340666,0.9774022597740226,0.06659334066593336,130,False,10000,0.2594951923076923,0.02512019230769233,2
Epilepsy,epilepsy,stringent,27,OFCant L,-0.04804816687405175,0.9308761431549154,0.5053494650534947,0.8913908609139086,0.49465053494650535,77,False,10000,0.4957816377171216,0.10738213399503727,6
Epilepsy,epilepsy,stringent,28,OFCant R,-0.028031390849212773,0.9308761431549154,0.49855014498550143,0.8913908609139086,0.5014498550144986,74,False,10000,0.43353365384615383,0.07415865384615383,2
Epilepsy,epilepsy,stringent,29,OFCpost L,-1.5062739841761785,0.9997000299970003,0.8802119788021198,0.9774022597740226,0.11978802119788023,122,False,10000,0.06716229838709678,0.13631067772952854,6
Epilepsy,epilepsy,stringent,30,OFCpost R,-0.963694665849614,0.9997000299970003,0.8195180481951805,0.9774022597740226,0.18048195180481952,104,False,10000,0.3361778846153846,0.13305288461538456,2
Epilepsy,epilepsy,stringent,31,OFClat L,0.15608957085605882,0.9003068923876844,0.42615738426157385,0.8913908609139086,0.5738426157384262,64,False,10000,0.5081885856079404,0.37301488833746893,4
Epilepsy,epilepsy,stringent,32,OFClat R,0.6947230499133888,0.6517194434402713,0.21987801219878012,0.7128241721282418,0.7801219878012199,42,False,10000,0.6040865384615385,0.07283653846153837,2
Epilepsy,epilepsy,stringent,33,Insula L,-1.5483607574033764,0.9997000299970003,0.8256174382561744,0.9774022597740226,0.1743825617438256,107,False,10000,0.25595533498759304,0.027853598014888376,6
Epilepsy,epilepsy,stringent,34,Insula R,-2.3175061214959305,0.9997000299970003,0.9603039696030397,0.9774022597740226,0.03969603039696035,134,False,10000,0.16328125,0.06328124999999998,2
Epilepsy,epilepsy,stringent,37,Cingulate Mid L,-1.446543542935008,0.9997000299970003,0.83001699830017,0.9774022597740226,0.16998300169983005,109,False,10000,0.35384615384615387,0.10006203473945408,6
Epilepsy,epilepsy,stringent,38,Cingulate Mid R,-1.3189911926195663,0.9997000299970003,0.7858214178582141,0.9774022597740226,0.21417858214178587,98,False,10000,0.28966346153846156,0.1334134615384615,2
Epilepsy,epilepsy,stringent,39,Cingulate Post L,0.254751955543867,0.9003068923876844,0.40615938406159385,0.8913908609139086,0.5938406159384062,62,False,10000,0.6875,0.19999999999999996,5
Epilepsy,epilepsy,stringent,41,Hippocampus L,-1.2341603359728532,0.9997000299970003,0.8296170382961704,0.9774022597740226,0.1703829617038296,108,False,10000,0.43846153846153846,0.1148263027295286,6
Epilepsy,epilepsy,stringent,42,Hippocampus R,-0.908019027534934,0.9997000299970003,0.7998200179982001,0.9774022597740226,0.20017998200179987,101,False,10000,0.45384615384615384,0.0461538461538461,2
Epilepsy,epilepsy,stringent,43,ParaHippocampal L,-0.6167208958965225,0.9997000299970003,0.6657334266573343,0.9774022597740226,0.33426657334266574,86,False,10000,0.1253101736972705,0.097200682382134,6
Epilepsy,epilepsy,stringent,44,ParaHippocampal R,-1.116917649662875,0.9997000299970003,0.8784121587841216,0.9774022597740226,0.1215878412158784,121,False,10000,0.12782451923076923,0.010637019230769248,2
Epilepsy,epilepsy,stringent,45,Amygdala L,-1.7221740586697973,0.9997000299970003,0.959004099590041,0.9774022597740226,0.04099590040995904,133,False,10000,0.24615384615384617,0.31527217741935487,5
Epilepsy,epilepsy,stringent,46,Amygdala R,-0.7859770647935498,0.9997000299970003,0.7604239576042395,0.9774022597740226,0.23957604239576047,96,False,10000,0.36670673076923077,0.3051682692307692,2
Epilepsy,epilepsy,stringent,47,Calcarine L,1.0197315822958328,0.5807685898076859,0.22277772222777723,0.7128241721282418,0.7772222777722227,43,False,10000,0.9487147177419355,0.09028283964019845,6
Epilepsy,epilepsy,stringent,48,Calcarine R,1.102789533361805,0.5807685898076859,0.14858514148585142,0.7128241721282418,0.8514148585141486,26,False,10000,0.899579326923077,0.04573317307692315,2
Epilepsy,epilepsy,stringent,49,Cuneus L,1.3905955663208012,0.5333166683331667,0.10188981101889812,0.7128241721282418,0.8981101889811018,12,False,10000,0.9838709677419355,0.12953629032258063,5
Epilepsy,epilepsy,stringent,51,Lingual L,1.2271859969946093,0.5807685898076859,0.21577842215778423,0.7128241721282418,0.7842215778422158,40,False,10000,0.9461538461538461,0.06433002481389583,6
Epilepsy,epilepsy,stringent,52,Lingual R,1.1588203763544396,0.5807685898076859,0.10318968103189681,0.7128241721282418,0.8968103189681031,14,False,10000,0.9102764423076923,0.07433894230769234,2
Epilepsy,epilepsy,stringent,53,Occipital Sup L,0.8589599735168425,0.6517194434402713,0.1922807719228077,0.7128241721282418,0.8077192280771923,34,False,10000,0.8566997518610422,0.24376647797766748,4
Epilepsy,epilepsy,stringent,55,Occipital Mid L,1.2712094459750605,0.5698319056983191,0.12988701129887012,0.7128241721282418,0.8701129887011299,21,False,10000,0.8372596153846155,0.07582583746898264,6
Epilepsy,epilepsy,stringent,56,Occipital Mid R,0.9881431228676631,0.5807685898076859,0.14708529147085292,0.7128241721282418,0.8529147085291471,25,False,10000,0.7661658653846154,0.16460336538461529,2
Epilepsy,epilepsy,stringent,57,Occipital Inf L,1.753475498556871,0.4238147613810047,0.08359164083591641,0.7128241721282418,0.9164083591640836,9,False,10000,0.920866935483871,0.04583204094292803,6
Epilepsy,epilepsy,stringent,58,Occipital Inf R,2.012974070009576,0.4238147613810047,0.021997800219978002,0.7128241721282418,0.978002199780022,4,False,10000,0.9259615384615385,0.05096153846153839,2
Epilepsy,epilepsy,stringent,59,Fusiform L,-1.1282469043991845,0.9997000299970003,0.7599240075992401,0.9774022597740226,0.24007599240075994,95,False,10000,0.28362282878411915,0.08988833746898262,6
Epilepsy,epilepsy,stringent,60,Fusiform R,-1.016640809344387,0.9997000299970003,0.8197180281971803,0.9774022597740226,0.18028197180281968,105,False,10000,0.2892427884615385,0.18768028846153845,2
Epilepsy,epilepsy,stringent,61,Postcentral L,1.0869256625633357,0.5807685898076859,0.28657134286571345,0.7352001641941068,0.7134286571342865,53,False,10000,0.7867245657568238,0.10240966191066991,6
Epilepsy,epilepsy,stringent,62,Postcentral R,1.434818619234932,0.5333166683331667,0.12868713128687131,0.7128241721282418,0.8713128687131286,20,False,10000,0.8248197115384616,0.09825721153846145,2
Epilepsy,epilepsy,stringent,63,Parietal Sup L,0.8422688878037227,0.6517194434402713,0.2618738126187381,0.7227717228277172,0.7381261873812619,50,False,10000,0.7362980769230769,0.05809165632754354,6
Epilepsy,epilepsy,stringent,64,Parietal Sup R,0.9320274653908429,0.5807685898076859,0.16748325167483252,0.7128241721282418,0.8325167483251674,30,False,10000,0.6126201923076924,0.02800480769230773,2
Epilepsy,epilepsy,stringent,65,Parietal Inf L,0.6483434253154745,0.6960911051751968,0.2937706229377062,0.7352001641941068,0.7062293770622938,54,False,10000,0.62421875,0.11744436259305213,6
Epilepsy,epilepsy,stringent,66,Parietal Inf R,0.7647053076719457,0.6517194434402713,0.21947805219478053,0.7128241721282418,0.7805219478052194,41,False,10000,0.6688100961538461,0.22349759615384623,2
Epilepsy,epilepsy,stringent,67,SupraMarginal L,1.025969713308967,0.5807685898076859,0.20737926207379262,0.7128241721282418,0.7926207379262074,39,False,10000,0.4538461538461539,0.14900744416873446,6
Epilepsy,epilepsy,stringent,68,SupraMarginal R,0.12567924741118103,0.9308761431549154,0.44935506449355067,0.8913908609139086,0.5506449355064493,65,False,10000,0.4600961538461538,0.14759615384615377,2
Epilepsy,epilepsy,stringent,69,Angular L,0.3876799158734171,0.8148085191480852,0.3578642135786421,0.8370383300652985,0.6421357864213579,59,False,10000,0.6451612903225806,0.09122596153846152,5
Epilepsy,epilepsy,stringent,70,Angular R,0.24005608829790784,0.9003068923876844,0.40735926407359263,0.8913908609139086,0.5926407359264074,63,False,10000,0.421875,0.078125,2
Epilepsy,epilepsy,stringent,71,Precuneus L,0.010969639358677188,0.9308761431549154,0.47995200479952005,0.8913908609139086,0.52004799520048,70,False,10000,0.6209677419354839,0.10787841191066994,6
Epilepsy,epilepsy,stringent,72,Precuneus R,0.9346729744624542,0.5807685898076859,0.24547545245475452,0.7227717228277172,0.7545245475452454,45,False,10000,0.5882211538461539,0.11947115384615381,2
Epilepsy,epilepsy,stringent,73,Paracentral Lobule L,0.9470586684594042,0.5807685898076859,0.25997400259974,0.7227717228277172,0.74002599740026,49,False,10000,0.7212701612903225,0.17998991935483888,6
Epilepsy,epilepsy,stringent,74,Paracentral Lobule R,0.591616664691158,0.7383472179097881,0.29817018298170184,0.7352001641941068,0.7018298170182982,55,False,10000,0.8647836538461539,0.057091346153846034,2
Epilepsy,epilepsy,stringent,75,Caudate L,-0.5957474081240149,0.9997000299970003,0.6902309769023097,0.9774022597740226,0.3097690230976903,89,False,10000,0.6133995037220844,0.12022332506203481,6
Epilepsy,epilepsy,stringent,76,Caudate R,-0.5044076087493297,0.9997000299970003,0.676932306769323,0.9774022597740226,0.32306769323067697,87,False,10000,0.6045673076923077,0.01081730769230771,2
Epilepsy,epilepsy,stringent,77,Putamen L,0.062330504075601575,0.9308761431549154,0.46865313468653136,0.8913908609139086,0.5313468653134686,68,False,10000,0.6774193548387097,0.23188585607940437,6
Epilepsy,epilepsy,stringent,78,Putamen R,-0.3576117801955637,0.9997000299970003,0.6004399560043996,0.9774022597740226,0.3995600439956004,83,False,10000,0.5828725961538461,0.19056490384615382,2
Epilepsy,epilepsy,stringent,79,Pallidum L,0.7829471734074294,0.6446355364463554,0.195980401959804,0.7128241721282418,0.804019598040196,35,False,10000,0.5514888337468983,0.12189826302729534,6
Epilepsy,epilepsy,stringent,80,Pallidum R,1.3124748966918298,0.5698319056983191,0.11888811118888111,0.7128241721282418,0.8811118888111189,16,False,10000,0.7603966346153845,0.09116586538461535,2
Epilepsy,epilepsy,stringent,83,Heschl L,1.4806716713175534,0.5333166683331667,0.08189181081891811,0.7128241721282418,0.9181081891810818,8,False,10000,0.9538461538461539,0.3062034739454095,5
Epilepsy,epilepsy,stringent,84,Heschl R,1.264970231371937,0.5698319056983191,0.0923907609239076,0.7128241721282418,0.9076092390760924,10,False,10000,0.9531850961538462,0.03912259615384617,2
Epilepsy,epilepsy,stringent,85,Temporal Sup L,0.014945875651816813,0.9308761431549154,0.4901509849015098,0.8913908609139086,0.5098490150984902,72,False,10000,0.6076923076923078,0.09772797766749375,6
Epilepsy,epilepsy,stringent,86,Temporal Sup R,1.3721639850586884,0.5444182854441829,0.13008699130086993,0.7128241721282418,0.86991300869913,22,False,10000,0.6816105769230769,0.07223557692307692,2
Epilepsy,epilepsy,stringent,87,Temporal Pole Sup L,-1.459740595284016,0.9997000299970003,0.8161183881611839,0.9774022597740226,0.18388161183881613,103,False,10000,0.16451612903225807,0.0826923076923077,6
Epilepsy,epilepsy,stringent,88,Temporal Pole Sup R,-1.1866679710974601,0.9997000299970003,0.8428157184281572,0.9774022597740226,0.15718428157184283,113,False,10000,0.1280048076923077,0.012620192307692318,2
Epilepsy,epilepsy,stringent,89,Temporal Mid L,0.41821928470306324,0.7689807290457394,0.3568643135686431,0.8370383300652985,0.6431356864313569,58,False,10000,0.5080645161290323,0.04450701767990073,6
Epilepsy,epilepsy,stringent,90,Temporal Mid R,-0.9715191012314646,0.9997000299970003,0.8499150084991501,0.9774022597740226,0.15008499150084986,115,False,10000,0.38395432692307696,0.030108173076923095,2
Epilepsy,epilepsy,stringent,91,Temporal Pole Mid L,-1.2638670370538203,0.9997000299970003,0.8779122087791221,0.9774022597740226,0.12208779122087787,120,False,10000,0.14106699751861043,0.07121588089330026,4
Epilepsy,epilepsy,stringent,93,Temporal Inf L,-0.9058479155205656,0.9997000299970003,0.7404259574042595,0.9774022597740226,0.25957404259574046,92,False,10000,0.32554086538461535,0.1451700139578163,6
Epilepsy,epilepsy,stringent,94,Temporal Inf R,-0.9925439543315058,0.9997000299970003,0.8702129787021298,0.9774022597740226,0.12978702129787023,118,False,10000,0.3018629807692308,0.05967548076923074,2
Epilepsy,epilepsy,stringent,95,Cerebellum Crus1 L,-2.6635775607474703,0.9997000299970003,0.9572042795720428,0.9774022597740226,0.04279572042795721,132,False,10000,0.05178931451612903,0.06405571495037221,6
Epilepsy,epilepsy,stringent,96,Cerebellum Crus1 R,-2.0024411853107433,0.9997000299970003,0.9774022597740226,0.9774022597740226,0.02259774022597738,138,False,10000,0.18623798076923076,0.024699519230769212,2
Epilepsy,epilepsy,stringent,97,Cerebellum Crus2 L,-2.430524770449786,0.9997000299970003,0.9694030596940306,0.9774022597740226,0.030596940305969378,135,False,10000,0.07493796526054591,0.025209367245657574,6
Epilepsy,epilepsy,stringent,98,Cerebellum Crus2 R,-1.6750974699686854,0.9997000299970003,0.9252074792520748,0.9774022597740226,0.0747925207479252,128,False,10000,0.3075721153846154,0.1768028846153846,2
Epilepsy,epilepsy,stringent,101,Cerebellum 4 5 L,0.34111331194589545,0.8607172069678278,0.395960403959604,0.8913908609139086,0.6040395960403959,61,False,10000,0.6692307692307693,0.33424317617866,6
Epilepsy,epilepsy,stringent,102,Cerebellum 4 5 R,-1.5310338570419912,0.9997000299970003,0.9751024897510249,0.9774022597740226,0.02489751024897513,137,False,10000,0.28503605769230766,0.23034855769230766,2
Epilepsy,epilepsy,stringent,103,Cerebellum 6 L,-1.4892519416895873,0.9997000299970003,0.7961203879612039,0.9774022597740226,0.20387961203879612,100,False,10000,0.2923076923076923,0.10862476736972704,6
Epilepsy,epilepsy,stringent,104,Cerebellum 6 R,-1.983551453703271,0.9997000299970003,0.9705029497050295,0.9774022597740226,0.029497050294970517,136,False,10000,0.15606971153846155,0.13299278846153847,2
Epilepsy,epilepsy,stringent,105,Cerebellum 7b L,-1.8973035581646138,0.9997000299970003,0.8986101389861014,0.9774022597740226,0.10138986101389857,126,False,10000,0.12096774193548387,0.14213321960297767,6
Epilepsy,epilepsy,stringent,106,Cerebellum 7b R,-1.2206688821276015,0.9997000299970003,0.8856114388561144,0.9774022597740226,0.11438856114388563,123,False,10000,0.19459134615384616,0.10228365384615384,2
Epilepsy,epilepsy,stringent,107,Cerebellum 8 L,-2.138184392880237,0.9997000299970003,0.9352064793520648,0.9774022597740226,0.0647935206479352,131,False,10000,0.24057071960297766,0.14720843672456577,6
Epilepsy,epilepsy,stringent,108,Cerebellum 8 R,-1.6546212770557056,0.9997000299970003,0.9293070692930707,0.9774022597740226,0.07069293070692928,129,False,10000,0.29056490384615385,0.017127403846153855,2
Epilepsy,epilepsy,stringent,109,Cerebellum 9 L,-1.4405422296989485,0.9997000299970003,0.8638136186381362,0.9774022597740226,0.13618638136186378,116,False,10000,0.14516129032258066,0.23286290322580644,5
Epilepsy,epilepsy,stringent,110,Cerebellum 9 R,-1.76940549688257,0.9997000299970003,0.8912108789121088,0.9774022597740226,0.10878912108789118,124,False,10000,0.15204326923076922,0.11358173076923075,2
Epilepsy,epilepsy,stringent,111,Cerebellum 10 L,-0.6898934433742939,0.9997000299970003,0.74002599740026,0.9774022597740226,0.25997400259974,91,False,10000,0.24615384615384617,0.41129032258064524,3
Epilepsy,epilepsy,stringent,118,Vermis 8,1.5102864298766296,0.5444182854441829,0.1912808719128087,0.7128241721282418,0.8087191280871913,33,False,10000,0.96875,0.04230769230769238,3
Epilepsy,epilepsy,stringent,119,Vermis 9,1.6703874153004659,0.5333166683331667,0.12288771122887711,0.7128241721282418,0.8771122887711229,17,False,10000,0.9923076923076923,0.02115384615384608,4
Epilepsy,epilepsy,stringent,121,Thal AV L,0.08608343921724436,0.9308761431549154,0.46365363463653636,0.8913908609139086,0.5363463653634637,67,False,10000,0.7846153846153847,0.04392059553349881,4
Epilepsy,epilepsy,stringent,122,Thal AV R,0.7146426718152808,0.6517194434402713,0.19988001199880012,0.7128241721282418,0.8001199880011999,37,False,10000,0.6381009615384615,0.31502403846153837,2
Epilepsy,epilepsy,stringent,125,Thal VA L,1.5861576125784889,0.5333166683331667,0.15198480151984803,0.7128241721282418,0.8480151984801519,27,False,10000,0.6384615384615384,0.13641826923076927,5
Epilepsy,epilepsy,stringent,127,Thal VL L,1.8328349689327468,0.4238147613810047,0.13288671132886712,0.7128241721282418,0.8671132886711329,23,False,10000,0.7784778225806452,0.12608366935483883,6
Epilepsy,epilepsy,stringent,128,Thal VL R,1.4311424030545663,0.5333166683331667,0.07329267073292671,0.7128241721282418,0.9267073292670733,7,False,10000,0.5888822115384615,0.03419471153846154,2
Epilepsy,epilepsy,stringent,129,Thal VPL L,2.376421960347802,0.4238147613810047,0.0448955104489551,0.7128241721282418,0.9551044895510449,5,False,10000,0.9215880893300248,0.19917319323821348,6
Epilepsy,epilepsy,stringent,130,Thal VPL R,1.2176497540620925,0.5698319056983191,0.17248275172482752,0.7128241721282418,0.8275172482751725,31,False,10000,0.7943509615384615,0.02872596153846163,2
Epilepsy,epilepsy,stringent,131,Thal IL L,2.057682568297098,0.4238147613810047,0.1024897510248975,0.7128241721282418,0.8975102489751025,13,False,10000,0.8923076923076924,0.0844254032258065,5
Epilepsy,epilepsy,stringent,135,Thal MDm L,0.7830116127767239,0.6517194434402713,0.3036696330366963,0.7352001641941068,0.6963303669633036,57,False,10000,0.43846153846153846,0.18787802419354838,3
Epilepsy,epilepsy,stringent,136,Thal MDm R,0.6658010400851135,0.679709806797098,0.2585741425857414,0.7227717228277172,0.7414258574142586,48,False,10000,0.5096153846153846,0.2596153846153847,2
Epilepsy,epilepsy,stringent,137,Thal MDl L,1.3686893942086262,0.5333166683331667,0.22727727227277272,0.7128241721282418,0.7727227277272273,44,False,10000,0.8548387096774194,0.007692307692307776,3
Epilepsy,epilepsy,stringent,139,Thal LGN L,1.3570680410536304,0.5333166683331667,0.12378762123787622,0.7128241721282418,0.8762123787621238,18,False,10000,0.7741935483870968,0.4615384615384615,5
Epilepsy,epilepsy,stringent,140,Thal LGN R,2.104405578256819,0.4238147613810047,0.0198980101989801,0.7128241721282418,0.9801019898010199,3,False,10000,0.8249399038461538,0.0827524038461539,2
Epilepsy,epilepsy,stringent,141,Thal MGN L,1.1122410988854126,0.5807685898076859,0.1987801219878012,0.7128241721282418,0.8012198780121988,36,False,10000,0.573076923076923,0.3038461538461538,2
Epilepsy,epilepsy,stringent,143,Thal PuI L,1.333113234579135,0.5333166683331667,0.1401859814018598,0.7128241721282418,0.8598140185981402,24,False,10000,0.9346153846153846,0.011538461538461497,2
Epilepsy,epilepsy,stringent,144,Thal PuI R,1.1540154573449906,0.5698319056983191,0.1563843615638436,0.7128241721282418,0.8436156384361564,28,False,10000,0.8524639423076923,0.03215144230769229,2
Epilepsy,epilepsy,stringent,145,Thal PuM L,1.5450268298428493,0.5333166683331667,0.16448355164483552,0.7128241721282418,0.8355164483551645,29,False,10000,0.8615384615384616,0.032506203473945394,5
Epilepsy,epilepsy,stringent,146,Thal PuM R,1.5474701382006955,0.5333166683331667,0.10478952104789521,0.7128241721282418,0.8952104789521048,15,False,10000,0.8644831730769231,0.018329326923076983,2
Epilepsy,epilepsy,stringent,147,Thal PuA L,0.8943207583368973,0.5807685898076859,0.2986701329867013,0.7352001641941068,0.7013298670132987,56,False,10000,0.7384615384615385,0.10930521091811418,3
Epilepsy,epilepsy,stringent,148,Thal PuA R,2.035036311379125,0.4238147613810047,0.014698530146985302,0.7128241721282418,0.9853014698530147,2,False,10000,0.8572115384615384,0.08028846153846148,2
Epilepsy,epilepsy,stringent,153,ACC pre L,-2.0200185547539147,0.9997000299970003,0.9215078492150784,0.9774022597740226,0.07849215078492155,127,False,10000,0.015625,0.02456575682382134,3
Epilepsy,epilepsy,stringent,154,ACC pre R,-1.577840937421748,0.9997000299970003,0.8493150684931506,0.9774022597740226,0.15068493150684936,114,False,10000,0.18948317307692308,0.056670673076923084,2
Epilepsy,epilepsy,stringent,155,ACC sup L,-0.6689185662402835,0.9997000299970003,0.6901309869013099,0.9774022597740226,0.3098690130986901,88,False,10000,0.09290865384615385,0.0827640353598015,6
Epilepsy,epilepsy,stringent,156,ACC sup R,-1.4538788742456685,0.9997000299970003,0.8751124887511249,0.9774022597740226,0.1248875112488751,119,False,10000,0.1821514423076923,0.002463942307692313,2
Epilepsy,epilepsy,stringent,157,N Acc L,-0.6936463560686198,0.9997000299970003,0.7484251574842515,0.9774022597740226,0.25157484251574846,94,False,10000,0.3548387096774194,0.12307692307692308,5
Epilepsy,epilepsy,stringent,158,N Acc R,-1.0176778916826412,0.9997000299970003,0.8238176182381762,0.9774022597740226,0.17618238176182377,106,False,10000,0.48695913461538465,0.31772836538461546,2
Epilepsy,epilepsy,stringent,161,SN pc L,1.1103972731227618,0.5807685898076859,0.1780821917808219,0.7128241721282418,0.821917808219178,32,False,10000,0.5209173387096774,0.18220766129032262,2
Epilepsy,epilepsy,stringent,163,SN pr L,-0.017676998533281533,0.9308761431549154,0.5003499650034996,0.8913908609139086,0.4996500349965004,75,False,10000,0.22580645161290322,0.2609375,5
Epilepsy,epilepsy,stringent,164,SN pr R,-1.1085616215516847,0.9997000299970003,0.5167483251674833,0.8913908609139086,0.48325167483251674,80,False,10000,0.1355769230769231,0.010576923076923067,2
Epilepsy,epilepsy,stringent,165,Red N L,0.6288135841082116,0.6874221668742216,0.36666333366663334,0.8433256674332567,0.6333366663333666,60,False,10000,0.4876201923076923,0.25703125000000004,4
Epilepsy,epilepsy,stringent,166,Red N R,-0.09791519475846028,0.9383061693830617,0.5309469053094691,0.9045762090457621,0.4690530946905309,81,False,10000,0.36424278846153846,0.012680288461538458,2
Epilepsy,epilepsy,stringent,167,LC L,1.6679142248663454,0.5333166683331667,0.0044995500449955,0.620937906209379,0.9955004499550045,1,False,10000,0.6550480769230769,0.10378799627791568,4
Epilepsy,epilepsy,stringent,168,LC R,1.0678761574960627,0.5807685898076859,0.09459054094590541,0.7128241721282418,0.9054094590540946,11,False,10000,0.5706129807692308,0.10907451923076927,2
Epilepsy,epilepsy,stringent,169,Raphe D,1.5563804641920176,0.5333166683331667,0.05779422057794221,0.7128241721282418,0.9422057794220577,6,False,10000,0.6650841346153846,0.2958533653846154,2
Epilepsy,epilepsy,stringent,170,Raphe M,0.46592885123334593,0.7605894582955498,0.2806719328067193,0.7352001641941068,0.7193280671932807,52,False,10000,0.5692307692307692,0.30931490384615384,3
Epilepsy,epilepsy,weighted,1,Precentral L,0.7810114329636286,0.7337799553377995,0.33186681331866813,0.8178146471067178,0.6681331866813318,55,False,10000,0.7006203473945409,0.06420304745657568,6
Epilepsy,epilepsy,weighted,2,Precentral R,1.1695786216725779,0.7277272272772722,0.103989601039896,0.7493417324934173,0.896010398960104,19,False,10000,0.8140625,0.014062499999999867,2
Epilepsy,epilepsy,weighted,3,Frontal Sup 2 L,-0.3052018273344591,0.9956004399560044,0.5932406759324068,0.9669814268573143,0.4067593240675932,78,False,10000,0.47217548076923077,0.26391225961538467,6
Epilepsy,epilepsy,weighted,4,Frontal Sup 2 R,0.3629557653003186,0.8610823128213495,0.37176282371762825,0.8557370069444669,0.6282371762823717,58,False,10000,0.4890625,0.08906249999999993,2
Epilepsy,epilepsy,weighted,5,Frontal Mid 2 L,-0.46832779428899746,0.9956004399560044,0.6508349165083491,0.9669814268573143,0.3491650834916509,85,False,10000,0.5060794044665012,0.23587158808933,6
Epilepsy,epilepsy,weighted,6,Frontal Mid 2 R,-0.8154248837950637,0.9956004399560044,0.7913208679132087,0.9669814268573143,0.20867913208679134,103,False,10000,0.40390625,0.10390625000000003,2
Epilepsy,epilepsy,weighted,7,Frontal Inf Oper L,-0.029202722620590045,0.9521047895210477,0.506049395060494,0.9416178382161784,0.49395060493950604,74,False,10000,0.4307692307692308,0.2359801488833747,3
Epilepsy,epilepsy,weighted,8,Frontal Inf Oper R,0.08567004674148876,0.917416591674166,0.45845415458454153,0.9038096190380961,0.5415458454154585,70,False,10000,0.5227163461538462,0.0695913461538461,2
Epilepsy,epilepsy,weighted,9,Frontal Inf Tri L,-0.06891182674233123,0.9567043295670433,0.5117488251174882,0.9416178382161784,0.4882511748825118,75,False,10000,0.5583533653846153,0.08302283653846154,6
Epilepsy,epilepsy,weighted,10,Frontal Inf Tri R,-0.43578213413356515,0.9956004399560044,0.6527347265273473,0.9669814268573143,0.3472652734726527,87,False,10000,0.4501201923076923,0.06550480769230765,2
Epilepsy,epilepsy,weighted,11,Frontal Inf Orb 2 L,-0.33799307882983204,0.9956004399560044,0.6177382261773823,0.9669814268573143,0.3822617738226177,82,False,10000,0.5349875930521092,0.13449131513647639,6
Epilepsy,epilepsy,weighted,12,Frontal Inf Orb 2 R,0.285870946012212,0.9037034758062655,0.37476252374762525,0.8557370069444669,0.6252374762523747,59,False,10000,0.5570913461538461,0.1352163461538461,2
Epilepsy,epilepsy,weighted,13,Rolandic Oper L,0.21872141083425223,0.9037034758062655,0.45425457454254575,0.9038096190380961,0.5457454254574543,69,False,10000,0.604590570719603,0.3534739454094292,6
Epilepsy,epilepsy,weighted,14,Rolandic Oper R,0.11653487068678792,0.917416591674166,0.44965503449655037,0.9038096190380961,0.5503449655034496,67,False,10000,0.6182091346153846,0.2510216346153846,2
Epilepsy,epilepsy,weighted,15,Supp Motor Area L,-0.7390201517149846,0.9956004399560044,0.7208279172082792,0.9669814268573143,0.2791720827917208,91,False,10000,0.34615384615384615,0.10390818858560796,6
Epilepsy,epilepsy,weighted,16,Supp Motor Area R,0.8609903174776807,0.7337799553377995,0.25447455254474555,0.7910270197470048,0.7455254474552544,44,False,10000,0.7243389423076922,0.06027644230769236,2
Epilepsy,epilepsy,weighted,17,Olfactory L,-1.3456396788226674,0.9956004399560044,0.837016298370163,0.9669814268573143,0.162983701629837,113,False,10000,0.03479567307692308,0.02646654001240695,4
Epilepsy,epilepsy,weighted,18,Olfactory R,-0.8768182544498543,0.9956004399560044,0.702029797020298,0.9669814268573143,0.297970202979702,90,False,10000,0.15006009615384616,0.14224759615384613,2
Epilepsy,epilepsy,weighted,19,Frontal Sup Medial L,-1.4225038055286527,0.9956004399560044,0.7891210878912108,0.9669814268573143,0.21087891210878917,102,False,10000,0.3074441687344913,0.1157413151364764,6
Epilepsy,epilepsy,weighted,20,Frontal Sup Medial R,-1.7273827767572172,0.9956004399560044,0.8574142585741426,0.9669814268573143,0.14258574142585745,116,False,10000,0.2847956730769231,0.23864182692307695,2
Epilepsy,epilepsy,weighted,21,Frontal Med Orb L,-1.5847103208886968,0.9956004399560044,0.8188181181881812,0.9669814268573143,0.18118188181181882,106,False,10000,0.17481389578163772,0.16345863058312654,6
Epilepsy,epilepsy,weighted,22,Frontal Med Orb R,-2.0042815478372944,0.9956004399560044,0.8609139086091391,0.9669814268573143,0.13908609139086092,117,False,10000,0.1623798076923077,0.0530048076923077,2
Epilepsy,epilepsy,weighted,23,Rectus L,-1.4311929577671412,0.9956004399560044,0.8338166183381662,0.9669814268573143,0.16618338166183377,111,False,10000,0.17049278846153848,0.0493689903846154,6
Epilepsy,epilepsy,weighted,24,Rectus R,-1.6297664492943909,0.9956004399560044,0.8804119588041196,0.9669814268573143,0.1195880411958804,121,False,10000,0.15072115384615387,0.05697115384615384,2
Epilepsy,epilepsy,weighted,25,OFCmed L,-1.291184486830864,0.9956004399560044,0.8835116488351165,0.9669814268573143,0.11648835116488354,124,False,10000,0.19765625,0.12809495192307696,6
Epilepsy,epilepsy,weighted,26,OFCmed R,-1.4452187736856688,0.9956004399560044,0.922007799220078,0.96791780675947,0.07799220077992197,129,False,10000,0.2594951923076923,0.02512019230769233,2
Epilepsy,epilepsy,weighted,27,OFCant L,-0.49569985152805984,0.9956004399560044,0.6914308569143086,0.9669814268573143,0.3085691430856914,89,False,10000,0.4957816377171216,0.10738213399503727,6
Epilepsy,epilepsy,weighted,28,OFCant R,-0.2703497569460347,0.9956004399560044,0.6005399460053995,0.9669814268573143,0.3994600539946005,80,False,10000,0.43353365384615383,0.07415865384615383,2
Epilepsy,epilepsy,weighted,29,OFCpost L,-1.6412666969004528,0.9956004399560044,0.935006499350065,0.96791780675947,0.06499350064993503,130,False,10000,0.06716229838709678,0.13631067772952854,6
Epilepsy,epilepsy,weighted,30,OFCpost R,-0.7351404366699682,0.9956004399560044,0.7456254374562544,0.9669814268573143,0.2543745625437456,96,False,10000,0.3361778846153846,0.13305288461538456,2
Epilepsy,epilepsy,weighted,31,OFClat L,-0.2386529258656468,0.9956004399560044,0.5999400059994,0.9669814268573143,0.4000599940006,79,False,10000,0.5081885856079404,0.37301488833746893,4
Epilepsy,epilepsy,weighted,32,OFClat R,0.5901280043378573,0.7594548237483945,0.23687631236876314,0.7910270197470048,0.7631236876312368,41,False,10000,0.6040865384615385,0.07283653846153837,2
Epilepsy,epilepsy,weighted,33,Insula L,-1.2386539141975643,0.9956004399560044,0.7962203779622038,0.9669814268573143,0.2037796220377962,104,False,10000,0.25595533498759304,0.027853598014888376,6
Epilepsy,epilepsy,weighted,34,Insula R,-1.9147952226421852,0.9956004399560044,0.9367063293670633,0.96791780675947,0.06329367063293667,131,False,10000,0.16328125,0.06328124999999998,2
Epilepsy,epilepsy,weighted,37,Cingulate Mid L,-1.421831145530072,0.9956004399560044,0.8226177382261773,0.9669814268573143,0.17738226177382266,107,False,10000,0.35384615384615387,0.10006203473945408,6
Epilepsy,epilepsy,weighted,38,Cingulate Mid R,-1.411062113081598,0.9956004399560044,0.8085191480851914,0.9669814268573143,0.19148085191480857,105,False,10000,0.28966346153846156,0.1334134615384615,2
Epilepsy,epilepsy,weighted,39,Cingulate Post L,0.3145570272063415,0.9037034758062655,0.36526347365263473,0.8557370069444669,0.6347365263473652,57,False,10000,0.6875,0.19999999999999996,5
Epilepsy,epilepsy,weighted,41,Hippocampus L,-0.869580723833781,0.9956004399560044,0.7671232876712328,0.9669814268573143,0.23287671232876717,100,False,10000,0.43846153846153846,0.1148263027295286,6
Epilepsy,epilepsy,weighted,42,Hippocampus R,-0.2982938674506163,0.9956004399560044,0.616938306169383,0.9669814268573143,0.38306169383061695,81,False,10000,0.45384615384615384,0.0461538461538461,2
Epilepsy,epilepsy,weighted,43,ParaHippocampal L,-0.9135851251211999,0.9956004399560044,0.7473252674732527,0.9669814268573143,0.2526747325267473,97,False,10000,0.1253101736972705,0.097200682382134,6
Epilepsy,epilepsy,weighted,44,ParaHippocampal R,-1.0601948683261353,0.9956004399560044,0.8780121987801219,0.9669814268573143,0.12198780121987807,119,False,10000,0.12782451923076923,0.010637019230769248,2
Epilepsy,epilepsy,weighted,45,Amygdala L,-1.5070177913893876,0.9956004399560044,0.954904509549045,0.96791780675947,0.045095490450954956,135,False,10000,0.24615384615384617,0.31527217741935487,5
Epilepsy,epilepsy,weighted,46,Amygdala R,-0.686603955547491,0.9956004399560044,0.7267273272672733,0.9669814268573143,0.2732726727327267,93,False,10000,0.36670673076923077,0.3051682692307692,2
Epilepsy,epilepsy,weighted,47,Calcarine L,1.3449063380167894,0.6921097363947816,0.15648435156484353,0.7493417324934173,0.8435156484351565,25,False,10000,0.9487147177419355,0.09028283964019845,6
Epilepsy,epilepsy,weighted,48,Calcarine R,1.2585266900423429,0.6930670569306706,0.10058994100589941,0.7493417324934173,0.8994100589941005,17,False,10000,0.899579326923077,0.04573317307692315,2
Epilepsy,epilepsy,weighted,49,Cuneus L,1.4947581156673062,0.6411758824117588,0.07189281071892811,0.7493417324934173,0.9281071892810719,12,False,10000,0.9838709677419355,0.12953629032258063,5
Epilepsy,epilepsy,weighted,51,Lingual L,1.6548784231441271,0.6411758824117588,0.13608639136086392,0.7493417324934173,0.8639136086391361,22,False,10000,0.9461538461538461,0.06433002481389583,6
Epilepsy,epilepsy,weighted,52,Lingual R,1.4510461906788497,0.6411758824117588,0.05499450054994501,0.7493417324934173,0.945005499450055,8,False,10000,0.9102764423076923,0.07433894230769234,2
Epilepsy,epilepsy,weighted,53,Occipital Sup L,1.1001527083877916,0.7337799553377995,0.11858814118588142,0.7493417324934173,0.8814118588141185,20,False,10000,0.8566997518610422,0.24376647797766748,4
Epilepsy,epilepsy,weighted,55,Occipital Mid L,1.267515896062742,0.6930670569306706,0.1192880711928807,0.7493417324934173,0.8807119288071192,21,False,10000,0.8372596153846155,0.07582583746898264,6
Epilepsy,epilepsy,weighted,56,Occipital Mid R,1.0691442345236313,0.7337799553377995,0.0958904109589041,0.7493417324934173,0.904109589041096,15,False,10000,0.7661658653846154,0.16460336538461529,2
Epilepsy,epilepsy,weighted,57,Occipital Inf L,1.818982487044479,0.6411758824117588,0.056894310568943104,0.7493417324934173,0.9431056894310569,9,False,10000,0.920866935483871,0.04583204094292803,6
Epilepsy,epilepsy,weighted,58,Occipital Inf R,2.0977230058763547,0.6411758824117588,0.009499050094990502,0.562983701629837,0.9905009499050095,1,False,10000,0.9259615384615385,0.05096153846153839,2
Epilepsy,epilepsy,weighted,59,Fusiform L,-1.0072140019377644,0.9956004399560044,0.7376262373762624,0.9669814268573143,0.26237376262373757,94,False,10000,0.28362282878411915,0.08988833746898262,6
Epilepsy,epilepsy,weighted,60,Fusiform R,-0.9216372123090508,0.9956004399560044,0.8246175382461753,0.9669814268573143,0.17538246175382466,109,False,10000,0.2892427884615385,0.18768028846153845,2
Epilepsy,epilepsy,weighted,61,Postcentral L,1.1366700125054547,0.7337799553377995,0.26117388261173885,0.7910270197470048,0.7388261173882611,45,False,10000,0.7867245657568238,0.10240966191066991,6
Epilepsy,epilepsy,weighted,62,Postcentral R,1.5479482549762924,0.6411758824117588,0.0983901609839016,0.7493417324934173,0.9016098390160984,16,False,10000,0.8248197115384616,0.09825721153846145,2
Epilepsy,epilepsy,weighted,63,Parietal Sup L,0.839088915849962,0.7337799553377995,0.25137486251374863,0.7910270197470048,0.7486251374862514,43,False,10000,0.7362980769230769,0.05809165632754354,6
Epilepsy,epilepsy,weighted,64,Parietal Sup R,0.7106259875575216,0.7594548237483945,0.21727827217278273,0.7900594555929024,0.7827217278272173,37,False,10000,0.6126201923076924,0.02800480769230773,2
Epilepsy,epilepsy,weighted,65,Parietal Inf L,0.46246343508269866,0.8610823128213495,0.33186681331866813,0.8178146471067178,0.6681331866813318,55,False,10000,0.62421875,0.11744436259305213,6
Epilepsy,epilepsy,weighted,66,Parietal Inf R,0.8059951648168444,0.7337799553377995,0.19318068193180682,0.7493417324934173,0.8068193180681932,35,False,10000,0.6688100961538461,0.22349759615384623,2
Epilepsy,epilepsy,weighted,67,SupraMarginal L,0.5837677455717142,0.7594548237483945,0.31956804319568044,0.8178146471067178,0.6804319568043196,53,False,10000,0.4538461538461539,0.14900744416873446,6
Epilepsy,epilepsy,weighted,68,SupraMarginal R,0.14524919228322697,0.917416591674166,0.43395660433956607,0.9038096190380961,0.5660433956604339,66,False,10000,0.4600961538461538,0.14759615384615377,2
Epilepsy,epilepsy,weighted,69,Angular L,0.21292707347972006,0.9037034758062655,0.41085891410858916,0.8876393610638935,0.5891410858914108,63,False,10000,0.6451612903225806,0.09122596153846152,5
Epilepsy,epilepsy,weighted,70,Angular R,-0.10296769737819424,0.9826070024576489,0.5333466653334666,0.9669814268573143,0.46665333466653336,76,False,10000,0.421875,0.078125,2
Epilepsy,epilepsy,weighted,71,Precuneus L,0.0893363185862612,0.917416591674166,0.47315268473152683,0.9084091590840916,0.5268473152684732,71,False,10000,0.6209677419354839,0.10787841191066994,6
Epilepsy,epilepsy,weighted,72,Precuneus R,0.7703170139150819,0.7337799553377995,0.2765723427657234,0.7910270197470048,0.7234276572342766,47,False,10000,0.5882211538461539,0.11947115384615381,2
Epilepsy,epilepsy,weighted,73,Paracentral Lobule L,0.8329973535378297,0.7337799553377995,0.28087191280871915,0.7910270197470048,0.7191280871912809,49,False,10000,0.7212701612903225,0.17998991935483888,6
Epilepsy,epilepsy,weighted,74,Paracentral Lobule R,1.0010805212556553,0.7337799553377995,0.1872812718728127,0.7493417324934173,0.8127187281271873,34,False,10000,0.8647836538461539,0.057091346153846034,2
Epilepsy,epilepsy,weighted,75,Caudate L,-0.032595080094912104,0.9409524800944563,0.49475052494750527,0.935281814284325,0.5052494750524947,73,False,10000,0.6133995037220844,0.12022332506203481,6
Epilepsy,epilepsy,weighted,76,Caudate R,0.06623649833212579,0.917416591674166,0.45095490450954906,0.9038096190380961,0.5490450954904509,68,False,10000,0.6045673076923077,0.01081730769230771,2
Epilepsy,epilepsy,weighted,77,Putamen L,0.49184449255850765,0.799042317990423,0.23327667233276672,0.7910270197470048,0.7667233276672333,40,False,10000,0.6774193548387097,0.23188585607940437,6
Epilepsy,epilepsy,weighted,78,Putamen R,0.04962393309017246,0.917416591674166,0.47395260473952605,0.9084091590840916,0.526047395260474,72,False,10000,0.5828725961538461,0.19056490384615382,2
Epilepsy,epilepsy,weighted,79,Pallidum L,0.7114485900935413,0.7337799553377995,0.1665833416658334,0.7493417324934173,0.8334166583341666,29,False,10000,0.5514888337468983,0.12189826302729534,6
Epilepsy,epilepsy,weighted,80,Pallidum R,0.8840146304622909,0.7337799553377995,0.18248175182481752,0.7493417324934173,0.8175182481751825,32,False,10000,0.7603966346153845,0.09116586538461535,2
Epilepsy,epilepsy,weighted,83,Heschl L,1.9458431766459794,0.6411758824117588,0.020397960203979604,0.562983701629837,0.9796020397960203,5,False,10000,0.9538461538461539,0.3062034739454095,5
Epilepsy,epilepsy,weighted,84,Heschl R,1.95904415030202,0.6411758824117588,0.018198180181981802,0.562983701629837,0.9818018198180182,3,False,10000,0.9531850961538462,0.03912259615384617,2
Epilepsy,epilepsy,weighted,85,Temporal Sup L,0.6679795938936808,0.7388261173882612,0.3260673932606739,0.8178146471067178,0.6739326067393261,54,False,10000,0.6076923076923078,0.09772797766749375,6
Epilepsy,epilepsy,weighted,86,Temporal Sup R,1.5569771992458967,0.6411758824117588,0.0791920807919208,0.7493417324934173,0.9208079192080791,13,False,10000,0.6816105769230769,0.07223557692307692,2
Epilepsy,epilepsy,weighted,87,Temporal Pole Sup L,-1.0679672896389876,0.9956004399560044,0.7851214878512148,0.9669814268573143,0.21487851214878517,101,False,10000,0.16451612903225807,0.0826923076923077,6
Epilepsy,epilepsy,weighted,88,Temporal Pole Sup R,-1.1511403649855894,0.9956004399560044,0.8449155084491551,0.9669814268573143,0.15508449155084492,114,False,10000,0.1280048076923077,0.012620192307692318,2
Epilepsy,epilepsy,weighted,89,Temporal Mid L,0.18743149322822536,0.9037034758062655,0.4243575642435756,0.9009437517786683,0.5756424357564244,65,False,10000,0.5080645161290323,0.04450701767990073,6
Epilepsy,epilepsy,weighted,90,Temporal Mid R,-0.9869809230570248,0.9956004399560044,0.8806119388061194,0.9669814268573143,0.11938806119388057,122,False,10000,0.38395432692307696,0.030108173076923095,2
Epilepsy,epilepsy,weighted,91,Temporal Pole Mid L,-1.063397597865537,0.9956004399560044,0.8751124887511249,0.9669814268573143,0.1248875112488751,118,False,10000,0.14106699751861043,0.07121588089330026,4
Epilepsy,epilepsy,weighted,93,Temporal Inf L,-0.8952328542615586,0.9956004399560044,0.7542245775422458,0.9669814268573143,0.2457754224577542,99,False,10000,0.32554086538461535,0.1451700139578163,6
Epilepsy,epilepsy,weighted,94,Temporal Inf R,-0.9922010527752594,0.9956004399560044,0.8886111388861114,0.9669814268573143,0.11138886111388857,125,False,10000,0.3018629807692308,0.05967548076923074,2
Epilepsy,epilepsy,weighted,95,Cerebellum Crus1 L,-2.512622842614097,0.9956004399560044,0.9603039696030397,0.96791780675947,0.03969603039696035,136,False,10000,0.05178931451612903,0.06405571495037221,6
Epilepsy,epilepsy,weighted,96,Cerebellum Crus1 R,-1.42228431079151,0.9956004399560044,0.9399060093990601,0.96791780675947,0.060093990600939895,132,False,10000,0.18623798076923076,0.024699519230769212,2
Epilepsy,epilepsy,weighted,97,Cerebellum Crus2 L,-2.3455535665240768,0.9956004399560044,0.9729027097290271,0.9729027097290271,0.02709729027097285,138,False,10000,0.07493796526054591,0.025209367245657574,6
Epilepsy,epilepsy,weighted,98,Cerebellum Crus2 R,-1.1123216133928486,0.9956004399560044,0.8356164383561644,0.9669814268573143,0.1643835616438356,112,False,10000,0.3075721153846154,0.1768028846153846,2
Epilepsy,epilepsy,weighted,101,Cerebellum 4 5 L,0.59698062041937,0.7594548237483945,0.29247075292470753,0.8072192780721928,0.7075292470752925,50,False,10000,0.6692307692307693,0.33424317617866,6
Epilepsy,epilepsy,weighted,102,Cerebellum 4 5 R,-1.2733246680941546,0.9956004399560044,0.9486051394860514,0.96791780675947,0.05139486051394859,133,False,10000,0.28503605769230766,0.23034855769230766,2
Epilepsy,epilepsy,weighted,103,Cerebellum 6 L,-1.243796807038855,0.9956004399560044,0.7449255074492551,0.9669814268573143,0.2550744925507449,95,False,10000,0.2923076923076923,0.10862476736972704,6
Epilepsy,epilepsy,weighted,104,Cerebellum 6 R,-1.5311356397629676,0.9956004399560044,0.9496050394960504,0.96791780675947,0.05039496050394965,134,False,10000,0.15606971153846155,0.13299278846153847,2
Epilepsy,epilepsy,weighted,105,Cerebellum 7b L,-1.7390245499208974,0.9956004399560044,0.8913108689131087,0.9669814268573143,0.10868913108689127,126,False,10000,0.12096774193548387,0.14213321960297767,6
Epilepsy,epilepsy,weighted,106,Cerebellum 7b R,-1.0981372267321068,0.9956004399560044,0.8799120087991201,0.9669814268573143,0.12008799120087987,120,False,10000,0.19459134615384616,0.10228365384615384,2
Epilepsy,epilepsy,weighted,107,Cerebellum 8 L,-1.5431529987237869,0.9956004399560044,0.8545145485451455,0.9669814268573143,0.14548545145485448,115,False,10000,0.24057071960297766,0.14720843672456577,6
Epilepsy,epilepsy,weighted,108,Cerebellum 8 R,-1.8324425265632367,0.9956004399560044,0.960903909609039,0.96791780675947,0.03909609039096096,137,False,10000,0.29056490384615385,0.017127403846153855,2
Epilepsy,epilepsy,weighted,109,Cerebellum 9 L,-1.1389186471387174,0.9956004399560044,0.8243175682431757,0.9669814268573143,0.1756824317568243,108,False,10000,0.14516129032258066,0.23286290322580644,5
Epilepsy,epilepsy,weighted,110,Cerebellum 9 R,-1.652801319399642,0.9956004399560044,0.8969103089691031,0.9669814268573143,0.10308969103089693,128,False,10000,0.15204326923076922,0.11358173076923075,2
Epilepsy,epilepsy,weighted,111,Cerebellum 10 L,-0.4338530790401138,0.9956004399560044,0.6524347565243476,0.9669814268573143,0.34756524347565243,86,False,10000,0.24615384615384617,0.41129032258064524,3
Epilepsy,epilepsy,weighted,118,Vermis 8,1.0422114043010577,0.7337799553377995,0.24297570242975702,0.7910270197470048,0.757024297570243,42,False,10000,0.96875,0.04230769230769238,3
Epilepsy,epilepsy,weighted,119,Vermis 9,1.3305553270661858,0.6930670569306706,0.14458554144585542,0.7493417324934173,0.8554144585541446,23,False,10000,0.9923076923076923,0.02115384615384608,4
Epilepsy,epilepsy,weighted,121,Thal AV L,0.5001674517924038,0.801323504013235,0.3190680931906809,0.8178146471067178,0.6809319068093191,52,False,10000,0.7846153846153847,0.04392059553349881,4
Epilepsy,epilepsy,weighted,122,Thal AV R,0.5807650658427967,0.7594548237483945,0.22327767223277672,0.7900594555929024,0.7767223277672233,39,False,10000,0.6381009615384615,0.31502403846153837,2
Epilepsy,epilepsy,weighted,125,Thal VA L,1.0917541145051761,0.7337799553377995,0.18398160183981602,0.7493417324934173,0.816018398160184,33,False,10000,0.6384615384615384,0.13641826923076927,5
Epilepsy,epilepsy,weighted,127,Thal VL L,1.3977180022155444,0.6411758824117588,0.15458454154584542,0.7493417324934173,0.8454154584541546,24,False,10000,0.7784778225806452,0.12608366935483883,6
Epilepsy,epilepsy,weighted,128,Thal VL R,0.872624123447262,0.7337799553377995,0.15898410158984103,0.7493417324934173,0.841015898410159,26,False,10000,0.5888822115384615,0.03419471153846154,2
Epilepsy,epilepsy,weighted,129,Thal VPL L,1.8619514360346658,0.6411758824117588,0.070992900709929,0.7493417324934173,0.929007099290071,11,False,10000,0.9215880893300248,0.19917319323821348,6
Epilepsy,epilepsy,weighted,130,Thal VPL R,0.9117682254104106,0.7337799553377995,0.1954804519548045,0.7493417324934173,0.8045195480451954,36,False,10000,0.7943509615384615,0.02872596153846163,2
Epilepsy,epilepsy,weighted,131,Thal IL L,1.76930992055107,0.6411758824117588,0.10128987101289871,0.7493417324934173,0.8987101289871013,18,False,10000,0.8923076923076924,0.0844254032258065,5
Epilepsy,epilepsy,weighted,135,Thal MDm L,0.7591246720592006,0.7337799553377995,0.2662733726627337,0.7910270197470048,0.7337266273372662,46,False,10000,0.43846153846153846,0.18787802419354838,3
Epilepsy,epilepsy,weighted,136,Thal MDm R,0.24374679902728982,0.9037034758062655,0.37846215378462156,0.8557370069444669,0.6215378462153784,61,False,10000,0.5096153846153846,0.2596153846153847,2
Epilepsy,epilepsy,weighted,137,Thal MDl L,1.3206585160916795,0.6550286147855802,0.17518248175182483,0.7493417324934173,0.8248175182481752,31,False,10000,0.8548387096774194,0.007692307692307776,3
Epilepsy,epilepsy,weighted,139,Thal LGN L,0.8895849020246832,0.7337799553377995,0.17328267173282672,0.7493417324934173,0.8267173282671733,30,False,10000,0.7741935483870968,0.4615384615384615,5
Epilepsy,epilepsy,weighted,140,Thal LGN R,1.5200849259190736,0.6411758824117588,0.040995900409959006,0.7493417324934173,0.959004099590041,6,False,10000,0.8249399038461538,0.0827524038461539,2
Epilepsy,epilepsy,weighted,141,Thal MGN L,0.30524795481114464,0.9037034758062655,0.37616238376162386,0.8557370069444669,0.6238376162383761,60,False,10000,0.573076923076923,0.3038461538461538,2
Epilepsy,epilepsy,weighted,143,Thal PuI L,0.9896718622897627,0.7337799553377995,0.16368363163683633,0.7493417324934173,0.8363163683631637,28,False,10000,0.9346153846153846,0.011538461538461497,2
Epilepsy,epilepsy,weighted,144,Thal PuI R,0.7751612563905207,0.7337799553377995,0.22037796220377961,0.7900594555929024,0.7796220377962204,38,False,10000,0.8524639423076923,0.03215144230769229,2
Epilepsy,epilepsy,weighted,145,Thal PuM L,1.3174681049164632,0.6550286147855802,0.1606839316068393,0.7493417324934173,0.8393160683931606,27,False,10000,0.8615384615384616,0.032506203473945394,5
Epilepsy,epilepsy,weighted,146,Thal PuM R,1.3858952121526993,0.6411758824117588,0.09449055094490551,0.7493417324934173,0.9055094490550945,14,False,10000,0.8644831730769231,0.018329326923076983,2
Epilepsy,epilepsy,weighted,147,Thal PuA L,0.6158138348740733,0.7594548237483945,0.3154684531546845,0.8178146471067178,0.6845315468453155,51,False,10000,0.7384615384615385,0.10930521091811418,3
Epilepsy,epilepsy,weighted,148,Thal PuA R,1.7583635457328546,0.6411758824117588,0.015198480151984802,0.562983701629837,0.9848015198480152,2,False,10000,0.8572115384615384,0.08028846153846148,2
Epilepsy,epilepsy,weighted,153,ACC pre L,-1.711889204161965,0.9956004399560044,0.8922107789221078,0.9669814268573143,0.10778922107789224,127,False,10000,0.015625,0.02456575682382134,3
Epilepsy,epilepsy,weighted,154,ACC pre R,-1.4184391898249196,0.9956004399560044,0.8287171282871713,0.9669814268573143,0.17128287171282874,110,False,10000,0.18948317307692308,0.056670673076923084,2
Epilepsy,epilepsy,weighted,155,ACC sup L,-0.8119441206378374,0.9956004399560044,0.7509249075092491,0.9669814268573143,0.24907509249075088,98,False,10000,0.09290865384615385,0.0827640353598015,6
Epilepsy,epilepsy,weighted,156,ACC sup R,-1.3939878545715274,0.9956004399560044,0.8827117288271172,0.9669814268573143,0.11728827117288276,123,False,10000,0.1821514423076923,0.002463942307692313,2
Epilepsy,epilepsy,weighted,157,N Acc L,-0.42618737658993777,0.9956004399560044,0.6677332266773323,0.9669814268573143,0.33226677332266774,88,False,10000,0.3548387096774194,0.12307692307692308,5
Epilepsy,epilepsy,weighted,158,N Acc R,-0.4196446528481388,0.9956004399560044,0.6447355264473552,0.9669814268573143,0.3552644735526448,84,False,10000,0.48695913461538465,0.31772836538461546,2
Epilepsy,epilepsy,weighted,161,SN pc L,0.5384406342735545,0.7852195912484224,0.27817218278172184,0.7910270197470048,0.7218278172182782,48,False,10000,0.5209173387096774,0.18220766129032262,2
Epilepsy,epilepsy,weighted,163,SN pr L,-0.435837699271529,0.9956004399560044,0.7265273472652735,0.9669814268573143,0.27347265273472654,92,False,10000,0.22580645161290322,0.2609375,5
Epilepsy,epilepsy,weighted,164,SN pr R,-1.0915709125086828,0.9956004399560044,0.5888411158884111,0.9669814268573143,0.41115888411158885,77,False,10000,0.1355769230769231,0.010576923076923067,2
Epilepsy,epilepsy,weighted,165,Red N L,0.23110418934188273,0.9037034758062655,0.4116588341165883,0.8876393610638935,0.5883411658834117,64,False,10000,0.4876201923076923,0.25703125000000004,4
Epilepsy,epilepsy,weighted,166,Red N R,-0.2442652729515591,0.9956004399560044,0.6207379262073792,0.9669814268573143,0.3792620737926208,83,False,10000,0.36424278846153846,0.012680288461538458,2
Epilepsy,epilepsy,weighted,167,LC L,1.001435540926578,0.7337799553377995,0.019698030196980302,0.562983701629837,0.9803019698030196,4,False,10000,0.6550480769230769,0.10378799627791568,4
Epilepsy,epilepsy,weighted,168,LC R,0.9354366223687848,0.7337799553377995,0.07029297070292971,0.7493417324934173,0.9297070292970703,10,False,10000,0.5706129807692308,0.10907451923076927,2
Epilepsy,epilepsy,weighted,169,Raphe D,1.326060321913459,0.6921097363947816,0.04689531046895311,0.7493417324934173,0.9531046895310469,7,False,10000,0.6650841346153846,0.2958533653846154,2
Epilepsy,epilepsy,weighted,170,Raphe M,0.13348085785396063,0.917416591674166,0.38446155384461556,0.8557370069444669,0.6155384461553844,62,False,10000,0.5692307692307692,0.30931490384615384,3
Migraine,migraine,broad,1,Precentral L,-2.0219081400134833,0.9947005299470053,0.9388061193880612,0.9769008061599856,0.061193880611938756,132,False,10000,0.3055889423076923,0.25427748914392057,6
Migraine,migraine,broad,2,Precentral R,-1.3700243983579117,0.9826513531852922,0.9084091590840916,0.9643112611815742,0.09159084091590841,130,False,10000,0.15084134615384615,0.04146634615384617,2
Migraine,migraine,broad,3,Frontal Sup 2 L,0.0005386617814518345,0.9826513531852922,0.4767523247675233,0.9549297038800056,0.5232476752324767,65,False,10000,0.4435483870967742,0.19323821339950376,6
Migraine,migraine,broad,4,Frontal Sup 2 R,1.9222324783668208,0.7106289371062894,0.0163983601639836,0.4525947405259474,0.9836016398360165,5,False,10000,0.5756610576923077,0.26027644230769226,2
Migraine,migraine,broad,5,Frontal Mid 2 L,-0.22792865876943136,0.9826513531852922,0.5612438756124387,0.9549297038800056,0.4387561243875613,75,False,10000,0.6068238213399504,0.39615384615384613,6
Migraine,migraine,broad,6,Frontal Mid 2 R,-0.48279566008974034,0.9826513531852922,0.6425357464253575,0.9549297038800056,0.3574642535746425,85,False,10000,0.4200721153846154,0.18930288461538464,2
Migraine,migraine,broad,7,Frontal Inf Oper L,-0.7224943927235682,0.9826513531852922,0.6824317568243176,0.9549297038800056,0.31756824317568244,91,False,10000,0.3709677419354839,0.23076923076923075,3
Migraine,migraine,broad,8,Frontal Inf Oper R,-1.1837888796532003,0.9826513531852922,0.8459154084591541,0.9549297038800056,0.15408459154084586,118,False,10000,0.15432692307692308,0.09182692307692308,2
Migraine,migraine,broad,9,Frontal Inf Tri L,-1.3099674958689207,0.9826513531852922,0.8572142785721428,0.9549297038800056,0.14278572142785717,121,False,10000,0.546514423076923,0.20880311724565764,6
Migraine,migraine,broad,10,Frontal Inf Tri R,-2.58596919064773,0.9947005299470053,0.9926007399260074,0.9926007399260074,0.007399260073992608,138,False,10000,0.27271634615384616,0.18040865384615387,2
Migraine,migraine,broad,11,Frontal Inf Orb 2 L,0.3469930233882652,0.9826513531852922,0.35106489351064896,0.9549297038800056,0.648935106489351,47,False,10000,0.7209134615384616,0.13340183002481387,6
Migraine,migraine,broad,12,Frontal Inf Orb 2 R,-0.5649039809853387,0.9826513531852922,0.7095290470952905,0.9549297038800056,0.2904709529047095,94,False,10000,0.6048677884615384,0.027944711538461453,2
Migraine,migraine,broad,13,Rolandic Oper L,-1.0682248188828092,0.9826513531852922,0.7741225877412259,0.9549297038800056,0.2258774122587741,103,False,10000,0.4609181141439206,0.3310794044665012,6
Migraine,migraine,broad,14,Rolandic Oper R,0.034725560982745776,0.9826513531852922,0.46025397460253975,0.9549297038800056,0.5397460253974602,62,False,10000,0.7746394230769231,0.07151442307692302,2
Migraine,migraine,broad,15,Supp Motor Area L,-1.4621185813483621,0.9826513531852922,0.8963103689631037,0.9622665640412702,0.10368963103689632,128,False,10000,0.13076923076923078,0.22741935483870968,6
Migraine,migraine,broad,16,Supp Motor Area R,-1.495477627230166,0.9826513531852922,0.9244075592440756,0.9738033830204765,0.07559244075592442,131,False,10000,0.13936298076923076,0.022175480769230788,2
Migraine,migraine,broad,17,Olfactory L,-0.7089143481719212,0.9826513531852922,0.7114288571142886,0.9549297038800056,0.2885711428857114,95,False,10000,0.2639423076923077,0.14920130272952853,4
Migraine,migraine,broad,18,Olfactory R,-1.2188183211195636,0.9826513531852922,0.8297170282971703,0.9549297038800056,0.1702829717028297,115,False,10000,0.1361778846153846,0.06694711538461537,2
Migraine,migraine,broad,19,Frontal Sup Medial L,1.0398827507535664,0.8246055394460554,0.17848215178482152,0.8796620337966203,0.8215178482151785,28,False,10000,0.7321339950372209,0.1088709677419355,6
Migraine,migraine,broad,20,Frontal Sup Medial R,1.73078915461315,0.7106289371062894,0.05319468053194681,0.8267673232676733,0.9468053194680532,8,False,10000,0.5806490384615385,0.40372596153846163,2
Migraine,migraine,broad,21,Frontal Med Orb L,0.8127282539987769,0.8518618726362658,0.24737526247375263,0.9226919413321826,0.7526247375262474,36,False,10000,0.7681141439205956,0.7142854373449131,6
Migraine,migraine,broad,22,Frontal Med Orb R,1.5258127302509847,0.7106289371062894,0.11788821117888211,0.8509149085091491,0.8821117888211178,18,False,10000,0.8457331730769231,0.09957932692307692,2
Migraine,migraine,broad,23,Rectus L,1.1912464280130055,0.8246055394460554,0.11648835116488351,0.8509149085091491,0.8835116488351165,17,False,10000,0.7865423387096775,0.3491605924317619,6
Migraine,migraine,broad,24,Rectus R,0.6370785110769536,0.926922307769223,0.26907309269073093,0.9521047895210479,0.730926907309269,39,False,10000,0.7758413461538461,0.08353365384615397,2
Migraine,migraine,broad,25,OFCmed L,0.0025146242621292736,0.9826513531852922,0.48395160483951605,0.9549297038800056,0.516048395160484,66,False,10000,0.6456575682382134,0.1635894851116625,6
Migraine,migraine,broad,26,OFCmed R,0.8946052106120465,0.8510632807686973,0.1461853814618538,0.8509149085091491,0.8538146185381462,23,False,10000,0.6915264423076923,0.20691105769230766,2
Migraine,migraine,broad,27,OFCant L,2.2809010852039844,0.49675032496750327,0.015198480151984802,0.4525947405259474,0.9848015198480152,4,False,10000,0.929652605459057,0.268036600496278,6
Migraine,migraine,broad,28,OFCant R,2.279916921575953,0.49675032496750327,0.013498650134986502,0.4525947405259474,0.9865013498650135,3,False,10000,0.7922475961538462,0.1999399038461539,2
Migraine,migraine,broad,29,OFCpost L,-0.5699489494614636,0.9826513531852922,0.6928307169283072,0.9549297038800056,0.3071692830716928,92,False,10000,0.2678660049627791,0.3584367245657568,6
Migraine,migraine,broad,30,OFCpost R,-1.0631415685820351,0.9826513531852922,0.8497150284971503,0.9549297038800056,0.1502849715028497,120,False,10000,0.5466346153846153,0.01586538461538456,2
Migraine,migraine,broad,31,OFClat L,-0.22494532766560446,0.9826513531852922,0.5556444355564444,0.9549297038800056,0.4443555644435556,74,False,10000,0.36923076923076925,0.2312034739454094,4
Migraine,migraine,broad,32,OFClat R,-0.7072471216036915,0.9826513531852922,0.7456254374562544,0.9549297038800056,0.2543745625437456,100,False,10000,0.7435697115384615,0.07950721153846163,2
Migraine,migraine,broad,33,Insula L,-0.8915268641030902,0.9826513531852922,0.7449255074492551,0.9549297038800056,0.2550744925507449,99,False,10000,0.5,0.23883374689826298,6
Migraine,migraine,broad,34,Insula R,-0.7059207722004315,0.9826513531852922,0.7250274972502749,0.9549297038800056,0.27497250274972507,96,False,10000,0.3454326923076923,0.06081730769230764,2
Migraine,migraine,broad,37,Cingulate Mid L,-0.856452986639937,0.9826513531852922,0.7631236876312368,0.9549297038800056,0.23687631236876316,101,False,10000,0.29375,0.36466346153846163,6
Migraine,migraine,broad,38,Cingulate Mid R,-1.0136937323553668,0.9826513531852922,0.7894210578942106,0.9549297038800056,0.21057894210578942,109,False,10000,0.20126201923076925,0.037199519230769224,2
Migraine,migraine,broad,39,Cingulate Post L,-0.6801982592230529,0.9826513531852922,0.7418258174182581,0.9549297038800056,0.25817418258174185,98,False,10000,0.532258064516129,0.18653846153846154,5
Migraine,migraine,broad,41,Hippocampus L,-0.44999440157949155,0.9826513531852922,0.6235376462353764,0.9549297038800056,0.37646235376462356,83,False,10000,0.36832932692307696,0.08466094137717117,6
Migraine,migraine,broad,42,Hippocampus R,-0.5308838278489857,0.9826513531852922,0.7052294770522948,0.9549297038800056,0.2947705229477052,93,False,10000,0.2680889423076923,0.08347355769230769,2
Migraine,migraine,broad,43,ParaHippocampal L,0.9372461064967502,0.8510632807686973,0.1857814218578142,0.8840633178061504,0.8142185781421858,29,False,10000,0.7596153846153846,0.07738833746898277,6
Migraine,migraine,broad,44,ParaHippocampal R,-0.10982962123014986,0.9826513531852922,0.5149485051494851,0.9549297038800056,0.4850514948505149,72,False,10000,0.5884615384615385,0.08846153846153837,2
Migraine,migraine,broad,45,Amygdala L,-0.9291827648786704,0.9826513531852922,0.7869213078692131,0.9549297038800056,0.2130786921307869,107,False,10000,0.7096774193548387,0.3846153846153846,5
Migraine,migraine,broad,46,Amygdala R,0.6123381413230932,0.926922307769223,0.23937606239376064,0.9226919413321826,0.7606239376062394,35,False,10000,0.30066105769230766,0.2852764423076923,2
Migraine,migraine,broad,47,Calcarine L,0.34536294000792406,0.9826513531852922,0.37236276372362764,0.9549297038800056,0.6276372362763724,49,False,10000,0.5999399038461539,0.39928563120347393,6
Migraine,migraine,broad,48,Calcarine R,1.5371625172106946,0.7106289371062894,0.08799120087991201,0.8509149085091491,0.912008799120088,14,False,10000,0.5651442307692307,0.09639423076923082,2
Migraine,migraine,broad,49,Cuneus L,0.23958821258884622,0.9826513531852922,0.3802619738026197,0.9549297038800056,0.6197380261973803,51,False,10000,0.671875,0.43052109181141446,5
Migraine,migraine,broad,51,Lingual L,-0.3150183819734525,0.9826513531852922,0.5800419958004199,0.9549297038800056,0.41995800419958007,76,False,10000,0.44122596153846155,0.41164508374689823,6
Migraine,migraine,broad,52,Lingual R,0.33851826930161716,0.9826513531852922,0.34106589341065896,0.9549297038800056,0.658934106589341,45,False,10000,0.5295072115384616,0.19356971153846148,2
Migraine,migraine,broad,53,Occipital Sup L,-1.393174328709894,0.9826513531852922,0.8788121187881212,0.9549297038800056,0.12118788121187885,127,False,10000,0.4943296370967742,0.2685416020471465,4
Migraine,migraine,broad,55,Occipital Mid L,1.1770606363604008,0.8246055394460554,0.1267873212678732,0.8509149085091491,0.8732126787321268,19,False,10000,0.7423076923076923,0.47131474875930524,6
Migraine,migraine,broad,56,Occipital Mid R,1.606430258928733,0.7106289371062894,0.0316968303169683,0.7290270972902709,0.9683031696830317,6,False,10000,0.6138221153846154,0.31694711538461534,2
Migraine,migraine,broad,57,Occipital Inf L,0.18261438100339825,0.9826513531852922,0.40905909409059094,0.9549297038800056,0.5909409059094091,58,False,10000,0.7482630272952854,0.16782917183622825,6
Migraine,migraine,broad,58,Occipital Inf R,-0.06827955154690565,0.9826513531852922,0.5018498150184981,0.9549297038800056,0.4981501849815019,70,False,10000,0.3936899038461538,0.21400240384615377,2
Migraine,migraine,broad,59,Fusiform L,-0.2871064812098347,0.9826513531852922,0.5814418558144185,0.9549297038800056,0.41855814418558146,78,False,10000,0.4033653846153846,0.3487050248138958,6
Migraine,migraine,broad,60,Fusiform R,-2.008033889127381,0.9947005299470053,0.9853014698530147,0.9926007399260074,0.0146985301469853,136,False,10000,0.14723557692307693,0.006610576923076927,2
Migraine,migraine,broad,61,Postcentral L,-1.2399724491292923,0.9826513531852922,0.8111188881111889,0.9549297038800056,0.18888111188881107,110,False,10000,0.43816105769230773,0.10295149658808933,6
Migraine,migraine,broad,62,Postcentral R,-1.227350533420794,0.9826513531852922,0.8309169083091691,0.9549297038800056,0.1690830916908309,116,False,10000,0.30865384615384617,0.18365384615384617,2
Migraine,migraine,broad,63,Parietal Sup L,-0.05253984889718184,0.9826513531852922,0.49395060493950604,0.9549297038800056,0.506049395060494,67,False,10000,0.5620793269230769,0.24177167338709682,6
Migraine,migraine,broad,64,Parietal Sup R,-0.9526375179139472,0.9826513531852922,0.7852214778522147,0.9549297038800056,0.21477852214778526,106,False,10000,0.042548076923076925,0.011298076923076925,2
Migraine,migraine,broad,65,Parietal Inf L,-1.1161614838220828,0.9826513531852922,0.8714128587141285,0.9549297038800056,0.12858714128587145,125,False,10000,0.5194711538461538,0.23423929900744422,6
Migraine,migraine,broad,66,Parietal Inf R,1.7354152047250282,0.7106289371062894,0.0673932606739326,0.8267673232676733,0.9326067393260674,10,False,10000,0.5673076923076923,0.3173076923076923,2
Migraine,migraine,broad,67,SupraMarginal L,-1.4292364886748512,0.9826513531852922,0.8689131086891311,0.9549297038800056,0.13108689131086892,124,False,10000,0.11195913461538462,0.2895539314516129,6
Migraine,migraine,broad,68,SupraMarginal R,-1.7427608676707307,0.9947005299470053,0.9577042295770423,0.9862924155345659,0.042295770422957735,134,False,10000,0.17728365384615385,0.13040865384615385,2
Migraine,migraine,broad,69,Angular L,0.24319886850921843,0.9826513531852922,0.38396160383961603,0.9549297038800056,0.6160383961603839,52,False,10000,0.6384615384615384,0.5731971153846154,5
Migraine,migraine,broad,70,Angular R,-0.8709640644517715,0.9826513531852922,0.7823217678232177,0.9549297038800056,0.21767823217678228,105,False,10000,0.19465144230769232,0.1100360576923077,2
Migraine,migraine,broad,71,Precuneus L,-1.0082475510192384,0.9826513531852922,0.8192180781921807,0.9549297038800056,0.18078192180781927,111,False,10000,0.359181141439206,0.465137445719603,6
Migraine,migraine,broad,72,Precuneus R,-0.0546989701807823,0.9826513531852922,0.49755024497550243,0.9549297038800056,0.5024497550244975,69,False,10000,0.14350961538461537,0.012740384615384598,2
Migraine,migraine,broad,73,Paracentral Lobule L,-2.4628312269905415,0.9947005299470053,0.9863013698630136,0.9926007399260074,0.013698630136986356,137,False,10000,0.18833746898263026,0.08122189050868489,6
Migraine,migraine,broad,74,Paracentral Lobule R,-1.452877309209165,0.9826513531852922,0.8995100489951005,0.9622665640412702,0.10048995100489955,129,False,10000,0.3161057692307692,0.2776442307692307,2
Migraine,migraine,broad,75,Caudate L,0.09443680671390693,0.9826513531852922,0.4400559944005599,0.9549297038800056,0.55994400559944,60,False,10000,0.6510817307692307,0.13792067307692313,6
Migraine,migraine,broad,76,Caudate R,0.31428986016607025,0.9826513531852922,0.35196480351964804,0.9549297038800056,0.6480351964803519,48,False,10000,0.6503004807692307,0.11123798076923075,2
Migraine,migraine,broad,77,Putamen L,-0.3725389440115018,0.9826513531852922,0.6001399860013998,0.9549297038800056,0.39986001399860016,80,False,10000,0.33316532258064513,0.11918812034739451,6
Migraine,migraine,broad,78,Putamen R,-0.6496951037096943,0.9826513531852922,0.6813318668133187,0.9549297038800056,0.3186681331866813,90,False,10000,0.31868990384615387,0.11099759615384613,2
Migraine,migraine,broad,79,Pallidum L,0.8787402301165608,0.8510632807686973,0.147985201479852,0.8509149085091491,0.852014798520148,24,False,10000,0.7911658653846154,0.15209658033498763,6
Migraine,migraine,broad,80,Pallidum R,0.4259905788817588,0.9826513531852922,0.34866513348665135,0.9549297038800056,0.6513348665133487,46,False,10000,0.8448317307692308,0.016706730769230793,2
Migraine,migraine,broad,83,Heschl L,-0.038734015867321135,0.9826513531852922,0.49655034496550343,0.9549297038800056,0.5034496550344966,68,False,10000,0.6451612903225806,0.433498759305211,5
Migraine,migraine,broad,84,Heschl R,1.0677460630634268,0.8246055394460554,0.15908409159084091,0.8636914086369141,0.8409159084091591,25,False,10000,0.7839543269230769,0.13010817307692302,2
Migraine,migraine,broad,85,Temporal Sup L,-1.14657801465733,0.9826513531852922,0.8274172582741726,0.9549297038800056,0.17258274172582744,113,False,10000,0.34488407258064513,0.1522187112282879,6
Migraine,migraine,broad,86,Temporal Sup R,-1.2133698178826144,0.9826513531852922,0.8277172282771723,0.9549297038800056,0.1722827717228277,114,False,10000,0.19861778846153846,0.12169471153846151,2
Migraine,migraine,broad,87,Temporal Pole Sup L,-0.4192012220955555,0.9826513531852922,0.6238376162383762,0.9549297038800056,0.3761623837616238,84,False,10000,0.4192307692307692,0.4008413461538462,6
Migraine,migraine,broad,88,Temporal Pole Sup R,0.2925096367739587,0.9826513531852922,0.37376262373762625,0.9549297038800056,0.6262373762623737,50,False,10000,0.6496995192307693,0.3112379807692308,2
Migraine,migraine,broad,89,Temporal Mid L,-0.33149140212896794,0.9826513531852922,0.6107389261073892,0.9549297038800056,0.3892610738926108,81,False,10000,0.2990074441687345,0.1400094990694789,6
Migraine,migraine,broad,90,Temporal Mid R,-1.1995479405991942,0.9826513531852922,0.8643135686431357,0.9549297038800056,0.1356864313568643,122,False,10000,0.2633413461538462,0.028966346153846134,2
Migraine,migraine,broad,91,Temporal Pole Mid L,-0.5321334396813517,0.9826513531852922,0.6772322767723228,0.9549297038800056,0.3227677232276772,89,False,10000,0.6048387096774194,0.35998759305210926,4
Migraine,migraine,broad,93,Temporal Inf L,0.08405365352386661,0.9826513531852922,0.44185581441855815,0.9549297038800056,0.5581441855814419,61,False,10000,0.3307692307692308,0.1374777062655087,6
Migraine,migraine,broad,94,Temporal Inf R,0.36466562652236933,0.9826513531852922,0.3184681531846815,0.9549297038800056,0.6815318468153184,43,False,10000,0.3252403846153846,0.043990384615384626,2
Migraine,migraine,broad,95,Cerebellum Crus1 L,0.31653335510546865,0.9826513531852922,0.3875612438756124,0.9549297038800056,0.6124387561243876,54,False,10000,0.20409429280397023,0.344108638337469,6
Migraine,migraine,broad,96,Cerebellum Crus1 R,-0.4777942114788332,0.9826513531852922,0.6677332266773323,0.9549297038800056,0.33226677332266774,87,False,10000,0.6840144230769231,0.26213942307692295,2
Migraine,migraine,broad,97,Cerebellum Crus2 L,-0.9120476397829957,0.9826513531852922,0.7876212378762124,0.9549297038800056,0.2123787621237876,108,False,10000,0.27692307692307694,0.22739899968982624,6
Migraine,migraine,broad,98,Cerebellum Crus2 R,-0.823174192928613,0.9826513531852922,0.7711228877112288,0.9549297038800056,0.22887711228877117,102,False,10000,0.6655048076923077,0.1498798076923078,2
Migraine,migraine,broad,101,Cerebellum 4 5 L,0.28346764692510795,0.9826513531852922,0.38546145385461456,0.9549297038800056,0.6145385461453854,53,False,10000,0.8301488833746897,0.331575682382134,6
Migraine,migraine,broad,102,Cerebellum 4 5 R,0.0138014089135421,0.9826513531852922,0.46525347465253475,0.9549297038800056,0.5347465253474653,63,False,10000,0.7268028846153847,0.24242788461538456,2
Migraine,migraine,broad,103,Cerebellum 6 L,0.996639466402921,0.8470229900086914,0.22967703229677033,0.9226919413321826,0.7703229677032297,34,False,10000,0.6387096774193548,0.2178175403225806,6
Migraine,migraine,broad,104,Cerebellum 6 R,-0.2757127456954802,0.9826513531852922,0.5807419258074192,0.9549297038800056,0.41925807419258077,77,False,10000,0.40186298076923077,0.3403245192307692,2
Migraine,migraine,broad,105,Cerebellum 7b L,-2.218772998861711,0.9947005299470053,0.9735026497350265,0.9926007399260074,0.026497350264973463,135,False,10000,0.1935483870967742,0.3103598014888338,6
Migraine,migraine,broad,106,Cerebellum 7b R,-0.36201623880917005,0.9826513531852922,0.6194380561943805,0.9549297038800056,0.3805619438056195,82,False,10000,0.4928485576923077,0.42253605769230773,2
Migraine,migraine,broad,107,Cerebellum 8 L,-1.2935999011932835,0.9826513531852922,0.8489151084891511,0.9549297038800056,0.15108489151084892,119,False,10000,0.4224158653846154,0.43482184398263024,6
Migraine,migraine,broad,108,Cerebellum 8 R,3.3324832214578115,0.055194480551944806,0.0018998100189981002,0.26217378262173785,0.9981001899810019,1,False,10000,0.5862379807692308,0.3753004807692307,2
Migraine,migraine,broad,109,Cerebellum 9 L,-0.7687313037258252,0.9826513531852922,0.7338266173382662,0.9549297038800056,0.26617338266173385,97,False,10000,0.20967741935483872,0.17259615384615384,5
Migraine,migraine,broad,110,Cerebellum 9 R,-1.1308105913687687,0.9826513531852922,0.8251174882511749,0.9549297038800056,0.17488251174882508,112,False,10000,0.31736778846153846,0.05955528846153846,2
Migraine,migraine,broad,111,Cerebellum 10 L,-1.7702819709293334,0.9947005299470053,0.9415058494150585,0.9769008061599856,0.05849415058494145,133,False,10000,0.6,0.4435483870967742,3
Migraine,migraine,broad,118,Vermis 8,1.4458523006023418,0.8077499942313461,0.14358564143585642,0.8509149085091491,0.8564143585641436,22,False,10000,0.8671875,0.26538461538461533,3
Migraine,migraine,broad,119,Vermis 9,1.1154827379358532,0.8246055394460554,0.1404859514048595,0.8509149085091491,0.8595140485951405,21,False,10000,0.7234975961538461,0.45321514423076925,4
Migraine,migraine,broad,121,Thal AV L,1.7430952726972768,0.7106289371062894,0.059494050594940506,0.8267673232676733,0.9405059494050595,9,False,10000,0.8884615384615384,0.12847394540942936,4
Migraine,migraine,broad,122,Thal AV R,1.6579486395199872,0.7106289371062894,0.010298970102989701,0.4525947405259474,0.9897010298970103,2,False,10000,0.645673076923077,0.2918269230769231,2
Migraine,migraine,broad,125,Thal VA L,-0.37097542731017763,0.9826513531852922,0.5999400059994,0.9549297038800056,0.4000599940006,79,False,10000,0.7419354838709677,0.11538461538461542,5
Migraine,migraine,broad,127,Thal VL L,1.1393624681759673,0.8246055394460554,0.16898310168983102,0.8636914086369141,0.831016898310169,27,False,10000,0.7297766749379653,0.2982921060794044,6
Migraine,migraine,broad,128,Thal VL R,-0.8421102268333308,0.9826513531852922,0.781021897810219,0.9549297038800056,0.21897810218978098,104,False,10000,0.44098557692307694,0.11286057692307694,2
Migraine,migraine,broad,129,Thal VPL L,-0.5464103815832889,0.9826513531852922,0.6735326467353264,0.9549297038800056,0.3264673532646736,88,False,10000,0.6048387096774194,0.2281104606079405,6
Migraine,migraine,broad,130,Thal VPL R,-0.3769011560701707,0.9826513531852922,0.6443355664433557,0.9549297038800056,0.35566443355664434,86,False,10000,0.7516225961538461,0.04068509615384619,2
Migraine,migraine,broad,131,Thal IL L,1.2891319853988663,0.8246055394460554,0.11048895110488952,0.8509149085091491,0.8895110488951105,16,False,10000,0.9692307692307692,0.015120967741935498,5
Migraine,migraine,broad,135,Thal MDm L,1.6787280727176297,0.7106289371062894,0.07029297070292971,0.8267673232676733,0.9297070292970703,11,False,10000,0.24193548387096775,0.34381009615384617,3
Migraine,migraine,broad,136,Thal MDm R,0.5491714254155023,0.9662399613697167,0.3123687631236876,0.9549297038800056,0.6876312368763124,41,False,10000,0.4588341346153846,0.18960336538461536,2
Migraine,migraine,broad,137,Thal MDl L,0.8042366574793003,0.8518618726362658,0.24847515248475152,0.9226919413321826,0.7515248475152485,37,False,10000,0.45161290322580644,0.2692307692307693,3
Migraine,migraine,broad,139,Thal LGN L,-1.2514579417903153,0.9826513531852922,0.8727127287271272,0.9549297038800056,0.12728727127287276,126,False,10000,0.4765625,0.3806451612903226,5
Migraine,migraine,broad,140,Thal LGN R,-1.3302656805362685,0.9826513531852922,0.8678132186781322,0.9549297038800056,0.13218678132186779,123,False,10000,0.7713341346153846,0.0021033653846153078,2
Migraine,migraine,broad,141,Thal MGN L,0.8792662649448971,0.8510632807686973,0.2151784821517848,0.9226919413321826,0.7848215178482152,31,False,10000,0.7769230769230769,0.16153846153846163,2
Migraine,migraine,broad,143,Thal PuI L,0.1977995766653718,0.9826513531852922,0.40275972402759724,0.9549297038800056,0.5972402759724027,56,False,10000,0.8153846153846154,0.18461538461538463,2
Migraine,migraine,broad,144,Thal PuI R,0.13676608363302528,0.9826513531852922,0.40455954404559547,0.9549297038800056,0.5954404559544045,57,False,10000,0.7500600961538462,0.24224759615384617,2
Migraine,migraine,broad,145,Thal PuM L,1.2944239658789578,0.8246055394460554,0.1024897510248975,0.8509149085091491,0.8975102489751025,15,False,10000,0.8,0.18163771712158805,5
Migraine,migraine,broad,146,Thal PuM R,1.0631882273772781,0.8246055394460554,0.07889211078892111,0.8374700991439318,0.9211078892110789,13,False,10000,0.52265625,0.07734374999999993,2
Migraine,migraine,broad,147,Thal PuA L,0.9378750971059963,0.8510632807686973,0.1655834416558344,0.8636914086369141,0.8344165583441656,26,False,10000,0.9538461538461539,0.03337468982630276,3
Migraine,migraine,broad,148,Thal PuA R,0.22613652696663566,0.9826513531852922,0.39316068393160686,0.9549297038800056,0.6068393160683931,55,False,10000,0.5629206730769231,0.11676682692307694,2
Migraine,migraine,broad,153,ACC pre L,0.710100074523989,0.9087924540879245,0.25407459254074594,0.9226919413321826,0.7459254074592541,38,False,10000,0.2153846153846154,0.4518649193548387,3
Migraine,migraine,broad,154,ACC pre R,0.43385250985683044,0.9826513531852922,0.33556644335566443,0.9549297038800056,0.6644335566443356,44,False,10000,0.7876201923076923,0.1030048076923078,2
Migraine,migraine,broad,155,ACC sup L,1.1747815044441194,0.8246055394460554,0.13138686131386862,0.8509149085091491,0.8686131386861313,20,False,10000,0.5632560483870968,0.07089601426799008,6
Migraine,migraine,broad,156,ACC sup R,-0.054769288695498054,0.9826513531852922,0.5024497550244975,0.9549297038800056,0.4975502449755025,71,False,10000,0.7522235576923078,0.03683894230769236,2
Migraine,migraine,broad,157,N Acc L,0.6214063247703125,0.926922307769223,0.3023697630236976,0.9549297038800056,0.6976302369763023,40,False,10000,0.7538461538461538,0.23076923076923073,5
Migraine,migraine,broad,158,N Acc R,0.8065407233519276,0.8518618726362658,0.22077792220777923,0.9226919413321826,0.7792220777922207,33,False,10000,0.5906850961538461,0.30162259615384623,2
Migraine,migraine,broad,161,SN pc L,0.768738779446215,0.8641878669275929,0.21727827217278273,0.9226919413321826,0.7827217278272173,32,False,10000,0.8336693548387097,0.02116935483870963,2
Migraine,migraine,broad,163,SN pr L,-0.1173338016190454,0.9826513531852922,0.5201479852014799,0.9549297038800056,0.47985201479852013,73,False,10000,0.3984375,0.5821339950372209,5
Migraine,migraine,broad,164,SN pr R,1.0773713159448544,0.8246055394460554,0.07189281071892811,0.8267673232676733,0.9281071892810719,12,False,10000,0.3683894230769231,0.022235576923076983,2
Migraine,migraine,broad,165,Red N L,0.022394397564444352,0.9826513531852922,0.4707529247075293,0.9549297038800056,0.5292470752924707,64,False,10000,0.6847956730769231,0.44396033653846156,4
Migraine,migraine,broad,166,Red N R,1.3289930702262083,0.8246055394460554,0.0443955604439556,0.8267673232676733,0.9556044395560443,7,False,10000,0.8990384615384616,0.024038461538461453,2
Migraine,migraine,broad,167,LC L,-1.0251871274568938,0.9826513531852922,0.8384161583841616,0.9549297038800056,0.16158384161583839,117,False,10000,0.23523573200992556,0.14299976736972708,4
Migraine,migraine,broad,168,LC R,0.0761617065325167,0.9826513531852922,0.43555644435556445,0.9549297038800056,0.5644435556444356,59,False,10000,0.06953125,0.03046875000000001,2
Migraine,migraine,broad,169,Raphe D,0.4227723489252899,0.9826513531852922,0.3163683631636836,0.9549297038800056,0.6836316368363164,42,False,10000,0.4567908653846154,0.42602163461538456,2
Migraine,migraine,broad,170,Raphe M,0.6535067364927986,0.926922307769223,0.20207979202079793,0.9226919413321826,0.797920207979202,30,False,10000,0.25384615384615383,0.1646033653846154,3
Migraine,migraine,stringent,1,Precentral L,-1.494924179244383,0.998000199980002,0.8375162483751625,0.9894422322473635,0.16248375162483752,116,False,10000,0.3055889423076923,0.25427748914392057,6
Migraine,migraine,stringent,2,Precentral R,-2.019251886042314,0.998000199980002,0.9587041295870413,0.9991000899910009,0.04129587041295868,128,False,10000,0.15084134615384615,0.04146634615384617,2
Migraine,migraine,stringent,3,Frontal Sup 2 L,0.7783240806453264,0.7582823113037533,0.23727627237276272,0.8069193080691931,0.7627237276272373,38,False,10000,0.4435483870967742,0.19323821339950376,6
Migraine,migraine,stringent,4,Frontal Sup 2 R,2.1209152523507036,0.6950147090554103,0.012998700129987,0.6968303169683031,0.987001299870013,1,False,10000,0.5756610576923077,0.26027644230769226,2
Migraine,migraine,stringent,5,Frontal Mid 2 L,0.39665946048811324,0.8629286325098833,0.37876212378762125,0.829976703822155,0.6212378762123787,55,False,10000,0.6068238213399504,0.39615384615384613,6
Migraine,migraine,stringent,6,Frontal Mid 2 R,0.4401340368013238,0.8629286325098833,0.34326567343265674,0.829976703822155,0.6567343265673433,51,False,10000,0.4200721153846154,0.18930288461538464,2
Migraine,migraine,stringent,7,Frontal Inf Oper L,-0.017399030092887773,0.9498970102989702,0.49325067493250674,0.9263473652634737,0.5067493250674933,73,False,10000,0.3709677419354839,0.23076923076923075,3
Migraine,migraine,stringent,8,Frontal Inf Oper R,0.3825795322771371,0.8629286325098833,0.35896410358964104,0.829976703822155,0.641035896410359,53,False,10000,0.15432692307692308,0.09182692307692308,2
Migraine,migraine,stringent,9,Frontal Inf Tri L,-0.2722415440583559,0.998000199980002,0.5756424357564244,0.9807241498072414,0.4243575642435756,81,False,10000,0.546514423076923,0.20880311724565764,6
Migraine,migraine,stringent,10,Frontal Inf Tri R,-1.6880242665909828,0.998000199980002,0.9526047395260474,0.9991000899910009,0.047395260473952594,127,False,10000,0.27271634615384616,0.18040865384615387,2
Migraine,migraine,stringent,11,Frontal Inf Orb 2 L,1.733598769044648,0.6950147090554103,0.07849215078492151,0.6968303169683031,0.9215078492150784,7,False,10000,0.7209134615384616,0.13340183002481387,6
Migraine,migraine,stringent,12,Frontal Inf Orb 2 R,0.2155307907866469,0.8629286325098833,0.4022597740225977,0.829976703822155,0.5977402259774023,66,False,10000,0.6048677884615384,0.027944711538461453,2
Migraine,migraine,stringent,13,Rolandic Oper L,-1.2681565094879674,0.998000199980002,0.7891210878912108,0.9894422322473635,0.21087891210878917,105,False,10000,0.4609181141439206,0.3310794044665012,6
Migraine,migraine,stringent,14,Rolandic Oper R,0.29934163506980654,0.8629286325098833,0.38706129387061294,0.829976703822155,0.6129387061293871,60,False,10000,0.7746394230769231,0.07151442307692302,2
Migraine,migraine,stringent,15,Supp Motor Area L,-0.6652115240585488,0.998000199980002,0.7150284971502849,0.9894422322473635,0.28497150284971506,94,False,10000,0.13076923076923078,0.22741935483870968,6
Migraine,migraine,stringent,16,Supp Motor Area R,-2.328418288307252,0.998000199980002,0.9814018598140186,0.9991000899910009,0.018598140185981382,133,False,10000,0.13936298076923076,0.022175480769230788,2
Migraine,migraine,stringent,17,Olfactory L,-0.03852848143523942,0.9498970102989702,0.5011498850114988,0.9263473652634737,0.4988501149885012,74,False,10000,0.2639423076923077,0.14920130272952853,4
Migraine,migraine,stringent,18,Olfactory R,-0.24700329575766125,0.998000199980002,0.5597440255974403,0.9777807029423641,0.4402559744025597,79,False,10000,0.1361778846153846,0.06694711538461537,2
Migraine,migraine,stringent,19,Frontal Sup Medial L,1.032086322054074,0.7408431570636039,0.20477952204779523,0.8069193080691931,0.7952204779522047,34,False,10000,0.7321339950372209,0.1088709677419355,6
Migraine,migraine,stringent,20,Frontal Sup Medial R,1.3050461533291124,0.6950147090554103,0.12638736126387362,0.6968303169683031,0.8736126387361264,24,False,10000,0.5806490384615385,0.40372596153846163,2
Migraine,migraine,stringent,21,Frontal Med Orb L,0.922723124730779,0.7582823113037533,0.25437456254374563,0.8069193080691931,0.7456254374562543,40,False,10000,0.7681141439205956,0.7142854373449131,6
Migraine,migraine,stringent,22,Frontal Med Orb R,1.4731355665177743,0.6950147090554103,0.15848415158484153,0.7619425557444256,0.8415158484151585,28,False,10000,0.8457331730769231,0.09957932692307692,2
Migraine,migraine,stringent,23,Rectus L,1.3257642289043348,0.6950147090554103,0.12488751124887511,0.6968303169683031,0.8751124887511249,22,False,10000,0.7865423387096775,0.3491605924317619,6
Migraine,migraine,stringent,24,Rectus R,1.0264195097592508,0.7408431570636039,0.18888111188881113,0.7898664678986647,0.8111188881111888,33,False,10000,0.7758413461538461,0.08353365384615397,2
Migraine,migraine,stringent,25,OFCmed L,0.26446444487103654,0.8629286325098833,0.3872612738726127,0.829976703822155,0.6127387261273873,61,False,10000,0.6456575682382134,0.1635894851116625,6
Migraine,migraine,stringent,26,OFCmed R,0.6251053913539126,0.7902584741525849,0.2556744325567443,0.8069193080691931,0.7443255674432556,42,False,10000,0.6915264423076923,0.20691105769230766,2
Migraine,migraine,stringent,27,OFCant L,2.0338111549570366,0.6950147090554103,0.044795520447955206,0.6968303169683031,0.9552044795520448,3,False,10000,0.929652605459057,0.268036600496278,6
Migraine,migraine,stringent,28,OFCant R,1.654611701287491,0.6950147090554103,0.050294970502949704,0.6968303169683031,0.9497050294970503,5,False,10000,0.7922475961538462,0.1999399038461539,2
Migraine,migraine,stringent,29,OFCpost L,-0.3784790622725029,0.998000199980002,0.6240375962403759,0.9857486161496211,0.3759624037596241,86,False,10000,0.2678660049627791,0.3584367245657568,6
Migraine,migraine,stringent,30,OFCpost R,-0.3052637453378915,0.998000199980002,0.5908409159084091,0.9823620047633791,0.40915908409159085,83,False,10000,0.5466346153846153,0.01586538461538456,2
Migraine,migraine,stringent,31,OFClat L,0.06764147279114913,0.9459054094590541,0.4560543945605439,0.9121087891210878,0.543945605439456,69,False,10000,0.36923076923076925,0.2312034739454094,4
Migraine,migraine,stringent,32,OFClat R,1.2991628580636756,0.6950147090554103,0.0846915308469153,0.6968303169683031,0.9153084691530847,8,False,10000,0.7435697115384615,0.07950721153846163,2
Migraine,migraine,stringent,33,Insula L,-0.9202229192061552,0.998000199980002,0.7365263473652635,0.9894422322473635,0.26347365263473654,96,False,10000,0.5,0.23883374689826298,6
Migraine,migraine,stringent,34,Insula R,-0.6242602130424204,0.998000199980002,0.7048295170482952,0.9894422322473635,0.2951704829517048,92,False,10000,0.3454326923076923,0.06081730769230764,2
Migraine,migraine,stringent,37,Cingulate Mid L,-0.6319344455958601,0.998000199980002,0.7087291270872913,0.9894422322473635,0.2912708729127087,93,False,10000,0.29375,0.36466346153846163,6
Migraine,migraine,stringent,38,Cingulate Mid R,-1.0431642939135266,0.998000199980002,0.811918808119188,0.9894422322473635,0.18808119188081196,111,False,10000,0.20126201923076925,0.037199519230769224,2
Migraine,migraine,stringent,39,Cingulate Post L,-0.9131081835508014,0.998000199980002,0.7876212378762124,0.9894422322473635,0.2123787621237876,103,False,10000,0.532258064516129,0.18653846153846154,5
Migraine,migraine,stringent,41,Hippocampus L,0.7889165756144682,0.7582823113037533,0.2605739426057394,0.8069193080691931,0.7394260573942606,43,False,10000,0.36832932692307696,0.08466094137717117,6
Migraine,migraine,stringent,42,Hippocampus R,0.1981160711618969,0.8629286325098833,0.39836016398360163,0.829976703822155,0.6016398360163984,63,False,10000,0.2680889423076923,0.08347355769230769,2
Migraine,migraine,stringent,43,ParaHippocampal L,1.0842237495029232,0.7408431570636039,0.17298270172982702,0.7619425557444256,0.827017298270173,30,False,10000,0.7596153846153846,0.07738833746898277,6
Migraine,migraine,stringent,44,ParaHippocampal R,-0.006431458927890265,0.9498970102989702,0.48975102489751027,0.9263473652634737,0.5102489751024897,72,False,10000,0.5884615384615385,0.08846153846153837,2
Migraine,migraine,stringent,45,Amygdala L,-0.05764538186320587,0.9498970102989702,0.5034496550344966,0.9263473652634737,0.49655034496550343,75,False,10000,0.7096774193548387,0.3846153846153846,5
Migraine,migraine,stringent,46,Amygdala R,-0.9356419156177571,0.998000199980002,0.7897210278972103,0.9894422322473635,0.21027897210278967,106,False,10000,0.30066105769230766,0.2852764423076923,2
Migraine,migraine,stringent,47,Calcarine L,0.8812935362928224,0.7582823113037533,0.23757624237576241,0.8069193080691931,0.7624237576242376,39,False,10000,0.5999399038461539,0.39928563120347393,6
Migraine,migraine,stringent,48,Calcarine R,1.4253519562560146,0.6950147090554103,0.08589141085891411,0.6968303169683031,0.9141085891410858,9,False,10000,0.5651442307692307,0.09639423076923082,2
Migraine,migraine,stringent,49,Cuneus L,0.23905924596288092,0.8629286325098833,0.39916008399160086,0.829976703822155,0.6008399160083991,64,False,10000,0.671875,0.43052109181141446,5
Migraine,migraine,stringent,51,Lingual L,0.7693252750075571,0.7582823113037533,0.2770722927707229,0.8135314128161651,0.722927707229277,47,False,10000,0.44122596153846155,0.41164508374689823,6
Migraine,migraine,stringent,52,Lingual R,1.4920026196014602,0.6950147090554103,0.07829217078292171,0.6968303169683031,0.9217078292170783,6,False,10000,0.5295072115384616,0.19356971153846148,2
Migraine,migraine,stringent,53,Occipital Sup L,-1.4900172129544131,0.998000199980002,0.8722127787221278,0.9991000899910009,0.12778722127787223,120,False,10000,0.4943296370967742,0.2685416020471465,4
Migraine,migraine,stringent,55,Occipital Mid L,0.403408485274605,0.8629286325098833,0.35156484351564843,0.829976703822155,0.6484351564843516,52,False,10000,0.7423076923076923,0.47131474875930524,6
Migraine,migraine,stringent,56,Occipital Mid R,0.6048479774418547,0.7902584741525849,0.26777322267773224,0.8069193080691931,0.7322267773222677,45,False,10000,0.6138221153846154,0.31694711538461534,2
Migraine,migraine,stringent,57,Occipital Inf L,0.3203862849258183,0.8629286325098833,0.37906209379062095,0.829976703822155,0.620937906209379,56,False,10000,0.7482630272952854,0.16782917183622825,6
Migraine,migraine,stringent,58,Occipital Inf R,-0.8737698684434447,0.998000199980002,0.7877212278772123,0.9894422322473635,0.21227877212278767,104,False,10000,0.3936899038461538,0.21400240384615377,2
Migraine,migraine,stringent,59,Fusiform L,-0.9461178121695807,0.998000199980002,0.7474252574742526,0.9894422322473635,0.2525747425257474,98,False,10000,0.4033653846153846,0.3487050248138958,6
Migraine,migraine,stringent,60,Fusiform R,-1.8094597209972658,0.998000199980002,0.9604039596040396,0.9991000899910009,0.03959604039596043,129,False,10000,0.14723557692307693,0.006610576923076927,2
Migraine,migraine,stringent,61,Postcentral L,-0.9868568870428976,0.998000199980002,0.7275272472752725,0.9894422322473635,0.2724727527247275,95,False,10000,0.43816105769230773,0.10295149658808933,6
Migraine,migraine,stringent,62,Postcentral R,-1.2195167327260406,0.998000199980002,0.8351164883511649,0.9894422322473635,0.16488351164883508,114,False,10000,0.30865384615384617,0.18365384615384617,2
Migraine,migraine,stringent,63,Parietal Sup L,-0.486947176201853,0.998000199980002,0.6357364263573643,0.9857486161496211,0.36426357364263573,89,False,10000,0.5620793269230769,0.24177167338709682,6
Migraine,migraine,stringent,64,Parietal Sup R,-2.282377763981943,0.998000199980002,0.9498050194980502,0.9991000899910009,0.050194980501949815,126,False,10000,0.042548076923076925,0.011298076923076925,2
Migraine,migraine,stringent,65,Parietal Inf L,-1.4797141792126365,0.998000199980002,0.9077092290770923,0.9991000899910009,0.09229077092290772,123,False,10000,0.5194711538461538,0.23423929900744422,6
Migraine,migraine,stringent,66,Parietal Inf R,1.7036803565398237,0.6950147090554103,0.1222877712228777,0.6968303169683031,0.8777122287771223,20,False,10000,0.5673076923076923,0.3173076923076923,2
Migraine,migraine,stringent,67,SupraMarginal L,-2.4806714521746036,0.998000199980002,0.9724027597240276,0.9991000899910009,0.027597240275972434,131,False,10000,0.11195913461538462,0.2895539314516129,6
Migraine,migraine,stringent,68,SupraMarginal R,-2.219511837387609,0.998000199980002,0.9697030296970303,0.9991000899910009,0.03029697030296974,130,False,10000,0.17728365384615385,0.13040865384615385,2
Migraine,migraine,stringent,69,Angular L,-0.8364788592123031,0.998000199980002,0.76002399760024,0.9894422322473635,0.23997600239976002,101,False,10000,0.6384615384615384,0.5731971153846154,5
Migraine,migraine,stringent,70,Angular R,-0.3880827871273942,0.998000199980002,0.6079392060793921,0.9857486161496211,0.3920607939206079,85,False,10000,0.19465144230769232,0.1100360576923077,2
Migraine,migraine,stringent,71,Precuneus L,-1.2057476918476442,0.998000199980002,0.8278172182781722,0.9894422322473635,0.17218278172182777,113,False,10000,0.359181141439206,0.465137445719603,6
Migraine,migraine,stringent,72,Precuneus R,-1.1102334227100947,0.998000199980002,0.8105189481051894,0.9894422322473635,0.18948105189481057,109,False,10000,0.14350961538461537,0.012740384615384598,2
Migraine,migraine,stringent,73,Paracentral Lobule L,-1.8015369463358377,0.998000199980002,0.9056094390560944,0.9991000899910009,0.09439056094390563,122,False,10000,0.18833746898263026,0.08122189050868489,6
Migraine,migraine,stringent,74,Paracentral Lobule R,-1.7060322132222534,0.998000199980002,0.9152084791520848,0.9991000899910009,0.08479152084791519,124,False,10000,0.3161057692307692,0.2776442307692307,2
Migraine,migraine,stringent,75,Caudate L,0.622658310033422,0.7902584741525849,0.26317368263173685,0.8069193080691931,0.7368263173682632,44,False,10000,0.6510817307692307,0.13792067307692313,6
Migraine,migraine,stringent,76,Caudate R,0.7134218467605629,0.7582823113037533,0.268973102689731,0.8069193080691931,0.7310268973102689,46,False,10000,0.6503004807692307,0.11123798076923075,2
Migraine,migraine,stringent,77,Putamen L,-0.40513139814367866,0.998000199980002,0.6243375662433757,0.9857486161496211,0.37566243375662434,87,False,10000,0.33316532258064513,0.11918812034739451,6
Migraine,migraine,stringent,78,Putamen R,-1.2112772594899095,0.998000199980002,0.8515148485151485,0.9894422322473635,0.14848515148485153,118,False,10000,0.31868990384615387,0.11099759615384613,2
Migraine,migraine,stringent,79,Pallidum L,0.6512741387356941,0.7902584741525849,0.25537446255374463,0.8069193080691931,0.7446255374462554,41,False,10000,0.7911658653846154,0.15209658033498763,6
Migraine,migraine,stringent,80,Pallidum R,0.2967166463066164,0.8629286325098833,0.37946205379462056,0.829976703822155,0.6205379462053795,57,False,10000,0.8448317307692308,0.016706730769230793,2
Migraine,migraine,stringent,83,Heschl L,0.270369071964011,0.8629286325098833,0.40115988401159886,0.829976703822155,0.5988401159884011,65,False,10000,0.6451612903225806,0.433498759305211,5
Migraine,migraine,stringent,84,Heschl R,1.3842459443554684,0.6950147090554103,0.10848915108489152,0.6968303169683031,0.8915108489151085,13,False,10000,0.7839543269230769,0.13010817307692302,2
Migraine,migraine,stringent,85,Temporal Sup L,-1.687269553123616,0.998000199980002,0.8879112088791121,0.9991000899910009,0.11208879112088788,121,False,10000,0.34488407258064513,0.1522187112282879,6
Migraine,migraine,stringent,86,Temporal Sup R,-1.1518281311738077,0.998000199980002,0.8109189081091891,0.9894422322473635,0.1890810918908109,110,False,10000,0.19861778846153846,0.12169471153846151,2
Migraine,migraine,stringent,87,Temporal Pole Sup L,-0.325121950585612,0.998000199980002,0.5907409259074092,0.9823620047633791,0.40925907409259077,82,False,10000,0.4192307692307692,0.4008413461538462,6
Migraine,migraine,stringent,88,Temporal Pole Sup R,0.2608088791428323,0.8629286325098833,0.38646135386461355,0.829976703822155,0.6135386461353864,59,False,10000,0.6496995192307693,0.3112379807692308,2
Migraine,migraine,stringent,89,Temporal Mid L,-2.1209851169696927,0.998000199980002,0.9851014898510149,0.9991000899910009,0.014898510148985133,135,False,10000,0.2990074441687345,0.1400094990694789,6
Migraine,migraine,stringent,90,Temporal Mid R,-2.9172154828661703,0.998000199980002,0.9942005799420058,0.9991000899910009,0.005799420057994165,136,False,10000,0.2633413461538462,0.028966346153846134,2
Migraine,migraine,stringent,91,Temporal Pole Mid L,-0.11027845336088418,0.9655450039411643,0.5234476552344766,0.9381269665241267,0.47655234476552344,77,False,10000,0.6048387096774194,0.35998759305210926,4
Migraine,migraine,stringent,93,Temporal Inf L,-0.8435047690081592,0.998000199980002,0.7390260973902609,0.9894422322473635,0.2609739026097391,97,False,10000,0.3307692307692308,0.1374777062655087,6
Migraine,migraine,stringent,94,Temporal Inf R,-0.8809080734219222,0.998000199980002,0.778022197780222,0.9894422322473635,0.22197780221977803,102,False,10000,0.3252403846153846,0.043990384615384626,2
Migraine,migraine,stringent,95,Cerebellum Crus1 L,0.04175303562613598,0.9475709571899953,0.4744525547445255,0.9263473652634737,0.5255474452554745,70,False,10000,0.20409429280397023,0.344108638337469,6
Migraine,migraine,stringent,96,Cerebellum Crus1 R,0.10340264574746383,0.9285659669327184,0.44895510448955106,0.9111147708758536,0.551044895510449,68,False,10000,0.6840144230769231,0.26213942307692295,2
Migraine,migraine,stringent,97,Cerebellum Crus2 L,-0.42480174559358885,0.998000199980002,0.6457354264573543,0.9894422322473635,0.35426457354264573,90,False,10000,0.27692307692307694,0.22739899968982624,6
Migraine,migraine,stringent,98,Cerebellum Crus2 R,-0.2512471073802401,0.998000199980002,0.5735426457354265,0.9807241498072414,0.42645735426457354,80,False,10000,0.6655048076923077,0.1498798076923078,2
Migraine,migraine,stringent,101,Cerebellum 4 5 L,1.172156705098465,0.7408431570636039,0.1260873912608739,0.6968303169683031,0.8739126087391261,23,False,10000,0.8301488833746897,0.331575682382134,6
Migraine,migraine,stringent,102,Cerebellum 4 5 R,1.0809002724545034,0.7408431570636039,0.11118888111188881,0.6968303169683031,0.8888111188881112,16,False,10000,0.7268028846153847,0.24242788461538456,2
Migraine,migraine,stringent,103,Cerebellum 6 L,1.4347726611351483,0.6950147090554103,0.1743825617438256,0.7619425557444256,0.8256174382561744,31,False,10000,0.6387096774193548,0.2178175403225806,6
Migraine,migraine,stringent,104,Cerebellum 6 R,-0.10279139876863538,0.9655450039411643,0.5155484451554845,0.9361274398875903,0.4844515548445155,76,False,10000,0.40186298076923077,0.3403245192307692,2
Migraine,migraine,stringent,105,Cerebellum 7b L,-1.0845685959131495,0.998000199980002,0.8042195780421958,0.9894422322473635,0.1957804219578042,108,False,10000,0.1935483870967742,0.3103598014888338,6
Migraine,migraine,stringent,106,Cerebellum 7b R,0.22657816091767782,0.8629286325098833,0.402959704029597,0.829976703822155,0.597040295970403,67,False,10000,0.4928485576923077,0.42253605769230773,2
Migraine,migraine,stringent,107,Cerebellum 8 L,-0.16785627875393286,0.998000199980002,0.5352464753524647,0.9469745333158992,0.4647535246475353,78,False,10000,0.4224158653846154,0.43482184398263024,6
Migraine,migraine,stringent,108,Cerebellum 8 R,1.5925323204762127,0.6950147090554103,0.08699130086991301,0.6968303169683031,0.913008699130087,10,False,10000,0.5862379807692308,0.3753004807692307,2
Migraine,migraine,stringent,109,Cerebellum 9 L,-1.050186891146767,0.998000199980002,0.8443155684431557,0.9894422322473635,0.1556844315568443,117,False,10000,0.20967741935483872,0.17259615384615384,5
Migraine,migraine,stringent,110,Cerebellum 9 R,1.0375583800105213,0.7408431570636039,0.11308869113088692,0.6968303169683031,0.8869113088691131,17,False,10000,0.31736778846153846,0.05955528846153846,2
Migraine,migraine,stringent,111,Cerebellum 10 L,-0.8233577788969427,0.998000199980002,0.7599240075992401,0.9894422322473635,0.24007599240075994,100,False,10000,0.6,0.4435483870967742,3
Migraine,migraine,stringent,118,Vermis 8,0.976064881019566,0.7451254874512548,0.22107789221077892,0.8069193080691931,0.7789221077892211,36,False,10000,0.8671875,0.26538461538461533,3
Migraine,migraine,stringent,119,Vermis 9,0.7443408528715445,0.7582823113037533,0.21347865213478653,0.8069193080691931,0.7865213478652134,35,False,10000,0.7234975961538461,0.45321514423076925,4
Migraine,migraine,stringent,121,Thal AV L,1.4368434143940187,0.6950147090554103,0.10318968103189681,0.6968303169683031,0.8968103189681031,12,False,10000,0.8884615384615384,0.12847394540942936,4
Migraine,migraine,stringent,122,Thal AV R,0.9702619721468148,0.7451254874512548,0.10938906109389061,0.6968303169683031,0.8906109389061094,14,False,10000,0.645673076923077,0.2918269230769231,2
Migraine,migraine,stringent,125,Thal VA L,-1.1748413881515385,0.998000199980002,0.8182181781821818,0.9894422322473635,0.1817818218178182,112,False,10000,0.7419354838709677,0.11538461538461542,5
Migraine,migraine,stringent,127,Thal VL L,1.0869509089109246,0.7408431570636039,0.16898310168983102,0.7619425557444256,0.831016898310169,29,False,10000,0.7297766749379653,0.2982921060794044,6
Migraine,migraine,stringent,128,Thal VL R,-1.65677262622632,0.998000199980002,0.9819018098190181,0.9991000899910009,0.01809819018098191,134,False,10000,0.44098557692307694,0.11286057692307694,2
Migraine,migraine,stringent,129,Thal VPL L,-0.3013763387188813,0.998000199980002,0.5991400859914009,0.9843015698430156,0.4008599140085991,84,False,10000,0.6048387096774194,0.2281104606079405,6
Migraine,migraine,stringent,130,Thal VPL R,-0.024696154503486063,0.9498970102989702,0.48935106489351066,0.9263473652634737,0.5106489351064893,71,False,10000,0.7516225961538461,0.04068509615384619,2
Migraine,migraine,stringent,131,Thal IL L,1.6579840344192756,0.6950147090554103,0.0486951304869513,0.6968303169683031,0.9513048695130487,4,False,10000,0.9692307692307692,0.015120967741935498,5
Migraine,migraine,stringent,135,Thal MDm L,1.199683594387336,0.7408431570636039,0.12758724127587243,0.6968303169683031,0.8724127587241276,25,False,10000,0.24193548387096775,0.34381009615384617,3
Migraine,migraine,stringent,136,Thal MDm R,-1.0113918670971316,0.998000199980002,0.8532146785321468,0.9894422322473635,0.14678532146785317,119,False,10000,0.4588341346153846,0.18960336538461536,2
Migraine,migraine,stringent,137,Thal MDl L,0.572161276891746,0.798630341047528,0.32756724327567244,0.829976703822155,0.6724327567243276,50,False,10000,0.45161290322580644,0.2692307692307693,3
Migraine,migraine,stringent,139,Thal LGN L,-0.5510946674317893,0.998000199980002,0.6815318468153184,0.9894422322473635,0.3184681531846816,91,False,10000,0.4765625,0.3806451612903226,5
Migraine,migraine,stringent,140,Thal LGN R,-0.8465794671394964,0.998000199980002,0.7588241175882412,0.9894422322473635,0.2411758824117588,99,False,10000,0.7713341346153846,0.0021033653846153078,2
Migraine,migraine,stringent,141,Thal MGN L,0.30041555713384743,0.8629286325098833,0.38506149385061494,0.829976703822155,0.6149385061493851,58,False,10000,0.7769230769230769,0.16153846153846163,2
Migraine,migraine,stringent,143,Thal PuI L,1.0058316349326641,0.7408431570636039,0.1516848315168483,0.7619425557444256,0.8483151684831517,27,False,10000,0.8153846153846154,0.18461538461538463,2
Migraine,migraine,stringent,144,Thal PuI R,0.8381571041102533,0.7582823113037533,0.11638836116388361,0.6968303169683031,0.8836116388361164,18,False,10000,0.7500600961538462,0.24224759615384617,2
Migraine,migraine,stringent,145,Thal PuM L,2.1896970920744714,0.6950147090554103,0.0168983101689831,0.6968303169683031,0.9831016898310169,2,False,10000,0.8,0.18163771712158805,5
Migraine,migraine,stringent,146,Thal PuM R,0.8376075564761715,0.7582823113037533,0.1312868713128687,0.6968303169683031,0.8687131286871312,26,False,10000,0.52265625,0.07734374999999993,2
Migraine,migraine,stringent,147,Thal PuA L,0.727736509437113,0.7582823113037533,0.22307769223077692,0.8069193080691931,0.7769223077692231,37,False,10000,0.9538461538461539,0.03337468982630276,3
Migraine,migraine,stringent,148,Thal PuA R,-0.7503168784286334,0.998000199980002,0.8002199780021998,0.9894422322473635,0.1997800219978002,107,False,10000,0.5629206730769231,0.11676682692307694,2
Migraine,migraine,stringent,153,ACC pre L,0.6248326694685098,0.7902584741525849,0.31226877312268775,0.829976703822155,0.6877312268773123,49,False,10000,0.2153846153846154,0.4518649193548387,3
Migraine,migraine,stringent,154,ACC pre R,1.4756086619805984,0.6950147090554103,0.1207879212078792,0.6968303169683031,0.8792120787921208,19,False,10000,0.7876201923076923,0.1030048076923078,2
Migraine,migraine,stringent,155,ACC sup L,1.4033594188736724,0.6950147090554103,0.11088891110888911,0.6968303169683031,0.8891110888911109,15,False,10000,0.5632560483870968,0.07089601426799008,6
Migraine,migraine,stringent,156,ACC sup R,1.075396270874277,0.7408431570636039,0.17668233176682333,0.7619425557444256,0.8233176682331766,32,False,10000,0.7522235576923078,0.03683894230769236,2
Migraine,migraine,stringent,157,N Acc L,0.27716743848622516,0.8629286325098833,0.38916108389161086,0.829976703822155,0.6108389161083891,62,False,10000,0.7538461538461538,0.23076923076923073,5
Migraine,migraine,stringent,158,N Acc R,-0.44362291466118187,0.998000199980002,0.6294370562943705,0.9857486161496211,0.3705629437056295,88,False,10000,0.5906850961538461,0.30162259615384623,2
Migraine,migraine,stringent,161,SN pc L,0.882602810167991,0.7582823113037533,0.09159084091590841,0.6968303169683031,0.9084091590840916,11,False,10000,0.8336693548387097,0.02116935483870963,2
Migraine,migraine,stringent,163,SN pr L,-0.8878161169890834,0.998000199980002,0.8365163483651635,0.9894422322473635,0.16348365163483647,115,False,10000,0.3984375,0.5821339950372209,5
Migraine,migraine,stringent,164,SN pr R,-1.0979528571769424,0.998000199980002,0.9214078592140786,0.9991000899910009,0.07859214078592136,125,False,10000,0.3683894230769231,0.022235576923076983,2
Migraine,migraine,stringent,165,Red N L,0.43198560920758944,0.8629286325098833,0.3093690630936906,0.829976703822155,0.6906309369063094,48,False,10000,0.6847956730769231,0.44396033653846156,4
Migraine,migraine,stringent,166,Red N R,0.2570614860109129,0.8629286325098833,0.37396260373962603,0.829976703822155,0.626037396260374,54,False,10000,0.8990384615384616,0.024038461538461453,2
Migraine,migraine,stringent,167,LC L,-1.3386716777193728,0.998000199980002,0.9751024897510249,0.9991000899910009,0.02489751024897513,132,False,10000,0.23523573200992556,0.14299976736972708,4
Migraine,migraine,stringent,168,LC R,-1.7130399594130474,0.998000199980002,0.9991000899910009,0.9991000899910009,0.0008999100089991385,138,False,10000,0.06953125,0.03046875000000001,2
Migraine,migraine,stringent,169,Raphe D,0.7601173294226191,0.7582823113037533,0.12258774122587741,0.6968303169683031,0.8774122587741225,21,False,10000,0.4567908653846154,0.42602163461538456,2
Migraine,migraine,stringent,170,Raphe M,-1.5427727298557068,0.998000199980002,0.9971002899710029,0.9991000899910009,0.002899710028997138,137,False,10000,0.25384615384615383,0.1646033653846154,3
Migraine,migraine,weighted,1,Precentral L,-2.2786377561914875,0.9957004299570043,0.9279072092790721,0.9889011098890111,0.07209279072092789,129,False,10000,0.3055889423076923,0.25427748914392057,6
Migraine,migraine,weighted,2,Precentral R,-2.361297963740574,0.9957004299570043,0.9759024097590241,0.9889011098890111,0.024097590240975908,135,False,10000,0.15084134615384615,0.04146634615384617,2
Migraine,migraine,weighted,3,Frontal Sup 2 L,-0.1400465900892756,0.9957004299570043,0.5267473252674733,0.9476949212295265,0.47325267473252675,70,False,10000,0.4435483870967742,0.19323821339950376,6
Migraine,migraine,weighted,4,Frontal Sup 2 R,1.8149575124084179,0.5574642535746425,0.0367963203679632,0.5982687445541159,0.9632036796320368,6,False,10000,0.5756610576923077,0.26027644230769226,2
Migraine,migraine,weighted,5,Frontal Mid 2 L,-0.4352694742338129,0.9957004299570043,0.593040695930407,0.9476949212295265,0.406959304069593,83,False,10000,0.6068238213399504,0.39615384615384613,6
Migraine,migraine,weighted,6,Frontal Mid 2 R,-0.597797448012259,0.9957004299570043,0.660933906609339,0.9476949212295265,0.33906609339066096,95,False,10000,0.4200721153846154,0.18930288461538464,2
Migraine,migraine,weighted,7,Frontal Inf Oper L,-0.7443891910281727,0.9957004299570043,0.6553344665533447,0.9476949212295265,0.3446655334466553,92,False,10000,0.3709677419354839,0.23076923076923075,3
Migraine,migraine,weighted,8,Frontal Inf Oper R,-0.8090703214503044,0.9957004299570043,0.7278272172782722,0.9751471454796268,0.27217278272172785,103,False,10000,0.15432692307692308,0.09182692307692308,2
Migraine,migraine,weighted,9,Frontal Inf Tri L,-1.2250599443466657,0.9957004299570043,0.8057194280571943,0.9766356697663567,0.19428057194280568,109,False,10000,0.546514423076923,0.20880311724565764,6
Migraine,migraine,weighted,10,Frontal Inf Tri R,-2.473447905724432,0.9957004299570043,0.9889011098890111,0.9889011098890111,0.011098890110988857,138,False,10000,0.27271634615384616,0.18040865384615387,2
Migraine,migraine,weighted,11,Frontal Inf Orb 2 L,1.3248054018527011,0.6747525247475252,0.13538646135386462,0.9230550629147612,0.8646135386461353,18,False,10000,0.7209134615384616,0.13340183002481387,6
Migraine,migraine,weighted,12,Frontal Inf Orb 2 R,-0.1758351056465759,0.9957004299570043,0.5375462453754625,0.9476949212295265,0.4624537546245375,73,False,10000,0.6048677884615384,0.027944711538461453,2
Migraine,migraine,weighted,13,Rolandic Oper L,-1.3918139745997515,0.9957004299570043,0.7761223877612239,0.9766356697663567,0.2238776122387761,105,False,10000,0.4609181141439206,0.3310794044665012,6
Migraine,migraine,weighted,14,Rolandic Oper R,-0.39416126890975944,0.9957004299570043,0.6038396160383962,0.9476949212295265,0.3961603839616038,85,False,10000,0.7746394230769231,0.07151442307692302,2
Migraine,migraine,weighted,15,Supp Motor Area L,-1.4465371308547617,0.9957004299570043,0.8635136486351365,0.9766356697663567,0.13648635136486353,116,False,10000,0.13076923076923078,0.22741935483870968,6
Migraine,migraine,weighted,16,Supp Motor Area R,-2.4955941049278394,0.9957004299570043,0.9739026097390261,0.9889011098890111,0.026097390260973907,134,False,10000,0.13936298076923076,0.022175480769230788,2
Migraine,migraine,weighted,17,Olfactory L,-0.31256079444390145,0.9957004299570043,0.5709429057094291,0.9476949212295265,0.42905709429057093,79,False,10000,0.2639423076923077,0.14920130272952853,4
Migraine,migraine,weighted,18,Olfactory R,-0.7553276110854039,0.9957004299570043,0.7025297470252975,0.9751471454796268,0.29747025297470253,99,False,10000,0.1361778846153846,0.06694711538461537,2
Migraine,migraine,weighted,19,Frontal Sup Medial L,0.34791468934280617,0.973569309735693,0.40505949405059494,0.9476949212295265,0.5949405059494051,54,False,10000,0.7321339950372209,0.1088709677419355,6
Migraine,migraine,weighted,20,Frontal Sup Medial R,1.3975583194578158,0.6747525247475252,0.15528447155284472,0.9230550629147612,0.8447155284471553,21,False,10000,0.5806490384615385,0.40372596153846163,2
Migraine,migraine,weighted,21,Frontal Med Orb L,0.6225267280467255,0.9421980878835193,0.3451654834516548,0.9476949212295265,0.6548345165483451,47,False,10000,0.7681141439205956,0.7142854373449131,6
Migraine,migraine,weighted,22,Frontal Med Orb R,1.305335224128232,0.6747525247475252,0.22227777222277773,0.9230550629147612,0.7777222277772222,32,False,10000,0.8457331730769231,0.09957932692307692,2
Migraine,migraine,weighted,23,Rectus L,1.3364316401345395,0.6747525247475252,0.13038696130386962,0.9230550629147612,0.8696130386961304,17,False,10000,0.7865423387096775,0.3491605924317619,6
Migraine,migraine,weighted,24,Rectus R,0.45086949595760234,0.9446535346465353,0.35256474352564743,0.9476949212295265,0.6474352564743526,48,False,10000,0.7758413461538461,0.08353365384615397,2
Migraine,migraine,weighted,25,OFCmed L,-0.35405073316510216,0.9957004299570043,0.5823417658234177,0.9476949212295265,0.4176582341765823,81,False,10000,0.6456575682382134,0.1635894851116625,6
Migraine,migraine,weighted,26,OFCmed R,0.40603247165907363,0.9446535346465353,0.32926707329267074,0.9476949212295265,0.6707329267073292,45,False,10000,0.6915264423076923,0.20691105769230766,2
Migraine,migraine,weighted,27,OFCant L,2.265157060481373,0.46915308469153083,0.0211978802119788,0.5982687445541159,0.9788021197880212,3,False,10000,0.929652605459057,0.268036600496278,6
Migraine,migraine,weighted,28,OFCant R,2.566289608017028,0.34496550344965504,0.0117988201179882,0.5982687445541159,0.9882011798820118,2,False,10000,0.7922475961538462,0.1999399038461539,2
Migraine,migraine,weighted,29,OFCpost L,-0.9781997184916134,0.9957004299570043,0.7895210478952105,0.9766356697663567,0.2104789521047895,108,False,10000,0.2678660049627791,0.3584367245657568,6
Migraine,migraine,weighted,30,OFCpost R,-1.1462262154975853,0.9957004299570043,0.8414158584141586,0.9766356697663567,0.15858414158584144,114,False,10000,0.5466346153846153,0.01586538461538456,2
Migraine,migraine,weighted,31,OFClat L,-0.6078025234914763,0.9957004299570043,0.6565343465653435,0.9476949212295265,0.3434656534346565,94,False,10000,0.36923076923076925,0.2312034739454094,4
Migraine,migraine,weighted,32,OFClat R,0.29895633967308466,0.973569309735693,0.36646335366463356,0.9476949212295265,0.6335366463353664,49,False,10000,0.7435697115384615,0.07950721153846163,2
Migraine,migraine,weighted,33,Insula L,-1.5096387255290893,0.9957004299570043,0.843015698430157,0.9766356697663567,0.156984301569843,115,False,10000,0.5,0.23883374689826298,6
Migraine,migraine,weighted,34,Insula R,-1.02912828901971,0.9957004299570043,0.8072192780721927,0.9766356697663567,0.19278072192780726,110,False,10000,0.3454326923076923,0.06081730769230764,2
Migraine,migraine,weighted,37,Cingulate Mid L,-1.2858663763578788,0.9957004299570043,0.8155184481551845,0.9766356697663567,0.18448155184481552,112,False,10000,0.29375,0.36466346153846163,6
Migraine,migraine,weighted,38,Cingulate Mid R,-1.267793985742754,0.9957004299570043,0.8093190680931907,0.9766356697663567,0.19068093190680935,111,False,10000,0.20126201923076925,0.037199519230769224,2
Migraine,migraine,weighted,39,Cingulate Post L,-0.9480635068263991,0.9957004299570043,0.8243175682431757,0.9766356697663567,0.1756824317568243,113,False,10000,0.532258064516129,0.18653846153846154,5
Migraine,migraine,weighted,41,Hippocampus L,-0.07165683263286803,0.9957004299570043,0.5128487151284872,0.9476949212295265,0.4871512848715128,68,False,10000,0.36832932692307696,0.08466094137717117,6
Migraine,migraine,weighted,42,Hippocampus R,-0.3084878778878531,0.9957004299570043,0.6031396860313969,0.9476949212295265,0.3968603139686031,84,False,10000,0.2680889423076923,0.08347355769230769,2
Migraine,migraine,weighted,43,ParaHippocampal L,1.2553206696763541,0.6915868413158683,0.1382861713828617,0.9230550629147612,0.8617138286171383,19,False,10000,0.7596153846153846,0.07738833746898277,6
Migraine,migraine,weighted,44,ParaHippocampal R,-0.029092693978157107,0.9957004299570043,0.4921507849215078,0.9476949212295265,0.5078492150784921,66,False,10000,0.5884615384615385,0.08846153846153837,2
Migraine,migraine,weighted,45,Amygdala L,-0.058272718879678005,0.9957004299570043,0.49845015498450157,0.9476949212295265,0.5015498450154985,67,False,10000,0.7096774193548387,0.3846153846153846,5
Migraine,migraine,weighted,46,Amygdala R,0.16815059980298355,0.9957004299570043,0.40845915408459155,0.9476949212295265,0.5915408459154085,56,False,10000,0.30066105769230766,0.2852764423076923,2
Migraine,migraine,weighted,47,Calcarine L,0.8033358696702378,0.8915441789154418,0.25037496250374963,0.9230550629147612,0.7496250374962503,37,False,10000,0.5999399038461539,0.39928563120347393,6
Migraine,migraine,weighted,48,Calcarine R,1.896962079029502,0.5574642535746425,0.04659534046595341,0.5982687445541159,0.9534046595340466,8,False,10000,0.5651442307692307,0.09639423076923082,2
Migraine,migraine,weighted,49,Cuneus L,0.5182540212709553,0.9446535346465353,0.27817218278172184,0.9476949212295265,0.7218278172182782,40,False,10000,0.671875,0.43052109181141446,5
Migraine,migraine,weighted,51,Lingual L,0.4316236926094202,0.9446535346465353,0.3675632436756324,0.9476949212295265,0.6324367563243676,50,False,10000,0.44122596153846155,0.41164508374689823,6
Migraine,migraine,weighted,52,Lingual R,0.8640380979810994,0.8849515048495151,0.1673832616738326,0.9230550629147612,0.8326167383261673,23,False,10000,0.5295072115384616,0.19356971153846148,2
Migraine,migraine,weighted,53,Occipital Sup L,-1.618311843500989,0.9957004299570043,0.8878112188781122,0.9766356697663567,0.11218878112188779,125,False,10000,0.4943296370967742,0.2685416020471465,4
Migraine,migraine,weighted,55,Occipital Mid L,1.2865077626862411,0.6747525247475252,0.11068893110688931,0.9230550629147612,0.8893110688931107,16,False,10000,0.7423076923076923,0.47131474875930524,6
Migraine,migraine,weighted,56,Occipital Mid R,1.626157756142481,0.6071392860713929,0.040495950404959506,0.5982687445541159,0.9595040495950405,7,False,10000,0.6138221153846154,0.31694711538461534,2
Migraine,migraine,weighted,57,Occipital Inf L,0.636612370404615,0.9421980878835193,0.25417458254174585,0.9230550629147612,0.7458254174582541,38,False,10000,0.7482630272952854,0.16782917183622825,6
Migraine,migraine,weighted,58,Occipital Inf R,-0.6482254920475866,0.9957004299570043,0.7077292270772922,0.9751471454796268,0.29227077292270776,100,False,10000,0.3936899038461538,0.21400240384615377,2
Migraine,migraine,weighted,59,Fusiform L,-0.6371526765861091,0.9957004299570043,0.656034396560344,0.9476949212295265,0.343965603439656,93,False,10000,0.4033653846153846,0.3487050248138958,6
Migraine,migraine,weighted,60,Fusiform R,-2.2665811411219217,0.9957004299570043,0.9876012398760124,0.9889011098890111,0.012398760123987551,137,False,10000,0.14723557692307693,0.006610576923076927,2
Migraine,migraine,weighted,61,Postcentral L,-1.3585612651318089,0.9957004299570043,0.7788221177882212,0.9766356697663567,0.2211778822117788,107,False,10000,0.43816105769230773,0.10295149658808933,6
Migraine,migraine,weighted,62,Postcentral R,-1.5305463904930783,0.9957004299570043,0.8722127787221278,0.9766356697663567,0.12778722127787223,119,False,10000,0.30865384615384617,0.18365384615384617,2
Migraine,migraine,weighted,63,Parietal Sup L,0.08761130849702164,0.9957004299570043,0.44635536446355367,0.9476949212295265,0.5536446355364464,63,False,10000,0.5620793269230769,0.24177167338709682,6
Migraine,migraine,weighted,64,Parietal Sup R,-1.6277018513925647,0.9957004299570043,0.8869113088691131,0.9766356697663567,0.11308869113088693,124,False,10000,0.042548076923076925,0.011298076923076925,2
Migraine,migraine,weighted,65,Parietal Inf L,-1.36712058728858,0.9957004299570043,0.8846115388461154,0.9766356697663567,0.11538846115388457,122,False,10000,0.5194711538461538,0.23423929900744422,6
Migraine,migraine,weighted,66,Parietal Inf R,2.010871037981067,0.5574642535746425,0.060693930606939304,0.5982687445541159,0.9393060693930607,14,False,10000,0.5673076923076923,0.3173076923076923,2
Migraine,migraine,weighted,67,SupraMarginal L,-1.9307786313470643,0.9957004299570043,0.9061093890610938,0.9845913046490626,0.09389061093890616,127,False,10000,0.11195913461538462,0.2895539314516129,6
Migraine,migraine,weighted,68,SupraMarginal R,-1.8971411417531683,0.9957004299570043,0.9548045195480452,0.9889011098890111,0.04519548045195476,132,False,10000,0.17728365384615385,0.13040865384615385,2
Migraine,migraine,weighted,69,Angular L,-0.07693185232351935,0.9957004299570043,0.49185081491850813,0.9476949212295265,0.5081491850814919,65,False,10000,0.6384615384615384,0.5731971153846154,5
Migraine,migraine,weighted,70,Angular R,-0.31824856206628516,0.9957004299570043,0.5843415658434157,0.9476949212295265,0.4156584341565843,82,False,10000,0.19465144230769232,0.1100360576923077,2
Migraine,migraine,weighted,71,Precuneus L,-1.4438585748696373,0.9957004299570043,0.8917108289171083,0.9766356697663567,0.10828917108289171,126,False,10000,0.359181141439206,0.465137445719603,6
Migraine,migraine,weighted,72,Precuneus R,-0.5723990125439609,0.9957004299570043,0.6656334366563343,0.9476949212295265,0.33436656334366566,96,False,10000,0.14350961538461537,0.012740384615384598,2
Migraine,migraine,weighted,73,Paracentral Lobule L,-2.571518396719006,0.9957004299570043,0.9706029397060294,0.9889011098890111,0.0293970602939706,133,False,10000,0.18833746898263026,0.08122189050868489,6
Migraine,migraine,weighted,74,Paracentral Lobule R,-1.9246917483324946,0.9957004299570043,0.9339066093390661,0.9889011098890111,0.06609339066093389,130,False,10000,0.3161057692307692,0.2776442307692307,2
Migraine,migraine,weighted,75,Caudate L,0.45736611094080915,0.9446535346465353,0.30856914308569144,0.9476949212295265,0.6914308569143086,43,False,10000,0.6510817307692307,0.13792067307692313,6
Migraine,migraine,weighted,76,Caudate R,0.6526652347757973,0.9421980878835193,0.2455754424557544,0.9230550629147612,0.7544245575442456,36,False,10000,0.6503004807692307,0.11123798076923075,2
Migraine,migraine,weighted,77,Putamen L,-0.27695218309189046,0.9957004299570043,0.5612438756124387,0.9476949212295265,0.4387561243875613,78,False,10000,0.33316532258064513,0.11918812034739451,6
Migraine,migraine,weighted,78,Putamen R,-1.1017920442669547,0.9957004299570043,0.7787221277872213,0.9766356697663567,0.22127787221277873,106,False,10000,0.31868990384615387,0.11099759615384613,2
Migraine,migraine,weighted,79,Pallidum L,1.216291320036829,0.6915868413158683,0.0984901509849015,0.9061093890610938,0.9015098490150985,15,False,10000,0.7911658653846154,0.15209658033498763,6
Migraine,migraine,weighted,80,Pallidum R,0.16555771799251062,0.9957004299570043,0.4316568343165683,0.9476949212295265,0.5683431656834317,59,False,10000,0.8448317307692308,0.016706730769230793,2
Migraine,migraine,weighted,83,Heschl L,-0.26591600835146595,0.9957004299570043,0.5532446755324467,0.9476949212295265,0.4467553244675533,76,False,10000,0.6451612903225806,0.433498759305211,5
Migraine,migraine,weighted,84,Heschl R,1.754261618632514,0.5574642535746425,0.0598940105989401,0.5982687445541159,0.9401059894010599,13,False,10000,0.7839543269230769,0.13010817307692302,2
Migraine,migraine,weighted,85,Temporal Sup L,-1.7027220834451742,0.9957004299570043,0.8863113688631137,0.9766356697663567,0.11368863113688632,123,False,10000,0.34488407258064513,0.1522187112282879,6
Migraine,migraine,weighted,86,Temporal Sup R,-1.5880747633722303,0.9957004299570043,0.8779122087791221,0.9766356697663567,0.12208779122087787,121,False,10000,0.19861778846153846,0.12169471153846151,2
Migraine,migraine,weighted,87,Temporal Pole Sup L,-0.5041664351474509,0.9957004299570043,0.6300369963003699,0.9476949212295265,0.3699630036996301,90,False,10000,0.4192307692307692,0.4008413461538462,6
Migraine,migraine,weighted,88,Temporal Pole Sup R,0.19625687598784294,0.9957004299570043,0.39586041395860416,0.9476949212295265,0.6041395860413958,51,False,10000,0.6496995192307693,0.3112379807692308,2
Migraine,migraine,weighted,89,Temporal Mid L,-1.39749773667637,0.9957004299570043,0.9168083191680831,0.9884339691030897,0.08319168083191686,128,False,10000,0.2990074441687345,0.1400094990694789,6
Migraine,migraine,weighted,90,Temporal Mid R,-2.2752999055357908,0.9957004299570043,0.9761023897610239,0.9889011098890111,0.023897610238976075,136,False,10000,0.2633413461538462,0.028966346153846134,2
Migraine,migraine,weighted,91,Temporal Pole Mid L,-0.38505103943423796,0.9957004299570043,0.6094390560943905,0.9476949212295265,0.39056094390560947,86,False,10000,0.6048387096774194,0.35998759305210926,4
Migraine,migraine,weighted,93,Temporal Inf L,-0.3075265969683463,0.9957004299570043,0.5777422257774223,0.9476949212295265,0.4222577742225777,80,False,10000,0.3307692307692308,0.1374777062655087,6
Migraine,migraine,weighted,94,Temporal Inf R,-0.1051281500697397,0.9957004299570043,0.5153484651534846,0.9476949212295265,0.48465153484651535,69,False,10000,0.3252403846153846,0.043990384615384626,2
Migraine,migraine,weighted,95,Cerebellum Crus1 L,0.16550492521257576,0.9957004299570043,0.43525647435256476,0.9476949212295265,0.5647435256474352,60,False,10000,0.20409429280397023,0.344108638337469,6
Migraine,migraine,weighted,96,Cerebellum Crus1 R,-0.18598049496540012,0.9957004299570043,0.5531446855314468,0.9476949212295265,0.4468553144685532,74,False,10000,0.6840144230769231,0.26213942307692295,2
Migraine,migraine,weighted,97,Cerebellum Crus2 L,-0.36917941697934326,0.9957004299570043,0.6132386761323868,0.9476949212295265,0.3867613238676132,87,False,10000,0.27692307692307694,0.22739899968982624,6
Migraine,migraine,weighted,98,Cerebellum Crus2 R,-0.49593314724301646,0.9957004299570043,0.6416358364163584,0.9476949212295265,0.35836416358364165,91,False,10000,0.6655048076923077,0.1498798076923078,2
Migraine,migraine,weighted,101,Cerebellum 4 5 L,0.8917507707338082,0.8664581817680301,0.1972802719728027,0.9230550629147612,0.8027197280271973,28,False,10000,0.8301488833746897,0.331575682382134,6
Migraine,migraine,weighted,102,Cerebellum 4 5 R,0.7727894920254791,0.8915441789154418,0.18298170182981702,0.9230550629147612,0.817018298170183,26,False,10000,0.7268028846153847,0.24242788461538456,2
Migraine,migraine,weighted,103,Cerebellum 6 L,1.3005616905691517,0.6747525247475252,0.1924807519248075,0.9230550629147612,0.8075192480751925,27,False,10000,0.6387096774193548,0.2178175403225806,6
Migraine,migraine,weighted,104,Cerebellum 6 R,-0.15782775616465414,0.9957004299570043,0.5272472752724727,0.9476949212295265,0.4727527247275273,71,False,10000,0.40186298076923077,0.3403245192307692,2
Migraine,migraine,weighted,105,Cerebellum 7b L,-1.5177454070652918,0.9957004299570043,0.8700129987001299,0.9766356697663567,0.12998700129987006,118,False,10000,0.1935483870967742,0.3103598014888338,6
Migraine,migraine,weighted,106,Cerebellum 7b R,0.5443492684402292,0.9446535346465353,0.28917108289171084,0.9476949212295265,0.7108289171082891,41,False,10000,0.4928485576923077,0.42253605769230773,2
Migraine,migraine,weighted,107,Cerebellum 8 L,-0.19072347097715683,0.9957004299570043,0.5308469153084692,0.9476949212295265,0.46915308469153083,72,False,10000,0.4224158653846154,0.43482184398263024,6
Migraine,migraine,weighted,108,Cerebellum 8 R,3.1590622168644042,0.1655834416558344,0.0034996500349965005,0.48295170482951705,0.9965003499650035,1,False,10000,0.5862379807692308,0.3753004807692307,2
Migraine,migraine,weighted,109,Cerebellum 9 L,-0.23053917331974325,0.9957004299570043,0.5577442255774423,0.9476949212295265,0.4422557744225577,77,False,10000,0.20967741935483872,0.17259615384615384,5
Migraine,migraine,weighted,110,Cerebellum 9 R,0.7516639016210728,0.8915441789154418,0.20307969203079693,0.9230550629147612,0.7969203079692031,29,False,10000,0.31736778846153846,0.05955528846153846,2
Migraine,migraine,weighted,111,Cerebellum 10 L,-1.3001846590790482,0.9957004299570043,0.877012298770123,0.9766356697663567,0.12298770122987701,120,False,10000,0.6,0.4435483870967742,3
Migraine,migraine,weighted,118,Vermis 8,1.0719014583736581,0.7562705267934744,0.2121787821217878,0.9230550629147612,0.7878212178782122,31,False,10000,0.8671875,0.26538461538461533,3
Migraine,migraine,weighted,119,Vermis 9,0.7326700925261522,0.8915441789154418,0.23307669233076692,0.9230550629147612,0.7669233076692331,34,False,10000,0.7234975961538461,0.45321514423076925,4
Migraine,migraine,weighted,121,Thal AV L,1.7721386763804647,0.5574642535746425,0.0585941405859414,0.5982687445541159,0.9414058594140586,12,False,10000,0.8884615384615384,0.12847394540942936,4
Migraine,migraine,weighted,122,Thal AV R,1.1586038498884097,0.6915868413158683,0.0532946705329467,0.5982687445541159,0.9467053294670533,9,False,10000,0.645673076923077,0.2918269230769231,2
Migraine,migraine,weighted,125,Thal VA L,-0.8350202256110912,0.9957004299570043,0.7187281271872813,0.9751471454796268,0.2812718728127187,101,False,10000,0.7419354838709677,0.11538461538461542,5
Migraine,migraine,weighted,127,Thal VL L,0.973480152308941,0.8210178982101789,0.2233776622337766,0.9230550629147612,0.7766223377662234,33,False,10000,0.7297766749379653,0.2982921060794044,6
Migraine,migraine,weighted,128,Thal VL R,-1.165806252967854,0.9957004299570043,0.8688131186881312,0.9766356697663567,0.13118688131186884,117,False,10000,0.44098557692307694,0.11286057692307694,2
Migraine,migraine,weighted,129,Thal VPL L,-0.7659182075785316,0.9957004299570043,0.7374262573742626,0.9766356697663567,0.2625737426257374,104,False,10000,0.6048387096774194,0.2281104606079405,6
Migraine,migraine,weighted,130,Thal VPL R,-0.3446977090440739,0.9957004299570043,0.6171382861713829,0.9476949212295265,0.3828617138286171,88,False,10000,0.7516225961538461,0.04068509615384619,2
Migraine,migraine,weighted,131,Thal IL L,1.6578987531376395,0.5782876257828763,0.056394360563943605,0.5982687445541159,0.9436056394360564,11,False,10000,0.9692307692307692,0.015120967741935498,5
Migraine,migraine,weighted,135,Thal MDm L,2.24971989807333,0.46915308469153083,0.024797520247975203,0.5982687445541159,0.9752024797520248,4,False,10000,0.24193548387096775,0.34381009615384617,3
Migraine,migraine,weighted,136,Thal MDm R,0.21283410153926546,0.9957004299570043,0.41005899410058994,0.9476949212295265,0.5899410058994101,57,False,10000,0.4588341346153846,0.18960336538461536,2
Migraine,migraine,weighted,137,Thal MDl L,0.31418002428660496,0.973569309735693,0.40035996400359963,0.9476949212295265,0.5996400359964004,52,False,10000,0.45161290322580644,0.2692307692307693,3
Migraine,migraine,weighted,139,Thal LGN L,-0.7294034353429734,0.9957004299570043,0.724027597240276,0.9751471454796268,0.275972402759724,102,False,10000,0.4765625,0.3806451612903226,5
Migraine,migraine,weighted,140,Thal LGN R,-0.6619394929059751,0.9957004299570043,0.6661333866613338,0.9476949212295265,0.3338666133386662,97,False,10000,0.7713341346153846,0.0021033653846153078,2
Migraine,migraine,weighted,141,Thal MGN L,0.8335459444309526,0.8915441789154418,0.24437556244375563,0.9230550629147612,0.7556244375562444,35,False,10000,0.7769230769230769,0.16153846153846163,2
Migraine,migraine,weighted,143,Thal PuI L,0.4287713945904105,0.9446535346465353,0.3057694230576942,0.9476949212295265,0.6942305769423058,42,False,10000,0.8153846153846154,0.18461538461538463,2
Migraine,migraine,weighted,144,Thal PuI R,0.3990806624171693,0.9446535346465353,0.2685731426857314,0.9476949212295265,0.7314268573142686,39,False,10000,0.7500600961538462,0.24224759615384617,2
Migraine,migraine,weighted,145,Thal PuM L,1.8713844940751387,0.5574642535746425,0.0362963703629637,0.5982687445541159,0.9637036296370363,5,False,10000,0.8,0.18163771712158805,5
Migraine,migraine,weighted,146,Thal PuM R,0.7686253295405278,0.8915441789154418,0.16828317168283172,0.9230550629147612,0.8317168283171683,24,False,10000,0.52265625,0.07734374999999993,2
Migraine,migraine,weighted,147,Thal PuA L,0.46994663586210755,0.9446535346465353,0.3106689331066893,0.9476949212295265,0.6893310668933107,44,False,10000,0.9538461538461539,0.03337468982630276,3
Migraine,migraine,weighted,148,Thal PuA R,-0.4126194369832471,0.9957004299570043,0.6176382361763824,0.9476949212295265,0.38236176382361764,89,False,10000,0.5629206730769231,0.11676682692307694,2
Migraine,migraine,weighted,153,ACC pre L,0.3083979482513054,0.973569309735693,0.40785921407859216,0.9476949212295265,0.5921407859214078,55,False,10000,0.2153846153846154,0.4518649193548387,3
Migraine,migraine,weighted,154,ACC pre R,0.5546686349435616,0.9446535346465353,0.3387661233876612,0.9476949212295265,0.6612338766123388,46,False,10000,0.7876201923076923,0.1030048076923078,2
Migraine,migraine,weighted,155,ACC sup L,1.3156545977657172,0.6747525247475252,0.1421857814218578,0.9230550629147612,0.8578142185781422,20,False,10000,0.5632560483870968,0.07089601426799008,6
Migraine,migraine,weighted,156,ACC sup R,0.10334421724071151,0.9957004299570043,0.44215578442155784,0.9476949212295265,0.5578442155784422,61,False,10000,0.7522235576923078,0.03683894230769236,2
Migraine,migraine,weighted,157,N Acc L,1.1724305515407836,0.6915868413158683,0.1588841115888411,0.9230550629147612,0.8411158884111589,22,False,10000,0.7538461538461538,0.23076923076923073,5
Migraine,migraine,weighted,158,N Acc R,0.192913361451039,0.9957004299570043,0.40275972402759724,0.9476949212295265,0.5972402759724027,53,False,10000,0.5906850961538461,0.30162259615384623,2
Migraine,migraine,weighted,161,SN pc L,1.1372717660362595,0.6915868413158683,0.1800819918008199,0.9230550629147612,0.8199180081991801,25,False,10000,0.8336693548387097,0.02116935483870963,2
Migraine,migraine,weighted,163,SN pr L,-0.19191446751671418,0.9957004299570043,0.5531446855314468,0.9476949212295265,0.4468553144685532,74,False,10000,0.3984375,0.5821339950372209,5
Migraine,migraine,weighted,164,SN pr R,-0.045726996899576315,0.9957004299570043,0.47695230476952305,0.9476949212295265,0.523047695230477,64,False,10000,0.3683894230769231,0.022235576923076983,2
Migraine,migraine,weighted,165,Red N L,0.4697235637912837,0.9446535346465353,0.4213578642135786,0.9476949212295265,0.5786421357864213,58,False,10000,0.6847956730769231,0.44396033653846156,4
Migraine,migraine,weighted,166,Red N R,1.4385246457495493,0.6747525247475252,0.05599440055994401,0.5982687445541159,0.944005599440056,10,False,10000,0.8990384615384616,0.024038461538461453,2
Migraine,migraine,weighted,167,LC L,-0.9952915577259639,0.9957004299570043,0.9485051494850515,0.9889011098890111,0.05149485051494851,131,False,10000,0.23523573200992556,0.14299976736972708,4
Migraine,migraine,weighted,168,LC R,-0.33482778615025766,0.9957004299570043,0.6741325867413258,0.9492887445949281,0.3258674132586742,98,False,10000,0.06953125,0.03046875000000001,2
Migraine,migraine,weighted,169,Raphe D,0.997311057041948,0.8033863280338632,0.20937906209379062,0.9230550629147612,0.7906209379062094,30,False,10000,0.4567908653846154,0.42602163461538456,2
Migraine,migraine,weighted,170,Raphe M,0.007322987202842571,0.9957004299570043,0.44575542445755423,0.9476949212295265,0.5542445755424458,62,False,10000,0.25384615384615383,0.1646033653846154,3
Multiple sclerosis,multiple_sclerosis,broad,1,Precentral L,1.6161161053441102,0.6151884811518848,0.11408859114088592,0.892051639906432,0.8859114088591141,17,False,10000,0.7115384615384616,0.12232378256823817,6
Multiple sclerosis,multiple_sclerosis,broad,2,Precentral R,0.7157967485567389,0.8449001253720783,0.25937406259374063,0.892051639906432,0.7406259374062594,37,False,10000,0.26694711538461535,0.06382211538461541,2
Multiple sclerosis,multiple_sclerosis,broad,3,Frontal Sup 2 L,0.15826384480677252,0.9844329852729012,0.3802619738026197,0.892051639906432,0.6197380261973803,57,False,10000,0.3649193548387097,0.19542493796526053,6
Multiple sclerosis,multiple_sclerosis,broad,4,Frontal Sup 2 R,-1.4549889834935361,0.9977002299770023,0.8431156884311569,0.9859834912031186,0.15688431156884308,113,False,10000,0.38521634615384615,0.1929086538461538,2
Multiple sclerosis,multiple_sclerosis,broad,5,Frontal Mid 2 L,0.07747828984044454,0.9844329852729012,0.43325667433256676,0.892051639906432,0.5667433256674332,62,False,10000,0.5806451612903225,0.3423697270471464,6
Multiple sclerosis,multiple_sclerosis,broad,6,Frontal Mid 2 R,0.01854165081988171,0.9844329852729012,0.4570542945705429,0.892051639906432,0.5429457054294571,70,False,10000,0.46796875,0.13203124999999993,2
Multiple sclerosis,multiple_sclerosis,broad,7,Frontal Inf Oper L,-0.6764897191769866,0.9977002299770023,0.639036096390361,0.9751530341471347,0.36096390360963904,90,False,10000,0.4838709677419355,0.32307692307692304,3
Multiple sclerosis,multiple_sclerosis,broad,8,Frontal Inf Oper R,1.9878770786099589,0.4967503249675032,0.0418958104189581,0.892051639906432,0.9581041895810419,4,False,10000,0.2713341346153846,0.0021033653846153633,2
Multiple sclerosis,multiple_sclerosis,broad,9,Frontal Inf Tri L,0.018370815235814842,0.9844329852729012,0.45195480451954806,0.892051639906432,0.5480451954804519,68,False,10000,0.6222084367245657,0.19119106699751864,6
Multiple sclerosis,multiple_sclerosis,broad,10,Frontal Inf Tri R,-1.249519149712342,0.9977002299770023,0.842015798420158,0.9859834912031186,0.15798420157984205,112,False,10000,0.43515625,0.13515624999999998,2
Multiple sclerosis,multiple_sclerosis,broad,11,Frontal Inf Orb 2 L,0.02088603022760492,0.9844329852729012,0.44025597440255976,0.892051639906432,0.5597440255974402,65,False,10000,0.6038461538461539,0.4183622828784119,6
Multiple sclerosis,multiple_sclerosis,broad,12,Frontal Inf Orb 2 R,0.5445606376793276,0.9107089291070892,0.29957004299570045,0.892051639906432,0.7004299570042996,43,False,10000,0.6299879807692308,0.2315504807692308,2
Multiple sclerosis,multiple_sclerosis,broad,13,Rolandic Oper L,-0.26374277482674735,0.9977002299770023,0.5373462653734626,0.9343410486537553,0.46265373462653736,78,False,10000,0.5661290322580645,0.174379652605459,6
Multiple sclerosis,multiple_sclerosis,broad,14,Rolandic Oper R,-1.7674969213757574,0.9977002299770023,0.884011598840116,0.9859834912031186,0.11598840115988396,118,False,10000,0.7167668269230769,0.037079326923076916,2
Multiple sclerosis,multiple_sclerosis,broad,15,Supp Motor Area L,0.4378868273876687,0.9374613559052257,0.29817018298170184,0.892051639906432,0.7018298170182982,41,False,10000,0.3064516129032258,0.2284119106699752,6
Multiple sclerosis,multiple_sclerosis,broad,16,Supp Motor Area R,1.6474124842060425,0.5983583459835835,0.06319368063193681,0.892051639906432,0.9368063193680631,7,False,10000,0.5010216346153846,0.13179086538461537,2
Multiple sclerosis,multiple_sclerosis,broad,17,Olfactory L,-0.10696142092884534,0.9977002299770023,0.49185081491850813,0.90997300269973,0.5081491850814919,74,False,10000,0.4603966346153846,0.37907006048387104,4
Multiple sclerosis,multiple_sclerosis,broad,18,Olfactory R,0.32880559048539276,0.9613874976138751,0.37846215378462156,0.892051639906432,0.6215378462153784,56,False,10000,0.5963341346153845,0.07289663461538465,2
Multiple sclerosis,multiple_sclerosis,broad,19,Frontal Sup Medial L,-1.7642898959849929,0.9977002299770023,0.9142085791420858,0.9859834912031186,0.08579142085791425,123,False,10000,0.5772952853598015,0.18151364764267985,6
Multiple sclerosis,multiple_sclerosis,broad,20,Frontal Sup Medial R,-2.7630873944509866,0.9977002299770023,0.9782021797820218,0.9871012898710129,0.02179782021797816,136,False,10000,0.3660456730769231,0.2198918269230769,2
Multiple sclerosis,multiple_sclerosis,broad,21,Frontal Med Orb L,-1.6756682437290935,0.9977002299770023,0.853014698530147,0.9859834912031186,0.146985301469853,114,False,10000,0.3044665012406948,0.636618912841191,6
Multiple sclerosis,multiple_sclerosis,broad,22,Frontal Med Orb R,-1.1786915721931681,0.9977002299770023,0.7361263873612639,0.9859834912031186,0.2638736126387361,96,False,10000,0.5953725961538462,0.3030649038461538,2
Multiple sclerosis,multiple_sclerosis,broad,23,Rectus L,-2.277984944995797,0.9977002299770023,0.9267073292670733,0.9859834912031186,0.07329267073292667,126,False,10000,0.34185987903225806,0.6371830412531018,6
Multiple sclerosis,multiple_sclerosis,broad,24,Rectus R,-2.1852945080460184,0.9977002299770023,0.9286071392860714,0.9859834912031186,0.07139286071392859,127,False,10000,0.7292668269230769,0.07542067307692302,2
Multiple sclerosis,multiple_sclerosis,broad,25,OFCmed L,-2.2810921787837604,0.9977002299770023,0.9559044095590441,0.9859834912031186,0.0440955904409559,132,False,10000,0.44146634615384617,0.1350360576923077,6
Multiple sclerosis,multiple_sclerosis,broad,26,OFCmed R,-1.191140885608374,0.9977002299770023,0.7982201779822018,0.9859834912031186,0.2017798220177982,106,False,10000,0.6011418269230769,0.04729567307692295,2
Multiple sclerosis,multiple_sclerosis,broad,27,OFCant L,-1.4438250642308614,0.9977002299770023,0.8649135086491351,0.9859834912031186,0.13508649135086492,116,False,10000,0.5156327543424317,0.5445050790942928,6
Multiple sclerosis,multiple_sclerosis,broad,28,OFCant R,-0.4748646910744208,0.9977002299770023,0.6180381961803819,0.9583064165493562,0.3819618038196181,89,False,10000,0.5579927884615384,0.018930288461538547,2
Multiple sclerosis,multiple_sclerosis,broad,29,OFCpost L,-0.5470908588450059,0.9977002299770023,0.643035696430357,0.9751530341471347,0.35696430356964304,91,False,10000,0.2076923076923077,0.3352764423076923,6
Multiple sclerosis,multiple_sclerosis,broad,30,OFCpost R,-1.7163133534992996,0.9977002299770023,0.8783121687831217,0.9859834912031186,0.12168783121687832,117,False,10000,0.6731971153846155,0.15757211538461535,2
Multiple sclerosis,multiple_sclerosis,broad,31,OFClat L,0.1047937034787233,0.9844329852729012,0.4092590740925907,0.892051639906432,0.5907409259074092,61,False,10000,0.2678660049627791,0.15688585607940442,4
Multiple sclerosis,multiple_sclerosis,broad,32,OFClat R,0.9558620191005281,0.7205466953304669,0.19208079192080793,0.892051639906432,0.807919208079192,28,False,10000,0.7413461538461539,0.13365384615384623,2
Multiple sclerosis,multiple_sclerosis,broad,33,Insula L,-2.392091946986012,0.9977002299770023,0.9527047295270473,0.9859834912031186,0.04729527047295268,130,False,10000,0.5057071960297768,0.3895781637717121,6
Multiple sclerosis,multiple_sclerosis,broad,34,Insula R,-1.068148971354198,0.9977002299770023,0.7637236276372362,0.9859834912031186,0.23627637236276378,99,False,10000,0.5918870192307693,0.14657451923076925,2
Multiple sclerosis,multiple_sclerosis,broad,37,Cingulate Mid L,0.8189781288952112,0.7842837337887832,0.24287571242875713,0.892051639906432,0.7571242875712428,34,False,10000,0.49981971153846155,0.3114425015508685,6
Multiple sclerosis,multiple_sclerosis,broad,38,Cingulate Mid R,-0.027931134927194356,0.9875595773755957,0.4697530246975302,0.9003599640035996,0.5302469753024698,72,False,10000,0.32626201923076925,0.08780048076923075,2
Multiple sclerosis,multiple_sclerosis,broad,39,Cingulate Post L,1.103763494028527,0.6863535868635358,0.17398260173982602,0.892051639906432,0.826017398260174,24,False,10000,0.6451612903225806,0.7897836538461539,5
Multiple sclerosis,multiple_sclerosis,broad,41,Hippocampus L,0.16563289159228578,0.9844329852729012,0.405959404059594,0.892051639906432,0.594040595940406,60,False,10000,0.3192307692307692,0.1778535980148884,6
Multiple sclerosis,multiple_sclerosis,broad,42,Hippocampus R,0.030969171593335718,0.9844329852729012,0.44895510448955106,0.892051639906432,0.551044895510449,67,False,10000,0.3661658653846154,0.2353966346153846,2
Multiple sclerosis,multiple_sclerosis,broad,43,ParaHippocampal L,0.057622224790992764,0.9844329852729012,0.45525447455254475,0.892051639906432,0.5447455254474552,69,False,10000,0.7338709677419355,0.14141206575682386,6
Multiple sclerosis,multiple_sclerosis,broad,44,ParaHippocampal R,-0.3998208813421145,0.9977002299770023,0.5838416158384162,0.9343410486537553,0.4161583841615838,84,False,10000,0.8602764423076923,0.02433894230769229,2
Multiple sclerosis,multiple_sclerosis,broad,45,Amygdala L,0.8403517790977315,0.7842837337887832,0.2216778322167783,0.892051639906432,0.7783221677832217,32,False,10000,0.8538461538461538,0.06153846153846154,5
Multiple sclerosis,multiple_sclerosis,broad,46,Amygdala R,0.5057159236033867,0.9107089291070892,0.2850714928507149,0.892051639906432,0.714928507149285,40,False,10000,0.09338942307692308,0.04723557692307692,2
Multiple sclerosis,multiple_sclerosis,broad,47,Calcarine L,1.1440400480601978,0.672948089806404,0.21447855214478553,0.892051639906432,0.7855214478552145,31,False,10000,0.4456730769230769,0.09341656327543418,6
Multiple sclerosis,multiple_sclerosis,broad,48,Calcarine R,0.8034199472913973,0.7842837337887832,0.2136786321367863,0.892051639906432,0.7863213678632137,30,False,10000,0.36286057692307694,0.30901442307692306,2
Multiple sclerosis,multiple_sclerosis,broad,49,Cuneus L,0.5822451104765998,0.8959476145408716,0.31186881311868814,0.892051639906432,0.6881311868813118,45,False,10000,0.27419354838709675,0.22091346153846153,5
Multiple sclerosis,multiple_sclerosis,broad,51,Lingual L,1.2169631810854746,0.6588841115888412,0.1872812718728127,0.892051639906432,0.8127187281271873,27,False,10000,0.5148883374689827,0.35549104373449125,6
Multiple sclerosis,multiple_sclerosis,broad,52,Lingual R,0.3338236996970038,0.9613874976138751,0.31786821317868214,0.892051639906432,0.6821317868213179,46,False,10000,0.44579326923076923,0.007331730769230771,2
Multiple sclerosis,multiple_sclerosis,broad,53,Occipital Sup L,1.50427192932988,0.6557975781369231,0.11068893110688931,0.892051639906432,0.8893110688931107,15,False,10000,0.6923076923076923,0.17331343052109183,4
Multiple sclerosis,multiple_sclerosis,broad,55,Occipital Mid L,0.48903578348582644,0.9107089291070892,0.3180681931806819,0.892051639906432,0.6819318068193181,47,False,10000,0.4184863523573201,0.23455334987593057,6
Multiple sclerosis,multiple_sclerosis,broad,56,Occipital Mid R,0.22913527996808195,0.9844329852729012,0.36426357364263573,0.892051639906432,0.6357364263573643,53,False,10000,0.44513221153846155,0.07794471153846161,2
Multiple sclerosis,multiple_sclerosis,broad,57,Occipital Inf L,0.40530278831213606,0.9490690930906909,0.34236576342365765,0.892051639906432,0.6576342365763423,50,False,10000,0.6233250620347395,0.34007444168734496,6
Multiple sclerosis,multiple_sclerosis,broad,58,Occipital Inf R,-0.181315002249236,0.9977002299770023,0.514048595140486,0.9334040280182508,0.48595140485951405,76,False,10000,0.46862980769230766,0.046754807692307665,2
Multiple sclerosis,multiple_sclerosis,broad,59,Fusiform L,-1.143946365316558,0.9977002299770023,0.7678232176782321,0.9859834912031186,0.23217678232176786,100,False,10000,0.34615384615384615,0.1701612903225806,6
Multiple sclerosis,multiple_sclerosis,broad,60,Fusiform R,-1.1480409677274104,0.9977002299770023,0.8023197680231977,0.9859834912031186,0.1976802319768023,107,False,10000,0.3518028846153846,0.11742788461538456,2
Multiple sclerosis,multiple_sclerosis,broad,61,Postcentral L,1.2669916195451045,0.6588841115888412,0.17638236176382363,0.892051639906432,0.8236176382361764,25,False,10000,0.5826302729528536,0.12782548852357323,6
Multiple sclerosis,multiple_sclerosis,broad,62,Postcentral R,1.0143709313369191,0.7161483851614838,0.1837816218378162,0.892051639906432,0.8162183781621838,26,False,10000,0.47530048076923076,0.18623798076923082,2
Multiple sclerosis,multiple_sclerosis,broad,63,Parietal Sup L,0.5708187712737246,0.8959476145408716,0.33086691330866913,0.892051639906432,0.6691330866913309,48,False,10000,0.49609375,0.0481069711538461,6
Multiple sclerosis,multiple_sclerosis,broad,64,Parietal Sup R,-0.8383118176140795,0.9977002299770023,0.7124287571242875,0.9859834912031186,0.28757124287571245,94,False,10000,0.04248798076923077,0.01905048076923077,2
Multiple sclerosis,multiple_sclerosis,broad,65,Parietal Inf L,1.398109719199853,0.6557975781369231,0.13558644135586442,0.892051639906432,0.8644135586441356,18,False,10000,0.5806451612903225,0.1690136476426799,6
Multiple sclerosis,multiple_sclerosis,broad,66,Parietal Inf R,-0.31766315158341735,0.9977002299770023,0.5744425557444256,0.9343410486537553,0.4255574442555744,82,False,10000,0.23936298076923077,0.12217548076923074,2
Multiple sclerosis,multiple_sclerosis,broad,67,SupraMarginal L,0.8438113695646751,0.7842837337887832,0.24067593240675933,0.892051639906432,0.7593240675932407,33,False,10000,0.33518145161290325,0.5024464950372208,6
Multiple sclerosis,multiple_sclerosis,broad,68,SupraMarginal R,0.07273279816822685,0.9844329852729012,0.43965603439656037,0.892051639906432,0.5603439656034397,64,False,10000,0.4388822115384615,0.3841947115384616,2
Multiple sclerosis,multiple_sclerosis,broad,69,Angular L,1.367688941778204,0.6557975781369231,0.13858614138586142,0.892051639906432,0.8614138586141386,20,False,10000,0.65625,0.42754342431761794,5
Multiple sclerosis,multiple_sclerosis,broad,70,Angular R,-0.04114805291333942,0.9875595773755957,0.45895410458954106,0.892051639906432,0.5410458954104589,71,False,10000,0.35865384615384616,0.2663461538461539,2
Multiple sclerosis,multiple_sclerosis,broad,71,Precuneus L,0.496832922740384,0.9107089291070892,0.3494650534946505,0.892051639906432,0.6505349465053495,51,False,10000,0.43548387096774194,0.3115384615384615,6
Multiple sclerosis,multiple_sclerosis,broad,72,Precuneus R,0.8549373669272397,0.7842837337887832,0.25007499250074994,0.892051639906432,0.7499250074992501,36,False,10000,0.20955528846153848,0.03263221153846155,2
Multiple sclerosis,multiple_sclerosis,broad,73,Paracentral Lobule L,1.2411610109459472,0.6588841115888412,0.1494850514948505,0.892051639906432,0.8505149485051495,21,False,10000,0.6436491935483871,0.5211034429280397,6
Multiple sclerosis,multiple_sclerosis,broad,74,Paracentral Lobule R,0.3045416896539087,0.9613874976138751,0.35156484351564843,0.892051639906432,0.6484351564843516,52,False,10000,0.5061298076923078,0.29074519230769236,2
Multiple sclerosis,multiple_sclerosis,broad,75,Caudate L,-1.2116960970170563,0.9977002299770023,0.8293170682931706,0.9859834912031186,0.17068293170682936,110,False,10000,0.24516129032258066,0.16473809708436726,6
Multiple sclerosis,multiple_sclerosis,broad,76,Caudate R,-1.1113410457935364,0.9977002299770023,0.80991900809919,0.9859834912031186,0.19008099190080996,108,False,10000,0.4352764423076923,0.34933894230769236,2
Multiple sclerosis,multiple_sclerosis,broad,77,Putamen L,-1.6416005022361104,0.9977002299770023,0.8915108489151085,0.9859834912031186,0.10848915108489154,119,False,10000,0.20409429280397023,0.17920285359801486,6
Multiple sclerosis,multiple_sclerosis,broad,78,Putamen R,-0.36629212706026343,0.9977002299770023,0.5796420357964204,0.9343410486537553,0.4203579642035796,83,False,10000,0.3908052884615385,0.08611778846153845,2
Multiple sclerosis,multiple_sclerosis,broad,79,Pallidum L,-0.22623414454592478,0.9977002299770023,0.543945605439456,0.9343410486537553,0.456054394560544,80,False,10000,0.694044665012407,0.23107940446650121,6
Multiple sclerosis,multiple_sclerosis,broad,80,Pallidum R,0.3012336188992711,0.9613874976138751,0.33796620337966204,0.892051639906432,0.662033796620338,49,False,10000,0.80859375,0.19140625,2
Multiple sclerosis,multiple_sclerosis,broad,83,Heschl L,0.3801245621326759,0.9542692789544576,0.36546345365463456,0.892051639906432,0.6345365463453654,54,False,10000,0.6290322580645161,0.08004807692307692,5
Multiple sclerosis,multiple_sclerosis,broad,84,Heschl R,1.3426064747894488,0.6557975781369231,0.09779022097790221,0.892051639906432,0.9022097790220978,11,False,10000,0.6989182692307692,0.16045673076923073,2
Multiple sclerosis,multiple_sclerosis,broad,85,Temporal Sup L,-1.4323648259105541,0.9977002299770023,0.7975202479752025,0.9859834912031186,0.2024797520247975,105,False,10000,0.35508684863523576,0.131869378101737,6
Multiple sclerosis,multiple_sclerosis,broad,86,Temporal Sup R,0.6207641294240843,0.8921985850195469,0.27857214278572145,0.892051639906432,0.7214278572142785,39,False,10000,0.3895432692307692,0.25108173076923074,2
Multiple sclerosis,multiple_sclerosis,broad,87,Temporal Pole Sup L,-1.1406994922367224,0.9977002299770023,0.7935206479352065,0.9859834912031186,0.2064793520647935,104,False,10000,0.3365675403225806,0.5135070952233252,6
Multiple sclerosis,multiple_sclerosis,broad,88,Temporal Pole Sup R,-1.0327117102053707,0.9977002299770023,0.7751224877512248,0.9859834912031186,0.22487751224877517,102,False,10000,0.5760817307692307,0.3145432692307692,2
Multiple sclerosis,multiple_sclerosis,broad,89,Temporal Mid L,-2.382340681785943,0.9977002299770023,0.9527047295270473,0.9859834912031186,0.04729527047295268,130,False,10000,0.3305210918114144,0.05878373138957815,6
Multiple sclerosis,multiple_sclerosis,broad,90,Temporal Mid R,-1.3152900445844624,0.9977002299770023,0.8573142685731426,0.9859834912031186,0.14268573142685737,115,False,10000,0.490625,0.20937499999999992,2
Multiple sclerosis,multiple_sclerosis,broad,91,Temporal Pole Mid L,-0.6676107786467319,0.9977002299770023,0.684931506849315,0.9859834912031186,0.31506849315068497,92,False,10000,0.6532258064516129,0.3237593052109181,4
Multiple sclerosis,multiple_sclerosis,broad,93,Temporal Inf L,-2.601673398235433,0.9977002299770023,0.956004399560044,0.9859834912031186,0.043995600439955984,133,False,10000,0.42468982630272956,0.3294064050868486,6
Multiple sclerosis,multiple_sclerosis,broad,94,Temporal Inf R,-1.597865260812539,0.9977002299770023,0.8985101489851015,0.9859834912031186,0.10148985101489849,121,False,10000,0.30546875,0.09453125000000007,2
Multiple sclerosis,multiple_sclerosis,broad,95,Cerebellum Crus1 L,-1.5537910640756862,0.9977002299770023,0.8367163283671633,0.9859834912031186,0.16328367163283675,111,False,10000,0.15607940446650126,0.2489066377171216,6
Multiple sclerosis,multiple_sclerosis,broad,96,Cerebellum Crus1 R,-2.0092889017966193,0.9977002299770023,0.9485051494850515,0.9859834912031186,0.05149485051494851,129,False,10000,0.48227163461538464,0.2869591346153847,2
Multiple sclerosis,multiple_sclerosis,broad,97,Cerebellum Crus2 L,-2.7180518524173496,0.9977002299770023,0.9697030296970303,0.9871012898710129,0.03029697030296974,135,False,10000,0.10384615384615385,0.059074519230769236,6
Multiple sclerosis,multiple_sclerosis,broad,98,Cerebellum Crus2 R,-2.2696633987840085,0.9977002299770023,0.9445055494450555,0.9859834912031186,0.05549445055494451,128,False,10000,0.45913461538461536,0.2716346153846153,2
Multiple sclerosis,multiple_sclerosis,broad,101,Cerebellum 4 5 L,-1.16516006047075,0.9977002299770023,0.7745225477452254,0.9859834912031186,0.22547745225477456,101,False,10000,0.3384615384615385,0.4904466501240694,6
Multiple sclerosis,multiple_sclerosis,broad,102,Cerebellum 4 5 R,-2.163400678861711,0.9977002299770023,0.9574042595740426,0.9859834912031186,0.042595740425957374,134,False,10000,0.3272836538461539,0.21959134615384618,2
Multiple sclerosis,multiple_sclerosis,broad,103,Cerebellum 6 L,-1.1632991184568464,0.9977002299770023,0.7616238376162384,0.9859834912031186,0.23837616238376158,98,False,10000,0.3961538461538462,0.30500155086848635,6
Multiple sclerosis,multiple_sclerosis,broad,104,Cerebellum 6 R,-2.7310815781899076,0.9977002299770023,0.9871012898710129,0.9871012898710129,0.012898710128987134,138,False,10000,0.2420673076923077,0.22668269230769228,2
Multiple sclerosis,multiple_sclerosis,broad,105,Cerebellum 7b L,-1.8944329948479666,0.9977002299770023,0.8963103689631037,0.9859834912031186,0.10368963103689632,120,False,10000,0.2684863523573201,0.4496781947890819,6
Multiple sclerosis,multiple_sclerosis,broad,106,Cerebellum 7b R,-0.9012148534293929,0.9977002299770023,0.7253274672532747,0.9859834912031186,0.2746725327467253,95,False,10000,0.31177884615384616,0.2805288461538461,2
Multiple sclerosis,multiple_sclerosis,broad,107,Cerebellum 8 L,-1.998342003767886,0.9977002299770023,0.922107789221078,0.9859834912031186,0.07789221077892206,124,False,10000,0.3180288461538462,0.27247596153846154,6
Multiple sclerosis,multiple_sclerosis,broad,108,Cerebellum 8 R,1.068066281998331,0.6894551924117933,0.1384861513848615,0.892051639906432,0.8615138486151385,19,False,10000,0.4365985576923077,0.1787860576923077,2
Multiple sclerosis,multiple_sclerosis,broad,109,Cerebellum 9 L,-0.4965227427866208,0.9977002299770023,0.616938306169383,0.9583064165493562,0.38306169383061695,88,False,10000,0.11290322580645161,0.01134072580645161,5
Multiple sclerosis,multiple_sclerosis,broad,110,Cerebellum 9 R,-0.40421726350923026,0.9977002299770023,0.5852414758524147,0.9343410486537553,0.4147585241475853,86,False,10000,0.15558894230769232,0.0709735576923077,2
Multiple sclerosis,multiple_sclerosis,broad,111,Cerebellum 10 L,-0.9488767989893486,0.9977002299770023,0.7524247575242475,0.9859834912031186,0.24757524247575247,97,False,10000,0.8870967741935484,0.47655086848635236,3
Multiple sclerosis,multiple_sclerosis,broad,118,Vermis 8,2.530291477175979,0.2276772322767723,0.020897910208979104,0.892051639906432,0.9791020897910209,3,False,10000,1.0,0.0346153846153846,3
Multiple sclerosis,multiple_sclerosis,broad,119,Vermis 9,3.1442008183407504,0.15178482151784822,0.004999500049995001,0.6899310068993101,0.995000499950005,1,False,10000,0.9844951923076923,0.019411057692307665,4
Multiple sclerosis,multiple_sclerosis,broad,121,Thal AV L,0.7820715820340187,0.7876107126129492,0.20787921207879212,0.892051639906432,0.7921207879212079,29,False,10000,0.7807692307692308,0.1088709677419355,4
Multiple sclerosis,multiple_sclerosis,broad,122,Thal AV R,1.0921693415239515,0.6864813518648135,0.15828417158284172,0.892051639906432,0.8417158284171583,23,False,10000,0.7188701923076923,0.23425480769230766,2
Multiple sclerosis,multiple_sclerosis,broad,125,Thal VA L,2.1541686837759846,0.39556044395560447,0.020597940205979402,0.892051639906432,0.9794020597940206,2,False,10000,0.9516129032258065,0.06887019230769231,5
Multiple sclerosis,multiple_sclerosis,broad,127,Thal VL L,-0.13689667442896708,0.9977002299770023,0.49455054494550543,0.90997300269973,0.5054494550544946,75,False,10000,0.5832932692307693,0.5206788926799008,6
Multiple sclerosis,multiple_sclerosis,broad,128,Thal VL R,1.744647910448155,0.5850614938506149,0.10168983101689831,0.892051639906432,0.8983101689831017,13,False,10000,0.7518629807692307,0.009675480769230749,2
Multiple sclerosis,multiple_sclerosis,broad,129,Thal VPL L,0.6568626641873607,0.8782821717828216,0.2652734726527347,0.892051639906432,0.7347265273472653,38,False,10000,0.6153846153846154,0.11348189361042171,6
Multiple sclerosis,multiple_sclerosis,broad,130,Thal VPL R,-1.3637174236083083,0.9977002299770023,0.8222177782221778,0.9859834912031186,0.1777822217778222,109,False,10000,0.478125,0.3218750000000001,2
Multiple sclerosis,multiple_sclerosis,broad,131,Thal IL L,1.8018337266247824,0.5850614938506149,0.10078992100789921,0.892051639906432,0.8992100789921008,12,False,10000,0.9153846153846154,0.2998798076923077,5
Multiple sclerosis,multiple_sclerosis,broad,135,Thal MDm L,1.3349421701762456,0.6557975781369231,0.11068893110688931,0.892051639906432,0.8893110688931107,15,False,10000,0.14516129032258066,0.36334134615384617,3
Multiple sclerosis,multiple_sclerosis,broad,136,Thal MDm R,1.365193998086422,0.6557975781369231,0.07829217078292171,0.892051639906432,0.9217078292170783,9,False,10000,0.5264423076923077,0.4110576923076923,2
Multiple sclerosis,multiple_sclerosis,broad,137,Thal MDl L,-0.8652374267042245,0.9977002299770023,0.7048295170482952,0.9859834912031186,0.2951704829517048,93,False,10000,0.06153846153846154,0.2761786600496278,3
Multiple sclerosis,multiple_sclerosis,broad,139,Thal LGN L,-0.09254594829638708,0.9977002299770023,0.49125087491250874,0.90997300269973,0.5087491250874913,73,False,10000,0.5615384615384615,0.38125,5
Multiple sclerosis,multiple_sclerosis,broad,140,Thal LGN R,1.19988343950802,0.6588841115888412,0.15328467153284672,0.892051639906432,0.8467153284671532,22,False,10000,0.8725360576923077,0.0571514423076922,2
Multiple sclerosis,multiple_sclerosis,broad,141,Thal MGN L,0.022953733898881074,0.9844329852729012,0.44665533446655337,0.892051639906432,0.5533446655334466,66,False,10000,0.6076923076923078,0.2692307692307693,2
Multiple sclerosis,multiple_sclerosis,broad,143,Thal PuI L,-1.8682191115737994,0.9977002299770023,0.9074092590740926,0.9859834912031186,0.09259074092590736,122,False,10000,0.5769230769230769,0.2692307692307693,2
Multiple sclerosis,multiple_sclerosis,broad,144,Thal PuI R,-2.4734158487529454,0.9977002299770023,0.98000199980002,0.9871012898710129,0.019998000199979993,137,False,10000,0.5161057692307692,0.4223557692307692,2
Multiple sclerosis,multiple_sclerosis,broad,145,Thal PuM L,-0.2294172244868491,0.9977002299770023,0.5244475552444755,0.9343410486537553,0.4755524447555245,77,False,10000,0.7903225806451613,0.3538461538461538,5
Multiple sclerosis,multiple_sclerosis,broad,146,Thal PuM R,-0.32359709500497064,0.9977002299770023,0.5644435556444356,0.9343410486537553,0.4355564443555644,81,False,10000,0.3177884615384615,0.005288461538461575,2
Multiple sclerosis,multiple_sclerosis,broad,147,Thal PuA L,-0.43085219924974766,0.9977002299770023,0.5843415658434157,0.9343410486537553,0.4156584341565843,85,False,10000,0.8923076923076924,0.16166253101736971,3
Multiple sclerosis,multiple_sclerosis,broad,148,Thal PuA R,0.17977069789449654,0.9844329852729012,0.43325667433256676,0.892051639906432,0.5667433256674332,62,False,10000,0.5455528846153846,0.37632211538461546,2
Multiple sclerosis,multiple_sclerosis,broad,153,ACC pre L,-0.2679682752454595,0.9977002299770023,0.5391460853914608,0.9343410486537553,0.4608539146085392,79,False,10000,0.4153846153846154,0.4799647177419355,3
Multiple sclerosis,multiple_sclerosis,broad,154,ACC pre R,-1.9435071480769075,0.9977002299770023,0.9224077592240776,0.9859834912031186,0.07759224077592242,125,False,10000,0.6786658653846154,0.047896634615384626,2
Multiple sclerosis,multiple_sclerosis,broad,155,ACC sup L,0.23162767815792762,0.9844329852729012,0.3825617438256174,0.892051639906432,0.6174382561743825,58,False,10000,0.5111662531017369,0.23743796526054584,6
Multiple sclerosis,multiple_sclerosis,broad,156,ACC sup R,-0.4013281846917632,0.9977002299770023,0.589041095890411,0.9343410486537553,0.410958904109589,87,False,10000,0.8406850961538461,0.051622596153846234,2
Multiple sclerosis,multiple_sclerosis,broad,157,N Acc L,1.2778750547733915,0.6588841115888412,0.09759024097590241,0.892051639906432,0.9024097590240976,10,False,10000,0.9032258064516129,0.1501240694789081,5
Multiple sclerosis,multiple_sclerosis,broad,158,N Acc R,-0.9785906821040714,0.9977002299770023,0.79002099790021,0.9859834912031186,0.20997900209979004,103,False,10000,0.48900240384615384,0.4186899038461539,2
Multiple sclerosis,multiple_sclerosis,broad,161,SN pc L,2.9791557542744926,0.15178482151784822,0.07379262073792621,0.892051639906432,0.9262073792620737,8,False,10000,0.9000756048387097,0.04523689516129037,2
Multiple sclerosis,multiple_sclerosis,broad,163,SN pr L,0.9870908518932457,0.7205466953304669,0.2983701629837016,0.892051639906432,0.7016298370162983,42,False,10000,0.8769230769230769,0.2217548076923077,5
Multiple sclerosis,multiple_sclerosis,broad,164,SN pr R,1.4301841785130305,0.6557975781369231,0.0420957904209579,0.892051639906432,0.9579042095790421,5,False,10000,0.6565504807692308,0.19501201923076927,2
Multiple sclerosis,multiple_sclerosis,broad,165,Red N L,2.522109133237336,0.2276772322767723,0.24427557244275572,0.892051639906432,0.7557244275572443,35,False,10000,0.823076923076923,0.24350961538461535,4
Multiple sclerosis,multiple_sclerosis,broad,166,Red N R,0.48090689594175673,0.9107089291070892,0.38516148385161486,0.892051639906432,0.6148385161483851,59,False,10000,0.8420072115384616,0.11893028846153852,2
Multiple sclerosis,multiple_sclerosis,broad,167,LC L,2.1530096179505165,0.39556044395560447,0.048295170482951705,0.892051639906432,0.9517048295170483,6,False,10000,0.7653846153846153,0.22951399658808924,4
Multiple sclerosis,multiple_sclerosis,broad,168,LC R,0.20375826809177824,0.9844329852729012,0.37736226377362264,0.892051639906432,0.6226377362263773,55,False,10000,0.1078125,0.09218750000000002,2
Multiple sclerosis,multiple_sclerosis,broad,169,Raphe D,1.7153798392995527,0.5850614938506149,0.31056894310568944,0.892051639906432,0.6894310568943105,44,False,10000,0.5555288461538461,0.16322115384615382,2
Multiple sclerosis,multiple_sclerosis,broad,170,Raphe M,1.1334061896650305,0.672948089806404,0.10948905109489052,0.892051639906432,0.8905109489051095,14,False,10000,0.328125,0.24615384615384617,3
Multiple sclerosis,multiple_sclerosis,stringent,1,Precentral L,1.2395601606574036,0.9544287676495509,0.11658834116588342,0.8938439489384395,0.8834116588341165,18,False,10000,0.7115384615384616,0.12232378256823817,6
Multiple sclerosis,multiple_sclerosis,stringent,2,Precentral R,-0.32890517929907365,0.9544287676495509,0.5789421057894211,0.9009935741119766,0.42105789421057893,81,False,10000,0.26694711538461535,0.06382211538461541,2
Multiple sclerosis,multiple_sclerosis,stringent,3,Frontal Sup 2 L,-0.29586194549738376,0.9544287676495509,0.5883411658834117,0.9009935741119766,0.4116588341165883,83,False,10000,0.3649193548387097,0.19542493796526053,6
Multiple sclerosis,multiple_sclerosis,stringent,4,Frontal Sup 2 R,-1.9424735042531653,0.9973002699730027,0.9562043795620438,0.9853014698530147,0.04379562043795615,133,False,10000,0.38521634615384615,0.1929086538461538,2
Multiple sclerosis,multiple_sclerosis,stringent,5,Frontal Mid 2 L,-0.3701729031774288,0.9544287676495509,0.6099390060993901,0.9009935741119766,0.3900609939006099,88,False,10000,0.5806451612903225,0.3423697270471464,6
Multiple sclerosis,multiple_sclerosis,stringent,6,Frontal Mid 2 R,-0.2685669008872237,0.9544287676495509,0.5740425957404259,0.9009935741119766,0.42595740425957407,80,False,10000,0.46796875,0.13203124999999993,2
Multiple sclerosis,multiple_sclerosis,stringent,7,Frontal Inf Oper L,0.340410092652109,0.9544287676495509,0.34566543345665435,0.9009935741119766,0.6543345665433457,48,False,10000,0.4838709677419355,0.32307692307692304,3
Multiple sclerosis,multiple_sclerosis,stringent,8,Frontal Inf Oper R,0.6679772350102184,0.9544287676495509,0.2156784321567843,0.9009935741119766,0.7843215678432157,26,False,10000,0.2713341346153846,0.0021033653846153633,2
Multiple sclerosis,multiple_sclerosis,stringent,9,Frontal Inf Tri L,0.6567883995313619,0.9544287676495509,0.2526747325267473,0.9009935741119766,0.7473252674732527,31,False,10000,0.6222084367245657,0.19119106699751864,6
Multiple sclerosis,multiple_sclerosis,stringent,10,Frontal Inf Tri R,-0.37530396803508353,0.9544287676495509,0.6211378862113789,0.9009935741119766,0.3788621137886211,94,False,10000,0.43515625,0.13515624999999998,2
Multiple sclerosis,multiple_sclerosis,stringent,11,Frontal Inf Orb 2 L,0.4739027364284774,0.9544287676495509,0.2736726327367263,0.9009935741119766,0.7263273672632737,35,False,10000,0.6038461538461539,0.4183622828784119,6
Multiple sclerosis,multiple_sclerosis,stringent,12,Frontal Inf Orb 2 R,0.37242899431883775,0.9544287676495509,0.32256774322567744,0.9009935741119766,0.6774322567743225,46,False,10000,0.6299879807692308,0.2315504807692308,2
Multiple sclerosis,multiple_sclerosis,stringent,13,Rolandic Oper L,0.5933323381391733,0.9544287676495509,0.2743725627437256,0.9009935741119766,0.7256274372562743,36,False,10000,0.5661290322580645,0.174379652605459,6
Multiple sclerosis,multiple_sclerosis,stringent,14,Rolandic Oper R,-1.7063790492248185,0.9973002699730027,0.9371062893710629,0.9853014698530147,0.06289371062893712,129,False,10000,0.7167668269230769,0.037079326923076916,2
Multiple sclerosis,multiple_sclerosis,stringent,15,Supp Motor Area L,0.6761813658221583,0.9544287676495509,0.17048295170482952,0.9009935741119766,0.8295170482951705,22,False,10000,0.3064516129032258,0.2284119106699752,6
Multiple sclerosis,multiple_sclerosis,stringent,16,Supp Motor Area R,0.13893407183176595,0.9544287676495509,0.40905909409059094,0.9009935741119766,0.5909409059094091,54,False,10000,0.5010216346153846,0.13179086538461537,2
Multiple sclerosis,multiple_sclerosis,stringent,17,Olfactory L,0.8594483588188103,0.9544287676495509,0.19928007199280073,0.9009935741119766,0.8007199280071993,25,False,10000,0.4603966346153846,0.37907006048387104,4
Multiple sclerosis,multiple_sclerosis,stringent,18,Olfactory R,0.5852522825572574,0.9544287676495509,0.2450754924507549,0.9009935741119766,0.7549245075492451,30,False,10000,0.5963341346153845,0.07289663461538465,2
Multiple sclerosis,multiple_sclerosis,stringent,19,Frontal Sup Medial L,-1.1904434580133545,0.9973002699730027,0.8898110188981102,0.9823513648635136,0.1101889811018898,125,False,10000,0.5772952853598015,0.18151364764267985,6
Multiple sclerosis,multiple_sclerosis,stringent,20,Frontal Sup Medial R,-2.2307375023417286,0.9973002699730027,0.9748025197480252,0.9853014698530147,0.02519748025197477,135,False,10000,0.3660456730769231,0.2198918269230769,2
Multiple sclerosis,multiple_sclerosis,stringent,21,Frontal Med Orb L,-0.5140314623288514,0.9718171040038853,0.6398360163983602,0.9009935741119766,0.3601639836016398,98,False,10000,0.3044665012406948,0.636618912841191,6
Multiple sclerosis,multiple_sclerosis,stringent,22,Frontal Med Orb R,-0.6873645200716798,0.9973002699730027,0.666933306669333,0.9184962691849626,0.33306669333066696,99,False,10000,0.5953725961538462,0.3030649038461538,2
Multiple sclerosis,multiple_sclerosis,stringent,23,Rectus L,-0.9758343236937916,0.9973002699730027,0.8091190880911909,0.9819276136902438,0.19088091190880907,111,False,10000,0.34185987903225806,0.6371830412531018,6
Multiple sclerosis,multiple_sclerosis,stringent,24,Rectus R,-0.4163997121786754,0.9544287676495509,0.615038496150385,0.9009935741119766,0.384961503849615,91,False,10000,0.7292668269230769,0.07542067307692302,2
Multiple sclerosis,multiple_sclerosis,stringent,25,OFCmed L,-0.7410462322174921,0.9973002699730027,0.7533246675332467,0.9819276136902438,0.24667533246675333,104,False,10000,0.44146634615384617,0.1350360576923077,6
Multiple sclerosis,multiple_sclerosis,stringent,26,OFCmed R,-0.8287622219900596,0.9973002699730027,0.7903209679032097,0.9819276136902438,0.20967903209679029,107,False,10000,0.6011418269230769,0.04729567307692295,2
Multiple sclerosis,multiple_sclerosis,stringent,27,OFCant L,-0.34655205526574834,0.9544287676495509,0.6135386461353864,0.9009935741119766,0.38646135386461355,90,False,10000,0.5156327543424317,0.5445050790942928,6
Multiple sclerosis,multiple_sclerosis,stringent,28,OFCant R,-0.20232336116793842,0.9544287676495509,0.5516448355164484,0.9009935741119766,0.4483551644835516,76,False,10000,0.5579927884615384,0.018930288461538547,2
Multiple sclerosis,multiple_sclerosis,stringent,29,OFCpost L,-0.015551834565326156,0.9544287676495509,0.47035296470352966,0.9009935741119766,0.5296470352964704,65,False,10000,0.2076923076923077,0.3352764423076923,6
Multiple sclerosis,multiple_sclerosis,stringent,30,OFCpost R,-0.3951023380131233,0.9544287676495509,0.6168383161683831,0.9009935741119766,0.38316168383161686,93,False,10000,0.6731971153846155,0.15757211538461535,2
Multiple sclerosis,multiple_sclerosis,stringent,31,OFClat L,0.41402588984815347,0.9544287676495509,0.28817118288171184,0.9009935741119766,0.7118288171182882,41,False,10000,0.2678660049627791,0.15688585607940442,4
Multiple sclerosis,multiple_sclerosis,stringent,32,OFClat R,0.012514363815323087,0.9544287676495509,0.45825417458254175,0.9009935741119766,0.5417458254174583,62,False,10000,0.7413461538461539,0.13365384615384623,2
Multiple sclerosis,multiple_sclerosis,stringent,33,Insula L,-1.3422619448422828,0.9973002699730027,0.8751124887511249,0.9819276136902438,0.1248875112488751,122,False,10000,0.5057071960297768,0.3895781637717121,6
Multiple sclerosis,multiple_sclerosis,stringent,34,Insula R,0.489917861370866,0.9544287676495509,0.2745725427457254,0.9009935741119766,0.7254274572542746,37,False,10000,0.5918870192307693,0.14657451923076925,2
Multiple sclerosis,multiple_sclerosis,stringent,37,Cingulate Mid L,0.10133506736396689,0.9544287676495509,0.43885611438856115,0.9009935741119766,0.5611438856114388,59,False,10000,0.49981971153846155,0.3114425015508685,6
Multiple sclerosis,multiple_sclerosis,stringent,38,Cingulate Mid R,0.18369195073147232,0.9544287676495509,0.38416158384161586,0.9009935741119766,0.6158384161583841,52,False,10000,0.32626201923076925,0.08780048076923075,2
Multiple sclerosis,multiple_sclerosis,stringent,39,Cingulate Post L,0.5911001534517659,0.9544287676495509,0.21657834216578342,0.9009935741119766,0.7834216578342166,27,False,10000,0.6451612903225806,0.7897836538461539,5
Multiple sclerosis,multiple_sclerosis,stringent,41,Hippocampus L,-0.5484831187784489,0.9752864713528647,0.6722327767223277,0.9184962691849626,0.32776722327767227,101,False,10000,0.3192307692307692,0.1778535980148884,6
Multiple sclerosis,multiple_sclerosis,stringent,42,Hippocampus R,-0.5007098757081894,0.9718171040038853,0.6343365663433657,0.9009935741119766,0.36566343365663434,96,False,10000,0.3661658653846154,0.2353966346153846,2
Multiple sclerosis,multiple_sclerosis,stringent,43,ParaHippocampal L,0.3670554712984059,0.9544287676495509,0.31766823317668236,0.9009935741119766,0.6823317668233176,45,False,10000,0.7338709677419355,0.14141206575682386,6
Multiple sclerosis,multiple_sclerosis,stringent,44,ParaHippocampal R,0.9718955271355305,0.9544287676495509,0.1486851314868513,0.9009935741119766,0.8513148685131486,21,False,10000,0.8602764423076923,0.02433894230769229,2
Multiple sclerosis,multiple_sclerosis,stringent,45,Amygdala L,1.8434313874103665,0.8637936206379362,0.024897510248975102,0.7687802648306598,0.9751024897510249,4,False,10000,0.8538461538461538,0.06153846153846154,5
Multiple sclerosis,multiple_sclerosis,stringent,46,Amygdala R,-0.2458677059296779,0.9544287676495509,0.5691430856914309,0.9009935741119766,0.4308569143085691,79,False,10000,0.09338942307692308,0.04723557692307692,2
Multiple sclerosis,multiple_sclerosis,stringent,47,Calcarine L,-0.3606334888629136,0.9544287676495509,0.6158384161583842,0.9009935741119766,0.3841615838416158,92,False,10000,0.4456730769230769,0.09341656327543418,6
Multiple sclerosis,multiple_sclerosis,stringent,48,Calcarine R,-0.22509248667194334,0.9544287676495509,0.5601439856014399,0.9009935741119766,0.43985601439856015,77,False,10000,0.36286057692307694,0.30901442307692306,2
Multiple sclerosis,multiple_sclerosis,stringent,49,Cuneus L,-0.9426498846557431,0.9973002699730027,0.8013198680131987,0.9819276136902438,0.19868013198680134,109,False,10000,0.27419354838709675,0.22091346153846153,5
Multiple sclerosis,multiple_sclerosis,stringent,51,Lingual L,-0.20599642371134838,0.9544287676495509,0.5483451654834517,0.9009935741119766,0.4516548345165483,75,False,10000,0.5148883374689827,0.35549104373449125,6
Multiple sclerosis,multiple_sclerosis,stringent,52,Lingual R,0.007060724903196565,0.9544287676495509,0.46755324467553244,0.9009935741119766,0.5324467553244676,64,False,10000,0.44579326923076923,0.007331730769230771,2
Multiple sclerosis,multiple_sclerosis,stringent,53,Occipital Sup L,-0.0630506331367973,0.9544287676495509,0.49235076492350766,0.9009935741119766,0.5076492350764923,68,False,10000,0.6923076923076923,0.17331343052109183,4
Multiple sclerosis,multiple_sclerosis,stringent,55,Occipital Mid L,-0.789449353521044,0.9973002699730027,0.787021297870213,0.9819276136902438,0.21297870212978698,105,False,10000,0.4184863523573201,0.23455334987593057,6
Multiple sclerosis,multiple_sclerosis,stringent,56,Occipital Mid R,-0.2401343022269657,0.9544287676495509,0.5665433456654334,0.9009935741119766,0.4334566543345666,78,False,10000,0.44513221153846155,0.07794471153846161,2
Multiple sclerosis,multiple_sclerosis,stringent,57,Occipital Inf L,-0.3548872201315537,0.9544287676495509,0.6102389761023898,0.9009935741119766,0.38976102389761025,89,False,10000,0.6233250620347395,0.34007444168734496,6
Multiple sclerosis,multiple_sclerosis,stringent,58,Occipital Inf R,0.006687468985449936,0.9544287676495509,0.4597540245975402,0.9009935741119766,0.5402459754024598,63,False,10000,0.46862980769230766,0.046754807692307665,2
Multiple sclerosis,multiple_sclerosis,stringent,59,Fusiform L,0.012731381798392897,0.9544287676495509,0.45515448455154484,0.9009935741119766,0.5448455154484552,61,False,10000,0.34615384615384615,0.1701612903225806,6
Multiple sclerosis,multiple_sclerosis,stringent,60,Fusiform R,-0.4790539152505543,0.9718171040038853,0.6372362763723628,0.9009935741119766,0.3627637236276372,97,False,10000,0.3518028846153846,0.11742788461538456,2
Multiple sclerosis,multiple_sclerosis,stringent,61,Postcentral L,0.586093270440236,0.9544287676495509,0.2725727427257274,0.9009935741119766,0.7274272572742726,34,False,10000,0.5826302729528536,0.12782548852357323,6
Multiple sclerosis,multiple_sclerosis,stringent,62,Postcentral R,0.19254556939699907,0.9544287676495509,0.39466053394660533,0.9009935741119766,0.6053394660533946,53,False,10000,0.47530048076923076,0.18623798076923082,2
Multiple sclerosis,multiple_sclerosis,stringent,63,Parietal Sup L,-0.19688548801151745,0.9544287676495509,0.536046395360464,0.9009935741119766,0.46395360463953605,73,False,10000,0.49609375,0.0481069711538461,6
Multiple sclerosis,multiple_sclerosis,stringent,64,Parietal Sup R,-1.5064354594169405,0.9973002699730027,0.9189081091890811,0.9853014698530147,0.08109189081091894,127,False,10000,0.04248798076923077,0.01905048076923077,2
Multiple sclerosis,multiple_sclerosis,stringent,65,Parietal Inf L,1.1564902522855105,0.9544287676495509,0.09509049095090491,0.8782415876059452,0.9049095090490951,14,False,10000,0.5806451612903225,0.1690136476426799,6
Multiple sclerosis,multiple_sclerosis,stringent,66,Parietal Inf R,-0.8231600488308121,0.9973002699730027,0.7992200779922007,0.9819276136902438,0.20077992200779926,108,False,10000,0.23936298076923077,0.12217548076923074,2
Multiple sclerosis,multiple_sclerosis,stringent,67,SupraMarginal L,1.2820564819861107,0.9544287676495509,0.10778922107789221,0.8782415876059452,0.8922107789221078,16,False,10000,0.33518145161290325,0.5024464950372208,6
Multiple sclerosis,multiple_sclerosis,stringent,68,SupraMarginal R,0.6482215002442664,0.9544287676495509,0.2395760423957604,0.9009935741119766,0.7604239576042395,29,False,10000,0.4388822115384615,0.3841947115384616,2
Multiple sclerosis,multiple_sclerosis,stringent,69,Angular L,1.523323789006471,0.9413725294137253,0.0800919908009199,0.8782415876059452,0.9199080091990801,12,False,10000,0.65625,0.42754342431761794,5
Multiple sclerosis,multiple_sclerosis,stringent,70,Angular R,0.2239206196789761,0.9544287676495509,0.37496250374962503,0.9009935741119766,0.625037496250375,51,False,10000,0.35865384615384616,0.2663461538461539,2
Multiple sclerosis,multiple_sclerosis,stringent,71,Precuneus L,0.4678677713116075,0.9544287676495509,0.27747225277472254,0.9009935741119766,0.7225277472252775,38,False,10000,0.43548387096774194,0.3115384615384615,6
Multiple sclerosis,multiple_sclerosis,stringent,72,Precuneus R,0.952827130385856,0.9544287676495509,0.10108989101089891,0.8782415876059452,0.8989101089891011,15,False,10000,0.20955528846153848,0.03263221153846155,2
Multiple sclerosis,multiple_sclerosis,stringent,73,Paracentral Lobule L,-0.13227743904730827,0.9544287676495509,0.5207479252074793,0.9009935741119766,0.47925207479252074,72,False,10000,0.6436491935483871,0.5211034429280397,6
Multiple sclerosis,multiple_sclerosis,stringent,74,Paracentral Lobule R,-0.1486619310779618,0.9544287676495509,0.5167483251674833,0.9009935741119766,0.48325167483251674,70,False,10000,0.5061298076923078,0.29074519230769236,2
Multiple sclerosis,multiple_sclerosis,stringent,75,Caudate L,-0.1950974790136504,0.9544287676495509,0.537046295370463,0.9009935741119766,0.462953704629537,74,False,10000,0.24516129032258066,0.16473809708436726,6
Multiple sclerosis,multiple_sclerosis,stringent,76,Caudate R,-0.34536702421725735,0.9544287676495509,0.6220377962203779,0.9009935741119766,0.3779622037796221,95,False,10000,0.4352764423076923,0.34933894230769236,2
Multiple sclerosis,multiple_sclerosis,stringent,77,Putamen L,-1.0268066071106354,0.9973002699730027,0.831916808319168,0.9819276136902438,0.16808319168083197,116,False,10000,0.20409429280397023,0.17920285359801486,6
Multiple sclerosis,multiple_sclerosis,stringent,78,Putamen R,-0.8813968594299753,0.9973002699730027,0.7896210378962104,0.9819276136902438,0.2103789621037896,106,False,10000,0.3908052884615385,0.08611778846153845,2
Multiple sclerosis,multiple_sclerosis,stringent,79,Pallidum L,0.10616284170642369,0.9544287676495509,0.41005899410058994,0.9009935741119766,0.5899410058994101,55,False,10000,0.694044665012407,0.23107940446650121,6
Multiple sclerosis,multiple_sclerosis,stringent,80,Pallidum R,-0.3015756456418063,0.9544287676495509,0.6069393060693931,0.9009935741119766,0.39306069393060694,86,False,10000,0.80859375,0.19140625,2
Multiple sclerosis,multiple_sclerosis,stringent,83,Heschl L,-0.3472462606714236,0.9544287676495509,0.5982401759824018,0.9009935741119766,0.40175982401759824,85,False,10000,0.6290322580645161,0.08004807692307692,5
Multiple sclerosis,multiple_sclerosis,stringent,84,Heschl R,0.3031268357351755,0.9544287676495509,0.3424657534246575,0.9009935741119766,0.6575342465753424,47,False,10000,0.6989182692307692,0.16045673076923073,2
Multiple sclerosis,multiple_sclerosis,stringent,85,Temporal Sup L,-0.12441322156980616,0.9544287676495509,0.5185481451854814,0.9009935741119766,0.4814518548145186,71,False,10000,0.35508684863523576,0.131869378101737,6
Multiple sclerosis,multiple_sclerosis,stringent,86,Temporal Sup R,0.09081277773811465,0.9544287676495509,0.43295670432956707,0.9009935741119766,0.567043295670433,57,False,10000,0.3895432692307692,0.25108173076923074,2
Multiple sclerosis,multiple_sclerosis,stringent,87,Temporal Pole Sup L,0.3244055839142376,0.9544287676495509,0.34656534346565343,0.9009935741119766,0.6534346565343465,49,False,10000,0.3365675403225806,0.5135070952233252,6
Multiple sclerosis,multiple_sclerosis,stringent,88,Temporal Pole Sup R,-1.31451644069576,0.9973002699730027,0.8697130286971303,0.9819276136902438,0.1302869713028697,121,False,10000,0.5760817307692307,0.3145432692307692,2
Multiple sclerosis,multiple_sclerosis,stringent,89,Temporal Mid L,-0.730126193069021,0.9973002699730027,0.7518248175182481,0.9819276136902438,0.24817518248175185,103,False,10000,0.3305210918114144,0.05878373138957815,6
Multiple sclerosis,multiple_sclerosis,stringent,90,Temporal Mid R,0.005947916084832315,0.9544287676495509,0.47225277472252775,0.9009935741119766,0.5277472252774722,66,False,10000,0.490625,0.20937499999999992,2
Multiple sclerosis,multiple_sclerosis,stringent,91,Temporal Pole Mid L,0.228663653222499,0.9544287676495509,0.3698630136986301,0.9009935741119766,0.6301369863013699,50,False,10000,0.6532258064516129,0.3237593052109181,4
Multiple sclerosis,multiple_sclerosis,stringent,93,Temporal Inf L,-0.5826984988435109,0.9801118898011189,0.6692330766923308,0.9184962691849626,0.3307669233076692,100,False,10000,0.42468982630272956,0.3294064050868486,6
Multiple sclerosis,multiple_sclerosis,stringent,94,Temporal Inf R,-1.1707925100128265,0.9973002699730027,0.8646135386461354,0.9819276136902438,0.13538646135386456,119,False,10000,0.30546875,0.09453125000000007,2
Multiple sclerosis,multiple_sclerosis,stringent,95,Cerebellum Crus1 L,-1.1996027403134981,0.9973002699730027,0.8221177882211779,0.9819276136902438,0.17788221177882213,114,False,10000,0.15607940446650126,0.2489066377171216,6
Multiple sclerosis,multiple_sclerosis,stringent,96,Cerebellum Crus1 R,-1.2612062081044164,0.9973002699730027,0.8758124187581242,0.9819276136902438,0.12418758124187579,123,False,10000,0.48227163461538464,0.2869591346153847,2
Multiple sclerosis,multiple_sclerosis,stringent,97,Cerebellum Crus2 L,-2.229735898600216,0.9973002699730027,0.9819018098190181,0.9853014698530147,0.01809819018098191,137,False,10000,0.10384615384615385,0.059074519230769236,6
Multiple sclerosis,multiple_sclerosis,stringent,98,Cerebellum Crus2 R,-1.8983445390196945,0.9973002699730027,0.9524047595240476,0.9853014698530147,0.04759524047595243,132,False,10000,0.45913461538461536,0.2716346153846153,2
Multiple sclerosis,multiple_sclerosis,stringent,101,Cerebellum 4 5 L,-0.37879280685694433,0.9544287676495509,0.6086391360863913,0.9009935741119766,0.3913608639136087,87,False,10000,0.3384615384615385,0.4904466501240694,6
Multiple sclerosis,multiple_sclerosis,stringent,102,Cerebellum 4 5 R,-1.6625076162238674,0.9973002699730027,0.9077092290770923,0.9853014698530147,0.09229077092290772,126,False,10000,0.3272836538461539,0.21959134615384618,2
Multiple sclerosis,multiple_sclerosis,stringent,103,Cerebellum 6 L,-1.2390753435512925,0.9973002699730027,0.8156184381561844,0.9819276136902438,0.1843815618438156,112,False,10000,0.3961538461538462,0.30500155086848635,6
Multiple sclerosis,multiple_sclerosis,stringent,104,Cerebellum 6 R,-1.9945050402164044,0.9973002699730027,0.9581041895810419,0.9853014698530147,0.04189581041895807,134,False,10000,0.2420673076923077,0.22668269230769228,2
Multiple sclerosis,multiple_sclerosis,stringent,105,Cerebellum 7b L,-2.412950740408685,0.9973002699730027,0.9804019598040196,0.9853014698530147,0.019598040195980437,136,False,10000,0.2684863523573201,0.4496781947890819,6
Multiple sclerosis,multiple_sclerosis,stringent,106,Cerebellum 7b R,-1.3421420708142167,0.9973002699730027,0.8823117688231177,0.9819276136902438,0.11768823117688232,124,False,10000,0.31177884615384616,0.2805288461538461,2
Multiple sclerosis,multiple_sclerosis,stringent,107,Cerebellum 8 L,-2.6957731857327567,0.9973002699730027,0.9853014698530147,0.9853014698530147,0.0146985301469853,138,False,10000,0.3180288461538462,0.27247596153846154,6
Multiple sclerosis,multiple_sclerosis,stringent,108,Cerebellum 8 R,-1.7330785910138182,0.9973002699730027,0.9313068693130687,0.9853014698530147,0.06869313068693128,128,False,10000,0.4365985576923077,0.1787860576923077,2
Multiple sclerosis,multiple_sclerosis,stringent,109,Cerebellum 9 L,-1.0577919390851271,0.9973002699730027,0.8276172382761724,0.9819276136902438,0.1723827617238276,115,False,10000,0.11290322580645161,0.01134072580645161,5
Multiple sclerosis,multiple_sclerosis,stringent,110,Cerebellum 9 R,-1.570549788801937,0.9973002699730027,0.9456054394560544,0.9853014698530147,0.05439456054394565,130,False,10000,0.15558894230769232,0.0709735576923077,2
Multiple sclerosis,multiple_sclerosis,stringent,111,Cerebellum 10 L,0.5979585749236851,0.9544287676495509,0.25577442255774424,0.9009935741119766,0.7442255774422557,32,False,10000,0.8870967741935484,0.47655086848635236,3
Multiple sclerosis,multiple_sclerosis,stringent,118,Vermis 8,2.0081208977159326,0.8637936206379362,0.07779222077792221,0.8782415876059452,0.9222077792220778,11,False,10000,1.0,0.0346153846153846,3
Multiple sclerosis,multiple_sclerosis,stringent,119,Vermis 9,2.0944615259174992,0.8637936206379362,0.028197180281971802,0.7687802648306598,0.9718028197180282,5,False,10000,0.9844951923076923,0.019411057692307665,4
Multiple sclerosis,multiple_sclerosis,stringent,121,Thal AV L,1.7375221202103888,0.8693130686931307,0.011998800119988001,0.551944805519448,0.988001199880012,3,False,10000,0.7807692307692308,0.1088709677419355,4
Multiple sclerosis,multiple_sclerosis,stringent,122,Thal AV R,1.1250009514385597,0.9544287676495509,0.08449155084491551,0.8782415876059452,0.9155084491550844,13,False,10000,0.7188701923076923,0.23425480769230766,2
Multiple sclerosis,multiple_sclerosis,stringent,125,Thal VA L,2.2207274133617565,0.8637936206379362,0.0032996700329967,0.4553544645535446,0.9967003299670033,1,False,10000,0.9516129032258065,0.06887019230769231,5
Multiple sclerosis,multiple_sclerosis,stringent,127,Thal VL L,0.046929769832877256,0.9544287676495509,0.43855614438556145,0.9009935741119766,0.5614438556144385,58,False,10000,0.5832932692307693,0.5206788926799008,6
Multiple sclerosis,multiple_sclerosis,stringent,128,Thal VL R,1.735231445601163,0.8693130686931307,0.05799420057994201,0.8782415876059452,0.942005799420058,8,False,10000,0.7518629807692307,0.009675480769230749,2
Multiple sclerosis,multiple_sclerosis,stringent,129,Thal VPL L,0.3956496596218353,0.9544287676495509,0.30326967303269675,0.9009935741119766,0.6967303269673033,44,False,10000,0.6153846153846154,0.11348189361042171,6
Multiple sclerosis,multiple_sclerosis,stringent,130,Thal VPL R,-1.1100900527426845,0.9973002699730027,0.8676132386761324,0.9819276136902438,0.13238676132386762,120,False,10000,0.478125,0.3218750000000001,2
Multiple sclerosis,multiple_sclerosis,stringent,131,Thal IL L,1.148454972828783,0.9544287676495509,0.10818918108189181,0.8782415876059452,0.8918108189181082,17,False,10000,0.9153846153846154,0.2998798076923077,5
Multiple sclerosis,multiple_sclerosis,stringent,135,Thal MDm L,1.4011709392467437,0.9544287676495509,0.03899610038996101,0.7687802648306598,0.961003899610039,7,False,10000,0.14516129032258066,0.36334134615384617,3
Multiple sclerosis,multiple_sclerosis,stringent,136,Thal MDm R,1.3226992881588373,0.9544287676495509,0.07119288071192881,0.8782415876059452,0.9288071192880711,9,False,10000,0.5264423076923077,0.4110576923076923,2
Multiple sclerosis,multiple_sclerosis,stringent,137,Thal MDl L,-0.3216924933887518,0.9544287676495509,0.5897410258974103,0.9009935741119766,0.4102589741025897,84,False,10000,0.06153846153846154,0.2761786600496278,3
Multiple sclerosis,multiple_sclerosis,stringent,139,Thal LGN L,0.0015158253923504095,0.9544287676495509,0.4747525247475253,0.9009935741119766,0.5252474752524747,67,False,10000,0.5615384615384615,0.38125,5
Multiple sclerosis,multiple_sclerosis,stringent,140,Thal LGN R,0.18805452491570146,0.9544287676495509,0.41105889411058893,0.9009935741119766,0.5889411058894111,56,False,10000,0.8725360576923077,0.0571514423076922,2
Multiple sclerosis,multiple_sclerosis,stringent,141,Thal MGN L,-0.9935411797338135,0.9973002699730027,0.8541145885411459,0.9819276136902438,0.14588541145885414,117,False,10000,0.6076923076923078,0.2692307692307693,2
Multiple sclerosis,multiple_sclerosis,stringent,143,Thal PuI L,-1.7686623355394786,0.9973002699730027,0.9476052394760524,0.9853014698530147,0.05239476052394765,131,False,10000,0.5769230769230769,0.2692307692307693,2
Multiple sclerosis,multiple_sclerosis,stringent,144,Thal PuI R,-0.890703915748698,0.9973002699730027,0.8043195680431957,0.9819276136902438,0.1956804319568043,110,False,10000,0.5161057692307692,0.4223557692307692,2
Multiple sclerosis,multiple_sclerosis,stringent,145,Thal PuM L,1.2332623120545134,0.9544287676495509,0.0730926907309269,0.8782415876059452,0.926907309269073,10,False,10000,0.7903225806451613,0.3538461538461538,5
Multiple sclerosis,multiple_sclerosis,stringent,146,Thal PuM R,0.4234398297959542,0.9544287676495509,0.27847215278472154,0.9009935741119766,0.7215278472152784,39,False,10000,0.3177884615384615,0.005288461538461575,2
Multiple sclerosis,multiple_sclerosis,stringent,147,Thal PuA L,0.9428841089083517,0.9544287676495509,0.1252874712528747,0.9009935741119766,0.8747125287471254,19,False,10000,0.8923076923076924,0.16166253101736971,3
Multiple sclerosis,multiple_sclerosis,stringent,148,Thal PuA R,-0.09283723960679578,0.9544287676495509,0.5062493750624938,0.9009935741119766,0.4937506249375062,69,False,10000,0.5455528846153846,0.37632211538461546,2
Multiple sclerosis,multiple_sclerosis,stringent,153,ACC pre L,0.7436568327909594,0.9544287676495509,0.22317768223177684,0.9009935741119766,0.7768223177682232,28,False,10000,0.4153846153846154,0.4799647177419355,3
Multiple sclerosis,multiple_sclerosis,stringent,154,ACC pre R,-1.0570038118558036,0.9973002699730027,0.8173182681731826,0.9819276136902438,0.18268173182681735,113,False,10000,0.6786658653846154,0.047896634615384626,2
Multiple sclerosis,multiple_sclerosis,stringent,155,ACC sup L,0.0478634565000506,0.9544287676495509,0.45315468453154684,0.9009935741119766,0.5468453154684532,60,False,10000,0.5111662531017369,0.23743796526054584,6
Multiple sclerosis,multiple_sclerosis,stringent,156,ACC sup R,0.4716498096628061,0.9544287676495509,0.2997700229977002,0.9009935741119766,0.7002299770022997,43,False,10000,0.8406850961538461,0.051622596153846234,2
Multiple sclerosis,multiple_sclerosis,stringent,157,N Acc L,1.9422987435326415,0.8637936206379362,0.0117988201179882,0.551944805519448,0.9882011798820118,2,False,10000,0.9032258064516129,0.1501240694789081,5
Multiple sclerosis,multiple_sclerosis,stringent,158,N Acc R,-0.25184373379239255,0.9544287676495509,0.57994200579942,0.9009935741119766,0.42005799420058,82,False,10000,0.48900240384615384,0.4186899038461539,2
Multiple sclerosis,multiple_sclerosis,stringent,161,SN pc L,0.9121975041942243,0.9544287676495509,0.2572742725727427,0.9009935741119766,0.7427257274272573,33,False,10000,0.9000756048387097,0.04523689516129037,2
Multiple sclerosis,multiple_sclerosis,stringent,163,SN pr L,1.2431030496794107,0.9544287676495509,0.0344965503449655,0.7687802648306598,0.9655034496550345,6,False,10000,0.8769230769230769,0.2217548076923077,5
Multiple sclerosis,multiple_sclerosis,stringent,164,SN pr R,0.94875746349803,0.9544287676495509,0.18238176182381763,0.9009935741119766,0.8176182381761824,24,False,10000,0.6565504807692308,0.19501201923076927,2
Multiple sclerosis,multiple_sclerosis,stringent,165,Red N L,1.5982860741955947,0.9413725294137253,0.14588541145885411,0.9009935741119766,0.8541145885411459,20,False,10000,0.823076923076923,0.24350961538461535,4
Multiple sclerosis,multiple_sclerosis,stringent,166,Red N R,0.7104729138596585,0.9544287676495509,0.17418258174182583,0.9009935741119766,0.8258174182581741,23,False,10000,0.8420072115384616,0.11893028846153852,2
Multiple sclerosis,multiple_sclerosis,stringent,167,LC L,0.47388022559198273,0.9544287676495509,0.28247175282471754,0.9009935741119766,0.7175282471752824,40,False,10000,0.7653846153846153,0.22951399658808924,4
Multiple sclerosis,multiple_sclerosis,stringent,168,LC R,-0.5448110047889771,0.9752864713528647,0.7259274072592741,0.9819276136902438,0.27407259274072593,102,False,10000,0.1078125,0.09218750000000002,2
Multiple sclerosis,multiple_sclerosis,stringent,169,Raphe D,0.8168979424682091,0.9544287676495509,0.291970802919708,0.9009935741119766,0.708029197080292,42,False,10000,0.5555288461538461,0.16322115384615382,2
Multiple sclerosis,multiple_sclerosis,stringent,170,Raphe M,-0.7247227359421952,0.9973002699730027,0.8612138786121388,0.9819276136902438,0.13878612138786117,118,False,10000,0.328125,0.24615384615384617,3
Multiple sclerosis,multiple_sclerosis,weighted,1,Precentral L,0.7785168330623943,0.9988001199880012,0.24697530246975302,0.9439734597968774,0.753024697530247,31,False,10000,0.7115384615384616,0.12232378256823817,6
Multiple sclerosis,multiple_sclerosis,weighted,2,Precentral R,-1.0890446189861867,0.9988001199880012,0.728027197280272,0.9439734597968774,0.271972802719728,101,False,10000,0.26694711538461535,0.06382211538461541,2
Multiple sclerosis,multiple_sclerosis,weighted,3,Frontal Sup 2 L,-0.7927093757356655,0.9988001199880012,0.7032296770322968,0.9439734597968774,0.2967703229677032,96,False,10000,0.3649193548387097,0.19542493796526053,6
Multiple sclerosis,multiple_sclerosis,weighted,4,Frontal Sup 2 R,-2.2021543261075993,0.9988001199880012,0.9347065293470653,0.9856881958862937,0.06529347065293467,128,False,10000,0.38521634615384615,0.1929086538461538,2
Multiple sclerosis,multiple_sclerosis,weighted,5,Frontal Mid 2 L,-0.8253116097024761,0.9988001199880012,0.7263273672632736,0.9439734597968774,0.2736726327367264,100,False,10000,0.5806451612903225,0.3423697270471464,6
Multiple sclerosis,multiple_sclerosis,weighted,6,Frontal Mid 2 R,-0.44439781998041883,0.9988001199880012,0.5994400559944005,0.9439734597968774,0.40055994400559947,84,False,10000,0.46796875,0.13203124999999993,2
Multiple sclerosis,multiple_sclerosis,weighted,7,Frontal Inf Oper L,-0.5286951543912731,0.9988001199880012,0.6097390260973903,0.9439734597968774,0.3902609739026097,85,False,10000,0.4838709677419355,0.32307692307692304,3
Multiple sclerosis,multiple_sclerosis,weighted,8,Frontal Inf Oper R,0.6887632297907557,0.9988001199880012,0.2535746425357464,0.9439734597968774,0.7464253574642536,33,False,10000,0.2713341346153846,0.0021033653846153633,2
Multiple sclerosis,multiple_sclerosis,weighted,9,Frontal Inf Tri L,-0.5298094856322149,0.9988001199880012,0.6193380661933806,0.9439734597968774,0.3806619338066194,86,False,10000,0.6222084367245657,0.19119106699751864,6
Multiple sclerosis,multiple_sclerosis,weighted,10,Frontal Inf Tri R,-1.645005518525821,0.9988001199880012,0.9093090690930907,0.9856881958862937,0.09069093090690927,123,False,10000,0.43515625,0.13515624999999998,2
Multiple sclerosis,multiple_sclerosis,weighted,11,Frontal Inf Orb 2 L,-0.2914485650763866,0.9988001199880012,0.5358464153584641,0.9439734597968774,0.4641535846415359,75,False,10000,0.6038461538461539,0.4183622828784119,6
Multiple sclerosis,multiple_sclerosis,weighted,12,Frontal Inf Orb 2 R,0.0873346889813957,0.9988001199880012,0.42045795420457954,0.9439734597968774,0.5795420457954205,59,False,10000,0.6299879807692308,0.2315504807692308,2
Multiple sclerosis,multiple_sclerosis,weighted,13,Rolandic Oper L,-0.15091489861669652,0.9988001199880012,0.4948505149485051,0.9439734597968774,0.5051494850514948,68,False,10000,0.5661290322580645,0.174379652605459,6
Multiple sclerosis,multiple_sclerosis,weighted,14,Rolandic Oper R,-2.2612076024246215,0.9988001199880012,0.9368063193680632,0.9856881958862937,0.06319368063193675,129,False,10000,0.7167668269230769,0.037079326923076916,2
Multiple sclerosis,multiple_sclerosis,weighted,15,Supp Motor Area L,0.3635820015379175,0.9988001199880012,0.3080691930806919,0.9439734597968774,0.6919308069193081,40,False,10000,0.3064516129032258,0.2284119106699752,6
Multiple sclerosis,multiple_sclerosis,weighted,16,Supp Motor Area R,0.1549141343658609,0.9988001199880012,0.38846115388461155,0.9439734597968774,0.6115388461153884,50,False,10000,0.5010216346153846,0.13179086538461537,2
Multiple sclerosis,multiple_sclerosis,weighted,17,Olfactory L,1.4790527164239737,0.6476152384761524,0.0665933406659334,0.9439734597968774,0.9334066593340666,9,False,10000,0.4603966346153846,0.37907006048387104,4
Multiple sclerosis,multiple_sclerosis,weighted,18,Olfactory R,1.04311114105041,0.8652884711528847,0.12688731126887312,0.9439734597968774,0.8731126887311269,16,False,10000,0.5963341346153845,0.07289663461538465,2
Multiple sclerosis,multiple_sclerosis,weighted,19,Frontal Sup Medial L,-1.4940260119680147,0.9988001199880012,0.9169083091690831,0.9856881958862937,0.08309169083091694,124,False,10000,0.5772952853598015,0.18151364764267985,6
Multiple sclerosis,multiple_sclerosis,weighted,20,Frontal Sup Medial R,-2.3364584405181894,0.9988001199880012,0.9714028597140286,0.9856881958862937,0.02859714028597138,136,False,10000,0.3660456730769231,0.2198918269230769,2
Multiple sclerosis,multiple_sclerosis,weighted,21,Frontal Med Orb L,-0.8256123928318447,0.9988001199880012,0.6936306369363063,0.9439734597968774,0.30636936306369367,95,False,10000,0.3044665012406948,0.636618912841191,6
Multiple sclerosis,multiple_sclerosis,weighted,22,Frontal Med Orb R,-1.0122236417009671,0.9988001199880012,0.7318268173182682,0.9439734597968774,0.26817318268173185,104,False,10000,0.5953725961538462,0.3030649038461538,2
Multiple sclerosis,multiple_sclerosis,weighted,23,Rectus L,-0.9881187228213693,0.9988001199880012,0.7651234876512348,0.9439734597968774,0.23487651234876517,111,False,10000,0.34185987903225806,0.6371830412531018,6
Multiple sclerosis,multiple_sclerosis,weighted,24,Rectus R,-0.904381683405233,0.9988001199880012,0.7178282171782822,0.9439734597968774,0.28217178282171784,99,False,10000,0.7292668269230769,0.07542067307692302,2
Multiple sclerosis,multiple_sclerosis,weighted,25,OFCmed L,-1.4407218357880356,0.9988001199880012,0.851014898510149,0.9856881958862937,0.148985101489851,117,False,10000,0.44146634615384617,0.1350360576923077,6
Multiple sclerosis,multiple_sclerosis,weighted,26,OFCmed R,-1.2894153075931032,0.9988001199880012,0.8052194780521947,0.9662633736626336,0.19478052194780526,115,False,10000,0.6011418269230769,0.04729567307692295,2
Multiple sclerosis,multiple_sclerosis,weighted,27,OFCant L,-0.829346275307558,0.9988001199880012,0.7294270572942706,0.9439734597968774,0.2705729427057294,102,False,10000,0.5156327543424317,0.5445050790942928,6
Multiple sclerosis,multiple_sclerosis,weighted,28,OFCant R,-0.39167154499164863,0.9988001199880012,0.5644435556444356,0.9439734597968774,0.4355564443555644,80,False,10000,0.5579927884615384,0.018930288461538547,2
Multiple sclerosis,multiple_sclerosis,weighted,29,OFCpost L,-0.28743348482830017,0.9988001199880012,0.535946405359464,0.9439734597968774,0.46405359464053597,76,False,10000,0.2076923076923077,0.3352764423076923,6
Multiple sclerosis,multiple_sclerosis,weighted,30,OFCpost R,-0.5134642399531995,0.9988001199880012,0.5917408259174083,0.9439734597968774,0.4082591740825917,82,False,10000,0.6731971153846155,0.15757211538461535,2
Multiple sclerosis,multiple_sclerosis,weighted,31,OFClat L,0.1259635784219142,0.9988001199880012,0.4096590340965903,0.9439734597968774,0.5903409659034097,56,False,10000,0.2678660049627791,0.15688585607940442,4
Multiple sclerosis,multiple_sclerosis,weighted,32,OFClat R,0.07863076304521305,0.9988001199880012,0.42495750424957507,0.9439734597968774,0.575042495750425,60,False,10000,0.7413461538461539,0.13365384615384623,2
Multiple sclerosis,multiple_sclerosis,weighted,33,Insula L,-1.549384595957295,0.9988001199880012,0.8755124487551245,0.9856881958862937,0.12448755124487554,120,False,10000,0.5057071960297768,0.3895781637717121,6
Multiple sclerosis,multiple_sclerosis,weighted,34,Insula R,0.6540002947389895,0.9988001199880012,0.26307369263073693,0.9439734597968774,0.7369263073692631,34,False,10000,0.5918870192307693,0.14657451923076925,2
Multiple sclerosis,multiple_sclerosis,weighted,37,Cingulate Mid L,0.5740427110163179,0.9988001199880012,0.2927707229277072,0.9439734597968774,0.7072292770722928,37,False,10000,0.49981971153846155,0.3114425015508685,6
Multiple sclerosis,multiple_sclerosis,weighted,38,Cingulate Mid R,0.07646960459343193,0.9988001199880012,0.415958404159584,0.9439734597968774,0.5840415958404159,57,False,10000,0.32626201923076925,0.08780048076923075,2
Multiple sclerosis,multiple_sclerosis,weighted,39,Cingulate Post L,0.8188545298579819,0.9988001199880012,0.19858014198580143,0.9439734597968774,0.8014198580141986,26,False,10000,0.6451612903225806,0.7897836538461539,5
Multiple sclerosis,multiple_sclerosis,weighted,41,Hippocampus L,-0.11395828703903885,0.9988001199880012,0.48325167483251674,0.9439734597968774,0.5167483251674833,65,False,10000,0.3192307692307692,0.1778535980148884,6
Multiple sclerosis,multiple_sclerosis,weighted,42,Hippocampus R,-0.4273475886370637,0.9988001199880012,0.5755424457554245,0.9439734597968774,0.42445755424457554,81,False,10000,0.3661658653846154,0.2353966346153846,2
Multiple sclerosis,multiple_sclerosis,weighted,43,ParaHippocampal L,1.335816836842776,0.6623337666233376,0.0963903609639036,0.9439734597968774,0.9036096390360964,13,False,10000,0.7338709677419355,0.14141206575682386,6
Multiple sclerosis,multiple_sclerosis,weighted,44,ParaHippocampal R,1.414788546948951,0.6500683265006832,0.1004899510048995,0.9439734597968774,0.8995100489951005,14,False,10000,0.8602764423076923,0.02433894230769229,2
Multiple sclerosis,multiple_sclerosis,weighted,45,Amygdala L,2.401800867524381,0.20467953204679531,0.016298370162983702,0.4995100489951005,0.9837016298370163,4,False,10000,0.8538461538461538,0.06153846153846154,5
Multiple sclerosis,multiple_sclerosis,weighted,46,Amygdala R,0.3757118451240952,0.9988001199880012,0.3046695330466953,0.9439734597968774,0.6953304669533047,39,False,10000,0.09338942307692308,0.04723557692307692,2
Multiple sclerosis,multiple_sclerosis,weighted,47,Calcarine L,0.08675364859599798,0.9988001199880012,0.42525747425257476,0.9439734597968774,0.5747425257474252,61,False,10000,0.4456730769230769,0.09341656327543418,6
Multiple sclerosis,multiple_sclerosis,weighted,48,Calcarine R,0.1298823315703509,0.9988001199880012,0.3935606439356064,0.9439734597968774,0.6064393560643936,52,False,10000,0.36286057692307694,0.30901442307692306,2
Multiple sclerosis,multiple_sclerosis,weighted,49,Cuneus L,-0.7031303070063144,0.9988001199880012,0.6661333866613338,0.9439734597968774,0.3338666133386662,90,False,10000,0.27419354838709675,0.22091346153846153,5
Multiple sclerosis,multiple_sclerosis,weighted,51,Lingual L,0.16425788283654008,0.9988001199880012,0.3875612438756124,0.9439734597968774,0.6124387561243876,49,False,10000,0.5148883374689827,0.35549104373449125,6
Multiple sclerosis,multiple_sclerosis,weighted,52,Lingual R,0.23442724338083515,0.9988001199880012,0.3615638436156384,0.9439734597968774,0.6384361563843616,45,False,10000,0.44579326923076923,0.007331730769230771,2
Multiple sclerosis,multiple_sclerosis,weighted,53,Occipital Sup L,0.030902570893809336,0.9988001199880012,0.43675632436756323,0.9439734597968774,0.5632436756324368,62,False,10000,0.6923076923076923,0.17331343052109183,4
Multiple sclerosis,multiple_sclerosis,weighted,55,Occipital Mid L,-0.6850574738761424,0.9988001199880012,0.6768323167683231,0.9439734597968774,0.3231676832316769,91,False,10000,0.4184863523573201,0.23455334987593057,6
Multiple sclerosis,multiple_sclerosis,weighted,56,Occipital Mid R,-0.3531475971501023,0.9988001199880012,0.5483451654834517,0.9439734597968774,0.4516548345165483,77,False,10000,0.44513221153846155,0.07794471153846161,2
Multiple sclerosis,multiple_sclerosis,weighted,57,Occipital Inf L,-0.4333143241512554,0.9988001199880012,0.5934406559344065,0.9439734597968774,0.40655934406559346,83,False,10000,0.6233250620347395,0.34007444168734496,6
Multiple sclerosis,multiple_sclerosis,weighted,58,Occipital Inf R,-0.2658364524130176,0.9988001199880012,0.52994700529947,0.9439734597968774,0.47005299470052997,73,False,10000,0.46862980769230766,0.046754807692307665,2
Multiple sclerosis,multiple_sclerosis,weighted,59,Fusiform L,0.3963915300849922,0.9988001199880012,0.30986901309869014,0.9439734597968774,0.6901309869013099,41,False,10000,0.34615384615384615,0.1701612903225806,6
Multiple sclerosis,multiple_sclerosis,weighted,60,Fusiform R,-0.2004737780238354,0.9988001199880012,0.5121487851214879,0.9439734597968774,0.48785121487851213,69,False,10000,0.3518028846153846,0.11742788461538456,2
Multiple sclerosis,multiple_sclerosis,weighted,61,Postcentral L,0.04589682055426223,0.9988001199880012,0.41915808419158085,0.9439734597968774,0.5808419158084192,58,False,10000,0.5826302729528536,0.12782548852357323,6
Multiple sclerosis,multiple_sclerosis,weighted,62,Postcentral R,-0.19532400088593144,0.9988001199880012,0.5135486451354865,0.9439734597968774,0.4864513548645135,71,False,10000,0.47530048076923076,0.18623798076923082,2
Multiple sclerosis,multiple_sclerosis,weighted,63,Parietal Sup L,-0.6489333231082762,0.9988001199880012,0.6379362063793621,0.9439734597968774,0.3620637936206379,88,False,10000,0.49609375,0.0481069711538461,6
Multiple sclerosis,multiple_sclerosis,weighted,64,Parietal Sup R,-2.062298640769008,0.9988001199880012,0.9266073392660734,0.9856881958862937,0.07339266073392658,126,False,10000,0.04248798076923077,0.01905048076923077,2
Multiple sclerosis,multiple_sclerosis,weighted,65,Parietal Inf L,0.6360731853952445,0.9988001199880012,0.250974902509749,0.9439734597968774,0.749025097490251,32,False,10000,0.5806451612903225,0.1690136476426799,6
Multiple sclerosis,multiple_sclerosis,weighted,66,Parietal Inf R,-0.9557448703592067,0.9988001199880012,0.7473252674732527,0.9439734597968774,0.2526747325267473,107,False,10000,0.23936298076923077,0.12217548076923074,2
Multiple sclerosis,multiple_sclerosis,weighted,67,SupraMarginal L,0.8140739887102311,0.9988001199880012,0.21897810218978103,0.9439734597968774,0.781021897810219,28,False,10000,0.33518145161290325,0.5024464950372208,6
Multiple sclerosis,multiple_sclerosis,weighted,68,SupraMarginal R,0.48661339585310825,0.9988001199880012,0.28387161283871615,0.9439734597968774,0.7161283871612838,36,False,10000,0.4388822115384615,0.3841947115384616,2
Multiple sclerosis,multiple_sclerosis,weighted,69,Angular L,1.3833614980905304,0.6500683265006832,0.12738726127387262,0.9439734597968774,0.8726127387261273,17,False,10000,0.65625,0.42754342431761794,5
Multiple sclerosis,multiple_sclerosis,weighted,70,Angular R,0.14539030539412873,0.9988001199880012,0.40305969403059694,0.9439734597968774,0.5969403059694031,53,False,10000,0.35865384615384616,0.2663461538461539,2
Multiple sclerosis,multiple_sclerosis,weighted,71,Precuneus L,0.0423229399909612,0.9988001199880012,0.40745925407459255,0.9439734597968774,0.5925407459254075,54,False,10000,0.43548387096774194,0.3115384615384615,6
Multiple sclerosis,multiple_sclerosis,weighted,72,Precuneus R,0.6747328754395385,0.9988001199880012,0.20437956204379562,0.9439734597968774,0.7956204379562044,27,False,10000,0.20955528846153848,0.03263221153846155,2
Multiple sclerosis,multiple_sclerosis,weighted,73,Paracentral Lobule L,-0.31596633890822917,0.9988001199880012,0.5501449855014499,0.9439734597968774,0.44985501449855014,78,False,10000,0.6436491935483871,0.5211034429280397,6
Multiple sclerosis,multiple_sclerosis,weighted,74,Paracentral Lobule R,-0.7685825300416904,0.9988001199880012,0.7125287471252875,0.9439734597968774,0.28747125287471254,98,False,10000,0.5061298076923078,0.29074519230769236,2
Multiple sclerosis,multiple_sclerosis,weighted,75,Caudate L,-0.9293513846872143,0.9988001199880012,0.7469253074692531,0.9439734597968774,0.2530746925307469,106,False,10000,0.24516129032258066,0.16473809708436726,6
Multiple sclerosis,multiple_sclerosis,weighted,76,Caudate R,-0.9585207756327103,0.9988001199880012,0.7661233876612339,0.9439734597968774,0.2338766123387661,112,False,10000,0.4352764423076923,0.34933894230769236,2
Multiple sclerosis,multiple_sclerosis,weighted,77,Putamen L,-1.6975611500273522,0.9988001199880012,0.8761123887611239,0.9856881958862937,0.12388761123887615,121,False,10000,0.20409429280397023,0.17920285359801486,6
Multiple sclerosis,multiple_sclerosis,weighted,78,Putamen R,-0.7278828293996751,0.9988001199880012,0.6599340065993401,0.9439734597968774,0.3400659934006599,89,False,10000,0.3908052884615385,0.08611778846153845,2
Multiple sclerosis,multiple_sclerosis,weighted,79,Pallidum L,0.20501273067478423,0.9988001199880012,0.36806319368063195,0.9439734597968774,0.631936806319368,48,False,10000,0.694044665012407,0.23107940446650121,6
Multiple sclerosis,multiple_sclerosis,weighted,80,Pallidum R,0.11331506315094618,0.9988001199880012,0.39146085391460855,0.9439734597968774,0.6085391460853915,51,False,10000,0.80859375,0.19140625,2
Multiple sclerosis,multiple_sclerosis,weighted,83,Heschl L,-0.3499427593358789,0.9988001199880012,0.5504449555044496,0.9439734597968774,0.4495550444955504,79,False,10000,0.6290322580645161,0.08004807692307692,5
Multiple sclerosis,multiple_sclerosis,weighted,84,Heschl R,0.9907792543867117,0.8737286271372863,0.1772822717728227,0.9439734597968774,0.8227177282271773,24,False,10000,0.6989182692307692,0.16045673076923073,2
Multiple sclerosis,multiple_sclerosis,weighted,85,Temporal Sup L,-1.4148627147204955,0.9988001199880012,0.83991600839916,0.9856881958862937,0.16008399160083997,116,False,10000,0.35508684863523576,0.131869378101737,6
Multiple sclerosis,multiple_sclerosis,weighted,86,Temporal Sup R,0.24992716244974736,0.9988001199880012,0.34936506349365065,0.9439734597968774,0.6506349365063493,44,False,10000,0.3895432692307692,0.25108173076923074,2
Multiple sclerosis,multiple_sclerosis,weighted,87,Temporal Pole Sup L,0.6019945516831047,0.9988001199880012,0.23997600239976002,0.9439734597968774,0.76002399760024,30,False,10000,0.3365675403225806,0.5135070952233252,6
Multiple sclerosis,multiple_sclerosis,weighted,88,Temporal Pole Sup R,-0.7661743687073291,0.9988001199880012,0.6935306469353064,0.9439734597968774,0.3064693530646936,94,False,10000,0.5760817307692307,0.3145432692307692,2
Multiple sclerosis,multiple_sclerosis,weighted,89,Temporal Mid L,-1.5931298158956304,0.9988001199880012,0.8695130486951305,0.9856881958862937,0.13048695130486954,119,False,10000,0.3305210918114144,0.05878373138957815,6
Multiple sclerosis,multiple_sclerosis,weighted,90,Temporal Mid R,-0.23317560110930416,0.9988001199880012,0.5121487851214879,0.9439734597968774,0.48785121487851213,69,False,10000,0.490625,0.20937499999999992,2
Multiple sclerosis,multiple_sclerosis,weighted,91,Temporal Pole Mid L,0.6659634671140398,0.9988001199880012,0.23737626237376264,0.9439734597968774,0.7626237376262374,29,False,10000,0.6532258064516129,0.3237593052109181,4
Multiple sclerosis,multiple_sclerosis,weighted,93,Temporal Inf L,-0.8200721720664748,0.9988001199880012,0.6924307569243076,0.9439734597968774,0.30756924307569244,93,False,10000,0.42468982630272956,0.3294064050868486,6
Multiple sclerosis,multiple_sclerosis,weighted,94,Temporal Inf R,-0.9112230416775192,0.9988001199880012,0.7307269273072693,0.9439734597968774,0.2692730726927307,103,False,10000,0.30546875,0.09453125000000007,2
Multiple sclerosis,multiple_sclerosis,weighted,95,Cerebellum Crus1 L,-1.901533009022899,0.9988001199880012,0.9092090790920908,0.9856881958862937,0.09079092090790919,122,False,10000,0.15607940446650126,0.2489066377171216,6
Multiple sclerosis,multiple_sclerosis,weighted,96,Cerebellum Crus1 R,-1.9819576303755542,0.9988001199880012,0.9237076292370763,0.9856881958862937,0.07629237076292372,125,False,10000,0.48227163461538464,0.2869591346153847,2
Multiple sclerosis,multiple_sclerosis,weighted,97,Cerebellum Crus2 L,-2.9994476986732264,0.9988001199880012,0.9859014098590141,0.9859014098590141,0.014098590140985912,138,False,10000,0.10384615384615385,0.059074519230769236,6
Multiple sclerosis,multiple_sclerosis,weighted,98,Cerebellum Crus2 R,-2.3992741817914767,0.9988001199880012,0.9297070292970703,0.9856881958862937,0.07029297070292972,127,False,10000,0.45913461538461536,0.2716346153846153,2
Multiple sclerosis,multiple_sclerosis,weighted,101,Cerebellum 4 5 L,-1.2188435785154184,0.9988001199880012,0.795920407959204,0.9634825991085102,0.20407959204079595,114,False,10000,0.3384615384615385,0.4904466501240694,6
Multiple sclerosis,multiple_sclerosis,weighted,102,Cerebellum 4 5 R,-2.1654388578692307,0.9988001199880012,0.9368063193680632,0.9856881958862937,0.06319368063193675,129,False,10000,0.3272836538461539,0.21959134615384618,2
Multiple sclerosis,multiple_sclerosis,weighted,103,Cerebellum 6 L,-1.543154589385679,0.9988001199880012,0.8579142085791421,0.9856881958862937,0.14208579142085787,118,False,10000,0.3961538461538462,0.30500155086848635,6
Multiple sclerosis,multiple_sclerosis,weighted,104,Cerebellum 6 R,-2.849674578254521,0.9988001199880012,0.9826017398260174,0.9859014098590141,0.017398260173982605,137,False,10000,0.2420673076923077,0.22668269230769228,2
Multiple sclerosis,multiple_sclerosis,weighted,105,Cerebellum 7b L,-2.583815280025072,0.9988001199880012,0.9592040795920408,0.9856881958862937,0.04079592040795921,132,False,10000,0.2684863523573201,0.4496781947890819,6
Multiple sclerosis,multiple_sclerosis,weighted,106,Cerebellum 7b R,-1.2442791195085101,0.9988001199880012,0.7792220777922207,0.9516163427904997,0.22077792220777925,113,False,10000,0.31177884615384616,0.2805288461538461,2
Multiple sclerosis,multiple_sclerosis,weighted,107,Cerebellum 8 L,-2.7914805018843363,0.9988001199880012,0.9659034096590341,0.9856881958862937,0.034096590340965904,134,False,10000,0.3180288461538462,0.27247596153846154,6
Multiple sclerosis,multiple_sclerosis,weighted,108,Cerebellum 8 R,-0.2612325967433226,0.9988001199880012,0.5271472852714728,0.9439734597968774,0.4728527147285272,72,False,10000,0.4365985576923077,0.1787860576923077,2
Multiple sclerosis,multiple_sclerosis,weighted,109,Cerebellum 9 L,-0.9584474789938436,0.9988001199880012,0.7111288871112889,0.9439734597968774,0.28887111288871115,97,False,10000,0.11290322580645161,0.01134072580645161,5
Multiple sclerosis,multiple_sclerosis,weighted,110,Cerebellum 9 R,-1.031528883686086,0.9988001199880012,0.736026397360264,0.9439734597968774,0.263973602639736,105,False,10000,0.15558894230769232,0.0709735576923077,2
Multiple sclerosis,multiple_sclerosis,weighted,111,Cerebellum 10 L,-0.14748120835573436,0.9988001199880012,0.48935106489351066,0.9439734597968774,0.5106489351064893,67,False,10000,0.8870967741935484,0.47655086848635236,3
Multiple sclerosis,multiple_sclerosis,weighted,118,Vermis 8,2.8055201270790557,0.12418758124187582,0.018098190180981903,0.4995100489951005,0.9819018098190181,5,False,10000,1.0,0.0346153846153846,3
Multiple sclerosis,multiple_sclerosis,weighted,119,Vermis 9,3.2786638684057667,0.068993100689931,0.0072992700729927005,0.4995100489951005,0.9927007299270073,1,False,10000,0.9844951923076923,0.019411057692307665,4
Multiple sclerosis,multiple_sclerosis,weighted,121,Thal AV L,1.2478044109773263,0.7451254874512548,0.09549045095490451,0.9439734597968774,0.9045095490450955,12,False,10000,0.7807692307692308,0.1088709677419355,4
Multiple sclerosis,multiple_sclerosis,weighted,122,Thal AV R,1.5580071881162254,0.6473852614738527,0.07599240075992401,0.9439734597968774,0.924007599240076,10,False,10000,0.7188701923076923,0.23425480769230766,2
Multiple sclerosis,multiple_sclerosis,weighted,125,Thal VA L,2.10470677010584,0.3587641235876412,0.0156984301569843,0.4995100489951005,0.9843015698430158,3,False,10000,0.9516129032258065,0.06887019230769231,5
Multiple sclerosis,multiple_sclerosis,weighted,127,Thal VL L,-0.2942192488841187,0.9988001199880012,0.5351464853514648,0.9439734597968774,0.4648535146485352,74,False,10000,0.5832932692307693,0.5206788926799008,6
Multiple sclerosis,multiple_sclerosis,weighted,128,Thal VL R,1.3905641215335052,0.6500683265006832,0.13068693130686931,0.9439734597968774,0.8693130686931307,18,False,10000,0.7518629807692307,0.009675480769230749,2
Multiple sclerosis,multiple_sclerosis,weighted,129,Thal VPL L,0.21552544535033216,0.9988001199880012,0.36306369363063695,0.9439734597968774,0.636936306369363,46,False,10000,0.6153846153846154,0.11348189361042171,6
Multiple sclerosis,multiple_sclerosis,weighted,130,Thal VPL R,-2.2025504566935394,0.9988001199880012,0.9601039896010399,0.9856881958862937,0.03989601039896007,133,False,10000,0.478125,0.3218750000000001,2
Multiple sclerosis,multiple_sclerosis,weighted,131,Thal IL L,1.140991550460643,0.8213464367848928,0.16418358164183583,0.9439734597968774,0.8358164183581642,21,False,10000,0.9153846153846154,0.2998798076923077,5
Multiple sclerosis,multiple_sclerosis,weighted,135,Thal MDm L,1.8456189293312557,0.48847115288471155,0.036896310368963105,0.7273844044167012,0.9631036896310369,7,False,10000,0.14516129032258066,0.36334134615384617,3
Multiple sclerosis,multiple_sclerosis,weighted,136,Thal MDm R,1.4921179130374307,0.6476152384761524,0.0831916808319168,0.9439734597968774,0.9168083191680831,11,False,10000,0.5264423076923077,0.4110576923076923,2
Multiple sclerosis,multiple_sclerosis,weighted,137,Thal MDl L,-1.026231295773149,0.9988001199880012,0.7631236876312368,0.9439734597968774,0.23687631236876316,110,False,10000,0.06153846153846154,0.2761786600496278,3
Multiple sclerosis,multiple_sclerosis,weighted,139,Thal LGN L,-0.5781783417853394,0.9988001199880012,0.6311368863113689,0.9439734597968774,0.3688631136886311,87,False,10000,0.5615384615384615,0.38125,5
Multiple sclerosis,multiple_sclerosis,weighted,140,Thal LGN R,0.3049430244277847,0.9988001199880012,0.36736326367363265,0.9439734597968774,0.6326367363263674,47,False,10000,0.8725360576923077,0.0571514423076922,2
Multiple sclerosis,multiple_sclerosis,weighted,141,Thal MGN L,-1.016140415849576,0.9988001199880012,0.7528247175282472,0.9439734597968774,0.2471752824717528,108,False,10000,0.6076923076923078,0.2692307692307693,2
Multiple sclerosis,multiple_sclerosis,weighted,143,Thal PuI L,-2.396924929927681,0.9988001199880012,0.9515048495150485,0.9856881958862937,0.048495150484951455,131,False,10000,0.5769230769230769,0.2692307692307693,2
Multiple sclerosis,multiple_sclerosis,weighted,144,Thal PuI R,-2.2556951624768553,0.9988001199880012,0.9683031696830317,0.9856881958862937,0.03169683031696835,135,False,10000,0.5161057692307692,0.4223557692307692,2
Multiple sclerosis,multiple_sclerosis,weighted,145,Thal PuM L,0.3248356726164354,0.9988001199880012,0.32756724327567244,0.9439734597968774,0.6724327567243276,43,False,10000,0.7903225806451613,0.3538461538461538,5
Multiple sclerosis,multiple_sclerosis,weighted,146,Thal PuM R,-0.09554043341586005,0.9988001199880012,0.47435256474352566,0.9439734597968774,0.5256474352564744,64,False,10000,0.3177884615384615,0.005288461538461575,2
Multiple sclerosis,multiple_sclerosis,weighted,147,Thal PuA L,0.06217801460939218,0.9988001199880012,0.40745925407459255,0.9439734597968774,0.5925407459254075,54,False,10000,0.8923076923076924,0.16166253101736971,3
Multiple sclerosis,multiple_sclerosis,weighted,148,Thal PuA R,-0.09506834271418275,0.9988001199880012,0.48755124487551244,0.9439734597968774,0.5124487551244876,66,False,10000,0.5455528846153846,0.37632211538461546,2
Multiple sclerosis,multiple_sclerosis,weighted,153,ACC pre L,1.0527649106632888,0.8652884711528847,0.1673832616738326,0.9439734597968774,0.8326167383261673,23,False,10000,0.4153846153846154,0.4799647177419355,3
Multiple sclerosis,multiple_sclerosis,weighted,154,ACC pre R,-1.0115025876808983,0.9988001199880012,0.76002399760024,0.9439734597968774,0.23997600239976002,109,False,10000,0.6786658653846154,0.047896634615384626,2
Multiple sclerosis,multiple_sclerosis,weighted,155,ACC sup L,1.067070565340584,0.8652884711528847,0.16678332166783322,0.9439734597968774,0.8332166783321668,22,False,10000,0.5111662531017369,0.23743796526054584,6
Multiple sclerosis,multiple_sclerosis,weighted,156,ACC sup R,0.5397941887896208,0.9988001199880012,0.2957704229577042,0.9439734597968774,0.7042295770422957,38,False,10000,0.8406850961538461,0.051622596153846234,2
Multiple sclerosis,multiple_sclerosis,weighted,157,N Acc L,2.516285649505399,0.1849015098490151,0.011398860113988602,0.4995100489951005,0.9886011398860114,2,False,10000,0.9032258064516129,0.1501240694789081,5
Multiple sclerosis,multiple_sclerosis,weighted,158,N Acc R,-0.6999727722737528,0.9988001199880012,0.6882311768823117,0.9439734597968774,0.3117688231176883,92,False,10000,0.48900240384615384,0.4186899038461539,2
Multiple sclerosis,multiple_sclerosis,weighted,161,SN pc L,2.4583785510859766,0.1849015098490151,0.1526847315268473,0.9439734597968774,0.8473152684731526,19,False,10000,0.9000756048387097,0.04523689516129037,2
Multiple sclerosis,multiple_sclerosis,weighted,163,SN pr L,1.814260728848307,0.48847115288471155,0.11868813118688132,0.9439734597968774,0.8813118688131187,15,False,10000,0.8769230769230769,0.2217548076923077,5
Multiple sclerosis,multiple_sclerosis,weighted,164,SN pr R,1.5311618584245172,0.6476152384761524,0.027597240275972403,0.6347365263473653,0.9724027597240276,6,False,10000,0.6565504807692308,0.19501201923076927,2
Multiple sclerosis,multiple_sclerosis,weighted,165,Red N L,2.964599814992071,0.068993100689931,0.16178382161783822,0.9439734597968774,0.8382161783821618,20,False,10000,0.823076923076923,0.24350961538461535,4
Multiple sclerosis,multiple_sclerosis,weighted,166,Red N R,0.8385200277379785,0.9988001199880012,0.32056794320567944,0.9439734597968774,0.6794320567943206,42,False,10000,0.8420072115384616,0.11893028846153852,2
Multiple sclerosis,multiple_sclerosis,weighted,167,LC L,1.602344153801331,0.6473852614738527,0.05929407059294071,0.9439734597968774,0.9407059294070593,8,False,10000,0.7653846153846153,0.22951399658808924,4
Multiple sclerosis,multiple_sclerosis,weighted,168,LC R,-0.06397217960673722,0.9988001199880012,0.46485351464853514,0.9439734597968774,0.5351464853514649,63,False,10000,0.1078125,0.09218750000000002,2
Multiple sclerosis,multiple_sclerosis,weighted,169,Raphe D,1.8719536393012681,0.4812268773122688,0.2806719328067193,0.9439734597968774,0.7193280671932807,35,False,10000,0.5555288461538461,0.16322115384615382,2
Multiple sclerosis,multiple_sclerosis,weighted,170,Raphe M,0.48468193091221,0.9988001199880012,0.18748125187481252,0.9439734597968774,0.8125187481251874,25,False,10000,0.328125,0.24615384615384617,3
