disease,disease_id,gene_set,region,region_id,score,number_of_genes,analysis_scale
Parkinson disease,parkinson,broad,Precentral L,1,0.5042957816048337,123,raw_scale_analysis
Parkinson disease,parkinson,broad,Precentral R,2,0.497018847359345,123,raw_scale_analysis
Parkinson disease,parkinson,broad,Frontal Sup 2 L,3,0.5065649562401109,123,raw_scale_analysis
Parkinson disease,parkinson,broad,Frontal Sup 2 R,4,0.5174625332932841,123,raw_scale_analysis
Parkinson disease,parkinson,broad,Frontal Mid 2 L,5,0.5103570919720323,123,raw_scale_analysis
Parkinson disease,parkinson,broad,Frontal Mid 2 R,6,0.4996808082781447,123,raw_scale_analysis
Parkinson disease,parkinson,broad,Frontal Inf Oper L,7,0.4820091013515451,123,raw_scale_analysis
Parkinson disease,parkinson,broad,Frontal Inf Oper R,8,0.4729661721619267,123,raw_scale_analysis
Parkinson disease,parkinson,broad,Frontal Inf Tri L,9,0.514906003305034,123,raw_scale_analysis
Parkinson disease,parkinson,broad,Frontal Inf Tri R,10,0.5057231418635977,123,raw_scale_analysis
Parkinson disease,parkinson,broad,Frontal Inf Orb 2 L,11,0.5242031159035322,123,raw_scale_analysis
Parkinson disease,parkinson,broad,Frontal Inf Orb 2 R,12,0.5048554024370565,123,raw_scale_analysis
Parkinson disease,parkinson,broad,Rolandic Oper L,13,0.5189882076508016,123,raw_scale_analysis
Parkinson disease,parkinson,broad,Rolandic Oper R,14,0.5313721259066518,123,raw_scale_analysis
Parkinson disease,parkinson,broad,Supp Motor Area L,15,0.48657411251906535,123,raw_scale_analysis
Parkinson disease,parkinson,broad,Supp Motor Area R,16,0.504012119392847,123,raw_scale_analysis
Parkinson disease,parkinson,broad,Olfactory L,17,0.47187580900349135,123,raw_scale_analysis
Parkinson disease,parkinson,broad,Olfactory R,18,0.45727745999319735,123,raw_scale_analysis
Parkinson disease,parkinson,broad,Frontal Sup Medial L,19,0.5153995333132768,123,raw_scale_analysis
Parkinson disease,parkinson,broad,Frontal Sup Medial R,20,0.5335963587687055,123,raw_scale_analysis
Parkinson disease,parkinson,broad,Frontal Med Orb L,21,0.5051689057628398,123,raw_scale_analysis
Parkinson disease,parkinson,broad,Frontal Med Orb R,22,0.543780751689348,123,raw_scale_analysis
Parkinson disease,parkinson,broad,Rectus L,23,0.5097585726320571,123,raw_scale_analysis
Parkinson disease,parkinson,broad,Rectus R,24,0.531819725477195,123,raw_scale_analysis
Parkinson disease,parkinson,broad,OFCmed L,25,0.5052916582819736,123,raw_scale_analysis
Parkinson disease,parkinson,broad,OFCmed R,26,0.5203555995252576,123,raw_scale_analysis
Parkinson disease,parkinson,broad,OFCant L,27,0.5198115466836435,123,raw_scale_analysis
Parkinson disease,parkinson,broad,OFCant R,28,0.5404525935041014,123,raw_scale_analysis
Parkinson disease,parkinson,broad,OFCpost L,29,0.47964987098938683,123,raw_scale_analysis
Parkinson disease,parkinson,broad,OFCpost R,30,0.5197932578819882,123,raw_scale_analysis
Parkinson disease,parkinson,broad,OFClat L,31,0.4792987911673351,123,raw_scale_analysis
Parkinson disease,parkinson,broad,OFClat R,32,0.5071095269141773,123,raw_scale_analysis
Parkinson disease,parkinson,broad,Insula L,33,0.505021357055009,123,raw_scale_analysis
Parkinson disease,parkinson,broad,Insula R,34,0.4972142986538041,123,raw_scale_analysis
Parkinson disease,parkinson,broad,Cingulate Mid L,37,0.5086396789077758,123,raw_scale_analysis
Parkinson disease,parkinson,broad,Cingulate Mid R,38,0.4984536452038181,123,raw_scale_analysis
Parkinson disease,parkinson,broad,Cingulate Post L,39,0.4994080545111457,123,raw_scale_analysis
Parkinson disease,parkinson,broad,Hippocampus L,41,0.5097231358371487,123,raw_scale_analysis
Parkinson disease,parkinson,broad,Hippocampus R,42,0.5026697152122017,123,raw_scale_analysis
Parkinson disease,parkinson,broad,ParaHippocampal L,43,0.5007842942885306,123,raw_scale_analysis
Parkinson disease,parkinson,broad,ParaHippocampal R,44,0.5181086711361422,123,raw_scale_analysis
Parkinson disease,parkinson,broad,Amygdala L,45,0.5209476604218192,123,raw_scale_analysis
Parkinson disease,parkinson,broad,Amygdala R,46,0.47441999934980617,123,raw_scale_analysis
Parkinson disease,parkinson,broad,Calcarine L,47,0.505425367874815,123,raw_scale_analysis
Parkinson disease,parkinson,broad,Calcarine R,48,0.5028492952068573,123,raw_scale_analysis
Parkinson disease,parkinson,broad,Cuneus L,49,0.5090544848845593,123,raw_scale_analysis
Parkinson disease,parkinson,broad,Lingual L,51,0.5002711716352971,123,raw_scale_analysis
Parkinson disease,parkinson,broad,Lingual R,52,0.49985166235788253,123,raw_scale_analysis
Parkinson disease,parkinson,broad,Occipital Sup L,53,0.5166906879973484,123,raw_scale_analysis
Parkinson disease,parkinson,broad,Occipital Mid L,55,0.5165196946113555,123,raw_scale_analysis
Parkinson disease,parkinson,broad,Occipital Mid R,56,0.529069431315593,123,raw_scale_analysis
Parkinson disease,parkinson,broad,Occipital Inf L,57,0.5170820459890269,123,raw_scale_analysis
Parkinson disease,parkinson,broad,Occipital Inf R,58,0.5140213529792832,123,raw_scale_analysis
Parkinson disease,parkinson,broad,Fusiform L,59,0.5016732614883413,123,raw_scale_analysis
Parkinson disease,parkinson,broad,Fusiform R,60,0.4987424499427161,123,raw_scale_analysis
Parkinson disease,parkinson,broad,Postcentral L,61,0.5089652223530561,123,raw_scale_analysis
Parkinson disease,parkinson,broad,Postcentral R,62,0.501021395732898,123,raw_scale_analysis
Parkinson disease,parkinson,broad,Parietal Sup L,63,0.512344726312697,123,raw_scale_analysis
Parkinson disease,parkinson,broad,Parietal Sup R,64,0.4531712880857386,123,raw_scale_analysis
Parkinson disease,parkinson,broad,Parietal Inf L,65,0.5124358399291297,123,raw_scale_analysis
Parkinson disease,parkinson,broad,Parietal Inf R,66,0.5049385781089162,123,raw_scale_analysis
Parkinson disease,parkinson,broad,SupraMarginal L,67,0.4846570253585736,123,raw_scale_analysis
Parkinson disease,parkinson,broad,SupraMarginal R,68,0.4704579037115745,123,raw_scale_analysis
Parkinson disease,parkinson,broad,Angular L,69,0.51210617017441,123,raw_scale_analysis
Parkinson disease,parkinson,broad,Angular R,70,0.488399428329531,123,raw_scale_analysis
Parkinson disease,parkinson,broad,Precuneus L,71,0.49323973243889413,123,raw_scale_analysis
Parkinson disease,parkinson,broad,Precuneus R,72,0.49305406088451015,123,raw_scale_analysis
Parkinson disease,parkinson,broad,Paracentral Lobule L,73,0.5058161830124009,123,raw_scale_analysis
Parkinson disease,parkinson,broad,Paracentral Lobule R,74,0.5227685755982862,123,raw_scale_analysis
Parkinson disease,parkinson,broad,Caudate L,75,0.46640037885617186,123,raw_scale_analysis
Parkinson disease,parkinson,broad,Caudate R,76,0.4731063416828029,123,raw_scale_analysis
Parkinson disease,parkinson,broad,Putamen L,77,0.481153492980649,123,raw_scale_analysis
Parkinson disease,parkinson,broad,Putamen R,78,0.5003074909550069,123,raw_scale_analysis
Parkinson disease,parkinson,broad,Pallidum L,79,0.5043601019139669,123,raw_scale_analysis
Parkinson disease,parkinson,broad,Pallidum R,80,0.501580419098126,123,raw_scale_analysis
Parkinson disease,parkinson,broad,Heschl L,83,0.5263266544141402,123,raw_scale_analysis
Parkinson disease,parkinson,broad,Heschl R,84,0.5236351830845313,123,raw_scale_analysis
Parkinson disease,parkinson,broad,Temporal Sup L,85,0.5034994312984176,123,raw_scale_analysis
Parkinson disease,parkinson,broad,Temporal Sup R,86,0.5035134323157381,123,raw_scale_analysis
Parkinson disease,parkinson,broad,Temporal Pole Sup L,87,0.4933081401824229,123,raw_scale_analysis
Parkinson disease,parkinson,broad,Temporal Pole Sup R,88,0.5248109631251153,123,raw_scale_analysis
Parkinson disease,parkinson,broad,Temporal Mid L,89,0.49428186422111375,123,raw_scale_analysis
Parkinson disease,parkinson,broad,Temporal Mid R,90,0.505773261224906,123,raw_scale_analysis
Parkinson disease,parkinson,broad,Temporal Pole Mid L,91,0.5120800126440723,123,raw_scale_analysis
Parkinson disease,parkinson,broad,Temporal Inf L,93,0.49879400319362505,123,raw_scale_analysis
Parkinson disease,parkinson,broad,Temporal Inf R,94,0.5071036863378642,123,raw_scale_analysis
Parkinson disease,parkinson,broad,Cerebellum Crus1 L,95,0.49466949640571617,123,raw_scale_analysis
Parkinson disease,parkinson,broad,Cerebellum Crus1 R,96,0.5331709850548261,123,raw_scale_analysis
Parkinson disease,parkinson,broad,Cerebellum Crus2 L,97,0.490045929762947,123,raw_scale_analysis
Parkinson disease,parkinson,broad,Cerebellum Crus2 R,98,0.5211412367810447,123,raw_scale_analysis
Parkinson disease,parkinson,broad,Cerebellum 4 5 L,101,0.5428256547085529,123,raw_scale_analysis
Parkinson disease,parkinson,broad,Cerebellum 4 5 R,102,0.5486448756494278,123,raw_scale_analysis
Parkinson disease,parkinson,broad,Cerebellum 6 L,103,0.5177890320631001,123,raw_scale_analysis
Parkinson disease,parkinson,broad,Cerebellum 6 R,104,0.4999076693772667,123,raw_scale_analysis
Parkinson disease,parkinson,broad,Cerebellum 7b L,105,0.486873104909992,123,raw_scale_analysis
Parkinson disease,parkinson,broad,Cerebellum 7b R,106,0.4959918701310775,123,raw_scale_analysis
Parkinson disease,parkinson,broad,Cerebellum 8 L,107,0.496371293707437,123,raw_scale_analysis
Parkinson disease,parkinson,broad,Cerebellum 8 R,108,0.4981490916733599,123,raw_scale_analysis
Parkinson disease,parkinson,broad,Cerebellum 9 L,109,0.48304854311991263,123,raw_scale_analysis
Parkinson disease,parkinson,broad,Cerebellum 9 R,110,0.48767565266477314,123,raw_scale_analysis
Parkinson disease,parkinson,broad,Cerebellum 10 L,111,0.535895689268353,123,raw_scale_analysis
Parkinson disease,parkinson,broad,Vermis 8,118,0.5259947618711901,123,raw_scale_analysis
Parkinson disease,parkinson,broad,Vermis 9,119,0.49251267218345757,123,raw_scale_analysis
Parkinson disease,parkinson,broad,Thal AV L,121,0.5220227960566357,123,raw_scale_analysis
Parkinson disease,parkinson,broad,Thal AV R,122,0.503147948314071,123,raw_scale_analysis
Parkinson disease,parkinson,broad,Thal VA L,125,0.5228920380739639,123,raw_scale_analysis
Parkinson disease,parkinson,broad,Thal VL L,127,0.5099115152451582,123,raw_scale_analysis
Parkinson disease,parkinson,broad,Thal VL R,128,0.5281701056429762,123,raw_scale_analysis
Parkinson disease,parkinson,broad,Thal VPL L,129,0.5143902068362305,123,raw_scale_analysis
Parkinson disease,parkinson,broad,Thal VPL R,130,0.5306508287258311,123,raw_scale_analysis
Parkinson disease,parkinson,broad,Thal IL L,131,0.5479696702290494,123,raw_scale_analysis
Parkinson disease,parkinson,broad,Thal MDm L,135,0.44916020340461427,123,raw_scale_analysis
Parkinson disease,parkinson,broad,Thal MDm R,136,0.5138013877603812,123,raw_scale_analysis
Parkinson disease,parkinson,broad,Thal MDl L,137,0.4961268226477405,123,raw_scale_analysis
Parkinson disease,parkinson,broad,Thal LGN L,139,0.5335024543312892,123,raw_scale_analysis
Parkinson disease,parkinson,broad,Thal LGN R,140,0.5426463132109661,123,raw_scale_analysis
Parkinson disease,parkinson,broad,Thal MGN L,141,0.5650683616066453,123,raw_scale_analysis
Parkinson disease,parkinson,broad,Thal PuI L,143,0.5621284235664139,123,raw_scale_analysis
Parkinson disease,parkinson,broad,Thal PuI R,144,0.5395538171419695,123,raw_scale_analysis
Parkinson disease,parkinson,broad,Thal PuM L,145,0.5317578706636388,123,raw_scale_analysis
Parkinson disease,parkinson,broad,Thal PuM R,146,0.5258686480335911,123,raw_scale_analysis
Parkinson disease,parkinson,broad,Thal PuA L,147,0.531359877078257,123,raw_scale_analysis
Parkinson disease,parkinson,broad,Thal PuA R,148,0.5112707166959396,123,raw_scale_analysis
Parkinson disease,parkinson,broad,ACC pre L,153,0.47538841464782033,123,raw_scale_analysis
Parkinson disease,parkinson,broad,ACC pre R,154,0.5341722630339706,123,raw_scale_analysis
Parkinson disease,parkinson,broad,ACC sup L,155,0.4868926404980335,123,raw_scale_analysis
Parkinson disease,parkinson,broad,ACC sup R,156,0.5121914833963584,123,raw_scale_analysis
Parkinson disease,parkinson,broad,N Acc L,157,0.5146252791058787,123,raw_scale_analysis
Parkinson disease,parkinson,broad,N Acc R,158,0.5221471174722748,123,raw_scale_analysis
Parkinson disease,parkinson,broad,SN pc L,161,0.5333927649823768,123,raw_scale_analysis
Parkinson disease,parkinson,broad,SN pr L,163,0.5217205138112694,123,raw_scale_analysis
Parkinson disease,parkinson,broad,SN pr R,164,0.506596120319559,123,raw_scale_analysis
Parkinson disease,parkinson,broad,Red N L,165,0.5057410903334201,123,raw_scale_analysis
Parkinson disease,parkinson,broad,Red N R,166,0.5391685492813293,123,raw_scale_analysis
Parkinson disease,parkinson,broad,LC L,167,0.5028916291899079,123,raw_scale_analysis
Parkinson disease,parkinson,broad,LC R,168,0.44578659196042403,123,raw_scale_analysis
Parkinson disease,parkinson,broad,Raphe D,169,0.48667570855859754,123,raw_scale_analysis
Parkinson disease,parkinson,broad,Raphe M,170,0.4951365355853581,123,raw_scale_analysis
Parkinson disease,parkinson,stringent,Precentral L,1,0.5030694380856986,34,raw_scale_analysis
Parkinson disease,parkinson,stringent,Precentral R,2,0.48359543651986764,34,raw_scale_analysis
Parkinson disease,parkinson,stringent,Frontal Sup 2 L,3,0.4996462733010145,34,raw_scale_analysis
Parkinson disease,parkinson,stringent,Frontal Sup 2 R,4,0.5225453668714447,34,raw_scale_analysis
Parkinson disease,parkinson,stringent,Frontal Mid 2 L,5,0.504354455652558,34,raw_scale_analysis
Parkinson disease,parkinson,stringent,Frontal Mid 2 R,6,0.501440216479564,34,raw_scale_analysis
Parkinson disease,parkinson,stringent,Frontal Inf Oper L,7,0.5106954198594762,34,raw_scale_analysis
Parkinson disease,parkinson,stringent,Frontal Inf Oper R,8,0.47739130032476473,34,raw_scale_analysis
Parkinson disease,parkinson,stringent,Frontal Inf Tri L,9,0.5189628396475071,34,raw_scale_analysis
Parkinson disease,parkinson,stringent,Frontal Inf Tri R,10,0.5045015055921557,34,raw_scale_analysis
Parkinson disease,parkinson,stringent,Frontal Inf Orb 2 L,11,0.5310624687156228,34,raw_scale_analysis
Parkinson disease,parkinson,stringent,Frontal Inf Orb 2 R,12,0.5015060406500771,34,raw_scale_analysis
Parkinson disease,parkinson,stringent,Rolandic Oper L,13,0.5079539802531288,34,raw_scale_analysis
Parkinson disease,parkinson,stringent,Rolandic Oper R,14,0.5223310287442271,34,raw_scale_analysis
Parkinson disease,parkinson,stringent,Supp Motor Area L,15,0.48341689768649054,34,raw_scale_analysis
Parkinson disease,parkinson,stringent,Supp Motor Area R,16,0.4941129022297777,34,raw_scale_analysis
Parkinson disease,parkinson,stringent,Olfactory L,17,0.5063133604452564,34,raw_scale_analysis
Parkinson disease,parkinson,stringent,Olfactory R,18,0.483284869574119,34,raw_scale_analysis
Parkinson disease,parkinson,stringent,Frontal Sup Medial L,19,0.5293170495402265,34,raw_scale_analysis
Parkinson disease,parkinson,stringent,Frontal Sup Medial R,20,0.5555028770567366,34,raw_scale_analysis
Parkinson disease,parkinson,stringent,Frontal Med Orb L,21,0.5405938406077917,34,raw_scale_analysis
Parkinson disease,parkinson,stringent,Frontal Med Orb R,22,0.5242620137846249,34,raw_scale_analysis
Parkinson disease,parkinson,stringent,Rectus L,23,0.5409130307266145,34,raw_scale_analysis
Parkinson disease,parkinson,stringent,Rectus R,24,0.5504113076320261,34,raw_scale_analysis
Parkinson disease,parkinson,stringent,OFCmed L,25,0.5220570993835694,34,raw_scale_analysis
Parkinson disease,parkinson,stringent,OFCmed R,26,0.528413716579961,34,raw_scale_analysis
Parkinson disease,parkinson,stringent,OFCant L,27,0.538561252691276,34,raw_scale_analysis
Parkinson disease,parkinson,stringent,OFCant R,28,0.5608844020404673,34,raw_scale_analysis
Parkinson disease,parkinson,stringent,OFCpost L,29,0.5065275731576991,34,raw_scale_analysis
Parkinson disease,parkinson,stringent,OFCpost R,30,0.5273826329473204,34,raw_scale_analysis
Parkinson disease,parkinson,stringent,OFClat L,31,0.49030261401320147,34,raw_scale_analysis
Parkinson disease,parkinson,stringent,OFClat R,32,0.5310809980025556,34,raw_scale_analysis
Parkinson disease,parkinson,stringent,Insula L,33,0.516592324061307,34,raw_scale_analysis
Parkinson disease,parkinson,stringent,Insula R,34,0.5154679614578374,34,raw_scale_analysis
Parkinson disease,parkinson,stringent,Cingulate Mid L,37,0.5196197365805495,34,raw_scale_analysis
Parkinson disease,parkinson,stringent,Cingulate Mid R,38,0.5039769800577384,34,raw_scale_analysis
Parkinson disease,parkinson,stringent,Cingulate Post L,39,0.4970797445478053,34,raw_scale_analysis
Parkinson disease,parkinson,stringent,Hippocampus L,41,0.5079767968269158,34,raw_scale_analysis
Parkinson disease,parkinson,stringent,Hippocampus R,42,0.4981820731338512,34,raw_scale_analysis
Parkinson disease,parkinson,stringent,ParaHippocampal L,43,0.5248540976507485,34,raw_scale_analysis
Parkinson disease,parkinson,stringent,ParaHippocampal R,44,0.5071804138886602,34,raw_scale_analysis
Parkinson disease,parkinson,stringent,Amygdala L,45,0.5221942972977809,34,raw_scale_analysis
Parkinson disease,parkinson,stringent,Amygdala R,46,0.4809150015093703,34,raw_scale_analysis
Parkinson disease,parkinson,stringent,Calcarine L,47,0.46731987815594805,34,raw_scale_analysis
Parkinson disease,parkinson,stringent,Calcarine R,48,0.4675856224638023,34,raw_scale_analysis
Parkinson disease,parkinson,stringent,Cuneus L,49,0.45744589659338775,34,raw_scale_analysis
Parkinson disease,parkinson,stringent,Lingual L,51,0.46206852095288753,34,raw_scale_analysis
Parkinson disease,parkinson,stringent,Lingual R,52,0.4605502311987073,34,raw_scale_analysis
Parkinson disease,parkinson,stringent,Occipital Sup L,53,0.4810044032389963,34,raw_scale_analysis
Parkinson disease,parkinson,stringent,Occipital Mid L,55,0.4945436999852951,34,raw_scale_analysis
Parkinson disease,parkinson,stringent,Occipital Mid R,56,0.5040312360826681,34,raw_scale_analysis
Parkinson disease,parkinson,stringent,Occipital Inf L,57,0.4969862860116823,34,raw_scale_analysis
Parkinson disease,parkinson,stringent,Occipital Inf R,58,0.5031873650450988,34,raw_scale_analysis
Parkinson disease,parkinson,stringent,Fusiform L,59,0.504198886499407,34,raw_scale_analysis
Parkinson disease,parkinson,stringent,Fusiform R,60,0.49421178175538893,34,raw_scale_analysis
Parkinson disease,parkinson,stringent,Postcentral L,61,0.5018516506193043,34,raw_scale_analysis
Parkinson disease,parkinson,stringent,Postcentral R,62,0.48348256909661724,34,raw_scale_analysis
Parkinson disease,parkinson,stringent,Parietal Sup L,63,0.4896079331921829,34,raw_scale_analysis
Parkinson disease,parkinson,stringent,Parietal Sup R,64,0.422930469993673,34,raw_scale_analysis
Parkinson disease,parkinson,stringent,Parietal Inf L,65,0.5063495948394686,34,raw_scale_analysis
Parkinson disease,parkinson,stringent,Parietal Inf R,66,0.48340467002742643,34,raw_scale_analysis
Parkinson disease,parkinson,stringent,SupraMarginal L,67,0.4874148737373016,34,raw_scale_analysis
Parkinson disease,parkinson,stringent,SupraMarginal R,68,0.46826719767365854,34,raw_scale_analysis
Parkinson disease,parkinson,stringent,Angular L,69,0.512080627248074,34,raw_scale_analysis
Parkinson disease,parkinson,stringent,Angular R,70,0.4773035371099889,34,raw_scale_analysis
Parkinson disease,parkinson,stringent,Precuneus L,71,0.4790320370746552,34,raw_scale_analysis
Parkinson disease,parkinson,stringent,Precuneus R,72,0.48495281742534274,34,raw_scale_analysis
Parkinson disease,parkinson,stringent,Paracentral Lobule L,73,0.4838755674689472,34,raw_scale_analysis
Parkinson disease,parkinson,stringent,Paracentral Lobule R,74,0.500189799791479,34,raw_scale_analysis
Parkinson disease,parkinson,stringent,Caudate L,75,0.42403468256110527,34,raw_scale_analysis
Parkinson disease,parkinson,stringent,Caudate R,76,0.41801611642590436,34,raw_scale_analysis
Parkinson disease,parkinson,stringent,Putamen L,77,0.4494733662129226,34,raw_scale_analysis
Parkinson disease,parkinson,stringent,Putamen R,78,0.4858166873226811,34,raw_scale_analysis
Parkinson disease,parkinson,stringent,Pallidum L,79,0.5007762046882045,34,raw_scale_analysis
Parkinson disease,parkinson,stringent,Pallidum R,80,0.5213915463680369,34,raw_scale_analysis
Parkinson disease,parkinson,stringent,Heschl L,83,0.5230523493214848,34,raw_scale_analysis
Parkinson disease,parkinson,stringent,Heschl R,84,0.5198797029328239,34,raw_scale_analysis
Parkinson disease,parkinson,stringent,Temporal Sup L,85,0.5084625212991627,34,raw_scale_analysis
Parkinson disease,parkinson,stringent,Temporal Sup R,86,0.5027175608468436,34,raw_scale_analysis
Parkinson disease,parkinson,stringent,Temporal Pole Sup L,87,0.49568686956309993,34,raw_scale_analysis
Parkinson disease,parkinson,stringent,Temporal Pole Sup R,88,0.5287281131039654,34,raw_scale_analysis
Parkinson disease,parkinson,stringent,Temporal Mid L,89,0.501549484437007,34,raw_scale_analysis
Parkinson disease,parkinson,stringent,Temporal Mid R,90,0.5152055221665219,34,raw_scale_analysis
Parkinson disease,parkinson,stringent,Temporal Pole Mid L,91,0.5254015904869334,34,raw_scale_analysis
Parkinson disease,parkinson,stringent,Temporal Inf L,93,0.504282829401801,34,raw_scale_analysis
Parkinson disease,parkinson,stringent,Temporal Inf R,94,0.5229318451612299,34,raw_scale_analysis
Parkinson disease,parkinson,stringent,Cerebellum Crus1 L,95,0.494223228272953,34,raw_scale_analysis
Parkinson disease,parkinson,stringent,Cerebellum Crus1 R,96,0.5010434569901221,34,raw_scale_analysis
Parkinson disease,parkinson,stringent,Cerebellum Crus2 L,97,0.47115394431180907,34,raw_scale_analysis
Parkinson disease,parkinson,stringent,Cerebellum Crus2 R,98,0.49810562882265935,34,raw_scale_analysis
Parkinson disease,parkinson,stringent,Cerebellum 4 5 L,101,0.5345505872955645,34,raw_scale_analysis
Parkinson disease,parkinson,stringent,Cerebellum 4 5 R,102,0.5538036595318659,34,raw_scale_analysis
Parkinson disease,parkinson,stringent,Cerebellum 6 L,103,0.5105799023113541,34,raw_scale_analysis
Parkinson disease,parkinson,stringent,Cerebellum 6 R,104,0.48708910890683027,34,raw_scale_analysis
Parkinson disease,parkinson,stringent,Cerebellum 7b L,105,0.4582109130637338,34,raw_scale_analysis
Parkinson disease,parkinson,stringent,Cerebellum 7b R,106,0.43965821601362476,34,raw_scale_analysis
Parkinson disease,parkinson,stringent,Cerebellum 8 L,107,0.47122526896372663,34,raw_scale_analysis
Parkinson disease,parkinson,stringent,Cerebellum 8 R,108,0.4854037085360568,34,raw_scale_analysis
Parkinson disease,parkinson,stringent,Cerebellum 9 L,109,0.478813887575725,34,raw_scale_analysis
Parkinson disease,parkinson,stringent,Cerebellum 9 R,110,0.45084508401898876,34,raw_scale_analysis
Parkinson disease,parkinson,stringent,Cerebellum 10 L,111,0.5413487633918714,34,raw_scale_analysis
Parkinson disease,parkinson,stringent,Vermis 8,118,0.5868566681472899,34,raw_scale_analysis
Parkinson disease,parkinson,stringent,Vermis 9,119,0.5411642507824866,34,raw_scale_analysis
Parkinson disease,parkinson,stringent,Thal AV L,121,0.5230470932562943,34,raw_scale_analysis
Parkinson disease,parkinson,stringent,Thal AV R,122,0.5273923416270613,34,raw_scale_analysis
Parkinson disease,parkinson,stringent,Thal VA L,125,0.5488358448705258,34,raw_scale_analysis
Parkinson disease,parkinson,stringent,Thal VL L,127,0.527745707814233,34,raw_scale_analysis
Parkinson disease,parkinson,stringent,Thal VL R,128,0.5422980259981841,34,raw_scale_analysis
Parkinson disease,parkinson,stringent,Thal VPL L,129,0.526427539384017,34,raw_scale_analysis
Parkinson disease,parkinson,stringent,Thal VPL R,130,0.5379277802643792,34,raw_scale_analysis
Parkinson disease,parkinson,stringent,Thal IL L,131,0.5389113840770459,34,raw_scale_analysis
Parkinson disease,parkinson,stringent,Thal MDm L,135,0.47215150816843776,34,raw_scale_analysis
Parkinson disease,parkinson,stringent,Thal MDm R,136,0.5406140576903392,34,raw_scale_analysis
Parkinson disease,parkinson,stringent,Thal MDl L,137,0.519156996414769,34,raw_scale_analysis
Parkinson disease,parkinson,stringent,Thal LGN L,139,0.5375261381922602,34,raw_scale_analysis
Parkinson disease,parkinson,stringent,Thal LGN R,140,0.5626922755937647,34,raw_scale_analysis
Parkinson disease,parkinson,stringent,Thal MGN L,141,0.5764023667200997,34,raw_scale_analysis
Parkinson disease,parkinson,stringent,Thal PuI L,143,0.5656080088264694,34,raw_scale_analysis
Parkinson disease,parkinson,stringent,Thal PuI R,144,0.5557093813071374,34,raw_scale_analysis
Parkinson disease,parkinson,stringent,Thal PuM L,145,0.5542556513344211,34,raw_scale_analysis
Parkinson disease,parkinson,stringent,Thal PuM R,146,0.5498453396594511,34,raw_scale_analysis
Parkinson disease,parkinson,stringent,Thal PuA L,147,0.5606488250029142,34,raw_scale_analysis
Parkinson disease,parkinson,stringent,Thal PuA R,148,0.541371947453908,34,raw_scale_analysis
Parkinson disease,parkinson,stringent,ACC pre L,153,0.5071831296539171,34,raw_scale_analysis
Parkinson disease,parkinson,stringent,ACC pre R,154,0.5332571165323438,34,raw_scale_analysis
Parkinson disease,parkinson,stringent,ACC sup L,155,0.5142145222359013,34,raw_scale_analysis
Parkinson disease,parkinson,stringent,ACC sup R,156,0.5147375341298693,34,raw_scale_analysis
Parkinson disease,parkinson,stringent,N Acc L,157,0.4981384763960006,34,raw_scale_analysis
Parkinson disease,parkinson,stringent,N Acc R,158,0.46765980636553284,34,raw_scale_analysis
Parkinson disease,parkinson,stringent,SN pc L,161,0.5493771890664433,34,raw_scale_analysis
Parkinson disease,parkinson,stringent,SN pr L,163,0.5357137751431874,34,raw_scale_analysis
Parkinson disease,parkinson,stringent,SN pr R,164,0.5447803686733518,34,raw_scale_analysis
Parkinson disease,parkinson,stringent,Red N L,165,0.5318300123352301,34,raw_scale_analysis
Parkinson disease,parkinson,stringent,Red N R,166,0.5578878417006754,34,raw_scale_analysis
Parkinson disease,parkinson,stringent,LC L,167,0.5174491766039399,34,raw_scale_analysis
Parkinson disease,parkinson,stringent,LC R,168,0.46037868069869275,34,raw_scale_analysis
Parkinson disease,parkinson,stringent,Raphe D,169,0.5054766700495343,34,raw_scale_analysis
Parkinson disease,parkinson,stringent,Raphe M,170,0.49623461051796447,34,raw_scale_analysis
Parkinson disease,parkinson,weighted,Precentral L,1,0.510264498240624,123,raw_scale_analysis
Parkinson disease,parkinson,weighted,Precentral R,2,0.4979046609127798,123,raw_scale_analysis
Parkinson disease,parkinson,weighted,Frontal Sup 2 L,3,0.5082875544897364,123,raw_scale_analysis
Parkinson disease,parkinson,weighted,Frontal Sup 2 R,4,0.5217156864461605,123,raw_scale_analysis
Parkinson disease,parkinson,weighted,Frontal Mid 2 L,5,0.5143074834781964,123,raw_scale_analysis
Parkinson disease,parkinson,weighted,Frontal Mid 2 R,6,0.4998994282871415,123,raw_scale_analysis
Parkinson disease,parkinson,weighted,Frontal Inf Oper L,7,0.49124835878278744,123,raw_scale_analysis
Parkinson disease,parkinson,weighted,Frontal Inf Oper R,8,0.48153527483049635,123,raw_scale_analysis
Parkinson disease,parkinson,weighted,Frontal Inf Tri L,9,0.523117004392592,123,raw_scale_analysis
Parkinson disease,parkinson,weighted,Frontal Inf Tri R,10,0.5086275828422177,123,raw_scale_analysis
Parkinson disease,parkinson,weighted,Frontal Inf Orb 2 L,11,0.5280134148034401,123,raw_scale_analysis
Parkinson disease,parkinson,weighted,Frontal Inf Orb 2 R,12,0.5062063571320384,123,raw_scale_analysis
Parkinson disease,parkinson,weighted,Rolandic Oper L,13,0.5176292080386723,123,raw_scale_analysis
Parkinson disease,parkinson,weighted,Rolandic Oper R,14,0.5274127358957064,123,raw_scale_analysis
Parkinson disease,parkinson,weighted,Supp Motor Area L,15,0.49156522283785475,123,raw_scale_analysis
Parkinson disease,parkinson,weighted,Supp Motor Area R,16,0.5025613499510216,123,raw_scale_analysis
Parkinson disease,parkinson,weighted,Olfactory L,17,0.4821965563935364,123,raw_scale_analysis
Parkinson disease,parkinson,weighted,Olfactory R,18,0.4564085952022688,123,raw_scale_analysis
Parkinson disease,parkinson,weighted,Frontal Sup Medial L,19,0.5235653998431317,123,raw_scale_analysis
Parkinson disease,parkinson,weighted,Frontal Sup Medial R,20,0.5459859669041388,123,raw_scale_analysis
Parkinson disease,parkinson,weighted,Frontal Med Orb L,21,0.5200376294530821,123,raw_scale_analysis
Parkinson disease,parkinson,weighted,Frontal Med Orb R,22,0.5428632873303476,123,raw_scale_analysis
Parkinson disease,parkinson,weighted,Rectus L,23,0.5177959071206879,123,raw_scale_analysis
Parkinson disease,parkinson,weighted,Rectus R,24,0.5381080096216359,123,raw_scale_analysis
Parkinson disease,parkinson,weighted,OFCmed L,25,0.5090324422465626,123,raw_scale_analysis
Parkinson disease,parkinson,weighted,OFCmed R,26,0.5303686770014988,123,raw_scale_analysis
Parkinson disease,parkinson,weighted,OFCant L,27,0.5242766472659193,123,raw_scale_analysis
Parkinson disease,parkinson,weighted,OFCant R,28,0.551196725191175,123,raw_scale_analysis
Parkinson disease,parkinson,weighted,OFCpost L,29,0.4932122637457843,123,raw_scale_analysis
Parkinson disease,parkinson,weighted,OFCpost R,30,0.5217597883293427,123,raw_scale_analysis
Parkinson disease,parkinson,weighted,OFClat L,31,0.48632230344910027,123,raw_scale_analysis
Parkinson disease,parkinson,weighted,OFClat R,32,0.5245729715847602,123,raw_scale_analysis
Parkinson disease,parkinson,weighted,Insula L,33,0.5109023629632566,123,raw_scale_analysis
Parkinson disease,parkinson,weighted,Insula R,34,0.503614872976474,123,raw_scale_analysis
Parkinson disease,parkinson,weighted,Cingulate Mid L,37,0.5144311652212007,123,raw_scale_analysis
Parkinson disease,parkinson,weighted,Cingulate Mid R,38,0.5023367586975508,123,raw_scale_analysis
Parkinson disease,parkinson,weighted,Cingulate Post L,39,0.49876830549245343,123,raw_scale_analysis
Parkinson disease,parkinson,weighted,Hippocampus L,41,0.5146276024294286,123,raw_scale_analysis
Parkinson disease,parkinson,weighted,Hippocampus R,42,0.5039530351736257,123,raw_scale_analysis
Parkinson disease,parkinson,weighted,ParaHippocampal L,43,0.5036211474289123,123,raw_scale_analysis
Parkinson disease,parkinson,weighted,ParaHippocampal R,44,0.5179210242342579,123,raw_scale_analysis
Parkinson disease,parkinson,weighted,Amygdala L,45,0.526754198798641,123,raw_scale_analysis
Parkinson disease,parkinson,weighted,Amygdala R,46,0.48409738928894036,123,raw_scale_analysis
Parkinson disease,parkinson,weighted,Calcarine L,47,0.48501752311188534,123,raw_scale_analysis
Parkinson disease,parkinson,weighted,Calcarine R,48,0.4802345907575455,123,raw_scale_analysis
Parkinson disease,parkinson,weighted,Cuneus L,49,0.48055117513176515,123,raw_scale_analysis
Parkinson disease,parkinson,weighted,Lingual L,51,0.4777776879790196,123,raw_scale_analysis
Parkinson disease,parkinson,weighted,Lingual R,52,0.47806527783194436,123,raw_scale_analysis
Parkinson disease,parkinson,weighted,Occipital Sup L,53,0.5043159089651654,123,raw_scale_analysis
Parkinson disease,parkinson,weighted,Occipital Mid L,55,0.5035786884490719,123,raw_scale_analysis
Parkinson disease,parkinson,weighted,Occipital Mid R,56,0.520327036503315,123,raw_scale_analysis
Parkinson disease,parkinson,weighted,Occipital Inf L,57,0.504607587228048,123,raw_scale_analysis
Parkinson disease,parkinson,weighted,Occipital Inf R,58,0.5111437051947447,123,raw_scale_analysis
Parkinson disease,parkinson,weighted,Fusiform L,59,0.5006485200448341,123,raw_scale_analysis
Parkinson disease,parkinson,weighted,Fusiform R,60,0.49188960697341905,123,raw_scale_analysis
Parkinson disease,parkinson,weighted,Postcentral L,61,0.5066625940241201,123,raw_scale_analysis
Parkinson disease,parkinson,weighted,Postcentral R,62,0.4936612595516457,123,raw_scale_analysis
Parkinson disease,parkinson,weighted,Parietal Sup L,63,0.5026394098130921,123,raw_scale_analysis
Parkinson disease,parkinson,weighted,Parietal Sup R,64,0.4392928393734095,123,raw_scale_analysis
Parkinson disease,parkinson,weighted,Parietal Inf L,65,0.5114722441940167,123,raw_scale_analysis
Parkinson disease,parkinson,weighted,Parietal Inf R,66,0.49365078935393825,123,raw_scale_analysis
Parkinson disease,parkinson,weighted,SupraMarginal L,67,0.4861117183423972,123,raw_scale_analysis
Parkinson disease,parkinson,weighted,SupraMarginal R,68,0.46466788381953067,123,raw_scale_analysis
Parkinson disease,parkinson,weighted,Angular L,69,0.5132726506274339,123,raw_scale_analysis
Parkinson disease,parkinson,weighted,Angular R,70,0.4860002672794375,123,raw_scale_analysis
Parkinson disease,parkinson,weighted,Precuneus L,71,0.48997341096950314,123,raw_scale_analysis
Parkinson disease,parkinson,weighted,Precuneus R,72,0.4857367149951781,123,raw_scale_analysis
Parkinson disease,parkinson,weighted,Paracentral Lobule L,73,0.5024305976010289,123,raw_scale_analysis
Parkinson disease,parkinson,weighted,Paracentral Lobule R,74,0.5133149393405714,123,raw_scale_analysis
Parkinson disease,parkinson,weighted,Caudate L,75,0.44683225364907675,123,raw_scale_analysis
Parkinson disease,parkinson,weighted,Caudate R,76,0.44814715754054624,123,raw_scale_analysis
Parkinson disease,parkinson,weighted,Putamen L,77,0.4671196940290997,123,raw_scale_analysis
Parkinson disease,parkinson,weighted,Putamen R,78,0.4973787721111945,123,raw_scale_analysis
Parkinson disease,parkinson,weighted,Pallidum L,79,0.4974800887553992,123,raw_scale_analysis
Parkinson disease,parkinson,weighted,Pallidum R,80,0.5000006452586223,123,raw_scale_analysis
Parkinson disease,parkinson,weighted,Heschl L,83,0.526301305460568,123,raw_scale_analysis
Parkinson disease,parkinson,weighted,Heschl R,84,0.5160885290373954,123,raw_scale_analysis
Parkinson disease,parkinson,weighted,Temporal Sup L,85,0.5024099071610241,123,raw_scale_analysis
Parkinson disease,parkinson,weighted,Temporal Sup R,86,0.5022632654960368,123,raw_scale_analysis
Parkinson disease,parkinson,weighted,Temporal Pole Sup L,87,0.49486131277003714,123,raw_scale_analysis
Parkinson disease,parkinson,weighted,Temporal Pole Sup R,88,0.5292948641931847,123,raw_scale_analysis
Parkinson disease,parkinson,weighted,Temporal Mid L,89,0.49605302579277927,123,raw_scale_analysis
Parkinson disease,parkinson,weighted,Temporal Mid R,90,0.5079267156662716,123,raw_scale_analysis
Parkinson disease,parkinson,weighted,Temporal Pole Mid L,91,0.5150593922115161,123,raw_scale_analysis
Parkinson disease,parkinson,weighted,Temporal Inf L,93,0.5011692830585954,123,raw_scale_analysis
Parkinson disease,parkinson,weighted,Temporal Inf R,94,0.5112457163612667,123,raw_scale_analysis
Parkinson disease,parkinson,weighted,Cerebellum Crus1 L,95,0.4919679628886286,123,raw_scale_analysis
Parkinson disease,parkinson,weighted,Cerebellum Crus1 R,96,0.5221629538945339,123,raw_scale_analysis
Parkinson disease,parkinson,weighted,Cerebellum Crus2 L,97,0.4767164612426168,123,raw_scale_analysis
Parkinson disease,parkinson,weighted,Cerebellum Crus2 R,98,0.5057922477355145,123,raw_scale_analysis
Parkinson disease,parkinson,weighted,Cerebellum 4 5 L,101,0.5352320185483722,123,raw_scale_analysis
Parkinson disease,parkinson,weighted,Cerebellum 4 5 R,102,0.546460569928335,123,raw_scale_analysis
Parkinson disease,parkinson,weighted,Cerebellum 6 L,103,0.5098003105003065,123,raw_scale_analysis
Parkinson disease,parkinson,weighted,Cerebellum 6 R,104,0.48955910772397526,123,raw_scale_analysis
Parkinson disease,parkinson,weighted,Cerebellum 7b L,105,0.4723463088976686,123,raw_scale_analysis
Parkinson disease,parkinson,weighted,Cerebellum 7b R,106,0.4673181365836995,123,raw_scale_analysis
Parkinson disease,parkinson,weighted,Cerebellum 8 L,107,0.4861338506812239,123,raw_scale_analysis
Parkinson disease,parkinson,weighted,Cerebellum 8 R,108,0.493224825287667,123,raw_scale_analysis
Parkinson disease,parkinson,weighted,Cerebellum 9 L,109,0.4735925573709019,123,raw_scale_analysis
Parkinson disease,parkinson,weighted,Cerebellum 9 R,110,0.47425354355847515,123,raw_scale_analysis
Parkinson disease,parkinson,weighted,Cerebellum 10 L,111,0.5403654845621307,123,raw_scale_analysis
Parkinson disease,parkinson,weighted,Vermis 8,118,0.5671194217937651,123,raw_scale_analysis
Parkinson disease,parkinson,weighted,Vermis 9,119,0.5235319063820785,123,raw_scale_analysis
Parkinson disease,parkinson,weighted,Thal AV L,121,0.5267080462888307,123,raw_scale_analysis
Parkinson disease,parkinson,weighted,Thal AV R,122,0.5146483670730384,123,raw_scale_analysis
Parkinson disease,parkinson,weighted,Thal VA L,125,0.5273649483800221,123,raw_scale_analysis
Parkinson disease,parkinson,weighted,Thal VL L,127,0.5176426990528391,123,raw_scale_analysis
Parkinson disease,parkinson,weighted,Thal VL R,128,0.5335561285468248,123,raw_scale_analysis
Parkinson disease,parkinson,weighted,Thal VPL L,129,0.5159505854850184,123,raw_scale_analysis
Parkinson disease,parkinson,weighted,Thal VPL R,130,0.5371997716820919,123,raw_scale_analysis
Parkinson disease,parkinson,weighted,Thal IL L,131,0.5460547424570416,123,raw_scale_analysis
Parkinson disease,parkinson,weighted,Thal MDm L,135,0.4599017176047808,123,raw_scale_analysis
Parkinson disease,parkinson,weighted,Thal MDm R,136,0.5197772706245656,123,raw_scale_analysis
Parkinson disease,parkinson,weighted,Thal MDl L,137,0.5046708617422002,123,raw_scale_analysis
Parkinson disease,parkinson,weighted,Thal LGN L,139,0.5388801033099483,123,raw_scale_analysis
Parkinson disease,parkinson,weighted,Thal LGN R,140,0.5515590325476931,123,raw_scale_analysis
Parkinson disease,parkinson,weighted,Thal MGN L,141,0.5657313411498393,123,raw_scale_analysis
Parkinson disease,parkinson,weighted,Thal PuI L,143,0.5663553482550286,123,raw_scale_analysis
Parkinson disease,parkinson,weighted,Thal PuI R,144,0.5455636151710573,123,raw_scale_analysis
Parkinson disease,parkinson,weighted,Thal PuM L,145,0.540701886255344,123,raw_scale_analysis
Parkinson disease,parkinson,weighted,Thal PuM R,146,0.5342954222319437,123,raw_scale_analysis
Parkinson disease,parkinson,weighted,Thal PuA L,147,0.5441006702683586,123,raw_scale_analysis
Parkinson disease,parkinson,weighted,Thal PuA R,148,0.5212724071707852,123,raw_scale_analysis
Parkinson disease,parkinson,weighted,ACC pre L,153,0.4883710567005035,123,raw_scale_analysis
Parkinson disease,parkinson,weighted,ACC pre R,154,0.5374317381080879,123,raw_scale_analysis
Parkinson disease,parkinson,weighted,ACC sup L,155,0.49263060996040164,123,raw_scale_analysis
Parkinson disease,parkinson,weighted,ACC sup R,156,0.5149994127458175,123,raw_scale_analysis
Parkinson disease,parkinson,weighted,N Acc L,157,0.5031468898661671,123,raw_scale_analysis
Parkinson disease,parkinson,weighted,N Acc R,158,0.4910175942999074,123,raw_scale_analysis
Parkinson disease,parkinson,weighted,SN pc L,161,0.5280617165386614,123,raw_scale_analysis
Parkinson disease,parkinson,weighted,SN pr L,163,0.5179242423186421,123,raw_scale_analysis
Parkinson disease,parkinson,weighted,SN pr R,164,0.5132594991311997,123,raw_scale_analysis
Parkinson disease,parkinson,weighted,Red N L,165,0.512219722084708,123,raw_scale_analysis
Parkinson disease,parkinson,weighted,Red N R,166,0.5382425356206847,123,raw_scale_analysis
Parkinson disease,parkinson,weighted,LC L,167,0.5094925738833807,123,raw_scale_analysis
Parkinson disease,parkinson,weighted,LC R,168,0.4488216529507471,123,raw_scale_analysis
Parkinson disease,parkinson,weighted,Raphe D,169,0.48906460395931045,123,raw_scale_analysis
Parkinson disease,parkinson,weighted,Raphe M,170,0.4942156147360091,123,raw_scale_analysis
Alzheimer disease,alzheimer,broad,Precentral L,1,0.5037152136125674,93,raw_scale_analysis
Alzheimer disease,alzheimer,broad,Precentral R,2,0.48287397789138,93,raw_scale_analysis
Alzheimer disease,alzheimer,broad,Frontal Sup 2 L,3,0.4987407798966194,93,raw_scale_analysis
Alzheimer disease,alzheimer,broad,Frontal Sup 2 R,4,0.5020350477181668,93,raw_scale_analysis
Alzheimer disease,alzheimer,broad,Frontal Mid 2 L,5,0.5124611385731146,93,raw_scale_analysis
Alzheimer disease,alzheimer,broad,Frontal Mid 2 R,6,0.49843940261812447,93,raw_scale_analysis
Alzheimer disease,alzheimer,broad,Frontal Inf Oper L,7,0.4664175057066811,93,raw_scale_analysis
Alzheimer disease,alzheimer,broad,Frontal Inf Oper R,8,0.47273337560654516,93,raw_scale_analysis
Alzheimer disease,alzheimer,broad,Frontal Inf Tri L,9,0.5102946743714405,93,raw_scale_analysis
Alzheimer disease,alzheimer,broad,Frontal Inf Tri R,10,0.5095976427662002,93,raw_scale_analysis
Alzheimer disease,alzheimer,broad,Frontal Inf Orb 2 L,11,0.5150571768979111,93,raw_scale_analysis
Alzheimer disease,alzheimer,broad,Frontal Inf Orb 2 R,12,0.5193935563948028,93,raw_scale_analysis
Alzheimer disease,alzheimer,broad,Rolandic Oper L,13,0.5036272786667927,93,raw_scale_analysis
Alzheimer disease,alzheimer,broad,Rolandic Oper R,14,0.5327904210398708,93,raw_scale_analysis
Alzheimer disease,alzheimer,broad,Supp Motor Area L,15,0.48527106884506443,93,raw_scale_analysis
Alzheimer disease,alzheimer,broad,Supp Motor Area R,16,0.4706256812488739,93,raw_scale_analysis
Alzheimer disease,alzheimer,broad,Olfactory L,17,0.5051544833696565,93,raw_scale_analysis
Alzheimer disease,alzheimer,broad,Olfactory R,18,0.4971989981742464,93,raw_scale_analysis
Alzheimer disease,alzheimer,broad,Frontal Sup Medial L,19,0.5198624276938693,93,raw_scale_analysis
Alzheimer disease,alzheimer,broad,Frontal Sup Medial R,20,0.5220699771926656,93,raw_scale_analysis
Alzheimer disease,alzheimer,broad,Frontal Med Orb L,21,0.5143088706130011,93,raw_scale_analysis
Alzheimer disease,alzheimer,broad,Frontal Med Orb R,22,0.5264297322451575,93,raw_scale_analysis
Alzheimer disease,alzheimer,broad,Rectus L,23,0.5053240973980183,93,raw_scale_analysis
Alzheimer disease,alzheimer,broad,Rectus R,24,0.5350482318341424,93,raw_scale_analysis
Alzheimer disease,alzheimer,broad,OFCmed L,25,0.51114624947401,93,raw_scale_analysis
Alzheimer disease,alzheimer,broad,OFCmed R,26,0.5229716779585343,93,raw_scale_analysis
Alzheimer disease,alzheimer,broad,OFCant L,27,0.5113507185653707,93,raw_scale_analysis
Alzheimer disease,alzheimer,broad,OFCant R,28,0.4796200908338185,93,raw_scale_analysis
Alzheimer disease,alzheimer,broad,OFCpost L,29,0.48551579910994397,93,raw_scale_analysis
Alzheimer disease,alzheimer,broad,OFCpost R,30,0.5120765580972001,93,raw_scale_analysis
Alzheimer disease,alzheimer,broad,OFClat L,31,0.5038787549101184,93,raw_scale_analysis
Alzheimer disease,alzheimer,broad,OFClat R,32,0.5423400181571134,93,raw_scale_analysis
Alzheimer disease,alzheimer,broad,Insula L,33,0.5265809895921109,93,raw_scale_analysis
Alzheimer disease,alzheimer,broad,Insula R,34,0.5179262692312623,93,raw_scale_analysis
Alzheimer disease,alzheimer,broad,Cingulate Mid L,37,0.5025744660023941,93,raw_scale_analysis
Alzheimer disease,alzheimer,broad,Cingulate Mid R,38,0.49204612754603444,93,raw_scale_analysis
Alzheimer disease,alzheimer,broad,Cingulate Post L,39,0.5083795246077268,93,raw_scale_analysis
Alzheimer disease,alzheimer,broad,Hippocampus L,41,0.49770959557238637,93,raw_scale_analysis
Alzheimer disease,alzheimer,broad,Hippocampus R,42,0.4998796474605823,93,raw_scale_analysis
Alzheimer disease,alzheimer,broad,ParaHippocampal L,43,0.5264909172136296,93,raw_scale_analysis
Alzheimer disease,alzheimer,broad,ParaHippocampal R,44,0.5274290398562707,93,raw_scale_analysis
Alzheimer disease,alzheimer,broad,Amygdala L,45,0.5162726038676481,93,raw_scale_analysis
Alzheimer disease,alzheimer,broad,Amygdala R,46,0.4277370301032723,93,raw_scale_analysis
Alzheimer disease,alzheimer,broad,Calcarine L,47,0.48632196409970346,93,raw_scale_analysis
Alzheimer disease,alzheimer,broad,Calcarine R,48,0.46030750329344633,93,raw_scale_analysis
Alzheimer disease,alzheimer,broad,Cuneus L,49,0.4722240407950622,93,raw_scale_analysis
Alzheimer disease,alzheimer,broad,Lingual L,51,0.49501725543285646,93,raw_scale_analysis
Alzheimer disease,alzheimer,broad,Lingual R,52,0.4973795343667311,93,raw_scale_analysis
Alzheimer disease,alzheimer,broad,Occipital Sup L,53,0.5022387203784866,93,raw_scale_analysis
Alzheimer disease,alzheimer,broad,Occipital Mid L,55,0.4962337704582044,93,raw_scale_analysis
Alzheimer disease,alzheimer,broad,Occipital Mid R,56,0.48596345306302124,93,raw_scale_analysis
Alzheimer disease,alzheimer,broad,Occipital Inf L,57,0.5106878390387017,93,raw_scale_analysis
Alzheimer disease,alzheimer,broad,Occipital Inf R,58,0.4970472945229895,93,raw_scale_analysis
Alzheimer disease,alzheimer,broad,Fusiform L,59,0.5034054590863477,93,raw_scale_analysis
Alzheimer disease,alzheimer,broad,Fusiform R,60,0.5138909195115496,93,raw_scale_analysis
Alzheimer disease,alzheimer,broad,Postcentral L,61,0.49396226057939024,93,raw_scale_analysis
Alzheimer disease,alzheimer,broad,Postcentral R,62,0.4989075484920876,93,raw_scale_analysis
Alzheimer disease,alzheimer,broad,Parietal Sup L,63,0.49273874096738063,93,raw_scale_analysis
Alzheimer disease,alzheimer,broad,Parietal Sup R,64,0.45570646378423146,93,raw_scale_analysis
Alzheimer disease,alzheimer,broad,Parietal Inf L,65,0.5073432740861419,93,raw_scale_analysis
Alzheimer disease,alzheimer,broad,Parietal Inf R,66,0.4847975654140188,93,raw_scale_analysis
Alzheimer disease,alzheimer,broad,SupraMarginal L,67,0.47304871078013094,93,raw_scale_analysis
Alzheimer disease,alzheimer,broad,SupraMarginal R,68,0.4848670752532446,93,raw_scale_analysis
Alzheimer disease,alzheimer,broad,Angular L,69,0.5048447407284916,93,raw_scale_analysis
Alzheimer disease,alzheimer,broad,Angular R,70,0.4889313207877812,93,raw_scale_analysis
Alzheimer disease,alzheimer,broad,Precuneus L,71,0.4911534009981383,93,raw_scale_analysis
Alzheimer disease,alzheimer,broad,Precuneus R,72,0.4748212623406265,93,raw_scale_analysis
Alzheimer disease,alzheimer,broad,Paracentral Lobule L,73,0.49779582211772566,93,raw_scale_analysis
Alzheimer disease,alzheimer,broad,Paracentral Lobule R,74,0.4883340671607198,93,raw_scale_analysis
Alzheimer disease,alzheimer,broad,Caudate L,75,0.507010964716912,93,raw_scale_analysis
Alzheimer disease,alzheimer,broad,Caudate R,76,0.5081309038144843,93,raw_scale_analysis
Alzheimer disease,alzheimer,broad,Putamen L,77,0.4886435732920734,93,raw_scale_analysis
Alzheimer disease,alzheimer,broad,Putamen R,78,0.48196730360323076,93,raw_scale_analysis
Alzheimer disease,alzheimer,broad,Pallidum L,79,0.5106014735113252,93,raw_scale_analysis
Alzheimer disease,alzheimer,broad,Pallidum R,80,0.5356177980606823,93,raw_scale_analysis
Alzheimer disease,alzheimer,broad,Heschl L,83,0.5144330826872674,93,raw_scale_analysis
Alzheimer disease,alzheimer,broad,Heschl R,84,0.5116036146515006,93,raw_scale_analysis
Alzheimer disease,alzheimer,broad,Temporal Sup L,85,0.5016496022978801,93,raw_scale_analysis
Alzheimer disease,alzheimer,broad,Temporal Sup R,86,0.4958942687406835,93,raw_scale_analysis
Alzheimer disease,alzheimer,broad,Temporal Pole Sup L,87,0.5200775340861484,93,raw_scale_analysis
Alzheimer disease,alzheimer,broad,Temporal Pole Sup R,88,0.5442091311726293,93,raw_scale_analysis
Alzheimer disease,alzheimer,broad,Temporal Mid L,89,0.4920348064525547,93,raw_scale_analysis
Alzheimer disease,alzheimer,broad,Temporal Mid R,90,0.5038280302792272,93,raw_scale_analysis
Alzheimer disease,alzheimer,broad,Temporal Pole Mid L,91,0.5478164883026412,93,raw_scale_analysis
Alzheimer disease,alzheimer,broad,Temporal Inf L,93,0.5073192199101205,93,raw_scale_analysis
Alzheimer disease,alzheimer,broad,Temporal Inf R,94,0.5022842400279307,93,raw_scale_analysis
Alzheimer disease,alzheimer,broad,Cerebellum Crus1 L,95,0.4739508179414439,93,raw_scale_analysis
Alzheimer disease,alzheimer,broad,Cerebellum Crus1 R,96,0.5273644368855176,93,raw_scale_analysis
Alzheimer disease,alzheimer,broad,Cerebellum Crus2 L,97,0.5031784870854263,93,raw_scale_analysis
Alzheimer disease,alzheimer,broad,Cerebellum Crus2 R,98,0.5375861127246904,93,raw_scale_analysis
Alzheimer disease,alzheimer,broad,Cerebellum 4 5 L,101,0.5158489223372829,93,raw_scale_analysis
Alzheimer disease,alzheimer,broad,Cerebellum 4 5 R,102,0.5171037681064904,93,raw_scale_analysis
Alzheimer disease,alzheimer,broad,Cerebellum 6 L,103,0.5069170741009981,93,raw_scale_analysis
Alzheimer disease,alzheimer,broad,Cerebellum 6 R,104,0.50616938703051,93,raw_scale_analysis
Alzheimer disease,alzheimer,broad,Cerebellum 7b L,105,0.5197715990583849,93,raw_scale_analysis
Alzheimer disease,alzheimer,broad,Cerebellum 7b R,106,0.5002330913864113,93,raw_scale_analysis
Alzheimer disease,alzheimer,broad,Cerebellum 8 L,107,0.5180463588314921,93,raw_scale_analysis
Alzheimer disease,alzheimer,broad,Cerebellum 8 R,108,0.5050212820888716,93,raw_scale_analysis
Alzheimer disease,alzheimer,broad,Cerebellum 9 L,109,0.4844305804503415,93,raw_scale_analysis
Alzheimer disease,alzheimer,broad,Cerebellum 9 R,110,0.49358285530343227,93,raw_scale_analysis
Alzheimer disease,alzheimer,broad,Cerebellum 10 L,111,0.5196357920293813,93,raw_scale_analysis
Alzheimer disease,alzheimer,broad,Vermis 8,118,0.5251937307654595,93,raw_scale_analysis
Alzheimer disease,alzheimer,broad,Vermis 9,119,0.521797131946651,93,raw_scale_analysis
Alzheimer disease,alzheimer,broad,Thal AV L,121,0.5222455461659383,93,raw_scale_analysis
Alzheimer disease,alzheimer,broad,Thal AV R,122,0.5348602302738964,93,raw_scale_analysis
Alzheimer disease,alzheimer,broad,Thal VA L,125,0.5269965374995728,93,raw_scale_analysis
Alzheimer disease,alzheimer,broad,Thal VL L,127,0.5164571324891968,93,raw_scale_analysis
Alzheimer disease,alzheimer,broad,Thal VL R,128,0.5129211267716869,93,raw_scale_analysis
Alzheimer disease,alzheimer,broad,Thal VPL L,129,0.5227238203126929,93,raw_scale_analysis
Alzheimer disease,alzheimer,broad,Thal VPL R,130,0.5322253614275221,93,raw_scale_analysis
Alzheimer disease,alzheimer,broad,Thal IL L,131,0.5297825603953608,93,raw_scale_analysis
Alzheimer disease,alzheimer,broad,Thal MDm L,135,0.46310001736582795,93,raw_scale_analysis
Alzheimer disease,alzheimer,broad,Thal MDm R,136,0.5065541045383875,93,raw_scale_analysis
Alzheimer disease,alzheimer,broad,Thal MDl L,137,0.46869985536918946,93,raw_scale_analysis
Alzheimer disease,alzheimer,broad,Thal LGN L,139,0.5014374771079815,93,raw_scale_analysis
Alzheimer disease,alzheimer,broad,Thal LGN R,140,0.5321453753422638,93,raw_scale_analysis
Alzheimer disease,alzheimer,broad,Thal MGN L,141,0.49580122511705055,93,raw_scale_analysis
Alzheimer disease,alzheimer,broad,Thal PuI L,143,0.5287782714191437,93,raw_scale_analysis
Alzheimer disease,alzheimer,broad,Thal PuI R,144,0.5505966924936002,93,raw_scale_analysis
Alzheimer disease,alzheimer,broad,Thal PuM L,145,0.5259611565098306,93,raw_scale_analysis
Alzheimer disease,alzheimer,broad,Thal PuM R,146,0.5071343930667079,93,raw_scale_analysis
Alzheimer disease,alzheimer,broad,Thal PuA L,147,0.5524493371441533,93,raw_scale_analysis
Alzheimer disease,alzheimer,broad,Thal PuA R,148,0.5293134495135047,93,raw_scale_analysis
Alzheimer disease,alzheimer,broad,ACC pre L,153,0.4959253132407491,93,raw_scale_analysis
Alzheimer disease,alzheimer,broad,ACC pre R,154,0.5452032257331723,93,raw_scale_analysis
Alzheimer disease,alzheimer,broad,ACC sup L,155,0.5109777312986169,93,raw_scale_analysis
Alzheimer disease,alzheimer,broad,ACC sup R,156,0.5303921755374941,93,raw_scale_analysis
Alzheimer disease,alzheimer,broad,N Acc L,157,0.5080370939475947,93,raw_scale_analysis
Alzheimer disease,alzheimer,broad,N Acc R,158,0.4924281062126641,93,raw_scale_analysis
Alzheimer disease,alzheimer,broad,SN pc L,161,0.5068925527892998,93,raw_scale_analysis
Alzheimer disease,alzheimer,broad,SN pr L,163,0.533363345147199,93,raw_scale_analysis
Alzheimer disease,alzheimer,broad,SN pr R,164,0.5093501488333614,93,raw_scale_analysis
Alzheimer disease,alzheimer,broad,Red N L,165,0.5055884175567325,93,raw_scale_analysis
Alzheimer disease,alzheimer,broad,Red N R,166,0.5074429271823732,93,raw_scale_analysis
Alzheimer disease,alzheimer,broad,LC L,167,0.48519793918498705,93,raw_scale_analysis
Alzheimer disease,alzheimer,broad,LC R,168,0.43418247983295427,93,raw_scale_analysis
Alzheimer disease,alzheimer,broad,Raphe D,169,0.48334167781900983,93,raw_scale_analysis
Alzheimer disease,alzheimer,broad,Raphe M,170,0.4734722945873648,93,raw_scale_analysis
Alzheimer disease,alzheimer,stringent,Precentral L,1,0.5144544265629988,25,raw_scale_analysis
Alzheimer disease,alzheimer,stringent,Precentral R,2,0.47835626161245104,25,raw_scale_analysis
Alzheimer disease,alzheimer,stringent,Frontal Sup 2 L,3,0.502322941832835,25,raw_scale_analysis
Alzheimer disease,alzheimer,stringent,Frontal Sup 2 R,4,0.519819880616479,25,raw_scale_analysis
Alzheimer disease,alzheimer,stringent,Frontal Mid 2 L,5,0.5203902091205551,25,raw_scale_analysis
Alzheimer disease,alzheimer,stringent,Frontal Mid 2 R,6,0.4985834984171385,25,raw_scale_analysis
Alzheimer disease,alzheimer,stringent,Frontal Inf Oper L,7,0.46480874899507746,25,raw_scale_analysis
Alzheimer disease,alzheimer,stringent,Frontal Inf Oper R,8,0.4659580874294835,25,raw_scale_analysis
Alzheimer disease,alzheimer,stringent,Frontal Inf Tri L,9,0.5254119657372975,25,raw_scale_analysis
Alzheimer disease,alzheimer,stringent,Frontal Inf Tri R,10,0.5098256479488696,25,raw_scale_analysis
Alzheimer disease,alzheimer,stringent,Frontal Inf Orb 2 L,11,0.5253700243963959,25,raw_scale_analysis
Alzheimer disease,alzheimer,stringent,Frontal Inf Orb 2 R,12,0.5349086629313292,25,raw_scale_analysis
Alzheimer disease,alzheimer,stringent,Rolandic Oper L,13,0.49956780176747856,25,raw_scale_analysis
Alzheimer disease,alzheimer,stringent,Rolandic Oper R,14,0.5278236508759795,25,raw_scale_analysis
Alzheimer disease,alzheimer,stringent,Supp Motor Area L,15,0.46957133075008634,25,raw_scale_analysis
Alzheimer disease,alzheimer,stringent,Supp Motor Area R,16,0.4550703235882954,25,raw_scale_analysis
Alzheimer disease,alzheimer,stringent,Olfactory L,17,0.5098164740621062,25,raw_scale_analysis
Alzheimer disease,alzheimer,stringent,Olfactory R,18,0.5286230485219906,25,raw_scale_analysis
Alzheimer disease,alzheimer,stringent,Frontal Sup Medial L,19,0.5346492176307688,25,raw_scale_analysis
Alzheimer disease,alzheimer,stringent,Frontal Sup Medial R,20,0.5432009988951606,25,raw_scale_analysis
Alzheimer disease,alzheimer,stringent,Frontal Med Orb L,21,0.5100715750406998,25,raw_scale_analysis
Alzheimer disease,alzheimer,stringent,Frontal Med Orb R,22,0.5496694585228721,25,raw_scale_analysis
Alzheimer disease,alzheimer,stringent,Rectus L,23,0.508796417998674,25,raw_scale_analysis
Alzheimer disease,alzheimer,stringent,Rectus R,24,0.5434156229984396,25,raw_scale_analysis
Alzheimer disease,alzheimer,stringent,OFCmed L,25,0.5355779080210694,25,raw_scale_analysis
Alzheimer disease,alzheimer,stringent,OFCmed R,26,0.5231347900936393,25,raw_scale_analysis
Alzheimer disease,alzheimer,stringent,OFCant L,27,0.538721369914711,25,raw_scale_analysis
Alzheimer disease,alzheimer,stringent,OFCant R,28,0.49825589949202653,25,raw_scale_analysis
Alzheimer disease,alzheimer,stringent,OFCpost L,29,0.4926429418155467,25,raw_scale_analysis
Alzheimer disease,alzheimer,stringent,OFCpost R,30,0.5215712446054033,25,raw_scale_analysis
Alzheimer disease,alzheimer,stringent,OFClat L,31,0.5236342299412854,25,raw_scale_analysis
Alzheimer disease,alzheimer,stringent,OFClat R,32,0.5587729732502201,25,raw_scale_analysis
Alzheimer disease,alzheimer,stringent,Insula L,33,0.529863031978224,25,raw_scale_analysis
Alzheimer disease,alzheimer,stringent,Insula R,34,0.5166585422106593,25,raw_scale_analysis
Alzheimer disease,alzheimer,stringent,Cingulate Mid L,37,0.4990261891465267,25,raw_scale_analysis
Alzheimer disease,alzheimer,stringent,Cingulate Mid R,38,0.4806069490218758,25,raw_scale_analysis
Alzheimer disease,alzheimer,stringent,Cingulate Post L,39,0.4970437276631887,25,raw_scale_analysis
Alzheimer disease,alzheimer,stringent,Hippocampus L,41,0.4764285049051126,25,raw_scale_analysis
Alzheimer disease,alzheimer,stringent,Hippocampus R,42,0.4831950301257536,25,raw_scale_analysis
Alzheimer disease,alzheimer,stringent,ParaHippocampal L,43,0.5236025470557784,25,raw_scale_analysis
Alzheimer disease,alzheimer,stringent,ParaHippocampal R,44,0.5202281570335324,25,raw_scale_analysis
Alzheimer disease,alzheimer,stringent,Amygdala L,45,0.5039285597359823,25,raw_scale_analysis
Alzheimer disease,alzheimer,stringent,Amygdala R,46,0.36446709481406786,25,raw_scale_analysis
Alzheimer disease,alzheimer,stringent,Calcarine L,47,0.4908395661976923,25,raw_scale_analysis
Alzheimer disease,alzheimer,stringent,Calcarine R,48,0.4541498810892395,25,raw_scale_analysis
Alzheimer disease,alzheimer,stringent,Cuneus L,49,0.45888346516387885,25,raw_scale_analysis
Alzheimer disease,alzheimer,stringent,Lingual L,51,0.499636782450837,25,raw_scale_analysis
Alzheimer disease,alzheimer,stringent,Lingual R,52,0.5153817704612265,25,raw_scale_analysis
Alzheimer disease,alzheimer,stringent,Occipital Sup L,53,0.47342089069938104,25,raw_scale_analysis
Alzheimer disease,alzheimer,stringent,Occipital Mid L,55,0.5007187948077735,25,raw_scale_analysis
Alzheimer disease,alzheimer,stringent,Occipital Mid R,56,0.48455852207931216,25,raw_scale_analysis
Alzheimer disease,alzheimer,stringent,Occipital Inf L,57,0.5132805404146888,25,raw_scale_analysis
Alzheimer disease,alzheimer,stringent,Occipital Inf R,58,0.5156588987759902,25,raw_scale_analysis
Alzheimer disease,alzheimer,stringent,Fusiform L,59,0.49179981439297166,25,raw_scale_analysis
Alzheimer disease,alzheimer,stringent,Fusiform R,60,0.4968296231032677,25,raw_scale_analysis
Alzheimer disease,alzheimer,stringent,Postcentral L,61,0.5004727175533503,25,raw_scale_analysis
Alzheimer disease,alzheimer,stringent,Postcentral R,62,0.5114045936985011,25,raw_scale_analysis
Alzheimer disease,alzheimer,stringent,Parietal Sup L,63,0.499515235359909,25,raw_scale_analysis
Alzheimer disease,alzheimer,stringent,Parietal Sup R,64,0.4300021441819407,25,raw_scale_analysis
Alzheimer disease,alzheimer,stringent,Parietal Inf L,65,0.5118381184770153,25,raw_scale_analysis
Alzheimer disease,alzheimer,stringent,Parietal Inf R,66,0.48632528846529843,25,raw_scale_analysis
Alzheimer disease,alzheimer,stringent,SupraMarginal L,67,0.471548412396861,25,raw_scale_analysis
Alzheimer disease,alzheimer,stringent,SupraMarginal R,68,0.4756141073844794,25,raw_scale_analysis
Alzheimer disease,alzheimer,stringent,Angular L,69,0.5020617625041836,25,raw_scale_analysis
Alzheimer disease,alzheimer,stringent,Angular R,70,0.4708189799203182,25,raw_scale_analysis
Alzheimer disease,alzheimer,stringent,Precuneus L,71,0.4968859953158826,25,raw_scale_analysis
Alzheimer disease,alzheimer,stringent,Precuneus R,72,0.46143792164347147,25,raw_scale_analysis
Alzheimer disease,alzheimer,stringent,Paracentral Lobule L,73,0.4915357239307905,25,raw_scale_analysis
Alzheimer disease,alzheimer,stringent,Paracentral Lobule R,74,0.4811641860174663,25,raw_scale_analysis
Alzheimer disease,alzheimer,stringent,Caudate L,75,0.5085449017146586,25,raw_scale_analysis
Alzheimer disease,alzheimer,stringent,Caudate R,76,0.5071376165781771,25,raw_scale_analysis
Alzheimer disease,alzheimer,stringent,Putamen L,77,0.4857312185444382,25,raw_scale_analysis
Alzheimer disease,alzheimer,stringent,Putamen R,78,0.47393549790554984,25,raw_scale_analysis
Alzheimer disease,alzheimer,stringent,Pallidum L,79,0.514236754002625,25,raw_scale_analysis
Alzheimer disease,alzheimer,stringent,Pallidum R,80,0.5647156138854581,25,raw_scale_analysis
Alzheimer disease,alzheimer,stringent,Heschl L,83,0.527392163121927,25,raw_scale_analysis
Alzheimer disease,alzheimer,stringent,Heschl R,84,0.5379440636150584,25,raw_scale_analysis
Alzheimer disease,alzheimer,stringent,Temporal Sup L,85,0.4980783914283257,25,raw_scale_analysis
Alzheimer disease,alzheimer,stringent,Temporal Sup R,86,0.4878643191267511,25,raw_scale_analysis
Alzheimer disease,alzheimer,stringent,Temporal Pole Sup L,87,0.502578892605107,25,raw_scale_analysis
Alzheimer disease,alzheimer,stringent,Temporal Pole Sup R,88,0.5715165546175416,25,raw_scale_analysis
Alzheimer disease,alzheimer,stringent,Temporal Mid L,89,0.48216419897834356,25,raw_scale_analysis
Alzheimer disease,alzheimer,stringent,Temporal Mid R,90,0.48416056078981834,25,raw_scale_analysis
Alzheimer disease,alzheimer,stringent,Temporal Pole Mid L,91,0.5446129758310048,25,raw_scale_analysis
Alzheimer disease,alzheimer,stringent,Temporal Inf L,93,0.4949240621606663,25,raw_scale_analysis
Alzheimer disease,alzheimer,stringent,Temporal Inf R,94,0.48331476658036854,25,raw_scale_analysis
Alzheimer disease,alzheimer,stringent,Cerebellum Crus1 L,95,0.4635450570408814,25,raw_scale_analysis
Alzheimer disease,alzheimer,stringent,Cerebellum Crus1 R,96,0.500939759211594,25,raw_scale_analysis
Alzheimer disease,alzheimer,stringent,Cerebellum Crus2 L,97,0.48900259337323576,25,raw_scale_analysis
Alzheimer disease,alzheimer,stringent,Cerebellum Crus2 R,98,0.5100021892869071,25,raw_scale_analysis
Alzheimer disease,alzheimer,stringent,Cerebellum 4 5 L,101,0.5120994395664049,25,raw_scale_analysis
Alzheimer disease,alzheimer,stringent,Cerebellum 4 5 R,102,0.4799408518816858,25,raw_scale_analysis
Alzheimer disease,alzheimer,stringent,Cerebellum 6 L,103,0.4922795293668951,25,raw_scale_analysis
Alzheimer disease,alzheimer,stringent,Cerebellum 6 R,104,0.4710804694183042,25,raw_scale_analysis
Alzheimer disease,alzheimer,stringent,Cerebellum 7b L,105,0.48349743933595724,25,raw_scale_analysis
Alzheimer disease,alzheimer,stringent,Cerebellum 7b R,106,0.4228992723464057,25,raw_scale_analysis
Alzheimer disease,alzheimer,stringent,Cerebellum 8 L,107,0.48858726729321167,25,raw_scale_analysis
Alzheimer disease,alzheimer,stringent,Cerebellum 8 R,108,0.4855353297291725,25,raw_scale_analysis
Alzheimer disease,alzheimer,stringent,Cerebellum 9 L,109,0.4661422084664694,25,raw_scale_analysis
Alzheimer disease,alzheimer,stringent,Cerebellum 9 R,110,0.47577803896828974,25,raw_scale_analysis
Alzheimer disease,alzheimer,stringent,Cerebellum 10 L,111,0.5439074224314185,25,raw_scale_analysis
Alzheimer disease,alzheimer,stringent,Vermis 8,118,0.5639496638527135,25,raw_scale_analysis
Alzheimer disease,alzheimer,stringent,Vermis 9,119,0.5785953136787609,25,raw_scale_analysis
Alzheimer disease,alzheimer,stringent,Thal AV L,121,0.5206798425615687,25,raw_scale_analysis
Alzheimer disease,alzheimer,stringent,Thal AV R,122,0.5419208624552148,25,raw_scale_analysis
Alzheimer disease,alzheimer,stringent,Thal VA L,125,0.5270301889033255,25,raw_scale_analysis
Alzheimer disease,alzheimer,stringent,Thal VL L,127,0.523894937684481,25,raw_scale_analysis
Alzheimer disease,alzheimer,stringent,Thal VL R,128,0.49788671277070096,25,raw_scale_analysis
Alzheimer disease,alzheimer,stringent,Thal VPL L,129,0.5295947969072308,25,raw_scale_analysis
Alzheimer disease,alzheimer,stringent,Thal VPL R,130,0.5196985055705088,25,raw_scale_analysis
Alzheimer disease,alzheimer,stringent,Thal IL L,131,0.5318418292801004,25,raw_scale_analysis
Alzheimer disease,alzheimer,stringent,Thal MDm L,135,0.4717064753263391,25,raw_scale_analysis
Alzheimer disease,alzheimer,stringent,Thal MDm R,136,0.5159774825553555,25,raw_scale_analysis
Alzheimer disease,alzheimer,stringent,Thal MDl L,137,0.47919231049433486,25,raw_scale_analysis
Alzheimer disease,alzheimer,stringent,Thal LGN L,139,0.49671572843999007,25,raw_scale_analysis
Alzheimer disease,alzheimer,stringent,Thal LGN R,140,0.5525650143495963,25,raw_scale_analysis
Alzheimer disease,alzheimer,stringent,Thal MGN L,141,0.4803206297077534,25,raw_scale_analysis
Alzheimer disease,alzheimer,stringent,Thal PuI L,143,0.5704300335531697,25,raw_scale_analysis
Alzheimer disease,alzheimer,stringent,Thal PuI R,144,0.5978550574337256,25,raw_scale_analysis
Alzheimer disease,alzheimer,stringent,Thal PuM L,145,0.560073315010537,25,raw_scale_analysis
Alzheimer disease,alzheimer,stringent,Thal PuM R,146,0.5210163146062474,25,raw_scale_analysis
Alzheimer disease,alzheimer,stringent,Thal PuA L,147,0.5881109367943033,25,raw_scale_analysis
Alzheimer disease,alzheimer,stringent,Thal PuA R,148,0.5520509917287388,25,raw_scale_analysis
Alzheimer disease,alzheimer,stringent,ACC pre L,153,0.4971194988118483,25,raw_scale_analysis
Alzheimer disease,alzheimer,stringent,ACC pre R,154,0.5597318692062117,25,raw_scale_analysis
Alzheimer disease,alzheimer,stringent,ACC sup L,155,0.5239589777946778,25,raw_scale_analysis
Alzheimer disease,alzheimer,stringent,ACC sup R,156,0.535435234235555,25,raw_scale_analysis
Alzheimer disease,alzheimer,stringent,N Acc L,157,0.49984221941013113,25,raw_scale_analysis
Alzheimer disease,alzheimer,stringent,N Acc R,158,0.48531851750204846,25,raw_scale_analysis
Alzheimer disease,alzheimer,stringent,SN pc L,161,0.5268709453029841,25,raw_scale_analysis
Alzheimer disease,alzheimer,stringent,SN pr L,163,0.5332937777224402,25,raw_scale_analysis
Alzheimer disease,alzheimer,stringent,SN pr R,164,0.5410992363789142,25,raw_scale_analysis
Alzheimer disease,alzheimer,stringent,Red N L,165,0.5168806283403103,25,raw_scale_analysis
Alzheimer disease,alzheimer,stringent,Red N R,166,0.48925836744835705,25,raw_scale_analysis
Alzheimer disease,alzheimer,stringent,LC L,167,0.48959244829946796,25,raw_scale_analysis
Alzheimer disease,alzheimer,stringent,LC R,168,0.4045830011066963,25,raw_scale_analysis
Alzheimer disease,alzheimer,stringent,Raphe D,169,0.48903093480783355,25,raw_scale_analysis
Alzheimer disease,alzheimer,stringent,Raphe M,170,0.4710645324300618,25,raw_scale_analysis
Alzheimer disease,alzheimer,weighted,Precentral L,1,0.5108673589893022,93,raw_scale_analysis
Alzheimer disease,alzheimer,weighted,Precentral R,2,0.479269381756547,93,raw_scale_analysis
Alzheimer disease,alzheimer,weighted,Frontal Sup 2 L,3,0.49921100969700294,93,raw_scale_analysis
Alzheimer disease,alzheimer,weighted,Frontal Sup 2 R,4,0.5112435668744898,93,raw_scale_analysis
Alzheimer disease,alzheimer,weighted,Frontal Mid 2 L,5,0.5170122800087809,93,raw_scale_analysis
Alzheimer disease,alzheimer,weighted,Frontal Mid 2 R,6,0.4975047363854816,93,raw_scale_analysis
Alzheimer disease,alzheimer,weighted,Frontal Inf Oper L,7,0.464823146355581,93,raw_scale_analysis
Alzheimer disease,alzheimer,weighted,Frontal Inf Oper R,8,0.4720666021890566,93,raw_scale_analysis
Alzheimer disease,alzheimer,weighted,Frontal Inf Tri L,9,0.5162884132903293,93,raw_scale_analysis
Alzheimer disease,alzheimer,weighted,Frontal Inf Tri R,10,0.5061706930921903,93,raw_scale_analysis
Alzheimer disease,alzheimer,weighted,Frontal Inf Orb 2 L,11,0.5212860036684717,93,raw_scale_analysis
Alzheimer disease,alzheimer,weighted,Frontal Inf Orb 2 R,12,0.5270658700663541,93,raw_scale_analysis
Alzheimer disease,alzheimer,weighted,Rolandic Oper L,13,0.5021073607568897,93,raw_scale_analysis
Alzheimer disease,alzheimer,weighted,Rolandic Oper R,14,0.5313353799442517,93,raw_scale_analysis
Alzheimer disease,alzheimer,weighted,Supp Motor Area L,15,0.48347677735829286,93,raw_scale_analysis
Alzheimer disease,alzheimer,weighted,Supp Motor Area R,16,0.4699377573318723,93,raw_scale_analysis
Alzheimer disease,alzheimer,weighted,Olfactory L,17,0.5041593989194919,93,raw_scale_analysis
Alzheimer disease,alzheimer,weighted,Olfactory R,18,0.5059647970010261,93,raw_scale_analysis
Alzheimer disease,alzheimer,weighted,Frontal Sup Medial L,19,0.5268422579722253,93,raw_scale_analysis
Alzheimer disease,alzheimer,weighted,Frontal Sup Medial R,20,0.530732877990831,93,raw_scale_analysis
Alzheimer disease,alzheimer,weighted,Frontal Med Orb L,21,0.5088578084946109,93,raw_scale_analysis
Alzheimer disease,alzheimer,weighted,Frontal Med Orb R,22,0.5396676289896123,93,raw_scale_analysis
Alzheimer disease,alzheimer,weighted,Rectus L,23,0.5076792210177729,93,raw_scale_analysis
Alzheimer disease,alzheimer,weighted,Rectus R,24,0.5396254256983715,93,raw_scale_analysis
Alzheimer disease,alzheimer,weighted,OFCmed L,25,0.5179529893999181,93,raw_scale_analysis
Alzheimer disease,alzheimer,weighted,OFCmed R,26,0.5206544086409688,93,raw_scale_analysis
Alzheimer disease,alzheimer,weighted,OFCant L,27,0.5272021027959389,93,raw_scale_analysis
Alzheimer disease,alzheimer,weighted,OFCant R,28,0.4983319751911703,93,raw_scale_analysis
Alzheimer disease,alzheimer,weighted,OFCpost L,29,0.49190472803525515,93,raw_scale_analysis
Alzheimer disease,alzheimer,weighted,OFCpost R,30,0.5197154426944559,93,raw_scale_analysis
Alzheimer disease,alzheimer,weighted,OFClat L,31,0.5120948709135069,93,raw_scale_analysis
Alzheimer disease,alzheimer,weighted,OFClat R,32,0.550418209440414,93,raw_scale_analysis
Alzheimer disease,alzheimer,weighted,Insula L,33,0.5233587700994431,93,raw_scale_analysis
Alzheimer disease,alzheimer,weighted,Insula R,34,0.5188200495616719,93,raw_scale_analysis
Alzheimer disease,alzheimer,weighted,Cingulate Mid L,37,0.5032028405889131,93,raw_scale_analysis
Alzheimer disease,alzheimer,weighted,Cingulate Mid R,38,0.48752662051638873,93,raw_scale_analysis
Alzheimer disease,alzheimer,weighted,Cingulate Post L,39,0.4986089413115285,93,raw_scale_analysis
Alzheimer disease,alzheimer,weighted,Hippocampus L,41,0.487778444506553,93,raw_scale_analysis
Alzheimer disease,alzheimer,weighted,Hippocampus R,42,0.49475946228523937,93,raw_scale_analysis
Alzheimer disease,alzheimer,weighted,ParaHippocampal L,43,0.5261504303736321,93,raw_scale_analysis
Alzheimer disease,alzheimer,weighted,ParaHippocampal R,44,0.5254688202185556,93,raw_scale_analysis
Alzheimer disease,alzheimer,weighted,Amygdala L,45,0.5168508581790188,93,raw_scale_analysis
Alzheimer disease,alzheimer,weighted,Amygdala R,46,0.40404912204418797,93,raw_scale_analysis
Alzheimer disease,alzheimer,weighted,Calcarine L,47,0.4862287852639028,93,raw_scale_analysis
Alzheimer disease,alzheimer,weighted,Calcarine R,48,0.45833336215054493,93,raw_scale_analysis
Alzheimer disease,alzheimer,weighted,Cuneus L,49,0.4599536594042732,93,raw_scale_analysis
Alzheimer disease,alzheimer,weighted,Lingual L,51,0.49139160871320353,93,raw_scale_analysis
Alzheimer disease,alzheimer,weighted,Lingual R,52,0.49830168941296865,93,raw_scale_analysis
Alzheimer disease,alzheimer,weighted,Occipital Sup L,53,0.4912495627218567,93,raw_scale_analysis
Alzheimer disease,alzheimer,weighted,Occipital Mid L,55,0.4969351912181028,93,raw_scale_analysis
Alzheimer disease,alzheimer,weighted,Occipital Mid R,56,0.48445689297249495,93,raw_scale_analysis
Alzheimer disease,alzheimer,weighted,Occipital Inf L,57,0.506258789999241,93,raw_scale_analysis
Alzheimer disease,alzheimer,weighted,Occipital Inf R,58,0.5060306547710329,93,raw_scale_analysis
Alzheimer disease,alzheimer,weighted,Fusiform L,59,0.4971141022144974,93,raw_scale_analysis
Alzheimer disease,alzheimer,weighted,Fusiform R,60,0.5064190665661317,93,raw_scale_analysis
Alzheimer disease,alzheimer,weighted,Postcentral L,61,0.49536124339977605,93,raw_scale_analysis
Alzheimer disease,alzheimer,weighted,Postcentral R,62,0.5007454360885104,93,raw_scale_analysis
Alzheimer disease,alzheimer,weighted,Parietal Sup L,63,0.4957306607282255,93,raw_scale_analysis
Alzheimer disease,alzheimer,weighted,Parietal Sup R,64,0.4459272536534834,93,raw_scale_analysis
Alzheimer disease,alzheimer,weighted,Parietal Inf L,65,0.5042074514425529,93,raw_scale_analysis
Alzheimer disease,alzheimer,weighted,Parietal Inf R,66,0.48547662697740235,93,raw_scale_analysis
Alzheimer disease,alzheimer,weighted,SupraMarginal L,67,0.47251297837158945,93,raw_scale_analysis
Alzheimer disease,alzheimer,weighted,SupraMarginal R,68,0.4745287882314687,93,raw_scale_analysis
Alzheimer disease,alzheimer,weighted,Angular L,69,0.5020819372584879,93,raw_scale_analysis
Alzheimer disease,alzheimer,weighted,Angular R,70,0.47916923025777447,93,raw_scale_analysis
Alzheimer disease,alzheimer,weighted,Precuneus L,71,0.48780525292625493,93,raw_scale_analysis
Alzheimer disease,alzheimer,weighted,Precuneus R,72,0.4662243200250964,93,raw_scale_analysis
Alzheimer disease,alzheimer,weighted,Paracentral Lobule L,73,0.49672351800466824,93,raw_scale_analysis
Alzheimer disease,alzheimer,weighted,Paracentral Lobule R,74,0.4849233675324087,93,raw_scale_analysis
Alzheimer disease,alzheimer,weighted,Caudate L,75,0.5007556314115532,93,raw_scale_analysis
Alzheimer disease,alzheimer,weighted,Caudate R,76,0.5000721968121503,93,raw_scale_analysis
Alzheimer disease,alzheimer,weighted,Putamen L,77,0.48150383631716054,93,raw_scale_analysis
Alzheimer disease,alzheimer,weighted,Putamen R,78,0.4719406745099877,93,raw_scale_analysis
Alzheimer disease,alzheimer,weighted,Pallidum L,79,0.5129674832411891,93,raw_scale_analysis
Alzheimer disease,alzheimer,weighted,Pallidum R,80,0.5489350084031511,93,raw_scale_analysis
Alzheimer disease,alzheimer,weighted,Heschl L,83,0.5177318585283276,93,raw_scale_analysis
Alzheimer disease,alzheimer,weighted,Heschl R,84,0.5156129441286024,93,raw_scale_analysis
Alzheimer disease,alzheimer,weighted,Temporal Sup L,85,0.4967734085367082,93,raw_scale_analysis
Alzheimer disease,alzheimer,weighted,Temporal Sup R,86,0.4925803170429003,93,raw_scale_analysis
Alzheimer disease,alzheimer,weighted,Temporal Pole Sup L,87,0.5129137463919486,93,raw_scale_analysis
Alzheimer disease,alzheimer,weighted,Temporal Pole Sup R,88,0.5543117153834224,93,raw_scale_analysis
Alzheimer disease,alzheimer,weighted,Temporal Mid L,89,0.48575574376890135,93,raw_scale_analysis
Alzheimer disease,alzheimer,weighted,Temporal Mid R,90,0.4921367927391915,93,raw_scale_analysis
Alzheimer disease,alzheimer,weighted,Temporal Pole Mid L,91,0.5457474247067247,93,raw_scale_analysis
Alzheimer disease,alzheimer,weighted,Temporal Inf L,93,0.500343371948243,93,raw_scale_analysis
Alzheimer disease,alzheimer,weighted,Temporal Inf R,94,0.49613535162353695,93,raw_scale_analysis
Alzheimer disease,alzheimer,weighted,Cerebellum Crus1 L,95,0.4745512236463556,93,raw_scale_analysis
Alzheimer disease,alzheimer,weighted,Cerebellum Crus1 R,96,0.5125098916746433,93,raw_scale_analysis
Alzheimer disease,alzheimer,weighted,Cerebellum Crus2 L,97,0.4973897948075342,93,raw_scale_analysis
Alzheimer disease,alzheimer,weighted,Cerebellum Crus2 R,98,0.520901530795536,93,raw_scale_analysis
Alzheimer disease,alzheimer,weighted,Cerebellum 4 5 L,101,0.5149169296620936,93,raw_scale_analysis
Alzheimer disease,alzheimer,weighted,Cerebellum 4 5 R,102,0.5091883244223345,93,raw_scale_analysis
Alzheimer disease,alzheimer,weighted,Cerebellum 6 L,103,0.49907666875700035,93,raw_scale_analysis
Alzheimer disease,alzheimer,weighted,Cerebellum 6 R,104,0.49066092727534527,93,raw_scale_analysis
Alzheimer disease,alzheimer,weighted,Cerebellum 7b L,105,0.5066539898661606,93,raw_scale_analysis
Alzheimer disease,alzheimer,weighted,Cerebellum 7b R,106,0.47031621100918664,93,raw_scale_analysis
Alzheimer disease,alzheimer,weighted,Cerebellum 8 L,107,0.5082682037424333,93,raw_scale_analysis
Alzheimer disease,alzheimer,weighted,Cerebellum 8 R,108,0.4977527297617923,93,raw_scale_analysis
Alzheimer disease,alzheimer,weighted,Cerebellum 9 L,109,0.4796040616102723,93,raw_scale_analysis
Alzheimer disease,alzheimer,weighted,Cerebellum 9 R,110,0.4825734954219525,93,raw_scale_analysis
Alzheimer disease,alzheimer,weighted,Cerebellum 10 L,111,0.5240416004790803,93,raw_scale_analysis
Alzheimer disease,alzheimer,weighted,Vermis 8,118,0.5389810289983225,93,raw_scale_analysis
Alzheimer disease,alzheimer,weighted,Vermis 9,119,0.5432439269557149,93,raw_scale_analysis
Alzheimer disease,alzheimer,weighted,Thal AV L,121,0.5163923593373572,93,raw_scale_analysis
Alzheimer disease,alzheimer,weighted,Thal AV R,122,0.5406917010239135,93,raw_scale_analysis
Alzheimer disease,alzheimer,weighted,Thal VA L,125,0.5310514502821361,93,raw_scale_analysis
Alzheimer disease,alzheimer,weighted,Thal VL L,127,0.5169644242189426,93,raw_scale_analysis
Alzheimer disease,alzheimer,weighted,Thal VL R,128,0.5111864084407809,93,raw_scale_analysis
Alzheimer disease,alzheimer,weighted,Thal VPL L,129,0.523915913162993,93,raw_scale_analysis
Alzheimer disease,alzheimer,weighted,Thal VPL R,130,0.5215182547820759,93,raw_scale_analysis
Alzheimer disease,alzheimer,weighted,Thal IL L,131,0.5343536117438233,93,raw_scale_analysis
Alzheimer disease,alzheimer,weighted,Thal MDm L,135,0.4679172330329661,93,raw_scale_analysis
Alzheimer disease,alzheimer,weighted,Thal MDm R,136,0.5124971610421682,93,raw_scale_analysis
Alzheimer disease,alzheimer,weighted,Thal MDl L,137,0.4773757339476349,93,raw_scale_analysis
Alzheimer disease,alzheimer,weighted,Thal LGN L,139,0.5007518987167358,93,raw_scale_analysis
Alzheimer disease,alzheimer,weighted,Thal LGN R,140,0.5424878459602328,93,raw_scale_analysis
Alzheimer disease,alzheimer,weighted,Thal MGN L,141,0.4970104625963601,93,raw_scale_analysis
Alzheimer disease,alzheimer,weighted,Thal PuI L,143,0.5388359739834588,93,raw_scale_analysis
Alzheimer disease,alzheimer,weighted,Thal PuI R,144,0.5582472291139222,93,raw_scale_analysis
Alzheimer disease,alzheimer,weighted,Thal PuM L,145,0.5379265194761909,93,raw_scale_analysis
Alzheimer disease,alzheimer,weighted,Thal PuM R,146,0.5148656051481539,93,raw_scale_analysis
Alzheimer disease,alzheimer,weighted,Thal PuA L,147,0.561950769987277,93,raw_scale_analysis
Alzheimer disease,alzheimer,weighted,Thal PuA R,148,0.5276046978227609,93,raw_scale_analysis
Alzheimer disease,alzheimer,weighted,ACC pre L,153,0.4998967799887131,93,raw_scale_analysis
Alzheimer disease,alzheimer,weighted,ACC pre R,154,0.5501146734019265,93,raw_scale_analysis
Alzheimer disease,alzheimer,weighted,ACC sup L,155,0.5179511192829036,93,raw_scale_analysis
Alzheimer disease,alzheimer,weighted,ACC sup R,156,0.5243842202321709,93,raw_scale_analysis
Alzheimer disease,alzheimer,weighted,N Acc L,157,0.510860749951109,93,raw_scale_analysis
Alzheimer disease,alzheimer,weighted,N Acc R,158,0.4947262770090631,93,raw_scale_analysis
Alzheimer disease,alzheimer,weighted,SN pc L,161,0.5296180411286061,93,raw_scale_analysis
Alzheimer disease,alzheimer,weighted,SN pr L,163,0.5400793259707758,93,raw_scale_analysis
Alzheimer disease,alzheimer,weighted,SN pr R,164,0.5309831968206954,93,raw_scale_analysis
Alzheimer disease,alzheimer,weighted,Red N L,165,0.5116966370460108,93,raw_scale_analysis
Alzheimer disease,alzheimer,weighted,Red N R,166,0.505624715477388,93,raw_scale_analysis
Alzheimer disease,alzheimer,weighted,LC L,167,0.4958887604939507,93,raw_scale_analysis
Alzheimer disease,alzheimer,weighted,LC R,168,0.4290832783776885,93,raw_scale_analysis
Alzheimer disease,alzheimer,weighted,Raphe D,169,0.48706755017884945,93,raw_scale_analysis
Alzheimer disease,alzheimer,weighted,Raphe M,170,0.47621822073827674,93,raw_scale_analysis
Amyotrophic lateral sclerosis,als,broad,Precentral L,1,0.5191810938572735,22,raw_scale_analysis
Amyotrophic lateral sclerosis,als,broad,Precentral R,2,0.5196448935724454,22,raw_scale_analysis
Amyotrophic lateral sclerosis,als,broad,Frontal Sup 2 L,3,0.5108328815058949,22,raw_scale_analysis
Amyotrophic lateral sclerosis,als,broad,Frontal Sup 2 R,4,0.5328788465483938,22,raw_scale_analysis
Amyotrophic lateral sclerosis,als,broad,Frontal Mid 2 L,5,0.5234408246174039,22,raw_scale_analysis
Amyotrophic lateral sclerosis,als,broad,Frontal Mid 2 R,6,0.505264783726642,22,raw_scale_analysis
Amyotrophic lateral sclerosis,als,broad,Frontal Inf Oper L,7,0.5063885059070233,22,raw_scale_analysis
Amyotrophic lateral sclerosis,als,broad,Frontal Inf Oper R,8,0.5159805098609357,22,raw_scale_analysis
Amyotrophic lateral sclerosis,als,broad,Frontal Inf Tri L,9,0.539768534965357,22,raw_scale_analysis
Amyotrophic lateral sclerosis,als,broad,Frontal Inf Tri R,10,0.5463900900327882,22,raw_scale_analysis
Amyotrophic lateral sclerosis,als,broad,Frontal Inf Orb 2 L,11,0.5249390208987902,22,raw_scale_analysis
Amyotrophic lateral sclerosis,als,broad,Frontal Inf Orb 2 R,12,0.5275523633980941,22,raw_scale_analysis
Amyotrophic lateral sclerosis,als,broad,Rolandic Oper L,13,0.4995824147363617,22,raw_scale_analysis
Amyotrophic lateral sclerosis,als,broad,Rolandic Oper R,14,0.5403659180138323,22,raw_scale_analysis
Amyotrophic lateral sclerosis,als,broad,Supp Motor Area L,15,0.48091683988383854,22,raw_scale_analysis
Amyotrophic lateral sclerosis,als,broad,Supp Motor Area R,16,0.509398167850713,22,raw_scale_analysis
Amyotrophic lateral sclerosis,als,broad,Olfactory L,17,0.39861428690529094,22,raw_scale_analysis
Amyotrophic lateral sclerosis,als,broad,Olfactory R,18,0.417946596602979,22,raw_scale_analysis
Amyotrophic lateral sclerosis,als,broad,Frontal Sup Medial L,19,0.5253713275153472,22,raw_scale_analysis
Amyotrophic lateral sclerosis,als,broad,Frontal Sup Medial R,20,0.5553598322810308,22,raw_scale_analysis
Amyotrophic lateral sclerosis,als,broad,Frontal Med Orb L,21,0.48938366918625564,22,raw_scale_analysis
Amyotrophic lateral sclerosis,als,broad,Frontal Med Orb R,22,0.5418869780137349,22,raw_scale_analysis
Amyotrophic lateral sclerosis,als,broad,Rectus L,23,0.4801923337571019,22,raw_scale_analysis
Amyotrophic lateral sclerosis,als,broad,Rectus R,24,0.5177649744169357,22,raw_scale_analysis
Amyotrophic lateral sclerosis,als,broad,OFCmed L,25,0.49744597950481423,22,raw_scale_analysis
Amyotrophic lateral sclerosis,als,broad,OFCmed R,26,0.5044578169461472,22,raw_scale_analysis
Amyotrophic lateral sclerosis,als,broad,OFCant L,27,0.528286260552292,22,raw_scale_analysis
Amyotrophic lateral sclerosis,als,broad,OFCant R,28,0.5326889293532432,22,raw_scale_analysis
Amyotrophic lateral sclerosis,als,broad,OFCpost L,29,0.4578417741584401,22,raw_scale_analysis
Amyotrophic lateral sclerosis,als,broad,OFCpost R,30,0.5122183003083897,22,raw_scale_analysis
Amyotrophic lateral sclerosis,als,broad,OFClat L,31,0.476269095745516,22,raw_scale_analysis
Amyotrophic lateral sclerosis,als,broad,OFClat R,32,0.5058010456587794,22,raw_scale_analysis
Amyotrophic lateral sclerosis,als,broad,Insula L,33,0.4947573481870091,22,raw_scale_analysis
Amyotrophic lateral sclerosis,als,broad,Insula R,34,0.48518026759787064,22,raw_scale_analysis
Amyotrophic lateral sclerosis,als,broad,Cingulate Mid L,37,0.4922223607734779,22,raw_scale_analysis
Amyotrophic lateral sclerosis,als,broad,Cingulate Mid R,38,0.472224093453025,22,raw_scale_analysis
Amyotrophic lateral sclerosis,als,broad,Cingulate Post L,39,0.5408360405881898,22,raw_scale_analysis
Amyotrophic lateral sclerosis,als,broad,Hippocampus L,41,0.5038784318366017,22,raw_scale_analysis
Amyotrophic lateral sclerosis,als,broad,Hippocampus R,42,0.5074783817484563,22,raw_scale_analysis
Amyotrophic lateral sclerosis,als,broad,ParaHippocampal L,43,0.4804696388048129,22,raw_scale_analysis
Amyotrophic lateral sclerosis,als,broad,ParaHippocampal R,44,0.48634996504015554,22,raw_scale_analysis
Amyotrophic lateral sclerosis,als,broad,Amygdala L,45,0.5023841386705323,22,raw_scale_analysis
Amyotrophic lateral sclerosis,als,broad,Amygdala R,46,0.45318528594147406,22,raw_scale_analysis
Amyotrophic lateral sclerosis,als,broad,Calcarine L,47,0.5250152096484029,22,raw_scale_analysis
Amyotrophic lateral sclerosis,als,broad,Calcarine R,48,0.5178320837254595,22,raw_scale_analysis
Amyotrophic lateral sclerosis,als,broad,Cuneus L,49,0.5597842679239021,22,raw_scale_analysis
Amyotrophic lateral sclerosis,als,broad,Lingual L,51,0.5096021919459942,22,raw_scale_analysis
Amyotrophic lateral sclerosis,als,broad,Lingual R,52,0.5203594542475497,22,raw_scale_analysis
Amyotrophic lateral sclerosis,als,broad,Occipital Sup L,53,0.5319776041533558,22,raw_scale_analysis
Amyotrophic lateral sclerosis,als,broad,Occipital Mid L,55,0.53028452533735,22,raw_scale_analysis
Amyotrophic lateral sclerosis,als,broad,Occipital Mid R,56,0.561929812714999,22,raw_scale_analysis
Amyotrophic lateral sclerosis,als,broad,Occipital Inf L,57,0.5491883177411926,22,raw_scale_analysis
Amyotrophic lateral sclerosis,als,broad,Occipital Inf R,58,0.5633590759647427,22,raw_scale_analysis
Amyotrophic lateral sclerosis,als,broad,Fusiform L,59,0.4867670791196424,22,raw_scale_analysis
Amyotrophic lateral sclerosis,als,broad,Fusiform R,60,0.4738069592367817,22,raw_scale_analysis
Amyotrophic lateral sclerosis,als,broad,Postcentral L,61,0.5272090054709223,22,raw_scale_analysis
Amyotrophic lateral sclerosis,als,broad,Postcentral R,62,0.5068715427819942,22,raw_scale_analysis
Amyotrophic lateral sclerosis,als,broad,Parietal Sup L,63,0.5303686667869155,22,raw_scale_analysis
Amyotrophic lateral sclerosis,als,broad,Parietal Sup R,64,0.4928149237772914,22,raw_scale_analysis
Amyotrophic lateral sclerosis,als,broad,Parietal Inf L,65,0.5360769782579623,22,raw_scale_analysis
Amyotrophic lateral sclerosis,als,broad,Parietal Inf R,66,0.5472377977227658,22,raw_scale_analysis
Amyotrophic lateral sclerosis,als,broad,SupraMarginal L,67,0.48894005171864374,22,raw_scale_analysis
Amyotrophic lateral sclerosis,als,broad,SupraMarginal R,68,0.4824322236916037,22,raw_scale_analysis
Amyotrophic lateral sclerosis,als,broad,Angular L,69,0.5238331262989898,22,raw_scale_analysis
Amyotrophic lateral sclerosis,als,broad,Angular R,70,0.4850650695028725,22,raw_scale_analysis
Amyotrophic lateral sclerosis,als,broad,Precuneus L,71,0.5144402945445666,22,raw_scale_analysis
Amyotrophic lateral sclerosis,als,broad,Precuneus R,72,0.509025549110634,22,raw_scale_analysis
Amyotrophic lateral sclerosis,als,broad,Paracentral Lobule L,73,0.4964121742824879,22,raw_scale_analysis
Amyotrophic lateral sclerosis,als,broad,Paracentral Lobule R,74,0.579039462425643,22,raw_scale_analysis
Amyotrophic lateral sclerosis,als,broad,Caudate L,75,0.5112372279503025,22,raw_scale_analysis
Amyotrophic lateral sclerosis,als,broad,Caudate R,76,0.5244094321738395,22,raw_scale_analysis
Amyotrophic lateral sclerosis,als,broad,Putamen L,77,0.508472691674371,22,raw_scale_analysis
Amyotrophic lateral sclerosis,als,broad,Putamen R,78,0.5245317525197505,22,raw_scale_analysis
Amyotrophic lateral sclerosis,als,broad,Pallidum L,79,0.5462065128396109,22,raw_scale_analysis
Amyotrophic lateral sclerosis,als,broad,Pallidum R,80,0.552882240314591,22,raw_scale_analysis
Amyotrophic lateral sclerosis,als,broad,Heschl L,83,0.5292796880869105,22,raw_scale_analysis
Amyotrophic lateral sclerosis,als,broad,Heschl R,84,0.5541968271427815,22,raw_scale_analysis
Amyotrophic lateral sclerosis,als,broad,Temporal Sup L,85,0.5044723930133265,22,raw_scale_analysis
Amyotrophic lateral sclerosis,als,broad,Temporal Sup R,86,0.4943703751064843,22,raw_scale_analysis
Amyotrophic lateral sclerosis,als,broad,Temporal Pole Sup L,87,0.44530993030447186,22,raw_scale_analysis
Amyotrophic lateral sclerosis,als,broad,Temporal Pole Sup R,88,0.4988997859409548,22,raw_scale_analysis
Amyotrophic lateral sclerosis,als,broad,Temporal Mid L,89,0.5062533084504467,22,raw_scale_analysis
Amyotrophic lateral sclerosis,als,broad,Temporal Mid R,90,0.49853288678628027,22,raw_scale_analysis
Amyotrophic lateral sclerosis,als,broad,Temporal Pole Mid L,91,0.4504508339060165,22,raw_scale_analysis
Amyotrophic lateral sclerosis,als,broad,Temporal Inf L,93,0.4883284794825192,22,raw_scale_analysis
Amyotrophic lateral sclerosis,als,broad,Temporal Inf R,94,0.49606739168005914,22,raw_scale_analysis
Amyotrophic lateral sclerosis,als,broad,Cerebellum Crus1 L,95,0.4725903051660161,22,raw_scale_analysis
Amyotrophic lateral sclerosis,als,broad,Cerebellum Crus1 R,96,0.5113165937643444,22,raw_scale_analysis
Amyotrophic lateral sclerosis,als,broad,Cerebellum Crus2 L,97,0.48280127686299007,22,raw_scale_analysis
Amyotrophic lateral sclerosis,als,broad,Cerebellum Crus2 R,98,0.5303897777125129,22,raw_scale_analysis
Amyotrophic lateral sclerosis,als,broad,Cerebellum 4 5 L,101,0.5290761258867861,22,raw_scale_analysis
Amyotrophic lateral sclerosis,als,broad,Cerebellum 4 5 R,102,0.5516318272458717,22,raw_scale_analysis
Amyotrophic lateral sclerosis,als,broad,Cerebellum 6 L,103,0.4863319350377859,22,raw_scale_analysis
Amyotrophic lateral sclerosis,als,broad,Cerebellum 6 R,104,0.4758130788818521,22,raw_scale_analysis
Amyotrophic lateral sclerosis,als,broad,Cerebellum 7b L,105,0.5098388769628581,22,raw_scale_analysis
Amyotrophic lateral sclerosis,als,broad,Cerebellum 7b R,106,0.4913792191147127,22,raw_scale_analysis
Amyotrophic lateral sclerosis,als,broad,Cerebellum 8 L,107,0.5017406993255689,22,raw_scale_analysis
Amyotrophic lateral sclerosis,als,broad,Cerebellum 8 R,108,0.5436367404244592,22,raw_scale_analysis
Amyotrophic lateral sclerosis,als,broad,Cerebellum 9 L,109,0.49472875345958395,22,raw_scale_analysis
Amyotrophic lateral sclerosis,als,broad,Cerebellum 9 R,110,0.4567474898352389,22,raw_scale_analysis
Amyotrophic lateral sclerosis,als,broad,Cerebellum 10 L,111,0.5138313769198606,22,raw_scale_analysis
Amyotrophic lateral sclerosis,als,broad,Vermis 8,118,0.5616754986321016,22,raw_scale_analysis
Amyotrophic lateral sclerosis,als,broad,Vermis 9,119,0.5275894331227217,22,raw_scale_analysis
Amyotrophic lateral sclerosis,als,broad,Thal AV L,121,0.5327548668885845,22,raw_scale_analysis
Amyotrophic lateral sclerosis,als,broad,Thal AV R,122,0.5508938756437499,22,raw_scale_analysis
Amyotrophic lateral sclerosis,als,broad,Thal VA L,125,0.5487040056499009,22,raw_scale_analysis
Amyotrophic lateral sclerosis,als,broad,Thal VL L,127,0.5557972359282733,22,raw_scale_analysis
Amyotrophic lateral sclerosis,als,broad,Thal VL R,128,0.5399154306222799,22,raw_scale_analysis
Amyotrophic lateral sclerosis,als,broad,Thal VPL L,129,0.5393144586387757,22,raw_scale_analysis
Amyotrophic lateral sclerosis,als,broad,Thal VPL R,130,0.5829224483288147,22,raw_scale_analysis
Amyotrophic lateral sclerosis,als,broad,Thal IL L,131,0.5983987098898296,22,raw_scale_analysis
Amyotrophic lateral sclerosis,als,broad,Thal MDm L,135,0.4661831574158459,22,raw_scale_analysis
Amyotrophic lateral sclerosis,als,broad,Thal MDm R,136,0.5040567538807509,22,raw_scale_analysis
Amyotrophic lateral sclerosis,als,broad,Thal MDl L,137,0.48927119143040126,22,raw_scale_analysis
Amyotrophic lateral sclerosis,als,broad,Thal LGN L,139,0.5543717954473464,22,raw_scale_analysis
Amyotrophic lateral sclerosis,als,broad,Thal LGN R,140,0.5834317693582022,22,raw_scale_analysis
Amyotrophic lateral sclerosis,als,broad,Thal MGN L,141,0.5720849648433117,22,raw_scale_analysis
Amyotrophic lateral sclerosis,als,broad,Thal PuI L,143,0.5921604494124547,22,raw_scale_analysis
Amyotrophic lateral sclerosis,als,broad,Thal PuI R,144,0.5705352136526161,22,raw_scale_analysis
Amyotrophic lateral sclerosis,als,broad,Thal PuM L,145,0.5234572527424799,22,raw_scale_analysis
Amyotrophic lateral sclerosis,als,broad,Thal PuM R,146,0.5075030160982393,22,raw_scale_analysis
Amyotrophic lateral sclerosis,als,broad,Thal PuA L,147,0.5643999310552489,22,raw_scale_analysis
Amyotrophic lateral sclerosis,als,broad,Thal PuA R,148,0.5380899619374265,22,raw_scale_analysis
Amyotrophic lateral sclerosis,als,broad,ACC pre L,153,0.39113172694286785,22,raw_scale_analysis
Amyotrophic lateral sclerosis,als,broad,ACC pre R,154,0.5382157513775373,22,raw_scale_analysis
Amyotrophic lateral sclerosis,als,broad,ACC sup L,155,0.4414706912672484,22,raw_scale_analysis
Amyotrophic lateral sclerosis,als,broad,ACC sup R,156,0.49931221250107355,22,raw_scale_analysis
Amyotrophic lateral sclerosis,als,broad,N Acc L,157,0.5033488870936651,22,raw_scale_analysis
Amyotrophic lateral sclerosis,als,broad,N Acc R,158,0.5588269048193768,22,raw_scale_analysis
Amyotrophic lateral sclerosis,als,broad,SN pc L,161,0.5174393323734151,22,raw_scale_analysis
Amyotrophic lateral sclerosis,als,broad,SN pr L,163,0.5558451330532234,22,raw_scale_analysis
Amyotrophic lateral sclerosis,als,broad,SN pr R,164,0.5292071680574998,22,raw_scale_analysis
Amyotrophic lateral sclerosis,als,broad,Red N L,165,0.5230353422696998,22,raw_scale_analysis
Amyotrophic lateral sclerosis,als,broad,Red N R,166,0.5512884421282264,22,raw_scale_analysis
Amyotrophic lateral sclerosis,als,broad,LC L,167,0.5345004241255877,22,raw_scale_analysis
Amyotrophic lateral sclerosis,als,broad,LC R,168,0.48077158274998216,22,raw_scale_analysis
Amyotrophic lateral sclerosis,als,broad,Raphe D,169,0.48141450422903725,22,raw_scale_analysis
Amyotrophic lateral sclerosis,als,broad,Raphe M,170,0.5286189743482561,22,raw_scale_analysis
Amyotrophic lateral sclerosis,als,stringent,Precentral L,1,0.6144085919085521,7,raw_scale_analysis
Amyotrophic lateral sclerosis,als,stringent,Precentral R,2,0.609579972448261,7,raw_scale_analysis
Amyotrophic lateral sclerosis,als,stringent,Frontal Sup 2 L,3,0.5615716256948197,7,raw_scale_analysis
Amyotrophic lateral sclerosis,als,stringent,Frontal Sup 2 R,4,0.5854068712365976,7,raw_scale_analysis
Amyotrophic lateral sclerosis,als,stringent,Frontal Mid 2 L,5,0.5995364698108558,7,raw_scale_analysis
Amyotrophic lateral sclerosis,als,stringent,Frontal Mid 2 R,6,0.5539894218720708,7,raw_scale_analysis
Amyotrophic lateral sclerosis,als,stringent,Frontal Inf Oper L,7,0.47234327279182714,7,raw_scale_analysis
Amyotrophic lateral sclerosis,als,stringent,Frontal Inf Oper R,8,0.5725129545525439,7,raw_scale_analysis
Amyotrophic lateral sclerosis,als,stringent,Frontal Inf Tri L,9,0.6067825548331697,7,raw_scale_analysis
Amyotrophic lateral sclerosis,als,stringent,Frontal Inf Tri R,10,0.6009865335637963,7,raw_scale_analysis
Amyotrophic lateral sclerosis,als,stringent,Frontal Inf Orb 2 L,11,0.5462435981451892,7,raw_scale_analysis
Amyotrophic lateral sclerosis,als,stringent,Frontal Inf Orb 2 R,12,0.6566143706862596,7,raw_scale_analysis
Amyotrophic lateral sclerosis,als,stringent,Rolandic Oper L,13,0.5051713189365795,7,raw_scale_analysis
Amyotrophic lateral sclerosis,als,stringent,Rolandic Oper R,14,0.5608451132868394,7,raw_scale_analysis
Amyotrophic lateral sclerosis,als,stringent,Supp Motor Area L,15,0.5076561846863078,7,raw_scale_analysis
Amyotrophic lateral sclerosis,als,stringent,Supp Motor Area R,16,0.5190347325005537,7,raw_scale_analysis
Amyotrophic lateral sclerosis,als,stringent,Olfactory L,17,0.3317654140262861,7,raw_scale_analysis
Amyotrophic lateral sclerosis,als,stringent,Olfactory R,18,0.3977700678830565,7,raw_scale_analysis
Amyotrophic lateral sclerosis,als,stringent,Frontal Sup Medial L,19,0.5670024322806694,7,raw_scale_analysis
Amyotrophic lateral sclerosis,als,stringent,Frontal Sup Medial R,20,0.5229516339937782,7,raw_scale_analysis
Amyotrophic lateral sclerosis,als,stringent,Frontal Med Orb L,21,0.45100810969298993,7,raw_scale_analysis
Amyotrophic lateral sclerosis,als,stringent,Frontal Med Orb R,22,0.4974719526297684,7,raw_scale_analysis
Amyotrophic lateral sclerosis,als,stringent,Rectus L,23,0.4487296855853811,7,raw_scale_analysis
Amyotrophic lateral sclerosis,als,stringent,Rectus R,24,0.492533279389484,7,raw_scale_analysis
Amyotrophic lateral sclerosis,als,stringent,OFCmed L,25,0.5074075814232507,7,raw_scale_analysis
Amyotrophic lateral sclerosis,als,stringent,OFCmed R,26,0.5090848029890124,7,raw_scale_analysis
Amyotrophic lateral sclerosis,als,stringent,OFCant L,27,0.5744872885798792,7,raw_scale_analysis
Amyotrophic lateral sclerosis,als,stringent,OFCant R,28,0.5312569337067138,7,raw_scale_analysis
Amyotrophic lateral sclerosis,als,stringent,OFCpost L,29,0.4469300261299066,7,raw_scale_analysis
Amyotrophic lateral sclerosis,als,stringent,OFCpost R,30,0.4774319802950289,7,raw_scale_analysis
Amyotrophic lateral sclerosis,als,stringent,OFClat L,31,0.5278872652127741,7,raw_scale_analysis
Amyotrophic lateral sclerosis,als,stringent,OFClat R,32,0.6081629182643828,7,raw_scale_analysis
Amyotrophic lateral sclerosis,als,stringent,Insula L,33,0.4835118623081173,7,raw_scale_analysis
Amyotrophic lateral sclerosis,als,stringent,Insula R,34,0.4634306120450965,7,raw_scale_analysis
Amyotrophic lateral sclerosis,als,stringent,Cingulate Mid L,37,0.5048319008054728,7,raw_scale_analysis
Amyotrophic lateral sclerosis,als,stringent,Cingulate Mid R,38,0.49730263350168447,7,raw_scale_analysis
Amyotrophic lateral sclerosis,als,stringent,Cingulate Post L,39,0.5586570210264515,7,raw_scale_analysis
Amyotrophic lateral sclerosis,als,stringent,Hippocampus L,41,0.4097299463885946,7,raw_scale_analysis
Amyotrophic lateral sclerosis,als,stringent,Hippocampus R,42,0.4331702542117716,7,raw_scale_analysis
Amyotrophic lateral sclerosis,als,stringent,ParaHippocampal L,43,0.42315838399477557,7,raw_scale_analysis
Amyotrophic lateral sclerosis,als,stringent,ParaHippocampal R,44,0.4461552991505226,7,raw_scale_analysis
Amyotrophic lateral sclerosis,als,stringent,Amygdala L,45,0.44935460763225127,7,raw_scale_analysis
Amyotrophic lateral sclerosis,als,stringent,Amygdala R,46,0.3448951976523245,7,raw_scale_analysis
Amyotrophic lateral sclerosis,als,stringent,Calcarine L,47,0.5133536598574125,7,raw_scale_analysis
Amyotrophic lateral sclerosis,als,stringent,Calcarine R,48,0.49547759168259536,7,raw_scale_analysis
Amyotrophic lateral sclerosis,als,stringent,Cuneus L,49,0.5722983103768157,7,raw_scale_analysis
Amyotrophic lateral sclerosis,als,stringent,Lingual L,51,0.4749167855570379,7,raw_scale_analysis
Amyotrophic lateral sclerosis,als,stringent,Lingual R,52,0.4888115041234529,7,raw_scale_analysis
Amyotrophic lateral sclerosis,als,stringent,Occipital Sup L,53,0.5437940619230771,7,raw_scale_analysis
Amyotrophic lateral sclerosis,als,stringent,Occipital Mid L,55,0.524983592961978,7,raw_scale_analysis
Amyotrophic lateral sclerosis,als,stringent,Occipital Mid R,56,0.5700737155986767,7,raw_scale_analysis
Amyotrophic lateral sclerosis,als,stringent,Occipital Inf L,57,0.5871517829217231,7,raw_scale_analysis
Amyotrophic lateral sclerosis,als,stringent,Occipital Inf R,58,0.5827078999625781,7,raw_scale_analysis
Amyotrophic lateral sclerosis,als,stringent,Fusiform L,59,0.4166378326845361,7,raw_scale_analysis
Amyotrophic lateral sclerosis,als,stringent,Fusiform R,60,0.42202512019777544,7,raw_scale_analysis
Amyotrophic lateral sclerosis,als,stringent,Postcentral L,61,0.5664627115069433,7,raw_scale_analysis
Amyotrophic lateral sclerosis,als,stringent,Postcentral R,62,0.5623662980509787,7,raw_scale_analysis
Amyotrophic lateral sclerosis,als,stringent,Parietal Sup L,63,0.5213303114209529,7,raw_scale_analysis
Amyotrophic lateral sclerosis,als,stringent,Parietal Sup R,64,0.5611269823008077,7,raw_scale_analysis
Amyotrophic lateral sclerosis,als,stringent,Parietal Inf L,65,0.5431219405602049,7,raw_scale_analysis
Amyotrophic lateral sclerosis,als,stringent,Parietal Inf R,66,0.5351690387061006,7,raw_scale_analysis
Amyotrophic lateral sclerosis,als,stringent,SupraMarginal L,67,0.47327021792398416,7,raw_scale_analysis
Amyotrophic lateral sclerosis,als,stringent,SupraMarginal R,68,0.46304212390171884,7,raw_scale_analysis
Amyotrophic lateral sclerosis,als,stringent,Angular L,69,0.4865042960494023,7,raw_scale_analysis
Amyotrophic lateral sclerosis,als,stringent,Angular R,70,0.515443122782754,7,raw_scale_analysis
Amyotrophic lateral sclerosis,als,stringent,Precuneus L,71,0.553242147856223,7,raw_scale_analysis
Amyotrophic lateral sclerosis,als,stringent,Precuneus R,72,0.5138520570256884,7,raw_scale_analysis
Amyotrophic lateral sclerosis,als,stringent,Paracentral Lobule L,73,0.5778906899429807,7,raw_scale_analysis
Amyotrophic lateral sclerosis,als,stringent,Paracentral Lobule R,74,0.6116230499923653,7,raw_scale_analysis
Amyotrophic lateral sclerosis,als,stringent,Caudate L,75,0.49945465199516986,7,raw_scale_analysis
Amyotrophic lateral sclerosis,als,stringent,Caudate R,76,0.5091996957730606,7,raw_scale_analysis
Amyotrophic lateral sclerosis,als,stringent,Putamen L,77,0.5231451793295849,7,raw_scale_analysis
Amyotrophic lateral sclerosis,als,stringent,Putamen R,78,0.5012020472898883,7,raw_scale_analysis
Amyotrophic lateral sclerosis,als,stringent,Pallidum L,79,0.5866820104508663,7,raw_scale_analysis
Amyotrophic lateral sclerosis,als,stringent,Pallidum R,80,0.6160230735112203,7,raw_scale_analysis
Amyotrophic lateral sclerosis,als,stringent,Heschl L,83,0.5761944403916326,7,raw_scale_analysis
Amyotrophic lateral sclerosis,als,stringent,Heschl R,84,0.6232611114230053,7,raw_scale_analysis
Amyotrophic lateral sclerosis,als,stringent,Temporal Sup L,85,0.49082611067770987,7,raw_scale_analysis
Amyotrophic lateral sclerosis,als,stringent,Temporal Sup R,86,0.5140985074654355,7,raw_scale_analysis
Amyotrophic lateral sclerosis,als,stringent,Temporal Pole Sup L,87,0.3651238364691257,7,raw_scale_analysis
Amyotrophic lateral sclerosis,als,stringent,Temporal Pole Sup R,88,0.4800953014973216,7,raw_scale_analysis
Amyotrophic lateral sclerosis,als,stringent,Temporal Mid L,89,0.505165708401466,7,raw_scale_analysis
Amyotrophic lateral sclerosis,als,stringent,Temporal Mid R,90,0.48243176722302383,7,raw_scale_analysis
Amyotrophic lateral sclerosis,als,stringent,Temporal Pole Mid L,91,0.3546498530747145,7,raw_scale_analysis
Amyotrophic lateral sclerosis,als,stringent,Temporal Inf L,93,0.44776215197164654,7,raw_scale_analysis
Amyotrophic lateral sclerosis,als,stringent,Temporal Inf R,94,0.44657329669325513,7,raw_scale_analysis
Amyotrophic lateral sclerosis,als,stringent,Cerebellum Crus1 L,95,0.3676083484302108,7,raw_scale_analysis
Amyotrophic lateral sclerosis,als,stringent,Cerebellum Crus1 R,96,0.4108082184611166,7,raw_scale_analysis
Amyotrophic lateral sclerosis,als,stringent,Cerebellum Crus2 L,97,0.4565533287472302,7,raw_scale_analysis
Amyotrophic lateral sclerosis,als,stringent,Cerebellum Crus2 R,98,0.5087371667077225,7,raw_scale_analysis
Amyotrophic lateral sclerosis,als,stringent,Cerebellum 4 5 L,101,0.4828029595596464,7,raw_scale_analysis
Amyotrophic lateral sclerosis,als,stringent,Cerebellum 4 5 R,102,0.4421161262452003,7,raw_scale_analysis
Amyotrophic lateral sclerosis,als,stringent,Cerebellum 6 L,103,0.3519010741940712,7,raw_scale_analysis
Amyotrophic lateral sclerosis,als,stringent,Cerebellum 6 R,104,0.36891671549836186,7,raw_scale_analysis
Amyotrophic lateral sclerosis,als,stringent,Cerebellum 7b L,105,0.5324370008883549,7,raw_scale_analysis
Amyotrophic lateral sclerosis,als,stringent,Cerebellum 7b R,106,0.42747184102014124,7,raw_scale_analysis
Amyotrophic lateral sclerosis,als,stringent,Cerebellum 8 L,107,0.5307060940457846,7,raw_scale_analysis
Amyotrophic lateral sclerosis,als,stringent,Cerebellum 8 R,108,0.5448077035545806,7,raw_scale_analysis
Amyotrophic lateral sclerosis,als,stringent,Cerebellum 9 L,109,0.5149993781406802,7,raw_scale_analysis
Amyotrophic lateral sclerosis,als,stringent,Cerebellum 9 R,110,0.42346996049913976,7,raw_scale_analysis
Amyotrophic lateral sclerosis,als,stringent,Cerebellum 10 L,111,0.4568256268915398,7,raw_scale_analysis
Amyotrophic lateral sclerosis,als,stringent,Vermis 8,118,0.7770628276228181,7,raw_scale_analysis
Amyotrophic lateral sclerosis,als,stringent,Vermis 9,119,0.7159792482869107,7,raw_scale_analysis
Amyotrophic lateral sclerosis,als,stringent,Thal AV L,121,0.5105669292535892,7,raw_scale_analysis
Amyotrophic lateral sclerosis,als,stringent,Thal AV R,122,0.5927554756852854,7,raw_scale_analysis
Amyotrophic lateral sclerosis,als,stringent,Thal VA L,125,0.6203102221510777,7,raw_scale_analysis
Amyotrophic lateral sclerosis,als,stringent,Thal VL L,127,0.6284149108619375,7,raw_scale_analysis
Amyotrophic lateral sclerosis,als,stringent,Thal VL R,128,0.6329891478772456,7,raw_scale_analysis
Amyotrophic lateral sclerosis,als,stringent,Thal VPL L,129,0.6593359988485361,7,raw_scale_analysis
Amyotrophic lateral sclerosis,als,stringent,Thal VPL R,130,0.7309154634077126,7,raw_scale_analysis
Amyotrophic lateral sclerosis,als,stringent,Thal IL L,131,0.6936918474551186,7,raw_scale_analysis
Amyotrophic lateral sclerosis,als,stringent,Thal MDm L,135,0.4992031557018525,7,raw_scale_analysis
Amyotrophic lateral sclerosis,als,stringent,Thal MDm R,136,0.5358176468095828,7,raw_scale_analysis
Amyotrophic lateral sclerosis,als,stringent,Thal MDl L,137,0.5195096255594208,7,raw_scale_analysis
Amyotrophic lateral sclerosis,als,stringent,Thal LGN L,139,0.5922220177604888,7,raw_scale_analysis
Amyotrophic lateral sclerosis,als,stringent,Thal LGN R,140,0.7059153952239872,7,raw_scale_analysis
Amyotrophic lateral sclerosis,als,stringent,Thal MGN L,141,0.6101332963782128,7,raw_scale_analysis
Amyotrophic lateral sclerosis,als,stringent,Thal PuI L,143,0.6241180269438689,7,raw_scale_analysis
Amyotrophic lateral sclerosis,als,stringent,Thal PuI R,144,0.6672043826288879,7,raw_scale_analysis
Amyotrophic lateral sclerosis,als,stringent,Thal PuM L,145,0.5615933556537043,7,raw_scale_analysis
Amyotrophic lateral sclerosis,als,stringent,Thal PuM R,146,0.5510554574848473,7,raw_scale_analysis
Amyotrophic lateral sclerosis,als,stringent,Thal PuA L,147,0.6263854157451328,7,raw_scale_analysis
Amyotrophic lateral sclerosis,als,stringent,Thal PuA R,148,0.6542673580380203,7,raw_scale_analysis
Amyotrophic lateral sclerosis,als,stringent,ACC pre L,153,0.27116121066915205,7,raw_scale_analysis
Amyotrophic lateral sclerosis,als,stringent,ACC pre R,154,0.5441180995354891,7,raw_scale_analysis
Amyotrophic lateral sclerosis,als,stringent,ACC sup L,155,0.44128073722552197,7,raw_scale_analysis
Amyotrophic lateral sclerosis,als,stringent,ACC sup R,156,0.5050365372560576,7,raw_scale_analysis
Amyotrophic lateral sclerosis,als,stringent,N Acc L,157,0.47793755287813583,7,raw_scale_analysis
Amyotrophic lateral sclerosis,als,stringent,N Acc R,158,0.42320013128639905,7,raw_scale_analysis
Amyotrophic lateral sclerosis,als,stringent,SN pc L,161,0.6601373668382032,7,raw_scale_analysis
Amyotrophic lateral sclerosis,als,stringent,SN pr L,163,0.6609231271224136,7,raw_scale_analysis
Amyotrophic lateral sclerosis,als,stringent,SN pr R,164,0.584788105935162,7,raw_scale_analysis
Amyotrophic lateral sclerosis,als,stringent,Red N L,165,0.6468771463869993,7,raw_scale_analysis
Amyotrophic lateral sclerosis,als,stringent,Red N R,166,0.6625634493468083,7,raw_scale_analysis
Amyotrophic lateral sclerosis,als,stringent,LC L,167,0.6637025838189679,7,raw_scale_analysis
Amyotrophic lateral sclerosis,als,stringent,LC R,168,0.6037105723261521,7,raw_scale_analysis
Amyotrophic lateral sclerosis,als,stringent,Raphe D,169,0.6194731789279668,7,raw_scale_analysis
Amyotrophic lateral sclerosis,als,stringent,Raphe M,170,0.6603556951083892,7,raw_scale_analysis
Amyotrophic lateral sclerosis,als,weighted,Precentral L,1,0.5385578710137314,22,raw_scale_analysis
Amyotrophic lateral sclerosis,als,weighted,Precentral R,2,0.5405138263530521,22,raw_scale_analysis
Amyotrophic lateral sclerosis,als,weighted,Frontal Sup 2 L,3,0.522762181983711,22,raw_scale_analysis
Amyotrophic lateral sclerosis,als,weighted,Frontal Sup 2 R,4,0.5454648982914236,22,raw_scale_analysis
Amyotrophic lateral sclerosis,als,weighted,Frontal Mid 2 L,5,0.5485903695523131,22,raw_scale_analysis
Amyotrophic lateral sclerosis,als,weighted,Frontal Mid 2 R,6,0.512623133349424,22,raw_scale_analysis
Amyotrophic lateral sclerosis,als,weighted,Frontal Inf Oper L,7,0.48168570768414026,22,raw_scale_analysis
Amyotrophic lateral sclerosis,als,weighted,Frontal Inf Oper R,8,0.5206094056615045,22,raw_scale_analysis
Amyotrophic lateral sclerosis,als,weighted,Frontal Inf Tri L,9,0.562632671966099,22,raw_scale_analysis
Amyotrophic lateral sclerosis,als,weighted,Frontal Inf Tri R,10,0.5637031678172788,22,raw_scale_analysis
Amyotrophic lateral sclerosis,als,weighted,Frontal Inf Orb 2 L,11,0.5409697367995048,22,raw_scale_analysis
Amyotrophic lateral sclerosis,als,weighted,Frontal Inf Orb 2 R,12,0.5706325642696485,22,raw_scale_analysis
Amyotrophic lateral sclerosis,als,weighted,Rolandic Oper L,13,0.5015652658883789,22,raw_scale_analysis
Amyotrophic lateral sclerosis,als,weighted,Rolandic Oper R,14,0.5474099610114121,22,raw_scale_analysis
Amyotrophic lateral sclerosis,als,weighted,Supp Motor Area L,15,0.4766431534762153,22,raw_scale_analysis
Amyotrophic lateral sclerosis,als,weighted,Supp Motor Area R,16,0.49559182634531124,22,raw_scale_analysis
Amyotrophic lateral sclerosis,als,weighted,Olfactory L,17,0.3606820509952529,22,raw_scale_analysis
Amyotrophic lateral sclerosis,als,weighted,Olfactory R,18,0.4006070461322038,22,raw_scale_analysis
Amyotrophic lateral sclerosis,als,weighted,Frontal Sup Medial L,19,0.5353237524309475,22,raw_scale_analysis
Amyotrophic lateral sclerosis,als,weighted,Frontal Sup Medial R,20,0.5408885974343777,22,raw_scale_analysis
Amyotrophic lateral sclerosis,als,weighted,Frontal Med Orb L,21,0.4806988974667264,22,raw_scale_analysis
Amyotrophic lateral sclerosis,als,weighted,Frontal Med Orb R,22,0.5295973629181068,22,raw_scale_analysis
Amyotrophic lateral sclerosis,als,weighted,Rectus L,23,0.4692406862042256,22,raw_scale_analysis
Amyotrophic lateral sclerosis,als,weighted,Rectus R,24,0.5107532160375122,22,raw_scale_analysis
Amyotrophic lateral sclerosis,als,weighted,OFCmed L,25,0.5094812978052123,22,raw_scale_analysis
Amyotrophic lateral sclerosis,als,weighted,OFCmed R,26,0.5122269393503025,22,raw_scale_analysis
Amyotrophic lateral sclerosis,als,weighted,OFCant L,27,0.5486347781535786,22,raw_scale_analysis
Amyotrophic lateral sclerosis,als,weighted,OFCant R,28,0.5344209127810154,22,raw_scale_analysis
Amyotrophic lateral sclerosis,als,weighted,OFCpost L,29,0.45896541954581194,22,raw_scale_analysis
Amyotrophic lateral sclerosis,als,weighted,OFCpost R,30,0.4991554507871168,22,raw_scale_analysis
Amyotrophic lateral sclerosis,als,weighted,OFClat L,31,0.4881338101185652,22,raw_scale_analysis
Amyotrophic lateral sclerosis,als,weighted,OFClat R,32,0.5498591438522926,22,raw_scale_analysis
Amyotrophic lateral sclerosis,als,weighted,Insula L,33,0.49204921420142594,22,raw_scale_analysis
Amyotrophic lateral sclerosis,als,weighted,Insula R,34,0.4751036334461859,22,raw_scale_analysis
Amyotrophic lateral sclerosis,als,weighted,Cingulate Mid L,37,0.48765081888769723,22,raw_scale_analysis
Amyotrophic lateral sclerosis,als,weighted,Cingulate Mid R,38,0.47000917375582174,22,raw_scale_analysis
Amyotrophic lateral sclerosis,als,weighted,Cingulate Post L,39,0.5526118016531316,22,raw_scale_analysis
Amyotrophic lateral sclerosis,als,weighted,Hippocampus L,41,0.47248150160009905,22,raw_scale_analysis
Amyotrophic lateral sclerosis,als,weighted,Hippocampus R,42,0.4839088928824794,22,raw_scale_analysis
Amyotrophic lateral sclerosis,als,weighted,ParaHippocampal L,43,0.4449346044660723,22,raw_scale_analysis
Amyotrophic lateral sclerosis,als,weighted,ParaHippocampal R,44,0.46824779256609905,22,raw_scale_analysis
Amyotrophic lateral sclerosis,als,weighted,Amygdala L,45,0.4883331118765315,22,raw_scale_analysis
Amyotrophic lateral sclerosis,als,weighted,Amygdala R,46,0.42520937057732483,22,raw_scale_analysis
Amyotrophic lateral sclerosis,als,weighted,Calcarine L,47,0.5408249102300905,22,raw_scale_analysis
Amyotrophic lateral sclerosis,als,weighted,Calcarine R,48,0.5371633366264665,22,raw_scale_analysis
Amyotrophic lateral sclerosis,als,weighted,Cuneus L,49,0.582131271606949,22,raw_scale_analysis
Amyotrophic lateral sclerosis,als,weighted,Lingual L,51,0.5140864973373407,22,raw_scale_analysis
Amyotrophic lateral sclerosis,als,weighted,Lingual R,52,0.5289391960372433,22,raw_scale_analysis
Amyotrophic lateral sclerosis,als,weighted,Occipital Sup L,53,0.5425947302922318,22,raw_scale_analysis
Amyotrophic lateral sclerosis,als,weighted,Occipital Mid L,55,0.5360939419588276,22,raw_scale_analysis
Amyotrophic lateral sclerosis,als,weighted,Occipital Mid R,56,0.5853405991055388,22,raw_scale_analysis
Amyotrophic lateral sclerosis,als,weighted,Occipital Inf L,57,0.5733534894632178,22,raw_scale_analysis
Amyotrophic lateral sclerosis,als,weighted,Occipital Inf R,58,0.5858017644947163,22,raw_scale_analysis
Amyotrophic lateral sclerosis,als,weighted,Fusiform L,59,0.46701847313719086,22,raw_scale_analysis
Amyotrophic lateral sclerosis,als,weighted,Fusiform R,60,0.4538906779977455,22,raw_scale_analysis
Amyotrophic lateral sclerosis,als,weighted,Postcentral L,61,0.5391205266906227,22,raw_scale_analysis
Amyotrophic lateral sclerosis,als,weighted,Postcentral R,62,0.5239014023640424,22,raw_scale_analysis
Amyotrophic lateral sclerosis,als,weighted,Parietal Sup L,63,0.5303096097560654,22,raw_scale_analysis
Amyotrophic lateral sclerosis,als,weighted,Parietal Sup R,64,0.4982005913420776,22,raw_scale_analysis
Amyotrophic lateral sclerosis,als,weighted,Parietal Inf L,65,0.5388662668786648,22,raw_scale_analysis
Amyotrophic lateral sclerosis,als,weighted,Parietal Inf R,66,0.545443423817554,22,raw_scale_analysis
Amyotrophic lateral sclerosis,als,weighted,SupraMarginal L,67,0.484573148000225,22,raw_scale_analysis
Amyotrophic lateral sclerosis,als,weighted,SupraMarginal R,68,0.4712714133286855,22,raw_scale_analysis
Amyotrophic lateral sclerosis,als,weighted,Angular L,69,0.5125060556666474,22,raw_scale_analysis
Amyotrophic lateral sclerosis,als,weighted,Angular R,70,0.49107014457646114,22,raw_scale_analysis
Amyotrophic lateral sclerosis,als,weighted,Precuneus L,71,0.5303409989844954,22,raw_scale_analysis
Amyotrophic lateral sclerosis,als,weighted,Precuneus R,72,0.5081213227552891,22,raw_scale_analysis
Amyotrophic lateral sclerosis,als,weighted,Paracentral Lobule L,73,0.5107783166141049,22,raw_scale_analysis
Amyotrophic lateral sclerosis,als,weighted,Paracentral Lobule R,74,0.5891757453426856,22,raw_scale_analysis
Amyotrophic lateral sclerosis,als,weighted,Caudate L,75,0.5007746934277199,22,raw_scale_analysis
Amyotrophic lateral sclerosis,als,weighted,Caudate R,76,0.5107652575321596,22,raw_scale_analysis
Amyotrophic lateral sclerosis,als,weighted,Putamen L,77,0.504716821236902,22,raw_scale_analysis
Amyotrophic lateral sclerosis,als,weighted,Putamen R,78,0.506550390186112,22,raw_scale_analysis
Amyotrophic lateral sclerosis,als,weighted,Pallidum L,79,0.5551916152271756,22,raw_scale_analysis
Amyotrophic lateral sclerosis,als,weighted,Pallidum R,80,0.5510838131443007,22,raw_scale_analysis
Amyotrophic lateral sclerosis,als,weighted,Heschl L,83,0.5556815815363392,22,raw_scale_analysis
Amyotrophic lateral sclerosis,als,weighted,Heschl R,84,0.5863407268503302,22,raw_scale_analysis
Amyotrophic lateral sclerosis,als,weighted,Temporal Sup L,85,0.5064936199047269,22,raw_scale_analysis
Amyotrophic lateral sclerosis,als,weighted,Temporal Sup R,86,0.502149009921378,22,raw_scale_analysis
Amyotrophic lateral sclerosis,als,weighted,Temporal Pole Sup L,87,0.4209753050378319,22,raw_scale_analysis
Amyotrophic lateral sclerosis,als,weighted,Temporal Pole Sup R,88,0.477484107578903,22,raw_scale_analysis
Amyotrophic lateral sclerosis,als,weighted,Temporal Mid L,89,0.5045838715710134,22,raw_scale_analysis
Amyotrophic lateral sclerosis,als,weighted,Temporal Mid R,90,0.4915422724271951,22,raw_scale_analysis
Amyotrophic lateral sclerosis,als,weighted,Temporal Pole Mid L,91,0.41371884724927016,22,raw_scale_analysis
Amyotrophic lateral sclerosis,als,weighted,Temporal Inf L,93,0.47894757615095124,22,raw_scale_analysis
Amyotrophic lateral sclerosis,als,weighted,Temporal Inf R,94,0.4822053254271783,22,raw_scale_analysis
Amyotrophic lateral sclerosis,als,weighted,Cerebellum Crus1 L,95,0.448562897000152,22,raw_scale_analysis
Amyotrophic lateral sclerosis,als,weighted,Cerebellum Crus1 R,96,0.48695451960025143,22,raw_scale_analysis
Amyotrophic lateral sclerosis,als,weighted,Cerebellum Crus2 L,97,0.48058744345815985,22,raw_scale_analysis
Amyotrophic lateral sclerosis,als,weighted,Cerebellum Crus2 R,98,0.5169737668049852,22,raw_scale_analysis
Amyotrophic lateral sclerosis,als,weighted,Cerebellum 4 5 L,101,0.5242534391836609,22,raw_scale_analysis
Amyotrophic lateral sclerosis,als,weighted,Cerebellum 4 5 R,102,0.5476029654467994,22,raw_scale_analysis
Amyotrophic lateral sclerosis,als,weighted,Cerebellum 6 L,103,0.45557716552343924,22,raw_scale_analysis
Amyotrophic lateral sclerosis,als,weighted,Cerebellum 6 R,104,0.4629323516435113,22,raw_scale_analysis
Amyotrophic lateral sclerosis,als,weighted,Cerebellum 7b L,105,0.5085989803429473,22,raw_scale_analysis
Amyotrophic lateral sclerosis,als,weighted,Cerebellum 7b R,106,0.47893399147424087,22,raw_scale_analysis
Amyotrophic lateral sclerosis,als,weighted,Cerebellum 8 L,107,0.5108262684024671,22,raw_scale_analysis
Amyotrophic lateral sclerosis,als,weighted,Cerebellum 8 R,108,0.5486932500094186,22,raw_scale_analysis
Amyotrophic lateral sclerosis,als,weighted,Cerebellum 9 L,109,0.4977885926506353,22,raw_scale_analysis
Amyotrophic lateral sclerosis,als,weighted,Cerebellum 9 R,110,0.450380623858104,22,raw_scale_analysis
Amyotrophic lateral sclerosis,als,weighted,Cerebellum 10 L,111,0.5081500704130283,22,raw_scale_analysis
Amyotrophic lateral sclerosis,als,weighted,Vermis 8,118,0.5986787976661916,22,raw_scale_analysis
Amyotrophic lateral sclerosis,als,weighted,Vermis 9,119,0.537554548748995,22,raw_scale_analysis
Amyotrophic lateral sclerosis,als,weighted,Thal AV L,121,0.5325807684131557,22,raw_scale_analysis
Amyotrophic lateral sclerosis,als,weighted,Thal AV R,122,0.5619949084416512,22,raw_scale_analysis
Amyotrophic lateral sclerosis,als,weighted,Thal VA L,125,0.5737173366603152,22,raw_scale_analysis
Amyotrophic lateral sclerosis,als,weighted,Thal VL L,127,0.5852152676963913,22,raw_scale_analysis
Amyotrophic lateral sclerosis,als,weighted,Thal VL R,128,0.5766828235024325,22,raw_scale_analysis
Amyotrophic lateral sclerosis,als,weighted,Thal VPL L,129,0.5727907422973803,22,raw_scale_analysis
Amyotrophic lateral sclerosis,als,weighted,Thal VPL R,130,0.6555160789258577,22,raw_scale_analysis
Amyotrophic lateral sclerosis,als,weighted,Thal IL L,131,0.630853974024373,22,raw_scale_analysis
Amyotrophic lateral sclerosis,als,weighted,Thal MDm L,135,0.4839615442007371,22,raw_scale_analysis
Amyotrophic lateral sclerosis,als,weighted,Thal MDm R,136,0.52909016207219,22,raw_scale_analysis
Amyotrophic lateral sclerosis,als,weighted,Thal MDl L,137,0.5198577477044796,22,raw_scale_analysis
Amyotrophic lateral sclerosis,als,weighted,Thal LGN L,139,0.582518252136045,22,raw_scale_analysis
Amyotrophic lateral sclerosis,als,weighted,Thal LGN R,140,0.6279982865159095,22,raw_scale_analysis
Amyotrophic lateral sclerosis,als,weighted,Thal MGN L,141,0.6060917370948974,22,raw_scale_analysis
Amyotrophic lateral sclerosis,als,weighted,Thal PuI L,143,0.6276093709965592,22,raw_scale_analysis
Amyotrophic lateral sclerosis,als,weighted,Thal PuI R,144,0.6252784537331525,22,raw_scale_analysis
Amyotrophic lateral sclerosis,als,weighted,Thal PuM L,145,0.5489858515718277,22,raw_scale_analysis
Amyotrophic lateral sclerosis,als,weighted,Thal PuM R,146,0.5377851311628487,22,raw_scale_analysis
Amyotrophic lateral sclerosis,als,weighted,Thal PuA L,147,0.5983276131347396,22,raw_scale_analysis
Amyotrophic lateral sclerosis,als,weighted,Thal PuA R,148,0.5779444527980756,22,raw_scale_analysis
Amyotrophic lateral sclerosis,als,weighted,ACC pre L,153,0.3326026157883223,22,raw_scale_analysis
Amyotrophic lateral sclerosis,als,weighted,ACC pre R,154,0.5392942907252092,22,raw_scale_analysis
Amyotrophic lateral sclerosis,als,weighted,ACC sup L,155,0.4182221565107948,22,raw_scale_analysis
Amyotrophic lateral sclerosis,als,weighted,ACC sup R,156,0.4883134082571658,22,raw_scale_analysis
Amyotrophic lateral sclerosis,als,weighted,N Acc L,157,0.5032351114475249,22,raw_scale_analysis
Amyotrophic lateral sclerosis,als,weighted,N Acc R,158,0.5004551771561534,22,raw_scale_analysis
Amyotrophic lateral sclerosis,als,weighted,SN pc L,161,0.5616840354249367,22,raw_scale_analysis
Amyotrophic lateral sclerosis,als,weighted,SN pr L,163,0.5910504155366091,22,raw_scale_analysis
Amyotrophic lateral sclerosis,als,weighted,SN pr R,164,0.5363856514380461,22,raw_scale_analysis
Amyotrophic lateral sclerosis,als,weighted,Red N L,165,0.5666674985585304,22,raw_scale_analysis
Amyotrophic lateral sclerosis,als,weighted,Red N R,166,0.5931130818218554,22,raw_scale_analysis
Amyotrophic lateral sclerosis,als,weighted,LC L,167,0.5747640216259572,22,raw_scale_analysis
Amyotrophic lateral sclerosis,als,weighted,LC R,168,0.5253036541732866,22,raw_scale_analysis
Amyotrophic lateral sclerosis,als,weighted,Raphe D,169,0.5235612816119012,22,raw_scale_analysis
Amyotrophic lateral sclerosis,als,weighted,Raphe M,170,0.5673197761985816,22,raw_scale_analysis
Schizophrenia,schizophrenia,broad,Precentral L,1,0.5016305738324389,381,raw_scale_analysis
Schizophrenia,schizophrenia,broad,Precentral R,2,0.497934050651611,381,raw_scale_analysis
Schizophrenia,schizophrenia,broad,Frontal Sup 2 L,3,0.4999532160256384,381,raw_scale_analysis
Schizophrenia,schizophrenia,broad,Frontal Sup 2 R,4,0.5081160669667509,381,raw_scale_analysis
Schizophrenia,schizophrenia,broad,Frontal Mid 2 L,5,0.5140838242637752,381,raw_scale_analysis
Schizophrenia,schizophrenia,broad,Frontal Mid 2 R,6,0.5125031060314624,381,raw_scale_analysis
Schizophrenia,schizophrenia,broad,Frontal Inf Oper L,7,0.4942375404601411,381,raw_scale_analysis
Schizophrenia,schizophrenia,broad,Frontal Inf Oper R,8,0.48071639236113756,381,raw_scale_analysis
Schizophrenia,schizophrenia,broad,Frontal Inf Tri L,9,0.5261241097383441,381,raw_scale_analysis
Schizophrenia,schizophrenia,broad,Frontal Inf Tri R,10,0.5389546691724357,381,raw_scale_analysis
Schizophrenia,schizophrenia,broad,Frontal Inf Orb 2 L,11,0.5220792438224359,381,raw_scale_analysis
Schizophrenia,schizophrenia,broad,Frontal Inf Orb 2 R,12,0.49466802837844415,381,raw_scale_analysis
Schizophrenia,schizophrenia,broad,Rolandic Oper L,13,0.5174289785889922,381,raw_scale_analysis
Schizophrenia,schizophrenia,broad,Rolandic Oper R,14,0.530730377524006,381,raw_scale_analysis
Schizophrenia,schizophrenia,broad,Supp Motor Area L,15,0.476726285098864,381,raw_scale_analysis
Schizophrenia,schizophrenia,broad,Supp Motor Area R,16,0.49778064474770434,381,raw_scale_analysis
Schizophrenia,schizophrenia,broad,Olfactory L,17,0.46584131737568324,381,raw_scale_analysis
Schizophrenia,schizophrenia,broad,Olfactory R,18,0.4703402770647006,381,raw_scale_analysis
Schizophrenia,schizophrenia,broad,Frontal Sup Medial L,19,0.5184139291333535,381,raw_scale_analysis
Schizophrenia,schizophrenia,broad,Frontal Sup Medial R,20,0.5171388699308089,381,raw_scale_analysis
Schizophrenia,schizophrenia,broad,Frontal Med Orb L,21,0.5181964582798474,381,raw_scale_analysis
Schizophrenia,schizophrenia,broad,Frontal Med Orb R,22,0.5377749930884139,381,raw_scale_analysis
Schizophrenia,schizophrenia,broad,Rectus L,23,0.503344606614875,381,raw_scale_analysis
Schizophrenia,schizophrenia,broad,Rectus R,24,0.5329409768494233,381,raw_scale_analysis
Schizophrenia,schizophrenia,broad,OFCmed L,25,0.515145611878474,381,raw_scale_analysis
Schizophrenia,schizophrenia,broad,OFCmed R,26,0.5280406628603262,381,raw_scale_analysis
Schizophrenia,schizophrenia,broad,OFCant L,27,0.5260548788765406,381,raw_scale_analysis
Schizophrenia,schizophrenia,broad,OFCant R,28,0.5331089478635853,381,raw_scale_analysis
Schizophrenia,schizophrenia,broad,OFCpost L,29,0.4963233482500133,381,raw_scale_analysis
Schizophrenia,schizophrenia,broad,OFCpost R,30,0.5246104128635283,381,raw_scale_analysis
Schizophrenia,schizophrenia,broad,OFClat L,31,0.4869207576157976,381,raw_scale_analysis
Schizophrenia,schizophrenia,broad,OFClat R,32,0.5178167460923497,381,raw_scale_analysis
Schizophrenia,schizophrenia,broad,Insula L,33,0.5194350760683693,381,raw_scale_analysis
Schizophrenia,schizophrenia,broad,Insula R,34,0.505986282525092,381,raw_scale_analysis
Schizophrenia,schizophrenia,broad,Cingulate Mid L,37,0.5053900208179308,381,raw_scale_analysis
Schizophrenia,schizophrenia,broad,Cingulate Mid R,38,0.49147634648474403,381,raw_scale_analysis
Schizophrenia,schizophrenia,broad,Cingulate Post L,39,0.5228881768108059,381,raw_scale_analysis
Schizophrenia,schizophrenia,broad,Hippocampus L,41,0.5166931625574244,381,raw_scale_analysis
Schizophrenia,schizophrenia,broad,Hippocampus R,42,0.5107893321557844,381,raw_scale_analysis
Schizophrenia,schizophrenia,broad,ParaHippocampal L,43,0.4815061223957394,381,raw_scale_analysis
Schizophrenia,schizophrenia,broad,ParaHippocampal R,44,0.5052193906431353,381,raw_scale_analysis
Schizophrenia,schizophrenia,broad,Amygdala L,45,0.5260145392441089,381,raw_scale_analysis
Schizophrenia,schizophrenia,broad,Amygdala R,46,0.49562831274159513,381,raw_scale_analysis
Schizophrenia,schizophrenia,broad,Calcarine L,47,0.5083614225543951,381,raw_scale_analysis
Schizophrenia,schizophrenia,broad,Calcarine R,48,0.4884797114873324,381,raw_scale_analysis
Schizophrenia,schizophrenia,broad,Cuneus L,49,0.5032785899225757,381,raw_scale_analysis
Schizophrenia,schizophrenia,broad,Lingual L,51,0.5070920843923729,381,raw_scale_analysis
Schizophrenia,schizophrenia,broad,Lingual R,52,0.5065384516841773,381,raw_scale_analysis
Schizophrenia,schizophrenia,broad,Occipital Sup L,53,0.5255273941093118,381,raw_scale_analysis
Schizophrenia,schizophrenia,broad,Occipital Mid L,55,0.5134194534224001,381,raw_scale_analysis
Schizophrenia,schizophrenia,broad,Occipital Mid R,56,0.5212165523708088,381,raw_scale_analysis
Schizophrenia,schizophrenia,broad,Occipital Inf L,57,0.5164567430895763,381,raw_scale_analysis
Schizophrenia,schizophrenia,broad,Occipital Inf R,58,0.5245107004519378,381,raw_scale_analysis
Schizophrenia,schizophrenia,broad,Fusiform L,59,0.5001106059734695,381,raw_scale_analysis
Schizophrenia,schizophrenia,broad,Fusiform R,60,0.4942950716669935,381,raw_scale_analysis
Schizophrenia,schizophrenia,broad,Postcentral L,61,0.5095653955970755,381,raw_scale_analysis
Schizophrenia,schizophrenia,broad,Postcentral R,62,0.5007169098349851,381,raw_scale_analysis
Schizophrenia,schizophrenia,broad,Parietal Sup L,63,0.5114076331149066,381,raw_scale_analysis
Schizophrenia,schizophrenia,broad,Parietal Sup R,64,0.46675439583116135,381,raw_scale_analysis
Schizophrenia,schizophrenia,broad,Parietal Inf L,65,0.5187764404558299,381,raw_scale_analysis
Schizophrenia,schizophrenia,broad,Parietal Inf R,66,0.5070646619321457,381,raw_scale_analysis
Schizophrenia,schizophrenia,broad,SupraMarginal L,67,0.48408732265971055,381,raw_scale_analysis
Schizophrenia,schizophrenia,broad,SupraMarginal R,68,0.4932365133707637,381,raw_scale_analysis
Schizophrenia,schizophrenia,broad,Angular L,69,0.5200932773423841,381,raw_scale_analysis
Schizophrenia,schizophrenia,broad,Angular R,70,0.4852016168893931,381,raw_scale_analysis
Schizophrenia,schizophrenia,broad,Precuneus L,71,0.5097909784074953,381,raw_scale_analysis
Schizophrenia,schizophrenia,broad,Precuneus R,72,0.4892048183957432,381,raw_scale_analysis
Schizophrenia,schizophrenia,broad,Paracentral Lobule L,73,0.4940063956436297,381,raw_scale_analysis
Schizophrenia,schizophrenia,broad,Paracentral Lobule R,74,0.5346077659523649,381,raw_scale_analysis
Schizophrenia,schizophrenia,broad,Caudate L,75,0.5225314645099726,381,raw_scale_analysis
Schizophrenia,schizophrenia,broad,Caudate R,76,0.5287725009572758,381,raw_scale_analysis
Schizophrenia,schizophrenia,broad,Putamen L,77,0.5169506337493502,381,raw_scale_analysis
Schizophrenia,schizophrenia,broad,Putamen R,78,0.5425709595203464,381,raw_scale_analysis
Schizophrenia,schizophrenia,broad,Pallidum L,79,0.5131830592673368,381,raw_scale_analysis
Schizophrenia,schizophrenia,broad,Pallidum R,80,0.5240519502005149,381,raw_scale_analysis
Schizophrenia,schizophrenia,broad,Heschl L,83,0.5184584951141014,381,raw_scale_analysis
Schizophrenia,schizophrenia,broad,Heschl R,84,0.5178513083825234,381,raw_scale_analysis
Schizophrenia,schizophrenia,broad,Temporal Sup L,85,0.5047744867477517,381,raw_scale_analysis
Schizophrenia,schizophrenia,broad,Temporal Sup R,86,0.49520965435469566,381,raw_scale_analysis
Schizophrenia,schizophrenia,broad,Temporal Pole Sup L,87,0.49769955395126386,381,raw_scale_analysis
Schizophrenia,schizophrenia,broad,Temporal Pole Sup R,88,0.5086097046215933,381,raw_scale_analysis
Schizophrenia,schizophrenia,broad,Temporal Mid L,89,0.4994211717026058,381,raw_scale_analysis
Schizophrenia,schizophrenia,broad,Temporal Mid R,90,0.5099359391523666,381,raw_scale_analysis
Schizophrenia,schizophrenia,broad,Temporal Pole Mid L,91,0.49134794898614825,381,raw_scale_analysis
Schizophrenia,schizophrenia,broad,Temporal Inf L,93,0.5042910670248842,381,raw_scale_analysis
Schizophrenia,schizophrenia,broad,Temporal Inf R,94,0.5036327415687548,381,raw_scale_analysis
Schizophrenia,schizophrenia,broad,Cerebellum Crus1 L,95,0.5027878746168493,381,raw_scale_analysis
Schizophrenia,schizophrenia,broad,Cerebellum Crus1 R,96,0.5388939757626515,381,raw_scale_analysis
Schizophrenia,schizophrenia,broad,Cerebellum Crus2 L,97,0.494155439726467,381,raw_scale_analysis
Schizophrenia,schizophrenia,broad,Cerebellum Crus2 R,98,0.532715038459654,381,raw_scale_analysis
Schizophrenia,schizophrenia,broad,Cerebellum 4 5 L,101,0.5287745155777248,381,raw_scale_analysis
Schizophrenia,schizophrenia,broad,Cerebellum 4 5 R,102,0.534710120744332,381,raw_scale_analysis
Schizophrenia,schizophrenia,broad,Cerebellum 6 L,103,0.519580304019543,381,raw_scale_analysis
Schizophrenia,schizophrenia,broad,Cerebellum 6 R,104,0.5100314752990075,381,raw_scale_analysis
Schizophrenia,schizophrenia,broad,Cerebellum 7b L,105,0.48667022652626596,381,raw_scale_analysis
Schizophrenia,schizophrenia,broad,Cerebellum 7b R,106,0.49254255314475365,381,raw_scale_analysis
Schizophrenia,schizophrenia,broad,Cerebellum 8 L,107,0.4950601975119666,381,raw_scale_analysis
Schizophrenia,schizophrenia,broad,Cerebellum 8 R,108,0.49684902315299145,381,raw_scale_analysis
Schizophrenia,schizophrenia,broad,Cerebellum 9 L,109,0.47937607752907063,381,raw_scale_analysis
Schizophrenia,schizophrenia,broad,Cerebellum 9 R,110,0.47759696988152284,381,raw_scale_analysis
Schizophrenia,schizophrenia,broad,Cerebellum 10 L,111,0.49825381425634047,381,raw_scale_analysis
Schizophrenia,schizophrenia,broad,Vermis 8,118,0.48931795958798746,381,raw_scale_analysis
Schizophrenia,schizophrenia,broad,Vermis 9,119,0.4688788161366491,381,raw_scale_analysis
Schizophrenia,schizophrenia,broad,Thal AV L,121,0.5215634494527162,381,raw_scale_analysis
Schizophrenia,schizophrenia,broad,Thal AV R,122,0.498770331027542,381,raw_scale_analysis
Schizophrenia,schizophrenia,broad,Thal VA L,125,0.5141886448316754,381,raw_scale_analysis
Schizophrenia,schizophrenia,broad,Thal VL L,127,0.5094298612309166,381,raw_scale_analysis
Schizophrenia,schizophrenia,broad,Thal VL R,128,0.49590738842848364,381,raw_scale_analysis
Schizophrenia,schizophrenia,broad,Thal VPL L,129,0.5000043308479307,381,raw_scale_analysis
Schizophrenia,schizophrenia,broad,Thal VPL R,130,0.5153248721482601,381,raw_scale_analysis
Schizophrenia,schizophrenia,broad,Thal IL L,131,0.5328189450462628,381,raw_scale_analysis
Schizophrenia,schizophrenia,broad,Thal MDm L,135,0.4445003940696024,381,raw_scale_analysis
Schizophrenia,schizophrenia,broad,Thal MDm R,136,0.4832746373731937,381,raw_scale_analysis
Schizophrenia,schizophrenia,broad,Thal MDl L,137,0.47544134003024807,381,raw_scale_analysis
Schizophrenia,schizophrenia,broad,Thal LGN L,139,0.5017299667142553,381,raw_scale_analysis
Schizophrenia,schizophrenia,broad,Thal LGN R,140,0.5202075753252688,381,raw_scale_analysis
Schizophrenia,schizophrenia,broad,Thal MGN L,141,0.5130646958655604,381,raw_scale_analysis
Schizophrenia,schizophrenia,broad,Thal PuI L,143,0.5400224743878614,381,raw_scale_analysis
Schizophrenia,schizophrenia,broad,Thal PuI R,144,0.5330356970139698,381,raw_scale_analysis
Schizophrenia,schizophrenia,broad,Thal PuM L,145,0.5133480674850328,381,raw_scale_analysis
Schizophrenia,schizophrenia,broad,Thal PuM R,146,0.49074623419497293,381,raw_scale_analysis
Schizophrenia,schizophrenia,broad,Thal PuA L,147,0.5312154035124237,381,raw_scale_analysis
Schizophrenia,schizophrenia,broad,Thal PuA R,148,0.5014579529547942,381,raw_scale_analysis
Schizophrenia,schizophrenia,broad,ACC pre L,153,0.47920568470490127,381,raw_scale_analysis
Schizophrenia,schizophrenia,broad,ACC pre R,154,0.5350316183374036,381,raw_scale_analysis
Schizophrenia,schizophrenia,broad,ACC sup L,155,0.4646657078166619,381,raw_scale_analysis
Schizophrenia,schizophrenia,broad,ACC sup R,156,0.530399504083621,381,raw_scale_analysis
Schizophrenia,schizophrenia,broad,N Acc L,157,0.502832386480182,381,raw_scale_analysis
Schizophrenia,schizophrenia,broad,N Acc R,158,0.54416217318069,381,raw_scale_analysis
Schizophrenia,schizophrenia,broad,SN pc L,161,0.47385993124549847,381,raw_scale_analysis
Schizophrenia,schizophrenia,broad,SN pr L,163,0.4985423089282819,381,raw_scale_analysis
Schizophrenia,schizophrenia,broad,SN pr R,164,0.48770910879353907,381,raw_scale_analysis
Schizophrenia,schizophrenia,broad,Red N L,165,0.4865898314440996,381,raw_scale_analysis
Schizophrenia,schizophrenia,broad,Red N R,166,0.5039583649866803,381,raw_scale_analysis
Schizophrenia,schizophrenia,broad,LC L,167,0.4727010189229713,381,raw_scale_analysis
Schizophrenia,schizophrenia,broad,LC R,168,0.4469388579883579,381,raw_scale_analysis
Schizophrenia,schizophrenia,broad,Raphe D,169,0.45935523453108107,381,raw_scale_analysis
Schizophrenia,schizophrenia,broad,Raphe M,170,0.4660151706116356,381,raw_scale_analysis
Schizophrenia,schizophrenia,stringent,Precentral L,1,0.4939218175746867,107,raw_scale_analysis
Schizophrenia,schizophrenia,stringent,Precentral R,2,0.4969414875699174,107,raw_scale_analysis
Schizophrenia,schizophrenia,stringent,Frontal Sup 2 L,3,0.504683757641048,107,raw_scale_analysis
Schizophrenia,schizophrenia,stringent,Frontal Sup 2 R,4,0.50845951723992,107,raw_scale_analysis
Schizophrenia,schizophrenia,stringent,Frontal Mid 2 L,5,0.512415715327406,107,raw_scale_analysis
Schizophrenia,schizophrenia,stringent,Frontal Mid 2 R,6,0.5149698798682838,107,raw_scale_analysis
Schizophrenia,schizophrenia,stringent,Frontal Inf Oper L,7,0.5055102056020858,107,raw_scale_analysis
Schizophrenia,schizophrenia,stringent,Frontal Inf Oper R,8,0.4871812267623762,107,raw_scale_analysis
Schizophrenia,schizophrenia,stringent,Frontal Inf Tri L,9,0.5290557480368617,107,raw_scale_analysis
Schizophrenia,schizophrenia,stringent,Frontal Inf Tri R,10,0.5263351371423053,107,raw_scale_analysis
Schizophrenia,schizophrenia,stringent,Frontal Inf Orb 2 L,11,0.5281820573188586,107,raw_scale_analysis
Schizophrenia,schizophrenia,stringent,Frontal Inf Orb 2 R,12,0.4794447003498037,107,raw_scale_analysis
Schizophrenia,schizophrenia,stringent,Rolandic Oper L,13,0.5316893736581279,107,raw_scale_analysis
Schizophrenia,schizophrenia,stringent,Rolandic Oper R,14,0.5472261180625948,107,raw_scale_analysis
Schizophrenia,schizophrenia,stringent,Supp Motor Area L,15,0.4877540324278513,107,raw_scale_analysis
Schizophrenia,schizophrenia,stringent,Supp Motor Area R,16,0.5014181195813732,107,raw_scale_analysis
Schizophrenia,schizophrenia,stringent,Olfactory L,17,0.4548800948441709,107,raw_scale_analysis
Schizophrenia,schizophrenia,stringent,Olfactory R,18,0.45406568534393443,107,raw_scale_analysis
Schizophrenia,schizophrenia,stringent,Frontal Sup Medial L,19,0.5245160752008629,107,raw_scale_analysis
Schizophrenia,schizophrenia,stringent,Frontal Sup Medial R,20,0.527789335022899,107,raw_scale_analysis
Schizophrenia,schizophrenia,stringent,Frontal Med Orb L,21,0.5221033401781545,107,raw_scale_analysis
Schizophrenia,schizophrenia,stringent,Frontal Med Orb R,22,0.5485982174675795,107,raw_scale_analysis
Schizophrenia,schizophrenia,stringent,Rectus L,23,0.5105549863938229,107,raw_scale_analysis
Schizophrenia,schizophrenia,stringent,Rectus R,24,0.5349210813613169,107,raw_scale_analysis
Schizophrenia,schizophrenia,stringent,OFCmed L,25,0.5129998646298096,107,raw_scale_analysis
Schizophrenia,schizophrenia,stringent,OFCmed R,26,0.5320131997444215,107,raw_scale_analysis
Schizophrenia,schizophrenia,stringent,OFCant L,27,0.5243052399018597,107,raw_scale_analysis
Schizophrenia,schizophrenia,stringent,OFCant R,28,0.5415682218179201,107,raw_scale_analysis
Schizophrenia,schizophrenia,stringent,OFCpost L,29,0.511343930948433,107,raw_scale_analysis
Schizophrenia,schizophrenia,stringent,OFCpost R,30,0.5281737666684981,107,raw_scale_analysis
Schizophrenia,schizophrenia,stringent,OFClat L,31,0.4857330846357877,107,raw_scale_analysis
Schizophrenia,schizophrenia,stringent,OFClat R,32,0.5077686141427759,107,raw_scale_analysis
Schizophrenia,schizophrenia,stringent,Insula L,33,0.5287116886694911,107,raw_scale_analysis
Schizophrenia,schizophrenia,stringent,Insula R,34,0.5050110312528752,107,raw_scale_analysis
Schizophrenia,schizophrenia,stringent,Cingulate Mid L,37,0.5151079563809703,107,raw_scale_analysis
Schizophrenia,schizophrenia,stringent,Cingulate Mid R,38,0.49971145368071107,107,raw_scale_analysis
Schizophrenia,schizophrenia,stringent,Cingulate Post L,39,0.5262785600538916,107,raw_scale_analysis
Schizophrenia,schizophrenia,stringent,Hippocampus L,41,0.5437277470435048,107,raw_scale_analysis
Schizophrenia,schizophrenia,stringent,Hippocampus R,42,0.5307447010756131,107,raw_scale_analysis
Schizophrenia,schizophrenia,stringent,ParaHippocampal L,43,0.47339692359151736,107,raw_scale_analysis
Schizophrenia,schizophrenia,stringent,ParaHippocampal R,44,0.4919214128143291,107,raw_scale_analysis
Schizophrenia,schizophrenia,stringent,Amygdala L,45,0.5453488982560484,107,raw_scale_analysis
Schizophrenia,schizophrenia,stringent,Amygdala R,46,0.5415222887646437,107,raw_scale_analysis
Schizophrenia,schizophrenia,stringent,Calcarine L,47,0.5131823801014598,107,raw_scale_analysis
Schizophrenia,schizophrenia,stringent,Calcarine R,48,0.4948715611896339,107,raw_scale_analysis
Schizophrenia,schizophrenia,stringent,Cuneus L,49,0.5109547412258668,107,raw_scale_analysis
Schizophrenia,schizophrenia,stringent,Lingual L,51,0.5128138922143559,107,raw_scale_analysis
Schizophrenia,schizophrenia,stringent,Lingual R,52,0.4969906792386372,107,raw_scale_analysis
Schizophrenia,schizophrenia,stringent,Occipital Sup L,53,0.5293578223820614,107,raw_scale_analysis
Schizophrenia,schizophrenia,stringent,Occipital Mid L,55,0.5082995412834483,107,raw_scale_analysis
Schizophrenia,schizophrenia,stringent,Occipital Mid R,56,0.522575521164827,107,raw_scale_analysis
Schizophrenia,schizophrenia,stringent,Occipital Inf L,57,0.5194588465514979,107,raw_scale_analysis
Schizophrenia,schizophrenia,stringent,Occipital Inf R,58,0.5109826091209232,107,raw_scale_analysis
Schizophrenia,schizophrenia,stringent,Fusiform L,59,0.5091372894240543,107,raw_scale_analysis
Schizophrenia,schizophrenia,stringent,Fusiform R,60,0.4929457678932881,107,raw_scale_analysis
Schizophrenia,schizophrenia,stringent,Postcentral L,61,0.5008092738809741,107,raw_scale_analysis
Schizophrenia,schizophrenia,stringent,Postcentral R,62,0.49842420115918373,107,raw_scale_analysis
Schizophrenia,schizophrenia,stringent,Parietal Sup L,63,0.507096285085589,107,raw_scale_analysis
Schizophrenia,schizophrenia,stringent,Parietal Sup R,64,0.45233929630134934,107,raw_scale_analysis
Schizophrenia,schizophrenia,stringent,Parietal Inf L,65,0.5117576330684311,107,raw_scale_analysis
Schizophrenia,schizophrenia,stringent,Parietal Inf R,66,0.517562715613106,107,raw_scale_analysis
Schizophrenia,schizophrenia,stringent,SupraMarginal L,67,0.483983475541983,107,raw_scale_analysis
Schizophrenia,schizophrenia,stringent,SupraMarginal R,68,0.48377367972799223,107,raw_scale_analysis
Schizophrenia,schizophrenia,stringent,Angular L,69,0.5166333356214409,107,raw_scale_analysis
Schizophrenia,schizophrenia,stringent,Angular R,70,0.47908867844391106,107,raw_scale_analysis
Schizophrenia,schizophrenia,stringent,Precuneus L,71,0.5066891217465836,107,raw_scale_analysis
Schizophrenia,schizophrenia,stringent,Precuneus R,72,0.48865246216268127,107,raw_scale_analysis
Schizophrenia,schizophrenia,stringent,Paracentral Lobule L,73,0.49458623587772327,107,raw_scale_analysis
Schizophrenia,schizophrenia,stringent,Paracentral Lobule R,74,0.522465960719526,107,raw_scale_analysis
Schizophrenia,schizophrenia,stringent,Caudate L,75,0.5285356970008354,107,raw_scale_analysis
Schizophrenia,schizophrenia,stringent,Caudate R,76,0.5374686171399575,107,raw_scale_analysis
Schizophrenia,schizophrenia,stringent,Putamen L,77,0.5313393289078088,107,raw_scale_analysis
Schizophrenia,schizophrenia,stringent,Putamen R,78,0.5651636970657973,107,raw_scale_analysis
Schizophrenia,schizophrenia,stringent,Pallidum L,79,0.49682972861737995,107,raw_scale_analysis
Schizophrenia,schizophrenia,stringent,Pallidum R,80,0.4896533500471455,107,raw_scale_analysis
Schizophrenia,schizophrenia,stringent,Heschl L,83,0.5368692888543479,107,raw_scale_analysis
Schizophrenia,schizophrenia,stringent,Heschl R,84,0.5144785947997111,107,raw_scale_analysis
Schizophrenia,schizophrenia,stringent,Temporal Sup L,85,0.5156869176929679,107,raw_scale_analysis
Schizophrenia,schizophrenia,stringent,Temporal Sup R,86,0.5095075580198926,107,raw_scale_analysis
Schizophrenia,schizophrenia,stringent,Temporal Pole Sup L,87,0.4991458977894353,107,raw_scale_analysis
Schizophrenia,schizophrenia,stringent,Temporal Pole Sup R,88,0.49344446091089966,107,raw_scale_analysis
Schizophrenia,schizophrenia,stringent,Temporal Mid L,89,0.504159313415573,107,raw_scale_analysis
Schizophrenia,schizophrenia,stringent,Temporal Mid R,90,0.5045338999243445,107,raw_scale_analysis
Schizophrenia,schizophrenia,stringent,Temporal Pole Mid L,91,0.474285993442269,107,raw_scale_analysis
Schizophrenia,schizophrenia,stringent,Temporal Inf L,93,0.5059856475484124,107,raw_scale_analysis
Schizophrenia,schizophrenia,stringent,Temporal Inf R,94,0.510302785810514,107,raw_scale_analysis
Schizophrenia,schizophrenia,stringent,Cerebellum Crus1 L,95,0.4930260982000548,107,raw_scale_analysis
Schizophrenia,schizophrenia,stringent,Cerebellum Crus1 R,96,0.5201367939223016,107,raw_scale_analysis
Schizophrenia,schizophrenia,stringent,Cerebellum Crus2 L,97,0.4764610495374023,107,raw_scale_analysis
Schizophrenia,schizophrenia,stringent,Cerebellum Crus2 R,98,0.5106004419530635,107,raw_scale_analysis
Schizophrenia,schizophrenia,stringent,Cerebellum 4 5 L,101,0.5255003351767836,107,raw_scale_analysis
Schizophrenia,schizophrenia,stringent,Cerebellum 4 5 R,102,0.5274938507403557,107,raw_scale_analysis
Schizophrenia,schizophrenia,stringent,Cerebellum 6 L,103,0.5084196780972986,107,raw_scale_analysis
Schizophrenia,schizophrenia,stringent,Cerebellum 6 R,104,0.4993037727838114,107,raw_scale_analysis
Schizophrenia,schizophrenia,stringent,Cerebellum 7b L,105,0.4660616663428374,107,raw_scale_analysis
Schizophrenia,schizophrenia,stringent,Cerebellum 7b R,106,0.4706434624203736,107,raw_scale_analysis
Schizophrenia,schizophrenia,stringent,Cerebellum 8 L,107,0.490971074895126,107,raw_scale_analysis
Schizophrenia,schizophrenia,stringent,Cerebellum 8 R,108,0.4855858897188298,107,raw_scale_analysis
Schizophrenia,schizophrenia,stringent,Cerebellum 9 L,109,0.4727798347263097,107,raw_scale_analysis
Schizophrenia,schizophrenia,stringent,Cerebellum 9 R,110,0.48551437647581186,107,raw_scale_analysis
Schizophrenia,schizophrenia,stringent,Cerebellum 10 L,111,0.49959080984936205,107,raw_scale_analysis
Schizophrenia,schizophrenia,stringent,Vermis 8,118,0.5093846105417815,107,raw_scale_analysis
Schizophrenia,schizophrenia,stringent,Vermis 9,119,0.5046741348826398,107,raw_scale_analysis
Schizophrenia,schizophrenia,stringent,Thal AV L,121,0.5191746808696223,107,raw_scale_analysis
Schizophrenia,schizophrenia,stringent,Thal AV R,122,0.4919303360333076,107,raw_scale_analysis
Schizophrenia,schizophrenia,stringent,Thal VA L,125,0.4895559912060163,107,raw_scale_analysis
Schizophrenia,schizophrenia,stringent,Thal VL L,127,0.4849124783863755,107,raw_scale_analysis
Schizophrenia,schizophrenia,stringent,Thal VL R,128,0.47177581345443925,107,raw_scale_analysis
Schizophrenia,schizophrenia,stringent,Thal VPL L,129,0.4684816427767058,107,raw_scale_analysis
Schizophrenia,schizophrenia,stringent,Thal VPL R,130,0.47639869736377843,107,raw_scale_analysis
Schizophrenia,schizophrenia,stringent,Thal IL L,131,0.5225058685034607,107,raw_scale_analysis
Schizophrenia,schizophrenia,stringent,Thal MDm L,135,0.4571352844519642,107,raw_scale_analysis
Schizophrenia,schizophrenia,stringent,Thal MDm R,136,0.457948102781454,107,raw_scale_analysis
Schizophrenia,schizophrenia,stringent,Thal MDl L,137,0.4729588949806878,107,raw_scale_analysis
Schizophrenia,schizophrenia,stringent,Thal LGN L,139,0.48988799321848986,107,raw_scale_analysis
Schizophrenia,schizophrenia,stringent,Thal LGN R,140,0.4949645818818901,107,raw_scale_analysis
Schizophrenia,schizophrenia,stringent,Thal MGN L,141,0.5011720343823879,107,raw_scale_analysis
Schizophrenia,schizophrenia,stringent,Thal PuI L,143,0.5126089462491543,107,raw_scale_analysis
Schizophrenia,schizophrenia,stringent,Thal PuI R,144,0.4920670738822379,107,raw_scale_analysis
Schizophrenia,schizophrenia,stringent,Thal PuM L,145,0.4925564452368795,107,raw_scale_analysis
Schizophrenia,schizophrenia,stringent,Thal PuM R,146,0.47841140896992035,107,raw_scale_analysis
Schizophrenia,schizophrenia,stringent,Thal PuA L,147,0.5021500935737808,107,raw_scale_analysis
Schizophrenia,schizophrenia,stringent,Thal PuA R,148,0.4652310107691039,107,raw_scale_analysis
Schizophrenia,schizophrenia,stringent,ACC pre L,153,0.4903774269445474,107,raw_scale_analysis
Schizophrenia,schizophrenia,stringent,ACC pre R,154,0.5539656963553669,107,raw_scale_analysis
Schizophrenia,schizophrenia,stringent,ACC sup L,155,0.4551314893163122,107,raw_scale_analysis
Schizophrenia,schizophrenia,stringent,ACC sup R,156,0.528197532198834,107,raw_scale_analysis
Schizophrenia,schizophrenia,stringent,N Acc L,157,0.5007376155261427,107,raw_scale_analysis
Schizophrenia,schizophrenia,stringent,N Acc R,158,0.5694210523040837,107,raw_scale_analysis
Schizophrenia,schizophrenia,stringent,SN pc L,161,0.45676652192150047,107,raw_scale_analysis
Schizophrenia,schizophrenia,stringent,SN pr L,163,0.45758511667452095,107,raw_scale_analysis
Schizophrenia,schizophrenia,stringent,SN pr R,164,0.47884663902195856,107,raw_scale_analysis
Schizophrenia,schizophrenia,stringent,Red N L,165,0.45426358885394497,107,raw_scale_analysis
Schizophrenia,schizophrenia,stringent,Red N R,166,0.4696540853176652,107,raw_scale_analysis
Schizophrenia,schizophrenia,stringent,LC L,167,0.4578958255922424,107,raw_scale_analysis
Schizophrenia,schizophrenia,stringent,LC R,168,0.43529011241555715,107,raw_scale_analysis
Schizophrenia,schizophrenia,stringent,Raphe D,169,0.4486423633734432,107,raw_scale_analysis
Schizophrenia,schizophrenia,stringent,Raphe M,170,0.44912750519644823,107,raw_scale_analysis
Schizophrenia,schizophrenia,weighted,Precentral L,1,0.49685088891740875,381,raw_scale_analysis
Schizophrenia,schizophrenia,weighted,Precentral R,2,0.4948751061949231,381,raw_scale_analysis
Schizophrenia,schizophrenia,weighted,Frontal Sup 2 L,3,0.5018100772881637,381,raw_scale_analysis
Schizophrenia,schizophrenia,weighted,Frontal Sup 2 R,4,0.5082365134796021,381,raw_scale_analysis
Schizophrenia,schizophrenia,weighted,Frontal Mid 2 L,5,0.5143541649339919,381,raw_scale_analysis
Schizophrenia,schizophrenia,weighted,Frontal Mid 2 R,6,0.5148733453068004,381,raw_scale_analysis
Schizophrenia,schizophrenia,weighted,Frontal Inf Oper L,7,0.5016124795381253,381,raw_scale_analysis
Schizophrenia,schizophrenia,weighted,Frontal Inf Oper R,8,0.4852557334861261,381,raw_scale_analysis
Schizophrenia,schizophrenia,weighted,Frontal Inf Tri L,9,0.5285475263339148,381,raw_scale_analysis
Schizophrenia,schizophrenia,weighted,Frontal Inf Tri R,10,0.5338863393608518,381,raw_scale_analysis
Schizophrenia,schizophrenia,weighted,Frontal Inf Orb 2 L,11,0.525764656021076,381,raw_scale_analysis
Schizophrenia,schizophrenia,weighted,Frontal Inf Orb 2 R,12,0.48878753848950307,381,raw_scale_analysis
Schizophrenia,schizophrenia,weighted,Rolandic Oper L,13,0.5244193165837521,381,raw_scale_analysis
Schizophrenia,schizophrenia,weighted,Rolandic Oper R,14,0.5373361924694642,381,raw_scale_analysis
Schizophrenia,schizophrenia,weighted,Supp Motor Area L,15,0.4809896859067699,381,raw_scale_analysis
Schizophrenia,schizophrenia,weighted,Supp Motor Area R,16,0.4968790897521889,381,raw_scale_analysis
Schizophrenia,schizophrenia,weighted,Olfactory L,17,0.46368984829726667,381,raw_scale_analysis
Schizophrenia,schizophrenia,weighted,Olfactory R,18,0.4611608728290472,381,raw_scale_analysis
Schizophrenia,schizophrenia,weighted,Frontal Sup Medial L,19,0.5220937878608153,381,raw_scale_analysis
Schizophrenia,schizophrenia,weighted,Frontal Sup Medial R,20,0.5222740622715234,381,raw_scale_analysis
Schizophrenia,schizophrenia,weighted,Frontal Med Orb L,21,0.5234479449692513,381,raw_scale_analysis
Schizophrenia,schizophrenia,weighted,Frontal Med Orb R,22,0.5432094779373831,381,raw_scale_analysis
Schizophrenia,schizophrenia,weighted,Rectus L,23,0.5074723315867473,381,raw_scale_analysis
Schizophrenia,schizophrenia,weighted,Rectus R,24,0.5364271539868477,381,raw_scale_analysis
Schizophrenia,schizophrenia,weighted,OFCmed L,25,0.517374122640351,381,raw_scale_analysis
Schizophrenia,schizophrenia,weighted,OFCmed R,26,0.5299202874786536,381,raw_scale_analysis
Schizophrenia,schizophrenia,weighted,OFCant L,27,0.5257744319335036,381,raw_scale_analysis
Schizophrenia,schizophrenia,weighted,OFCant R,28,0.5361627480157236,381,raw_scale_analysis
Schizophrenia,schizophrenia,weighted,OFCpost L,29,0.50500750928709,381,raw_scale_analysis
Schizophrenia,schizophrenia,weighted,OFCpost R,30,0.5251833724672428,381,raw_scale_analysis
Schizophrenia,schizophrenia,weighted,OFClat L,31,0.48835925775520356,381,raw_scale_analysis
Schizophrenia,schizophrenia,weighted,OFClat R,32,0.5160803689541505,381,raw_scale_analysis
Schizophrenia,schizophrenia,weighted,Insula L,33,0.5250419292795829,381,raw_scale_analysis
Schizophrenia,schizophrenia,weighted,Insula R,34,0.5075595014406895,381,raw_scale_analysis
Schizophrenia,schizophrenia,weighted,Cingulate Mid L,37,0.5100257990298366,381,raw_scale_analysis
Schizophrenia,schizophrenia,weighted,Cingulate Mid R,38,0.49466504980177334,381,raw_scale_analysis
Schizophrenia,schizophrenia,weighted,Cingulate Post L,39,0.5225074725185482,381,raw_scale_analysis
Schizophrenia,schizophrenia,weighted,Hippocampus L,41,0.5297072988145343,381,raw_scale_analysis
Schizophrenia,schizophrenia,weighted,Hippocampus R,42,0.5185477741365091,381,raw_scale_analysis
Schizophrenia,schizophrenia,weighted,ParaHippocampal L,43,0.47591507262660077,381,raw_scale_analysis
Schizophrenia,schizophrenia,weighted,ParaHippocampal R,44,0.4990346042011334,381,raw_scale_analysis
Schizophrenia,schizophrenia,weighted,Amygdala L,45,0.5366537643284067,381,raw_scale_analysis
Schizophrenia,schizophrenia,weighted,Amygdala R,46,0.5183454205725536,381,raw_scale_analysis
Schizophrenia,schizophrenia,weighted,Calcarine L,47,0.5094755333554961,381,raw_scale_analysis
Schizophrenia,schizophrenia,weighted,Calcarine R,48,0.48953366354843086,381,raw_scale_analysis
Schizophrenia,schizophrenia,weighted,Cuneus L,49,0.5043563294290851,381,raw_scale_analysis
Schizophrenia,schizophrenia,weighted,Lingual L,51,0.5097907854105062,381,raw_scale_analysis
Schizophrenia,schizophrenia,weighted,Lingual R,52,0.5014005253525318,381,raw_scale_analysis
Schizophrenia,schizophrenia,weighted,Occipital Sup L,53,0.5259807521081901,381,raw_scale_analysis
Schizophrenia,schizophrenia,weighted,Occipital Mid L,55,0.5102066068778252,381,raw_scale_analysis
Schizophrenia,schizophrenia,weighted,Occipital Mid R,56,0.5198429080785273,381,raw_scale_analysis
Schizophrenia,schizophrenia,weighted,Occipital Inf L,57,0.5163927020536163,381,raw_scale_analysis
Schizophrenia,schizophrenia,weighted,Occipital Inf R,58,0.5161579220457294,381,raw_scale_analysis
Schizophrenia,schizophrenia,weighted,Fusiform L,59,0.5020260842274389,381,raw_scale_analysis
Schizophrenia,schizophrenia,weighted,Fusiform R,60,0.4926968623564747,381,raw_scale_analysis
Schizophrenia,schizophrenia,weighted,Postcentral L,61,0.5057862280656844,381,raw_scale_analysis
Schizophrenia,schizophrenia,weighted,Postcentral R,62,0.4973770440513087,381,raw_scale_analysis
Schizophrenia,schizophrenia,weighted,Parietal Sup L,63,0.5096081029912898,381,raw_scale_analysis
Schizophrenia,schizophrenia,weighted,Parietal Sup R,64,0.45864439428365555,381,raw_scale_analysis
Schizophrenia,schizophrenia,weighted,Parietal Inf L,65,0.5160817439170354,381,raw_scale_analysis
Schizophrenia,schizophrenia,weighted,Parietal Inf R,66,0.5124717144651368,381,raw_scale_analysis
Schizophrenia,schizophrenia,weighted,SupraMarginal L,67,0.4858349722806614,381,raw_scale_analysis
Schizophrenia,schizophrenia,weighted,SupraMarginal R,68,0.491694798684258,381,raw_scale_analysis
Schizophrenia,schizophrenia,weighted,Angular L,69,0.521250323538925,381,raw_scale_analysis
Schizophrenia,schizophrenia,weighted,Angular R,70,0.4808961490985866,381,raw_scale_analysis
Schizophrenia,schizophrenia,weighted,Precuneus L,71,0.5088678763061634,381,raw_scale_analysis
Schizophrenia,schizophrenia,weighted,Precuneus R,72,0.4889685979066908,381,raw_scale_analysis
Schizophrenia,schizophrenia,weighted,Paracentral Lobule L,73,0.489312535886307,381,raw_scale_analysis
Schizophrenia,schizophrenia,weighted,Paracentral Lobule R,74,0.5281210356673057,381,raw_scale_analysis
Schizophrenia,schizophrenia,weighted,Caudate L,75,0.5335588927164692,381,raw_scale_analysis
Schizophrenia,schizophrenia,weighted,Caudate R,76,0.5416316524161697,381,raw_scale_analysis
Schizophrenia,schizophrenia,weighted,Putamen L,77,0.5288130893934745,381,raw_scale_analysis
Schizophrenia,schizophrenia,weighted,Putamen R,78,0.5573941459099727,381,raw_scale_analysis
Schizophrenia,schizophrenia,weighted,Pallidum L,79,0.5083000533751211,381,raw_scale_analysis
Schizophrenia,schizophrenia,weighted,Pallidum R,80,0.511299841353237,381,raw_scale_analysis
Schizophrenia,schizophrenia,weighted,Heschl L,83,0.5228009266379972,381,raw_scale_analysis
Schizophrenia,schizophrenia,weighted,Heschl R,84,0.5132772066745104,381,raw_scale_analysis
Schizophrenia,schizophrenia,weighted,Temporal Sup L,85,0.5082397865907164,381,raw_scale_analysis
Schizophrenia,schizophrenia,weighted,Temporal Sup R,86,0.5016457880807169,381,raw_scale_analysis
Schizophrenia,schizophrenia,weighted,Temporal Pole Sup L,87,0.49858503836114254,381,raw_scale_analysis
Schizophrenia,schizophrenia,weighted,Temporal Pole Sup R,88,0.49852612642213434,381,raw_scale_analysis
Schizophrenia,schizophrenia,weighted,Temporal Mid L,89,0.5003098568836444,381,raw_scale_analysis
Schizophrenia,schizophrenia,weighted,Temporal Mid R,90,0.5077547779221079,381,raw_scale_analysis
Schizophrenia,schizophrenia,weighted,Temporal Pole Mid L,91,0.48488397519073717,381,raw_scale_analysis
Schizophrenia,schizophrenia,weighted,Temporal Inf L,93,0.5041861300840509,381,raw_scale_analysis
Schizophrenia,schizophrenia,weighted,Temporal Inf R,94,0.5059851661297361,381,raw_scale_analysis
Schizophrenia,schizophrenia,weighted,Cerebellum Crus1 L,95,0.49958824047409983,381,raw_scale_analysis
Schizophrenia,schizophrenia,weighted,Cerebellum Crus1 R,96,0.5330525738182081,381,raw_scale_analysis
Schizophrenia,schizophrenia,weighted,Cerebellum Crus2 L,97,0.4869131635237556,381,raw_scale_analysis
Schizophrenia,schizophrenia,weighted,Cerebellum Crus2 R,98,0.5236540336074632,381,raw_scale_analysis
Schizophrenia,schizophrenia,weighted,Cerebellum 4 5 L,101,0.5271052943894912,381,raw_scale_analysis
Schizophrenia,schizophrenia,weighted,Cerebellum 4 5 R,102,0.5315405356216802,381,raw_scale_analysis
Schizophrenia,schizophrenia,weighted,Cerebellum 6 L,103,0.5150426218636307,381,raw_scale_analysis
Schizophrenia,schizophrenia,weighted,Cerebellum 6 R,104,0.5075556650553618,381,raw_scale_analysis
Schizophrenia,schizophrenia,weighted,Cerebellum 7b L,105,0.47944681016097945,381,raw_scale_analysis
Schizophrenia,schizophrenia,weighted,Cerebellum 7b R,106,0.48607222741551837,381,raw_scale_analysis
Schizophrenia,schizophrenia,weighted,Cerebellum 8 L,107,0.49330907209026237,381,raw_scale_analysis
Schizophrenia,schizophrenia,weighted,Cerebellum 8 R,108,0.49420548542458836,381,raw_scale_analysis
Schizophrenia,schizophrenia,weighted,Cerebellum 9 L,109,0.47647917262228423,381,raw_scale_analysis
Schizophrenia,schizophrenia,weighted,Cerebellum 9 R,110,0.47925389833697224,381,raw_scale_analysis
Schizophrenia,schizophrenia,weighted,Cerebellum 10 L,111,0.49944752072557297,381,raw_scale_analysis
Schizophrenia,schizophrenia,weighted,Vermis 8,118,0.49275696270853386,381,raw_scale_analysis
Schizophrenia,schizophrenia,weighted,Vermis 9,119,0.48101612487141043,381,raw_scale_analysis
Schizophrenia,schizophrenia,weighted,Thal AV L,121,0.5217179314510638,381,raw_scale_analysis
Schizophrenia,schizophrenia,weighted,Thal AV R,122,0.49249646130645314,381,raw_scale_analysis
Schizophrenia,schizophrenia,weighted,Thal VA L,125,0.5018783560420926,381,raw_scale_analysis
Schizophrenia,schizophrenia,weighted,Thal VL L,127,0.49608482225879597,381,raw_scale_analysis
Schizophrenia,schizophrenia,weighted,Thal VL R,128,0.479882333494141,381,raw_scale_analysis
Schizophrenia,schizophrenia,weighted,Thal VPL L,129,0.4844710412164271,381,raw_scale_analysis
Schizophrenia,schizophrenia,weighted,Thal VPL R,130,0.4928222165138678,381,raw_scale_analysis
Schizophrenia,schizophrenia,weighted,Thal IL L,131,0.5248608228067982,381,raw_scale_analysis
Schizophrenia,schizophrenia,weighted,Thal MDm L,135,0.44794495510372595,381,raw_scale_analysis
Schizophrenia,schizophrenia,weighted,Thal MDm R,136,0.46826560786988125,381,raw_scale_analysis
Schizophrenia,schizophrenia,weighted,Thal MDl L,137,0.46804576962583955,381,raw_scale_analysis
Schizophrenia,schizophrenia,weighted,Thal LGN L,139,0.4904222112327082,381,raw_scale_analysis
Schizophrenia,schizophrenia,weighted,Thal LGN R,140,0.5045739588156192,381,raw_scale_analysis
Schizophrenia,schizophrenia,weighted,Thal MGN L,141,0.5011491040662891,381,raw_scale_analysis
Schizophrenia,schizophrenia,weighted,Thal PuI L,143,0.5225139753341731,381,raw_scale_analysis
Schizophrenia,schizophrenia,weighted,Thal PuI R,144,0.5126814004478201,381,raw_scale_analysis
Schizophrenia,schizophrenia,weighted,Thal PuM L,145,0.5011345801507142,381,raw_scale_analysis
Schizophrenia,schizophrenia,weighted,Thal PuM R,146,0.4797042038399577,381,raw_scale_analysis
Schizophrenia,schizophrenia,weighted,Thal PuA L,147,0.5136045810530564,381,raw_scale_analysis
Schizophrenia,schizophrenia,weighted,Thal PuA R,148,0.4852422210069711,381,raw_scale_analysis
Schizophrenia,schizophrenia,weighted,ACC pre L,153,0.49115024659295226,381,raw_scale_analysis
Schizophrenia,schizophrenia,weighted,ACC pre R,154,0.5439809482421512,381,raw_scale_analysis
Schizophrenia,schizophrenia,weighted,ACC sup L,155,0.45945002149980924,381,raw_scale_analysis
Schizophrenia,schizophrenia,weighted,ACC sup R,156,0.5306965953648939,381,raw_scale_analysis
Schizophrenia,schizophrenia,weighted,N Acc L,157,0.5017186126882844,381,raw_scale_analysis
Schizophrenia,schizophrenia,weighted,N Acc R,158,0.5621297281747759,381,raw_scale_analysis
Schizophrenia,schizophrenia,weighted,SN pc L,161,0.46200694725737224,381,raw_scale_analysis
Schizophrenia,schizophrenia,weighted,SN pr L,163,0.48008456722794557,381,raw_scale_analysis
Schizophrenia,schizophrenia,weighted,SN pr R,164,0.48288906423061034,381,raw_scale_analysis
Schizophrenia,schizophrenia,weighted,Red N L,165,0.4694091627315906,381,raw_scale_analysis
Schizophrenia,schizophrenia,weighted,Red N R,166,0.4877958734179632,381,raw_scale_analysis
Schizophrenia,schizophrenia,weighted,LC L,167,0.4661236224833213,381,raw_scale_analysis
Schizophrenia,schizophrenia,weighted,LC R,168,0.4383031350510294,381,raw_scale_analysis
Schizophrenia,schizophrenia,weighted,Raphe D,169,0.4523935225976337,381,raw_scale_analysis
Schizophrenia,schizophrenia,weighted,Raphe M,170,0.4591911158969356,381,raw_scale_analysis
Bipolar disorder,bipolar,broad,Precentral L,1,0.514102736874199,80,raw_scale_analysis
Bipolar disorder,bipolar,broad,Precentral R,2,0.5029609161155474,80,raw_scale_analysis
Bipolar disorder,bipolar,broad,Frontal Sup 2 L,3,0.4997393914420071,80,raw_scale_analysis
Bipolar disorder,bipolar,broad,Frontal Sup 2 R,4,0.5010234835281246,80,raw_scale_analysis
Bipolar disorder,bipolar,broad,Frontal Mid 2 L,5,0.5188548638599817,80,raw_scale_analysis
Bipolar disorder,bipolar,broad,Frontal Mid 2 R,6,0.5172745666172746,80,raw_scale_analysis
Bipolar disorder,bipolar,broad,Frontal Inf Oper L,7,0.5059526613778058,80,raw_scale_analysis
Bipolar disorder,bipolar,broad,Frontal Inf Oper R,8,0.5016728792625879,80,raw_scale_analysis
Bipolar disorder,bipolar,broad,Frontal Inf Tri L,9,0.530475725743725,80,raw_scale_analysis
Bipolar disorder,bipolar,broad,Frontal Inf Tri R,10,0.5336897154298758,80,raw_scale_analysis
Bipolar disorder,bipolar,broad,Frontal Inf Orb 2 L,11,0.520485091319028,80,raw_scale_analysis
Bipolar disorder,bipolar,broad,Frontal Inf Orb 2 R,12,0.510435295584938,80,raw_scale_analysis
Bipolar disorder,bipolar,broad,Rolandic Oper L,13,0.49831168347283417,80,raw_scale_analysis
Bipolar disorder,bipolar,broad,Rolandic Oper R,14,0.5300086324846367,80,raw_scale_analysis
Bipolar disorder,bipolar,broad,Supp Motor Area L,15,0.4856041776248839,80,raw_scale_analysis
Bipolar disorder,bipolar,broad,Supp Motor Area R,16,0.49597142675575273,80,raw_scale_analysis
Bipolar disorder,bipolar,broad,Olfactory L,17,0.4849256002451618,80,raw_scale_analysis
Bipolar disorder,bipolar,broad,Olfactory R,18,0.49714016443354464,80,raw_scale_analysis
Bipolar disorder,bipolar,broad,Frontal Sup Medial L,19,0.5252327387518332,80,raw_scale_analysis
Bipolar disorder,bipolar,broad,Frontal Sup Medial R,20,0.5197486806691394,80,raw_scale_analysis
Bipolar disorder,bipolar,broad,Frontal Med Orb L,21,0.5177081030201486,80,raw_scale_analysis
Bipolar disorder,bipolar,broad,Frontal Med Orb R,22,0.5212130565177637,80,raw_scale_analysis
Bipolar disorder,bipolar,broad,Rectus L,23,0.5053441118512705,80,raw_scale_analysis
Bipolar disorder,bipolar,broad,Rectus R,24,0.5297105085113865,80,raw_scale_analysis
Bipolar disorder,bipolar,broad,OFCmed L,25,0.5201554439575361,80,raw_scale_analysis
Bipolar disorder,bipolar,broad,OFCmed R,26,0.5248617552316643,80,raw_scale_analysis
Bipolar disorder,bipolar,broad,OFCant L,27,0.5250646668682435,80,raw_scale_analysis
Bipolar disorder,bipolar,broad,OFCant R,28,0.5150230983656036,80,raw_scale_analysis
Bipolar disorder,bipolar,broad,OFCpost L,29,0.47998510338126704,80,raw_scale_analysis
Bipolar disorder,bipolar,broad,OFCpost R,30,0.5214715742408268,80,raw_scale_analysis
Bipolar disorder,bipolar,broad,OFClat L,31,0.49423316814879187,80,raw_scale_analysis
Bipolar disorder,bipolar,broad,OFClat R,32,0.5311004154292868,80,raw_scale_analysis
Bipolar disorder,bipolar,broad,Insula L,33,0.5137553746515897,80,raw_scale_analysis
Bipolar disorder,bipolar,broad,Insula R,34,0.5082999973350654,80,raw_scale_analysis
Bipolar disorder,bipolar,broad,Cingulate Mid L,37,0.5145656573329249,80,raw_scale_analysis
Bipolar disorder,bipolar,broad,Cingulate Mid R,38,0.5059977655708361,80,raw_scale_analysis
Bipolar disorder,bipolar,broad,Cingulate Post L,39,0.5195808969337866,80,raw_scale_analysis
Bipolar disorder,bipolar,broad,Hippocampus L,41,0.48769374760000134,80,raw_scale_analysis
Bipolar disorder,bipolar,broad,Hippocampus R,42,0.49330870867767124,80,raw_scale_analysis
Bipolar disorder,bipolar,broad,ParaHippocampal L,43,0.49050405714983986,80,raw_scale_analysis
Bipolar disorder,bipolar,broad,ParaHippocampal R,44,0.5203818481367053,80,raw_scale_analysis
Bipolar disorder,bipolar,broad,Amygdala L,45,0.5181209557596095,80,raw_scale_analysis
Bipolar disorder,bipolar,broad,Amygdala R,46,0.4671705149207753,80,raw_scale_analysis
Bipolar disorder,bipolar,broad,Calcarine L,47,0.5013882911136671,80,raw_scale_analysis
Bipolar disorder,bipolar,broad,Calcarine R,48,0.4673780305608636,80,raw_scale_analysis
Bipolar disorder,bipolar,broad,Cuneus L,49,0.47031002889417745,80,raw_scale_analysis
Bipolar disorder,bipolar,broad,Lingual L,51,0.501326152417794,80,raw_scale_analysis
Bipolar disorder,bipolar,broad,Lingual R,52,0.5125530108021662,80,raw_scale_analysis
Bipolar disorder,bipolar,broad,Occipital Sup L,53,0.5132234569802592,80,raw_scale_analysis
Bipolar disorder,bipolar,broad,Occipital Mid L,55,0.508381570258302,80,raw_scale_analysis
Bipolar disorder,bipolar,broad,Occipital Mid R,56,0.5099699184422979,80,raw_scale_analysis
Bipolar disorder,bipolar,broad,Occipital Inf L,57,0.514588354031614,80,raw_scale_analysis
Bipolar disorder,bipolar,broad,Occipital Inf R,58,0.5179683711721857,80,raw_scale_analysis
Bipolar disorder,bipolar,broad,Fusiform L,59,0.49682182861022417,80,raw_scale_analysis
Bipolar disorder,bipolar,broad,Fusiform R,60,0.5142552288687035,80,raw_scale_analysis
Bipolar disorder,bipolar,broad,Postcentral L,61,0.5160095266629645,80,raw_scale_analysis
Bipolar disorder,bipolar,broad,Postcentral R,62,0.5124820291398975,80,raw_scale_analysis
Bipolar disorder,bipolar,broad,Parietal Sup L,63,0.5045649440179815,80,raw_scale_analysis
Bipolar disorder,bipolar,broad,Parietal Sup R,64,0.46859166100129385,80,raw_scale_analysis
Bipolar disorder,bipolar,broad,Parietal Inf L,65,0.5248824044370338,80,raw_scale_analysis
Bipolar disorder,bipolar,broad,Parietal Inf R,66,0.5022452907706361,80,raw_scale_analysis
Bipolar disorder,bipolar,broad,SupraMarginal L,67,0.4716045791762653,80,raw_scale_analysis
Bipolar disorder,bipolar,broad,SupraMarginal R,68,0.5105726126564422,80,raw_scale_analysis
Bipolar disorder,bipolar,broad,Angular L,69,0.5184304907131728,80,raw_scale_analysis
Bipolar disorder,bipolar,broad,Angular R,70,0.49665211315766483,80,raw_scale_analysis
Bipolar disorder,bipolar,broad,Precuneus L,71,0.5144320994589618,80,raw_scale_analysis
Bipolar disorder,bipolar,broad,Precuneus R,72,0.4944951945728461,80,raw_scale_analysis
Bipolar disorder,bipolar,broad,Paracentral Lobule L,73,0.5033996024588023,80,raw_scale_analysis
Bipolar disorder,bipolar,broad,Paracentral Lobule R,74,0.5506850702256256,80,raw_scale_analysis
Bipolar disorder,bipolar,broad,Caudate L,75,0.5172320102926402,80,raw_scale_analysis
Bipolar disorder,bipolar,broad,Caudate R,76,0.5138613611397993,80,raw_scale_analysis
Bipolar disorder,bipolar,broad,Putamen L,77,0.5025875059079146,80,raw_scale_analysis
Bipolar disorder,bipolar,broad,Putamen R,78,0.5178150493688152,80,raw_scale_analysis
Bipolar disorder,bipolar,broad,Pallidum L,79,0.5086324067127503,80,raw_scale_analysis
Bipolar disorder,bipolar,broad,Pallidum R,80,0.5263171960433781,80,raw_scale_analysis
Bipolar disorder,bipolar,broad,Heschl L,83,0.5148039631517463,80,raw_scale_analysis
Bipolar disorder,bipolar,broad,Heschl R,84,0.5307224673264261,80,raw_scale_analysis
Bipolar disorder,bipolar,broad,Temporal Sup L,85,0.503378936685028,80,raw_scale_analysis
Bipolar disorder,bipolar,broad,Temporal Sup R,86,0.4980497551901644,80,raw_scale_analysis
Bipolar disorder,bipolar,broad,Temporal Pole Sup L,87,0.49373890360494926,80,raw_scale_analysis
Bipolar disorder,bipolar,broad,Temporal Pole Sup R,88,0.5001700356569342,80,raw_scale_analysis
Bipolar disorder,bipolar,broad,Temporal Mid L,89,0.5014293565021796,80,raw_scale_analysis
Bipolar disorder,bipolar,broad,Temporal Mid R,90,0.5138906150675117,80,raw_scale_analysis
Bipolar disorder,bipolar,broad,Temporal Pole Mid L,91,0.5082386389184003,80,raw_scale_analysis
Bipolar disorder,bipolar,broad,Temporal Inf L,93,0.5031718667451857,80,raw_scale_analysis
Bipolar disorder,bipolar,broad,Temporal Inf R,94,0.49716933046810013,80,raw_scale_analysis
Bipolar disorder,bipolar,broad,Cerebellum Crus1 L,95,0.48893363627619124,80,raw_scale_analysis
Bipolar disorder,bipolar,broad,Cerebellum Crus1 R,96,0.5332510231469871,80,raw_scale_analysis
Bipolar disorder,bipolar,broad,Cerebellum Crus2 L,97,0.5070709153624734,80,raw_scale_analysis
Bipolar disorder,bipolar,broad,Cerebellum Crus2 R,98,0.551274002683716,80,raw_scale_analysis
Bipolar disorder,bipolar,broad,Cerebellum 4 5 L,101,0.5145868522582229,80,raw_scale_analysis
Bipolar disorder,bipolar,broad,Cerebellum 4 5 R,102,0.5081829406857442,80,raw_scale_analysis
Bipolar disorder,bipolar,broad,Cerebellum 6 L,103,0.4928425939947784,80,raw_scale_analysis
Bipolar disorder,bipolar,broad,Cerebellum 6 R,104,0.5020120010066513,80,raw_scale_analysis
Bipolar disorder,bipolar,broad,Cerebellum 7b L,105,0.5298522010081841,80,raw_scale_analysis
Bipolar disorder,bipolar,broad,Cerebellum 7b R,106,0.5030563630192222,80,raw_scale_analysis
Bipolar disorder,bipolar,broad,Cerebellum 8 L,107,0.5076581556847084,80,raw_scale_analysis
Bipolar disorder,bipolar,broad,Cerebellum 8 R,108,0.49377123313912213,80,raw_scale_analysis
Bipolar disorder,bipolar,broad,Cerebellum 9 L,109,0.5058039559412292,80,raw_scale_analysis
Bipolar disorder,bipolar,broad,Cerebellum 9 R,110,0.4970729769660006,80,raw_scale_analysis
Bipolar disorder,bipolar,broad,Cerebellum 10 L,111,0.4789178112897283,80,raw_scale_analysis
Bipolar disorder,bipolar,broad,Vermis 8,118,0.5033334602220487,80,raw_scale_analysis
Bipolar disorder,bipolar,broad,Vermis 9,119,0.47345028090146624,80,raw_scale_analysis
Bipolar disorder,bipolar,broad,Thal AV L,121,0.5451901701278268,80,raw_scale_analysis
Bipolar disorder,bipolar,broad,Thal AV R,122,0.5327633475527227,80,raw_scale_analysis
Bipolar disorder,bipolar,broad,Thal VA L,125,0.5393833238292847,80,raw_scale_analysis
Bipolar disorder,bipolar,broad,Thal VL L,127,0.5376520881600141,80,raw_scale_analysis
Bipolar disorder,bipolar,broad,Thal VL R,128,0.5198597681394752,80,raw_scale_analysis
Bipolar disorder,bipolar,broad,Thal VPL L,129,0.5383790965981581,80,raw_scale_analysis
Bipolar disorder,bipolar,broad,Thal VPL R,130,0.5693548797873671,80,raw_scale_analysis
Bipolar disorder,bipolar,broad,Thal IL L,131,0.5430652656990096,80,raw_scale_analysis
Bipolar disorder,bipolar,broad,Thal MDm L,135,0.4765056621816909,80,raw_scale_analysis
Bipolar disorder,bipolar,broad,Thal MDm R,136,0.5124449609720445,80,raw_scale_analysis
Bipolar disorder,bipolar,broad,Thal MDl L,137,0.5199847171431379,80,raw_scale_analysis
Bipolar disorder,bipolar,broad,Thal LGN L,139,0.5257254763963418,80,raw_scale_analysis
Bipolar disorder,bipolar,broad,Thal LGN R,140,0.5275668118867677,80,raw_scale_analysis
Bipolar disorder,bipolar,broad,Thal MGN L,141,0.5078500814871229,80,raw_scale_analysis
Bipolar disorder,bipolar,broad,Thal PuI L,143,0.5826567182986653,80,raw_scale_analysis
Bipolar disorder,bipolar,broad,Thal PuI R,144,0.5803301710265398,80,raw_scale_analysis
Bipolar disorder,bipolar,broad,Thal PuM L,145,0.5435332353014631,80,raw_scale_analysis
Bipolar disorder,bipolar,broad,Thal PuM R,146,0.5323593479154466,80,raw_scale_analysis
Bipolar disorder,bipolar,broad,Thal PuA L,147,0.5827940125541922,80,raw_scale_analysis
Bipolar disorder,bipolar,broad,Thal PuA R,148,0.5513640408529698,80,raw_scale_analysis
Bipolar disorder,bipolar,broad,ACC pre L,153,0.48687000861970525,80,raw_scale_analysis
Bipolar disorder,bipolar,broad,ACC pre R,154,0.5286297879058848,80,raw_scale_analysis
Bipolar disorder,bipolar,broad,ACC sup L,155,0.5021656018396116,80,raw_scale_analysis
Bipolar disorder,bipolar,broad,ACC sup R,156,0.5362021034346325,80,raw_scale_analysis
Bipolar disorder,bipolar,broad,N Acc L,157,0.49729937466204344,80,raw_scale_analysis
Bipolar disorder,bipolar,broad,N Acc R,158,0.49325663612567083,80,raw_scale_analysis
Bipolar disorder,bipolar,broad,SN pc L,161,0.46112032380186896,80,raw_scale_analysis
Bipolar disorder,bipolar,broad,SN pr L,163,0.5317136537009973,80,raw_scale_analysis
Bipolar disorder,bipolar,broad,SN pr R,164,0.5148863381851175,80,raw_scale_analysis
Bipolar disorder,bipolar,broad,Red N L,165,0.4929870745004344,80,raw_scale_analysis
Bipolar disorder,bipolar,broad,Red N R,166,0.5279174082109754,80,raw_scale_analysis
Bipolar disorder,bipolar,broad,LC L,167,0.46522376694000817,80,raw_scale_analysis
Bipolar disorder,bipolar,broad,LC R,168,0.4411185949769889,80,raw_scale_analysis
Bipolar disorder,bipolar,broad,Raphe D,169,0.4590412066768489,80,raw_scale_analysis
Bipolar disorder,bipolar,broad,Raphe M,170,0.45576995576312446,80,raw_scale_analysis
Bipolar disorder,bipolar,stringent,Precentral L,1,0.4684480902659298,20,raw_scale_analysis
Bipolar disorder,bipolar,stringent,Precentral R,2,0.47941405931573994,20,raw_scale_analysis
Bipolar disorder,bipolar,stringent,Frontal Sup 2 L,3,0.5004071536661743,20,raw_scale_analysis
Bipolar disorder,bipolar,stringent,Frontal Sup 2 R,4,0.5023672955532683,20,raw_scale_analysis
Bipolar disorder,bipolar,stringent,Frontal Mid 2 L,5,0.5118614576045291,20,raw_scale_analysis
Bipolar disorder,bipolar,stringent,Frontal Mid 2 R,6,0.50279965348181,20,raw_scale_analysis
Bipolar disorder,bipolar,stringent,Frontal Inf Oper L,7,0.4860906684307311,20,raw_scale_analysis
Bipolar disorder,bipolar,stringent,Frontal Inf Oper R,8,0.4866427399848729,20,raw_scale_analysis
Bipolar disorder,bipolar,stringent,Frontal Inf Tri L,9,0.5265509083363098,20,raw_scale_analysis
Bipolar disorder,bipolar,stringent,Frontal Inf Tri R,10,0.49220671831396634,20,raw_scale_analysis
Bipolar disorder,bipolar,stringent,Frontal Inf Orb 2 L,11,0.5286255286724608,20,raw_scale_analysis
Bipolar disorder,bipolar,stringent,Frontal Inf Orb 2 R,12,0.5031654883640191,20,raw_scale_analysis
Bipolar disorder,bipolar,stringent,Rolandic Oper L,13,0.5049087988764559,20,raw_scale_analysis
Bipolar disorder,bipolar,stringent,Rolandic Oper R,14,0.5372309887622303,20,raw_scale_analysis
Bipolar disorder,bipolar,stringent,Supp Motor Area L,15,0.43448099041211885,20,raw_scale_analysis
Bipolar disorder,bipolar,stringent,Supp Motor Area R,16,0.4668542520857243,20,raw_scale_analysis
Bipolar disorder,bipolar,stringent,Olfactory L,17,0.45401120595124633,20,raw_scale_analysis
Bipolar disorder,bipolar,stringent,Olfactory R,18,0.4773000755317126,20,raw_scale_analysis
Bipolar disorder,bipolar,stringent,Frontal Sup Medial L,19,0.5149320357962133,20,raw_scale_analysis
Bipolar disorder,bipolar,stringent,Frontal Sup Medial R,20,0.5302784320432379,20,raw_scale_analysis
Bipolar disorder,bipolar,stringent,Frontal Med Orb L,21,0.5448339440421998,20,raw_scale_analysis
Bipolar disorder,bipolar,stringent,Frontal Med Orb R,22,0.5361386907124127,20,raw_scale_analysis
Bipolar disorder,bipolar,stringent,Rectus L,23,0.5189780284968238,20,raw_scale_analysis
Bipolar disorder,bipolar,stringent,Rectus R,24,0.5386076349014821,20,raw_scale_analysis
Bipolar disorder,bipolar,stringent,OFCmed L,25,0.5434904854005691,20,raw_scale_analysis
Bipolar disorder,bipolar,stringent,OFCmed R,26,0.5395589201345569,20,raw_scale_analysis
Bipolar disorder,bipolar,stringent,OFCant L,27,0.5501766483746927,20,raw_scale_analysis
Bipolar disorder,bipolar,stringent,OFCant R,28,0.553727669113355,20,raw_scale_analysis
Bipolar disorder,bipolar,stringent,OFCpost L,29,0.4953926504157888,20,raw_scale_analysis
Bipolar disorder,bipolar,stringent,OFCpost R,30,0.5353009757495599,20,raw_scale_analysis
Bipolar disorder,bipolar,stringent,OFClat L,31,0.4979285511744579,20,raw_scale_analysis
Bipolar disorder,bipolar,stringent,OFClat R,32,0.5338091184782912,20,raw_scale_analysis
Bipolar disorder,bipolar,stringent,Insula L,33,0.526028884451194,20,raw_scale_analysis
Bipolar disorder,bipolar,stringent,Insula R,34,0.5271746000874432,20,raw_scale_analysis
Bipolar disorder,bipolar,stringent,Cingulate Mid L,37,0.5116209971583505,20,raw_scale_analysis
Bipolar disorder,bipolar,stringent,Cingulate Mid R,38,0.49054026010128293,20,raw_scale_analysis
Bipolar disorder,bipolar,stringent,Cingulate Post L,39,0.534194565928649,20,raw_scale_analysis
Bipolar disorder,bipolar,stringent,Hippocampus L,41,0.5083574867627296,20,raw_scale_analysis
Bipolar disorder,bipolar,stringent,Hippocampus R,42,0.4892692958977298,20,raw_scale_analysis
Bipolar disorder,bipolar,stringent,ParaHippocampal L,43,0.46948699177934206,20,raw_scale_analysis
Bipolar disorder,bipolar,stringent,ParaHippocampal R,44,0.5276873225773951,20,raw_scale_analysis
Bipolar disorder,bipolar,stringent,Amygdala L,45,0.5582115700900039,20,raw_scale_analysis
Bipolar disorder,bipolar,stringent,Amygdala R,46,0.5280283153749021,20,raw_scale_analysis
Bipolar disorder,bipolar,stringent,Calcarine L,47,0.5320620287700868,20,raw_scale_analysis
Bipolar disorder,bipolar,stringent,Calcarine R,48,0.5239590549461103,20,raw_scale_analysis
Bipolar disorder,bipolar,stringent,Cuneus L,49,0.499933388227765,20,raw_scale_analysis
Bipolar disorder,bipolar,stringent,Lingual L,51,0.529329456508864,20,raw_scale_analysis
Bipolar disorder,bipolar,stringent,Lingual R,52,0.544951969913795,20,raw_scale_analysis
Bipolar disorder,bipolar,stringent,Occipital Sup L,53,0.5214767320914984,20,raw_scale_analysis
Bipolar disorder,bipolar,stringent,Occipital Mid L,55,0.5192342920592312,20,raw_scale_analysis
Bipolar disorder,bipolar,stringent,Occipital Mid R,56,0.5060051969790623,20,raw_scale_analysis
Bipolar disorder,bipolar,stringent,Occipital Inf L,57,0.5285406832373025,20,raw_scale_analysis
Bipolar disorder,bipolar,stringent,Occipital Inf R,58,0.5437929540770782,20,raw_scale_analysis
Bipolar disorder,bipolar,stringent,Fusiform L,59,0.5016932409534987,20,raw_scale_analysis
Bipolar disorder,bipolar,stringent,Fusiform R,60,0.5127010455705222,20,raw_scale_analysis
Bipolar disorder,bipolar,stringent,Postcentral L,61,0.4899502147634279,20,raw_scale_analysis
Bipolar disorder,bipolar,stringent,Postcentral R,62,0.49621661192084865,20,raw_scale_analysis
Bipolar disorder,bipolar,stringent,Parietal Sup L,63,0.508017721513746,20,raw_scale_analysis
Bipolar disorder,bipolar,stringent,Parietal Sup R,64,0.4742362342894165,20,raw_scale_analysis
Bipolar disorder,bipolar,stringent,Parietal Inf L,65,0.5126931265795179,20,raw_scale_analysis
Bipolar disorder,bipolar,stringent,Parietal Inf R,66,0.5352295847716196,20,raw_scale_analysis
Bipolar disorder,bipolar,stringent,SupraMarginal L,67,0.4578639170179244,20,raw_scale_analysis
Bipolar disorder,bipolar,stringent,SupraMarginal R,68,0.4799820808512865,20,raw_scale_analysis
Bipolar disorder,bipolar,stringent,Angular L,69,0.5336099170766144,20,raw_scale_analysis
Bipolar disorder,bipolar,stringent,Angular R,70,0.4563104495271861,20,raw_scale_analysis
Bipolar disorder,bipolar,stringent,Precuneus L,71,0.5157066093984107,20,raw_scale_analysis
Bipolar disorder,bipolar,stringent,Precuneus R,72,0.5012319092620193,20,raw_scale_analysis
Bipolar disorder,bipolar,stringent,Paracentral Lobule L,73,0.4479364686399592,20,raw_scale_analysis
Bipolar disorder,bipolar,stringent,Paracentral Lobule R,74,0.5442941876954828,20,raw_scale_analysis
Bipolar disorder,bipolar,stringent,Caudate L,75,0.5803123370438048,20,raw_scale_analysis
Bipolar disorder,bipolar,stringent,Caudate R,76,0.5956345663236011,20,raw_scale_analysis
Bipolar disorder,bipolar,stringent,Putamen L,77,0.543612746189743,20,raw_scale_analysis
Bipolar disorder,bipolar,stringent,Putamen R,78,0.5912041237757276,20,raw_scale_analysis
Bipolar disorder,bipolar,stringent,Pallidum L,79,0.508731500647122,20,raw_scale_analysis
Bipolar disorder,bipolar,stringent,Pallidum R,80,0.4763352086927822,20,raw_scale_analysis
Bipolar disorder,bipolar,stringent,Heschl L,83,0.5190967640468322,20,raw_scale_analysis
Bipolar disorder,bipolar,stringent,Heschl R,84,0.525795428391415,20,raw_scale_analysis
Bipolar disorder,bipolar,stringent,Temporal Sup L,85,0.5269088160026827,20,raw_scale_analysis
Bipolar disorder,bipolar,stringent,Temporal Sup R,86,0.5205645896427182,20,raw_scale_analysis
Bipolar disorder,bipolar,stringent,Temporal Pole Sup L,87,0.5200418733214063,20,raw_scale_analysis
Bipolar disorder,bipolar,stringent,Temporal Pole Sup R,88,0.5202575868580922,20,raw_scale_analysis
Bipolar disorder,bipolar,stringent,Temporal Mid L,89,0.5189604844327266,20,raw_scale_analysis
Bipolar disorder,bipolar,stringent,Temporal Mid R,90,0.5136316542446548,20,raw_scale_analysis
Bipolar disorder,bipolar,stringent,Temporal Pole Mid L,91,0.5014001482140787,20,raw_scale_analysis
Bipolar disorder,bipolar,stringent,Temporal Inf L,93,0.5249945264354554,20,raw_scale_analysis
Bipolar disorder,bipolar,stringent,Temporal Inf R,94,0.5112062807270912,20,raw_scale_analysis
Bipolar disorder,bipolar,stringent,Cerebellum Crus1 L,95,0.5198524674048911,20,raw_scale_analysis
Bipolar disorder,bipolar,stringent,Cerebellum Crus1 R,96,0.5689819525817625,20,raw_scale_analysis
Bipolar disorder,bipolar,stringent,Cerebellum Crus2 L,97,0.5289683348545173,20,raw_scale_analysis
Bipolar disorder,bipolar,stringent,Cerebellum Crus2 R,98,0.5898810861920557,20,raw_scale_analysis
Bipolar disorder,bipolar,stringent,Cerebellum 4 5 L,101,0.5348799866233558,20,raw_scale_analysis
Bipolar disorder,bipolar,stringent,Cerebellum 4 5 R,102,0.5804737557402861,20,raw_scale_analysis
Bipolar disorder,bipolar,stringent,Cerebellum 6 L,103,0.524825302388515,20,raw_scale_analysis
Bipolar disorder,bipolar,stringent,Cerebellum 6 R,104,0.5548660765399593,20,raw_scale_analysis
Bipolar disorder,bipolar,stringent,Cerebellum 7b L,105,0.5303363079695529,20,raw_scale_analysis
Bipolar disorder,bipolar,stringent,Cerebellum 7b R,106,0.591550565646655,20,raw_scale_analysis
Bipolar disorder,bipolar,stringent,Cerebellum 8 L,107,0.5077561521265296,20,raw_scale_analysis
Bipolar disorder,bipolar,stringent,Cerebellum 8 R,108,0.5100544337202886,20,raw_scale_analysis
Bipolar disorder,bipolar,stringent,Cerebellum 9 L,109,0.5096445990705499,20,raw_scale_analysis
Bipolar disorder,bipolar,stringent,Cerebellum 9 R,110,0.4766804875484816,20,raw_scale_analysis
Bipolar disorder,bipolar,stringent,Cerebellum 10 L,111,0.4745658132691924,20,raw_scale_analysis
Bipolar disorder,bipolar,stringent,Vermis 8,118,0.39688667280772105,20,raw_scale_analysis
Bipolar disorder,bipolar,stringent,Vermis 9,119,0.36368699963489365,20,raw_scale_analysis
Bipolar disorder,bipolar,stringent,Thal AV L,121,0.5640245506330845,20,raw_scale_analysis
Bipolar disorder,bipolar,stringent,Thal AV R,122,0.49366403451193913,20,raw_scale_analysis
Bipolar disorder,bipolar,stringent,Thal VA L,125,0.49808276583458655,20,raw_scale_analysis
Bipolar disorder,bipolar,stringent,Thal VL L,127,0.498066224038075,20,raw_scale_analysis
Bipolar disorder,bipolar,stringent,Thal VL R,128,0.46257299068090507,20,raw_scale_analysis
Bipolar disorder,bipolar,stringent,Thal VPL L,129,0.4669578664229214,20,raw_scale_analysis
Bipolar disorder,bipolar,stringent,Thal VPL R,130,0.4869745697562915,20,raw_scale_analysis
Bipolar disorder,bipolar,stringent,Thal IL L,131,0.4758085455230778,20,raw_scale_analysis
Bipolar disorder,bipolar,stringent,Thal MDm L,135,0.45991446180211615,20,raw_scale_analysis
Bipolar disorder,bipolar,stringent,Thal MDm R,136,0.48889457629338884,20,raw_scale_analysis
Bipolar disorder,bipolar,stringent,Thal MDl L,137,0.4666632348574531,20,raw_scale_analysis
Bipolar disorder,bipolar,stringent,Thal LGN L,139,0.44773274920196193,20,raw_scale_analysis
Bipolar disorder,bipolar,stringent,Thal LGN R,140,0.4304223492860194,20,raw_scale_analysis
Bipolar disorder,bipolar,stringent,Thal MGN L,141,0.4524073817247604,20,raw_scale_analysis
Bipolar disorder,bipolar,stringent,Thal PuI L,143,0.5591800732660563,20,raw_scale_analysis
Bipolar disorder,bipolar,stringent,Thal PuI R,144,0.5569066764049508,20,raw_scale_analysis
Bipolar disorder,bipolar,stringent,Thal PuM L,145,0.5335206787041822,20,raw_scale_analysis
Bipolar disorder,bipolar,stringent,Thal PuM R,146,0.49536655060690454,20,raw_scale_analysis
Bipolar disorder,bipolar,stringent,Thal PuA L,147,0.5531606109685865,20,raw_scale_analysis
Bipolar disorder,bipolar,stringent,Thal PuA R,148,0.5097043273508833,20,raw_scale_analysis
Bipolar disorder,bipolar,stringent,ACC pre L,153,0.5133538594943056,20,raw_scale_analysis
Bipolar disorder,bipolar,stringent,ACC pre R,154,0.5294337602239799,20,raw_scale_analysis
Bipolar disorder,bipolar,stringent,ACC sup L,155,0.4787607662533796,20,raw_scale_analysis
Bipolar disorder,bipolar,stringent,ACC sup R,156,0.5429814379701262,20,raw_scale_analysis
Bipolar disorder,bipolar,stringent,N Acc L,157,0.49467181481500094,20,raw_scale_analysis
Bipolar disorder,bipolar,stringent,N Acc R,158,0.6262418909924341,20,raw_scale_analysis
Bipolar disorder,bipolar,stringent,SN pc L,161,0.379407763147185,20,raw_scale_analysis
Bipolar disorder,bipolar,stringent,SN pr L,163,0.47341146625091673,20,raw_scale_analysis
Bipolar disorder,bipolar,stringent,SN pr R,164,0.4433494762837505,20,raw_scale_analysis
Bipolar disorder,bipolar,stringent,Red N L,165,0.42341903322141644,20,raw_scale_analysis
Bipolar disorder,bipolar,stringent,Red N R,166,0.453592107617305,20,raw_scale_analysis
Bipolar disorder,bipolar,stringent,LC L,167,0.36431834516150224,20,raw_scale_analysis
Bipolar disorder,bipolar,stringent,LC R,168,0.3964630114050741,20,raw_scale_analysis
Bipolar disorder,bipolar,stringent,Raphe D,169,0.4102268590652036,20,raw_scale_analysis
Bipolar disorder,bipolar,stringent,Raphe M,170,0.4031759434480192,20,raw_scale_analysis
Bipolar disorder,bipolar,weighted,Precentral L,1,0.48984886414162887,80,raw_scale_analysis
Bipolar disorder,bipolar,weighted,Precentral R,2,0.49214668181600024,80,raw_scale_analysis
Bipolar disorder,bipolar,weighted,Frontal Sup 2 L,3,0.5001719594460426,80,raw_scale_analysis
Bipolar disorder,bipolar,weighted,Frontal Sup 2 R,4,0.4970527677290695,80,raw_scale_analysis
Bipolar disorder,bipolar,weighted,Frontal Mid 2 L,5,0.5166819501307423,80,raw_scale_analysis
Bipolar disorder,bipolar,weighted,Frontal Mid 2 R,6,0.5142683623679437,80,raw_scale_analysis
Bipolar disorder,bipolar,weighted,Frontal Inf Oper L,7,0.500125873044706,80,raw_scale_analysis
Bipolar disorder,bipolar,weighted,Frontal Inf Oper R,8,0.49440891558321276,80,raw_scale_analysis
Bipolar disorder,bipolar,weighted,Frontal Inf Tri L,9,0.52775194653151,80,raw_scale_analysis
Bipolar disorder,bipolar,weighted,Frontal Inf Tri R,10,0.5181668793490701,80,raw_scale_analysis
Bipolar disorder,bipolar,weighted,Frontal Inf Orb 2 L,11,0.5307434122149655,80,raw_scale_analysis
Bipolar disorder,bipolar,weighted,Frontal Inf Orb 2 R,12,0.5068183519651379,80,raw_scale_analysis
Bipolar disorder,bipolar,weighted,Rolandic Oper L,13,0.5030799333137893,80,raw_scale_analysis
Bipolar disorder,bipolar,weighted,Rolandic Oper R,14,0.5345263400780045,80,raw_scale_analysis
Bipolar disorder,bipolar,weighted,Supp Motor Area L,15,0.46103175053733164,80,raw_scale_analysis
Bipolar disorder,bipolar,weighted,Supp Motor Area R,16,0.48101074041298664,80,raw_scale_analysis
Bipolar disorder,bipolar,weighted,Olfactory L,17,0.47214865462114564,80,raw_scale_analysis
Bipolar disorder,bipolar,weighted,Olfactory R,18,0.488424646066455,80,raw_scale_analysis
Bipolar disorder,bipolar,weighted,Frontal Sup Medial L,19,0.5235587086414712,80,raw_scale_analysis
Bipolar disorder,bipolar,weighted,Frontal Sup Medial R,20,0.5217000741843396,80,raw_scale_analysis
Bipolar disorder,bipolar,weighted,Frontal Med Orb L,21,0.5360483844467991,80,raw_scale_analysis
Bipolar disorder,bipolar,weighted,Frontal Med Orb R,22,0.5286333166305055,80,raw_scale_analysis
Bipolar disorder,bipolar,weighted,Rectus L,23,0.5114650715311934,80,raw_scale_analysis
Bipolar disorder,bipolar,weighted,Rectus R,24,0.5347663993905992,80,raw_scale_analysis
Bipolar disorder,bipolar,weighted,OFCmed L,25,0.5338325609362832,80,raw_scale_analysis
Bipolar disorder,bipolar,weighted,OFCmed R,26,0.5316658945908699,80,raw_scale_analysis
Bipolar disorder,bipolar,weighted,OFCant L,27,0.5362811420558636,80,raw_scale_analysis
Bipolar disorder,bipolar,weighted,OFCant R,28,0.530123626437011,80,raw_scale_analysis
Bipolar disorder,bipolar,weighted,OFCpost L,29,0.4877072680592361,80,raw_scale_analysis
Bipolar disorder,bipolar,weighted,OFCpost R,30,0.5345439720799353,80,raw_scale_analysis
Bipolar disorder,bipolar,weighted,OFClat L,31,0.4983854625775345,80,raw_scale_analysis
Bipolar disorder,bipolar,weighted,OFClat R,32,0.5270572458240868,80,raw_scale_analysis
Bipolar disorder,bipolar,weighted,Insula L,33,0.5247172851266457,80,raw_scale_analysis
Bipolar disorder,bipolar,weighted,Insula R,34,0.522238581547017,80,raw_scale_analysis
Bipolar disorder,bipolar,weighted,Cingulate Mid L,37,0.5129217379650731,80,raw_scale_analysis
Bipolar disorder,bipolar,weighted,Cingulate Mid R,38,0.5003904832193392,80,raw_scale_analysis
Bipolar disorder,bipolar,weighted,Cingulate Post L,39,0.5295507475292928,80,raw_scale_analysis
Bipolar disorder,bipolar,weighted,Hippocampus L,41,0.49529533327345593,80,raw_scale_analysis
Bipolar disorder,bipolar,weighted,Hippocampus R,42,0.4879460336695614,80,raw_scale_analysis
Bipolar disorder,bipolar,weighted,ParaHippocampal L,43,0.4755804111692581,80,raw_scale_analysis
Bipolar disorder,bipolar,weighted,ParaHippocampal R,44,0.5224375488408762,80,raw_scale_analysis
Bipolar disorder,bipolar,weighted,Amygdala L,45,0.5380831231600104,80,raw_scale_analysis
Bipolar disorder,bipolar,weighted,Amygdala R,46,0.4973635882761636,80,raw_scale_analysis
Bipolar disorder,bipolar,weighted,Calcarine L,47,0.5159189548449953,80,raw_scale_analysis
Bipolar disorder,bipolar,weighted,Calcarine R,48,0.4945522915691674,80,raw_scale_analysis
Bipolar disorder,bipolar,weighted,Cuneus L,49,0.4788242157195529,80,raw_scale_analysis
Bipolar disorder,bipolar,weighted,Lingual L,51,0.5142482071367603,80,raw_scale_analysis
Bipolar disorder,bipolar,weighted,Lingual R,52,0.5310091811294397,80,raw_scale_analysis
Bipolar disorder,bipolar,weighted,Occipital Sup L,53,0.514789527162538,80,raw_scale_analysis
Bipolar disorder,bipolar,weighted,Occipital Mid L,55,0.5127109803602389,80,raw_scale_analysis
Bipolar disorder,bipolar,weighted,Occipital Mid R,56,0.5113147783680225,80,raw_scale_analysis
Bipolar disorder,bipolar,weighted,Occipital Inf L,57,0.5197238306812155,80,raw_scale_analysis
Bipolar disorder,bipolar,weighted,Occipital Inf R,58,0.5228028010761816,80,raw_scale_analysis
Bipolar disorder,bipolar,weighted,Fusiform L,59,0.49892038736742483,80,raw_scale_analysis
Bipolar disorder,bipolar,weighted,Fusiform R,60,0.5160912524103316,80,raw_scale_analysis
Bipolar disorder,bipolar,weighted,Postcentral L,61,0.5011437459551847,80,raw_scale_analysis
Bipolar disorder,bipolar,weighted,Postcentral R,62,0.5007764470296285,80,raw_scale_analysis
Bipolar disorder,bipolar,weighted,Parietal Sup L,63,0.5054039540697984,80,raw_scale_analysis
Bipolar disorder,bipolar,weighted,Parietal Sup R,64,0.46089342843062014,80,raw_scale_analysis
Bipolar disorder,bipolar,weighted,Parietal Inf L,65,0.5155524906353117,80,raw_scale_analysis
Bipolar disorder,bipolar,weighted,Parietal Inf R,66,0.514565933389202,80,raw_scale_analysis
Bipolar disorder,bipolar,weighted,SupraMarginal L,67,0.4631027055382182,80,raw_scale_analysis
Bipolar disorder,bipolar,weighted,SupraMarginal R,68,0.4971221288419346,80,raw_scale_analysis
Bipolar disorder,bipolar,weighted,Angular L,69,0.5284506975956064,80,raw_scale_analysis
Bipolar disorder,bipolar,weighted,Angular R,70,0.4789437071705827,80,raw_scale_analysis
Bipolar disorder,bipolar,weighted,Precuneus L,71,0.5147664007237703,80,raw_scale_analysis
Bipolar disorder,bipolar,weighted,Precuneus R,72,0.49631095952522647,80,raw_scale_analysis
Bipolar disorder,bipolar,weighted,Paracentral Lobule L,73,0.47410289469166106,80,raw_scale_analysis
Bipolar disorder,bipolar,weighted,Paracentral Lobule R,74,0.5449045938247873,80,raw_scale_analysis
Bipolar disorder,bipolar,weighted,Caudate L,75,0.5488394230242964,80,raw_scale_analysis
Bipolar disorder,bipolar,weighted,Caudate R,76,0.5557916251829021,80,raw_scale_analysis
Bipolar disorder,bipolar,weighted,Putamen L,77,0.5200794878548182,80,raw_scale_analysis
Bipolar disorder,bipolar,weighted,Putamen R,78,0.5528331902308344,80,raw_scale_analysis
Bipolar disorder,bipolar,weighted,Pallidum L,79,0.5051211835973172,80,raw_scale_analysis
Bipolar disorder,bipolar,weighted,Pallidum R,80,0.4975468958946518,80,raw_scale_analysis
Bipolar disorder,bipolar,weighted,Heschl L,83,0.5201428665387899,80,raw_scale_analysis
Bipolar disorder,bipolar,weighted,Heschl R,84,0.5230891390049259,80,raw_scale_analysis
Bipolar disorder,bipolar,weighted,Temporal Sup L,85,0.5140408487323389,80,raw_scale_analysis
Bipolar disorder,bipolar,weighted,Temporal Sup R,86,0.5106879561878134,80,raw_scale_analysis
Bipolar disorder,bipolar,weighted,Temporal Pole Sup L,87,0.5093815909368776,80,raw_scale_analysis
Bipolar disorder,bipolar,weighted,Temporal Pole Sup R,88,0.5051905635957671,80,raw_scale_analysis
Bipolar disorder,bipolar,weighted,Temporal Mid L,89,0.5101517572178138,80,raw_scale_analysis
Bipolar disorder,bipolar,weighted,Temporal Mid R,90,0.5153318341230161,80,raw_scale_analysis
Bipolar disorder,bipolar,weighted,Temporal Pole Mid L,91,0.4999009284550475,80,raw_scale_analysis
Bipolar disorder,bipolar,weighted,Temporal Inf L,93,0.5145983959881519,80,raw_scale_analysis
Bipolar disorder,bipolar,weighted,Temporal Inf R,94,0.5081261086703475,80,raw_scale_analysis
Bipolar disorder,bipolar,weighted,Cerebellum Crus1 L,95,0.5050168471959485,80,raw_scale_analysis
Bipolar disorder,bipolar,weighted,Cerebellum Crus1 R,96,0.5506477063889136,80,raw_scale_analysis
Bipolar disorder,bipolar,weighted,Cerebellum Crus2 L,97,0.5184439482216597,80,raw_scale_analysis
Bipolar disorder,bipolar,weighted,Cerebellum Crus2 R,98,0.5608776355583984,80,raw_scale_analysis
Bipolar disorder,bipolar,weighted,Cerebellum 4 5 L,101,0.5237315179638019,80,raw_scale_analysis
Bipolar disorder,bipolar,weighted,Cerebellum 4 5 R,102,0.5484585150071496,80,raw_scale_analysis
Bipolar disorder,bipolar,weighted,Cerebellum 6 L,103,0.5090823231508087,80,raw_scale_analysis
Bipolar disorder,bipolar,weighted,Cerebellum 6 R,104,0.5305732326034498,80,raw_scale_analysis
Bipolar disorder,bipolar,weighted,Cerebellum 7b L,105,0.524822498568734,80,raw_scale_analysis
Bipolar disorder,bipolar,weighted,Cerebellum 7b R,106,0.5353529497611141,80,raw_scale_analysis
Bipolar disorder,bipolar,weighted,Cerebellum 8 L,107,0.509448470363276,80,raw_scale_analysis
Bipolar disorder,bipolar,weighted,Cerebellum 8 R,108,0.4978488828416979,80,raw_scale_analysis
Bipolar disorder,bipolar,weighted,Cerebellum 9 L,109,0.5043268935209297,80,raw_scale_analysis
Bipolar disorder,bipolar,weighted,Cerebellum 9 R,110,0.4892768512240619,80,raw_scale_analysis
Bipolar disorder,bipolar,weighted,Cerebellum 10 L,111,0.4764286810971056,80,raw_scale_analysis
Bipolar disorder,bipolar,weighted,Vermis 8,118,0.44391478091463454,80,raw_scale_analysis
Bipolar disorder,bipolar,weighted,Vermis 9,119,0.4228265785475619,80,raw_scale_analysis
Bipolar disorder,bipolar,weighted,Thal AV L,121,0.5583281357242813,80,raw_scale_analysis
Bipolar disorder,bipolar,weighted,Thal AV R,122,0.518258217717104,80,raw_scale_analysis
Bipolar disorder,bipolar,weighted,Thal VA L,125,0.5141450068097184,80,raw_scale_analysis
Bipolar disorder,bipolar,weighted,Thal VL L,127,0.5163970000523819,80,raw_scale_analysis
Bipolar disorder,bipolar,weighted,Thal VL R,128,0.49160091594075955,80,raw_scale_analysis
Bipolar disorder,bipolar,weighted,Thal VPL L,129,0.4972136987614523,80,raw_scale_analysis
Bipolar disorder,bipolar,weighted,Thal VPL R,130,0.5283843955108625,80,raw_scale_analysis
Bipolar disorder,bipolar,weighted,Thal IL L,131,0.5042169691042651,80,raw_scale_analysis
Bipolar disorder,bipolar,weighted,Thal MDm L,135,0.4742782266952981,80,raw_scale_analysis
Bipolar disorder,bipolar,weighted,Thal MDm R,136,0.4974938358252482,80,raw_scale_analysis
Bipolar disorder,bipolar,weighted,Thal MDl L,137,0.5003140403905718,80,raw_scale_analysis
Bipolar disorder,bipolar,weighted,Thal LGN L,139,0.4922966045774207,80,raw_scale_analysis
Bipolar disorder,bipolar,weighted,Thal LGN R,140,0.481449241621955,80,raw_scale_analysis
Bipolar disorder,bipolar,weighted,Thal MGN L,141,0.4869044254105148,80,raw_scale_analysis
Bipolar disorder,bipolar,weighted,Thal PuI L,143,0.5752191353822035,80,raw_scale_analysis
Bipolar disorder,bipolar,weighted,Thal PuI R,144,0.5686805640014945,80,raw_scale_analysis
Bipolar disorder,bipolar,weighted,Thal PuM L,145,0.5390992225892556,80,raw_scale_analysis
Bipolar disorder,bipolar,weighted,Thal PuM R,146,0.5159094818096543,80,raw_scale_analysis
Bipolar disorder,bipolar,weighted,Thal PuA L,147,0.5613011980389936,80,raw_scale_analysis
Bipolar disorder,bipolar,weighted,Thal PuA R,148,0.5291256087615124,80,raw_scale_analysis
Bipolar disorder,bipolar,weighted,ACC pre L,153,0.5020075928507893,80,raw_scale_analysis
Bipolar disorder,bipolar,weighted,ACC pre R,154,0.5362529173150136,80,raw_scale_analysis
Bipolar disorder,bipolar,weighted,ACC sup L,155,0.490078836558749,80,raw_scale_analysis
Bipolar disorder,bipolar,weighted,ACC sup R,156,0.546566390019622,80,raw_scale_analysis
Bipolar disorder,bipolar,weighted,N Acc L,157,0.4992243621776909,80,raw_scale_analysis
Bipolar disorder,bipolar,weighted,N Acc R,158,0.5591016967610739,80,raw_scale_analysis
Bipolar disorder,bipolar,weighted,SN pc L,161,0.420024849273651,80,raw_scale_analysis
Bipolar disorder,bipolar,weighted,SN pr L,163,0.49750581849511794,80,raw_scale_analysis
Bipolar disorder,bipolar,weighted,SN pr R,164,0.4798891685794987,80,raw_scale_analysis
Bipolar disorder,bipolar,weighted,Red N L,165,0.45587109140632065,80,raw_scale_analysis
Bipolar disorder,bipolar,weighted,Red N R,166,0.49046216434863454,80,raw_scale_analysis
Bipolar disorder,bipolar,weighted,LC L,167,0.413465488984378,80,raw_scale_analysis
Bipolar disorder,bipolar,weighted,LC R,168,0.4172127143443034,80,raw_scale_analysis
Bipolar disorder,bipolar,weighted,Raphe D,169,0.43104115770096396,80,raw_scale_analysis
Bipolar disorder,bipolar,weighted,Raphe M,170,0.43277899047949503,80,raw_scale_analysis
Major depressive disorder,major_depression,broad,Precentral L,1,0.4798075276795951,145,raw_scale_analysis
Major depressive disorder,major_depression,broad,Precentral R,2,0.47819472964802784,145,raw_scale_analysis
Major depressive disorder,major_depression,broad,Frontal Sup 2 L,3,0.4994436085416651,145,raw_scale_analysis
Major depressive disorder,major_depression,broad,Frontal Sup 2 R,4,0.5076561244359538,145,raw_scale_analysis
Major depressive disorder,major_depression,broad,Frontal Mid 2 L,5,0.5112518879488519,145,raw_scale_analysis
Major depressive disorder,major_depression,broad,Frontal Mid 2 R,6,0.4990435708421728,145,raw_scale_analysis
Major depressive disorder,major_depression,broad,Frontal Inf Oper L,7,0.4612498630851582,145,raw_scale_analysis
Major depressive disorder,major_depression,broad,Frontal Inf Oper R,8,0.46136252260640614,145,raw_scale_analysis
Major depressive disorder,major_depression,broad,Frontal Inf Tri L,9,0.5113601635425483,145,raw_scale_analysis
Major depressive disorder,major_depression,broad,Frontal Inf Tri R,10,0.5100663851680265,145,raw_scale_analysis
Major depressive disorder,major_depression,broad,Frontal Inf Orb 2 L,11,0.5157884349350356,145,raw_scale_analysis
Major depressive disorder,major_depression,broad,Frontal Inf Orb 2 R,12,0.49593293156049323,145,raw_scale_analysis
Major depressive disorder,major_depression,broad,Rolandic Oper L,13,0.5203049861534018,145,raw_scale_analysis
Major depressive disorder,major_depression,broad,Rolandic Oper R,14,0.5217872885319474,145,raw_scale_analysis
Major depressive disorder,major_depression,broad,Supp Motor Area L,15,0.4676393716194276,145,raw_scale_analysis
Major depressive disorder,major_depression,broad,Supp Motor Area R,16,0.4746746551186425,145,raw_scale_analysis
Major depressive disorder,major_depression,broad,Olfactory L,17,0.501052514272614,145,raw_scale_analysis
Major depressive disorder,major_depression,broad,Olfactory R,18,0.48717130740479386,145,raw_scale_analysis
Major depressive disorder,major_depression,broad,Frontal Sup Medial L,19,0.5152508168352554,145,raw_scale_analysis
Major depressive disorder,major_depression,broad,Frontal Sup Medial R,20,0.5281401026425387,145,raw_scale_analysis
Major depressive disorder,major_depression,broad,Frontal Med Orb L,21,0.5281504149887714,145,raw_scale_analysis
Major depressive disorder,major_depression,broad,Frontal Med Orb R,22,0.5479980067245908,145,raw_scale_analysis
Major depressive disorder,major_depression,broad,Rectus L,23,0.5128181123216154,145,raw_scale_analysis
Major depressive disorder,major_depression,broad,Rectus R,24,0.543365917189193,145,raw_scale_analysis
Major depressive disorder,major_depression,broad,OFCmed L,25,0.523618873395485,145,raw_scale_analysis
Major depressive disorder,major_depression,broad,OFCmed R,26,0.5372783748435552,145,raw_scale_analysis
Major depressive disorder,major_depression,broad,OFCant L,27,0.5239454628161903,145,raw_scale_analysis
Major depressive disorder,major_depression,broad,OFCant R,28,0.5303409759775174,145,raw_scale_analysis
Major depressive disorder,major_depression,broad,OFCpost L,29,0.5000549937268004,145,raw_scale_analysis
Major depressive disorder,major_depression,broad,OFCpost R,30,0.5330702915309753,145,raw_scale_analysis
Major depressive disorder,major_depression,broad,OFClat L,31,0.4747815802525346,145,raw_scale_analysis
Major depressive disorder,major_depression,broad,OFClat R,32,0.5258491010272951,145,raw_scale_analysis
Major depressive disorder,major_depression,broad,Insula L,33,0.5192307985672434,145,raw_scale_analysis
Major depressive disorder,major_depression,broad,Insula R,34,0.5176754398798334,145,raw_scale_analysis
Major depressive disorder,major_depression,broad,Cingulate Mid L,37,0.5021317645977855,145,raw_scale_analysis
Major depressive disorder,major_depression,broad,Cingulate Mid R,38,0.4921931693181628,145,raw_scale_analysis
Major depressive disorder,major_depression,broad,Cingulate Post L,39,0.5191684159914506,145,raw_scale_analysis
Major depressive disorder,major_depression,broad,Hippocampus L,41,0.5214110145773272,145,raw_scale_analysis
Major depressive disorder,major_depression,broad,Hippocampus R,42,0.5126431694155473,145,raw_scale_analysis
Major depressive disorder,major_depression,broad,ParaHippocampal L,43,0.5313344067451841,145,raw_scale_analysis
Major depressive disorder,major_depression,broad,ParaHippocampal R,44,0.5307812811060286,145,raw_scale_analysis
Major depressive disorder,major_depression,broad,Amygdala L,45,0.530945328977121,145,raw_scale_analysis
Major depressive disorder,major_depression,broad,Amygdala R,46,0.4767937288350397,145,raw_scale_analysis
Major depressive disorder,major_depression,broad,Calcarine L,47,0.5097114719531637,145,raw_scale_analysis
Major depressive disorder,major_depression,broad,Calcarine R,48,0.49386769820856574,145,raw_scale_analysis
Major depressive disorder,major_depression,broad,Cuneus L,49,0.5089420655092548,145,raw_scale_analysis
Major depressive disorder,major_depression,broad,Lingual L,51,0.5106766546022526,145,raw_scale_analysis
Major depressive disorder,major_depression,broad,Lingual R,52,0.4981579896074223,145,raw_scale_analysis
Major depressive disorder,major_depression,broad,Occipital Sup L,53,0.5145997849476346,145,raw_scale_analysis
Major depressive disorder,major_depression,broad,Occipital Mid L,55,0.5079795918452517,145,raw_scale_analysis
Major depressive disorder,major_depression,broad,Occipital Mid R,56,0.5023459919466818,145,raw_scale_analysis
Major depressive disorder,major_depression,broad,Occipital Inf L,57,0.5144046452849297,145,raw_scale_analysis
Major depressive disorder,major_depression,broad,Occipital Inf R,58,0.4954901727891254,145,raw_scale_analysis
Major depressive disorder,major_depression,broad,Fusiform L,59,0.5111125492273494,145,raw_scale_analysis
Major depressive disorder,major_depression,broad,Fusiform R,60,0.502804014115677,145,raw_scale_analysis
Major depressive disorder,major_depression,broad,Postcentral L,61,0.49044095252145403,145,raw_scale_analysis
Major depressive disorder,major_depression,broad,Postcentral R,62,0.4830974158993248,145,raw_scale_analysis
Major depressive disorder,major_depression,broad,Parietal Sup L,63,0.5064921141745474,145,raw_scale_analysis
Major depressive disorder,major_depression,broad,Parietal Sup R,64,0.46210727757687303,145,raw_scale_analysis
Major depressive disorder,major_depression,broad,Parietal Inf L,65,0.5012979577738763,145,raw_scale_analysis
Major depressive disorder,major_depression,broad,Parietal Inf R,66,0.4902797451167325,145,raw_scale_analysis
Major depressive disorder,major_depression,broad,SupraMarginal L,67,0.47106319234393945,145,raw_scale_analysis
Major depressive disorder,major_depression,broad,SupraMarginal R,68,0.4741076060032917,145,raw_scale_analysis
Major depressive disorder,major_depression,broad,Angular L,69,0.5127734569018738,145,raw_scale_analysis
Major depressive disorder,major_depression,broad,Angular R,70,0.48884939634779284,145,raw_scale_analysis
Major depressive disorder,major_depression,broad,Precuneus L,71,0.5033790569258082,145,raw_scale_analysis
Major depressive disorder,major_depression,broad,Precuneus R,72,0.48286464573825527,145,raw_scale_analysis
Major depressive disorder,major_depression,broad,Paracentral Lobule L,73,0.4704315346847306,145,raw_scale_analysis
Major depressive disorder,major_depression,broad,Paracentral Lobule R,74,0.48365979632529266,145,raw_scale_analysis
Major depressive disorder,major_depression,broad,Caudate L,75,0.5229585686831069,145,raw_scale_analysis
Major depressive disorder,major_depression,broad,Caudate R,76,0.5234744948585576,145,raw_scale_analysis
Major depressive disorder,major_depression,broad,Putamen L,77,0.49964771311623546,145,raw_scale_analysis
Major depressive disorder,major_depression,broad,Putamen R,78,0.5232798634093357,145,raw_scale_analysis
Major depressive disorder,major_depression,broad,Pallidum L,79,0.5021033014672548,145,raw_scale_analysis
Major depressive disorder,major_depression,broad,Pallidum R,80,0.49673680062084974,145,raw_scale_analysis
Major depressive disorder,major_depression,broad,Heschl L,83,0.5216716136714289,145,raw_scale_analysis
Major depressive disorder,major_depression,broad,Heschl R,84,0.4816855483456319,145,raw_scale_analysis
Major depressive disorder,major_depression,broad,Temporal Sup L,85,0.5065449536468485,145,raw_scale_analysis
Major depressive disorder,major_depression,broad,Temporal Sup R,86,0.4987228317247741,145,raw_scale_analysis
Major depressive disorder,major_depression,broad,Temporal Pole Sup L,87,0.5219789138330198,145,raw_scale_analysis
Major depressive disorder,major_depression,broad,Temporal Pole Sup R,88,0.5358328938197642,145,raw_scale_analysis
Major depressive disorder,major_depression,broad,Temporal Mid L,89,0.48825654604832697,145,raw_scale_analysis
Major depressive disorder,major_depression,broad,Temporal Mid R,90,0.5060277914869206,145,raw_scale_analysis
Major depressive disorder,major_depression,broad,Temporal Pole Mid L,91,0.5177359671105736,145,raw_scale_analysis
Major depressive disorder,major_depression,broad,Temporal Inf L,93,0.5039636425521887,145,raw_scale_analysis
Major depressive disorder,major_depression,broad,Temporal Inf R,94,0.510791474388937,145,raw_scale_analysis
Major depressive disorder,major_depression,broad,Cerebellum Crus1 L,95,0.4824316255190425,145,raw_scale_analysis
Major depressive disorder,major_depression,broad,Cerebellum Crus1 R,96,0.5293343091197515,145,raw_scale_analysis
Major depressive disorder,major_depression,broad,Cerebellum Crus2 L,97,0.49135504813598563,145,raw_scale_analysis
Major depressive disorder,major_depression,broad,Cerebellum Crus2 R,98,0.523549868823759,145,raw_scale_analysis
Major depressive disorder,major_depression,broad,Cerebellum 4 5 L,101,0.5220746282804386,145,raw_scale_analysis
Major depressive disorder,major_depression,broad,Cerebellum 4 5 R,102,0.5294308159562224,145,raw_scale_analysis
Major depressive disorder,major_depression,broad,Cerebellum 6 L,103,0.5071205630789309,145,raw_scale_analysis
Major depressive disorder,major_depression,broad,Cerebellum 6 R,104,0.4832901928456945,145,raw_scale_analysis
Major depressive disorder,major_depression,broad,Cerebellum 7b L,105,0.486360724054235,145,raw_scale_analysis
Major depressive disorder,major_depression,broad,Cerebellum 7b R,106,0.5299892685420852,145,raw_scale_analysis
Major depressive disorder,major_depression,broad,Cerebellum 8 L,107,0.48656863791026644,145,raw_scale_analysis
Major depressive disorder,major_depression,broad,Cerebellum 8 R,108,0.51058335358022,145,raw_scale_analysis
Major depressive disorder,major_depression,broad,Cerebellum 9 L,109,0.47665939859039597,145,raw_scale_analysis
Major depressive disorder,major_depression,broad,Cerebellum 9 R,110,0.4721166998792125,145,raw_scale_analysis
Major depressive disorder,major_depression,broad,Cerebellum 10 L,111,0.5261098060306384,145,raw_scale_analysis
Major depressive disorder,major_depression,broad,Vermis 8,118,0.5353146926397154,145,raw_scale_analysis
Major depressive disorder,major_depression,broad,Vermis 9,119,0.5070513924769507,145,raw_scale_analysis
Major depressive disorder,major_depression,broad,Thal AV L,121,0.5368662018623583,145,raw_scale_analysis
Major depressive disorder,major_depression,broad,Thal AV R,122,0.4953521152275481,145,raw_scale_analysis
Major depressive disorder,major_depression,broad,Thal VA L,125,0.5107827173521504,145,raw_scale_analysis
Major depressive disorder,major_depression,broad,Thal VL L,127,0.491941658580997,145,raw_scale_analysis
Major depressive disorder,major_depression,broad,Thal VL R,128,0.5012375695780799,145,raw_scale_analysis
Major depressive disorder,major_depression,broad,Thal VPL L,129,0.48678730276237653,145,raw_scale_analysis
Major depressive disorder,major_depression,broad,Thal VPL R,130,0.494953746120289,145,raw_scale_analysis
Major depressive disorder,major_depression,broad,Thal IL L,131,0.5279047965532618,145,raw_scale_analysis
Major depressive disorder,major_depression,broad,Thal MDm L,135,0.4509936850474806,145,raw_scale_analysis
Major depressive disorder,major_depression,broad,Thal MDm R,136,0.4996928356492174,145,raw_scale_analysis
Major depressive disorder,major_depression,broad,Thal MDl L,137,0.471508595876666,145,raw_scale_analysis
Major depressive disorder,major_depression,broad,Thal LGN L,139,0.5198404579629122,145,raw_scale_analysis
Major depressive disorder,major_depression,broad,Thal LGN R,140,0.5073693743300642,145,raw_scale_analysis
Major depressive disorder,major_depression,broad,Thal MGN L,141,0.5239235876814329,145,raw_scale_analysis
Major depressive disorder,major_depression,broad,Thal PuI L,143,0.5235168232861336,145,raw_scale_analysis
Major depressive disorder,major_depression,broad,Thal PuI R,144,0.5205374343818692,145,raw_scale_analysis
Major depressive disorder,major_depression,broad,Thal PuM L,145,0.5139659314402086,145,raw_scale_analysis
Major depressive disorder,major_depression,broad,Thal PuM R,146,0.48558228330304154,145,raw_scale_analysis
Major depressive disorder,major_depression,broad,Thal PuA L,147,0.5233677525225389,145,raw_scale_analysis
Major depressive disorder,major_depression,broad,Thal PuA R,148,0.4798993998499526,145,raw_scale_analysis
Major depressive disorder,major_depression,broad,ACC pre L,153,0.49839319358442596,145,raw_scale_analysis
Major depressive disorder,major_depression,broad,ACC pre R,154,0.5451254614875743,145,raw_scale_analysis
Major depressive disorder,major_depression,broad,ACC sup L,155,0.4765219106494971,145,raw_scale_analysis
Major depressive disorder,major_depression,broad,ACC sup R,156,0.5243015726246972,145,raw_scale_analysis
Major depressive disorder,major_depression,broad,N Acc L,157,0.5181227169257053,145,raw_scale_analysis
Major depressive disorder,major_depression,broad,N Acc R,158,0.5504537790005531,145,raw_scale_analysis
Major depressive disorder,major_depression,broad,SN pc L,161,0.47590717465114074,145,raw_scale_analysis
Major depressive disorder,major_depression,broad,SN pr L,163,0.49230791749217345,145,raw_scale_analysis
Major depressive disorder,major_depression,broad,SN pr R,164,0.4967996090645246,145,raw_scale_analysis
Major depressive disorder,major_depression,broad,Red N L,165,0.4760424150794416,145,raw_scale_analysis
Major depressive disorder,major_depression,broad,Red N R,166,0.4990066602781668,145,raw_scale_analysis
Major depressive disorder,major_depression,broad,LC L,167,0.4671828363031008,145,raw_scale_analysis
Major depressive disorder,major_depression,broad,LC R,168,0.44455571293537943,145,raw_scale_analysis
Major depressive disorder,major_depression,broad,Raphe D,169,0.4802867307681098,145,raw_scale_analysis
Major depressive disorder,major_depression,broad,Raphe M,170,0.45821027107712664,145,raw_scale_analysis
Major depressive disorder,major_depression,stringent,Precentral L,1,0.4795460702672927,37,raw_scale_analysis
Major depressive disorder,major_depression,stringent,Precentral R,2,0.4743132210979846,37,raw_scale_analysis
Major depressive disorder,major_depression,stringent,Frontal Sup 2 L,3,0.49696846201514466,37,raw_scale_analysis
Major depressive disorder,major_depression,stringent,Frontal Sup 2 R,4,0.5048706348744431,37,raw_scale_analysis
Major depressive disorder,major_depression,stringent,Frontal Mid 2 L,5,0.5150985772745752,37,raw_scale_analysis
Major depressive disorder,major_depression,stringent,Frontal Mid 2 R,6,0.49866973041824253,37,raw_scale_analysis
Major depressive disorder,major_depression,stringent,Frontal Inf Oper L,7,0.4677747870334804,37,raw_scale_analysis
Major depressive disorder,major_depression,stringent,Frontal Inf Oper R,8,0.4601857461574477,37,raw_scale_analysis
Major depressive disorder,major_depression,stringent,Frontal Inf Tri L,9,0.5162630607032233,37,raw_scale_analysis
Major depressive disorder,major_depression,stringent,Frontal Inf Tri R,10,0.5042501979829278,37,raw_scale_analysis
Major depressive disorder,major_depression,stringent,Frontal Inf Orb 2 L,11,0.5222464873673773,37,raw_scale_analysis
Major depressive disorder,major_depression,stringent,Frontal Inf Orb 2 R,12,0.4717983870423365,37,raw_scale_analysis
Major depressive disorder,major_depression,stringent,Rolandic Oper L,13,0.5274366317133409,37,raw_scale_analysis
Major depressive disorder,major_depression,stringent,Rolandic Oper R,14,0.5100325901715518,37,raw_scale_analysis
Major depressive disorder,major_depression,stringent,Supp Motor Area L,15,0.47329882236942555,37,raw_scale_analysis
Major depressive disorder,major_depression,stringent,Supp Motor Area R,16,0.4875138711365059,37,raw_scale_analysis
Major depressive disorder,major_depression,stringent,Olfactory L,17,0.47855738547344384,37,raw_scale_analysis
Major depressive disorder,major_depression,stringent,Olfactory R,18,0.45891367558312035,37,raw_scale_analysis
Major depressive disorder,major_depression,stringent,Frontal Sup Medial L,19,0.5099929107126461,37,raw_scale_analysis
Major depressive disorder,major_depression,stringent,Frontal Sup Medial R,20,0.5131526285391471,37,raw_scale_analysis
Major depressive disorder,major_depression,stringent,Frontal Med Orb L,21,0.521851528243486,37,raw_scale_analysis
Major depressive disorder,major_depression,stringent,Frontal Med Orb R,22,0.5534375851378077,37,raw_scale_analysis
Major depressive disorder,major_depression,stringent,Rectus L,23,0.505017489404873,37,raw_scale_analysis
Major depressive disorder,major_depression,stringent,Rectus R,24,0.5413078750843893,37,raw_scale_analysis
Major depressive disorder,major_depression,stringent,OFCmed L,25,0.5156620798421236,37,raw_scale_analysis
Major depressive disorder,major_depression,stringent,OFCmed R,26,0.5322898794202245,37,raw_scale_analysis
Major depressive disorder,major_depression,stringent,OFCant L,27,0.5222846601398764,37,raw_scale_analysis
Major depressive disorder,major_depression,stringent,OFCant R,28,0.5329222374153334,37,raw_scale_analysis
Major depressive disorder,major_depression,stringent,OFCpost L,29,0.48563716031515947,37,raw_scale_analysis
Major depressive disorder,major_depression,stringent,OFCpost R,30,0.5353187618656885,37,raw_scale_analysis
Major depressive disorder,major_depression,stringent,OFClat L,31,0.4729734113234457,37,raw_scale_analysis
Major depressive disorder,major_depression,stringent,OFClat R,32,0.5311921641191237,37,raw_scale_analysis
Major depressive disorder,major_depression,stringent,Insula L,33,0.5252108733618206,37,raw_scale_analysis
Major depressive disorder,major_depression,stringent,Insula R,34,0.5132505459495489,37,raw_scale_analysis
Major depressive disorder,major_depression,stringent,Cingulate Mid L,37,0.5087617432772658,37,raw_scale_analysis
Major depressive disorder,major_depression,stringent,Cingulate Mid R,38,0.481361114205379,37,raw_scale_analysis
Major depressive disorder,major_depression,stringent,Cingulate Post L,39,0.5248752260841149,37,raw_scale_analysis
Major depressive disorder,major_depression,stringent,Hippocampus L,41,0.5339108751966049,37,raw_scale_analysis
Major depressive disorder,major_depression,stringent,Hippocampus R,42,0.5160817735837229,37,raw_scale_analysis
Major depressive disorder,major_depression,stringent,ParaHippocampal L,43,0.5305231346169196,37,raw_scale_analysis
Major depressive disorder,major_depression,stringent,ParaHippocampal R,44,0.5400073888551986,37,raw_scale_analysis
Major depressive disorder,major_depression,stringent,Amygdala L,45,0.5429465011055913,37,raw_scale_analysis
Major depressive disorder,major_depression,stringent,Amygdala R,46,0.5043262593386981,37,raw_scale_analysis
Major depressive disorder,major_depression,stringent,Calcarine L,47,0.5077176243369762,37,raw_scale_analysis
Major depressive disorder,major_depression,stringent,Calcarine R,48,0.5020304740614325,37,raw_scale_analysis
Major depressive disorder,major_depression,stringent,Cuneus L,49,0.5260110223753085,37,raw_scale_analysis
Major depressive disorder,major_depression,stringent,Lingual L,51,0.5020404972796689,37,raw_scale_analysis
Major depressive disorder,major_depression,stringent,Lingual R,52,0.5069145096009127,37,raw_scale_analysis
Major depressive disorder,major_depression,stringent,Occipital Sup L,53,0.5349751825593186,37,raw_scale_analysis
Major depressive disorder,major_depression,stringent,Occipital Mid L,55,0.5195490996931291,37,raw_scale_analysis
Major depressive disorder,major_depression,stringent,Occipital Mid R,56,0.517634189577781,37,raw_scale_analysis
Major depressive disorder,major_depression,stringent,Occipital Inf L,57,0.513066492911223,37,raw_scale_analysis
Major depressive disorder,major_depression,stringent,Occipital Inf R,58,0.5002222698842116,37,raw_scale_analysis
Major depressive disorder,major_depression,stringent,Fusiform L,59,0.517917366666185,37,raw_scale_analysis
Major depressive disorder,major_depression,stringent,Fusiform R,60,0.5025020738859913,37,raw_scale_analysis
Major depressive disorder,major_depression,stringent,Postcentral L,61,0.49117505226208164,37,raw_scale_analysis
Major depressive disorder,major_depression,stringent,Postcentral R,62,0.48599126869304327,37,raw_scale_analysis
Major depressive disorder,major_depression,stringent,Parietal Sup L,63,0.5171036634740223,37,raw_scale_analysis
Major depressive disorder,major_depression,stringent,Parietal Sup R,64,0.46702699139911985,37,raw_scale_analysis
Major depressive disorder,major_depression,stringent,Parietal Inf L,65,0.5046803023478267,37,raw_scale_analysis
Major depressive disorder,major_depression,stringent,Parietal Inf R,66,0.47551509137724335,37,raw_scale_analysis
Major depressive disorder,major_depression,stringent,SupraMarginal L,67,0.4840807065791671,37,raw_scale_analysis
Major depressive disorder,major_depression,stringent,SupraMarginal R,68,0.48630033660092953,37,raw_scale_analysis
Major depressive disorder,major_depression,stringent,Angular L,69,0.5158821051024957,37,raw_scale_analysis
Major depressive disorder,major_depression,stringent,Angular R,70,0.4898382031491457,37,raw_scale_analysis
Major depressive disorder,major_depression,stringent,Precuneus L,71,0.5107340125231528,37,raw_scale_analysis
Major depressive disorder,major_depression,stringent,Precuneus R,72,0.48500230891204055,37,raw_scale_analysis
Major depressive disorder,major_depression,stringent,Paracentral Lobule L,73,0.4648122476124433,37,raw_scale_analysis
Major depressive disorder,major_depression,stringent,Paracentral Lobule R,74,0.4725797336667207,37,raw_scale_analysis
Major depressive disorder,major_depression,stringent,Caudate L,75,0.5508707773545942,37,raw_scale_analysis
Major depressive disorder,major_depression,stringent,Caudate R,76,0.5533761527158892,37,raw_scale_analysis
Major depressive disorder,major_depression,stringent,Putamen L,77,0.5163330994774469,37,raw_scale_analysis
Major depressive disorder,major_depression,stringent,Putamen R,78,0.5407395940876776,37,raw_scale_analysis
Major depressive disorder,major_depression,stringent,Pallidum L,79,0.5007105530249782,37,raw_scale_analysis
Major depressive disorder,major_depression,stringent,Pallidum R,80,0.4532795262066335,37,raw_scale_analysis
Major depressive disorder,major_depression,stringent,Heschl L,83,0.5231363615760504,37,raw_scale_analysis
Major depressive disorder,major_depression,stringent,Heschl R,84,0.4815056611983828,37,raw_scale_analysis
Major depressive disorder,major_depression,stringent,Temporal Sup L,85,0.5090170945120646,37,raw_scale_analysis
Major depressive disorder,major_depression,stringent,Temporal Sup R,86,0.5071956235268889,37,raw_scale_analysis
Major depressive disorder,major_depression,stringent,Temporal Pole Sup L,87,0.5297790653260114,37,raw_scale_analysis
Major depressive disorder,major_depression,stringent,Temporal Pole Sup R,88,0.5453152522931152,37,raw_scale_analysis
Major depressive disorder,major_depression,stringent,Temporal Mid L,89,0.49448234363017124,37,raw_scale_analysis
Major depressive disorder,major_depression,stringent,Temporal Mid R,90,0.5152828734398266,37,raw_scale_analysis
Major depressive disorder,major_depression,stringent,Temporal Pole Mid L,91,0.4998137359015802,37,raw_scale_analysis
Major depressive disorder,major_depression,stringent,Temporal Inf L,93,0.511056935510704,37,raw_scale_analysis
Major depressive disorder,major_depression,stringent,Temporal Inf R,94,0.520218738750331,37,raw_scale_analysis
Major depressive disorder,major_depression,stringent,Cerebellum Crus1 L,95,0.47795793983684093,37,raw_scale_analysis
Major depressive disorder,major_depression,stringent,Cerebellum Crus1 R,96,0.5239426645598132,37,raw_scale_analysis
Major depressive disorder,major_depression,stringent,Cerebellum Crus2 L,97,0.4836968276118003,37,raw_scale_analysis
Major depressive disorder,major_depression,stringent,Cerebellum Crus2 R,98,0.49997337026341543,37,raw_scale_analysis
Major depressive disorder,major_depression,stringent,Cerebellum 4 5 L,101,0.5288116438055364,37,raw_scale_analysis
Major depressive disorder,major_depression,stringent,Cerebellum 4 5 R,102,0.5274279153491055,37,raw_scale_analysis
Major depressive disorder,major_depression,stringent,Cerebellum 6 L,103,0.5121962130030866,37,raw_scale_analysis
Major depressive disorder,major_depression,stringent,Cerebellum 6 R,104,0.4988506487682289,37,raw_scale_analysis
Major depressive disorder,major_depression,stringent,Cerebellum 7b L,105,0.48209054497166826,37,raw_scale_analysis
Major depressive disorder,major_depression,stringent,Cerebellum 7b R,106,0.5568195328817386,37,raw_scale_analysis
Major depressive disorder,major_depression,stringent,Cerebellum 8 L,107,0.49209004226978387,37,raw_scale_analysis
Major depressive disorder,major_depression,stringent,Cerebellum 8 R,108,0.5089252090202034,37,raw_scale_analysis
Major depressive disorder,major_depression,stringent,Cerebellum 9 L,109,0.4707377147498648,37,raw_scale_analysis
Major depressive disorder,major_depression,stringent,Cerebellum 9 R,110,0.4852946883629647,37,raw_scale_analysis
Major depressive disorder,major_depression,stringent,Cerebellum 10 L,111,0.525927125344754,37,raw_scale_analysis
Major depressive disorder,major_depression,stringent,Vermis 8,118,0.5443772688148993,37,raw_scale_analysis
Major depressive disorder,major_depression,stringent,Vermis 9,119,0.5069058225838267,37,raw_scale_analysis
Major depressive disorder,major_depression,stringent,Thal AV L,121,0.5643841440833586,37,raw_scale_analysis
Major depressive disorder,major_depression,stringent,Thal AV R,122,0.4914882348660779,37,raw_scale_analysis
Major depressive disorder,major_depression,stringent,Thal VA L,125,0.4979989300036627,37,raw_scale_analysis
Major depressive disorder,major_depression,stringent,Thal VL L,127,0.4914147120760714,37,raw_scale_analysis
Major depressive disorder,major_depression,stringent,Thal VL R,128,0.49688190565504103,37,raw_scale_analysis
Major depressive disorder,major_depression,stringent,Thal VPL L,129,0.47110628572115876,37,raw_scale_analysis
Major depressive disorder,major_depression,stringent,Thal VPL R,130,0.47776886242992145,37,raw_scale_analysis
Major depressive disorder,major_depression,stringent,Thal IL L,131,0.5422764468993301,37,raw_scale_analysis
Major depressive disorder,major_depression,stringent,Thal MDm L,135,0.47957584234477907,37,raw_scale_analysis
Major depressive disorder,major_depression,stringent,Thal MDm R,136,0.48646594782062846,37,raw_scale_analysis
Major depressive disorder,major_depression,stringent,Thal MDl L,137,0.4818975064745454,37,raw_scale_analysis
Major depressive disorder,major_depression,stringent,Thal LGN L,139,0.5298566158969077,37,raw_scale_analysis
Major depressive disorder,major_depression,stringent,Thal LGN R,140,0.4910444165125442,37,raw_scale_analysis
Major depressive disorder,major_depression,stringent,Thal MGN L,141,0.5389560206527566,37,raw_scale_analysis
Major depressive disorder,major_depression,stringent,Thal PuI L,143,0.5281224360902423,37,raw_scale_analysis
Major depressive disorder,major_depression,stringent,Thal PuI R,144,0.5182169744424481,37,raw_scale_analysis
Major depressive disorder,major_depression,stringent,Thal PuM L,145,0.5187189395071052,37,raw_scale_analysis
Major depressive disorder,major_depression,stringent,Thal PuM R,146,0.4755024835951818,37,raw_scale_analysis
Major depressive disorder,major_depression,stringent,Thal PuA L,147,0.5251846464308418,37,raw_scale_analysis
Major depressive disorder,major_depression,stringent,Thal PuA R,148,0.4518826219299841,37,raw_scale_analysis
Major depressive disorder,major_depression,stringent,ACC pre L,153,0.4942567504472094,37,raw_scale_analysis
Major depressive disorder,major_depression,stringent,ACC pre R,154,0.5402821602092573,37,raw_scale_analysis
Major depressive disorder,major_depression,stringent,ACC sup L,155,0.45707976581129056,37,raw_scale_analysis
Major depressive disorder,major_depression,stringent,ACC sup R,156,0.5323726383233509,37,raw_scale_analysis
Major depressive disorder,major_depression,stringent,N Acc L,157,0.521331337629778,37,raw_scale_analysis
Major depressive disorder,major_depression,stringent,N Acc R,158,0.5661293823151462,37,raw_scale_analysis
Major depressive disorder,major_depression,stringent,SN pc L,161,0.4719049892016091,37,raw_scale_analysis
Major depressive disorder,major_depression,stringent,SN pr L,163,0.4743862573016276,37,raw_scale_analysis
Major depressive disorder,major_depression,stringent,SN pr R,164,0.4975856297896697,37,raw_scale_analysis
Major depressive disorder,major_depression,stringent,Red N L,165,0.45996963743374486,37,raw_scale_analysis
Major depressive disorder,major_depression,stringent,Red N R,166,0.48663876032742215,37,raw_scale_analysis
Major depressive disorder,major_depression,stringent,LC L,167,0.4626532322882409,37,raw_scale_analysis
Major depressive disorder,major_depression,stringent,LC R,168,0.441820543601852,37,raw_scale_analysis
Major depressive disorder,major_depression,stringent,Raphe D,169,0.492625934402737,37,raw_scale_analysis
Major depressive disorder,major_depression,stringent,Raphe M,170,0.4502897396892079,37,raw_scale_analysis
Major depressive disorder,major_depression,weighted,Precentral L,1,0.4851680617530618,145,raw_scale_analysis
Major depressive disorder,major_depression,weighted,Precentral R,2,0.47574122048157474,145,raw_scale_analysis
Major depressive disorder,major_depression,weighted,Frontal Sup 2 L,3,0.5016293531225372,145,raw_scale_analysis
Major depressive disorder,major_depression,weighted,Frontal Sup 2 R,4,0.5089789833914137,145,raw_scale_analysis
Major depressive disorder,major_depression,weighted,Frontal Mid 2 L,5,0.5177845216400203,145,raw_scale_analysis
Major depressive disorder,major_depression,weighted,Frontal Mid 2 R,6,0.4997118472361737,145,raw_scale_analysis
Major depressive disorder,major_depression,weighted,Frontal Inf Oper L,7,0.4646056315965908,145,raw_scale_analysis
Major depressive disorder,major_depression,weighted,Frontal Inf Oper R,8,0.4596948459485681,145,raw_scale_analysis
Major depressive disorder,major_depression,weighted,Frontal Inf Tri L,9,0.5143371762321507,145,raw_scale_analysis
Major depressive disorder,major_depression,weighted,Frontal Inf Tri R,10,0.5094320133449842,145,raw_scale_analysis
Major depressive disorder,major_depression,weighted,Frontal Inf Orb 2 L,11,0.5184965791812559,145,raw_scale_analysis
Major depressive disorder,major_depression,weighted,Frontal Inf Orb 2 R,12,0.48560427884043655,145,raw_scale_analysis
Major depressive disorder,major_depression,weighted,Rolandic Oper L,13,0.518094602098086,145,raw_scale_analysis
Major depressive disorder,major_depression,weighted,Rolandic Oper R,14,0.5131471110902127,145,raw_scale_analysis
Major depressive disorder,major_depression,weighted,Supp Motor Area L,15,0.4745523922242814,145,raw_scale_analysis
Major depressive disorder,major_depression,weighted,Supp Motor Area R,16,0.47880859245396373,145,raw_scale_analysis
Major depressive disorder,major_depression,weighted,Olfactory L,17,0.4888701538794883,145,raw_scale_analysis
Major depressive disorder,major_depression,weighted,Olfactory R,18,0.46727298777613185,145,raw_scale_analysis
Major depressive disorder,major_depression,weighted,Frontal Sup Medial L,19,0.516570887521634,145,raw_scale_analysis
Major depressive disorder,major_depression,weighted,Frontal Sup Medial R,20,0.5239391920848836,145,raw_scale_analysis
Major depressive disorder,major_depression,weighted,Frontal Med Orb L,21,0.5279265562149534,145,raw_scale_analysis
Major depressive disorder,major_depression,weighted,Frontal Med Orb R,22,0.5479364863703879,145,raw_scale_analysis
Major depressive disorder,major_depression,weighted,Rectus L,23,0.5110576416138961,145,raw_scale_analysis
Major depressive disorder,major_depression,weighted,Rectus R,24,0.5416510184616333,145,raw_scale_analysis
Major depressive disorder,major_depression,weighted,OFCmed L,25,0.5213379078242133,145,raw_scale_analysis
Major depressive disorder,major_depression,weighted,OFCmed R,26,0.529117484471811,145,raw_scale_analysis
Major depressive disorder,major_depression,weighted,OFCant L,27,0.5243388720726196,145,raw_scale_analysis
Major depressive disorder,major_depression,weighted,OFCant R,28,0.5375002221842007,145,raw_scale_analysis
Major depressive disorder,major_depression,weighted,OFCpost L,29,0.48857252142215035,145,raw_scale_analysis
Major depressive disorder,major_depression,weighted,OFCpost R,30,0.5259598484409395,145,raw_scale_analysis
Major depressive disorder,major_depression,weighted,OFClat L,31,0.47057025716262835,145,raw_scale_analysis
Major depressive disorder,major_depression,weighted,OFClat R,32,0.524639756396933,145,raw_scale_analysis
Major depressive disorder,major_depression,weighted,Insula L,33,0.5175297270753296,145,raw_scale_analysis
Major depressive disorder,major_depression,weighted,Insula R,34,0.511125710172478,145,raw_scale_analysis
Major depressive disorder,major_depression,weighted,Cingulate Mid L,37,0.5058602730067279,145,raw_scale_analysis
Major depressive disorder,major_depression,weighted,Cingulate Mid R,38,0.4878697795232824,145,raw_scale_analysis
Major depressive disorder,major_depression,weighted,Cingulate Post L,39,0.521613697557696,145,raw_scale_analysis
Major depressive disorder,major_depression,weighted,Hippocampus L,41,0.5326766904627444,145,raw_scale_analysis
Major depressive disorder,major_depression,weighted,Hippocampus R,42,0.5156785526354133,145,raw_scale_analysis
Major depressive disorder,major_depression,weighted,ParaHippocampal L,43,0.5314706200317483,145,raw_scale_analysis
Major depressive disorder,major_depression,weighted,ParaHippocampal R,44,0.5346001024074624,145,raw_scale_analysis
Major depressive disorder,major_depression,weighted,Amygdala L,45,0.5330808687070646,145,raw_scale_analysis
Major depressive disorder,major_depression,weighted,Amygdala R,46,0.4889469596430287,145,raw_scale_analysis
Major depressive disorder,major_depression,weighted,Calcarine L,47,0.5025203047569009,145,raw_scale_analysis
Major depressive disorder,major_depression,weighted,Calcarine R,48,0.4867732117943073,145,raw_scale_analysis
Major depressive disorder,major_depression,weighted,Cuneus L,49,0.5129264360212038,145,raw_scale_analysis
Major depressive disorder,major_depression,weighted,Lingual L,51,0.500229150123902,145,raw_scale_analysis
Major depressive disorder,major_depression,weighted,Lingual R,52,0.4982859439027446,145,raw_scale_analysis
Major depressive disorder,major_depression,weighted,Occipital Sup L,53,0.5197506942822406,145,raw_scale_analysis
Major depressive disorder,major_depression,weighted,Occipital Mid L,55,0.5149039221255478,145,raw_scale_analysis
Major depressive disorder,major_depression,weighted,Occipital Mid R,56,0.5097457718576938,145,raw_scale_analysis
Major depressive disorder,major_depression,weighted,Occipital Inf L,57,0.5116581969893699,145,raw_scale_analysis
Major depressive disorder,major_depression,weighted,Occipital Inf R,58,0.5017654046512227,145,raw_scale_analysis
Major depressive disorder,major_depression,weighted,Fusiform L,59,0.5129152082574207,145,raw_scale_analysis
Major depressive disorder,major_depression,weighted,Fusiform R,60,0.49905955130376944,145,raw_scale_analysis
Major depressive disorder,major_depression,weighted,Postcentral L,61,0.488263493396555,145,raw_scale_analysis
Major depressive disorder,major_depression,weighted,Postcentral R,62,0.481847594474878,145,raw_scale_analysis
Major depressive disorder,major_depression,weighted,Parietal Sup L,63,0.5135855426278769,145,raw_scale_analysis
Major depressive disorder,major_depression,weighted,Parietal Sup R,64,0.4611357900058018,145,raw_scale_analysis
Major depressive disorder,major_depression,weighted,Parietal Inf L,65,0.5082003043308164,145,raw_scale_analysis
Major depressive disorder,major_depression,weighted,Parietal Inf R,66,0.48363827347303673,145,raw_scale_analysis
Major depressive disorder,major_depression,weighted,SupraMarginal L,67,0.4804913248816624,145,raw_scale_analysis
Major depressive disorder,major_depression,weighted,SupraMarginal R,68,0.48298947697800304,145,raw_scale_analysis
Major depressive disorder,major_depression,weighted,Angular L,69,0.5170073065306271,145,raw_scale_analysis
Major depressive disorder,major_depression,weighted,Angular R,70,0.49129409948032704,145,raw_scale_analysis
Major depressive disorder,major_depression,weighted,Precuneus L,71,0.508507997258331,145,raw_scale_analysis
Major depressive disorder,major_depression,weighted,Precuneus R,72,0.4848717709041564,145,raw_scale_analysis
Major depressive disorder,major_depression,weighted,Paracentral Lobule L,73,0.46694140262697087,145,raw_scale_analysis
Major depressive disorder,major_depression,weighted,Paracentral Lobule R,74,0.4761171658774182,145,raw_scale_analysis
Major depressive disorder,major_depression,weighted,Caudate L,75,0.532713396441744,145,raw_scale_analysis
Major depressive disorder,major_depression,weighted,Caudate R,76,0.5335277780975644,145,raw_scale_analysis
Major depressive disorder,major_depression,weighted,Putamen L,77,0.5054895346066389,145,raw_scale_analysis
Major depressive disorder,major_depression,weighted,Putamen R,78,0.527591757366437,145,raw_scale_analysis
Major depressive disorder,major_depression,weighted,Pallidum L,79,0.4986098820833996,145,raw_scale_analysis
Major depressive disorder,major_depression,weighted,Pallidum R,80,0.4768581717693969,145,raw_scale_analysis
Major depressive disorder,major_depression,weighted,Heschl L,83,0.5153623261252814,145,raw_scale_analysis
Major depressive disorder,major_depression,weighted,Heschl R,84,0.4763756420570357,145,raw_scale_analysis
Major depressive disorder,major_depression,weighted,Temporal Sup L,85,0.5029476989077737,145,raw_scale_analysis
Major depressive disorder,major_depression,weighted,Temporal Sup R,86,0.4988600637984021,145,raw_scale_analysis
Major depressive disorder,major_depression,weighted,Temporal Pole Sup L,87,0.5243455653934453,145,raw_scale_analysis
Major depressive disorder,major_depression,weighted,Temporal Pole Sup R,88,0.5307364777712482,145,raw_scale_analysis
Major depressive disorder,major_depression,weighted,Temporal Mid L,89,0.49153252719875584,145,raw_scale_analysis
Major depressive disorder,major_depression,weighted,Temporal Mid R,90,0.5115610676964071,145,raw_scale_analysis
Major depressive disorder,major_depression,weighted,Temporal Pole Mid L,91,0.506268906282711,145,raw_scale_analysis
Major depressive disorder,major_depression,weighted,Temporal Inf L,93,0.5072931836905876,145,raw_scale_analysis
Major depressive disorder,major_depression,weighted,Temporal Inf R,94,0.514655025106753,145,raw_scale_analysis
Major depressive disorder,major_depression,weighted,Cerebellum Crus1 L,95,0.47275571378049963,145,raw_scale_analysis
Major depressive disorder,major_depression,weighted,Cerebellum Crus1 R,96,0.5239350346579857,145,raw_scale_analysis
Major depressive disorder,major_depression,weighted,Cerebellum Crus2 L,97,0.48475297776209125,145,raw_scale_analysis
Major depressive disorder,major_depression,weighted,Cerebellum Crus2 R,98,0.5076416195518848,145,raw_scale_analysis
Major depressive disorder,major_depression,weighted,Cerebellum 4 5 L,101,0.5220231360483606,145,raw_scale_analysis
Major depressive disorder,major_depression,weighted,Cerebellum 4 5 R,102,0.5186273749905554,145,raw_scale_analysis
Major depressive disorder,major_depression,weighted,Cerebellum 6 L,103,0.5054253219425409,145,raw_scale_analysis
Major depressive disorder,major_depression,weighted,Cerebellum 6 R,104,0.47913946589258294,145,raw_scale_analysis
Major depressive disorder,major_depression,weighted,Cerebellum 7b L,105,0.47776278012652423,145,raw_scale_analysis
Major depressive disorder,major_depression,weighted,Cerebellum 7b R,106,0.5295600796169762,145,raw_scale_analysis
Major depressive disorder,major_depression,weighted,Cerebellum 8 L,107,0.48172955050044935,145,raw_scale_analysis
Major depressive disorder,major_depression,weighted,Cerebellum 8 R,108,0.5091286572805819,145,raw_scale_analysis
Major depressive disorder,major_depression,weighted,Cerebellum 9 L,109,0.46591165619619596,145,raw_scale_analysis
Major depressive disorder,major_depression,weighted,Cerebellum 9 R,110,0.47133946549945716,145,raw_scale_analysis
Major depressive disorder,major_depression,weighted,Cerebellum 10 L,111,0.52519377301278,145,raw_scale_analysis
Major depressive disorder,major_depression,weighted,Vermis 8,118,0.5564981431383048,145,raw_scale_analysis
Major depressive disorder,major_depression,weighted,Vermis 9,119,0.5243244302128811,145,raw_scale_analysis
Major depressive disorder,major_depression,weighted,Thal AV L,121,0.5398868340943741,145,raw_scale_analysis
Major depressive disorder,major_depression,weighted,Thal AV R,122,0.49185307759890823,145,raw_scale_analysis
Major depressive disorder,major_depression,weighted,Thal VA L,125,0.49949864562146484,145,raw_scale_analysis
Major depressive disorder,major_depression,weighted,Thal VL L,127,0.4874022452760004,145,raw_scale_analysis
Major depressive disorder,major_depression,weighted,Thal VL R,128,0.49169766223375694,145,raw_scale_analysis
Major depressive disorder,major_depression,weighted,Thal VPL L,129,0.4740640153888853,145,raw_scale_analysis
Major depressive disorder,major_depression,weighted,Thal VPL R,130,0.4832450303597085,145,raw_scale_analysis
Major depressive disorder,major_depression,weighted,Thal IL L,131,0.5312611320924691,145,raw_scale_analysis
Major depressive disorder,major_depression,weighted,Thal MDm L,135,0.4567553264245781,145,raw_scale_analysis
Major depressive disorder,major_depression,weighted,Thal MDm R,136,0.4818861160220388,145,raw_scale_analysis
Major depressive disorder,major_depression,weighted,Thal MDl L,137,0.4652424511938603,145,raw_scale_analysis
Major depressive disorder,major_depression,weighted,Thal LGN L,139,0.5142948991465728,145,raw_scale_analysis
Major depressive disorder,major_depression,weighted,Thal LGN R,140,0.4954649276012255,145,raw_scale_analysis
Major depressive disorder,major_depression,weighted,Thal MGN L,141,0.5226530396062737,145,raw_scale_analysis
Major depressive disorder,major_depression,weighted,Thal PuI L,143,0.5236931176737648,145,raw_scale_analysis
Major depressive disorder,major_depression,weighted,Thal PuI R,144,0.5166405237817306,145,raw_scale_analysis
Major depressive disorder,major_depression,weighted,Thal PuM L,145,0.5106114522647304,145,raw_scale_analysis
Major depressive disorder,major_depression,weighted,Thal PuM R,146,0.4723135397615956,145,raw_scale_analysis
Major depressive disorder,major_depression,weighted,Thal PuA L,147,0.5133901832008896,145,raw_scale_analysis
Major depressive disorder,major_depression,weighted,Thal PuA R,148,0.4592150001512774,145,raw_scale_analysis
Major depressive disorder,major_depression,weighted,ACC pre L,153,0.49101875855605104,145,raw_scale_analysis
Major depressive disorder,major_depression,weighted,ACC pre R,154,0.5399210864259657,145,raw_scale_analysis
Major depressive disorder,major_depression,weighted,ACC sup L,155,0.4654660649381775,145,raw_scale_analysis
Major depressive disorder,major_depression,weighted,ACC sup R,156,0.5300386353269092,145,raw_scale_analysis
Major depressive disorder,major_depression,weighted,N Acc L,157,0.5126980739261444,145,raw_scale_analysis
Major depressive disorder,major_depression,weighted,N Acc R,158,0.550631930854801,145,raw_scale_analysis
Major depressive disorder,major_depression,weighted,SN pc L,161,0.47193630097017114,145,raw_scale_analysis
Major depressive disorder,major_depression,weighted,SN pr L,163,0.4808226509185827,145,raw_scale_analysis
Major depressive disorder,major_depression,weighted,SN pr R,164,0.49223827609827964,145,raw_scale_analysis
Major depressive disorder,major_depression,weighted,Red N L,165,0.4687175828686887,145,raw_scale_analysis
Major depressive disorder,major_depression,weighted,Red N R,166,0.4927041341714632,145,raw_scale_analysis
Major depressive disorder,major_depression,weighted,LC L,167,0.46356363623366376,145,raw_scale_analysis
Major depressive disorder,major_depression,weighted,LC R,168,0.43926827820265485,145,raw_scale_analysis
Major depressive disorder,major_depression,weighted,Raphe D,169,0.47818794405079346,145,raw_scale_analysis
Major depressive disorder,major_depression,weighted,Raphe M,170,0.4525200968047831,145,raw_scale_analysis
Attention deficit-hyperactivity disorder,adhd,broad,Precentral L,1,0.4529783391692166,31,raw_scale_analysis
Attention deficit-hyperactivity disorder,adhd,broad,Precentral R,2,0.45112860523695125,31,raw_scale_analysis
Attention deficit-hyperactivity disorder,adhd,broad,Frontal Sup 2 L,3,0.5024935975887201,31,raw_scale_analysis
Attention deficit-hyperactivity disorder,adhd,broad,Frontal Sup 2 R,4,0.5078782725790548,31,raw_scale_analysis
Attention deficit-hyperactivity disorder,adhd,broad,Frontal Mid 2 L,5,0.5110393550271464,31,raw_scale_analysis
Attention deficit-hyperactivity disorder,adhd,broad,Frontal Mid 2 R,6,0.4967494483992083,31,raw_scale_analysis
Attention deficit-hyperactivity disorder,adhd,broad,Frontal Inf Oper L,7,0.48032577498802614,31,raw_scale_analysis
Attention deficit-hyperactivity disorder,adhd,broad,Frontal Inf Oper R,8,0.4787931267764809,31,raw_scale_analysis
Attention deficit-hyperactivity disorder,adhd,broad,Frontal Inf Tri L,9,0.5067110614122626,31,raw_scale_analysis
Attention deficit-hyperactivity disorder,adhd,broad,Frontal Inf Tri R,10,0.5080033221831255,31,raw_scale_analysis
Attention deficit-hyperactivity disorder,adhd,broad,Frontal Inf Orb 2 L,11,0.5333026900693228,31,raw_scale_analysis
Attention deficit-hyperactivity disorder,adhd,broad,Frontal Inf Orb 2 R,12,0.4800670279769464,31,raw_scale_analysis
Attention deficit-hyperactivity disorder,adhd,broad,Rolandic Oper L,13,0.5080469458372848,31,raw_scale_analysis
Attention deficit-hyperactivity disorder,adhd,broad,Rolandic Oper R,14,0.5267569460065221,31,raw_scale_analysis
Attention deficit-hyperactivity disorder,adhd,broad,Supp Motor Area L,15,0.468862225177216,31,raw_scale_analysis
Attention deficit-hyperactivity disorder,adhd,broad,Supp Motor Area R,16,0.4528218995943806,31,raw_scale_analysis
Attention deficit-hyperactivity disorder,adhd,broad,Olfactory L,17,0.49088628283483204,31,raw_scale_analysis
Attention deficit-hyperactivity disorder,adhd,broad,Olfactory R,18,0.45745611574225126,31,raw_scale_analysis
Attention deficit-hyperactivity disorder,adhd,broad,Frontal Sup Medial L,19,0.5179271284181804,31,raw_scale_analysis
Attention deficit-hyperactivity disorder,adhd,broad,Frontal Sup Medial R,20,0.5228033602657243,31,raw_scale_analysis
Attention deficit-hyperactivity disorder,adhd,broad,Frontal Med Orb L,21,0.5287752666458699,31,raw_scale_analysis
Attention deficit-hyperactivity disorder,adhd,broad,Frontal Med Orb R,22,0.5465875277620975,31,raw_scale_analysis
Attention deficit-hyperactivity disorder,adhd,broad,Rectus L,23,0.5346183378835855,31,raw_scale_analysis
Attention deficit-hyperactivity disorder,adhd,broad,Rectus R,24,0.5682797948797255,31,raw_scale_analysis
Attention deficit-hyperactivity disorder,adhd,broad,OFCmed L,25,0.5227402720612203,31,raw_scale_analysis
Attention deficit-hyperactivity disorder,adhd,broad,OFCmed R,26,0.5534083135005216,31,raw_scale_analysis
Attention deficit-hyperactivity disorder,adhd,broad,OFCant L,27,0.5228392308406955,31,raw_scale_analysis
Attention deficit-hyperactivity disorder,adhd,broad,OFCant R,28,0.5294332739884332,31,raw_scale_analysis
Attention deficit-hyperactivity disorder,adhd,broad,OFCpost L,29,0.5113002690457433,31,raw_scale_analysis
Attention deficit-hyperactivity disorder,adhd,broad,OFCpost R,30,0.5155981256475515,31,raw_scale_analysis
Attention deficit-hyperactivity disorder,adhd,broad,OFClat L,31,0.498623403731056,31,raw_scale_analysis
Attention deficit-hyperactivity disorder,adhd,broad,OFClat R,32,0.5039755497244394,31,raw_scale_analysis
Attention deficit-hyperactivity disorder,adhd,broad,Insula L,33,0.5014535947232316,31,raw_scale_analysis
Attention deficit-hyperactivity disorder,adhd,broad,Insula R,34,0.4999175920875039,31,raw_scale_analysis
Attention deficit-hyperactivity disorder,adhd,broad,Cingulate Mid L,37,0.483494900309187,31,raw_scale_analysis
Attention deficit-hyperactivity disorder,adhd,broad,Cingulate Mid R,38,0.47885177198759654,31,raw_scale_analysis
Attention deficit-hyperactivity disorder,adhd,broad,Cingulate Post L,39,0.5527724036707011,31,raw_scale_analysis
Attention deficit-hyperactivity disorder,adhd,broad,Hippocampus L,41,0.5094484596768515,31,raw_scale_analysis
Attention deficit-hyperactivity disorder,adhd,broad,Hippocampus R,42,0.4972498723681198,31,raw_scale_analysis
Attention deficit-hyperactivity disorder,adhd,broad,ParaHippocampal L,43,0.4893545298088229,31,raw_scale_analysis
Attention deficit-hyperactivity disorder,adhd,broad,ParaHippocampal R,44,0.48370215072145156,31,raw_scale_analysis
Attention deficit-hyperactivity disorder,adhd,broad,Amygdala L,45,0.5172131200441255,31,raw_scale_analysis
Attention deficit-hyperactivity disorder,adhd,broad,Amygdala R,46,0.4674869334694393,31,raw_scale_analysis
Attention deficit-hyperactivity disorder,adhd,broad,Calcarine L,47,0.5201395931931116,31,raw_scale_analysis
Attention deficit-hyperactivity disorder,adhd,broad,Calcarine R,48,0.5182787694085094,31,raw_scale_analysis
Attention deficit-hyperactivity disorder,adhd,broad,Cuneus L,49,0.5107246483469549,31,raw_scale_analysis
Attention deficit-hyperactivity disorder,adhd,broad,Lingual L,51,0.5220984715072554,31,raw_scale_analysis
Attention deficit-hyperactivity disorder,adhd,broad,Lingual R,52,0.504493188094962,31,raw_scale_analysis
Attention deficit-hyperactivity disorder,adhd,broad,Occipital Sup L,53,0.5356025520410191,31,raw_scale_analysis
Attention deficit-hyperactivity disorder,adhd,broad,Occipital Mid L,55,0.5252080645821401,31,raw_scale_analysis
Attention deficit-hyperactivity disorder,adhd,broad,Occipital Mid R,56,0.5014409007707159,31,raw_scale_analysis
Attention deficit-hyperactivity disorder,adhd,broad,Occipital Inf L,57,0.5288700096283638,31,raw_scale_analysis
Attention deficit-hyperactivity disorder,adhd,broad,Occipital Inf R,58,0.4799670620186318,31,raw_scale_analysis
Attention deficit-hyperactivity disorder,adhd,broad,Fusiform L,59,0.509900668495562,31,raw_scale_analysis
Attention deficit-hyperactivity disorder,adhd,broad,Fusiform R,60,0.5088286788007182,31,raw_scale_analysis
Attention deficit-hyperactivity disorder,adhd,broad,Postcentral L,61,0.4789995561877228,31,raw_scale_analysis
Attention deficit-hyperactivity disorder,adhd,broad,Postcentral R,62,0.4688899707785297,31,raw_scale_analysis
Attention deficit-hyperactivity disorder,adhd,broad,Parietal Sup L,63,0.5152875953550571,31,raw_scale_analysis
Attention deficit-hyperactivity disorder,adhd,broad,Parietal Sup R,64,0.46520694372438276,31,raw_scale_analysis
Attention deficit-hyperactivity disorder,adhd,broad,Parietal Inf L,65,0.5215320655092036,31,raw_scale_analysis
Attention deficit-hyperactivity disorder,adhd,broad,Parietal Inf R,66,0.5065437013678487,31,raw_scale_analysis
Attention deficit-hyperactivity disorder,adhd,broad,SupraMarginal L,67,0.48330063782055765,31,raw_scale_analysis
Attention deficit-hyperactivity disorder,adhd,broad,SupraMarginal R,68,0.5167709763940292,31,raw_scale_analysis
Attention deficit-hyperactivity disorder,adhd,broad,Angular L,69,0.5311358841448557,31,raw_scale_analysis
Attention deficit-hyperactivity disorder,adhd,broad,Angular R,70,0.5092371211956084,31,raw_scale_analysis
Attention deficit-hyperactivity disorder,adhd,broad,Precuneus L,71,0.5090339211267009,31,raw_scale_analysis
Attention deficit-hyperactivity disorder,adhd,broad,Precuneus R,72,0.4946304523799492,31,raw_scale_analysis
Attention deficit-hyperactivity disorder,adhd,broad,Paracentral Lobule L,73,0.4578545534587574,31,raw_scale_analysis
Attention deficit-hyperactivity disorder,adhd,broad,Paracentral Lobule R,74,0.44235592169666577,31,raw_scale_analysis
Attention deficit-hyperactivity disorder,adhd,broad,Caudate L,75,0.5376994631212868,31,raw_scale_analysis
Attention deficit-hyperactivity disorder,adhd,broad,Caudate R,76,0.5492348971454881,31,raw_scale_analysis
Attention deficit-hyperactivity disorder,adhd,broad,Putamen L,77,0.5019179797455176,31,raw_scale_analysis
Attention deficit-hyperactivity disorder,adhd,broad,Putamen R,78,0.5254750167738759,31,raw_scale_analysis
Attention deficit-hyperactivity disorder,adhd,broad,Pallidum L,79,0.5098414199516358,31,raw_scale_analysis
Attention deficit-hyperactivity disorder,adhd,broad,Pallidum R,80,0.5286490123171972,31,raw_scale_analysis
Attention deficit-hyperactivity disorder,adhd,broad,Heschl L,83,0.5106699175473352,31,raw_scale_analysis
Attention deficit-hyperactivity disorder,adhd,broad,Heschl R,84,0.4798379367939892,31,raw_scale_analysis
Attention deficit-hyperactivity disorder,adhd,broad,Temporal Sup L,85,0.4909981523869568,31,raw_scale_analysis
Attention deficit-hyperactivity disorder,adhd,broad,Temporal Sup R,86,0.5039395650316966,31,raw_scale_analysis
Attention deficit-hyperactivity disorder,adhd,broad,Temporal Pole Sup L,87,0.4818564797513446,31,raw_scale_analysis
Attention deficit-hyperactivity disorder,adhd,broad,Temporal Pole Sup R,88,0.5062329344040292,31,raw_scale_analysis
Attention deficit-hyperactivity disorder,adhd,broad,Temporal Mid L,89,0.49824339539451773,31,raw_scale_analysis
Attention deficit-hyperactivity disorder,adhd,broad,Temporal Mid R,90,0.5229780742713602,31,raw_scale_analysis
Attention deficit-hyperactivity disorder,adhd,broad,Temporal Pole Mid L,91,0.4839918425469961,31,raw_scale_analysis
Attention deficit-hyperactivity disorder,adhd,broad,Temporal Inf L,93,0.5016267120468935,31,raw_scale_analysis
Attention deficit-hyperactivity disorder,adhd,broad,Temporal Inf R,94,0.5226552509321719,31,raw_scale_analysis
Attention deficit-hyperactivity disorder,adhd,broad,Cerebellum Crus1 L,95,0.47077116254548934,31,raw_scale_analysis
Attention deficit-hyperactivity disorder,adhd,broad,Cerebellum Crus1 R,96,0.489668176142681,31,raw_scale_analysis
Attention deficit-hyperactivity disorder,adhd,broad,Cerebellum Crus2 L,97,0.47718340545471294,31,raw_scale_analysis
Attention deficit-hyperactivity disorder,adhd,broad,Cerebellum Crus2 R,98,0.49026469996659117,31,raw_scale_analysis
Attention deficit-hyperactivity disorder,adhd,broad,Cerebellum 4 5 L,101,0.49342295382568113,31,raw_scale_analysis
Attention deficit-hyperactivity disorder,adhd,broad,Cerebellum 4 5 R,102,0.4974205711624064,31,raw_scale_analysis
Attention deficit-hyperactivity disorder,adhd,broad,Cerebellum 6 L,103,0.5098600450666377,31,raw_scale_analysis
Attention deficit-hyperactivity disorder,adhd,broad,Cerebellum 6 R,104,0.48390079410234343,31,raw_scale_analysis
Attention deficit-hyperactivity disorder,adhd,broad,Cerebellum 7b L,105,0.4893753466153032,31,raw_scale_analysis
Attention deficit-hyperactivity disorder,adhd,broad,Cerebellum 7b R,106,0.5482896673370918,31,raw_scale_analysis
Attention deficit-hyperactivity disorder,adhd,broad,Cerebellum 8 L,107,0.4809137173300645,31,raw_scale_analysis
Attention deficit-hyperactivity disorder,adhd,broad,Cerebellum 8 R,108,0.4997222425292601,31,raw_scale_analysis
Attention deficit-hyperactivity disorder,adhd,broad,Cerebellum 9 L,109,0.4655122142791747,31,raw_scale_analysis
Attention deficit-hyperactivity disorder,adhd,broad,Cerebellum 9 R,110,0.46026465087245605,31,raw_scale_analysis
Attention deficit-hyperactivity disorder,adhd,broad,Cerebellum 10 L,111,0.49206067167641004,31,raw_scale_analysis
Attention deficit-hyperactivity disorder,adhd,broad,Vermis 8,118,0.49026644326406243,31,raw_scale_analysis
Attention deficit-hyperactivity disorder,adhd,broad,Vermis 9,119,0.5505323764037291,31,raw_scale_analysis
Attention deficit-hyperactivity disorder,adhd,broad,Thal AV L,121,0.5432823892174127,31,raw_scale_analysis
Attention deficit-hyperactivity disorder,adhd,broad,Thal AV R,122,0.5319361429754098,31,raw_scale_analysis
Attention deficit-hyperactivity disorder,adhd,broad,Thal VA L,125,0.50514115416148,31,raw_scale_analysis
Attention deficit-hyperactivity disorder,adhd,broad,Thal VL L,127,0.4930347014995656,31,raw_scale_analysis
Attention deficit-hyperactivity disorder,adhd,broad,Thal VL R,128,0.4784209592417804,31,raw_scale_analysis
Attention deficit-hyperactivity disorder,adhd,broad,Thal VPL L,129,0.46128852155790395,31,raw_scale_analysis
Attention deficit-hyperactivity disorder,adhd,broad,Thal VPL R,130,0.46631181951926964,31,raw_scale_analysis
Attention deficit-hyperactivity disorder,adhd,broad,Thal IL L,131,0.520241273228816,31,raw_scale_analysis
Attention deficit-hyperactivity disorder,adhd,broad,Thal MDm L,135,0.4631185369970023,31,raw_scale_analysis
Attention deficit-hyperactivity disorder,adhd,broad,Thal MDm R,136,0.5069485884597099,31,raw_scale_analysis
Attention deficit-hyperactivity disorder,adhd,broad,Thal MDl L,137,0.45445268316129483,31,raw_scale_analysis
Attention deficit-hyperactivity disorder,adhd,broad,Thal LGN L,139,0.501351590466084,31,raw_scale_analysis
Attention deficit-hyperactivity disorder,adhd,broad,Thal LGN R,140,0.4837798196187747,31,raw_scale_analysis
Attention deficit-hyperactivity disorder,adhd,broad,Thal MGN L,141,0.49858492258984916,31,raw_scale_analysis
Attention deficit-hyperactivity disorder,adhd,broad,Thal PuI L,143,0.49013802845227183,31,raw_scale_analysis
Attention deficit-hyperactivity disorder,adhd,broad,Thal PuI R,144,0.4956301562896017,31,raw_scale_analysis
Attention deficit-hyperactivity disorder,adhd,broad,Thal PuM L,145,0.5007070107690401,31,raw_scale_analysis
Attention deficit-hyperactivity disorder,adhd,broad,Thal PuM R,146,0.48033694444097247,31,raw_scale_analysis
Attention deficit-hyperactivity disorder,adhd,broad,Thal PuA L,147,0.5047309804517218,31,raw_scale_analysis
Attention deficit-hyperactivity disorder,adhd,broad,Thal PuA R,148,0.46077856410042983,31,raw_scale_analysis
Attention deficit-hyperactivity disorder,adhd,broad,ACC pre L,153,0.4720492449183326,31,raw_scale_analysis
Attention deficit-hyperactivity disorder,adhd,broad,ACC pre R,154,0.5483256408417112,31,raw_scale_analysis
Attention deficit-hyperactivity disorder,adhd,broad,ACC sup L,155,0.4387786523097202,31,raw_scale_analysis
Attention deficit-hyperactivity disorder,adhd,broad,ACC sup R,156,0.49989879239984647,31,raw_scale_analysis
Attention deficit-hyperactivity disorder,adhd,broad,N Acc L,157,0.5062079896466973,31,raw_scale_analysis
Attention deficit-hyperactivity disorder,adhd,broad,N Acc R,158,0.5794680845794109,31,raw_scale_analysis
Attention deficit-hyperactivity disorder,adhd,broad,SN pc L,161,0.48745259611188146,31,raw_scale_analysis
Attention deficit-hyperactivity disorder,adhd,broad,SN pr L,163,0.47574065802148974,31,raw_scale_analysis
Attention deficit-hyperactivity disorder,adhd,broad,SN pr R,164,0.5144333139748853,31,raw_scale_analysis
Attention deficit-hyperactivity disorder,adhd,broad,Red N L,165,0.48727521146819447,31,raw_scale_analysis
Attention deficit-hyperactivity disorder,adhd,broad,Red N R,166,0.4791357617850231,31,raw_scale_analysis
Attention deficit-hyperactivity disorder,adhd,broad,LC L,167,0.4697382353843838,31,raw_scale_analysis
Attention deficit-hyperactivity disorder,adhd,broad,LC R,168,0.44328804098460484,31,raw_scale_analysis
Attention deficit-hyperactivity disorder,adhd,broad,Raphe D,169,0.45647398908369935,31,raw_scale_analysis
Attention deficit-hyperactivity disorder,adhd,broad,Raphe M,170,0.46678528637405237,31,raw_scale_analysis
Attention deficit-hyperactivity disorder,adhd,stringent,Precentral L,1,0.4134201076796457,9,raw_scale_analysis
Attention deficit-hyperactivity disorder,adhd,stringent,Precentral R,2,0.425299131971262,9,raw_scale_analysis
Attention deficit-hyperactivity disorder,adhd,stringent,Frontal Sup 2 L,3,0.5152991672935063,9,raw_scale_analysis
Attention deficit-hyperactivity disorder,adhd,stringent,Frontal Sup 2 R,4,0.5271827052605951,9,raw_scale_analysis
Attention deficit-hyperactivity disorder,adhd,stringent,Frontal Mid 2 L,5,0.5419784318986831,9,raw_scale_analysis
Attention deficit-hyperactivity disorder,adhd,stringent,Frontal Mid 2 R,6,0.5361572203015765,9,raw_scale_analysis
Attention deficit-hyperactivity disorder,adhd,stringent,Frontal Inf Oper L,7,0.5063606427784805,9,raw_scale_analysis
Attention deficit-hyperactivity disorder,adhd,stringent,Frontal Inf Oper R,8,0.47839213029656924,9,raw_scale_analysis
Attention deficit-hyperactivity disorder,adhd,stringent,Frontal Inf Tri L,9,0.5848706654266499,9,raw_scale_analysis
Attention deficit-hyperactivity disorder,adhd,stringent,Frontal Inf Tri R,10,0.5713941276343046,9,raw_scale_analysis
Attention deficit-hyperactivity disorder,adhd,stringent,Frontal Inf Orb 2 L,11,0.592072532621842,9,raw_scale_analysis
Attention deficit-hyperactivity disorder,adhd,stringent,Frontal Inf Orb 2 R,12,0.5086209532570195,9,raw_scale_analysis
Attention deficit-hyperactivity disorder,adhd,stringent,Rolandic Oper L,13,0.5275453579762137,9,raw_scale_analysis
Attention deficit-hyperactivity disorder,adhd,stringent,Rolandic Oper R,14,0.5222652393567117,9,raw_scale_analysis
Attention deficit-hyperactivity disorder,adhd,stringent,Supp Motor Area L,15,0.4656471302325343,9,raw_scale_analysis
Attention deficit-hyperactivity disorder,adhd,stringent,Supp Motor Area R,16,0.407200467118664,9,raw_scale_analysis
Attention deficit-hyperactivity disorder,adhd,stringent,Olfactory L,17,0.5652412563490714,9,raw_scale_analysis
Attention deficit-hyperactivity disorder,adhd,stringent,Olfactory R,18,0.5003105817683097,9,raw_scale_analysis
Attention deficit-hyperactivity disorder,adhd,stringent,Frontal Sup Medial L,19,0.5435658394425739,9,raw_scale_analysis
Attention deficit-hyperactivity disorder,adhd,stringent,Frontal Sup Medial R,20,0.5282776820581484,9,raw_scale_analysis
Attention deficit-hyperactivity disorder,adhd,stringent,Frontal Med Orb L,21,0.6015771419540421,9,raw_scale_analysis
Attention deficit-hyperactivity disorder,adhd,stringent,Frontal Med Orb R,22,0.603665651209437,9,raw_scale_analysis
Attention deficit-hyperactivity disorder,adhd,stringent,Rectus L,23,0.6295076947491092,9,raw_scale_analysis
Attention deficit-hyperactivity disorder,adhd,stringent,Rectus R,24,0.6714710766529365,9,raw_scale_analysis
Attention deficit-hyperactivity disorder,adhd,stringent,OFCmed L,25,0.6340581976746216,9,raw_scale_analysis
Attention deficit-hyperactivity disorder,adhd,stringent,OFCmed R,26,0.6738456279065375,9,raw_scale_analysis
Attention deficit-hyperactivity disorder,adhd,stringent,OFCant L,27,0.6096637924455346,9,raw_scale_analysis
Attention deficit-hyperactivity disorder,adhd,stringent,OFCant R,28,0.595405417124538,9,raw_scale_analysis
Attention deficit-hyperactivity disorder,adhd,stringent,OFCpost L,29,0.6677356086652342,9,raw_scale_analysis
Attention deficit-hyperactivity disorder,adhd,stringent,OFCpost R,30,0.6072651367295224,9,raw_scale_analysis
Attention deficit-hyperactivity disorder,adhd,stringent,OFClat L,31,0.6077197937609041,9,raw_scale_analysis
Attention deficit-hyperactivity disorder,adhd,stringent,OFClat R,32,0.6071924101245814,9,raw_scale_analysis
Attention deficit-hyperactivity disorder,adhd,stringent,Insula L,33,0.5490689448098737,9,raw_scale_analysis
Attention deficit-hyperactivity disorder,adhd,stringent,Insula R,34,0.5724110732394961,9,raw_scale_analysis
Attention deficit-hyperactivity disorder,adhd,stringent,Cingulate Mid L,37,0.5214906405352799,9,raw_scale_analysis
Attention deficit-hyperactivity disorder,adhd,stringent,Cingulate Mid R,38,0.47855617519153626,9,raw_scale_analysis
Attention deficit-hyperactivity disorder,adhd,stringent,Cingulate Post L,39,0.5623509173462435,9,raw_scale_analysis
Attention deficit-hyperactivity disorder,adhd,stringent,Hippocampus L,41,0.5025540215877942,9,raw_scale_analysis
Attention deficit-hyperactivity disorder,adhd,stringent,Hippocampus R,42,0.50905379908288,9,raw_scale_analysis
Attention deficit-hyperactivity disorder,adhd,stringent,ParaHippocampal L,43,0.43036931732844447,9,raw_scale_analysis
Attention deficit-hyperactivity disorder,adhd,stringent,ParaHippocampal R,44,0.4589106921245254,9,raw_scale_analysis
Attention deficit-hyperactivity disorder,adhd,stringent,Amygdala L,45,0.52307565579323,9,raw_scale_analysis
Attention deficit-hyperactivity disorder,adhd,stringent,Amygdala R,46,0.4184103480776499,9,raw_scale_analysis
Attention deficit-hyperactivity disorder,adhd,stringent,Calcarine L,47,0.4756281157951761,9,raw_scale_analysis
Attention deficit-hyperactivity disorder,adhd,stringent,Calcarine R,48,0.4794557678972428,9,raw_scale_analysis
Attention deficit-hyperactivity disorder,adhd,stringent,Cuneus L,49,0.44820086481151716,9,raw_scale_analysis
Attention deficit-hyperactivity disorder,adhd,stringent,Lingual L,51,0.5013028288793175,9,raw_scale_analysis
Attention deficit-hyperactivity disorder,adhd,stringent,Lingual R,52,0.47704688319254923,9,raw_scale_analysis
Attention deficit-hyperactivity disorder,adhd,stringent,Occipital Sup L,53,0.5537890852090666,9,raw_scale_analysis
Attention deficit-hyperactivity disorder,adhd,stringent,Occipital Mid L,55,0.4961836581133756,9,raw_scale_analysis
Attention deficit-hyperactivity disorder,adhd,stringent,Occipital Mid R,56,0.4478206768269225,9,raw_scale_analysis
Attention deficit-hyperactivity disorder,adhd,stringent,Occipital Inf L,57,0.5139746361106425,9,raw_scale_analysis
Attention deficit-hyperactivity disorder,adhd,stringent,Occipital Inf R,58,0.4783277529984569,9,raw_scale_analysis
Attention deficit-hyperactivity disorder,adhd,stringent,Fusiform L,59,0.522823133023386,9,raw_scale_analysis
Attention deficit-hyperactivity disorder,adhd,stringent,Fusiform R,60,0.5271468126812415,9,raw_scale_analysis
Attention deficit-hyperactivity disorder,adhd,stringent,Postcentral L,61,0.4377031961013809,9,raw_scale_analysis
Attention deficit-hyperactivity disorder,adhd,stringent,Postcentral R,62,0.4461802684176501,9,raw_scale_analysis
Attention deficit-hyperactivity disorder,adhd,stringent,Parietal Sup L,63,0.5029064099648328,9,raw_scale_analysis
Attention deficit-hyperactivity disorder,adhd,stringent,Parietal Sup R,64,0.4784809289720353,9,raw_scale_analysis
Attention deficit-hyperactivity disorder,adhd,stringent,Parietal Inf L,65,0.524782956941708,9,raw_scale_analysis
Attention deficit-hyperactivity disorder,adhd,stringent,Parietal Inf R,66,0.4694547617963781,9,raw_scale_analysis
Attention deficit-hyperactivity disorder,adhd,stringent,SupraMarginal L,67,0.5013361637747029,9,raw_scale_analysis
Attention deficit-hyperactivity disorder,adhd,stringent,SupraMarginal R,68,0.5543483897332361,9,raw_scale_analysis
Attention deficit-hyperactivity disorder,adhd,stringent,Angular L,69,0.5741644963183865,9,raw_scale_analysis
Attention deficit-hyperactivity disorder,adhd,stringent,Angular R,70,0.5798290884091989,9,raw_scale_analysis
Attention deficit-hyperactivity disorder,adhd,stringent,Precuneus L,71,0.5340046208406649,9,raw_scale_analysis
Attention deficit-hyperactivity disorder,adhd,stringent,Precuneus R,72,0.5004790969800395,9,raw_scale_analysis
Attention deficit-hyperactivity disorder,adhd,stringent,Paracentral Lobule L,73,0.3940043363731188,9,raw_scale_analysis
Attention deficit-hyperactivity disorder,adhd,stringent,Paracentral Lobule R,74,0.4004043173454587,9,raw_scale_analysis
Attention deficit-hyperactivity disorder,adhd,stringent,Caudate L,75,0.577969017518335,9,raw_scale_analysis
Attention deficit-hyperactivity disorder,adhd,stringent,Caudate R,76,0.5712484039757126,9,raw_scale_analysis
Attention deficit-hyperactivity disorder,adhd,stringent,Putamen L,77,0.5157759385062302,9,raw_scale_analysis
Attention deficit-hyperactivity disorder,adhd,stringent,Putamen R,78,0.5147294084712484,9,raw_scale_analysis
Attention deficit-hyperactivity disorder,adhd,stringent,Pallidum L,79,0.49744843908666314,9,raw_scale_analysis
Attention deficit-hyperactivity disorder,adhd,stringent,Pallidum R,80,0.5178573397453304,9,raw_scale_analysis
Attention deficit-hyperactivity disorder,adhd,stringent,Heschl L,83,0.48606628865647494,9,raw_scale_analysis
Attention deficit-hyperactivity disorder,adhd,stringent,Heschl R,84,0.3682917189802547,9,raw_scale_analysis
Attention deficit-hyperactivity disorder,adhd,stringent,Temporal Sup L,85,0.49940093551164444,9,raw_scale_analysis
Attention deficit-hyperactivity disorder,adhd,stringent,Temporal Sup R,86,0.5451460147465489,9,raw_scale_analysis
Attention deficit-hyperactivity disorder,adhd,stringent,Temporal Pole Sup L,87,0.5415065908520995,9,raw_scale_analysis
Attention deficit-hyperactivity disorder,adhd,stringent,Temporal Pole Sup R,88,0.42817700898244687,9,raw_scale_analysis
Attention deficit-hyperactivity disorder,adhd,stringent,Temporal Mid L,89,0.5264453053435606,9,raw_scale_analysis
Attention deficit-hyperactivity disorder,adhd,stringent,Temporal Mid R,90,0.5645040238202224,9,raw_scale_analysis
Attention deficit-hyperactivity disorder,adhd,stringent,Temporal Pole Mid L,91,0.5373204865113588,9,raw_scale_analysis
Attention deficit-hyperactivity disorder,adhd,stringent,Temporal Inf L,93,0.534209002990103,9,raw_scale_analysis
Attention deficit-hyperactivity disorder,adhd,stringent,Temporal Inf R,94,0.5634793643458623,9,raw_scale_analysis
Attention deficit-hyperactivity disorder,adhd,stringent,Cerebellum Crus1 L,95,0.46443286238068165,9,raw_scale_analysis
Attention deficit-hyperactivity disorder,adhd,stringent,Cerebellum Crus1 R,96,0.49837357948199135,9,raw_scale_analysis
Attention deficit-hyperactivity disorder,adhd,stringent,Cerebellum Crus2 L,97,0.4440142637894649,9,raw_scale_analysis
Attention deficit-hyperactivity disorder,adhd,stringent,Cerebellum Crus2 R,98,0.4361697035988869,9,raw_scale_analysis
Attention deficit-hyperactivity disorder,adhd,stringent,Cerebellum 4 5 L,101,0.44401781564975135,9,raw_scale_analysis
Attention deficit-hyperactivity disorder,adhd,stringent,Cerebellum 4 5 R,102,0.4924631122747105,9,raw_scale_analysis
Attention deficit-hyperactivity disorder,adhd,stringent,Cerebellum 6 L,103,0.4687099100236416,9,raw_scale_analysis
Attention deficit-hyperactivity disorder,adhd,stringent,Cerebellum 6 R,104,0.4523390269445416,9,raw_scale_analysis
Attention deficit-hyperactivity disorder,adhd,stringent,Cerebellum 7b L,105,0.45930822232429336,9,raw_scale_analysis
Attention deficit-hyperactivity disorder,adhd,stringent,Cerebellum 7b R,106,0.5447950405580883,9,raw_scale_analysis
Attention deficit-hyperactivity disorder,adhd,stringent,Cerebellum 8 L,107,0.4636606070113572,9,raw_scale_analysis
Attention deficit-hyperactivity disorder,adhd,stringent,Cerebellum 8 R,108,0.5008559945508394,9,raw_scale_analysis
Attention deficit-hyperactivity disorder,adhd,stringent,Cerebellum 9 L,109,0.42056354693260306,9,raw_scale_analysis
Attention deficit-hyperactivity disorder,adhd,stringent,Cerebellum 9 R,110,0.446223039445779,9,raw_scale_analysis
Attention deficit-hyperactivity disorder,adhd,stringent,Cerebellum 10 L,111,0.5230053936171495,9,raw_scale_analysis
Attention deficit-hyperactivity disorder,adhd,stringent,Vermis 8,118,0.5305177036802048,9,raw_scale_analysis
Attention deficit-hyperactivity disorder,adhd,stringent,Vermis 9,119,0.634503963653771,9,raw_scale_analysis
Attention deficit-hyperactivity disorder,adhd,stringent,Thal AV L,121,0.6083160399410448,9,raw_scale_analysis
Attention deficit-hyperactivity disorder,adhd,stringent,Thal AV R,122,0.6005381111243636,9,raw_scale_analysis
Attention deficit-hyperactivity disorder,adhd,stringent,Thal VA L,125,0.5359910575961185,9,raw_scale_analysis
Attention deficit-hyperactivity disorder,adhd,stringent,Thal VL L,127,0.5174959270879046,9,raw_scale_analysis
Attention deficit-hyperactivity disorder,adhd,stringent,Thal VL R,128,0.5143243207272696,9,raw_scale_analysis
Attention deficit-hyperactivity disorder,adhd,stringent,Thal VPL L,129,0.47240514907275344,9,raw_scale_analysis
Attention deficit-hyperactivity disorder,adhd,stringent,Thal VPL R,130,0.4327945008870427,9,raw_scale_analysis
Attention deficit-hyperactivity disorder,adhd,stringent,Thal IL L,131,0.5868803095857928,9,raw_scale_analysis
Attention deficit-hyperactivity disorder,adhd,stringent,Thal MDm L,135,0.5242477175986759,9,raw_scale_analysis
Attention deficit-hyperactivity disorder,adhd,stringent,Thal MDm R,136,0.5174242250931124,9,raw_scale_analysis
Attention deficit-hyperactivity disorder,adhd,stringent,Thal MDl L,137,0.5598775086294633,9,raw_scale_analysis
Attention deficit-hyperactivity disorder,adhd,stringent,Thal LGN L,139,0.5410889587163901,9,raw_scale_analysis
Attention deficit-hyperactivity disorder,adhd,stringent,Thal LGN R,140,0.5196416097966126,9,raw_scale_analysis
Attention deficit-hyperactivity disorder,adhd,stringent,Thal MGN L,141,0.5062173564749298,9,raw_scale_analysis
Attention deficit-hyperactivity disorder,adhd,stringent,Thal PuI L,143,0.4806571874641237,9,raw_scale_analysis
Attention deficit-hyperactivity disorder,adhd,stringent,Thal PuI R,144,0.49100312278832753,9,raw_scale_analysis
Attention deficit-hyperactivity disorder,adhd,stringent,Thal PuM L,145,0.5404677057544595,9,raw_scale_analysis
Attention deficit-hyperactivity disorder,adhd,stringent,Thal PuM R,146,0.5271574779558611,9,raw_scale_analysis
Attention deficit-hyperactivity disorder,adhd,stringent,Thal PuA L,147,0.5774695030937785,9,raw_scale_analysis
Attention deficit-hyperactivity disorder,adhd,stringent,Thal PuA R,148,0.4582429058406394,9,raw_scale_analysis
Attention deficit-hyperactivity disorder,adhd,stringent,ACC pre L,153,0.5921038735374001,9,raw_scale_analysis
Attention deficit-hyperactivity disorder,adhd,stringent,ACC pre R,154,0.6029176104932655,9,raw_scale_analysis
Attention deficit-hyperactivity disorder,adhd,stringent,ACC sup L,155,0.3718752145525533,9,raw_scale_analysis
Attention deficit-hyperactivity disorder,adhd,stringent,ACC sup R,156,0.5124903108075627,9,raw_scale_analysis
Attention deficit-hyperactivity disorder,adhd,stringent,N Acc L,157,0.525434442091007,9,raw_scale_analysis
Attention deficit-hyperactivity disorder,adhd,stringent,N Acc R,158,0.6242142879869492,9,raw_scale_analysis
Attention deficit-hyperactivity disorder,adhd,stringent,SN pc L,161,0.5251478541676823,9,raw_scale_analysis
Attention deficit-hyperactivity disorder,adhd,stringent,SN pr L,163,0.46283387806431997,9,raw_scale_analysis
Attention deficit-hyperactivity disorder,adhd,stringent,SN pr R,164,0.6020938303447054,9,raw_scale_analysis
Attention deficit-hyperactivity disorder,adhd,stringent,Red N L,165,0.5022679631449304,9,raw_scale_analysis
Attention deficit-hyperactivity disorder,adhd,stringent,Red N R,166,0.48110086221095816,9,raw_scale_analysis
Attention deficit-hyperactivity disorder,adhd,stringent,LC L,167,0.5010743269758365,9,raw_scale_analysis
Attention deficit-hyperactivity disorder,adhd,stringent,LC R,168,0.4730040197806537,9,raw_scale_analysis
Attention deficit-hyperactivity disorder,adhd,stringent,Raphe D,169,0.4823534874271471,9,raw_scale_analysis
Attention deficit-hyperactivity disorder,adhd,stringent,Raphe M,170,0.47279037398630586,9,raw_scale_analysis
Attention deficit-hyperactivity disorder,adhd,weighted,Precentral L,1,0.4421023361370725,31,raw_scale_analysis
Attention deficit-hyperactivity disorder,adhd,weighted,Precentral R,2,0.4455914437625659,31,raw_scale_analysis
Attention deficit-hyperactivity disorder,adhd,weighted,Frontal Sup 2 L,3,0.512360077485886,31,raw_scale_analysis
Attention deficit-hyperactivity disorder,adhd,weighted,Frontal Sup 2 R,4,0.5276107592729421,31,raw_scale_analysis
Attention deficit-hyperactivity disorder,adhd,weighted,Frontal Mid 2 L,5,0.5258934719685364,31,raw_scale_analysis
Attention deficit-hyperactivity disorder,adhd,weighted,Frontal Mid 2 R,6,0.5206509969684154,31,raw_scale_analysis
Attention deficit-hyperactivity disorder,adhd,weighted,Frontal Inf Oper L,7,0.4946564695591704,31,raw_scale_analysis
Attention deficit-hyperactivity disorder,adhd,weighted,Frontal Inf Oper R,8,0.47329040970549113,31,raw_scale_analysis
Attention deficit-hyperactivity disorder,adhd,weighted,Frontal Inf Tri L,9,0.5416354332873975,31,raw_scale_analysis
Attention deficit-hyperactivity disorder,adhd,weighted,Frontal Inf Tri R,10,0.5255521574834181,31,raw_scale_analysis
Attention deficit-hyperactivity disorder,adhd,weighted,Frontal Inf Orb 2 L,11,0.5645381437942276,31,raw_scale_analysis
Attention deficit-hyperactivity disorder,adhd,weighted,Frontal Inf Orb 2 R,12,0.5024568864824785,31,raw_scale_analysis
Attention deficit-hyperactivity disorder,adhd,weighted,Rolandic Oper L,13,0.5153599403468007,31,raw_scale_analysis
Attention deficit-hyperactivity disorder,adhd,weighted,Rolandic Oper R,14,0.5237654107887758,31,raw_scale_analysis
Attention deficit-hyperactivity disorder,adhd,weighted,Supp Motor Area L,15,0.46733974517666516,31,raw_scale_analysis
Attention deficit-hyperactivity disorder,adhd,weighted,Supp Motor Area R,16,0.43414242872809283,31,raw_scale_analysis
Attention deficit-hyperactivity disorder,adhd,weighted,Olfactory L,17,0.5094642695984714,31,raw_scale_analysis
Attention deficit-hyperactivity disorder,adhd,weighted,Olfactory R,18,0.46543705467399693,31,raw_scale_analysis
Attention deficit-hyperactivity disorder,adhd,weighted,Frontal Sup Medial L,19,0.5341741705908869,31,raw_scale_analysis
Attention deficit-hyperactivity disorder,adhd,weighted,Frontal Sup Medial R,20,0.529873177363976,31,raw_scale_analysis
Attention deficit-hyperactivity disorder,adhd,weighted,Frontal Med Orb L,21,0.5447893255737634,31,raw_scale_analysis
Attention deficit-hyperactivity disorder,adhd,weighted,Frontal Med Orb R,22,0.5734175456000734,31,raw_scale_analysis
Attention deficit-hyperactivity disorder,adhd,weighted,Rectus L,23,0.5713504220154809,31,raw_scale_analysis
Attention deficit-hyperactivity disorder,adhd,weighted,Rectus R,24,0.6103559889994518,31,raw_scale_analysis
Attention deficit-hyperactivity disorder,adhd,weighted,OFCmed L,25,0.5648873913548393,31,raw_scale_analysis
Attention deficit-hyperactivity disorder,adhd,weighted,OFCmed R,26,0.6093715253512595,31,raw_scale_analysis
Attention deficit-hyperactivity disorder,adhd,weighted,OFCant L,27,0.5722052782254091,31,raw_scale_analysis
Attention deficit-hyperactivity disorder,adhd,weighted,OFCant R,28,0.5600669597014163,31,raw_scale_analysis
Attention deficit-hyperactivity disorder,adhd,weighted,OFCpost L,29,0.5722512091481226,31,raw_scale_analysis
Attention deficit-hyperactivity disorder,adhd,weighted,OFCpost R,30,0.5590379924748535,31,raw_scale_analysis
Attention deficit-hyperactivity disorder,adhd,weighted,OFClat L,31,0.545219785865909,31,raw_scale_analysis
Attention deficit-hyperactivity disorder,adhd,weighted,OFClat R,32,0.5466532127395872,31,raw_scale_analysis
Attention deficit-hyperactivity disorder,adhd,weighted,Insula L,33,0.5190934848660865,31,raw_scale_analysis
Attention deficit-hyperactivity disorder,adhd,weighted,Insula R,34,0.5286596943198938,31,raw_scale_analysis
Attention deficit-hyperactivity disorder,adhd,weighted,Cingulate Mid L,37,0.4985687219959066,31,raw_scale_analysis
Attention deficit-hyperactivity disorder,adhd,weighted,Cingulate Mid R,38,0.4736746476446431,31,raw_scale_analysis
Attention deficit-hyperactivity disorder,adhd,weighted,Cingulate Post L,39,0.5409840480187823,31,raw_scale_analysis
Attention deficit-hyperactivity disorder,adhd,weighted,Hippocampus L,41,0.5092680338857604,31,raw_scale_analysis
Attention deficit-hyperactivity disorder,adhd,weighted,Hippocampus R,42,0.5029791396630449,31,raw_scale_analysis
Attention deficit-hyperactivity disorder,adhd,weighted,ParaHippocampal L,43,0.4594620125578589,31,raw_scale_analysis
Attention deficit-hyperactivity disorder,adhd,weighted,ParaHippocampal R,44,0.47311005481757834,31,raw_scale_analysis
Attention deficit-hyperactivity disorder,adhd,weighted,Amygdala L,45,0.5091117688610033,31,raw_scale_analysis
Attention deficit-hyperactivity disorder,adhd,weighted,Amygdala R,46,0.4459105362111992,31,raw_scale_analysis
Attention deficit-hyperactivity disorder,adhd,weighted,Calcarine L,47,0.49823868176536973,31,raw_scale_analysis
Attention deficit-hyperactivity disorder,adhd,weighted,Calcarine R,48,0.5007263018804512,31,raw_scale_analysis
Attention deficit-hyperactivity disorder,adhd,weighted,Cuneus L,49,0.48356857878354276,31,raw_scale_analysis
Attention deficit-hyperactivity disorder,adhd,weighted,Lingual L,51,0.5120710873022611,31,raw_scale_analysis
Attention deficit-hyperactivity disorder,adhd,weighted,Lingual R,52,0.49392180115658707,31,raw_scale_analysis
Attention deficit-hyperactivity disorder,adhd,weighted,Occipital Sup L,53,0.5322164426660767,31,raw_scale_analysis
Attention deficit-hyperactivity disorder,adhd,weighted,Occipital Mid L,55,0.5134393520167729,31,raw_scale_analysis
Attention deficit-hyperactivity disorder,adhd,weighted,Occipital Mid R,56,0.47390999300505054,31,raw_scale_analysis
Attention deficit-hyperactivity disorder,adhd,weighted,Occipital Inf L,57,0.5225079347440796,31,raw_scale_analysis
Attention deficit-hyperactivity disorder,adhd,weighted,Occipital Inf R,58,0.48867221408554584,31,raw_scale_analysis
Attention deficit-hyperactivity disorder,adhd,weighted,Fusiform L,59,0.5129630785983862,31,raw_scale_analysis
Attention deficit-hyperactivity disorder,adhd,weighted,Fusiform R,60,0.5159956959864377,31,raw_scale_analysis
Attention deficit-hyperactivity disorder,adhd,weighted,Postcentral L,61,0.461928341696617,31,raw_scale_analysis
Attention deficit-hyperactivity disorder,adhd,weighted,Postcentral R,62,0.4671847041879103,31,raw_scale_analysis
Attention deficit-hyperactivity disorder,adhd,weighted,Parietal Sup L,63,0.5066829368283596,31,raw_scale_analysis
Attention deficit-hyperactivity disorder,adhd,weighted,Parietal Sup R,64,0.4838299799569383,31,raw_scale_analysis
Attention deficit-hyperactivity disorder,adhd,weighted,Parietal Inf L,65,0.5177215459846536,31,raw_scale_analysis
Attention deficit-hyperactivity disorder,adhd,weighted,Parietal Inf R,66,0.48521949898742,31,raw_scale_analysis
Attention deficit-hyperactivity disorder,adhd,weighted,SupraMarginal L,67,0.48782144615465634,31,raw_scale_analysis
Attention deficit-hyperactivity disorder,adhd,weighted,SupraMarginal R,68,0.5216911423585994,31,raw_scale_analysis
Attention deficit-hyperactivity disorder,adhd,weighted,Angular L,69,0.5448218537172255,31,raw_scale_analysis
Attention deficit-hyperactivity disorder,adhd,weighted,Angular R,70,0.535438423480368,31,raw_scale_analysis
Attention deficit-hyperactivity disorder,adhd,weighted,Precuneus L,71,0.5074832435248023,31,raw_scale_analysis
Attention deficit-hyperactivity disorder,adhd,weighted,Precuneus R,72,0.4969581542251794,31,raw_scale_analysis
Attention deficit-hyperactivity disorder,adhd,weighted,Paracentral Lobule L,73,0.43029755879202153,31,raw_scale_analysis
Attention deficit-hyperactivity disorder,adhd,weighted,Paracentral Lobule R,74,0.41848779328374186,31,raw_scale_analysis
Attention deficit-hyperactivity disorder,adhd,weighted,Caudate L,75,0.5457804824800176,31,raw_scale_analysis
Attention deficit-hyperactivity disorder,adhd,weighted,Caudate R,76,0.5569994768720778,31,raw_scale_analysis
Attention deficit-hyperactivity disorder,adhd,weighted,Putamen L,77,0.5016803029405337,31,raw_scale_analysis
Attention deficit-hyperactivity disorder,adhd,weighted,Putamen R,78,0.5175742032660924,31,raw_scale_analysis
Attention deficit-hyperactivity disorder,adhd,weighted,Pallidum L,79,0.5043110034466219,31,raw_scale_analysis
Attention deficit-hyperactivity disorder,adhd,weighted,Pallidum R,80,0.5267654146207926,31,raw_scale_analysis
Attention deficit-hyperactivity disorder,adhd,weighted,Heschl L,83,0.5148616656911578,31,raw_scale_analysis
Attention deficit-hyperactivity disorder,adhd,weighted,Heschl R,84,0.43857142643838803,31,raw_scale_analysis
Attention deficit-hyperactivity disorder,adhd,weighted,Temporal Sup L,85,0.49669668261752997,31,raw_scale_analysis
Attention deficit-hyperactivity disorder,adhd,weighted,Temporal Sup R,86,0.52632891603823,31,raw_scale_analysis
Attention deficit-hyperactivity disorder,adhd,weighted,Temporal Pole Sup L,87,0.4932075813031031,31,raw_scale_analysis
Attention deficit-hyperactivity disorder,adhd,weighted,Temporal Pole Sup R,88,0.45452363569007653,31,raw_scale_analysis
Attention deficit-hyperactivity disorder,adhd,weighted,Temporal Mid L,89,0.5149795735584152,31,raw_scale_analysis
Attention deficit-hyperactivity disorder,adhd,weighted,Temporal Mid R,90,0.5408020209056189,31,raw_scale_analysis
Attention deficit-hyperactivity disorder,adhd,weighted,Temporal Pole Mid L,91,0.4911781144516009,31,raw_scale_analysis
Attention deficit-hyperactivity disorder,adhd,weighted,Temporal Inf L,93,0.5164807235594102,31,raw_scale_analysis
Attention deficit-hyperactivity disorder,adhd,weighted,Temporal Inf R,94,0.5424459808869723,31,raw_scale_analysis
Attention deficit-hyperactivity disorder,adhd,weighted,Cerebellum Crus1 L,95,0.46515098192818066,31,raw_scale_analysis
Attention deficit-hyperactivity disorder,adhd,weighted,Cerebellum Crus1 R,96,0.49674027811617966,31,raw_scale_analysis
Attention deficit-hyperactivity disorder,adhd,weighted,Cerebellum Crus2 L,97,0.45828222462178325,31,raw_scale_analysis
Attention deficit-hyperactivity disorder,adhd,weighted,Cerebellum Crus2 R,98,0.46458186581456257,31,raw_scale_analysis
Attention deficit-hyperactivity disorder,adhd,weighted,Cerebellum 4 5 L,101,0.4740008145572034,31,raw_scale_analysis
Attention deficit-hyperactivity disorder,adhd,weighted,Cerebellum 4 5 R,102,0.48345990742125483,31,raw_scale_analysis
Attention deficit-hyperactivity disorder,adhd,weighted,Cerebellum 6 L,103,0.48894678179152484,31,raw_scale_analysis
Attention deficit-hyperactivity disorder,adhd,weighted,Cerebellum 6 R,104,0.460421698045364,31,raw_scale_analysis
Attention deficit-hyperactivity disorder,adhd,weighted,Cerebellum 7b L,105,0.4623109074828161,31,raw_scale_analysis
Attention deficit-hyperactivity disorder,adhd,weighted,Cerebellum 7b R,106,0.5562098329375561,31,raw_scale_analysis
Attention deficit-hyperactivity disorder,adhd,weighted,Cerebellum 8 L,107,0.46929175333096845,31,raw_scale_analysis
Attention deficit-hyperactivity disorder,adhd,weighted,Cerebellum 8 R,108,0.5059879962907621,31,raw_scale_analysis
Attention deficit-hyperactivity disorder,adhd,weighted,Cerebellum 9 L,109,0.44951227607359445,31,raw_scale_analysis
Attention deficit-hyperactivity disorder,adhd,weighted,Cerebellum 9 R,110,0.4484839727009444,31,raw_scale_analysis
Attention deficit-hyperactivity disorder,adhd,weighted,Cerebellum 10 L,111,0.4837307485329859,31,raw_scale_analysis
Attention deficit-hyperactivity disorder,adhd,weighted,Vermis 8,118,0.5179067183659668,31,raw_scale_analysis
Attention deficit-hyperactivity disorder,adhd,weighted,Vermis 9,119,0.6129791453980683,31,raw_scale_analysis
Attention deficit-hyperactivity disorder,adhd,weighted,Thal AV L,121,0.5653539764106315,31,raw_scale_analysis
Attention deficit-hyperactivity disorder,adhd,weighted,Thal AV R,122,0.5540276776915759,31,raw_scale_analysis
Attention deficit-hyperactivity disorder,adhd,weighted,Thal VA L,125,0.5252416631453845,31,raw_scale_analysis
Attention deficit-hyperactivity disorder,adhd,weighted,Thal VL L,127,0.5016498572036678,31,raw_scale_analysis
Attention deficit-hyperactivity disorder,adhd,weighted,Thal VL R,128,0.4899510878902434,31,raw_scale_analysis
Attention deficit-hyperactivity disorder,adhd,weighted,Thal VPL L,129,0.4731289048748116,31,raw_scale_analysis
Attention deficit-hyperactivity disorder,adhd,weighted,Thal VPL R,130,0.44749513285790704,31,raw_scale_analysis
Attention deficit-hyperactivity disorder,adhd,weighted,Thal IL L,131,0.5598745282306943,31,raw_scale_analysis
Attention deficit-hyperactivity disorder,adhd,weighted,Thal MDm L,135,0.4822471536980534,31,raw_scale_analysis
Attention deficit-hyperactivity disorder,adhd,weighted,Thal MDm R,136,0.4929554149516001,31,raw_scale_analysis
Attention deficit-hyperactivity disorder,adhd,weighted,Thal MDl L,137,0.49995795433843454,31,raw_scale_analysis
Attention deficit-hyperactivity disorder,adhd,weighted,Thal LGN L,139,0.5038912359614813,31,raw_scale_analysis
Attention deficit-hyperactivity disorder,adhd,weighted,Thal LGN R,140,0.49704480334525736,31,raw_scale_analysis
Attention deficit-hyperactivity disorder,adhd,weighted,Thal MGN L,141,0.5047027636616888,31,raw_scale_analysis
Attention deficit-hyperactivity disorder,adhd,weighted,Thal PuI L,143,0.4724180623201955,31,raw_scale_analysis
Attention deficit-hyperactivity disorder,adhd,weighted,Thal PuI R,144,0.484182863262289,31,raw_scale_analysis
Attention deficit-hyperactivity disorder,adhd,weighted,Thal PuM L,145,0.5112062305709358,31,raw_scale_analysis
Attention deficit-hyperactivity disorder,adhd,weighted,Thal PuM R,146,0.4990127270463541,31,raw_scale_analysis
Attention deficit-hyperactivity disorder,adhd,weighted,Thal PuA L,147,0.5376235598441422,31,raw_scale_analysis
Attention deficit-hyperactivity disorder,adhd,weighted,Thal PuA R,148,0.4656839095509265,31,raw_scale_analysis
Attention deficit-hyperactivity disorder,adhd,weighted,ACC pre L,153,0.5115016952645933,31,raw_scale_analysis
Attention deficit-hyperactivity disorder,adhd,weighted,ACC pre R,154,0.5607926120488211,31,raw_scale_analysis
Attention deficit-hyperactivity disorder,adhd,weighted,ACC sup L,155,0.40827243062310475,31,raw_scale_analysis
Attention deficit-hyperactivity disorder,adhd,weighted,ACC sup R,156,0.4968737934980369,31,raw_scale_analysis
Attention deficit-hyperactivity disorder,adhd,weighted,N Acc L,157,0.5037335806054457,31,raw_scale_analysis
Attention deficit-hyperactivity disorder,adhd,weighted,N Acc R,158,0.5887988245922396,31,raw_scale_analysis
Attention deficit-hyperactivity disorder,adhd,weighted,SN pc L,161,0.5170153716500294,31,raw_scale_analysis
Attention deficit-hyperactivity disorder,adhd,weighted,SN pr L,163,0.46858176292577824,31,raw_scale_analysis
Attention deficit-hyperactivity disorder,adhd,weighted,SN pr R,164,0.5509305525379481,31,raw_scale_analysis
Attention deficit-hyperactivity disorder,adhd,weighted,Red N L,165,0.49561300124725005,31,raw_scale_analysis
Attention deficit-hyperactivity disorder,adhd,weighted,Red N R,166,0.4852224807543755,31,raw_scale_analysis
Attention deficit-hyperactivity disorder,adhd,weighted,LC L,167,0.49978225989829217,31,raw_scale_analysis
Attention deficit-hyperactivity disorder,adhd,weighted,LC R,168,0.4634951860584499,31,raw_scale_analysis
Attention deficit-hyperactivity disorder,adhd,weighted,Raphe D,169,0.4659572110393783,31,raw_scale_analysis
Attention deficit-hyperactivity disorder,adhd,weighted,Raphe M,170,0.48023796880851477,31,raw_scale_analysis
Epilepsy,epilepsy,broad,Precentral L,1,0.4912810432633811,7,raw_scale_analysis
Epilepsy,epilepsy,broad,Precentral R,2,0.5324722302173603,7,raw_scale_analysis
Epilepsy,epilepsy,broad,Frontal Sup 2 L,3,0.4911243062297811,7,raw_scale_analysis
Epilepsy,epilepsy,broad,Frontal Sup 2 R,4,0.4992884519876584,7,raw_scale_analysis
Epilepsy,epilepsy,broad,Frontal Mid 2 L,5,0.4991020237987903,7,raw_scale_analysis
Epilepsy,epilepsy,broad,Frontal Mid 2 R,6,0.4657404452723192,7,raw_scale_analysis
Epilepsy,epilepsy,broad,Frontal Inf Oper L,7,0.4581691510454463,7,raw_scale_analysis
Epilepsy,epilepsy,broad,Frontal Inf Oper R,8,0.476202094811679,7,raw_scale_analysis
Epilepsy,epilepsy,broad,Frontal Inf Tri L,9,0.5181644075449968,7,raw_scale_analysis
Epilepsy,epilepsy,broad,Frontal Inf Tri R,10,0.45279366604227783,7,raw_scale_analysis
Epilepsy,epilepsy,broad,Frontal Inf Orb 2 L,11,0.5263439762556802,7,raw_scale_analysis
Epilepsy,epilepsy,broad,Frontal Inf Orb 2 R,12,0.5093582323256866,7,raw_scale_analysis
Epilepsy,epilepsy,broad,Rolandic Oper L,13,0.5403958363322211,7,raw_scale_analysis
Epilepsy,epilepsy,broad,Rolandic Oper R,14,0.5405205900377499,7,raw_scale_analysis
Epilepsy,epilepsy,broad,Supp Motor Area L,15,0.4337421912222849,7,raw_scale_analysis
Epilepsy,epilepsy,broad,Supp Motor Area R,16,0.522314143624338,7,raw_scale_analysis
Epilepsy,epilepsy,broad,Olfactory L,17,0.3657404052728654,7,raw_scale_analysis
Epilepsy,epilepsy,broad,Olfactory R,18,0.36698275396391267,7,raw_scale_analysis
Epilepsy,epilepsy,broad,Frontal Sup Medial L,19,0.4678759043570958,7,raw_scale_analysis
Epilepsy,epilepsy,broad,Frontal Sup Medial R,20,0.4759358715305032,7,raw_scale_analysis
Epilepsy,epilepsy,broad,Frontal Med Orb L,21,0.48313964379070085,7,raw_scale_analysis
Epilepsy,epilepsy,broad,Frontal Med Orb R,22,0.48111234168075984,7,raw_scale_analysis
Epilepsy,epilepsy,broad,Rectus L,23,0.414630852390309,7,raw_scale_analysis
Epilepsy,epilepsy,broad,Rectus R,24,0.46316955551732075,7,raw_scale_analysis
Epilepsy,epilepsy,broad,OFCmed L,25,0.4702326473125941,7,raw_scale_analysis
Epilepsy,epilepsy,broad,OFCmed R,26,0.47197223968028323,7,raw_scale_analysis
Epilepsy,epilepsy,broad,OFCant L,27,0.4928552046882187,7,raw_scale_analysis
Epilepsy,epilepsy,broad,OFCant R,28,0.49554210049639585,7,raw_scale_analysis
Epilepsy,epilepsy,broad,OFCpost L,29,0.4630529930562736,7,raw_scale_analysis
Epilepsy,epilepsy,broad,OFCpost R,30,0.5051449341483354,7,raw_scale_analysis
Epilepsy,epilepsy,broad,OFClat L,31,0.4959864223482743,7,raw_scale_analysis
Epilepsy,epilepsy,broad,OFClat R,32,0.5225756798367437,7,raw_scale_analysis
Epilepsy,epilepsy,broad,Insula L,33,0.510849970086163,7,raw_scale_analysis
Epilepsy,epilepsy,broad,Insula R,34,0.4723228415844263,7,raw_scale_analysis
Epilepsy,epilepsy,broad,Cingulate Mid L,37,0.4876329404960277,7,raw_scale_analysis
Epilepsy,epilepsy,broad,Cingulate Mid R,38,0.4648411610652104,7,raw_scale_analysis
Epilepsy,epilepsy,broad,Cingulate Post L,39,0.5462698694815075,7,raw_scale_analysis
Epilepsy,epilepsy,broad,Hippocampus L,41,0.4947302765016698,7,raw_scale_analysis
Epilepsy,epilepsy,broad,Hippocampus R,42,0.5121144039710072,7,raw_scale_analysis
Epilepsy,epilepsy,broad,ParaHippocampal L,43,0.42932952081097703,7,raw_scale_analysis
Epilepsy,epilepsy,broad,ParaHippocampal R,44,0.5071157137009811,7,raw_scale_analysis
Epilepsy,epilepsy,broad,Amygdala L,45,0.5156747799037626,7,raw_scale_analysis
Epilepsy,epilepsy,broad,Amygdala R,46,0.48576871933240906,7,raw_scale_analysis
Epilepsy,epilepsy,broad,Calcarine L,47,0.6275912424524683,7,raw_scale_analysis
Epilepsy,epilepsy,broad,Calcarine R,48,0.5881461029489489,7,raw_scale_analysis
Epilepsy,epilepsy,broad,Cuneus L,49,0.5861012445190427,7,raw_scale_analysis
Epilepsy,epilepsy,broad,Lingual L,51,0.636306655644867,7,raw_scale_analysis
Epilepsy,epilepsy,broad,Lingual R,52,0.5948894626081875,7,raw_scale_analysis
Epilepsy,epilepsy,broad,Occipital Sup L,53,0.6088845835305196,7,raw_scale_analysis
Epilepsy,epilepsy,broad,Occipital Mid L,55,0.5582702246634202,7,raw_scale_analysis
Epilepsy,epilepsy,broad,Occipital Mid R,56,0.5448569972164915,7,raw_scale_analysis
Epilepsy,epilepsy,broad,Occipital Inf L,57,0.6081863036187531,7,raw_scale_analysis
Epilepsy,epilepsy,broad,Occipital Inf R,58,0.6192088609376708,7,raw_scale_analysis
Epilepsy,epilepsy,broad,Fusiform L,59,0.4874077627160411,7,raw_scale_analysis
Epilepsy,epilepsy,broad,Fusiform R,60,0.4718395664346809,7,raw_scale_analysis
Epilepsy,epilepsy,broad,Postcentral L,61,0.5164816485479381,7,raw_scale_analysis
Epilepsy,epilepsy,broad,Postcentral R,62,0.5406042423077639,7,raw_scale_analysis
Epilepsy,epilepsy,broad,Parietal Sup L,63,0.5231022217841482,7,raw_scale_analysis
Epilepsy,epilepsy,broad,Parietal Sup R,64,0.5018258019190639,7,raw_scale_analysis
Epilepsy,epilepsy,broad,Parietal Inf L,65,0.4945883338120228,7,raw_scale_analysis
Epilepsy,epilepsy,broad,Parietal Inf R,66,0.5386804116358973,7,raw_scale_analysis
Epilepsy,epilepsy,broad,SupraMarginal L,67,0.45722023361990394,7,raw_scale_analysis
Epilepsy,epilepsy,broad,SupraMarginal R,68,0.4621646593214283,7,raw_scale_analysis
Epilepsy,epilepsy,broad,Angular L,69,0.5300260971275657,7,raw_scale_analysis
Epilepsy,epilepsy,broad,Angular R,70,0.44946194779957904,7,raw_scale_analysis
Epilepsy,epilepsy,broad,Precuneus L,71,0.4961318511944012,7,raw_scale_analysis
Epilepsy,epilepsy,broad,Precuneus R,72,0.49679372484582934,7,raw_scale_analysis
Epilepsy,epilepsy,broad,Paracentral Lobule L,73,0.46908100213152343,7,raw_scale_analysis
Epilepsy,epilepsy,broad,Paracentral Lobule R,74,0.5572344668291009,7,raw_scale_analysis
Epilepsy,epilepsy,broad,Caudate L,75,0.5389165584299412,7,raw_scale_analysis
Epilepsy,epilepsy,broad,Caudate R,76,0.5584935345669066,7,raw_scale_analysis
Epilepsy,epilepsy,broad,Putamen L,77,0.5390431889931591,7,raw_scale_analysis
Epilepsy,epilepsy,broad,Putamen R,78,0.5653768710528213,7,raw_scale_analysis
Epilepsy,epilepsy,broad,Pallidum L,79,0.548814360478684,7,raw_scale_analysis
Epilepsy,epilepsy,broad,Pallidum R,80,0.4864436426575332,7,raw_scale_analysis
Epilepsy,epilepsy,broad,Heschl L,83,0.6160331827754234,7,raw_scale_analysis
Epilepsy,epilepsy,broad,Heschl R,84,0.6792319217432147,7,raw_scale_analysis
Epilepsy,epilepsy,broad,Temporal Sup L,85,0.5179008466783218,7,raw_scale_analysis
Epilepsy,epilepsy,broad,Temporal Sup R,86,0.5543432117656341,7,raw_scale_analysis
Epilepsy,epilepsy,broad,Temporal Pole Sup L,87,0.4831397929508658,7,raw_scale_analysis
Epilepsy,epilepsy,broad,Temporal Pole Sup R,88,0.4655177734458095,7,raw_scale_analysis
Epilepsy,epilepsy,broad,Temporal Mid L,89,0.5087446517886781,7,raw_scale_analysis
Epilepsy,epilepsy,broad,Temporal Mid R,90,0.4794764348639852,7,raw_scale_analysis
Epilepsy,epilepsy,broad,Temporal Pole Mid L,91,0.43925101275131434,7,raw_scale_analysis
Epilepsy,epilepsy,broad,Temporal Inf L,93,0.4882416297959284,7,raw_scale_analysis
Epilepsy,epilepsy,broad,Temporal Inf R,94,0.47867228633196773,7,raw_scale_analysis
Epilepsy,epilepsy,broad,Cerebellum Crus1 L,95,0.39403771424309014,7,raw_scale_analysis
Epilepsy,epilepsy,broad,Cerebellum Crus1 R,96,0.48286432978881383,7,raw_scale_analysis
Epilepsy,epilepsy,broad,Cerebellum Crus2 L,97,0.36665912664746186,7,raw_scale_analysis
Epilepsy,epilepsy,broad,Cerebellum Crus2 R,98,0.47657577334155937,7,raw_scale_analysis
Epilepsy,epilepsy,broad,Cerebellum 4 5 L,101,0.5340051670828235,7,raw_scale_analysis
Epilepsy,epilepsy,broad,Cerebellum 4 5 R,102,0.46442758558495567,7,raw_scale_analysis
Epilepsy,epilepsy,broad,Cerebellum 6 L,103,0.4569155217582157,7,raw_scale_analysis
Epilepsy,epilepsy,broad,Cerebellum 6 R,104,0.3929461455670458,7,raw_scale_analysis
Epilepsy,epilepsy,broad,Cerebellum 7b L,105,0.38721892475444675,7,raw_scale_analysis
Epilepsy,epilepsy,broad,Cerebellum 7b R,106,0.4573512868027282,7,raw_scale_analysis
Epilepsy,epilepsy,broad,Cerebellum 8 L,107,0.460679870938134,7,raw_scale_analysis
Epilepsy,epilepsy,broad,Cerebellum 8 R,108,0.4510908513684562,7,raw_scale_analysis
Epilepsy,epilepsy,broad,Cerebellum 9 L,109,0.44949178406595003,7,raw_scale_analysis
Epilepsy,epilepsy,broad,Cerebellum 9 R,110,0.4204627115268856,7,raw_scale_analysis
Epilepsy,epilepsy,broad,Cerebellum 10 L,111,0.3980202825135545,7,raw_scale_analysis
Epilepsy,epilepsy,broad,Vermis 8,118,0.6030462319790483,7,raw_scale_analysis
Epilepsy,epilepsy,broad,Vermis 9,119,0.6875098747431971,7,raw_scale_analysis
Epilepsy,epilepsy,broad,Thal AV L,121,0.5632608807326703,7,raw_scale_analysis
Epilepsy,epilepsy,broad,Thal AV R,122,0.5843743159670062,7,raw_scale_analysis
Epilepsy,epilepsy,broad,Thal VA L,125,0.5591455721298856,7,raw_scale_analysis
Epilepsy,epilepsy,broad,Thal VL L,127,0.4922903261180799,7,raw_scale_analysis
Epilepsy,epilepsy,broad,Thal VL R,128,0.5200845708308387,7,raw_scale_analysis
Epilepsy,epilepsy,broad,Thal VPL L,129,0.496718611237256,7,raw_scale_analysis
Epilepsy,epilepsy,broad,Thal VPL R,130,0.46645458446230637,7,raw_scale_analysis
Epilepsy,epilepsy,broad,Thal IL L,131,0.5863357088025752,7,raw_scale_analysis
Epilepsy,epilepsy,broad,Thal MDm L,135,0.5534933624286459,7,raw_scale_analysis
Epilepsy,epilepsy,broad,Thal MDm R,136,0.5477321165697718,7,raw_scale_analysis
Epilepsy,epilepsy,broad,Thal MDl L,137,0.49721829103677756,7,raw_scale_analysis
Epilepsy,epilepsy,broad,Thal LGN L,139,0.48692265785198074,7,raw_scale_analysis
Epilepsy,epilepsy,broad,Thal LGN R,140,0.5277143171335253,7,raw_scale_analysis
Epilepsy,epilepsy,broad,Thal MGN L,141,0.459523669093517,7,raw_scale_analysis
Epilepsy,epilepsy,broad,Thal PuI L,143,0.5144037034359938,7,raw_scale_analysis
Epilepsy,epilepsy,broad,Thal PuI R,144,0.47803528962630626,7,raw_scale_analysis
Epilepsy,epilepsy,broad,Thal PuM L,145,0.5422347374958206,7,raw_scale_analysis
Epilepsy,epilepsy,broad,Thal PuM R,146,0.5364252087606414,7,raw_scale_analysis
Epilepsy,epilepsy,broad,Thal PuA L,147,0.5073142527914196,7,raw_scale_analysis
Epilepsy,epilepsy,broad,Thal PuA R,148,0.5171408812676844,7,raw_scale_analysis
Epilepsy,epilepsy,broad,ACC pre L,153,0.40178547355794775,7,raw_scale_analysis
Epilepsy,epilepsy,broad,ACC pre R,154,0.489306225880732,7,raw_scale_analysis
Epilepsy,epilepsy,broad,ACC sup L,155,0.4011852267494679,7,raw_scale_analysis
Epilepsy,epilepsy,broad,ACC sup R,156,0.47403471515593637,7,raw_scale_analysis
Epilepsy,epilepsy,broad,N Acc L,157,0.5878303730770511,7,raw_scale_analysis
Epilepsy,epilepsy,broad,N Acc R,158,0.5889778166866887,7,raw_scale_analysis
Epilepsy,epilepsy,broad,SN pc L,161,0.49153873982557256,7,raw_scale_analysis
Epilepsy,epilepsy,broad,SN pr L,163,0.49499642431714097,7,raw_scale_analysis
Epilepsy,epilepsy,broad,SN pr R,164,0.5227881419191148,7,raw_scale_analysis
Epilepsy,epilepsy,broad,Red N L,165,0.5128637660168803,7,raw_scale_analysis
Epilepsy,epilepsy,broad,Red N R,166,0.5149399960760326,7,raw_scale_analysis
Epilepsy,epilepsy,broad,LC L,167,0.5108359208211292,7,raw_scale_analysis
Epilepsy,epilepsy,broad,LC R,168,0.5834615135075073,7,raw_scale_analysis
Epilepsy,epilepsy,broad,Raphe D,169,0.5907155569896213,7,raw_scale_analysis
Epilepsy,epilepsy,broad,Raphe M,170,0.5060346072182658,7,raw_scale_analysis
Epilepsy,epilepsy,stringent,Precentral L,1,0.5982544368459926,2,raw_scale_analysis
Epilepsy,epilepsy,stringent,Precentral R,2,0.6380118708405874,2,raw_scale_analysis
Epilepsy,epilepsy,stringent,Frontal Sup 2 L,3,0.5127768586551295,2,raw_scale_analysis
Epilepsy,epilepsy,stringent,Frontal Sup 2 R,4,0.5414989399344174,2,raw_scale_analysis
Epilepsy,epilepsy,stringent,Frontal Mid 2 L,5,0.5246306770953906,2,raw_scale_analysis
Epilepsy,epilepsy,stringent,Frontal Mid 2 R,6,0.44485421305041384,2,raw_scale_analysis
Epilepsy,epilepsy,stringent,Frontal Inf Oper L,7,0.4925757481372032,2,raw_scale_analysis
Epilepsy,epilepsy,stringent,Frontal Inf Oper R,8,0.5028000215257282,2,raw_scale_analysis
Epilepsy,epilepsy,stringent,Frontal Inf Tri L,9,0.5270737814781755,2,raw_scale_analysis
Epilepsy,epilepsy,stringent,Frontal Inf Tri R,10,0.4531228622243949,2,raw_scale_analysis
Epilepsy,epilepsy,stringent,Frontal Inf Orb 2 L,11,0.5056725847135852,2,raw_scale_analysis
Epilepsy,epilepsy,stringent,Frontal Inf Orb 2 R,12,0.5516137945731467,2,raw_scale_analysis
Epilepsy,epilepsy,stringent,Rolandic Oper L,13,0.519474501354702,2,raw_scale_analysis
Epilepsy,epilepsy,stringent,Rolandic Oper R,14,0.5373734518586557,2,raw_scale_analysis
Epilepsy,epilepsy,stringent,Supp Motor Area L,15,0.4665812499666655,2,raw_scale_analysis
Epilepsy,epilepsy,stringent,Supp Motor Area R,16,0.6107551007329699,2,raw_scale_analysis
Epilepsy,epilepsy,stringent,Olfactory L,17,0.23211636939466984,2,raw_scale_analysis
Epilepsy,epilepsy,stringent,Olfactory R,18,0.2759075076320971,2,raw_scale_analysis
Epilepsy,epilepsy,stringent,Frontal Sup Medial L,19,0.44150183757653816,2,raw_scale_analysis
Epilepsy,epilepsy,stringent,Frontal Sup Medial R,20,0.3938616882218723,2,raw_scale_analysis
Epilepsy,epilepsy,stringent,Frontal Med Orb L,21,0.3239608545549066,2,raw_scale_analysis
Epilepsy,epilepsy,stringent,Frontal Med Orb R,22,0.3234534667954168,2,raw_scale_analysis
Epilepsy,epilepsy,stringent,Rectus L,23,0.3627352881175438,2,raw_scale_analysis
Epilepsy,epilepsy,stringent,Rectus R,24,0.35428990827233287,2,raw_scale_analysis
Epilepsy,epilepsy,stringent,OFCmed L,25,0.38275196172353104,2,raw_scale_analysis
Epilepsy,epilepsy,stringent,OFCmed R,26,0.378479629139133,2,raw_scale_analysis
Epilepsy,epilepsy,stringent,OFCant L,27,0.4992518568530896,2,raw_scale_analysis
Epilepsy,epilepsy,stringent,OFCant R,28,0.4964462723899792,2,raw_scale_analysis
Epilepsy,epilepsy,stringent,OFCpost L,29,0.3328475482694856,2,raw_scale_analysis
Epilepsy,epilepsy,stringent,OFCpost R,30,0.40635170538965387,2,raw_scale_analysis
Epilepsy,epilepsy,stringent,OFClat L,31,0.4989796454559189,2,raw_scale_analysis
Epilepsy,epilepsy,stringent,OFClat R,32,0.5491578928759481,2,raw_scale_analysis
Epilepsy,epilepsy,stringent,Insula L,33,0.3557822279174828,2,raw_scale_analysis
Epilepsy,epilepsy,stringent,Insula R,34,0.28793690357663876,2,raw_scale_analysis
Epilepsy,epilepsy,stringent,Cingulate Mid L,37,0.4324287824808688,2,raw_scale_analysis
Epilepsy,epilepsy,stringent,Cingulate Mid R,38,0.4245757355658021,2,raw_scale_analysis
Epilepsy,epilepsy,stringent,Cingulate Post L,39,0.5502917332546337,2,raw_scale_analysis
Epilepsy,epilepsy,stringent,Hippocampus L,41,0.41714311616487004,2,raw_scale_analysis
Epilepsy,epilepsy,stringent,Hippocampus R,42,0.43204718511157647,2,raw_scale_analysis
Epilepsy,epilepsy,stringent,ParaHippocampal L,43,0.3593290973095937,2,raw_scale_analysis
Epilepsy,epilepsy,stringent,ParaHippocampal R,44,0.3201976969679975,2,raw_scale_analysis
Epilepsy,epilepsy,stringent,Amygdala L,45,0.3527002473560617,2,raw_scale_analysis
Epilepsy,epilepsy,stringent,Amygdala R,46,0.3887999571128385,2,raw_scale_analysis
Epilepsy,epilepsy,stringent,Calcarine L,47,0.6949405845778562,2,raw_scale_analysis
Epilepsy,epilepsy,stringent,Calcarine R,48,0.6849596338642616,2,raw_scale_analysis
Epilepsy,epilepsy,stringent,Cuneus L,49,0.7297773455779575,2,raw_scale_analysis
Epilepsy,epilepsy,stringent,Lingual L,51,0.7014245720977044,2,raw_scale_analysis
Epilepsy,epilepsy,stringent,Lingual R,52,0.6863656957167448,2,raw_scale_analysis
Epilepsy,epilepsy,stringent,Occipital Sup L,53,0.6481457458851829,2,raw_scale_analysis
Epilepsy,epilepsy,stringent,Occipital Mid L,55,0.6455844249845972,2,raw_scale_analysis
Epilepsy,epilepsy,stringent,Occipital Mid R,56,0.6309236382604488,2,raw_scale_analysis
Epilepsy,epilepsy,stringent,Occipital Inf L,57,0.7180334613896112,2,raw_scale_analysis
Epilepsy,epilepsy,stringent,Occipital Inf R,58,0.7258050816105396,2,raw_scale_analysis
Epilepsy,epilepsy,stringent,Fusiform L,59,0.41008411695313485,2,raw_scale_analysis
Epilepsy,epilepsy,stringent,Fusiform R,60,0.4095321850355287,2,raw_scale_analysis
Epilepsy,epilepsy,stringent,Postcentral L,61,0.63721691692883,2,raw_scale_analysis
Epilepsy,epilepsy,stringent,Postcentral R,62,0.6578852033329257,2,raw_scale_analysis
Epilepsy,epilepsy,stringent,Parietal Sup L,63,0.5931226845283878,2,raw_scale_analysis
Epilepsy,epilepsy,stringent,Parietal Sup R,64,0.5980699470041668,2,raw_scale_analysis
Epilepsy,epilepsy,stringent,Parietal Inf L,65,0.5661070370643542,2,raw_scale_analysis
Epilepsy,epilepsy,stringent,Parietal Inf R,66,0.5830688362489318,2,raw_scale_analysis
Epilepsy,epilepsy,stringent,SupraMarginal L,67,0.5312888272830869,2,raw_scale_analysis
Epilepsy,epilepsy,stringent,SupraMarginal R,68,0.4889210128954385,2,raw_scale_analysis
Epilepsy,epilepsy,stringent,Angular L,69,0.5468029326186507,2,raw_scale_analysis
Epilepsy,epilepsy,stringent,Angular R,70,0.504399541311532,2,raw_scale_analysis
Epilepsy,epilepsy,stringent,Precuneus L,71,0.5208615514272683,2,raw_scale_analysis
Epilepsy,epilepsy,stringent,Precuneus R,72,0.5468779853542698,2,raw_scale_analysis
Epilepsy,epilepsy,stringent,Paracentral Lobule L,73,0.6177016111043224,2,raw_scale_analysis
Epilepsy,epilepsy,stringent,Paracentral Lobule R,74,0.6196111300704341,2,raw_scale_analysis
Epilepsy,epilepsy,stringent,Caudate L,75,0.4350101485760933,2,raw_scale_analysis
Epilepsy,epilepsy,stringent,Caudate R,76,0.4434477017268984,2,raw_scale_analysis
Epilepsy,epilepsy,stringent,Putamen L,77,0.5071891256559644,2,raw_scale_analysis
Epilepsy,epilepsy,stringent,Putamen R,78,0.4838257339664901,2,raw_scale_analysis
Epilepsy,epilepsy,stringent,Pallidum L,79,0.5412702729718171,2,raw_scale_analysis
Epilepsy,epilepsy,stringent,Pallidum R,80,0.6617556277911066,2,raw_scale_analysis
Epilepsy,epilepsy,stringent,Heschl L,83,0.6640076883230672,2,raw_scale_analysis
Epilepsy,epilepsy,stringent,Heschl R,84,0.6963112702865683,2,raw_scale_analysis
Epilepsy,epilepsy,stringent,Temporal Sup L,85,0.5093416988760874,2,raw_scale_analysis
Epilepsy,epilepsy,stringent,Temporal Sup R,86,0.573048376902995,2,raw_scale_analysis
Epilepsy,epilepsy,stringent,Temporal Pole Sup L,87,0.2760278947256693,2,raw_scale_analysis
Epilepsy,epilepsy,stringent,Temporal Pole Sup R,88,0.3030089801491671,2,raw_scale_analysis
Epilepsy,epilepsy,stringent,Temporal Mid L,89,0.5092403291148491,2,raw_scale_analysis
Epilepsy,epilepsy,stringent,Temporal Mid R,90,0.45274988172703523,2,raw_scale_analysis
Epilepsy,epilepsy,stringent,Temporal Pole Mid L,91,0.2773443347759875,2,raw_scale_analysis
Epilepsy,epilepsy,stringent,Temporal Inf L,93,0.42276574921974286,2,raw_scale_analysis
Epilepsy,epilepsy,stringent,Temporal Inf R,94,0.41683893265264216,2,raw_scale_analysis
Epilepsy,epilepsy,stringent,Cerebellum Crus1 L,95,0.2587457075986336,2,raw_scale_analysis
Epilepsy,epilepsy,stringent,Cerebellum Crus1 R,96,0.2682911267954134,2,raw_scale_analysis
Epilepsy,epilepsy,stringent,Cerebellum Crus2 L,97,0.2608093338040717,2,raw_scale_analysis
Epilepsy,epilepsy,stringent,Cerebellum Crus2 R,98,0.3204800691985028,2,raw_scale_analysis
Epilepsy,epilepsy,stringent,Cerebellum 4 5 L,101,0.5532315535358776,2,raw_scale_analysis
Epilepsy,epilepsy,stringent,Cerebellum 4 5 R,102,0.3338485978479572,2,raw_scale_analysis
Epilepsy,epilepsy,stringent,Cerebellum 6 L,103,0.38552397880410727,2,raw_scale_analysis
Epilepsy,epilepsy,stringent,Cerebellum 6 R,104,0.2511252861576993,2,raw_scale_analysis
Epilepsy,epilepsy,stringent,Cerebellum 7b L,105,0.29610047006653817,2,raw_scale_analysis
Epilepsy,epilepsy,stringent,Cerebellum 7b R,106,0.3248484999188138,2,raw_scale_analysis
Epilepsy,epilepsy,stringent,Cerebellum 8 L,107,0.3443961179656328,2,raw_scale_analysis
Epilepsy,epilepsy,stringent,Cerebellum 8 R,108,0.42293050832271495,2,raw_scale_analysis
Epilepsy,epilepsy,stringent,Cerebellum 9 L,109,0.33652610245958264,2,raw_scale_analysis
Epilepsy,epilepsy,stringent,Cerebellum 9 R,110,0.3184511694067672,2,raw_scale_analysis
Epilepsy,epilepsy,stringent,Cerebellum 10 L,111,0.427674074533721,2,raw_scale_analysis
Epilepsy,epilepsy,stringent,Vermis 8,118,0.9344456957446277,2,raw_scale_analysis
Epilepsy,epilepsy,stringent,Vermis 9,119,0.9568373877258588,2,raw_scale_analysis
Epilepsy,epilepsy,stringent,Thal AV L,121,0.5666768341941187,2,raw_scale_analysis
Epilepsy,epilepsy,stringent,Thal AV R,122,0.6009070709724549,2,raw_scale_analysis
Epilepsy,epilepsy,stringent,Thal VA L,125,0.6236706147031836,2,raw_scale_analysis
Epilepsy,epilepsy,stringent,Thal VL L,127,0.6692936263200264,2,raw_scale_analysis
Epilepsy,epilepsy,stringent,Thal VL R,128,0.5991178874702778,2,raw_scale_analysis
Epilepsy,epilepsy,stringent,Thal VPL L,129,0.7494980432443246,2,raw_scale_analysis
Epilepsy,epilepsy,stringent,Thal VPL R,130,0.6850678154089916,2,raw_scale_analysis
Epilepsy,epilepsy,stringent,Thal IL L,131,0.6961070628784338,2,raw_scale_analysis
Epilepsy,epilepsy,stringent,Thal MDm L,135,0.5456773157887538,2,raw_scale_analysis
Epilepsy,epilepsy,stringent,Thal MDm R,136,0.5662179416141658,2,raw_scale_analysis
Epilepsy,epilepsy,stringent,Thal MDl L,137,0.716103714836953,2,raw_scale_analysis
Epilepsy,epilepsy,stringent,Thal LGN L,139,0.6645046954168992,2,raw_scale_analysis
Epilepsy,epilepsy,stringent,Thal LGN R,140,0.7223764989194897,2,raw_scale_analysis
Epilepsy,epilepsy,stringent,Thal MGN L,141,0.6435421623647779,2,raw_scale_analysis
Epilepsy,epilepsy,stringent,Thal PuI L,143,0.7781280968175563,2,raw_scale_analysis
Epilepsy,epilepsy,stringent,Thal PuI R,144,0.7127098362017081,2,raw_scale_analysis
Epilepsy,epilepsy,stringent,Thal PuM L,145,0.684793750876658,2,raw_scale_analysis
Epilepsy,epilepsy,stringent,Thal PuM R,146,0.6993425656444912,2,raw_scale_analysis
Epilepsy,epilepsy,stringent,Thal PuA L,147,0.6427973546449486,2,raw_scale_analysis
Epilepsy,epilepsy,stringent,Thal PuA R,148,0.7199530887225567,2,raw_scale_analysis
Epilepsy,epilepsy,stringent,ACC pre L,153,0.11843237295655404,2,raw_scale_analysis
Epilepsy,epilepsy,stringent,ACC pre R,154,0.33691903027260545,2,raw_scale_analysis
Epilepsy,epilepsy,stringent,ACC sup L,155,0.3353938992842227,2,raw_scale_analysis
Epilepsy,epilepsy,stringent,ACC sup R,156,0.336586428057438,2,raw_scale_analysis
Epilepsy,epilepsy,stringent,N Acc L,157,0.4215178883856502,2,raw_scale_analysis
Epilepsy,epilepsy,stringent,N Acc R,158,0.3672221453933296,2,raw_scale_analysis
Epilepsy,epilepsy,stringent,SN pc L,161,0.6005131365010645,2,raw_scale_analysis
Epilepsy,epilepsy,stringent,SN pr L,163,0.47342417430300643,2,raw_scale_analysis
Epilepsy,epilepsy,stringent,SN pr R,164,0.3491637490318166,2,raw_scale_analysis
Epilepsy,epilepsy,stringent,Red N L,165,0.5455570868351587,2,raw_scale_analysis
Epilepsy,epilepsy,stringent,Red N R,166,0.46836188278179713,2,raw_scale_analysis
Epilepsy,epilepsy,stringent,LC L,167,0.6740995329887383,2,raw_scale_analysis
Epilepsy,epilepsy,stringent,LC R,168,0.5808194822585532,2,raw_scale_analysis
Epilepsy,epilepsy,stringent,Raphe D,169,0.6539914957280566,2,raw_scale_analysis
Epilepsy,epilepsy,stringent,Raphe M,170,0.5390885301321743,2,raw_scale_analysis
Epilepsy,epilepsy,weighted,Precentral L,1,0.5513387785694316,7,raw_scale_analysis
Epilepsy,epilepsy,weighted,Precentral R,2,0.5992192690197636,7,raw_scale_analysis
Epilepsy,epilepsy,weighted,Frontal Sup 2 L,3,0.4912811609453106,7,raw_scale_analysis
Epilepsy,epilepsy,weighted,Frontal Sup 2 R,4,0.5077146468967938,7,raw_scale_analysis
Epilepsy,epilepsy,weighted,Frontal Mid 2 L,5,0.5006145689512077,7,raw_scale_analysis
Epilepsy,epilepsy,weighted,Frontal Mid 2 R,6,0.4706660266216122,7,raw_scale_analysis
Epilepsy,epilepsy,weighted,Frontal Inf Oper L,7,0.48828471653269656,7,raw_scale_analysis
Epilepsy,epilepsy,weighted,Frontal Inf Oper R,8,0.5084536073393363,7,raw_scale_analysis
Epilepsy,epilepsy,weighted,Frontal Inf Tri L,9,0.5170406806905672,7,raw_scale_analysis
Epilepsy,epilepsy,weighted,Frontal Inf Tri R,10,0.49272351835281203,7,raw_scale_analysis
Epilepsy,epilepsy,weighted,Frontal Inf Orb 2 L,11,0.5101570683903432,7,raw_scale_analysis
Epilepsy,epilepsy,weighted,Frontal Inf Orb 2 R,12,0.5179760377353086,7,raw_scale_analysis
Epilepsy,epilepsy,weighted,Rolandic Oper L,13,0.5315853535560183,7,raw_scale_analysis
Epilepsy,epilepsy,weighted,Rolandic Oper R,14,0.5459723261376285,7,raw_scale_analysis
Epilepsy,epilepsy,weighted,Supp Motor Area L,15,0.4460618282772522,7,raw_scale_analysis
Epilepsy,epilepsy,weighted,Supp Motor Area R,16,0.5704587246227956,7,raw_scale_analysis
Epilepsy,epilepsy,weighted,Olfactory L,17,0.27482155887389664,7,raw_scale_analysis
Epilepsy,epilepsy,weighted,Olfactory R,18,0.3129031863409261,7,raw_scale_analysis
Epilepsy,epilepsy,weighted,Frontal Sup Medial L,19,0.4400652480238005,7,raw_scale_analysis
Epilepsy,epilepsy,weighted,Frontal Sup Medial R,20,0.41245077764662263,7,raw_scale_analysis
Epilepsy,epilepsy,weighted,Frontal Med Orb L,21,0.39471258065806114,7,raw_scale_analysis
Epilepsy,epilepsy,weighted,Frontal Med Orb R,22,0.3990424794910903,7,raw_scale_analysis
Epilepsy,epilepsy,weighted,Rectus L,23,0.37287063668954257,7,raw_scale_analysis
Epilepsy,epilepsy,weighted,Rectus R,24,0.3961343546461515,7,raw_scale_analysis
Epilepsy,epilepsy,weighted,OFCmed L,25,0.413943541952587,7,raw_scale_analysis
Epilepsy,epilepsy,weighted,OFCmed R,26,0.4252674569939742,7,raw_scale_analysis
Epilepsy,epilepsy,weighted,OFCant L,27,0.4802504380181384,7,raw_scale_analysis
Epilepsy,epilepsy,weighted,OFCant R,28,0.48400526435450986,7,raw_scale_analysis
Epilepsy,epilepsy,weighted,OFCpost L,29,0.3687039717478932,7,raw_scale_analysis
Epilepsy,epilepsy,weighted,OFCpost R,30,0.45666191781019133,7,raw_scale_analysis
Epilepsy,epilepsy,weighted,OFClat L,31,0.4748271194312925,7,raw_scale_analysis
Epilepsy,epilepsy,weighted,OFClat R,32,0.5307462918808947,7,raw_scale_analysis
Epilepsy,epilepsy,weighted,Insula L,33,0.4261406012460369,7,raw_scale_analysis
Epilepsy,epilepsy,weighted,Insula R,34,0.381889391885848,7,raw_scale_analysis
Epilepsy,epilepsy,weighted,Cingulate Mid L,37,0.4545593137574226,7,raw_scale_analysis
Epilepsy,epilepsy,weighted,Cingulate Mid R,38,0.44237860625924896,7,raw_scale_analysis
Epilepsy,epilepsy,weighted,Cingulate Post L,39,0.54565619062567,7,raw_scale_analysis
Epilepsy,epilepsy,weighted,Hippocampus L,41,0.4720521565903257,7,raw_scale_analysis
Epilepsy,epilepsy,weighted,Hippocampus R,42,0.49354493118333864,7,raw_scale_analysis
Epilepsy,epilepsy,weighted,ParaHippocampal L,43,0.3650219450724739,7,raw_scale_analysis
Epilepsy,epilepsy,weighted,ParaHippocampal R,44,0.38406786211802146,7,raw_scale_analysis
Epilepsy,epilepsy,weighted,Amygdala L,45,0.4229049716197073,7,raw_scale_analysis
Epilepsy,epilepsy,weighted,Amygdala R,46,0.43787875560661804,7,raw_scale_analysis
Epilepsy,epilepsy,weighted,Calcarine L,47,0.6752132542885287,7,raw_scale_analysis
Epilepsy,epilepsy,weighted,Calcarine R,48,0.6438761068672132,7,raw_scale_analysis
Epilepsy,epilepsy,weighted,Cuneus L,49,0.673055187903839,7,raw_scale_analysis
Epilepsy,epilepsy,weighted,Lingual L,51,0.6885063296234458,7,raw_scale_analysis
Epilepsy,epilepsy,weighted,Lingual R,52,0.6641517289634014,7,raw_scale_analysis
Epilepsy,epilepsy,weighted,Occipital Sup L,53,0.6312611547204136,7,raw_scale_analysis
Epilepsy,epilepsy,weighted,Occipital Mid L,55,0.6059939837824544,7,raw_scale_analysis
Epilepsy,epilepsy,weighted,Occipital Mid R,56,0.6026000201849908,7,raw_scale_analysis
Epilepsy,epilepsy,weighted,Occipital Inf L,57,0.6657823854020036,7,raw_scale_analysis
Epilepsy,epilepsy,weighted,Occipital Inf R,58,0.6705561451315327,7,raw_scale_analysis
Epilepsy,epilepsy,weighted,Fusiform L,59,0.44521795530335734,7,raw_scale_analysis
Epilepsy,epilepsy,weighted,Fusiform R,60,0.44356163921860475,7,raw_scale_analysis
Epilepsy,epilepsy,weighted,Postcentral L,61,0.6001613306477601,7,raw_scale_analysis
Epilepsy,epilepsy,weighted,Postcentral R,62,0.6178272246252096,7,raw_scale_analysis
Epilepsy,epilepsy,weighted,Parietal Sup L,63,0.5672958312039743,7,raw_scale_analysis
Epilepsy,epilepsy,weighted,Parietal Sup R,64,0.5401670480641309,7,raw_scale_analysis
Epilepsy,epilepsy,weighted,Parietal Inf L,65,0.5408724476825097,7,raw_scale_analysis
Epilepsy,epilepsy,weighted,Parietal Inf R,66,0.5642816517280378,7,raw_scale_analysis
Epilepsy,epilepsy,weighted,SupraMarginal L,67,0.49818637238325963,7,raw_scale_analysis
Epilepsy,epilepsy,weighted,SupraMarginal R,68,0.4881044276857158,7,raw_scale_analysis
Epilepsy,epilepsy,weighted,Angular L,69,0.5289713236588027,7,raw_scale_analysis
Epilepsy,epilepsy,weighted,Angular R,70,0.4808534656968744,7,raw_scale_analysis
Epilepsy,epilepsy,weighted,Precuneus L,71,0.5208471796257614,7,raw_scale_analysis
Epilepsy,epilepsy,weighted,Precuneus R,72,0.5226432554075242,7,raw_scale_analysis
Epilepsy,epilepsy,weighted,Paracentral Lobule L,73,0.5645039106145286,7,raw_scale_analysis
Epilepsy,epilepsy,weighted,Paracentral Lobule R,74,0.632961260871393,7,raw_scale_analysis
Epilepsy,epilepsy,weighted,Caudate L,75,0.5219315441145106,7,raw_scale_analysis
Epilepsy,epilepsy,weighted,Caudate R,76,0.5359032976424707,7,raw_scale_analysis
Epilepsy,epilepsy,weighted,Putamen L,77,0.5439677280413909,7,raw_scale_analysis
Epilepsy,epilepsy,weighted,Putamen R,78,0.5382012705337554,7,raw_scale_analysis
Epilepsy,epilepsy,weighted,Pallidum L,79,0.5282521400657335,7,raw_scale_analysis
Epilepsy,epilepsy,weighted,Pallidum R,80,0.5799994893419186,7,raw_scale_analysis
Epilepsy,epilepsy,weighted,Heschl L,83,0.6525651652343765,7,raw_scale_analysis
Epilepsy,epilepsy,weighted,Heschl R,84,0.7137117309596527,7,raw_scale_analysis
Epilepsy,epilepsy,weighted,Temporal Sup L,85,0.5280978955352866,7,raw_scale_analysis
Epilepsy,epilepsy,weighted,Temporal Sup R,86,0.5595837675007808,7,raw_scale_analysis
Epilepsy,epilepsy,weighted,Temporal Pole Sup L,87,0.3840591867898565,7,raw_scale_analysis
Epilepsy,epilepsy,weighted,Temporal Pole Sup R,88,0.373364074530222,7,raw_scale_analysis
Epilepsy,epilepsy,weighted,Temporal Mid L,89,0.5010921533135005,7,raw_scale_analysis
Epilepsy,epilepsy,weighted,Temporal Mid R,90,0.4691687719176436,7,raw_scale_analysis
Epilepsy,epilepsy,weighted,Temporal Pole Mid L,91,0.3660213321247266,7,raw_scale_analysis
Epilepsy,epilepsy,weighted,Temporal Inf L,93,0.4499789450290716,7,raw_scale_analysis
Epilepsy,epilepsy,weighted,Temporal Inf R,94,0.44378009680731123,7,raw_scale_analysis
Epilepsy,epilepsy,weighted,Cerebellum Crus1 L,95,0.3373552993125064,7,raw_scale_analysis
Epilepsy,epilepsy,weighted,Cerebellum Crus1 R,96,0.4014645774423737,7,raw_scale_analysis
Epilepsy,epilepsy,weighted,Cerebellum Crus2 L,97,0.33570185635466454,7,raw_scale_analysis
Epilepsy,epilepsy,weighted,Cerebellum Crus2 R,98,0.4302864762790275,7,raw_scale_analysis
Epilepsy,epilepsy,weighted,Cerebellum 4 5 L,101,0.5617667962665277,7,raw_scale_analysis
Epilepsy,epilepsy,weighted,Cerebellum 4 5 R,102,0.4218585393371314,7,raw_scale_analysis
Epilepsy,epilepsy,weighted,Cerebellum 6 L,103,0.4363908212709497,7,raw_scale_analysis
Epilepsy,epilepsy,weighted,Cerebellum 6 R,104,0.36676057342921253,7,raw_scale_analysis
Epilepsy,epilepsy,weighted,Cerebellum 7b L,105,0.3646327710728687,7,raw_scale_analysis
Epilepsy,epilepsy,weighted,Cerebellum 7b R,106,0.3919234048893891,7,raw_scale_analysis
Epilepsy,epilepsy,weighted,Cerebellum 8 L,107,0.4209180446058378,7,raw_scale_analysis
Epilepsy,epilepsy,weighted,Cerebellum 8 R,108,0.4417030923540963,7,raw_scale_analysis
Epilepsy,epilepsy,weighted,Cerebellum 9 L,109,0.39713176366577463,7,raw_scale_analysis
Epilepsy,epilepsy,weighted,Cerebellum 9 R,110,0.3701832771394202,7,raw_scale_analysis
Epilepsy,epilepsy,weighted,Cerebellum 10 L,111,0.47305787928943627,7,raw_scale_analysis
Epilepsy,epilepsy,weighted,Vermis 8,118,0.7098055633825854,7,raw_scale_analysis
Epilepsy,epilepsy,weighted,Vermis 9,119,0.7424576665007325,7,raw_scale_analysis
Epilepsy,epilepsy,weighted,Thal AV L,121,0.577178239939112,7,raw_scale_analysis
Epilepsy,epilepsy,weighted,Thal AV R,122,0.5622209860062706,7,raw_scale_analysis
Epilepsy,epilepsy,weighted,Thal VA L,125,0.5604104548151626,7,raw_scale_analysis
Epilepsy,epilepsy,weighted,Thal VL L,127,0.5918041839945402,7,raw_scale_analysis
Epilepsy,epilepsy,weighted,Thal VL R,128,0.5322058674999978,7,raw_scale_analysis
Epilepsy,epilepsy,weighted,Thal VPL L,129,0.629715413019116,7,raw_scale_analysis
Epilepsy,epilepsy,weighted,Thal VPL R,130,0.5995299384529292,7,raw_scale_analysis
Epilepsy,epilepsy,weighted,Thal IL L,131,0.6215377786007082,7,raw_scale_analysis
Epilepsy,epilepsy,weighted,Thal MDm L,135,0.514030713665761,7,raw_scale_analysis
Epilepsy,epilepsy,weighted,Thal MDm R,136,0.5116791967714149,7,raw_scale_analysis
Epilepsy,epilepsy,weighted,Thal MDl L,137,0.6316426023912747,7,raw_scale_analysis
Epilepsy,epilepsy,weighted,Thal LGN L,139,0.5800073109412212,7,raw_scale_analysis
Epilepsy,epilepsy,weighted,Thal LGN R,140,0.61554793958998,7,raw_scale_analysis
Epilepsy,epilepsy,weighted,Thal MGN L,141,0.5317424948588084,7,raw_scale_analysis
Epilepsy,epilepsy,weighted,Thal PuI L,143,0.6652339533181217,7,raw_scale_analysis
Epilepsy,epilepsy,weighted,Thal PuI R,144,0.6231919777149455,7,raw_scale_analysis
Epilepsy,epilepsy,weighted,Thal PuM L,145,0.6159891132119993,7,raw_scale_analysis
Epilepsy,epilepsy,weighted,Thal PuM R,146,0.6191250251125753,7,raw_scale_analysis
Epilepsy,epilepsy,weighted,Thal PuA L,147,0.5863456614062605,7,raw_scale_analysis
Epilepsy,epilepsy,weighted,Thal PuA R,148,0.6278017306075818,7,raw_scale_analysis
Epilepsy,epilepsy,weighted,ACC pre L,153,0.2614757019771536,7,raw_scale_analysis
Epilepsy,epilepsy,weighted,ACC pre R,154,0.40555203622540276,7,raw_scale_analysis
Epilepsy,epilepsy,weighted,ACC sup L,155,0.3578744266330723,7,raw_scale_analysis
Epilepsy,epilepsy,weighted,ACC sup R,156,0.4004800257083066,7,raw_scale_analysis
Epilepsy,epilepsy,weighted,N Acc L,157,0.4629157314503181,7,raw_scale_analysis
Epilepsy,epilepsy,weighted,N Acc R,158,0.49552069948310545,7,raw_scale_analysis
Epilepsy,epilepsy,weighted,SN pc L,161,0.507755651498386,7,raw_scale_analysis
Epilepsy,epilepsy,weighted,SN pr L,163,0.44396905789006896,7,raw_scale_analysis
Epilepsy,epilepsy,weighted,SN pr R,164,0.38465526063717365,7,raw_scale_analysis
Epilepsy,epilepsy,weighted,Red N L,165,0.49513487203787915,7,raw_scale_analysis
Epilepsy,epilepsy,weighted,Red N R,166,0.4614671897936143,7,raw_scale_analysis
Epilepsy,epilepsy,weighted,LC L,167,0.5580501696188728,7,raw_scale_analysis
Epilepsy,epilepsy,weighted,LC R,168,0.5265318805962971,7,raw_scale_analysis
Epilepsy,epilepsy,weighted,Raphe D,169,0.5771157181858315,7,raw_scale_analysis
Epilepsy,epilepsy,weighted,Raphe M,170,0.4832983490955054,7,raw_scale_analysis
Migraine,migraine,broad,Precentral L,1,0.4954446183160786,167,raw_scale_analysis
Migraine,migraine,broad,Precentral R,2,0.49082563707690874,167,raw_scale_analysis
Migraine,migraine,broad,Frontal Sup 2 L,3,0.4972692388788339,167,raw_scale_analysis
Migraine,migraine,broad,Frontal Sup 2 R,4,0.5157795175325071,167,raw_scale_analysis
Migraine,migraine,broad,Frontal Mid 2 L,5,0.5104414562521927,167,raw_scale_analysis
Migraine,migraine,broad,Frontal Mid 2 R,6,0.5045802802238045,167,raw_scale_analysis
Migraine,migraine,broad,Frontal Inf Oper L,7,0.47659655265701417,167,raw_scale_analysis
Migraine,migraine,broad,Frontal Inf Oper R,8,0.47549439944364086,167,raw_scale_analysis
Migraine,migraine,broad,Frontal Inf Tri L,9,0.5125679994873945,167,raw_scale_analysis
Migraine,migraine,broad,Frontal Inf Tri R,10,0.49606349774453445,167,raw_scale_analysis
Migraine,migraine,broad,Frontal Inf Orb 2 L,11,0.5192982239578388,167,raw_scale_analysis
Migraine,migraine,broad,Frontal Inf Orb 2 R,12,0.5096503424084102,167,raw_scale_analysis
Migraine,migraine,broad,Rolandic Oper L,13,0.5067850080968063,167,raw_scale_analysis
Migraine,migraine,broad,Rolandic Oper R,14,0.535342674695577,167,raw_scale_analysis
Migraine,migraine,broad,Supp Motor Area L,15,0.4692434554079395,167,raw_scale_analysis
Migraine,migraine,broad,Supp Motor Area R,16,0.4915660467317566,167,raw_scale_analysis
Migraine,migraine,broad,Olfactory L,17,0.4807692355339628,167,raw_scale_analysis
Migraine,migraine,broad,Olfactory R,18,0.47531584439867813,167,raw_scale_analysis
Migraine,migraine,broad,Frontal Sup Medial L,19,0.5210404649862782,167,raw_scale_analysis
Migraine,migraine,broad,Frontal Sup Medial R,20,0.5279673004511961,167,raw_scale_analysis
Migraine,migraine,broad,Frontal Med Orb L,21,0.5158048920140408,167,raw_scale_analysis
Migraine,migraine,broad,Frontal Med Orb R,22,0.5439871096853364,167,raw_scale_analysis
Migraine,migraine,broad,Rectus L,23,0.5133989689300782,167,raw_scale_analysis
Migraine,migraine,broad,Rectus R,24,0.534468295243854,167,raw_scale_analysis
Migraine,migraine,broad,OFCmed L,25,0.5083314720707082,167,raw_scale_analysis
Migraine,migraine,broad,OFCmed R,26,0.5304967304575146,167,raw_scale_analysis
Migraine,migraine,broad,OFCant L,27,0.5329046793701083,167,raw_scale_analysis
Migraine,migraine,broad,OFCant R,28,0.534781304727271,167,raw_scale_analysis
Migraine,migraine,broad,OFCpost L,29,0.489085280653124,167,raw_scale_analysis
Migraine,migraine,broad,OFCpost R,30,0.5145996042648147,167,raw_scale_analysis
Migraine,migraine,broad,OFClat L,31,0.4904778750097212,167,raw_scale_analysis
Migraine,migraine,broad,OFClat R,32,0.5185377364846998,167,raw_scale_analysis
Migraine,migraine,broad,Insula L,33,0.5071014311083587,167,raw_scale_analysis
Migraine,migraine,broad,Insula R,34,0.5036856101671905,167,raw_scale_analysis
Migraine,migraine,broad,Cingulate Mid L,37,0.497519226835614,167,raw_scale_analysis
Migraine,migraine,broad,Cingulate Mid R,38,0.48828069129207163,167,raw_scale_analysis
Migraine,migraine,broad,Cingulate Post L,39,0.5034317635741186,167,raw_scale_analysis
Migraine,migraine,broad,Hippocampus L,41,0.49527644745103827,167,raw_scale_analysis
Migraine,migraine,broad,Hippocampus R,42,0.49590284078118824,167,raw_scale_analysis
Migraine,migraine,broad,ParaHippocampal L,43,0.5159179466691916,167,raw_scale_analysis
Migraine,migraine,broad,ParaHippocampal R,44,0.5149235937286418,167,raw_scale_analysis
Migraine,migraine,broad,Amygdala L,45,0.5038671352763103,167,raw_scale_analysis
Migraine,migraine,broad,Amygdala R,46,0.46876382737780525,167,raw_scale_analysis
Migraine,migraine,broad,Calcarine L,47,0.5046331253594714,167,raw_scale_analysis
Migraine,migraine,broad,Calcarine R,48,0.49751145151335346,167,raw_scale_analysis
Migraine,migraine,broad,Cuneus L,49,0.497015332929521,167,raw_scale_analysis
Migraine,migraine,broad,Lingual L,51,0.49779452691723375,167,raw_scale_analysis
Migraine,migraine,broad,Lingual R,52,0.5028464365288454,167,raw_scale_analysis
Migraine,migraine,broad,Occipital Sup L,53,0.5030220278081752,167,raw_scale_analysis
Migraine,migraine,broad,Occipital Mid L,55,0.513532496606569,167,raw_scale_analysis
Migraine,migraine,broad,Occipital Mid R,56,0.5184804387316579,167,raw_scale_analysis
Migraine,migraine,broad,Occipital Inf L,57,0.5116857664673674,167,raw_scale_analysis
Migraine,migraine,broad,Occipital Inf R,58,0.5038064865317401,167,raw_scale_analysis
Migraine,migraine,broad,Fusiform L,59,0.4953174063984534,167,raw_scale_analysis
Migraine,migraine,broad,Fusiform R,60,0.4874553639050352,167,raw_scale_analysis
Migraine,migraine,broad,Postcentral L,61,0.5007313882914542,167,raw_scale_analysis
Migraine,migraine,broad,Postcentral R,62,0.4963118090740774,167,raw_scale_analysis
Migraine,migraine,broad,Parietal Sup L,63,0.5036388580111008,167,raw_scale_analysis
Migraine,migraine,broad,Parietal Sup R,64,0.4542408664381938,167,raw_scale_analysis
Migraine,migraine,broad,Parietal Inf L,65,0.5067367262699355,167,raw_scale_analysis
Migraine,migraine,broad,Parietal Inf R,66,0.510612443498633,167,raw_scale_analysis
Migraine,migraine,broad,SupraMarginal L,67,0.46848183759343626,167,raw_scale_analysis
Migraine,migraine,broad,SupraMarginal R,68,0.4745783504408617,167,raw_scale_analysis
Migraine,migraine,broad,Angular L,69,0.5057268833649453,167,raw_scale_analysis
Migraine,migraine,broad,Angular R,70,0.4805095936032037,167,raw_scale_analysis
Migraine,migraine,broad,Precuneus L,71,0.49538200095854545,167,raw_scale_analysis
Migraine,migraine,broad,Precuneus R,72,0.4812902054141442,167,raw_scale_analysis
Migraine,migraine,broad,Paracentral Lobule L,73,0.4841349816665717,167,raw_scale_analysis
Migraine,migraine,broad,Paracentral Lobule R,74,0.5001034872554001,167,raw_scale_analysis
Migraine,migraine,broad,Caudate L,75,0.5087574669303863,167,raw_scale_analysis
Migraine,migraine,broad,Caudate R,76,0.5168739299853147,167,raw_scale_analysis
Migraine,migraine,broad,Putamen L,77,0.49473097260548227,167,raw_scale_analysis
Migraine,migraine,broad,Putamen R,78,0.5026001137272246,167,raw_scale_analysis
Migraine,migraine,broad,Pallidum L,79,0.5199351749239479,167,raw_scale_analysis
Migraine,migraine,broad,Pallidum R,80,0.5427068467761899,167,raw_scale_analysis
Migraine,migraine,broad,Heschl L,83,0.5117137593450628,167,raw_scale_analysis
Migraine,migraine,broad,Heschl R,84,0.5182660893613394,167,raw_scale_analysis
Migraine,migraine,broad,Temporal Sup L,85,0.49592415805941614,167,raw_scale_analysis
Migraine,migraine,broad,Temporal Sup R,86,0.48527577230127256,167,raw_scale_analysis
Migraine,migraine,broad,Temporal Pole Sup L,87,0.4953092263942363,167,raw_scale_analysis
Migraine,migraine,broad,Temporal Pole Sup R,88,0.5332050048667145,167,raw_scale_analysis
Migraine,migraine,broad,Temporal Mid L,89,0.49001405696062406,167,raw_scale_analysis
Migraine,migraine,broad,Temporal Mid R,90,0.5004992285059741,167,raw_scale_analysis
Migraine,migraine,broad,Temporal Pole Mid L,91,0.5061565241069397,167,raw_scale_analysis
Migraine,migraine,broad,Temporal Inf L,93,0.4981478807323651,167,raw_scale_analysis
Migraine,migraine,broad,Temporal Inf R,94,0.5020369035036882,167,raw_scale_analysis
Migraine,migraine,broad,Cerebellum Crus1 L,95,0.49156355689152814,167,raw_scale_analysis
Migraine,migraine,broad,Cerebellum Crus1 R,96,0.5306350103875522,167,raw_scale_analysis
Migraine,migraine,broad,Cerebellum Crus2 L,97,0.48712472971280857,167,raw_scale_analysis
Migraine,migraine,broad,Cerebellum Crus2 R,98,0.524738432468647,167,raw_scale_analysis
Migraine,migraine,broad,Cerebellum 4 5 L,101,0.5273537954355391,167,raw_scale_analysis
Migraine,migraine,broad,Cerebellum 4 5 R,102,0.5280293414443815,167,raw_scale_analysis
Migraine,migraine,broad,Cerebellum 6 L,103,0.5156774988955929,167,raw_scale_analysis
Migraine,migraine,broad,Cerebellum 6 R,104,0.4969477121084731,167,raw_scale_analysis
Migraine,migraine,broad,Cerebellum 7b L,105,0.4797119368843857,167,raw_scale_analysis
Migraine,migraine,broad,Cerebellum 7b R,106,0.49279184559752887,167,raw_scale_analysis
Migraine,migraine,broad,Cerebellum 8 L,107,0.4975140049554215,167,raw_scale_analysis
Migraine,migraine,broad,Cerebellum 8 R,108,0.5226044449529447,167,raw_scale_analysis
Migraine,migraine,broad,Cerebellum 9 L,109,0.47914856369449765,167,raw_scale_analysis
Migraine,migraine,broad,Cerebellum 9 R,110,0.47989383521362766,167,raw_scale_analysis
Migraine,migraine,broad,Cerebellum 10 L,111,0.492418059958026,167,raw_scale_analysis
Migraine,migraine,broad,Vermis 8,118,0.5490728988111463,167,raw_scale_analysis
Migraine,migraine,broad,Vermis 9,119,0.5148972024338914,167,raw_scale_analysis
Migraine,migraine,broad,Thal AV L,121,0.5309128193059767,167,raw_scale_analysis
Migraine,migraine,broad,Thal AV R,122,0.5282621005393878,167,raw_scale_analysis
Migraine,migraine,broad,Thal VA L,125,0.5293111738567613,167,raw_scale_analysis
Migraine,migraine,broad,Thal VL L,127,0.5198616375822042,167,raw_scale_analysis
Migraine,migraine,broad,Thal VL R,128,0.5071968664230777,167,raw_scale_analysis
Migraine,migraine,broad,Thal VPL L,129,0.509712322239769,167,raw_scale_analysis
Migraine,migraine,broad,Thal VPL R,130,0.5255431312660047,167,raw_scale_analysis
Migraine,migraine,broad,Thal IL L,131,0.552090708823296,167,raw_scale_analysis
Migraine,migraine,broad,Thal MDm L,135,0.45844745716875485,167,raw_scale_analysis
Migraine,migraine,broad,Thal MDm R,136,0.5041727608083433,167,raw_scale_analysis
Migraine,migraine,broad,Thal MDl L,137,0.48407668260909464,167,raw_scale_analysis
Migraine,migraine,broad,Thal LGN L,139,0.5042665044834985,167,raw_scale_analysis
Migraine,migraine,broad,Thal LGN R,140,0.5246204052047141,167,raw_scale_analysis
Migraine,migraine,broad,Thal MGN L,141,0.5293723842487654,167,raw_scale_analysis
Migraine,migraine,broad,Thal PuI L,143,0.541071409378521,167,raw_scale_analysis
Migraine,migraine,broad,Thal PuI R,144,0.5368927765690562,167,raw_scale_analysis
Migraine,migraine,broad,Thal PuM L,145,0.5248192677350731,167,raw_scale_analysis
Migraine,migraine,broad,Thal PuM R,146,0.5044181597644154,167,raw_scale_analysis
Migraine,migraine,broad,Thal PuA L,147,0.5476474108903677,167,raw_scale_analysis
Migraine,migraine,broad,Thal PuA R,148,0.5164576944174121,167,raw_scale_analysis
Migraine,migraine,broad,ACC pre L,153,0.4824105615528194,167,raw_scale_analysis
Migraine,migraine,broad,ACC pre R,154,0.5312922531651076,167,raw_scale_analysis
Migraine,migraine,broad,ACC sup L,155,0.5014825187687035,167,raw_scale_analysis
Migraine,migraine,broad,ACC sup R,156,0.5266688093835565,167,raw_scale_analysis
Migraine,migraine,broad,N Acc L,157,0.5162790192889682,167,raw_scale_analysis
Migraine,migraine,broad,N Acc R,158,0.5316907982524669,167,raw_scale_analysis
Migraine,migraine,broad,SN pc L,161,0.5136950145824632,167,raw_scale_analysis
Migraine,migraine,broad,SN pr L,163,0.5214308650048106,167,raw_scale_analysis
Migraine,migraine,broad,SN pr R,164,0.5127258732117846,167,raw_scale_analysis
Migraine,migraine,broad,Red N L,165,0.511383740667104,167,raw_scale_analysis
Migraine,migraine,broad,Red N R,166,0.5400498517137716,167,raw_scale_analysis
Migraine,migraine,broad,LC L,167,0.48137358995121826,167,raw_scale_analysis
Migraine,migraine,broad,LC R,168,0.4532477387213227,167,raw_scale_analysis
Migraine,migraine,broad,Raphe D,169,0.4870035640100497,167,raw_scale_analysis
Migraine,migraine,broad,Raphe M,170,0.4918654323777661,167,raw_scale_analysis
Migraine,migraine,stringent,Precentral L,1,0.49253370783681927,41,raw_scale_analysis
Migraine,migraine,stringent,Precentral R,2,0.47494896587867047,41,raw_scale_analysis
Migraine,migraine,stringent,Frontal Sup 2 L,3,0.5093324604552557,41,raw_scale_analysis
Migraine,migraine,stringent,Frontal Sup 2 R,4,0.5305348469850791,41,raw_scale_analysis
Migraine,migraine,stringent,Frontal Mid 2 L,5,0.5218305531812606,41,raw_scale_analysis
Migraine,migraine,stringent,Frontal Mid 2 R,6,0.5160129358404592,41,raw_scale_analysis
Migraine,migraine,stringent,Frontal Inf Oper L,7,0.48660290712364435,41,raw_scale_analysis
Migraine,migraine,stringent,Frontal Inf Oper R,8,0.4993850490827048,41,raw_scale_analysis
Migraine,migraine,stringent,Frontal Inf Tri L,9,0.5219820102207938,41,raw_scale_analysis
Migraine,migraine,stringent,Frontal Inf Tri R,10,0.48998212632914284,41,raw_scale_analysis
Migraine,migraine,stringent,Frontal Inf Orb 2 L,11,0.5397550631742051,41,raw_scale_analysis
Migraine,migraine,stringent,Frontal Inf Orb 2 R,12,0.5248382589098272,41,raw_scale_analysis
Migraine,migraine,stringent,Rolandic Oper L,13,0.5005127126441474,41,raw_scale_analysis
Migraine,migraine,stringent,Rolandic Oper R,14,0.5405175974362215,41,raw_scale_analysis
Migraine,migraine,stringent,Supp Motor Area L,15,0.47321942171803594,41,raw_scale_analysis
Migraine,migraine,stringent,Supp Motor Area R,16,0.4663135693942747,41,raw_scale_analysis
Migraine,migraine,stringent,Olfactory L,17,0.4819611163970122,41,raw_scale_analysis
Migraine,migraine,stringent,Olfactory R,18,0.4756393507038439,41,raw_scale_analysis
Migraine,migraine,stringent,Frontal Sup Medial L,19,0.5308278203007577,41,raw_scale_analysis
Migraine,migraine,stringent,Frontal Sup Medial R,20,0.5380516204064639,41,raw_scale_analysis
Migraine,migraine,stringent,Frontal Med Orb L,21,0.5275258784726725,41,raw_scale_analysis
Migraine,migraine,stringent,Frontal Med Orb R,22,0.559731973592066,41,raw_scale_analysis
Migraine,migraine,stringent,Rectus L,23,0.5247870256765794,41,raw_scale_analysis
Migraine,migraine,stringent,Rectus R,24,0.5450563413891226,41,raw_scale_analysis
Migraine,migraine,stringent,OFCmed L,25,0.5150693891156011,41,raw_scale_analysis
Migraine,migraine,stringent,OFCmed R,26,0.5343596197292759,41,raw_scale_analysis
Migraine,migraine,stringent,OFCant L,27,0.5494769853210709,41,raw_scale_analysis
Migraine,migraine,stringent,OFCant R,28,0.5454292478358893,41,raw_scale_analysis
Migraine,migraine,stringent,OFCpost L,29,0.48716931792592705,41,raw_scale_analysis
Migraine,migraine,stringent,OFCpost R,30,0.5169101490655649,41,raw_scale_analysis
Migraine,migraine,stringent,OFClat L,31,0.4986365259752939,41,raw_scale_analysis
Migraine,migraine,stringent,OFClat R,32,0.5537781172730194,41,raw_scale_analysis
Migraine,migraine,stringent,Insula L,33,0.4995675141607187,41,raw_scale_analysis
Migraine,migraine,stringent,Insula R,34,0.4990778420384431,41,raw_scale_analysis
Migraine,migraine,stringent,Cingulate Mid L,37,0.4967506341967238,41,raw_scale_analysis
Migraine,migraine,stringent,Cingulate Mid R,38,0.4836387414871024,41,raw_scale_analysis
Migraine,migraine,stringent,Cingulate Post L,39,0.49861029443699123,41,raw_scale_analysis
Migraine,migraine,stringent,Hippocampus L,41,0.5054580977559368,41,raw_scale_analysis
Migraine,migraine,stringent,Hippocampus R,42,0.4959412368394391,41,raw_scale_analysis
Migraine,migraine,stringent,ParaHippocampal L,43,0.5262821614822951,41,raw_scale_analysis
Migraine,migraine,stringent,ParaHippocampal R,44,0.5121624475877911,41,raw_scale_analysis
Migraine,migraine,stringent,Amygdala L,45,0.507750601985083,41,raw_scale_analysis
Migraine,migraine,stringent,Amygdala R,46,0.43620684572137314,41,raw_scale_analysis
Migraine,migraine,stringent,Calcarine L,47,0.5229886279952151,41,raw_scale_analysis
Migraine,migraine,stringent,Calcarine R,48,0.5185591759663357,41,raw_scale_analysis
Migraine,migraine,stringent,Cuneus L,49,0.5031636064799133,41,raw_scale_analysis
Migraine,migraine,stringent,Lingual L,51,0.5171027718488086,41,raw_scale_analysis
Migraine,migraine,stringent,Lingual R,52,0.5337712696570506,41,raw_scale_analysis
Migraine,migraine,stringent,Occipital Sup L,53,0.4885439906942732,41,raw_scale_analysis
Migraine,migraine,stringent,Occipital Mid L,55,0.5119612240676884,41,raw_scale_analysis
Migraine,migraine,stringent,Occipital Mid R,56,0.5172327048200392,41,raw_scale_analysis
Migraine,migraine,stringent,Occipital Inf L,57,0.5187661041979927,41,raw_scale_analysis
Migraine,migraine,stringent,Occipital Inf R,58,0.4905918680106223,41,raw_scale_analysis
Migraine,migraine,stringent,Fusiform L,59,0.48126226163629054,41,raw_scale_analysis
Migraine,migraine,stringent,Fusiform R,60,0.47093469123870846,41,raw_scale_analysis
Migraine,migraine,stringent,Postcentral L,61,0.4960396336357731,41,raw_scale_analysis
Migraine,migraine,stringent,Postcentral R,62,0.486496798182896,41,raw_scale_analysis
Migraine,migraine,stringent,Parietal Sup L,63,0.4986298002755365,41,raw_scale_analysis
Migraine,migraine,stringent,Parietal Sup R,64,0.4231259773734177,41,raw_scale_analysis
Migraine,migraine,stringent,Parietal Inf L,65,0.4973976427437921,41,raw_scale_analysis
Migraine,migraine,stringent,Parietal Inf R,66,0.5285579998203503,41,raw_scale_analysis
Migraine,migraine,stringent,SupraMarginal L,67,0.44759803922125774,41,raw_scale_analysis
Migraine,migraine,stringent,SupraMarginal R,68,0.44835134804311927,41,raw_scale_analysis
Migraine,migraine,stringent,Angular L,69,0.49427048304051113,41,raw_scale_analysis
Migraine,migraine,stringent,Angular R,70,0.4820611776009972,41,raw_scale_analysis
Migraine,migraine,stringent,Precuneus L,71,0.4905049797739407,41,raw_scale_analysis
Migraine,migraine,stringent,Precuneus R,72,0.46998416169093965,41,raw_scale_analysis
Migraine,migraine,stringent,Paracentral Lobule L,73,0.47378761176378154,41,raw_scale_analysis
Migraine,migraine,stringent,Paracentral Lobule R,74,0.47199416724589105,41,raw_scale_analysis
Migraine,migraine,stringent,Caudate L,75,0.5196811897028737,41,raw_scale_analysis
Migraine,migraine,stringent,Caudate R,76,0.527400368025141,41,raw_scale_analysis
Migraine,migraine,stringent,Putamen L,77,0.4889507564728863,41,raw_scale_analysis
Migraine,migraine,stringent,Putamen R,78,0.4855716766144498,41,raw_scale_analysis
Migraine,migraine,stringent,Pallidum L,79,0.5250527081880422,41,raw_scale_analysis
Migraine,migraine,stringent,Pallidum R,80,0.5481415337591815,41,raw_scale_analysis
Migraine,migraine,stringent,Heschl L,83,0.5191165960488975,41,raw_scale_analysis
Migraine,migraine,stringent,Heschl R,84,0.5441095294916487,41,raw_scale_analysis
Migraine,migraine,stringent,Temporal Sup L,85,0.48580911848607244,41,raw_scale_analysis
Migraine,migraine,stringent,Temporal Sup R,86,0.4830127910423712,41,raw_scale_analysis
Migraine,migraine,stringent,Temporal Pole Sup L,87,0.4869893935587948,41,raw_scale_analysis
Migraine,migraine,stringent,Temporal Pole Sup R,88,0.5323554114679884,41,raw_scale_analysis
Migraine,migraine,stringent,Temporal Mid L,89,0.47622445969777116,41,raw_scale_analysis
Migraine,migraine,stringent,Temporal Mid R,90,0.4782976356914796,41,raw_scale_analysis
Migraine,migraine,stringent,Temporal Pole Mid L,91,0.5015147176400452,41,raw_scale_analysis
Migraine,migraine,stringent,Temporal Inf L,93,0.4859488476582085,41,raw_scale_analysis
Migraine,migraine,stringent,Temporal Inf R,94,0.48765945650822623,41,raw_scale_analysis
Migraine,migraine,stringent,Cerebellum Crus1 L,95,0.48769902302399726,41,raw_scale_analysis
Migraine,migraine,stringent,Cerebellum Crus1 R,96,0.5336207742041363,41,raw_scale_analysis
Migraine,migraine,stringent,Cerebellum Crus2 L,97,0.48477934446402254,41,raw_scale_analysis
Migraine,migraine,stringent,Cerebellum Crus2 R,98,0.5244560781188919,41,raw_scale_analysis
Migraine,migraine,stringent,Cerebellum 4 5 L,101,0.5407467345997284,41,raw_scale_analysis
Migraine,migraine,stringent,Cerebellum 4 5 R,102,0.5551259194266679,41,raw_scale_analysis
Migraine,migraine,stringent,Cerebellum 6 L,103,0.5258650511868189,41,raw_scale_analysis
Migraine,migraine,stringent,Cerebellum 6 R,104,0.4927458194725463,41,raw_scale_analysis
Migraine,migraine,stringent,Cerebellum 7b L,105,0.4765052728270657,41,raw_scale_analysis
Migraine,migraine,stringent,Cerebellum 7b R,106,0.506171245845759,41,raw_scale_analysis
Migraine,migraine,stringent,Cerebellum 8 L,107,0.5012057049793347,41,raw_scale_analysis
Migraine,migraine,stringent,Cerebellum 8 R,108,0.522964400960967,41,raw_scale_analysis
Migraine,migraine,stringent,Cerebellum 9 L,109,0.4663244406708771,41,raw_scale_analysis
Migraine,migraine,stringent,Cerebellum 9 R,110,0.5058016905784575,41,raw_scale_analysis
Migraine,migraine,stringent,Cerebellum 10 L,111,0.49202976736538756,41,raw_scale_analysis
Migraine,migraine,stringent,Vermis 8,118,0.5750365550254447,41,raw_scale_analysis
Migraine,migraine,stringent,Vermis 9,119,0.5377404228378149,41,raw_scale_analysis
Migraine,migraine,stringent,Thal AV L,121,0.5534819369648025,41,raw_scale_analysis
Migraine,migraine,stringent,Thal AV R,122,0.5434793565824004,41,raw_scale_analysis
Migraine,migraine,stringent,Thal VA L,125,0.5214625876718054,41,raw_scale_analysis
Migraine,migraine,stringent,Thal VL L,127,0.5416768001388129,41,raw_scale_analysis
Migraine,migraine,stringent,Thal VL R,128,0.4984265865054139,41,raw_scale_analysis
Migraine,migraine,stringent,Thal VPL L,129,0.5210524117302718,41,raw_scale_analysis
Migraine,migraine,stringent,Thal VPL R,130,0.5455062139531143,41,raw_scale_analysis
Migraine,migraine,stringent,Thal IL L,131,0.581456871372933,41,raw_scale_analysis
Migraine,migraine,stringent,Thal MDm L,135,0.4780808355101327,41,raw_scale_analysis
Migraine,migraine,stringent,Thal MDm R,136,0.49185633657824596,41,raw_scale_analysis
Migraine,migraine,stringent,Thal MDl L,137,0.5117063964945807,41,raw_scale_analysis
Migraine,migraine,stringent,Thal LGN L,139,0.5185576221303643,41,raw_scale_analysis
Migraine,migraine,stringent,Thal LGN R,140,0.5280745889198849,41,raw_scale_analysis
Migraine,migraine,stringent,Thal MGN L,141,0.5423407974379936,41,raw_scale_analysis
Migraine,migraine,stringent,Thal PuI L,143,0.5881586184239712,41,raw_scale_analysis
Migraine,migraine,stringent,Thal PuI R,144,0.5755402255556968,41,raw_scale_analysis
Migraine,migraine,stringent,Thal PuM L,145,0.5665288266986095,41,raw_scale_analysis
Migraine,migraine,stringent,Thal PuM R,146,0.5282507955615193,41,raw_scale_analysis
Migraine,migraine,stringent,Thal PuA L,147,0.5697461397271899,41,raw_scale_analysis
Migraine,migraine,stringent,Thal PuA R,148,0.5068009157442785,41,raw_scale_analysis
Migraine,migraine,stringent,ACC pre L,153,0.4898993391971667,41,raw_scale_analysis
Migraine,migraine,stringent,ACC pre R,154,0.5571305869937375,41,raw_scale_analysis
Migraine,migraine,stringent,ACC sup L,155,0.5218952813732091,41,raw_scale_analysis
Migraine,migraine,stringent,ACC sup R,156,0.5514906348481505,41,raw_scale_analysis
Migraine,migraine,stringent,N Acc L,157,0.5145716988065974,41,raw_scale_analysis
Migraine,migraine,stringent,N Acc R,158,0.5030482771317389,41,raw_scale_analysis
Migraine,migraine,stringent,SN pc L,161,0.5331121688049582,41,raw_scale_analysis
Migraine,migraine,stringent,SN pr L,163,0.5089179295356969,41,raw_scale_analysis
Migraine,migraine,stringent,SN pr R,164,0.4783167424825729,41,raw_scale_analysis
Migraine,migraine,stringent,Red N L,165,0.5256712387053444,41,raw_scale_analysis
Migraine,migraine,stringent,Red N R,166,0.536044817787863,41,raw_scale_analysis
Migraine,migraine,stringent,LC L,167,0.4713558926646943,41,raw_scale_analysis
Migraine,migraine,stringent,LC R,168,0.4204173788948262,41,raw_scale_analysis
Migraine,migraine,stringent,Raphe D,169,0.5082035620499932,41,raw_scale_analysis
Migraine,migraine,stringent,Raphe M,170,0.45318117044370243,41,raw_scale_analysis
Migraine,migraine,weighted,Precentral L,1,0.4900963939196879,167,raw_scale_analysis
Migraine,migraine,weighted,Precentral R,2,0.47964200130145906,167,raw_scale_analysis
Migraine,migraine,weighted,Frontal Sup 2 L,3,0.49734913961162525,167,raw_scale_analysis
Migraine,migraine,weighted,Frontal Sup 2 R,4,0.519010934362829,167,raw_scale_analysis
Migraine,migraine,weighted,Frontal Mid 2 L,5,0.509875666443016,167,raw_scale_analysis
Migraine,migraine,weighted,Frontal Mid 2 R,6,0.5027375665440835,167,raw_scale_analysis
Migraine,migraine,weighted,Frontal Inf Oper L,7,0.47460869904363795,167,raw_scale_analysis
Migraine,migraine,weighted,Frontal Inf Oper R,8,0.47799023692549275,167,raw_scale_analysis
Migraine,migraine,weighted,Frontal Inf Tri L,9,0.5112494395529147,167,raw_scale_analysis
Migraine,migraine,weighted,Frontal Inf Tri R,10,0.4888532888702909,167,raw_scale_analysis
Migraine,migraine,weighted,Frontal Inf Orb 2 L,11,0.5267327538812951,167,raw_scale_analysis
Migraine,migraine,weighted,Frontal Inf Orb 2 R,12,0.5147669073043257,167,raw_scale_analysis
Migraine,migraine,weighted,Rolandic Oper L,13,0.5030488043427244,167,raw_scale_analysis
Migraine,migraine,weighted,Rolandic Oper R,14,0.5322889355838374,167,raw_scale_analysis
Migraine,migraine,weighted,Supp Motor Area L,15,0.465399162411906,167,raw_scale_analysis
Migraine,migraine,weighted,Supp Motor Area R,16,0.47831522624552186,167,raw_scale_analysis
Migraine,migraine,weighted,Olfactory L,17,0.48139197658247296,167,raw_scale_analysis
Migraine,migraine,weighted,Olfactory R,18,0.4757543390965274,167,raw_scale_analysis
Migraine,migraine,weighted,Frontal Sup Medial L,19,0.5189596678514166,167,raw_scale_analysis
Migraine,migraine,weighted,Frontal Sup Medial R,20,0.529409271388942,167,raw_scale_analysis
Migraine,migraine,weighted,Frontal Med Orb L,21,0.5152480844191605,167,raw_scale_analysis
Migraine,migraine,weighted,Frontal Med Orb R,22,0.5456741648473925,167,raw_scale_analysis
Migraine,migraine,weighted,Rectus L,23,0.5166825112520187,167,raw_scale_analysis
Migraine,migraine,weighted,Rectus R,24,0.5331587020951238,167,raw_scale_analysis
Migraine,migraine,weighted,OFCmed L,25,0.504562203669928,167,raw_scale_analysis
Migraine,migraine,weighted,OFCmed R,26,0.526617604597733,167,raw_scale_analysis
Migraine,migraine,weighted,OFCant L,27,0.5382803475382381,167,raw_scale_analysis
Migraine,migraine,weighted,OFCant R,28,0.5445989242976625,167,raw_scale_analysis
Migraine,migraine,weighted,OFCpost L,29,0.48106296159589607,167,raw_scale_analysis
Migraine,migraine,weighted,OFCpost R,30,0.5103684343548237,167,raw_scale_analysis
Migraine,migraine,weighted,OFClat L,31,0.48651860809654623,167,raw_scale_analysis
Migraine,migraine,weighted,OFClat R,32,0.5298903928694696,167,raw_scale_analysis
Migraine,migraine,weighted,Insula L,33,0.49904241144767486,167,raw_scale_analysis
Migraine,migraine,weighted,Insula R,34,0.49798280537186845,167,raw_scale_analysis
Migraine,migraine,weighted,Cingulate Mid L,37,0.49331909542342256,167,raw_scale_analysis
Migraine,migraine,weighted,Cingulate Mid R,38,0.4846111151234705,167,raw_scale_analysis
Migraine,migraine,weighted,Cingulate Post L,39,0.5008809473189535,167,raw_scale_analysis
Migraine,migraine,weighted,Hippocampus L,41,0.4955475797630149,167,raw_scale_analysis
Migraine,migraine,weighted,Hippocampus R,42,0.4934236580296633,167,raw_scale_analysis
Migraine,migraine,weighted,ParaHippocampal L,43,0.5237491546925594,167,raw_scale_analysis
Migraine,migraine,weighted,ParaHippocampal R,44,0.5150557344174145,167,raw_scale_analysis
Migraine,migraine,weighted,Amygdala L,45,0.5090804790055775,167,raw_scale_analysis
Migraine,migraine,weighted,Amygdala R,46,0.46345784404108326,167,raw_scale_analysis
Migraine,migraine,weighted,Calcarine L,47,0.5143125511008131,167,raw_scale_analysis
Migraine,migraine,weighted,Calcarine R,48,0.5125649485597057,167,raw_scale_analysis
Migraine,migraine,weighted,Cuneus L,49,0.5038876887319079,167,raw_scale_analysis
Migraine,migraine,weighted,Lingual L,51,0.5074572178240199,167,raw_scale_analysis
Migraine,migraine,weighted,Lingual R,52,0.512605850452419,167,raw_scale_analysis
Migraine,migraine,weighted,Occipital Sup L,53,0.49680245383955407,167,raw_scale_analysis
Migraine,migraine,weighted,Occipital Mid L,55,0.5183160926414009,167,raw_scale_analysis
Migraine,migraine,weighted,Occipital Mid R,56,0.5244686445176727,167,raw_scale_analysis
Migraine,migraine,weighted,Occipital Inf L,57,0.5188726334738388,167,raw_scale_analysis
Migraine,migraine,weighted,Occipital Inf R,58,0.49913795261605004,167,raw_scale_analysis
Migraine,migraine,weighted,Fusiform L,59,0.4907058405051438,167,raw_scale_analysis
Migraine,migraine,weighted,Fusiform R,60,0.4789874222136969,167,raw_scale_analysis
Migraine,migraine,weighted,Postcentral L,61,0.49758145504243206,167,raw_scale_analysis
Migraine,migraine,weighted,Postcentral R,62,0.49115270598391286,167,raw_scale_analysis
Migraine,migraine,weighted,Parietal Sup L,63,0.5049340287181314,167,raw_scale_analysis
Migraine,migraine,weighted,Parietal Sup R,64,0.4442912247145354,167,raw_scale_analysis
Migraine,migraine,weighted,Parietal Inf L,65,0.5032707422243626,167,raw_scale_analysis
Migraine,migraine,weighted,Parietal Inf R,66,0.5193447714193685,167,raw_scale_analysis
Migraine,migraine,weighted,SupraMarginal L,67,0.46213426817860825,167,raw_scale_analysis
Migraine,migraine,weighted,SupraMarginal R,68,0.4667511859628724,167,raw_scale_analysis
Migraine,migraine,weighted,Angular L,69,0.5032073676087072,167,raw_scale_analysis
Migraine,migraine,weighted,Angular R,70,0.4832294936924164,167,raw_scale_analysis
Migraine,migraine,weighted,Precuneus L,71,0.4915291355128559,167,raw_scale_analysis
Migraine,migraine,weighted,Precuneus R,72,0.47812816961943555,167,raw_scale_analysis
Migraine,migraine,weighted,Paracentral Lobule L,73,0.4763415993027699,167,raw_scale_analysis
Migraine,migraine,weighted,Paracentral Lobule R,74,0.4860927474050214,167,raw_scale_analysis
Migraine,migraine,weighted,Caudate L,75,0.5131007304825633,167,raw_scale_analysis
Migraine,migraine,weighted,Caudate R,76,0.5216813377165874,167,raw_scale_analysis
Migraine,migraine,weighted,Putamen L,77,0.4946953980969908,167,raw_scale_analysis
Migraine,migraine,weighted,Putamen R,78,0.49567607582633677,167,raw_scale_analysis
Migraine,migraine,weighted,Pallidum L,79,0.5262901002662871,167,raw_scale_analysis
Migraine,migraine,weighted,Pallidum R,80,0.5422137711096457,167,raw_scale_analysis
Migraine,migraine,weighted,Heschl L,83,0.5113291347115569,167,raw_scale_analysis
Migraine,migraine,weighted,Heschl R,84,0.5362982442008659,167,raw_scale_analysis
Migraine,migraine,weighted,Temporal Sup L,85,0.4913700646138234,167,raw_scale_analysis
Migraine,migraine,weighted,Temporal Sup R,86,0.4820555999824394,167,raw_scale_analysis
Migraine,migraine,weighted,Temporal Pole Sup L,87,0.48992834261543566,167,raw_scale_analysis
Migraine,migraine,weighted,Temporal Pole Sup R,88,0.5328086829650472,167,raw_scale_analysis
Migraine,migraine,weighted,Temporal Mid L,89,0.4846831794887063,167,raw_scale_analysis
Migraine,migraine,weighted,Temporal Mid R,90,0.49184585891070504,167,raw_scale_analysis
Migraine,migraine,weighted,Temporal Pole Mid L,91,0.5025628757224327,167,raw_scale_analysis
Migraine,migraine,weighted,Temporal Inf L,93,0.49438648403045976,167,raw_scale_analysis
Migraine,migraine,weighted,Temporal Inf R,94,0.49815283818015293,167,raw_scale_analysis
Migraine,migraine,weighted,Cerebellum Crus1 L,95,0.4893054180305294,167,raw_scale_analysis
Migraine,migraine,weighted,Cerebellum Crus1 R,96,0.5298600566079007,167,raw_scale_analysis
Migraine,migraine,weighted,Cerebellum Crus2 L,97,0.4894672479249345,167,raw_scale_analysis
Migraine,migraine,weighted,Cerebellum Crus2 R,98,0.5241903768973799,167,raw_scale_analysis
Migraine,migraine,weighted,Cerebellum 4 5 L,101,0.5326896901505866,167,raw_scale_analysis
Migraine,migraine,weighted,Cerebellum 4 5 R,102,0.5393159791323777,167,raw_scale_analysis
Migraine,migraine,weighted,Cerebellum 6 L,103,0.5185457196648422,167,raw_scale_analysis
Migraine,migraine,weighted,Cerebellum 6 R,104,0.49441307976436794,167,raw_scale_analysis
Migraine,migraine,weighted,Cerebellum 7b L,105,0.48048796596203874,167,raw_scale_analysis
Migraine,migraine,weighted,Cerebellum 7b R,106,0.5082073839288098,167,raw_scale_analysis
Migraine,migraine,weighted,Cerebellum 8 L,107,0.5029044498798179,167,raw_scale_analysis
Migraine,migraine,weighted,Cerebellum 8 R,108,0.5269868023484511,167,raw_scale_analysis
Migraine,migraine,weighted,Cerebellum 9 L,109,0.48297801832690235,167,raw_scale_analysis
Migraine,migraine,weighted,Cerebellum 9 R,110,0.4970929998790532,167,raw_scale_analysis
Migraine,migraine,weighted,Cerebellum 10 L,111,0.49270321492338726,167,raw_scale_analysis
Migraine,migraine,weighted,Vermis 8,118,0.5527925160051516,167,raw_scale_analysis
Migraine,migraine,weighted,Vermis 9,119,0.516548771960716,167,raw_scale_analysis
Migraine,migraine,weighted,Thal AV L,121,0.5389412667935449,167,raw_scale_analysis
Migraine,migraine,weighted,Thal AV R,122,0.5304353930935055,167,raw_scale_analysis
Migraine,migraine,weighted,Thal VA L,125,0.5267628901192859,167,raw_scale_analysis
Migraine,migraine,weighted,Thal VL L,127,0.5262793572863531,167,raw_scale_analysis
Migraine,migraine,weighted,Thal VL R,128,0.5050438818082299,167,raw_scale_analysis
Migraine,migraine,weighted,Thal VPL L,129,0.5104189458910903,167,raw_scale_analysis
Migraine,migraine,weighted,Thal VPL R,130,0.5309269259998418,167,raw_scale_analysis
Migraine,migraine,weighted,Thal IL L,131,0.5642259929264233,167,raw_scale_analysis
Migraine,migraine,weighted,Thal MDm L,135,0.4726583321743331,167,raw_scale_analysis
Migraine,migraine,weighted,Thal MDm R,136,0.5053457890221212,167,raw_scale_analysis
Migraine,migraine,weighted,Thal MDl L,137,0.4863095226418042,167,raw_scale_analysis
Migraine,migraine,weighted,Thal LGN L,139,0.5103745725842813,167,raw_scale_analysis
Migraine,migraine,weighted,Thal LGN R,140,0.5317290642591859,167,raw_scale_analysis
Migraine,migraine,weighted,Thal MGN L,141,0.5367083223403972,167,raw_scale_analysis
Migraine,migraine,weighted,Thal PuI L,143,0.5538066317331363,167,raw_scale_analysis
Migraine,migraine,weighted,Thal PuI R,144,0.5486000507396463,167,raw_scale_analysis
Migraine,migraine,weighted,Thal PuM L,145,0.5398977960380176,167,raw_scale_analysis
Migraine,migraine,weighted,Thal PuM R,146,0.5098491214929056,167,raw_scale_analysis
Migraine,migraine,weighted,Thal PuA L,147,0.550654651124247,167,raw_scale_analysis
Migraine,migraine,weighted,Thal PuA R,148,0.5127443079075986,167,raw_scale_analysis
Migraine,migraine,weighted,ACC pre L,153,0.4755082949466189,167,raw_scale_analysis
Migraine,migraine,weighted,ACC pre R,154,0.5335944689589815,167,raw_scale_analysis
Migraine,migraine,weighted,ACC sup L,155,0.5081292297205808,167,raw_scale_analysis
Migraine,migraine,weighted,ACC sup R,156,0.5292653651911743,167,raw_scale_analysis
Migraine,migraine,weighted,N Acc L,157,0.5236160346294833,167,raw_scale_analysis
Migraine,migraine,weighted,N Acc R,158,0.5220192047422845,167,raw_scale_analysis
Migraine,migraine,weighted,SN pc L,161,0.5264118707216521,167,raw_scale_analysis
Migraine,migraine,weighted,SN pr L,163,0.5216213361920002,167,raw_scale_analysis
Migraine,migraine,weighted,SN pr R,164,0.500137152583558,167,raw_scale_analysis
Migraine,migraine,weighted,Red N L,165,0.5192451931432799,167,raw_scale_analysis
Migraine,migraine,weighted,Red N R,166,0.5477557604291122,167,raw_scale_analysis
Migraine,migraine,weighted,LC L,167,0.48201981111554404,167,raw_scale_analysis
Migraine,migraine,weighted,LC R,168,0.45048868731117847,167,raw_scale_analysis
Migraine,migraine,weighted,Raphe D,169,0.5005487185960664,167,raw_scale_analysis
Migraine,migraine,weighted,Raphe M,170,0.4872885967912633,167,raw_scale_analysis
Multiple sclerosis,multiple_sclerosis,broad,Precentral L,1,0.5197758488148136,217,raw_scale_analysis
Multiple sclerosis,multiple_sclerosis,broad,Precentral R,2,0.5065004422227052,217,raw_scale_analysis
Multiple sclerosis,multiple_sclerosis,broad,Frontal Sup 2 L,3,0.4994958737943817,217,raw_scale_analysis
Multiple sclerosis,multiple_sclerosis,broad,Frontal Sup 2 R,4,0.5015352360621074,217,raw_scale_analysis
Multiple sclerosis,multiple_sclerosis,broad,Frontal Mid 2 L,5,0.5135735211438094,217,raw_scale_analysis
Multiple sclerosis,multiple_sclerosis,broad,Frontal Mid 2 R,6,0.5084198091760511,217,raw_scale_analysis
Multiple sclerosis,multiple_sclerosis,broad,Frontal Inf Oper L,7,0.47894352323227785,217,raw_scale_analysis
Multiple sclerosis,multiple_sclerosis,broad,Frontal Inf Oper R,8,0.5010678735122783,217,raw_scale_analysis
Multiple sclerosis,multiple_sclerosis,broad,Frontal Inf Tri L,9,0.521130054335087,217,raw_scale_analysis
Multiple sclerosis,multiple_sclerosis,broad,Frontal Inf Tri R,10,0.508670618439999,217,raw_scale_analysis
Multiple sclerosis,multiple_sclerosis,broad,Frontal Inf Orb 2 L,11,0.5178019033774597,217,raw_scale_analysis
Multiple sclerosis,multiple_sclerosis,broad,Frontal Inf Orb 2 R,12,0.5212885598027349,217,raw_scale_analysis
Multiple sclerosis,multiple_sclerosis,broad,Rolandic Oper L,13,0.5093927028053413,217,raw_scale_analysis
Multiple sclerosis,multiple_sclerosis,broad,Rolandic Oper R,14,0.5249286032376599,217,raw_scale_analysis
Multiple sclerosis,multiple_sclerosis,broad,Supp Motor Area L,15,0.4843441954760279,217,raw_scale_analysis
Multiple sclerosis,multiple_sclerosis,broad,Supp Motor Area R,16,0.5149903587375253,217,raw_scale_analysis
Multiple sclerosis,multiple_sclerosis,broad,Olfactory L,17,0.4890730023449142,217,raw_scale_analysis
Multiple sclerosis,multiple_sclerosis,broad,Olfactory R,18,0.4992604916727456,217,raw_scale_analysis
Multiple sclerosis,multiple_sclerosis,broad,Frontal Sup Medial L,19,0.5095033325050835,217,raw_scale_analysis
Multiple sclerosis,multiple_sclerosis,broad,Frontal Sup Medial R,20,0.49306785586664426,217,raw_scale_analysis
Multiple sclerosis,multiple_sclerosis,broad,Frontal Med Orb L,21,0.4983069566586093,217,raw_scale_analysis
Multiple sclerosis,multiple_sclerosis,broad,Frontal Med Orb R,22,0.51984027098991,217,raw_scale_analysis
Multiple sclerosis,multiple_sclerosis,broad,Rectus L,23,0.48993009673173515,217,raw_scale_analysis
Multiple sclerosis,multiple_sclerosis,broad,Rectus R,24,0.5164062666154574,217,raw_scale_analysis
Multiple sclerosis,multiple_sclerosis,broad,OFCmed L,25,0.49459959643414886,217,raw_scale_analysis
Multiple sclerosis,multiple_sclerosis,broad,OFCmed R,26,0.5146829979435762,217,raw_scale_analysis
Multiple sclerosis,multiple_sclerosis,broad,OFCant L,27,0.512764461524968,217,raw_scale_analysis
Multiple sclerosis,multiple_sclerosis,broad,OFCant R,28,0.5095685984146283,217,raw_scale_analysis
Multiple sclerosis,multiple_sclerosis,broad,OFCpost L,29,0.48923481532576635,217,raw_scale_analysis
Multiple sclerosis,multiple_sclerosis,broad,OFCpost R,30,0.5123125969243164,217,raw_scale_analysis
Multiple sclerosis,multiple_sclerosis,broad,OFClat L,31,0.4947561525945185,217,raw_scale_analysis
Multiple sclerosis,multiple_sclerosis,broad,OFClat R,32,0.5359750182568555,217,raw_scale_analysis
Multiple sclerosis,multiple_sclerosis,broad,Insula L,33,0.4996271008486909,217,raw_scale_analysis
Multiple sclerosis,multiple_sclerosis,broad,Insula R,34,0.5016132372676664,217,raw_scale_analysis
Multiple sclerosis,multiple_sclerosis,broad,Cingulate Mid L,37,0.5057162452196401,217,raw_scale_analysis
Multiple sclerosis,multiple_sclerosis,broad,Cingulate Mid R,38,0.49354382599579955,217,raw_scale_analysis
Multiple sclerosis,multiple_sclerosis,broad,Cingulate Post L,39,0.5152965676634862,217,raw_scale_analysis
Multiple sclerosis,multiple_sclerosis,broad,Hippocampus L,41,0.49459074299077255,217,raw_scale_analysis
Multiple sclerosis,multiple_sclerosis,broad,Hippocampus R,42,0.4948186241978531,217,raw_scale_analysis
Multiple sclerosis,multiple_sclerosis,broad,ParaHippocampal L,43,0.5055121156370155,217,raw_scale_analysis
Multiple sclerosis,multiple_sclerosis,broad,ParaHippocampal R,44,0.513409490107353,217,raw_scale_analysis
Multiple sclerosis,multiple_sclerosis,broad,Amygdala L,45,0.5155344250408087,217,raw_scale_analysis
Multiple sclerosis,multiple_sclerosis,broad,Amygdala R,46,0.46323055679242886,217,raw_scale_analysis
Multiple sclerosis,multiple_sclerosis,broad,Calcarine L,47,0.508545994097386,217,raw_scale_analysis
Multiple sclerosis,multiple_sclerosis,broad,Calcarine R,48,0.48312878947984295,217,raw_scale_analysis
Multiple sclerosis,multiple_sclerosis,broad,Cuneus L,49,0.4977321761797361,217,raw_scale_analysis
Multiple sclerosis,multiple_sclerosis,broad,Lingual L,51,0.508337086834801,217,raw_scale_analysis
Multiple sclerosis,multiple_sclerosis,broad,Lingual R,52,0.5000325107077024,217,raw_scale_analysis
Multiple sclerosis,multiple_sclerosis,broad,Occipital Sup L,53,0.52695026495097,217,raw_scale_analysis
Multiple sclerosis,multiple_sclerosis,broad,Occipital Mid L,55,0.507043160320917,217,raw_scale_analysis
Multiple sclerosis,multiple_sclerosis,broad,Occipital Mid R,56,0.5058198374899127,217,raw_scale_analysis
Multiple sclerosis,multiple_sclerosis,broad,Occipital Inf L,57,0.513426600810337,217,raw_scale_analysis
Multiple sclerosis,multiple_sclerosis,broad,Occipital Inf R,58,0.5046007899492032,217,raw_scale_analysis
Multiple sclerosis,multiple_sclerosis,broad,Fusiform L,59,0.4900111684195521,217,raw_scale_analysis
Multiple sclerosis,multiple_sclerosis,broad,Fusiform R,60,0.4929065664914608,217,raw_scale_analysis
Multiple sclerosis,multiple_sclerosis,broad,Postcentral L,61,0.5177778382718229,217,raw_scale_analysis
Multiple sclerosis,multiple_sclerosis,broad,Postcentral R,62,0.5120811203872518,217,raw_scale_analysis
Multiple sclerosis,multiple_sclerosis,broad,Parietal Sup L,63,0.5064822835458576,217,raw_scale_analysis
Multiple sclerosis,multiple_sclerosis,broad,Parietal Sup R,64,0.4579650828115646,217,raw_scale_analysis
Multiple sclerosis,multiple_sclerosis,broad,Parietal Inf L,65,0.5191236701336314,217,raw_scale_analysis
Multiple sclerosis,multiple_sclerosis,broad,Parietal Inf R,66,0.4928395408803637,217,raw_scale_analysis
Multiple sclerosis,multiple_sclerosis,broad,SupraMarginal L,67,0.4795607715012867,217,raw_scale_analysis
Multiple sclerosis,multiple_sclerosis,broad,SupraMarginal R,68,0.4892365858147074,217,raw_scale_analysis
Multiple sclerosis,multiple_sclerosis,broad,Angular L,69,0.5115051025314783,217,raw_scale_analysis
Multiple sclerosis,multiple_sclerosis,broad,Angular R,70,0.48647456841233094,217,raw_scale_analysis
Multiple sclerosis,multiple_sclerosis,broad,Precuneus L,71,0.503225319990385,217,raw_scale_analysis
Multiple sclerosis,multiple_sclerosis,broad,Precuneus R,72,0.4862474858239236,217,raw_scale_analysis
Multiple sclerosis,multiple_sclerosis,broad,Paracentral Lobule L,73,0.5170736783625461,217,raw_scale_analysis
Multiple sclerosis,multiple_sclerosis,broad,Paracentral Lobule R,74,0.5242238153466713,217,raw_scale_analysis
Multiple sclerosis,multiple_sclerosis,broad,Caudate L,75,0.49462691985692475,217,raw_scale_analysis
Multiple sclerosis,multiple_sclerosis,broad,Caudate R,76,0.501127512428885,217,raw_scale_analysis
Multiple sclerosis,multiple_sclerosis,broad,Putamen L,77,0.48540169019203616,217,raw_scale_analysis
Multiple sclerosis,multiple_sclerosis,broad,Putamen R,78,0.5057659004282019,217,raw_scale_analysis
Multiple sclerosis,multiple_sclerosis,broad,Pallidum L,79,0.5146206065713518,217,raw_scale_analysis
Multiple sclerosis,multiple_sclerosis,broad,Pallidum R,80,0.5454839372912356,217,raw_scale_analysis
Multiple sclerosis,multiple_sclerosis,broad,Heschl L,83,0.5142285085141037,217,raw_scale_analysis
Multiple sclerosis,multiple_sclerosis,broad,Heschl R,84,0.5206693091337689,217,raw_scale_analysis
Multiple sclerosis,multiple_sclerosis,broad,Temporal Sup L,85,0.4951289952203147,217,raw_scale_analysis
Multiple sclerosis,multiple_sclerosis,broad,Temporal Sup R,86,0.4947256371807167,217,raw_scale_analysis
Multiple sclerosis,multiple_sclerosis,broad,Temporal Pole Sup L,87,0.48797297776351206,217,raw_scale_analysis
Multiple sclerosis,multiple_sclerosis,broad,Temporal Pole Sup R,88,0.5171648735469473,217,raw_scale_analysis
Multiple sclerosis,multiple_sclerosis,broad,Temporal Mid L,89,0.4846828632422374,217,raw_scale_analysis
Multiple sclerosis,multiple_sclerosis,broad,Temporal Mid R,90,0.501018894246442,217,raw_scale_analysis
Multiple sclerosis,multiple_sclerosis,broad,Temporal Pole Mid L,91,0.5059138113269658,217,raw_scale_analysis
Multiple sclerosis,multiple_sclerosis,broad,Temporal Inf L,93,0.48609106207837793,217,raw_scale_analysis
Multiple sclerosis,multiple_sclerosis,broad,Temporal Inf R,94,0.4926993203451298,217,raw_scale_analysis
Multiple sclerosis,multiple_sclerosis,broad,Cerebellum Crus1 L,95,0.47604180232724985,217,raw_scale_analysis
Multiple sclerosis,multiple_sclerosis,broad,Cerebellum Crus1 R,96,0.5114941422078629,217,raw_scale_analysis
Multiple sclerosis,multiple_sclerosis,broad,Cerebellum Crus2 L,97,0.47234487421499466,217,raw_scale_analysis
Multiple sclerosis,multiple_sclerosis,broad,Cerebellum Crus2 R,98,0.5115712373943183,217,raw_scale_analysis
Multiple sclerosis,multiple_sclerosis,broad,Cerebellum 4 5 L,101,0.5164399780509946,217,raw_scale_analysis
Multiple sclerosis,multiple_sclerosis,broad,Cerebellum 4 5 R,102,0.4978608607830044,217,raw_scale_analysis
Multiple sclerosis,multiple_sclerosis,broad,Cerebellum 6 L,103,0.49778491928264895,217,raw_scale_analysis
Multiple sclerosis,multiple_sclerosis,broad,Cerebellum 6 R,104,0.46814768905318443,217,raw_scale_analysis
Multiple sclerosis,multiple_sclerosis,broad,Cerebellum 7b L,105,0.4821356440231465,217,raw_scale_analysis
Multiple sclerosis,multiple_sclerosis,broad,Cerebellum 7b R,106,0.4870401207667359,217,raw_scale_analysis
Multiple sclerosis,multiple_sclerosis,broad,Cerebellum 8 L,107,0.49260119728294477,217,raw_scale_analysis
Multiple sclerosis,multiple_sclerosis,broad,Cerebellum 8 R,108,0.5091595856003689,217,raw_scale_analysis
Multiple sclerosis,multiple_sclerosis,broad,Cerebellum 9 L,109,0.4808636310089636,217,raw_scale_analysis
Multiple sclerosis,multiple_sclerosis,broad,Cerebellum 9 R,110,0.4838994303726107,217,raw_scale_analysis
Multiple sclerosis,multiple_sclerosis,broad,Cerebellum 10 L,111,0.5003961551153834,217,raw_scale_analysis
Multiple sclerosis,multiple_sclerosis,broad,Vermis 8,118,0.5769531974700159,217,raw_scale_analysis
Multiple sclerosis,multiple_sclerosis,broad,Vermis 9,119,0.5707020312763174,217,raw_scale_analysis
Multiple sclerosis,multiple_sclerosis,broad,Thal AV L,121,0.5240766955615254,217,raw_scale_analysis
Multiple sclerosis,multiple_sclerosis,broad,Thal AV R,122,0.5221451754496108,217,raw_scale_analysis
Multiple sclerosis,multiple_sclerosis,broad,Thal VA L,125,0.5491826840881039,217,raw_scale_analysis
Multiple sclerosis,multiple_sclerosis,broad,Thal VL L,127,0.5149379438662078,217,raw_scale_analysis
Multiple sclerosis,multiple_sclerosis,broad,Thal VL R,128,0.5240007273077767,217,raw_scale_analysis
Multiple sclerosis,multiple_sclerosis,broad,Thal VPL L,129,0.525733402295116,217,raw_scale_analysis
Multiple sclerosis,multiple_sclerosis,broad,Thal VPL R,130,0.5184638748798048,217,raw_scale_analysis
Multiple sclerosis,multiple_sclerosis,broad,Thal IL L,131,0.5590311665827766,217,raw_scale_analysis
Multiple sclerosis,multiple_sclerosis,broad,Thal MDm L,135,0.4552398356918343,217,raw_scale_analysis
Multiple sclerosis,multiple_sclerosis,broad,Thal MDm R,136,0.5100490798985483,217,raw_scale_analysis
Multiple sclerosis,multiple_sclerosis,broad,Thal MDl L,137,0.466239260645939,217,raw_scale_analysis
Multiple sclerosis,multiple_sclerosis,broad,Thal LGN L,139,0.5159357593371179,217,raw_scale_analysis
Multiple sclerosis,multiple_sclerosis,broad,Thal LGN R,140,0.5480661451203431,217,raw_scale_analysis
Multiple sclerosis,multiple_sclerosis,broad,Thal MGN L,141,0.5237737780146493,217,raw_scale_analysis
Multiple sclerosis,multiple_sclerosis,broad,Thal PuI L,143,0.5208120063737656,217,raw_scale_analysis
Multiple sclerosis,multiple_sclerosis,broad,Thal PuI R,144,0.515563285263338,217,raw_scale_analysis
Multiple sclerosis,multiple_sclerosis,broad,Thal PuM L,145,0.5168607108077224,217,raw_scale_analysis
Multiple sclerosis,multiple_sclerosis,broad,Thal PuM R,146,0.4936047728387144,217,raw_scale_analysis
Multiple sclerosis,multiple_sclerosis,broad,Thal PuA L,147,0.5396589092253279,217,raw_scale_analysis
Multiple sclerosis,multiple_sclerosis,broad,Thal PuA R,148,0.5190729150001097,217,raw_scale_analysis
Multiple sclerosis,multiple_sclerosis,broad,ACC pre L,153,0.4699833697925143,217,raw_scale_analysis
Multiple sclerosis,multiple_sclerosis,broad,ACC pre R,154,0.5130877612254404,217,raw_scale_analysis
Multiple sclerosis,multiple_sclerosis,broad,ACC sup L,155,0.4926465877557448,217,raw_scale_analysis
Multiple sclerosis,multiple_sclerosis,broad,ACC sup R,156,0.526337744984938,217,raw_scale_analysis
Multiple sclerosis,multiple_sclerosis,broad,N Acc L,157,0.519415529587859,217,raw_scale_analysis
Multiple sclerosis,multiple_sclerosis,broad,N Acc R,158,0.5065610488126693,217,raw_scale_analysis
Multiple sclerosis,multiple_sclerosis,broad,SN pc L,161,0.541200416024741,217,raw_scale_analysis
Multiple sclerosis,multiple_sclerosis,broad,SN pr L,163,0.5328676989218389,217,raw_scale_analysis
Multiple sclerosis,multiple_sclerosis,broad,SN pr R,164,0.5164189469537738,217,raw_scale_analysis
Multiple sclerosis,multiple_sclerosis,broad,Red N L,165,0.533168286303254,217,raw_scale_analysis
Multiple sclerosis,multiple_sclerosis,broad,Red N R,166,0.5331071582721014,217,raw_scale_analysis
Multiple sclerosis,multiple_sclerosis,broad,LC L,167,0.5158689416756203,217,raw_scale_analysis
Multiple sclerosis,multiple_sclerosis,broad,LC R,168,0.4569005670547662,217,raw_scale_analysis
Multiple sclerosis,multiple_sclerosis,broad,Raphe D,169,0.5016976967668326,217,raw_scale_analysis
Multiple sclerosis,multiple_sclerosis,broad,Raphe M,170,0.4982192739116419,217,raw_scale_analysis
Multiple sclerosis,multiple_sclerosis,stringent,Precentral L,1,0.5264766536433144,55,raw_scale_analysis
Multiple sclerosis,multiple_sclerosis,stringent,Precentral R,2,0.4996762526694533,55,raw_scale_analysis
Multiple sclerosis,multiple_sclerosis,stringent,Frontal Sup 2 L,3,0.4979144725633012,55,raw_scale_analysis
Multiple sclerosis,multiple_sclerosis,stringent,Frontal Sup 2 R,4,0.49152945084456784,55,raw_scale_analysis
Multiple sclerosis,multiple_sclerosis,stringent,Frontal Mid 2 L,5,0.5113170599059579,55,raw_scale_analysis
Multiple sclerosis,multiple_sclerosis,stringent,Frontal Mid 2 R,6,0.5042020118412603,55,raw_scale_analysis
Multiple sclerosis,multiple_sclerosis,stringent,Frontal Inf Oper L,7,0.48937237613260515,55,raw_scale_analysis
Multiple sclerosis,multiple_sclerosis,stringent,Frontal Inf Oper R,8,0.496973590216761,55,raw_scale_analysis
Multiple sclerosis,multiple_sclerosis,stringent,Frontal Inf Tri L,9,0.5282461235420164,55,raw_scale_analysis
Multiple sclerosis,multiple_sclerosis,stringent,Frontal Inf Tri R,10,0.5127333052343402,55,raw_scale_analysis
Multiple sclerosis,multiple_sclerosis,stringent,Frontal Inf Orb 2 L,11,0.5229053460256343,55,raw_scale_analysis
Multiple sclerosis,multiple_sclerosis,stringent,Frontal Inf Orb 2 R,12,0.5218119878377101,55,raw_scale_analysis
Multiple sclerosis,multiple_sclerosis,stringent,Rolandic Oper L,13,0.514854142766713,55,raw_scale_analysis
Multiple sclerosis,multiple_sclerosis,stringent,Rolandic Oper R,14,0.5149401126305277,55,raw_scale_analysis
Multiple sclerosis,multiple_sclerosis,stringent,Supp Motor Area L,15,0.4923926087256155,55,raw_scale_analysis
Multiple sclerosis,multiple_sclerosis,stringent,Supp Motor Area R,16,0.5078742099221849,55,raw_scale_analysis
Multiple sclerosis,multiple_sclerosis,stringent,Olfactory L,17,0.5013117281328112,55,raw_scale_analysis
Multiple sclerosis,multiple_sclerosis,stringent,Olfactory R,18,0.5040337422911465,55,raw_scale_analysis
Multiple sclerosis,multiple_sclerosis,stringent,Frontal Sup Medial L,19,0.5063908185866302,55,raw_scale_analysis
Multiple sclerosis,multiple_sclerosis,stringent,Frontal Sup Medial R,20,0.4812063848171002,55,raw_scale_analysis
Multiple sclerosis,multiple_sclerosis,stringent,Frontal Med Orb L,21,0.49899888277892124,55,raw_scale_analysis
Multiple sclerosis,multiple_sclerosis,stringent,Frontal Med Orb R,22,0.5152734116803115,55,raw_scale_analysis
Multiple sclerosis,multiple_sclerosis,stringent,Rectus L,23,0.4888987230413799,55,raw_scale_analysis
Multiple sclerosis,multiple_sclerosis,stringent,Rectus R,24,0.5215155089584492,55,raw_scale_analysis
Multiple sclerosis,multiple_sclerosis,stringent,OFCmed L,25,0.4971372668904657,55,raw_scale_analysis
Multiple sclerosis,multiple_sclerosis,stringent,OFCmed R,26,0.5094837768976465,55,raw_scale_analysis
Multiple sclerosis,multiple_sclerosis,stringent,OFCant L,27,0.516703165224777,55,raw_scale_analysis
Multiple sclerosis,multiple_sclerosis,stringent,OFCant R,28,0.510391991174445,55,raw_scale_analysis
Multiple sclerosis,multiple_sclerosis,stringent,OFCpost L,29,0.49037360550149794,55,raw_scale_analysis
Multiple sclerosis,multiple_sclerosis,stringent,OFCpost R,30,0.5144931583726626,55,raw_scale_analysis
Multiple sclerosis,multiple_sclerosis,stringent,OFClat L,31,0.4977192946165217,55,raw_scale_analysis
Multiple sclerosis,multiple_sclerosis,stringent,OFClat R,32,0.525077624768992,55,raw_scale_analysis
Multiple sclerosis,multiple_sclerosis,stringent,Insula L,33,0.4947037890262866,55,raw_scale_analysis
Multiple sclerosis,multiple_sclerosis,stringent,Insula R,34,0.5104743545544989,55,raw_scale_analysis
Multiple sclerosis,multiple_sclerosis,stringent,Cingulate Mid L,37,0.5031039785648589,55,raw_scale_analysis
Multiple sclerosis,multiple_sclerosis,stringent,Cingulate Mid R,38,0.4962092305181599,55,raw_scale_analysis
Multiple sclerosis,multiple_sclerosis,stringent,Cingulate Post L,39,0.5176973648153074,55,raw_scale_analysis
Multiple sclerosis,multiple_sclerosis,stringent,Hippocampus L,41,0.48555770856021035,55,raw_scale_analysis
Multiple sclerosis,multiple_sclerosis,stringent,Hippocampus R,42,0.48566489071211866,55,raw_scale_analysis
Multiple sclerosis,multiple_sclerosis,stringent,ParaHippocampal L,43,0.5092791671003338,55,raw_scale_analysis
Multiple sclerosis,multiple_sclerosis,stringent,ParaHippocampal R,44,0.5324249307810897,55,raw_scale_analysis
Multiple sclerosis,multiple_sclerosis,stringent,Amygdala L,45,0.5310920435590003,55,raw_scale_analysis
Multiple sclerosis,multiple_sclerosis,stringent,Amygdala R,46,0.4484112677882308,55,raw_scale_analysis
Multiple sclerosis,multiple_sclerosis,stringent,Calcarine L,47,0.49527424174068707,55,raw_scale_analysis
Multiple sclerosis,multiple_sclerosis,stringent,Calcarine R,48,0.4754607936220091,55,raw_scale_analysis
Multiple sclerosis,multiple_sclerosis,stringent,Cuneus L,49,0.47812191202136417,55,raw_scale_analysis
Multiple sclerosis,multiple_sclerosis,stringent,Lingual L,51,0.4977477407084686,55,raw_scale_analysis
Multiple sclerosis,multiple_sclerosis,stringent,Lingual R,52,0.5008449489303483,55,raw_scale_analysis
Multiple sclerosis,multiple_sclerosis,stringent,Occipital Sup L,53,0.515308278599613,55,raw_scale_analysis
Multiple sclerosis,multiple_sclerosis,stringent,Occipital Mid L,55,0.4964547952007636,55,raw_scale_analysis
Multiple sclerosis,multiple_sclerosis,stringent,Occipital Mid R,56,0.5042165886456417,55,raw_scale_analysis
Multiple sclerosis,multiple_sclerosis,stringent,Occipital Inf L,57,0.509024877813952,55,raw_scale_analysis
Multiple sclerosis,multiple_sclerosis,stringent,Occipital Inf R,58,0.5082835591016088,55,raw_scale_analysis
Multiple sclerosis,multiple_sclerosis,stringent,Fusiform L,59,0.49431971411041203,55,raw_scale_analysis
Multiple sclerosis,multiple_sclerosis,stringent,Fusiform R,60,0.49141371987737836,55,raw_scale_analysis
Multiple sclerosis,multiple_sclerosis,stringent,Postcentral L,61,0.5188455550873388,55,raw_scale_analysis
Multiple sclerosis,multiple_sclerosis,stringent,Postcentral R,62,0.509200297393907,55,raw_scale_analysis
Multiple sclerosis,multiple_sclerosis,stringent,Parietal Sup L,63,0.5019283541755832,55,raw_scale_analysis
Multiple sclerosis,multiple_sclerosis,stringent,Parietal Sup R,64,0.43986901803904443,55,raw_scale_analysis
Multiple sclerosis,multiple_sclerosis,stringent,Parietal Inf L,65,0.5237278761730834,55,raw_scale_analysis
Multiple sclerosis,multiple_sclerosis,stringent,Parietal Inf R,66,0.4848263250139832,55,raw_scale_analysis
Multiple sclerosis,multiple_sclerosis,stringent,SupraMarginal L,67,0.4876801344001511,55,raw_scale_analysis
Multiple sclerosis,multiple_sclerosis,stringent,SupraMarginal R,68,0.4960454191994576,55,raw_scale_analysis
Multiple sclerosis,multiple_sclerosis,stringent,Angular L,69,0.5213195061226777,55,raw_scale_analysis
Multiple sclerosis,multiple_sclerosis,stringent,Angular R,70,0.48928103204960954,55,raw_scale_analysis
Multiple sclerosis,multiple_sclerosis,stringent,Precuneus L,71,0.506044658226355,55,raw_scale_analysis
Multiple sclerosis,multiple_sclerosis,stringent,Precuneus R,72,0.49257528041698184,55,raw_scale_analysis
Multiple sclerosis,multiple_sclerosis,stringent,Paracentral Lobule L,73,0.5064522626905414,55,raw_scale_analysis
Multiple sclerosis,multiple_sclerosis,stringent,Paracentral Lobule R,74,0.5193732365347027,55,raw_scale_analysis
Multiple sclerosis,multiple_sclerosis,stringent,Caudate L,75,0.49592746057004244,55,raw_scale_analysis
Multiple sclerosis,multiple_sclerosis,stringent,Caudate R,76,0.49809606522786753,55,raw_scale_analysis
Multiple sclerosis,multiple_sclerosis,stringent,Putamen L,77,0.4785959120816484,55,raw_scale_analysis
Multiple sclerosis,multiple_sclerosis,stringent,Putamen R,78,0.4901573685357192,55,raw_scale_analysis
Multiple sclerosis,multiple_sclerosis,stringent,Pallidum L,79,0.5148255975260021,55,raw_scale_analysis
Multiple sclerosis,multiple_sclerosis,stringent,Pallidum R,80,0.5291462379308747,55,raw_scale_analysis
Multiple sclerosis,multiple_sclerosis,stringent,Heschl L,83,0.5101816317879303,55,raw_scale_analysis
Multiple sclerosis,multiple_sclerosis,stringent,Heschl R,84,0.5185837046865079,55,raw_scale_analysis
Multiple sclerosis,multiple_sclerosis,stringent,Temporal Sup L,85,0.49854174443061877,55,raw_scale_analysis
Multiple sclerosis,multiple_sclerosis,stringent,Temporal Sup R,86,0.49367747688010505,55,raw_scale_analysis
Multiple sclerosis,multiple_sclerosis,stringent,Temporal Pole Sup L,87,0.49879972371481435,55,raw_scale_analysis
Multiple sclerosis,multiple_sclerosis,stringent,Temporal Pole Sup R,88,0.4935365559142491,55,raw_scale_analysis
Multiple sclerosis,multiple_sclerosis,stringent,Temporal Mid L,89,0.4865877195621431,55,raw_scale_analysis
Multiple sclerosis,multiple_sclerosis,stringent,Temporal Mid R,90,0.5048819792789271,55,raw_scale_analysis
Multiple sclerosis,multiple_sclerosis,stringent,Temporal Pole Mid L,91,0.5117934549682581,55,raw_scale_analysis
Multiple sclerosis,multiple_sclerosis,stringent,Temporal Inf L,93,0.49068425017215733,55,raw_scale_analysis
Multiple sclerosis,multiple_sclerosis,stringent,Temporal Inf R,94,0.487887417585441,55,raw_scale_analysis
Multiple sclerosis,multiple_sclerosis,stringent,Cerebellum Crus1 L,95,0.4674919378456218,55,raw_scale_analysis
Multiple sclerosis,multiple_sclerosis,stringent,Cerebellum Crus1 R,96,0.500275250393608,55,raw_scale_analysis
Multiple sclerosis,multiple_sclerosis,stringent,Cerebellum Crus2 L,97,0.4564872442545894,55,raw_scale_analysis
Multiple sclerosis,multiple_sclerosis,stringent,Cerebellum Crus2 R,98,0.4921690978616938,55,raw_scale_analysis
Multiple sclerosis,multiple_sclerosis,stringent,Cerebellum 4 5 L,101,0.5178625360645986,55,raw_scale_analysis
Multiple sclerosis,multiple_sclerosis,stringent,Cerebellum 4 5 R,102,0.48248860579658415,55,raw_scale_analysis
Multiple sclerosis,multiple_sclerosis,stringent,Cerebellum 6 L,103,0.48632680970148023,55,raw_scale_analysis
Multiple sclerosis,multiple_sclerosis,stringent,Cerebellum 6 R,104,0.4508955943730146,55,raw_scale_analysis
Multiple sclerosis,multiple_sclerosis,stringent,Cerebellum 7b L,105,0.45435824396068686,55,raw_scale_analysis
Multiple sclerosis,multiple_sclerosis,stringent,Cerebellum 7b R,106,0.46328421268394454,55,raw_scale_analysis
Multiple sclerosis,multiple_sclerosis,stringent,Cerebellum 8 L,107,0.4717694667608558,55,raw_scale_analysis
Multiple sclerosis,multiple_sclerosis,stringent,Cerebellum 8 R,108,0.4860032796884378,55,raw_scale_analysis
Multiple sclerosis,multiple_sclerosis,stringent,Cerebellum 9 L,109,0.4691780852603734,55,raw_scale_analysis
Multiple sclerosis,multiple_sclerosis,stringent,Cerebellum 9 R,110,0.46033217297513496,55,raw_scale_analysis
Multiple sclerosis,multiple_sclerosis,stringent,Cerebellum 10 L,111,0.5199093170757013,55,raw_scale_analysis
Multiple sclerosis,multiple_sclerosis,stringent,Vermis 8,118,0.6194777428866424,55,raw_scale_analysis
Multiple sclerosis,multiple_sclerosis,stringent,Vermis 9,119,0.6047271358826501,55,raw_scale_analysis
Multiple sclerosis,multiple_sclerosis,stringent,Thal AV L,121,0.5450598817768868,55,raw_scale_analysis
Multiple sclerosis,multiple_sclerosis,stringent,Thal AV R,122,0.5387144394954498,55,raw_scale_analysis
Multiple sclerosis,multiple_sclerosis,stringent,Thal VA L,125,0.5631338055559648,55,raw_scale_analysis
Multiple sclerosis,multiple_sclerosis,stringent,Thal VL L,127,0.5195469584035689,55,raw_scale_analysis
Multiple sclerosis,multiple_sclerosis,stringent,Thal VL R,128,0.5360651536015719,55,raw_scale_analysis
Multiple sclerosis,multiple_sclerosis,stringent,Thal VPL L,129,0.5301271962795243,55,raw_scale_analysis
Multiple sclerosis,multiple_sclerosis,stringent,Thal VPL R,130,0.5143630738093594,55,raw_scale_analysis
Multiple sclerosis,multiple_sclerosis,stringent,Thal IL L,131,0.5636873416469621,55,raw_scale_analysis
Multiple sclerosis,multiple_sclerosis,stringent,Thal MDm L,135,0.47167319604166397,55,raw_scale_analysis
Multiple sclerosis,multiple_sclerosis,stringent,Thal MDm R,136,0.5232560032326559,55,raw_scale_analysis
Multiple sclerosis,multiple_sclerosis,stringent,Thal MDl L,137,0.4760279238173274,55,raw_scale_analysis
Multiple sclerosis,multiple_sclerosis,stringent,Thal LGN L,139,0.5205191121230562,55,raw_scale_analysis
Multiple sclerosis,multiple_sclerosis,stringent,Thal LGN R,140,0.5427128386528631,55,raw_scale_analysis
Multiple sclerosis,multiple_sclerosis,stringent,Thal MGN L,141,0.5110383681868911,55,raw_scale_analysis
Multiple sclerosis,multiple_sclerosis,stringent,Thal PuI L,143,0.5102998171156419,55,raw_scale_analysis
Multiple sclerosis,multiple_sclerosis,stringent,Thal PuI R,144,0.5267818004375097,55,raw_scale_analysis
Multiple sclerosis,multiple_sclerosis,stringent,Thal PuM L,145,0.5396615526621306,55,raw_scale_analysis
Multiple sclerosis,multiple_sclerosis,stringent,Thal PuM R,146,0.508992665828869,55,raw_scale_analysis
Multiple sclerosis,multiple_sclerosis,stringent,Thal PuA L,147,0.5612435039057442,55,raw_scale_analysis
Multiple sclerosis,multiple_sclerosis,stringent,Thal PuA R,148,0.5183122004709557,55,raw_scale_analysis
Multiple sclerosis,multiple_sclerosis,stringent,ACC pre L,153,0.48511229927612404,55,raw_scale_analysis
Multiple sclerosis,multiple_sclerosis,stringent,ACC pre R,154,0.5088657638572893,55,raw_scale_analysis
Multiple sclerosis,multiple_sclerosis,stringent,ACC sup L,155,0.48706737278749784,55,raw_scale_analysis
Multiple sclerosis,multiple_sclerosis,stringent,ACC sup R,156,0.5347300829614321,55,raw_scale_analysis
Multiple sclerosis,multiple_sclerosis,stringent,N Acc L,157,0.53778030965706,55,raw_scale_analysis
Multiple sclerosis,multiple_sclerosis,stringent,N Acc R,158,0.5027218385301339,55,raw_scale_analysis
Multiple sclerosis,multiple_sclerosis,stringent,SN pc L,161,0.5321090573069578,55,raw_scale_analysis
Multiple sclerosis,multiple_sclerosis,stringent,SN pr L,163,0.5426737315201451,55,raw_scale_analysis
Multiple sclerosis,multiple_sclerosis,stringent,SN pr R,164,0.5204547993290854,55,raw_scale_analysis
Multiple sclerosis,multiple_sclerosis,stringent,Red N L,165,0.5403872702936453,55,raw_scale_analysis
Multiple sclerosis,multiple_sclerosis,stringent,Red N R,166,0.5427035963518468,55,raw_scale_analysis
Multiple sclerosis,multiple_sclerosis,stringent,LC L,167,0.509052649291086,55,raw_scale_analysis
Multiple sclerosis,multiple_sclerosis,stringent,LC R,168,0.44697525601590793,55,raw_scale_analysis
Multiple sclerosis,multiple_sclerosis,stringent,Raphe D,169,0.5073638311684974,55,raw_scale_analysis
Multiple sclerosis,multiple_sclerosis,stringent,Raphe M,170,0.4750482621587157,55,raw_scale_analysis
Multiple sclerosis,multiple_sclerosis,weighted,Precentral L,1,0.5156853034937727,217,raw_scale_analysis
Multiple sclerosis,multiple_sclerosis,weighted,Precentral R,2,0.49200122650861805,217,raw_scale_analysis
Multiple sclerosis,multiple_sclerosis,weighted,Frontal Sup 2 L,3,0.49468927916274974,217,raw_scale_analysis
Multiple sclerosis,multiple_sclerosis,weighted,Frontal Sup 2 R,4,0.4951107219490119,217,raw_scale_analysis
Multiple sclerosis,multiple_sclerosis,weighted,Frontal Mid 2 L,5,0.5082125812704935,217,raw_scale_analysis
Multiple sclerosis,multiple_sclerosis,weighted,Frontal Mid 2 R,6,0.5034349700779333,217,raw_scale_analysis
Multiple sclerosis,multiple_sclerosis,weighted,Frontal Inf Oper L,7,0.47726440810314147,217,raw_scale_analysis
Multiple sclerosis,multiple_sclerosis,weighted,Frontal Inf Oper R,8,0.4913882211097156,217,raw_scale_analysis
Multiple sclerosis,multiple_sclerosis,weighted,Frontal Inf Tri L,9,0.516088613710091,217,raw_scale_analysis
Multiple sclerosis,multiple_sclerosis,weighted,Frontal Inf Tri R,10,0.500755448278178,217,raw_scale_analysis
Multiple sclerosis,multiple_sclerosis,weighted,Frontal Inf Orb 2 L,11,0.5153307364177383,217,raw_scale_analysis
Multiple sclerosis,multiple_sclerosis,weighted,Frontal Inf Orb 2 R,12,0.5163366717347538,217,raw_scale_analysis
Multiple sclerosis,multiple_sclerosis,weighted,Rolandic Oper L,13,0.5091292595137417,217,raw_scale_analysis
Multiple sclerosis,multiple_sclerosis,weighted,Rolandic Oper R,14,0.5180290417318768,217,raw_scale_analysis
Multiple sclerosis,multiple_sclerosis,weighted,Supp Motor Area L,15,0.4841757225771327,217,raw_scale_analysis
Multiple sclerosis,multiple_sclerosis,weighted,Supp Motor Area R,16,0.5045445539199831,217,raw_scale_analysis
Multiple sclerosis,multiple_sclerosis,weighted,Olfactory L,17,0.5081545300908543,217,raw_scale_analysis
Multiple sclerosis,multiple_sclerosis,weighted,Olfactory R,18,0.5102271795321374,217,raw_scale_analysis
Multiple sclerosis,multiple_sclerosis,weighted,Frontal Sup Medial L,19,0.508053838107626,217,raw_scale_analysis
Multiple sclerosis,multiple_sclerosis,weighted,Frontal Sup Medial R,20,0.49163959999865886,217,raw_scale_analysis
Multiple sclerosis,multiple_sclerosis,weighted,Frontal Med Orb L,21,0.5005360998060134,217,raw_scale_analysis
Multiple sclerosis,multiple_sclerosis,weighted,Frontal Med Orb R,22,0.5175853393964641,217,raw_scale_analysis
Multiple sclerosis,multiple_sclerosis,weighted,Rectus L,23,0.4952891912187432,217,raw_scale_analysis
Multiple sclerosis,multiple_sclerosis,weighted,Rectus R,24,0.5210162700784328,217,raw_scale_analysis
Multiple sclerosis,multiple_sclerosis,weighted,OFCmed L,25,0.4959256408074077,217,raw_scale_analysis
Multiple sclerosis,multiple_sclerosis,weighted,OFCmed R,26,0.5104155059452816,217,raw_scale_analysis
Multiple sclerosis,multiple_sclerosis,weighted,OFCant L,27,0.5136510218458324,217,raw_scale_analysis
Multiple sclerosis,multiple_sclerosis,weighted,OFCant R,28,0.5089645371347087,217,raw_scale_analysis
Multiple sclerosis,multiple_sclerosis,weighted,OFCpost L,29,0.48858024220090873,217,raw_scale_analysis
Multiple sclerosis,multiple_sclerosis,weighted,OFCpost R,30,0.5174661803844066,217,raw_scale_analysis
Multiple sclerosis,multiple_sclerosis,weighted,OFClat L,31,0.49252697077569446,217,raw_scale_analysis
Multiple sclerosis,multiple_sclerosis,weighted,OFClat R,32,0.5255322904457383,217,raw_scale_analysis
Multiple sclerosis,multiple_sclerosis,weighted,Insula L,33,0.500304261501353,217,raw_scale_analysis
Multiple sclerosis,multiple_sclerosis,weighted,Insula R,34,0.5111911833712984,217,raw_scale_analysis
Multiple sclerosis,multiple_sclerosis,weighted,Cingulate Mid L,37,0.504367680997675,217,raw_scale_analysis
Multiple sclerosis,multiple_sclerosis,weighted,Cingulate Mid R,38,0.49397862311240914,217,raw_scale_analysis
Multiple sclerosis,multiple_sclerosis,weighted,Cingulate Post L,39,0.5152138878519905,217,raw_scale_analysis
Multiple sclerosis,multiple_sclerosis,weighted,Hippocampus L,41,0.49391886991400724,217,raw_scale_analysis
Multiple sclerosis,multiple_sclerosis,weighted,Hippocampus R,42,0.49106429650035,217,raw_scale_analysis
Multiple sclerosis,multiple_sclerosis,weighted,ParaHippocampal L,43,0.5231581990394923,217,raw_scale_analysis
Multiple sclerosis,multiple_sclerosis,weighted,ParaHippocampal R,44,0.53395798246102,217,raw_scale_analysis
Multiple sclerosis,multiple_sclerosis,weighted,Amygdala L,45,0.5290949687516038,217,raw_scale_analysis
Multiple sclerosis,multiple_sclerosis,weighted,Amygdala R,46,0.46113602875998866,217,raw_scale_analysis
Multiple sclerosis,multiple_sclerosis,weighted,Calcarine L,47,0.501280793483012,217,raw_scale_analysis
Multiple sclerosis,multiple_sclerosis,weighted,Calcarine R,48,0.479338180250717,217,raw_scale_analysis
Multiple sclerosis,multiple_sclerosis,weighted,Cuneus L,49,0.4850592492948805,217,raw_scale_analysis
Multiple sclerosis,multiple_sclerosis,weighted,Lingual L,51,0.5016123469864868,217,raw_scale_analysis
Multiple sclerosis,multiple_sclerosis,weighted,Lingual R,52,0.501901980601571,217,raw_scale_analysis
Multiple sclerosis,multiple_sclerosis,weighted,Occipital Sup L,53,0.5151466171244569,217,raw_scale_analysis
Multiple sclerosis,multiple_sclerosis,weighted,Occipital Mid L,55,0.49982310298309646,217,raw_scale_analysis
Multiple sclerosis,multiple_sclerosis,weighted,Occipital Mid R,56,0.5026188530969635,217,raw_scale_analysis
Multiple sclerosis,multiple_sclerosis,weighted,Occipital Inf L,57,0.5078694055524151,217,raw_scale_analysis
Multiple sclerosis,multiple_sclerosis,weighted,Occipital Inf R,58,0.5038181706271027,217,raw_scale_analysis
Multiple sclerosis,multiple_sclerosis,weighted,Fusiform L,59,0.4980119903609943,217,raw_scale_analysis
Multiple sclerosis,multiple_sclerosis,weighted,Fusiform R,60,0.4971371317316969,217,raw_scale_analysis
Multiple sclerosis,multiple_sclerosis,weighted,Postcentral L,61,0.509638038597242,217,raw_scale_analysis
Multiple sclerosis,multiple_sclerosis,weighted,Postcentral R,62,0.5032016042167118,217,raw_scale_analysis
Multiple sclerosis,multiple_sclerosis,weighted,Parietal Sup L,63,0.49890327831203535,217,raw_scale_analysis
Multiple sclerosis,multiple_sclerosis,weighted,Parietal Sup R,64,0.4406147122143327,217,raw_scale_analysis
Multiple sclerosis,multiple_sclerosis,weighted,Parietal Inf L,65,0.5160023868774206,217,raw_scale_analysis
Multiple sclerosis,multiple_sclerosis,weighted,Parietal Inf R,66,0.4859462789008539,217,raw_scale_analysis
Multiple sclerosis,multiple_sclerosis,weighted,SupraMarginal L,67,0.48015121858538373,217,raw_scale_analysis
Multiple sclerosis,multiple_sclerosis,weighted,SupraMarginal R,68,0.49188659620891334,217,raw_scale_analysis
Multiple sclerosis,multiple_sclerosis,weighted,Angular L,69,0.5132028688547144,217,raw_scale_analysis
Multiple sclerosis,multiple_sclerosis,weighted,Angular R,70,0.48708737996129314,217,raw_scale_analysis
Multiple sclerosis,multiple_sclerosis,weighted,Precuneus L,71,0.5011333778457813,217,raw_scale_analysis
Multiple sclerosis,multiple_sclerosis,weighted,Precuneus R,72,0.4860521829459226,217,raw_scale_analysis
Multiple sclerosis,multiple_sclerosis,weighted,Paracentral Lobule L,73,0.5032955528358951,217,raw_scale_analysis
Multiple sclerosis,multiple_sclerosis,weighted,Paracentral Lobule R,74,0.5072873517355185,217,raw_scale_analysis
Multiple sclerosis,multiple_sclerosis,weighted,Caudate L,75,0.49160161492717525,217,raw_scale_analysis
Multiple sclerosis,multiple_sclerosis,weighted,Caudate R,76,0.4963571444329518,217,raw_scale_analysis
Multiple sclerosis,multiple_sclerosis,weighted,Putamen L,77,0.47981187579555473,217,raw_scale_analysis
Multiple sclerosis,multiple_sclerosis,weighted,Putamen R,78,0.4991164887384302,217,raw_scale_analysis
Multiple sclerosis,multiple_sclerosis,weighted,Pallidum L,79,0.5155026581012473,217,raw_scale_analysis
Multiple sclerosis,multiple_sclerosis,weighted,Pallidum R,80,0.5392017963122571,217,raw_scale_analysis
Multiple sclerosis,multiple_sclerosis,weighted,Heschl L,83,0.5097151086769846,217,raw_scale_analysis
Multiple sclerosis,multiple_sclerosis,weighted,Heschl R,84,0.5220354951003866,217,raw_scale_analysis
Multiple sclerosis,multiple_sclerosis,weighted,Temporal Sup L,85,0.4934032613073582,217,raw_scale_analysis
Multiple sclerosis,multiple_sclerosis,weighted,Temporal Sup R,86,0.4928677395092243,217,raw_scale_analysis
Multiple sclerosis,multiple_sclerosis,weighted,Temporal Pole Sup L,87,0.5037975770761938,217,raw_scale_analysis
Multiple sclerosis,multiple_sclerosis,weighted,Temporal Pole Sup R,88,0.5161303604930176,217,raw_scale_analysis
Multiple sclerosis,multiple_sclerosis,weighted,Temporal Mid L,89,0.4847293028328521,217,raw_scale_analysis
Multiple sclerosis,multiple_sclerosis,weighted,Temporal Mid R,90,0.5039718289734568,217,raw_scale_analysis
Multiple sclerosis,multiple_sclerosis,weighted,Temporal Pole Mid L,91,0.5197152249135512,217,raw_scale_analysis
Multiple sclerosis,multiple_sclerosis,weighted,Temporal Inf L,93,0.49262028200005764,217,raw_scale_analysis
Multiple sclerosis,multiple_sclerosis,weighted,Temporal Inf R,94,0.49407134591167995,217,raw_scale_analysis
Multiple sclerosis,multiple_sclerosis,weighted,Cerebellum Crus1 L,95,0.46832306102969423,217,raw_scale_analysis
Multiple sclerosis,multiple_sclerosis,weighted,Cerebellum Crus1 R,96,0.5032236581338332,217,raw_scale_analysis
Multiple sclerosis,multiple_sclerosis,weighted,Cerebellum Crus2 L,97,0.4633388051214455,217,raw_scale_analysis
Multiple sclerosis,multiple_sclerosis,weighted,Cerebellum Crus2 R,98,0.501469262488897,217,raw_scale_analysis
Multiple sclerosis,multiple_sclerosis,weighted,Cerebellum 4 5 L,101,0.513738904381469,217,raw_scale_analysis
Multiple sclerosis,multiple_sclerosis,weighted,Cerebellum 4 5 R,102,0.48989555200545276,217,raw_scale_analysis
Multiple sclerosis,multiple_sclerosis,weighted,Cerebellum 6 L,103,0.4914645901105423,217,raw_scale_analysis
Multiple sclerosis,multiple_sclerosis,weighted,Cerebellum 6 R,104,0.4576577814474627,217,raw_scale_analysis
Multiple sclerosis,multiple_sclerosis,weighted,Cerebellum 7b L,105,0.469337141716115,217,raw_scale_analysis
Multiple sclerosis,multiple_sclerosis,weighted,Cerebellum 7b R,106,0.4771548872643029,217,raw_scale_analysis
Multiple sclerosis,multiple_sclerosis,weighted,Cerebellum 8 L,107,0.4833975729133655,217,raw_scale_analysis
Multiple sclerosis,multiple_sclerosis,weighted,Cerebellum 8 R,108,0.5014883812601238,217,raw_scale_analysis
Multiple sclerosis,multiple_sclerosis,weighted,Cerebellum 9 L,109,0.4757654999459596,217,raw_scale_analysis
Multiple sclerosis,multiple_sclerosis,weighted,Cerebellum 9 R,110,0.47627611566680805,217,raw_scale_analysis
Multiple sclerosis,multiple_sclerosis,weighted,Cerebellum 10 L,111,0.5061603891742564,217,raw_scale_analysis
Multiple sclerosis,multiple_sclerosis,weighted,Vermis 8,118,0.6047234066062219,217,raw_scale_analysis
Multiple sclerosis,multiple_sclerosis,weighted,Vermis 9,119,0.6004615227218103,217,raw_scale_analysis
Multiple sclerosis,multiple_sclerosis,weighted,Thal AV L,121,0.5284647706702056,217,raw_scale_analysis
Multiple sclerosis,multiple_sclerosis,weighted,Thal AV R,122,0.5311261117234757,217,raw_scale_analysis
Multiple sclerosis,multiple_sclerosis,weighted,Thal VA L,125,0.5496375329980259,217,raw_scale_analysis
Multiple sclerosis,multiple_sclerosis,weighted,Thal VL L,127,0.5125109747853366,217,raw_scale_analysis
Multiple sclerosis,multiple_sclerosis,weighted,Thal VL R,128,0.5230910496322936,217,raw_scale_analysis
Multiple sclerosis,multiple_sclerosis,weighted,Thal VPL L,129,0.5214829451808942,217,raw_scale_analysis
Multiple sclerosis,multiple_sclerosis,weighted,Thal VPL R,130,0.5039609649220375,217,raw_scale_analysis
Multiple sclerosis,multiple_sclerosis,weighted,Thal IL L,131,0.5545329400783942,217,raw_scale_analysis
Multiple sclerosis,multiple_sclerosis,weighted,Thal MDm L,135,0.4636520352152561,217,raw_scale_analysis
Multiple sclerosis,multiple_sclerosis,weighted,Thal MDm R,136,0.5134976383849263,217,raw_scale_analysis
Multiple sclerosis,multiple_sclerosis,weighted,Thal MDl L,137,0.46097154586664846,217,raw_scale_analysis
Multiple sclerosis,multiple_sclerosis,weighted,Thal LGN L,139,0.5099467885204542,217,raw_scale_analysis
Multiple sclerosis,multiple_sclerosis,weighted,Thal LGN R,140,0.5402950354488619,217,raw_scale_analysis
Multiple sclerosis,multiple_sclerosis,weighted,Thal MGN L,141,0.511028538431797,217,raw_scale_analysis
Multiple sclerosis,multiple_sclerosis,weighted,Thal PuI L,143,0.5078355740131211,217,raw_scale_analysis
Multiple sclerosis,multiple_sclerosis,weighted,Thal PuI R,144,0.5109481422957851,217,raw_scale_analysis
Multiple sclerosis,multiple_sclerosis,weighted,Thal PuM L,145,0.5213837598891032,217,raw_scale_analysis
Multiple sclerosis,multiple_sclerosis,weighted,Thal PuM R,146,0.4951838076281796,217,raw_scale_analysis
Multiple sclerosis,multiple_sclerosis,weighted,Thal PuA L,147,0.5425576858171374,217,raw_scale_analysis
Multiple sclerosis,multiple_sclerosis,weighted,Thal PuA R,148,0.5150267625914376,217,raw_scale_analysis
Multiple sclerosis,multiple_sclerosis,weighted,ACC pre L,153,0.4853502959794706,217,raw_scale_analysis
Multiple sclerosis,multiple_sclerosis,weighted,ACC pre R,154,0.5164089224114948,217,raw_scale_analysis
Multiple sclerosis,multiple_sclerosis,weighted,ACC sup L,155,0.5030743439686255,217,raw_scale_analysis
Multiple sclerosis,multiple_sclerosis,weighted,ACC sup R,156,0.5334501168374862,217,raw_scale_analysis
Multiple sclerosis,multiple_sclerosis,weighted,N Acc L,157,0.5332036524757132,217,raw_scale_analysis
Multiple sclerosis,multiple_sclerosis,weighted,N Acc R,158,0.5021324789295539,217,raw_scale_analysis
Multiple sclerosis,multiple_sclerosis,weighted,SN pc L,161,0.5439622818207672,217,raw_scale_analysis
Multiple sclerosis,multiple_sclerosis,weighted,SN pr L,163,0.5409052026234807,217,raw_scale_analysis
Multiple sclerosis,multiple_sclerosis,weighted,SN pr R,164,0.5195078296009371,217,raw_scale_analysis
Multiple sclerosis,multiple_sclerosis,weighted,Red N L,165,0.5424194652795788,217,raw_scale_analysis
Multiple sclerosis,multiple_sclerosis,weighted,Red N R,166,0.5375888152534676,217,raw_scale_analysis
Multiple sclerosis,multiple_sclerosis,weighted,LC L,167,0.5147216672419572,217,raw_scale_analysis
Multiple sclerosis,multiple_sclerosis,weighted,LC R,168,0.45280183086655407,217,raw_scale_analysis
Multiple sclerosis,multiple_sclerosis,weighted,Raphe D,169,0.5102907300994045,217,raw_scale_analysis
Multiple sclerosis,multiple_sclerosis,weighted,Raphe M,170,0.4926032172065209,217,raw_scale_analysis
