disease,disease_id,donor,region_id,region,broad_score,stringent_score,weighted_score,n_broad_genes_observed,n_stringent_genes_observed,n_weighted_genes_observed
Parkinson disease,parkinson,10021,1,Precentral L,0.5160671800881806,0.5129209015751005,0.5166721035598191,123,34,123
Parkinson disease,parkinson,10021,2,Precentral R,0.4967197473307802,0.4899000830506753,0.50042830428671,123,34,123
Parkinson disease,parkinson,10021,3,Frontal Sup 2 L,0.5377078742999766,0.5361982477965238,0.541424533604929,123,34,123
Parkinson disease,parkinson,10021,4,Frontal Sup 2 R,0.5342679300868263,0.5341015555146376,0.5389509773167427,123,34,123
Parkinson disease,parkinson,10021,5,Frontal Mid 2 L,0.539692376887221,0.541453800098032,0.5414886296864527,123,34,123
Parkinson disease,parkinson,10021,6,Frontal Mid 2 R,0.5180656596841658,0.513839025905013,0.5157646334216714,123,34,123
Parkinson disease,parkinson,10021,7,Frontal Inf Oper L,,,,0,0,0
Parkinson disease,parkinson,10021,8,Frontal Inf Oper R,0.44886328648644436,0.45240351159158476,0.4568927015614242,123,34,123
Parkinson disease,parkinson,10021,9,Frontal Inf Tri L,0.5182028035459828,0.513372241690317,0.5217246751219458,123,34,123
Parkinson disease,parkinson,10021,10,Frontal Inf Tri R,0.5214704700201923,0.49906178914150784,0.5243051442244309,123,34,123
Parkinson disease,parkinson,10021,11,Frontal Inf Orb 2 L,0.5311191437552673,0.5316697894169834,0.5222584612612241,123,34,123
Parkinson disease,parkinson,10021,12,Frontal Inf Orb 2 R,0.501097426092979,0.48844415112675876,0.49369660970365303,123,34,123
Parkinson disease,parkinson,10021,13,Rolandic Oper L,0.5597827023115038,0.533183328599573,0.5507190395348631,123,34,123
Parkinson disease,parkinson,10021,14,Rolandic Oper R,0.5404313963578654,0.5293112217204516,0.530571053949418,123,34,123
Parkinson disease,parkinson,10021,15,Supp Motor Area L,0.4147112457470421,0.3744195425788144,0.39443526743223445,123,34,123
Parkinson disease,parkinson,10021,16,Supp Motor Area R,0.5060019741768282,0.49787260670874667,0.5083335027877347,123,34,123
Parkinson disease,parkinson,10021,17,Olfactory L,0.5074687377198892,0.5275927081990891,0.5135985123521556,123,34,123
Parkinson disease,parkinson,10021,18,Olfactory R,0.4657725858159495,0.5034705823634983,0.48172302320518806,123,34,123
Parkinson disease,parkinson,10021,19,Frontal Sup Medial L,0.5313303421341448,0.5309653677086107,0.5318897632632502,123,34,123
Parkinson disease,parkinson,10021,20,Frontal Sup Medial R,0.5619720552423344,0.6008320321500821,0.5866415234219294,123,34,123
Parkinson disease,parkinson,10021,21,Frontal Med Orb L,0.5350635319037491,0.54785665783042,0.5453142172090928,123,34,123
Parkinson disease,parkinson,10021,22,Frontal Med Orb R,0.5478342886537195,0.5469684554885951,0.5547167268455664,123,34,123
Parkinson disease,parkinson,10021,23,Rectus L,0.5185322868645807,0.5319964271663651,0.5222067187585484,123,34,123
Parkinson disease,parkinson,10021,24,Rectus R,0.5375555019440242,0.551732951850392,0.5453468211604233,123,34,123
Parkinson disease,parkinson,10021,25,OFCmed L,0.5296547059600246,0.5515090596280663,0.5270940679796856,123,34,123
Parkinson disease,parkinson,10021,26,OFCmed R,0.5330367034476219,0.5417012845266755,0.5515686409757394,123,34,123
Parkinson disease,parkinson,10021,27,OFCant L,0.5015580235628395,0.5180316281698686,0.5079120961218707,123,34,123
Parkinson disease,parkinson,10021,28,OFCant R,0.5497301901462079,0.5667195238419975,0.566967143044324,123,34,123
Parkinson disease,parkinson,10021,29,OFCpost L,0.41346783682436794,0.4626440522723605,0.4305651433386887,123,34,123
Parkinson disease,parkinson,10021,30,OFCpost R,0.5295139880329065,0.5269374749613392,0.5211516411719841,123,34,123
Parkinson disease,parkinson,10021,31,OFClat L,,,,0,0,0
Parkinson disease,parkinson,10021,32,OFClat R,0.5074944207997548,0.558671195047741,0.5362168905544968,123,34,123
Parkinson disease,parkinson,10021,33,Insula L,0.5400788894041519,0.5450576716090533,0.542781769605426,123,34,123
Parkinson disease,parkinson,10021,34,Insula R,0.5056946274564653,0.5177033595543447,0.5121442854249487,123,34,123
Parkinson disease,parkinson,10021,37,Cingulate Mid L,0.489914900773547,0.5042668758909147,0.49647255920875777,123,34,123
Parkinson disease,parkinson,10021,38,Cingulate Mid R,0.49062402914082826,0.502055149141416,0.4936704924146921,123,34,123
Parkinson disease,parkinson,10021,39,Cingulate Post L,0.49220587141080985,0.45170110374663675,0.4833807060136633,123,34,123
Parkinson disease,parkinson,10021,41,Hippocampus L,0.5207822114274518,0.5201113936417191,0.5254733330474238,123,34,123
Parkinson disease,parkinson,10021,42,Hippocampus R,0.5163460778753097,0.5178629388871252,0.5198941908482955,123,34,123
Parkinson disease,parkinson,10021,43,ParaHippocampal L,0.4893772949434332,0.49748859937228856,0.4884512546252134,123,34,123
Parkinson disease,parkinson,10021,44,ParaHippocampal R,0.5224490983031043,0.4993355583092941,0.5195904828611346,123,34,123
Parkinson disease,parkinson,10021,45,Amygdala L,0.5117212495466489,0.49713778847889584,0.5067822199727419,123,34,123
Parkinson disease,parkinson,10021,46,Amygdala R,0.5242408412173862,0.5471933693790716,0.5357295090785856,123,34,123
Parkinson disease,parkinson,10021,47,Calcarine L,0.49748240375236663,0.46120057154817257,0.4805496231036003,123,34,123
Parkinson disease,parkinson,10021,48,Calcarine R,0.48895292675323404,0.4534749336142567,0.46644575311032294,123,34,123
Parkinson disease,parkinson,10021,49,Cuneus L,0.5183611215797075,0.4708237867929123,0.4876490163369493,123,34,123
Parkinson disease,parkinson,10021,51,Lingual L,0.47669145453995526,0.4502939727905574,0.4553406661469683,123,34,123
Parkinson disease,parkinson,10021,52,Lingual R,0.4961325811800153,0.46753109049382946,0.48071942234415205,123,34,123
Parkinson disease,parkinson,10021,53,Occipital Sup L,0.5450780918265057,0.5089246820325468,0.530378397187576,123,34,123
Parkinson disease,parkinson,10021,55,Occipital Mid L,0.4920437789351892,0.4590486299836211,0.46824393431837236,123,34,123
Parkinson disease,parkinson,10021,56,Occipital Mid R,0.512382378002393,0.4840259859213434,0.5028327351230922,123,34,123
Parkinson disease,parkinson,10021,57,Occipital Inf L,0.5137468061654151,0.4836929024334966,0.5032581566292309,123,34,123
Parkinson disease,parkinson,10021,58,Occipital Inf R,0.49548504457460046,0.49540823169649106,0.4935429835295246,123,34,123
Parkinson disease,parkinson,10021,59,Fusiform L,0.5047791440028857,0.48363025443353924,0.49313079237404195,123,34,123
Parkinson disease,parkinson,10021,60,Fusiform R,0.49120346598719206,0.4882561492315625,0.48053886532092677,123,34,123
Parkinson disease,parkinson,10021,61,Postcentral L,0.5351706825188228,0.5283002986386878,0.5242818321112812,123,34,123
Parkinson disease,parkinson,10021,62,Postcentral R,0.4957168668206455,0.47460674014121823,0.48393200751775123,123,34,123
Parkinson disease,parkinson,10021,63,Parietal Sup L,0.5337008634380841,0.5260506299354479,0.534038590953392,123,34,123
Parkinson disease,parkinson,10021,64,Parietal Sup R,0.4272945187306282,0.42158480844176865,0.42007791779969583,123,34,123
Parkinson disease,parkinson,10021,65,Parietal Inf L,0.5181860386901712,0.5271256864977061,0.5260159555017698,123,34,123
Parkinson disease,parkinson,10021,66,Parietal Inf R,0.4818738671522265,0.46001811763842065,0.4746478805420606,123,34,123
Parkinson disease,parkinson,10021,67,SupraMarginal L,0.5112639601845239,0.47373644583236896,0.5041455758296076,123,34,123
Parkinson disease,parkinson,10021,68,SupraMarginal R,0.44990842030253025,0.4330618109938338,0.43450375948208164,123,34,123
Parkinson disease,parkinson,10021,69,Angular L,0.5207146291330936,0.5029810398830667,0.5157199062111225,123,34,123
Parkinson disease,parkinson,10021,70,Angular R,0.48277596020204655,0.47245604100391636,0.47916962677328834,123,34,123
Parkinson disease,parkinson,10021,71,Precuneus L,0.49176053267423103,0.48455261009926565,0.4977033836703553,123,34,123
Parkinson disease,parkinson,10021,72,Precuneus R,0.4803314057024278,0.488489424861124,0.47790227406231756,123,34,123
Parkinson disease,parkinson,10021,73,Paracentral Lobule L,0.508179493378636,0.4840280018686664,0.50191051658903,123,34,123
Parkinson disease,parkinson,10021,74,Paracentral Lobule R,0.5518684648798874,0.5514582543049892,0.547468217990581,123,34,123
Parkinson disease,parkinson,10021,75,Caudate L,0.4425868215633574,0.4044645569923435,0.4313182982108352,123,34,123
Parkinson disease,parkinson,10021,76,Caudate R,0.4517152522405683,0.3906961667316803,0.42702201154641944,123,34,123
Parkinson disease,parkinson,10021,77,Putamen L,0.47348296122511,0.44474463493892685,0.46868240479054246,123,34,123
Parkinson disease,parkinson,10021,78,Putamen R,0.5063126429721492,0.5011604413329734,0.5066419375636803,123,34,123
Parkinson disease,parkinson,10021,79,Pallidum L,0.47653919123362143,0.4643080488871606,0.46953561570520613,123,34,123
Parkinson disease,parkinson,10021,80,Pallidum R,0.4871999141382779,0.49470058435133807,0.4845550963235362,123,34,123
Parkinson disease,parkinson,10021,83,Heschl L,0.5096838081777972,0.47550393508392275,0.49205430002404466,123,34,123
Parkinson disease,parkinson,10021,84,Heschl R,0.5350795541378655,0.5453062775603543,0.5301662449001494,123,34,123
Parkinson disease,parkinson,10021,85,Temporal Sup L,0.5138518233504991,0.5089532498140329,0.5015455741069565,123,34,123
Parkinson disease,parkinson,10021,86,Temporal Sup R,0.5168154834882165,0.5243482360914615,0.518044583717587,123,34,123
Parkinson disease,parkinson,10021,87,Temporal Pole Sup L,0.4934222860745789,0.5098896503699883,0.5016991946601194,123,34,123
Parkinson disease,parkinson,10021,88,Temporal Pole Sup R,0.5487503498658656,0.5513626918236866,0.5515471984707006,123,34,123
Parkinson disease,parkinson,10021,89,Temporal Mid L,0.49803457681784374,0.5030216640790934,0.4963972977249584,123,34,123
Parkinson disease,parkinson,10021,90,Temporal Mid R,0.5094300642494052,0.5130946297600513,0.5074637892302409,123,34,123
Parkinson disease,parkinson,10021,91,Temporal Pole Mid L,,,,0,0,0
Parkinson disease,parkinson,10021,93,Temporal Inf L,0.4963613682001813,0.5051745657542865,0.4971898720615611,123,34,123
Parkinson disease,parkinson,10021,94,Temporal Inf R,0.5053746796599151,0.5124909207158728,0.5040001312021909,123,34,123
Parkinson disease,parkinson,10021,95,Cerebellum Crus1 L,0.48773144903708565,0.4877528224839593,0.4794239959491905,123,34,123
Parkinson disease,parkinson,10021,96,Cerebellum Crus1 R,0.510556926439375,0.4797636463327153,0.5054190812329289,123,34,123
Parkinson disease,parkinson,10021,97,Cerebellum Crus2 L,0.48600145733965433,0.49380580388705714,0.48785300244177143,123,34,123
Parkinson disease,parkinson,10021,98,Cerebellum Crus2 R,0.49666104729472,0.4824013415518903,0.48968243516948257,123,34,123
Parkinson disease,parkinson,10021,101,Cerebellum 4 5 L,0.5981088138021643,0.5968596533497018,0.5890825257134416,123,34,123
Parkinson disease,parkinson,10021,102,Cerebellum 4 5 R,0.5292654847176358,0.5360335560491096,0.5262912330143615,123,34,123
Parkinson disease,parkinson,10021,103,Cerebellum 6 L,0.5306010033102629,0.5412226902433034,0.5294285770494748,123,34,123
Parkinson disease,parkinson,10021,104,Cerebellum 6 R,0.5246315544616686,0.514078631425606,0.5183943153059638,123,34,123
Parkinson disease,parkinson,10021,105,Cerebellum 7b L,0.5341980964690781,0.5479577819636476,0.5299387326855188,123,34,123
Parkinson disease,parkinson,10021,106,Cerebellum 7b R,0.4466168919984172,0.3871862855937965,0.41924934453475166,123,34,123
Parkinson disease,parkinson,10021,107,Cerebellum 8 L,0.5076991402945076,0.5166579932320678,0.5155475119203139,123,34,123
Parkinson disease,parkinson,10021,108,Cerebellum 8 R,0.4870380131488294,0.4840709986032015,0.4862176670050481,123,34,123
Parkinson disease,parkinson,10021,109,Cerebellum 9 L,0.47311809393324705,0.5115239599498915,0.48614031681517017,123,34,123
Parkinson disease,parkinson,10021,110,Cerebellum 9 R,0.4512447697435457,0.43664745185082204,0.4537497663264841,123,34,123
Parkinson disease,parkinson,10021,111,Cerebellum 10 L,,,,0,0,0
Parkinson disease,parkinson,10021,118,Vermis 8,0.5406202550592026,0.6103810140981627,0.5863049767767877,123,34,123
Parkinson disease,parkinson,10021,119,Vermis 9,0.5026670518642823,0.5268591325518253,0.5216400383023962,123,34,123
Parkinson disease,parkinson,10021,121,Thal AV L,,,,0,0,0
Parkinson disease,parkinson,10021,122,Thal AV R,0.5437140440813386,0.583550302714019,0.5672159677199431,123,34,123
Parkinson disease,parkinson,10021,125,Thal VA L,0.5521733952167035,0.5786079375429032,0.5538771242597814,123,34,123
Parkinson disease,parkinson,10021,127,Thal VL L,0.5118881241067759,0.5338877065853692,0.512515233696835,123,34,123
Parkinson disease,parkinson,10021,128,Thal VL R,0.5272249992377447,0.5367577967314756,0.5355087359364424,123,34,123
Parkinson disease,parkinson,10021,129,Thal VPL L,0.4868063447309472,0.4943245220327248,0.47612451259866384,123,34,123
Parkinson disease,parkinson,10021,130,Thal VPL R,0.5115601073614758,0.515942136130833,0.5198724247275498,123,34,123
Parkinson disease,parkinson,10021,131,Thal IL L,0.5897115654541244,0.6242862499743712,0.5905929695247388,123,34,123
Parkinson disease,parkinson,10021,135,Thal MDm L,0.5191516691513299,0.5320549041632957,0.5183583269635421,123,34,123
Parkinson disease,parkinson,10021,136,Thal MDm R,0.5304572019383891,0.5470595052590449,0.5314768032661751,123,34,123
Parkinson disease,parkinson,10021,137,Thal MDl L,,,,0,0,0
Parkinson disease,parkinson,10021,139,Thal LGN L,0.5137771814282733,0.5213950570782169,0.5150162693824164,123,34,123
Parkinson disease,parkinson,10021,140,Thal LGN R,0.5317534602853634,0.5502898941314908,0.5348197294603891,123,34,123
Parkinson disease,parkinson,10021,141,Thal MGN L,,,,0,0,0
Parkinson disease,parkinson,10021,143,Thal PuI L,,,,0,0,0
Parkinson disease,parkinson,10021,144,Thal PuI R,0.5007350690685693,0.5312699974334886,0.5117035908219315,123,34,123
Parkinson disease,parkinson,10021,145,Thal PuM L,0.5273162744270651,0.5410086309930956,0.5357344068121679,123,34,123
Parkinson disease,parkinson,10021,146,Thal PuM R,0.5266917186135737,0.5553045429239121,0.5352631788359632,123,34,123
Parkinson disease,parkinson,10021,147,Thal PuA L,,,,0,0,0
Parkinson disease,parkinson,10021,148,Thal PuA R,0.5573219565914649,0.5858834394777833,0.5669362091285243,123,34,123
Parkinson disease,parkinson,10021,153,ACC pre L,0.44423753789166426,0.48300450525657973,0.4713887214653515,123,34,123
Parkinson disease,parkinson,10021,154,ACC pre R,0.5533464834693838,0.5552295491429852,0.5574254849270627,123,34,123
Parkinson disease,parkinson,10021,155,ACC sup L,0.5048383597942103,0.5211460297998189,0.5139640885911768,123,34,123
Parkinson disease,parkinson,10021,156,ACC sup R,0.5137910325417608,0.5046470068566347,0.5143407732700503,123,34,123
Parkinson disease,parkinson,10021,157,N Acc L,,,,0,0,0
Parkinson disease,parkinson,10021,158,N Acc R,0.4995883707668355,0.4352905375079675,0.466682594812462,123,34,123
Parkinson disease,parkinson,10021,161,SN pc L,0.5410587958991162,0.5580648749565584,0.5374206038888162,123,34,123
Parkinson disease,parkinson,10021,163,SN pr L,0.5000252650934217,0.49583720517304347,0.4911195850173832,123,34,123
Parkinson disease,parkinson,10021,164,SN pr R,0.5417341739346263,0.5721272265937659,0.5471265855285476,123,34,123
Parkinson disease,parkinson,10021,165,Red N L,0.4913950770272433,0.5156337794365706,0.49483406739231894,123,34,123
Parkinson disease,parkinson,10021,166,Red N R,0.5583628500104284,0.5733122837608452,0.546050871835898,123,34,123
Parkinson disease,parkinson,10021,167,LC L,0.4683783893970753,0.4895365260105174,0.4774565240174996,123,34,123
Parkinson disease,parkinson,10021,168,LC R,0.40409515797421147,0.42741142722540687,0.40664703115285616,123,34,123
Parkinson disease,parkinson,10021,169,Raphe D,0.5068544821468487,0.5218001914274016,0.5029684101276403,123,34,123
Parkinson disease,parkinson,10021,170,Raphe M,0.5034985751105375,0.5064653529551667,0.5058968436285302,123,34,123
Parkinson disease,parkinson,12876,1,Precentral L,0.5177966859794075,0.5218295594054934,0.526353432357213,123,34,123
Parkinson disease,parkinson,12876,2,Precentral R,,,,0,0,0
Parkinson disease,parkinson,12876,3,Frontal Sup 2 L,0.5125366312451942,0.47621944170848696,0.5100408875845321,123,34,123
Parkinson disease,parkinson,12876,4,Frontal Sup 2 R,,,,0,0,0
Parkinson disease,parkinson,12876,5,Frontal Mid 2 L,0.5110253532528325,0.4731003451080298,0.5050127316627085,123,34,123
Parkinson disease,parkinson,12876,6,Frontal Mid 2 R,,,,0,0,0
Parkinson disease,parkinson,12876,7,Frontal Inf Oper L,,,,0,0,0
Parkinson disease,parkinson,12876,8,Frontal Inf Oper R,,,,0,0,0
Parkinson disease,parkinson,12876,9,Frontal Inf Tri L,0.5257985829150207,0.5324857697835432,0.5326265341918084,123,34,123
Parkinson disease,parkinson,12876,10,Frontal Inf Tri R,,,,0,0,0
Parkinson disease,parkinson,12876,11,Frontal Inf Orb 2 L,0.5302787092416499,0.49943701260661605,0.5152959802251392,123,34,123
Parkinson disease,parkinson,12876,12,Frontal Inf Orb 2 R,,,,0,0,0
Parkinson disease,parkinson,12876,13,Rolandic Oper L,0.5074793724101172,0.5057793333686237,0.5011548831458409,123,34,123
Parkinson disease,parkinson,12876,14,Rolandic Oper R,,,,0,0,0
Parkinson disease,parkinson,12876,15,Supp Motor Area L,0.5023473673995575,0.4957524160337258,0.5007365816906899,123,34,123
Parkinson disease,parkinson,12876,16,Supp Motor Area R,,,,0,0,0
Parkinson disease,parkinson,12876,17,Olfactory L,0.4419437118695994,0.4585318204747091,0.43996002345624524,123,34,123
Parkinson disease,parkinson,12876,18,Olfactory R,,,,0,0,0
Parkinson disease,parkinson,12876,19,Frontal Sup Medial L,0.514281058542755,0.4910806151287449,0.5208235618875894,123,34,123
Parkinson disease,parkinson,12876,20,Frontal Sup Medial R,,,,0,0,0
Parkinson disease,parkinson,12876,21,Frontal Med Orb L,0.5649043904139449,0.6344577422726633,0.586189443791796,123,34,123
Parkinson disease,parkinson,12876,22,Frontal Med Orb R,,,,0,0,0
Parkinson disease,parkinson,12876,23,Rectus L,0.5161188995253811,0.5541611486870334,0.5242648362760981,123,34,123
Parkinson disease,parkinson,12876,24,Rectus R,,,,0,0,0
Parkinson disease,parkinson,12876,25,OFCmed L,0.5293988782662893,0.5398259536636919,0.523265234738903,123,34,123
Parkinson disease,parkinson,12876,26,OFCmed R,,,,0,0,0
Parkinson disease,parkinson,12876,27,OFCant L,0.5358623611127407,0.557027301405264,0.5399256855417028,123,34,123
Parkinson disease,parkinson,12876,28,OFCant R,,,,0,0,0
Parkinson disease,parkinson,12876,29,OFCpost L,0.4924770068814423,0.4890642903545968,0.49624020025254006,123,34,123
Parkinson disease,parkinson,12876,30,OFCpost R,,,,0,0,0
Parkinson disease,parkinson,12876,31,OFClat L,0.4473098260068085,0.4360949058869242,0.4446869057901674,123,34,123
Parkinson disease,parkinson,12876,32,OFClat R,,,,0,0,0
Parkinson disease,parkinson,12876,33,Insula L,0.4898991487275452,0.48474526061414946,0.48969797798826703,123,34,123
Parkinson disease,parkinson,12876,34,Insula R,,,,0,0,0
Parkinson disease,parkinson,12876,37,Cingulate Mid L,0.5358947786920576,0.5564201251731573,0.541882238080459,123,34,123
Parkinson disease,parkinson,12876,38,Cingulate Mid R,,,,0,0,0
Parkinson disease,parkinson,12876,39,Cingulate Post L,0.497538371518798,0.5211114181591614,0.5085042110114552,123,34,123
Parkinson disease,parkinson,12876,41,Hippocampus L,0.5155272248909447,0.5210055971433186,0.5219482033638876,123,34,123
Parkinson disease,parkinson,12876,42,Hippocampus R,,,,0,0,0
Parkinson disease,parkinson,12876,43,ParaHippocampal L,0.5004077407105406,0.5390160631635783,0.5086540211415105,123,34,123
Parkinson disease,parkinson,12876,44,ParaHippocampal R,,,,0,0,0
Parkinson disease,parkinson,12876,45,Amygdala L,,,,0,0,0
Parkinson disease,parkinson,12876,46,Amygdala R,,,,0,0,0
Parkinson disease,parkinson,12876,47,Calcarine L,0.5017285514495221,0.46505404684990964,0.4812829962901572,123,34,123
Parkinson disease,parkinson,12876,48,Calcarine R,,,,0,0,0
Parkinson disease,parkinson,12876,49,Cuneus L,0.49377158734778465,0.4613625928713905,0.4747375598918835,123,34,123
Parkinson disease,parkinson,12876,51,Lingual L,0.50362322585419,0.45432197252616663,0.4895883494492345,123,34,123
Parkinson disease,parkinson,12876,52,Lingual R,,,,0,0,0
Parkinson disease,parkinson,12876,53,Occipital Sup L,,,,0,0,0
Parkinson disease,parkinson,12876,55,Occipital Mid L,0.5346038786916186,0.5327787218895652,0.5286819573164047,123,34,123
Parkinson disease,parkinson,12876,56,Occipital Mid R,,,,0,0,0
Parkinson disease,parkinson,12876,57,Occipital Inf L,0.5215100990367942,0.530890913688439,0.5148945341751223,123,34,123
Parkinson disease,parkinson,12876,58,Occipital Inf R,,,,0,0,0
Parkinson disease,parkinson,12876,59,Fusiform L,0.47709248255516346,0.49932657867314323,0.4906608306620937,123,34,123
Parkinson disease,parkinson,12876,60,Fusiform R,,,,0,0,0
Parkinson disease,parkinson,12876,61,Postcentral L,0.5061411484515325,0.5180945564619133,0.514347521323742,123,34,123
Parkinson disease,parkinson,12876,62,Postcentral R,,,,0,0,0
Parkinson disease,parkinson,12876,63,Parietal Sup L,0.4701214850571991,0.4330762834869409,0.45631435636619894,123,34,123
Parkinson disease,parkinson,12876,64,Parietal Sup R,,,,0,0,0
Parkinson disease,parkinson,12876,65,Parietal Inf L,0.5058861713279236,0.5060313604391491,0.5085051754116348,123,34,123
Parkinson disease,parkinson,12876,66,Parietal Inf R,,,,0,0,0
Parkinson disease,parkinson,12876,67,SupraMarginal L,0.4928691523881598,0.46943172332325367,0.48160622697524225,123,34,123
Parkinson disease,parkinson,12876,68,SupraMarginal R,,,,0,0,0
Parkinson disease,parkinson,12876,69,Angular L,0.5469206739018959,0.5767112692867711,0.5503601201290057,123,34,123
Parkinson disease,parkinson,12876,70,Angular R,,,,0,0,0
Parkinson disease,parkinson,12876,71,Precuneus L,0.4995500344640288,0.48411931761978977,0.4937154003937159,123,34,123
Parkinson disease,parkinson,12876,72,Precuneus R,,,,0,0,0
Parkinson disease,parkinson,12876,73,Paracentral Lobule L,0.47592995108531344,0.4420844189387367,0.4712768907194965,123,34,123
Parkinson disease,parkinson,12876,74,Paracentral Lobule R,,,,0,0,0
Parkinson disease,parkinson,12876,75,Caudate L,0.4694257839504175,0.4025947051475337,0.4360073007473745,123,34,123
Parkinson disease,parkinson,12876,76,Caudate R,,,,0,0,0
Parkinson disease,parkinson,12876,77,Putamen L,0.4928019793729375,0.4656846035915963,0.475943784365,123,34,123
Parkinson disease,parkinson,12876,78,Putamen R,,,,0,0,0
Parkinson disease,parkinson,12876,79,Pallidum L,0.4985015849774316,0.46984389417300215,0.48325201099714643,123,34,123
Parkinson disease,parkinson,12876,80,Pallidum R,,,,0,0,0
Parkinson disease,parkinson,12876,83,Heschl L,0.5217977377430467,0.503487956291074,0.5212390812759433,123,34,123
Parkinson disease,parkinson,12876,84,Heschl R,,,,0,0,0
Parkinson disease,parkinson,12876,85,Temporal Sup L,0.5010574872047132,0.4943718569961985,0.4995839735706296,123,34,123
Parkinson disease,parkinson,12876,86,Temporal Sup R,,,,0,0,0
Parkinson disease,parkinson,12876,87,Temporal Pole Sup L,0.46949993860333117,0.40229208516832854,0.450714644739263,123,34,123
Parkinson disease,parkinson,12876,88,Temporal Pole Sup R,,,,0,0,0
Parkinson disease,parkinson,12876,89,Temporal Mid L,0.4985254375099695,0.49960854881919253,0.4945792217503201,123,34,123
Parkinson disease,parkinson,12876,90,Temporal Mid R,,,,0,0,0
Parkinson disease,parkinson,12876,91,Temporal Pole Mid L,0.49090728592916644,0.5280874573369188,0.5048651085186844,123,34,123
Parkinson disease,parkinson,12876,93,Temporal Inf L,0.5113884595350977,0.5068842125968844,0.5115021135153203,123,34,123
Parkinson disease,parkinson,12876,94,Temporal Inf R,,,,0,0,0
Parkinson disease,parkinson,12876,95,Cerebellum Crus1 L,0.47659820003169834,0.4719725375892904,0.4772607355827124,123,34,123
Parkinson disease,parkinson,12876,96,Cerebellum Crus1 R,,,,0,0,0
Parkinson disease,parkinson,12876,97,Cerebellum Crus2 L,0.5006965386479816,0.5006531311313174,0.491454806644179,123,34,123
Parkinson disease,parkinson,12876,98,Cerebellum Crus2 R,,,,0,0,0
Parkinson disease,parkinson,12876,101,Cerebellum 4 5 L,0.5433362368754736,0.5510717304597947,0.5513870713120084,123,34,123
Parkinson disease,parkinson,12876,102,Cerebellum 4 5 R,,,,0,0,0
Parkinson disease,parkinson,12876,103,Cerebellum 6 L,0.521122922567363,0.5441738167441952,0.5323945186638097,123,34,123
Parkinson disease,parkinson,12876,104,Cerebellum 6 R,,,,0,0,0
Parkinson disease,parkinson,12876,105,Cerebellum 7b L,0.4562138076169464,0.41835684658261835,0.43665168239196434,123,34,123
Parkinson disease,parkinson,12876,106,Cerebellum 7b R,,,,0,0,0
Parkinson disease,parkinson,12876,107,Cerebellum 8 L,0.46228268058606325,0.4268571302435728,0.4495811503989213,123,34,123
Parkinson disease,parkinson,12876,108,Cerebellum 8 R,,,,0,0,0
Parkinson disease,parkinson,12876,109,Cerebellum 9 L,0.4967041679595203,0.4759345982795222,0.48014675471600166,123,34,123
Parkinson disease,parkinson,12876,110,Cerebellum 9 R,,,,0,0,0
Parkinson disease,parkinson,12876,111,Cerebellum 10 L,0.5070740831178759,0.474760416468726,0.4859114454577345,123,34,123
Parkinson disease,parkinson,12876,118,Vermis 8,,,,0,0,0
Parkinson disease,parkinson,12876,119,Vermis 9,,,,0,0,0
Parkinson disease,parkinson,12876,121,Thal AV L,0.5033106822804062,0.5430404146673249,0.525671372958809,123,34,123
Parkinson disease,parkinson,12876,122,Thal AV R,,,,0,0,0
Parkinson disease,parkinson,12876,125,Thal VA L,,,,0,0,0
Parkinson disease,parkinson,12876,127,Thal VL L,0.5073768202728403,0.5360530509151131,0.5184587898715981,123,34,123
Parkinson disease,parkinson,12876,128,Thal VL R,,,,0,0,0
Parkinson disease,parkinson,12876,129,Thal VPL L,0.5109808208126001,0.531380859320142,0.5192535767139579,123,34,123
Parkinson disease,parkinson,12876,130,Thal VPL R,,,,0,0,0
Parkinson disease,parkinson,12876,131,Thal IL L,0.5361310061333865,0.5178272099257009,0.536882682172817,123,34,123
Parkinson disease,parkinson,12876,135,Thal MDm L,0.45497113784286736,0.4890147941284358,0.47164133401367386,123,34,123
Parkinson disease,parkinson,12876,136,Thal MDm R,,,,0,0,0
Parkinson disease,parkinson,12876,137,Thal MDl L,,,,0,0,0
Parkinson disease,parkinson,12876,139,Thal LGN L,0.5708126810273317,0.5864858608743414,0.5785419900959369,123,34,123
Parkinson disease,parkinson,12876,140,Thal LGN R,,,,0,0,0
Parkinson disease,parkinson,12876,141,Thal MGN L,,,,0,0,0
Parkinson disease,parkinson,12876,143,Thal PuI L,,,,0,0,0
Parkinson disease,parkinson,12876,144,Thal PuI R,,,,0,0,0
Parkinson disease,parkinson,12876,145,Thal PuM L,0.5070274617761553,0.5472716198087113,0.5170401320888838,123,34,123
Parkinson disease,parkinson,12876,146,Thal PuM R,,,,0,0,0
Parkinson disease,parkinson,12876,147,Thal PuA L,0.5069154191303197,0.5321229629271084,0.5183055896756952,123,34,123
Parkinson disease,parkinson,12876,148,Thal PuA R,,,,0,0,0
Parkinson disease,parkinson,12876,153,ACC pre L,0.5340083632031101,0.5517305740649804,0.5324212296880337,123,34,123
Parkinson disease,parkinson,12876,154,ACC pre R,,,,0,0,0
Parkinson disease,parkinson,12876,155,ACC sup L,0.45331813846595687,0.44418373954248874,0.4447283536511295,123,34,123
Parkinson disease,parkinson,12876,156,ACC sup R,,,,0,0,0
Parkinson disease,parkinson,12876,157,N Acc L,0.5188830592782517,0.49719545736185594,0.5110230088370743,123,34,123
Parkinson disease,parkinson,12876,158,N Acc R,,,,0,0,0
Parkinson disease,parkinson,12876,161,SN pc L,,,,0,0,0
Parkinson disease,parkinson,12876,163,SN pr L,0.5032757051909722,0.5108011707383655,0.5011152738447969,123,34,123
Parkinson disease,parkinson,12876,164,SN pr R,,,,0,0,0
Parkinson disease,parkinson,12876,165,Red N L,,,,0,0,0
Parkinson disease,parkinson,12876,166,Red N R,,,,0,0,0
Parkinson disease,parkinson,12876,167,LC L,,,,0,0,0
Parkinson disease,parkinson,12876,168,LC R,,,,0,0,0
Parkinson disease,parkinson,12876,169,Raphe D,,,,0,0,0
Parkinson disease,parkinson,12876,170,Raphe M,,,,0,0,0
Parkinson disease,parkinson,14380,1,Precentral L,0.49808471657749354,0.5000007643668307,0.5073111090796386,123,34,123
Parkinson disease,parkinson,14380,2,Precentral R,,,,0,0,0
Parkinson disease,parkinson,14380,3,Frontal Sup 2 L,0.5214719065460569,0.5201528250078137,0.525195967393738,123,34,123
Parkinson disease,parkinson,14380,4,Frontal Sup 2 R,,,,0,0,0
Parkinson disease,parkinson,14380,5,Frontal Mid 2 L,0.5024097928843524,0.49459499449844246,0.5182979561088127,123,34,123
Parkinson disease,parkinson,14380,6,Frontal Mid 2 R,,,,0,0,0
Parkinson disease,parkinson,14380,7,Frontal Inf Oper L,,,,0,0,0
Parkinson disease,parkinson,14380,8,Frontal Inf Oper R,,,,0,0,0
Parkinson disease,parkinson,14380,9,Frontal Inf Tri L,0.4938845988673914,0.4991929266191871,0.5080653910253317,123,34,123
Parkinson disease,parkinson,14380,10,Frontal Inf Tri R,,,,0,0,0
Parkinson disease,parkinson,14380,11,Frontal Inf Orb 2 L,0.5185964568152485,0.559665392667056,0.5423284771135869,123,34,123
Parkinson disease,parkinson,14380,12,Frontal Inf Orb 2 R,,,,0,0,0
Parkinson disease,parkinson,14380,13,Rolandic Oper L,0.5200795409597323,0.5079666805295113,0.5229455732145859,123,34,123
Parkinson disease,parkinson,14380,14,Rolandic Oper R,,,,0,0,0
Parkinson disease,parkinson,14380,15,Supp Motor Area L,0.5180405733690443,0.5066375809936313,0.526498464958299,123,34,123
Parkinson disease,parkinson,14380,16,Supp Motor Area R,,,,0,0,0
Parkinson disease,parkinson,14380,17,Olfactory L,0.49096854242163407,0.5419957493484511,0.5122517713995086,123,34,123
Parkinson disease,parkinson,14380,18,Olfactory R,,,,0,0,0
Parkinson disease,parkinson,14380,19,Frontal Sup Medial L,0.48989215284492865,0.520818263344147,0.49968870527401343,123,34,123
Parkinson disease,parkinson,14380,20,Frontal Sup Medial R,,,,0,0,0
Parkinson disease,parkinson,14380,21,Frontal Med Orb L,0.5034751190867004,0.5355933419964318,0.5157363673320254,123,34,123
Parkinson disease,parkinson,14380,22,Frontal Med Orb R,,,,0,0,0
Parkinson disease,parkinson,14380,23,Rectus L,0.4915825094086935,0.5185889798051396,0.49959828570542264,123,34,123
Parkinson disease,parkinson,14380,24,Rectus R,,,,0,0,0
Parkinson disease,parkinson,14380,25,OFCmed L,0.5009408033467677,0.5162444684617647,0.5159677360755601,123,34,123
Parkinson disease,parkinson,14380,26,OFCmed R,,,,0,0,0
Parkinson disease,parkinson,14380,27,OFCant L,0.4786418770982228,0.5055242656972794,0.48673506159063196,123,34,123
Parkinson disease,parkinson,14380,28,OFCant R,,,,0,0,0
Parkinson disease,parkinson,14380,29,OFCpost L,0.50080622041575,0.5409312368126646,0.5235663628452227,123,34,123
Parkinson disease,parkinson,14380,30,OFCpost R,,,,0,0,0
Parkinson disease,parkinson,14380,31,OFClat L,0.5171514716546872,0.5428306423485855,0.5318267618387352,123,34,123
Parkinson disease,parkinson,14380,32,OFClat R,,,,0,0,0
Parkinson disease,parkinson,14380,33,Insula L,0.4908951883108114,0.5086040522849004,0.5031705806747414,123,34,123
Parkinson disease,parkinson,14380,34,Insula R,,,,0,0,0
Parkinson disease,parkinson,14380,37,Cingulate Mid L,0.5134521756449425,0.5225207697188342,0.5160571642398089,123,34,123
Parkinson disease,parkinson,14380,38,Cingulate Mid R,,,,0,0,0
Parkinson disease,parkinson,14380,39,Cingulate Post L,,,,0,0,0
Parkinson disease,parkinson,14380,41,Hippocampus L,0.49496706105839233,0.5014905618951272,0.5031884227820621,123,34,123
Parkinson disease,parkinson,14380,42,Hippocampus R,,,,0,0,0
Parkinson disease,parkinson,14380,43,ParaHippocampal L,0.5228004482787387,0.5446059479723167,0.5188992585134196,123,34,123
Parkinson disease,parkinson,14380,44,ParaHippocampal R,,,,0,0,0
Parkinson disease,parkinson,14380,45,Amygdala L,0.5442062179088223,0.5675809643205181,0.554230331725434,123,34,123
Parkinson disease,parkinson,14380,46,Amygdala R,,,,0,0,0
Parkinson disease,parkinson,14380,47,Calcarine L,0.5056842495265483,0.4852618775535881,0.4840249448913095,123,34,123
Parkinson disease,parkinson,14380,48,Calcarine R,,,,0,0,0
Parkinson disease,parkinson,14380,49,Cuneus L,0.5198359537684887,0.4813272846928553,0.4783691735355108,123,34,123
Parkinson disease,parkinson,14380,51,Lingual L,0.49216699286398846,0.4600233689991972,0.4663900613885841,123,34,123
Parkinson disease,parkinson,14380,52,Lingual R,,,,0,0,0
Parkinson disease,parkinson,14380,53,Occipital Sup L,0.5109054198880171,0.4858364261319895,0.49600945842991206,123,34,123
Parkinson disease,parkinson,14380,55,Occipital Mid L,0.5078898246439543,0.48157630664313844,0.4910740647946031,123,34,123
Parkinson disease,parkinson,14380,56,Occipital Mid R,,,,0,0,0
Parkinson disease,parkinson,14380,57,Occipital Inf L,0.5198605585956544,0.5181791342377748,0.51618736871443,123,34,123
Parkinson disease,parkinson,14380,58,Occipital Inf R,,,,0,0,0
Parkinson disease,parkinson,14380,59,Fusiform L,0.5187019006803482,0.5293835214644643,0.5219340389205516,123,34,123
Parkinson disease,parkinson,14380,60,Fusiform R,,,,0,0,0
Parkinson disease,parkinson,14380,61,Postcentral L,0.49453242899312594,0.48505716986985814,0.4949163863145574,123,34,123
Parkinson disease,parkinson,14380,62,Postcentral R,,,,0,0,0
Parkinson disease,parkinson,14380,63,Parietal Sup L,0.5146300850797481,0.5014460124430496,0.5037511739123034,123,34,123
Parkinson disease,parkinson,14380,64,Parietal Sup R,,,,0,0,0
Parkinson disease,parkinson,14380,65,Parietal Inf L,0.5094902127261094,0.4982640551103516,0.513193585087217,123,34,123
Parkinson disease,parkinson,14380,66,Parietal Inf R,,,,0,0,0
Parkinson disease,parkinson,14380,67,SupraMarginal L,0.5226660870935861,0.5135102980785271,0.5246444991180812,123,34,123
Parkinson disease,parkinson,14380,68,SupraMarginal R,,,,0,0,0
Parkinson disease,parkinson,14380,69,Angular L,0.4926929500737317,0.49261918222523265,0.5069623543982302,123,34,123
Parkinson disease,parkinson,14380,70,Angular R,,,,0,0,0
Parkinson disease,parkinson,14380,71,Precuneus L,0.5096281517829007,0.4913759587251171,0.4945105023688961,123,34,123
Parkinson disease,parkinson,14380,72,Precuneus R,,,,0,0,0
Parkinson disease,parkinson,14380,73,Paracentral Lobule L,0.5015099133109538,0.5008970617683682,0.504685346839968,123,34,123
Parkinson disease,parkinson,14380,74,Paracentral Lobule R,,,,0,0,0
Parkinson disease,parkinson,14380,75,Caudate L,0.4608992919325115,0.4322553477545292,0.4464551232305695,123,34,123
Parkinson disease,parkinson,14380,76,Caudate R,,,,0,0,0
Parkinson disease,parkinson,14380,77,Putamen L,0.4716632258689928,0.44985483051584996,0.46209518579836845,123,34,123
Parkinson disease,parkinson,14380,78,Putamen R,,,,0,0,0
Parkinson disease,parkinson,14380,79,Pallidum L,0.5190943178599408,0.5248615121940646,0.5160328899650811,123,34,123
Parkinson disease,parkinson,14380,80,Pallidum R,,,,0,0,0
Parkinson disease,parkinson,14380,83,Heschl L,,,,0,0,0
Parkinson disease,parkinson,14380,84,Heschl R,,,,0,0,0
Parkinson disease,parkinson,14380,85,Temporal Sup L,0.5121497328821097,0.5193949686027469,0.5111564829812916,123,34,123
Parkinson disease,parkinson,14380,86,Temporal Sup R,,,,0,0,0
Parkinson disease,parkinson,14380,87,Temporal Pole Sup L,0.47495768691780604,0.48171509002632257,0.4814007626841335,123,34,123
Parkinson disease,parkinson,14380,88,Temporal Pole Sup R,,,,0,0,0
Parkinson disease,parkinson,14380,89,Temporal Mid L,0.49762434084246676,0.5129539635157213,0.5049617691733795,123,34,123
Parkinson disease,parkinson,14380,90,Temporal Mid R,,,,0,0,0
Parkinson disease,parkinson,14380,91,Temporal Pole Mid L,0.49681971129288394,0.4815146635081472,0.4917586623709896,123,34,123
Parkinson disease,parkinson,14380,93,Temporal Inf L,0.5106567768286875,0.5238669202809616,0.5195795861352236,123,34,123
Parkinson disease,parkinson,14380,94,Temporal Inf R,,,,0,0,0
Parkinson disease,parkinson,14380,95,Cerebellum Crus1 L,0.5612946941333665,0.5732514590804485,0.5659557299258486,123,34,123
Parkinson disease,parkinson,14380,96,Cerebellum Crus1 R,,,,0,0,0
Parkinson disease,parkinson,14380,97,Cerebellum Crus2 L,0.4867190230877706,0.4842681967864481,0.4891153175392231,123,34,123
Parkinson disease,parkinson,14380,98,Cerebellum Crus2 R,,,,0,0,0
Parkinson disease,parkinson,14380,101,Cerebellum 4 5 L,0.5121793725715656,0.48259145177315554,0.49416821611352413,123,34,123
Parkinson disease,parkinson,14380,102,Cerebellum 4 5 R,,,,0,0,0
Parkinson disease,parkinson,14380,103,Cerebellum 6 L,0.49435180850764504,0.4509912431288596,0.4690792291652196,123,34,123
Parkinson disease,parkinson,14380,104,Cerebellum 6 R,,,,0,0,0
Parkinson disease,parkinson,14380,105,Cerebellum 7b L,0.48659770079197273,0.4865792473355793,0.4869126215492608,123,34,123
Parkinson disease,parkinson,14380,106,Cerebellum 7b R,,,,0,0,0
Parkinson disease,parkinson,14380,107,Cerebellum 8 L,0.4916871525403538,0.4204661367648079,0.4608388335653187,123,34,123
Parkinson disease,parkinson,14380,108,Cerebellum 8 R,,,,0,0,0
Parkinson disease,parkinson,14380,109,Cerebellum 9 L,0.5050511171448666,0.550646189255454,0.5230358662529605,123,34,123
Parkinson disease,parkinson,14380,110,Cerebellum 9 R,,,,0,0,0
Parkinson disease,parkinson,14380,111,Cerebellum 10 L,0.5492892405757237,0.5571180663754537,0.5595098036508274,123,34,123
Parkinson disease,parkinson,14380,118,Vermis 8,,,,0,0,0
Parkinson disease,parkinson,14380,119,Vermis 9,0.5027700101900937,0.5363209577852512,0.531021277775431,123,34,123
Parkinson disease,parkinson,14380,121,Thal AV L,0.5368773373259679,0.5608989302405791,0.5534481842967705,123,34,123
Parkinson disease,parkinson,14380,122,Thal AV R,,,,0,0,0
Parkinson disease,parkinson,14380,125,Thal VA L,0.5291489975821903,0.5392799454677543,0.5264009435951755,123,34,123
Parkinson disease,parkinson,14380,127,Thal VL L,0.5378670326633279,0.5447281528011929,0.5415942270360536,123,34,123
Parkinson disease,parkinson,14380,128,Thal VL R,,,,0,0,0
Parkinson disease,parkinson,14380,129,Thal VPL L,0.5204173711823106,0.5293692268066712,0.5278384131590819,123,34,123
Parkinson disease,parkinson,14380,130,Thal VPL R,,,,0,0,0
Parkinson disease,parkinson,14380,131,Thal IL L,0.5169216152269437,0.5105090154728138,0.5252829178366782,123,34,123
Parkinson disease,parkinson,14380,135,Thal MDm L,,,,0,0,0
Parkinson disease,parkinson,14380,136,Thal MDm R,,,,0,0,0
Parkinson disease,parkinson,14380,137,Thal MDl L,,,,0,0,0
Parkinson disease,parkinson,14380,139,Thal LGN L,0.5349913203635961,0.5442938439869724,0.5420577711709343,123,34,123
Parkinson disease,parkinson,14380,140,Thal LGN R,,,,0,0,0
Parkinson disease,parkinson,14380,141,Thal MGN L,,,,0,0,0
Parkinson disease,parkinson,14380,143,Thal PuI L,,,,0,0,0
Parkinson disease,parkinson,14380,144,Thal PuI R,,,,0,0,0
Parkinson disease,parkinson,14380,145,Thal PuM L,0.5064492161967954,0.5189021384102439,0.5142688545565618,123,34,123
Parkinson disease,parkinson,14380,146,Thal PuM R,,,,0,0,0
Parkinson disease,parkinson,14380,147,Thal PuA L,0.5207389909437843,0.5388133490361602,0.5325870320271435,123,34,123
Parkinson disease,parkinson,14380,148,Thal PuA R,,,,0,0,0
Parkinson disease,parkinson,14380,153,ACC pre L,,,,0,0,0
Parkinson disease,parkinson,14380,154,ACC pre R,,,,0,0,0
Parkinson disease,parkinson,14380,155,ACC sup L,0.4761225868903271,0.5122803479757022,0.48471916227454354,123,34,123
Parkinson disease,parkinson,14380,156,ACC sup R,,,,0,0,0
Parkinson disease,parkinson,14380,157,N Acc L,0.5201511752993631,0.5158535747498465,0.51491929488949,123,34,123
Parkinson disease,parkinson,14380,158,N Acc R,,,,0,0,0
Parkinson disease,parkinson,14380,161,SN pc L,,,,0,0,0
Parkinson disease,parkinson,14380,163,SN pr L,0.5286986631612958,0.5576944153077128,0.5319825326526669,123,34,123
Parkinson disease,parkinson,14380,164,SN pr R,,,,0,0,0
Parkinson disease,parkinson,14380,165,Red N L,0.5089688156091962,0.525082112606445,0.5103932999812537,123,34,123
Parkinson disease,parkinson,14380,166,Red N R,,,,0,0,0
Parkinson disease,parkinson,14380,167,LC L,0.5038335905637321,0.5077636803230383,0.5022853876333632,123,34,123
Parkinson disease,parkinson,14380,168,LC R,,,,0,0,0
Parkinson disease,parkinson,14380,169,Raphe D,,,,0,0,0
Parkinson disease,parkinson,14380,170,Raphe M,0.5233517458651568,0.5391430170555113,0.5231728678185691,123,34,123
Parkinson disease,parkinson,15496,1,Precentral L,0.48380826318302045,0.49563152566007734,0.4992247694312004,123,34,123
Parkinson disease,parkinson,15496,2,Precentral R,,,,0,0,0
Parkinson disease,parkinson,15496,3,Frontal Sup 2 L,0.5072688849644419,0.5055192431999593,0.5066885777547953,123,34,123
Parkinson disease,parkinson,15496,4,Frontal Sup 2 R,,,,0,0,0
Parkinson disease,parkinson,15496,5,Frontal Mid 2 L,0.5122398071647817,0.533455495096453,0.5213618190594791,123,34,123
Parkinson disease,parkinson,15496,6,Frontal Mid 2 R,,,,0,0,0
Parkinson disease,parkinson,15496,7,Frontal Inf Oper L,0.49108577482338256,0.5191406288281639,0.49357063986698124,123,34,123
Parkinson disease,parkinson,15496,8,Frontal Inf Oper R,,,,0,0,0
Parkinson disease,parkinson,15496,9,Frontal Inf Tri L,0.49956375260906494,0.5090746941750721,0.5041138309317742,123,34,123
Parkinson disease,parkinson,15496,10,Frontal Inf Tri R,,,,0,0,0
Parkinson disease,parkinson,15496,11,Frontal Inf Orb 2 L,0.5424125608338655,0.5623138381756568,0.5492220847392654,123,34,123
Parkinson disease,parkinson,15496,12,Frontal Inf Orb 2 R,,,,0,0,0
Parkinson disease,parkinson,15496,13,Rolandic Oper L,0.4914229084076655,0.5026576140411761,0.4989529596500673,123,34,123
Parkinson disease,parkinson,15496,14,Rolandic Oper R,,,,0,0,0
Parkinson disease,parkinson,15496,15,Supp Motor Area L,0.5081508059196291,0.5314108628726933,0.5276780076568469,123,34,123
Parkinson disease,parkinson,15496,16,Supp Motor Area R,,,,0,0,0
Parkinson disease,parkinson,15496,17,Olfactory L,,,,0,0,0
Parkinson disease,parkinson,15496,18,Olfactory R,,,,0,0,0
Parkinson disease,parkinson,15496,19,Frontal Sup Medial L,0.5132363139818736,0.5589487304301566,0.5309630743269659,123,34,123
Parkinson disease,parkinson,15496,20,Frontal Sup Medial R,,,,0,0,0
Parkinson disease,parkinson,15496,21,Frontal Med Orb L,0.5170778392758583,0.541344798706301,0.5281084619943964,123,34,123
Parkinson disease,parkinson,15496,22,Frontal Med Orb R,,,,0,0,0
Parkinson disease,parkinson,15496,23,Rectus L,0.48703274426682264,0.5450129264951591,0.4998206619930708,123,34,123
Parkinson disease,parkinson,15496,24,Rectus R,,,,0,0,0
Parkinson disease,parkinson,15496,25,OFCmed L,0.4865887208306232,0.5175268212909061,0.4921761781359947,123,34,123
Parkinson disease,parkinson,15496,26,OFCmed R,,,,0,0,0
Parkinson disease,parkinson,15496,27,OFCant L,0.5199463642900246,0.5523134109815778,0.538701859643688,123,34,123
Parkinson disease,parkinson,15496,28,OFCant R,,,,0,0,0
Parkinson disease,parkinson,15496,29,OFCpost L,0.48953542169126607,0.5306974712590206,0.5039255383451744,123,34,123
Parkinson disease,parkinson,15496,30,OFCpost R,,,,0,0,0
Parkinson disease,parkinson,15496,31,OFClat L,0.5175802035562721,0.536939570869953,0.5219086455424902,123,34,123
Parkinson disease,parkinson,15496,32,OFClat R,,,,0,0,0
Parkinson disease,parkinson,15496,33,Insula L,0.5074793163491031,0.5401209614073105,0.5160467028688721,123,34,123
Parkinson disease,parkinson,15496,34,Insula R,,,,0,0,0
Parkinson disease,parkinson,15496,37,Cingulate Mid L,0.4999547376726571,0.5173958419189819,0.5096259860447374,123,34,123
Parkinson disease,parkinson,15496,38,Cingulate Mid R,,,,0,0,0
Parkinson disease,parkinson,15496,39,Cingulate Post L,0.4487914168515352,0.40728111141027407,0.4298519018249983,123,34,123
Parkinson disease,parkinson,15496,41,Hippocampus L,0.5030941700121334,0.4931872774003196,0.5062840520222983,123,34,123
Parkinson disease,parkinson,15496,42,Hippocampus R,,,,0,0,0
Parkinson disease,parkinson,15496,43,ParaHippocampal L,0.4715934218582053,0.5337357883426975,0.4848322039468403,123,34,123
Parkinson disease,parkinson,15496,44,ParaHippocampal R,,,,0,0,0
Parkinson disease,parkinson,15496,45,Amygdala L,0.510135181976467,0.5071049797643207,0.5156823320640894,123,34,123
Parkinson disease,parkinson,15496,46,Amygdala R,,,,0,0,0
Parkinson disease,parkinson,15496,47,Calcarine L,0.48499947362896223,0.42270416933095906,0.4574395897836464,123,34,123
Parkinson disease,parkinson,15496,48,Calcarine R,,,,0,0,0
Parkinson disease,parkinson,15496,49,Cuneus L,0.4692198160972914,0.3784035223356336,0.43570505102287505,123,34,123
Parkinson disease,parkinson,15496,51,Lingual L,0.4867005106771367,0.44445304718363654,0.46158666056851405,123,34,123
Parkinson disease,parkinson,15496,52,Lingual R,,,,0,0,0
Parkinson disease,parkinson,15496,53,Occipital Sup L,0.5101379792367353,0.46240935747575135,0.4935065536761411,123,34,123
Parkinson disease,parkinson,15496,55,Occipital Mid L,0.48402506503568904,0.4707887420944057,0.48011131632313947,123,34,123
Parkinson disease,parkinson,15496,56,Occipital Mid R,,,,0,0,0
Parkinson disease,parkinson,15496,57,Occipital Inf L,0.4857215487551301,0.4493739909978022,0.47620131902010276,123,34,123
Parkinson disease,parkinson,15496,58,Occipital Inf R,,,,0,0,0
Parkinson disease,parkinson,15496,59,Fusiform L,0.5012622185602589,0.4928674478863016,0.48995971414106837,123,34,123
Parkinson disease,parkinson,15496,60,Fusiform R,,,,0,0,0
Parkinson disease,parkinson,15496,61,Postcentral L,0.5010818601612814,0.4935114375086111,0.5018231685016112,123,34,123
Parkinson disease,parkinson,15496,62,Postcentral R,,,,0,0,0
Parkinson disease,parkinson,15496,63,Parietal Sup L,0.5230303447896988,0.5013477783418687,0.5159971475955414,123,34,123
Parkinson disease,parkinson,15496,64,Parietal Sup R,,,,0,0,0
Parkinson disease,parkinson,15496,65,Parietal Inf L,0.5299142187659119,0.4963522639755867,0.5150465247977101,123,34,123
Parkinson disease,parkinson,15496,66,Parietal Inf R,,,,0,0,0
Parkinson disease,parkinson,15496,67,SupraMarginal L,0.5057960823316769,0.5417479456005502,0.5224606595855045,123,34,123
Parkinson disease,parkinson,15496,68,SupraMarginal R,,,,0,0,0
Parkinson disease,parkinson,15496,69,Angular L,0.49637814735753555,0.4703696230964736,0.4926073442366664,123,34,123
Parkinson disease,parkinson,15496,70,Angular R,,,,0,0,0
Parkinson disease,parkinson,15496,71,Precuneus L,0.48410917242019247,0.45694621262920604,0.47355690042758675,123,34,123
Parkinson disease,parkinson,15496,72,Precuneus R,,,,0,0,0
Parkinson disease,parkinson,15496,73,Paracentral Lobule L,0.5082970739176575,0.49488483826943197,0.510355249778124,123,34,123
Parkinson disease,parkinson,15496,74,Paracentral Lobule R,,,,0,0,0
Parkinson disease,parkinson,15496,75,Caudate L,0.46687419131155455,0.4284610071291434,0.44872883075448877,123,34,123
Parkinson disease,parkinson,15496,76,Caudate R,,,,0,0,0
Parkinson disease,parkinson,15496,77,Putamen L,0.464337086001915,0.427882016406012,0.4524254340852178,123,34,123
Parkinson disease,parkinson,15496,78,Putamen R,,,,0,0,0
Parkinson disease,parkinson,15496,79,Pallidum L,0.5245785839911093,0.5265864126265446,0.5192619689984156,123,34,123
Parkinson disease,parkinson,15496,80,Pallidum R,,,,0,0,0
Parkinson disease,parkinson,15496,83,Heschl L,0.5250021792319682,0.5530048195864062,0.536217982181456,123,34,123
Parkinson disease,parkinson,15496,84,Heschl R,,,,0,0,0
Parkinson disease,parkinson,15496,85,Temporal Sup L,0.48290752028270684,0.5068922624048087,0.48572566883724283,123,34,123
Parkinson disease,parkinson,15496,86,Temporal Sup R,,,,0,0,0
Parkinson disease,parkinson,15496,87,Temporal Pole Sup L,0.4962624677633905,0.5348249940704978,0.5054851331594984,123,34,123
Parkinson disease,parkinson,15496,88,Temporal Pole Sup R,,,,0,0,0
Parkinson disease,parkinson,15496,89,Temporal Mid L,0.4995929425637519,0.5142394979136198,0.5002138431885794,123,34,123
Parkinson disease,parkinson,15496,90,Temporal Mid R,,,,0,0,0
Parkinson disease,parkinson,15496,91,Temporal Pole Mid L,0.5183536662203955,0.5492625595021661,0.5207700973403709,123,34,123
Parkinson disease,parkinson,15496,93,Temporal Inf L,0.5054982850052191,0.5122561136124841,0.5040231493248691,123,34,123
Parkinson disease,parkinson,15496,94,Temporal Inf R,,,,0,0,0
Parkinson disease,parkinson,15496,95,Cerebellum Crus1 L,0.49109248743099776,0.5313768858502842,0.5051244923197309,123,34,123
Parkinson disease,parkinson,15496,96,Cerebellum Crus1 R,,,,0,0,0
Parkinson disease,parkinson,15496,97,Cerebellum Crus2 L,0.4437991970888191,0.416113427980296,0.4255349143986999,123,34,123
Parkinson disease,parkinson,15496,98,Cerebellum Crus2 R,,,,0,0,0
Parkinson disease,parkinson,15496,101,Cerebellum 4 5 L,0.5107061337454858,0.5037306754196775,0.50763136779649,123,34,123
Parkinson disease,parkinson,15496,102,Cerebellum 4 5 R,,,,0,0,0
Parkinson disease,parkinson,15496,103,Cerebellum 6 L,0.515376178594882,0.5180429409374548,0.5112914628764363,123,34,123
Parkinson disease,parkinson,15496,104,Cerebellum 6 R,,,,0,0,0
Parkinson disease,parkinson,15496,105,Cerebellum 7b L,0.48126509329511663,0.43607202365247966,0.4621160091948989,123,34,123
Parkinson disease,parkinson,15496,106,Cerebellum 7b R,,,,0,0,0
Parkinson disease,parkinson,15496,107,Cerebellum 8 L,0.48953206275877137,0.4877904726875868,0.4910047096175894,123,34,123
Parkinson disease,parkinson,15496,108,Cerebellum 8 R,,,,0,0,0
Parkinson disease,parkinson,15496,109,Cerebellum 9 L,0.4625635903003121,0.4064769161399918,0.43436816919392185,123,34,123
Parkinson disease,parkinson,15496,110,Cerebellum 9 R,,,,0,0,0
Parkinson disease,parkinson,15496,111,Cerebellum 10 L,0.5513237441114589,0.5921678073314348,0.5756752045778294,123,34,123
Parkinson disease,parkinson,15496,118,Vermis 8,,,,0,0,0
Parkinson disease,parkinson,15496,119,Vermis 9,,,,0,0,0
Parkinson disease,parkinson,15496,121,Thal AV L,,,,0,0,0
Parkinson disease,parkinson,15496,122,Thal AV R,,,,0,0,0
Parkinson disease,parkinson,15496,125,Thal VA L,0.5342852276337345,0.5636146226504316,0.545155757104576,123,34,123
Parkinson disease,parkinson,15496,127,Thal VL L,0.5221209303859062,0.5399768365721226,0.5377281779389435,123,34,123
Parkinson disease,parkinson,15496,128,Thal VL R,,,,0,0,0
Parkinson disease,parkinson,15496,129,Thal VPL L,0.5166869948568983,0.5277662042153525,0.5127909456620019,123,34,123
Parkinson disease,parkinson,15496,130,Thal VPL R,,,,0,0,0
Parkinson disease,parkinson,15496,131,Thal IL L,,,,0,0,0
Parkinson disease,parkinson,15496,135,Thal MDm L,,,,0,0,0
Parkinson disease,parkinson,15496,136,Thal MDm R,,,,0,0,0
Parkinson disease,parkinson,15496,137,Thal MDl L,0.4808450169119338,0.4912656305132663,0.4903263354360913,123,34,123
Parkinson disease,parkinson,15496,139,Thal LGN L,0.5455808611084385,0.5278791578880275,0.5474442410099193,123,34,123
Parkinson disease,parkinson,15496,140,Thal LGN R,,,,0,0,0
Parkinson disease,parkinson,15496,141,Thal MGN L,,,,0,0,0
Parkinson disease,parkinson,15496,143,Thal PuI L,,,,0,0,0
Parkinson disease,parkinson,15496,144,Thal PuI R,,,,0,0,0
Parkinson disease,parkinson,15496,145,Thal PuM L,,,,0,0,0
Parkinson disease,parkinson,15496,146,Thal PuM R,,,,0,0,0
Parkinson disease,parkinson,15496,147,Thal PuA L,,,,0,0,0
Parkinson disease,parkinson,15496,148,Thal PuA R,,,,0,0,0
Parkinson disease,parkinson,15496,153,ACC pre L,,,,0,0,0
Parkinson disease,parkinson,15496,154,ACC pre R,,,,0,0,0
Parkinson disease,parkinson,15496,155,ACC sup L,0.4959034738708974,0.5454650934875405,0.5089748322854637,123,34,123
Parkinson disease,parkinson,15496,156,ACC sup R,,,,0,0,0
Parkinson disease,parkinson,15496,157,N Acc L,0.5226978614649317,0.5334900548170579,0.5216560213330337,123,34,123
Parkinson disease,parkinson,15496,158,N Acc R,,,,0,0,0
Parkinson disease,parkinson,15496,161,SN pc L,0.5257267340656372,0.5406895031763282,0.5187028291885066,123,34,123
Parkinson disease,parkinson,15496,163,SN pr L,0.5747683758352121,0.5861264900787604,0.5641011151014805,123,34,123
Parkinson disease,parkinson,15496,164,SN pr R,,,,0,0,0
Parkinson disease,parkinson,15496,165,Red N L,,,,0,0,0
Parkinson disease,parkinson,15496,166,Red N R,,,,0,0,0
Parkinson disease,parkinson,15496,167,LC L,0.5381833910116501,0.5481358778810715,0.5435811023266814,123,34,123
Parkinson disease,parkinson,15496,168,LC R,,,,0,0,0
Parkinson disease,parkinson,15496,169,Raphe D,,,,0,0,0
Parkinson disease,parkinson,15496,170,Raphe M,,,,0,0,0
Parkinson disease,parkinson,15697,1,Precentral L,0.5078120093225292,0.5080142347507356,0.5136163456737421,123,34,123
Parkinson disease,parkinson,15697,2,Precentral R,,,,0,0,0
Parkinson disease,parkinson,15697,3,Frontal Sup 2 L,0.47366922178884335,0.4685564370384709,0.4773069966476362,123,34,123
Parkinson disease,parkinson,15697,4,Frontal Sup 2 R,,,,0,0,0
Parkinson disease,parkinson,15697,5,Frontal Mid 2 L,0.490115616087154,0.48685238381347196,0.49135490698394846,123,34,123
Parkinson disease,parkinson,15697,6,Frontal Mid 2 R,,,,0,0,0
Parkinson disease,parkinson,15697,7,Frontal Inf Oper L,0.4439711086419064,0.47815846078253527,0.460637823421132,123,34,123
Parkinson disease,parkinson,15697,8,Frontal Inf Oper R,,,,0,0,0
Parkinson disease,parkinson,15697,9,Frontal Inf Tri L,0.5428537681114829,0.5358399074098279,0.5499087295558927,123,34,123
Parkinson disease,parkinson,15697,10,Frontal Inf Tri R,,,,0,0,0
Parkinson disease,parkinson,15697,11,Frontal Inf Orb 2 L,0.5075029897816179,0.5039597729076245,0.5118379391977372,123,34,123
Parkinson disease,parkinson,15697,12,Frontal Inf Orb 2 R,,,,0,0,0
Parkinson disease,parkinson,15697,13,Rolandic Oper L,0.5271099251466428,0.5288394377651946,0.5327494249286437,123,34,123
Parkinson disease,parkinson,15697,14,Rolandic Oper R,,,,0,0,0
Parkinson disease,parkinson,15697,15,Supp Motor Area L,0.4616072833080525,0.4801744142721536,0.4804097602876822,123,34,123
Parkinson disease,parkinson,15697,16,Supp Motor Area R,,,,0,0,0
Parkinson disease,parkinson,15697,17,Olfactory L,,,,0,0,0
Parkinson disease,parkinson,15697,18,Olfactory R,,,,0,0,0
Parkinson disease,parkinson,15697,19,Frontal Sup Medial L,0.5194006251001239,0.5388798405353317,0.5242277798056705,123,34,123
Parkinson disease,parkinson,15697,20,Frontal Sup Medial R,,,,0,0,0
Parkinson disease,parkinson,15697,21,Frontal Med Orb L,0.38657892344983197,0.4205818534774322,0.40457889266214747,123,34,123
Parkinson disease,parkinson,15697,22,Frontal Med Orb R,,,,0,0,0
Parkinson disease,parkinson,15697,23,Rectus L,0.5278732098897809,0.5605290713050748,0.5445335648726664,123,34,123
Parkinson disease,parkinson,15697,24,Rectus R,,,,0,0,0
Parkinson disease,parkinson,15697,25,OFCmed L,0.4842191698232999,0.49465523155856356,0.48104933531164573,123,34,123
Parkinson disease,parkinson,15697,26,OFCmed R,,,,0,0,0
Parkinson disease,parkinson,15697,27,OFCant L,0.5428735475949703,0.5381497913551389,0.5338156155698818,123,34,123
Parkinson disease,parkinson,15697,28,OFCant R,,,,0,0,0
Parkinson disease,parkinson,15697,29,OFCpost L,0.4766876054899401,0.5203149539853669,0.49803451504476026,123,34,123
Parkinson disease,parkinson,15697,30,OFCpost R,,,,0,0,0
Parkinson disease,parkinson,15697,31,OFClat L,0.4351536634515712,0.44534533694734363,0.4468669006250081,123,34,123
Parkinson disease,parkinson,15697,32,OFClat R,,,,0,0,0
Parkinson disease,parkinson,15697,33,Insula L,0.5013352262787582,0.5130296698164714,0.510935555344074,123,34,123
Parkinson disease,parkinson,15697,34,Insula R,,,,0,0,0
Parkinson disease,parkinson,15697,37,Cingulate Mid L,0.5015870873977442,0.5054987674439667,0.5060135930874825,123,34,123
Parkinson disease,parkinson,15697,38,Cingulate Mid R,,,,0,0,0
Parkinson disease,parkinson,15697,39,Cingulate Post L,0.5404599666712093,0.605913992163864,0.5594562655340625,123,34,123
Parkinson disease,parkinson,15697,41,Hippocampus L,0.5146150867128891,0.5163077476199153,0.5223841182948822,123,34,123
Parkinson disease,parkinson,15697,42,Hippocampus R,,,,0,0,0
Parkinson disease,parkinson,15697,43,ParaHippocampal L,0.5269730491333414,0.5299831404983913,0.5245709922494682,123,34,123
Parkinson disease,parkinson,15697,44,ParaHippocampal R,,,,0,0,0
Parkinson disease,parkinson,15697,45,Amygdala L,0.5070613870536727,0.5097342470062028,0.5144845781728887,123,34,123
Parkinson disease,parkinson,15697,46,Amygdala R,,,,0,0,0
Parkinson disease,parkinson,15697,47,Calcarine L,0.5152195277689839,0.48484696535748517,0.4996194187335841,123,34,123
Parkinson disease,parkinson,15697,48,Calcarine R,,,,0,0,0
Parkinson disease,parkinson,15697,49,Cuneus L,0.5440839456295241,0.4953122962741464,0.5262950748716073,123,34,123
Parkinson disease,parkinson,15697,51,Lingual L,0.5416509087296064,0.512478971757418,0.5243987171472649,123,34,123
Parkinson disease,parkinson,15697,52,Lingual R,,,,0,0,0
Parkinson disease,parkinson,15697,53,Occipital Sup L,0.5006412610381359,0.4668471473156968,0.49736922656703153,123,34,123
Parkinson disease,parkinson,15697,55,Occipital Mid L,0.5486160017691462,0.5195702760474661,0.5370647791065225,123,34,123
Parkinson disease,parkinson,15697,56,Occipital Mid R,,,,0,0,0
Parkinson disease,parkinson,15697,57,Occipital Inf L,0.5296099231718348,0.49237555283376677,0.5027338490308458,123,34,123
Parkinson disease,parkinson,15697,58,Occipital Inf R,,,,0,0,0
Parkinson disease,parkinson,15697,59,Fusiform L,0.5212604197060666,0.5302481562678213,0.5195771248855896,123,34,123
Parkinson disease,parkinson,15697,60,Fusiform R,,,,0,0,0
Parkinson disease,parkinson,15697,61,Postcentral L,0.5144738598089078,0.49965875881680666,0.5091121335820772,123,34,123
Parkinson disease,parkinson,15697,62,Postcentral R,,,,0,0,0
Parkinson disease,parkinson,15697,63,Parietal Sup L,0.5047318407111159,0.48498002803616097,0.4987316912336338,123,34,123
Parkinson disease,parkinson,15697,64,Parietal Sup R,,,,0,0,0
Parkinson disease,parkinson,15697,65,Parietal Inf L,0.5127592198850893,0.5169589764987556,0.5127448968252594,123,34,123
Parkinson disease,parkinson,15697,66,Parietal Inf R,,,,0,0,0
Parkinson disease,parkinson,15697,67,SupraMarginal L,0.3902275916258565,0.43195694003477886,0.4082402924549303,123,34,123
Parkinson disease,parkinson,15697,68,SupraMarginal R,,,,0,0,0
Parkinson disease,parkinson,15697,69,Angular L,,,,0,0,0
Parkinson disease,parkinson,15697,70,Angular R,,,,0,0,0
Parkinson disease,parkinson,15697,71,Precuneus L,0.46272308734537587,0.4567714243484635,0.4656586304603881,123,34,123
Parkinson disease,parkinson,15697,72,Precuneus R,,,,0,0,0
Parkinson disease,parkinson,15697,73,Paracentral Lobule L,0.5170688035132947,0.5183175498702369,0.5190724838983157,123,34,123
Parkinson disease,parkinson,15697,74,Paracentral Lobule R,,,,0,0,0
Parkinson disease,parkinson,15697,75,Caudate L,0.4672144486190464,0.43079039536517233,0.44846157901652295,123,34,123
Parkinson disease,parkinson,15697,76,Caudate R,,,,0,0,0
Parkinson disease,parkinson,15697,77,Putamen L,0.48673060894018766,0.44542080283835406,0.45915116321507476,123,34,123
Parkinson disease,parkinson,15697,78,Putamen R,,,,0,0,0
Parkinson disease,parkinson,15697,79,Pallidum L,0.4953906923072729,0.5090304683917503,0.4954908349432418,123,34,123
Parkinson disease,parkinson,15697,80,Pallidum R,,,,0,0,0
Parkinson disease,parkinson,15697,83,Heschl L,0.5596069402208057,0.5735028016869614,0.5760313360445347,123,34,123
Parkinson disease,parkinson,15697,84,Heschl R,,,,0,0,0
Parkinson disease,parkinson,15697,85,Temporal Sup L,0.48024355333096586,0.4882690060654249,0.48948864651587964,123,34,123
Parkinson disease,parkinson,15697,86,Temporal Sup R,,,,0,0,0
Parkinson disease,parkinson,15697,87,Temporal Pole Sup L,0.5268188004589264,0.5308993136790096,0.526923903640293,123,34,123
Parkinson disease,parkinson,15697,88,Temporal Pole Sup R,,,,0,0,0
Parkinson disease,parkinson,15697,89,Temporal Mid L,0.4534504698395978,0.4543281035600071,0.4581074317434312,123,34,123
Parkinson disease,parkinson,15697,90,Temporal Mid R,,,,0,0,0
Parkinson disease,parkinson,15697,91,Temporal Pole Mid L,0.5422393871338425,0.5427416816005011,0.5428437006160197,123,34,123
Parkinson disease,parkinson,15697,93,Temporal Inf L,0.45988197966419964,0.468963235785367,0.4631241714332739,123,34,123
Parkinson disease,parkinson,15697,94,Temporal Inf R,,,,0,0,0
Parkinson disease,parkinson,15697,95,Cerebellum Crus1 L,0.4822622828360373,0.46189021992174595,0.479404990745119,123,34,123
Parkinson disease,parkinson,15697,96,Cerebellum Crus1 R,,,,0,0,0
Parkinson disease,parkinson,15697,97,Cerebellum Crus2 L,0.4726817798839211,0.4388237739219537,0.4542124637358016,123,34,123
Parkinson disease,parkinson,15697,98,Cerebellum Crus2 R,,,,0,0,0
Parkinson disease,parkinson,15697,101,Cerebellum 4 5 L,0.5248482536657355,0.5094007787919329,0.5120509212145905,123,34,123
Parkinson disease,parkinson,15697,102,Cerebellum 4 5 R,,,,0,0,0
Parkinson disease,parkinson,15697,103,Cerebellum 6 L,0.5114312537562221,0.5051546096858996,0.5047137942554397,123,34,123
Parkinson disease,parkinson,15697,104,Cerebellum 6 R,,,,0,0,0
Parkinson disease,parkinson,15697,105,Cerebellum 7b L,0.43997362364944614,0.4123956395249269,0.43605553151274146,123,34,123
Parkinson disease,parkinson,15697,106,Cerebellum 7b R,,,,0,0,0
Parkinson disease,parkinson,15697,107,Cerebellum 8 L,0.49208631559746124,0.4945914405279712,0.4957141447177579,123,34,123
Parkinson disease,parkinson,15697,108,Cerebellum 8 R,,,,0,0,0
Parkinson disease,parkinson,15697,109,Cerebellum 9 L,,,,0,0,0
Parkinson disease,parkinson,15697,110,Cerebellum 9 R,,,,0,0,0
Parkinson disease,parkinson,15697,111,Cerebellum 10 L,,,,0,0,0
Parkinson disease,parkinson,15697,118,Vermis 8,0.5677120169814462,0.6219331202690173,0.6121655554616287,123,34,123
Parkinson disease,parkinson,15697,119,Vermis 9,0.4916343533018202,0.5644959524896213,0.5289791744557422,123,34,123
Parkinson disease,parkinson,15697,121,Thal AV L,0.5314062502639726,0.5394081166633329,0.5439427901793011,123,34,123
Parkinson disease,parkinson,15697,122,Thal AV R,,,,0,0,0
Parkinson disease,parkinson,15697,125,Thal VA L,0.535904097340725,0.571477195794981,0.5508197923546364,123,34,123
Parkinson disease,parkinson,15697,127,Thal VL L,0.4964012066097623,0.5194186515560064,0.5113658501089198,123,34,123
Parkinson disease,parkinson,15697,128,Thal VL R,,,,0,0,0
Parkinson disease,parkinson,15697,129,Thal VPL L,0.5463274613719293,0.5690328921728366,0.5512457523800003,123,34,123
Parkinson disease,parkinson,15697,130,Thal VPL R,,,,0,0,0
Parkinson disease,parkinson,15697,131,Thal IL L,0.5545310338606241,0.5120254796953885,0.5459227496760626,123,34,123
Parkinson disease,parkinson,15697,135,Thal MDm L,,,,0,0,0
Parkinson disease,parkinson,15697,136,Thal MDm R,,,,0,0,0
Parkinson disease,parkinson,15697,137,Thal MDl L,0.485286224630288,0.5106593259699869,0.4962770466626863,123,34,123
Parkinson disease,parkinson,15697,139,Thal LGN L,,,,0,0,0
Parkinson disease,parkinson,15697,140,Thal LGN R,,,,0,0,0
Parkinson disease,parkinson,15697,141,Thal MGN L,0.5727898970148809,0.5933295100818944,0.5705940974584859,123,34,123
Parkinson disease,parkinson,15697,143,Thal PuI L,0.5497182804316599,0.5555594923887608,0.5574598060386923,123,34,123
Parkinson disease,parkinson,15697,144,Thal PuI R,,,,0,0,0
Parkinson disease,parkinson,15697,145,Thal PuM L,0.534965000063767,0.5666837943056293,0.5484581772138895,123,34,123
Parkinson disease,parkinson,15697,146,Thal PuM R,,,,0,0,0
Parkinson disease,parkinson,15697,147,Thal PuA L,,,,0,0,0
Parkinson disease,parkinson,15697,148,Thal PuA R,,,,0,0,0
Parkinson disease,parkinson,15697,153,ACC pre L,0.44791934284868695,0.48681430964019134,0.461303218948124,123,34,123
Parkinson disease,parkinson,15697,154,ACC pre R,,,,0,0,0
Parkinson disease,parkinson,15697,155,ACC sup L,0.46671825735765016,0.5159124293548708,0.47400548868985604,123,34,123
Parkinson disease,parkinson,15697,156,ACC sup R,,,,0,0,0
Parkinson disease,parkinson,15697,157,N Acc L,0.49808732825437063,0.48946722626218353,0.4889900402011366,123,34,123
Parkinson disease,parkinson,15697,158,N Acc R,,,,0,0,0
Parkinson disease,parkinson,15697,161,SN pc L,,,,0,0,0
Parkinson disease,parkinson,15697,163,SN pr L,0.501834559775444,0.5281095944180558,0.5013027049768816,123,34,123
Parkinson disease,parkinson,15697,164,SN pr R,,,,0,0,0
Parkinson disease,parkinson,15697,165,Red N L,0.5356117670133967,0.5717411576888065,0.5445658398492503,123,34,123
Parkinson disease,parkinson,15697,166,Red N R,,,,0,0,0
Parkinson disease,parkinson,15697,167,LC L,,,,0,0,0
Parkinson disease,parkinson,15697,168,LC R,,,,0,0,0
Parkinson disease,parkinson,15697,169,Raphe D,,,,0,0,0
Parkinson disease,parkinson,15697,170,Raphe M,,,,0,0,0
Parkinson disease,parkinson,9861,1,Precentral L,0.5022058344783696,0.48001964275595504,0.4984092293421318,123,34,123
Parkinson disease,parkinson,9861,2,Precentral R,0.49731794738791024,0.4772907899890601,0.4953810175388498,123,34,123
Parkinson disease,parkinson,9861,3,Frontal Sup 2 L,0.48673521859615154,0.4912314450548315,0.4890683639527881,123,34,123
Parkinson disease,parkinson,9861,4,Frontal Sup 2 R,0.5006571364997418,0.5109891782282516,0.504480395575578,123,34,123
Parkinson disease,parkinson,9861,5,Frontal Mid 2 L,0.5066596055558515,0.4966697153009188,0.5083288573677756,123,34,123
Parkinson disease,parkinson,9861,6,Frontal Mid 2 R,0.4812959568721236,0.48904140705411525,0.48403422315261146,123,34,123
Parkinson disease,parkinson,9861,7,Frontal Inf Oper L,0.5109704205893463,0.5347871699677295,0.5195366130602489,123,34,123
Parkinson disease,parkinson,9861,8,Frontal Inf Oper R,0.4970690578374085,0.5023790890579446,0.5061778480995685,123,34,123
Parkinson disease,parkinson,9861,9,Frontal Inf Tri L,0.5091325137812616,0.5238114982070956,0.5222628655288003,123,34,123
Parkinson disease,parkinson,9861,10,Frontal Inf Tri R,0.4899758137070035,0.5099412220428033,0.49295002146000416,123,34,123
Parkinson disease,parkinson,9861,11,Frontal Inf Orb 2 L,0.5153088349935421,0.5293290065198,0.5271375462836905,123,34,123
Parkinson disease,parkinson,9861,12,Frontal Inf Orb 2 R,0.5086133787811342,0.5145679301733955,0.5187161045604242,123,34,123
Parkinson disease,parkinson,9861,13,Rolandic Oper L,0.5080547966691471,0.469297487214694,0.4992533677580335,123,34,123
Parkinson disease,parkinson,9861,14,Rolandic Oper R,0.5223128554554388,0.5153508357680024,0.5242544178419947,123,34,123
Parkinson disease,parkinson,9861,15,Supp Motor Area L,0.5145873993710655,0.5121065693679253,0.5196332550013752,123,34,123
Parkinson disease,parkinson,9861,16,Supp Motor Area R,0.5020222646088659,0.4903531977508089,0.49678919711430874,123,34,123
Parkinson disease,parkinson,9861,17,Olfactory L,0.44712224400284256,0.4971331637587761,0.46297591836623664,123,34,123
Parkinson disease,parkinson,9861,18,Olfactory R,0.44878233417044533,0.4630991567847397,0.4310941671993496,123,34,123
Parkinson disease,parkinson,9861,19,Frontal Sup Medial L,0.5242567072758346,0.535209480094368,0.5337995145012999,123,34,123
Parkinson disease,parkinson,9861,20,Frontal Sup Medial R,0.5052206622950766,0.5101737219633914,0.5053304103863487,123,34,123
Parkinson disease,parkinson,9861,21,Frontal Med Orb L,0.5239136304469545,0.5637286493635019,0.5402983937290353,123,34,123
Parkinson disease,parkinson,9861,22,Frontal Med Orb R,0.539727214724976,0.5015555720806544,0.5310098478151288,123,34,123
Parkinson disease,parkinson,9861,23,Rectus L,0.5174117858370835,0.5351896309009144,0.5163513751183207,123,34,123
Parkinson disease,parkinson,9861,24,Rectus R,0.5260839490103666,0.5490896634136603,0.5308691980828493,123,34,123
Parkinson disease,parkinson,9861,25,OFCmed L,0.5009476714648389,0.5125810616984237,0.5146421012375859,123,34,123
Parkinson disease,parkinson,9861,26,OFCmed R,0.5076744956028936,0.5151261486332459,0.5091687130272577,123,34,123
Parkinson disease,parkinson,9861,27,OFCant L,0.5399871064430634,0.5603211185385263,0.538569565127741,123,34,123
Parkinson disease,parkinson,9861,28,OFCant R,0.5311749968619944,0.555049280238937,0.5354263073380253,123,34,123
Parkinson disease,parkinson,9861,29,OFCpost L,0.5049251346335561,0.49551343426218525,0.5069418226483176,123,34,123
Parkinson disease,parkinson,9861,30,OFCpost R,0.5100725277310699,0.5278277909333015,0.5223679354867019,123,34,123
Parkinson disease,parkinson,9861,31,OFClat L,,,,0,0,0
Parkinson disease,parkinson,9861,32,OFClat R,0.5067246330285995,0.5034908009573701,0.512929052615024,123,34,123
Parkinson disease,parkinson,9861,33,Insula L,0.500440373259684,0.5079963286359563,0.5027815912981586,123,34,123
Parkinson disease,parkinson,9861,34,Insula R,0.48873396985114276,0.5132325633613299,0.4950854605279992,123,34,123
Parkinson disease,parkinson,9861,37,Cingulate Mid L,0.511034393265706,0.5116160393374409,0.5165354506659574,123,34,123
Parkinson disease,parkinson,9861,38,Cingulate Mid R,0.5062832612668077,0.5058988109740609,0.5110030249804094,123,34,123
Parkinson disease,parkinson,9861,39,Cingulate Post L,0.5180446461033764,0.4993910972590902,0.5126484430780874,123,34,123
Parkinson disease,parkinson,9861,41,Hippocampus L,0.5093530609210802,0.495758203261095,0.5084874850660188,123,34,123
Parkinson disease,parkinson,9861,42,Hippocampus R,0.48899335254909326,0.4785012073805773,0.4880118794989554,123,34,123
Parkinson disease,parkinson,9861,43,ParaHippocampal L,0.4935538108069248,0.5042950465552187,0.4963191540970187,123,34,123
Parkinson disease,parkinson,9861,44,ParaHippocampal R,0.5137682439691804,0.5150252694680265,0.5162515656073808,123,34,123
Parkinson disease,parkinson,9861,45,Amygdala L,0.5316142656234839,0.5294135069189674,0.5425915320580514,123,34,123
Parkinson disease,parkinson,9861,46,Amygdala R,0.4245991574822259,0.41463663363966896,0.4324652694992951,123,34,123
Parkinson disease,parkinson,9861,47,Calcarine L,0.5274380011225056,0.484851638295574,0.5071885658690143,123,34,123
Parkinson disease,parkinson,9861,48,Calcarine R,0.5167456636604806,0.48169631131334767,0.49402342840476776,123,34,123
Parkinson disease,parkinson,9861,49,Cuneus L,,,,0,0,0
Parkinson disease,parkinson,9861,51,Lingual L,0.5007939371469057,0.45083979246034966,0.46936167317355254,123,34,123
Parkinson disease,parkinson,9861,52,Lingual R,0.5035707435357494,0.4535693719035852,0.4754111333197362,123,34,123
Parkinson disease,parkinson,9861,53,Occipital Sup L,,,,0,0,0
Parkinson disease,parkinson,9861,55,Occipital Mid L,0.5319396185925346,0.5034995232535742,0.51629607883539,123,34,123
Parkinson disease,parkinson,9861,56,Occipital Mid R,0.5457564846287928,0.5240364862439926,0.5378213378835377,123,34,123
Parkinson disease,parkinson,9861,57,Occipital Inf L,0.5320433402093317,0.5074052218788151,0.5143702957985565,123,34,123
Parkinson disease,parkinson,9861,58,Occipital Inf R,0.5325576613839654,0.5109664983937067,0.5287444268599645,123,34,123
Parkinson disease,parkinson,9861,59,Fusiform L,0.48694340342532544,0.48973736027117254,0.4886286192856596,123,34,123
Parkinson disease,parkinson,9861,60,Fusiform R,0.5062814338982402,0.5001674142792154,0.5032403486259116,123,34,123
Parkinson disease,parkinson,9861,61,Postcentral L,0.5023913541846661,0.4864876824199501,0.49549452231145386,123,34,123
Parkinson disease,parkinson,9861,62,Postcentral R,0.50632592464515,0.49235839805201626,0.5033905115855407,123,34,123
Parkinson disease,parkinson,9861,63,Parietal Sup L,0.5278537388003354,0.49074686690962976,0.5070034988174826,123,34,123
Parkinson disease,parkinson,9861,64,Parietal Sup R,0.4790480574408486,0.42427613154557736,0.45850776094712303,123,34,123
Parkinson disease,parkinson,9861,65,Parietal Inf L,0.4983791781795716,0.4933652265152628,0.49332732754050873,123,34,123
Parkinson disease,parkinson,9861,66,Parietal Inf R,0.5280032890656052,0.5067912224164322,0.5126536981658157,123,34,123
Parkinson disease,parkinson,9861,67,SupraMarginal L,0.4851192785276383,0.4941058895543307,0.4755730560910191,123,34,123
Parkinson disease,parkinson,9861,68,SupraMarginal R,0.49100738712061875,0.5034725843534834,0.4948320081569802,123,34,123
Parkinson disease,parkinson,9861,69,Angular L,0.5038244504057932,0.5177220217488259,0.5007135281621435,123,34,123
Parkinson disease,parkinson,9861,70,Angular R,0.49402289645701547,0.4821510332160615,0.49283090778558586,123,34,123
Parkinson disease,parkinson,9861,71,Precuneus L,0.511667415946636,0.5004266990260898,0.5146956484960761,123,34,123
Parkinson disease,parkinson,9861,72,Precuneus R,0.5057767160665927,0.48141620998956147,0.49357115592803896,123,34,123
Parkinson disease,parkinson,9861,73,Paracentral Lobule L,0.5239118628685514,0.46304153409824417,0.5072830977812404,123,34,123
Parkinson disease,parkinson,9861,74,Paracentral Lobule R,0.49366868631668503,0.44892134527796906,0.4791616606905622,123,34,123
Parkinson disease,parkinson,9861,75,Caudate L,0.4914017357601436,0.4456420829779096,0.47002238993466827,123,34,123
Parkinson disease,parkinson,9861,76,Caudate R,0.4944974311250378,0.4453360661201286,0.46927230353467303,123,34,123
Parkinson disease,parkinson,9861,77,Putamen L,0.4979050964747502,0.4632533089867964,0.4844201919203929,123,34,123
Parkinson disease,parkinson,9861,78,Putamen R,0.49430233893786385,0.47047293331238854,0.4881156066587081,123,34,123
Parkinson disease,parkinson,9861,79,Pallidum L,0.5120562411144255,0.5100268918567045,0.5013072119233033,123,34,123
Parkinson disease,parkinson,9861,80,Pallidum R,0.5159609240579743,0.5480825083847357,0.5154461941937079,123,34,123
Parkinson disease,parkinson,9861,83,Heschl L,0.515542606697082,0.5097622339590604,0.5059638277768606,123,34,123
Parkinson disease,parkinson,9861,84,Heschl R,0.5121908120311972,0.4944531283052934,0.5020108131746417,123,34,123
Parkinson disease,parkinson,9861,85,Temporal Sup L,0.5307864707395109,0.5328937839117643,0.526959096954144,123,34,123
Parkinson disease,parkinson,9861,86,Temporal Sup R,0.49021138114325985,0.481086885602226,0.4864819472744877,123,34,123
Parkinson disease,parkinson,9861,87,Temporal Pole Sup L,0.49888766127650463,0.5145000840644522,0.5029442377369167,123,34,123
Parkinson disease,parkinson,9861,88,Temporal Pole Sup R,0.500871576384365,0.5060935343842446,0.5070425299156688,123,34,123
Parkinson disease,parkinson,9861,89,Temporal Mid L,0.518463417753054,0.5251451287344081,0.5220585911760086,123,34,123
Parkinson disease,parkinson,9861,90,Temporal Mid R,0.5021164582004061,0.5173164145729927,0.5083896421023022,123,34,123
Parkinson disease,parkinson,9861,91,Temporal Pole Mid L,,,,0,0,0
Parkinson disease,parkinson,9861,93,Temporal Inf L,0.5089771499283651,0.5085519283808229,0.5115968058813264,123,34,123
Parkinson disease,parkinson,9861,94,Temporal Inf R,0.508832693015813,0.5333727696065871,0.5184913015203417,123,34,123
Parkinson disease,parkinson,9861,95,Cerebellum Crus1 L,0.46903786496511246,0.4390954447119902,0.4446378328091682,123,34,123
Parkinson disease,parkinson,9861,96,Cerebellum Crus1 R,0.555785043670277,0.5223232676475288,0.5389068265561392,123,34,123
Parkinson disease,parkinson,9861,97,Cerebellum Crus2 L,0.5503775825295351,0.49325933216378237,0.5121282626960271,123,34,123
Parkinson disease,parkinson,9861,98,Cerebellum Crus2 R,0.5456214262673693,0.5138099160934285,0.5219020603015465,123,34,123
Parkinson disease,parkinson,9861,101,Cerebellum 4 5 L,0.5677751175908932,0.5636492339791241,0.557072009140178,123,34,123
Parkinson disease,parkinson,9861,102,Cerebellum 4 5 R,0.5680242665812201,0.5715737630146225,0.5666299068423081,123,34,123
Parkinson disease,parkinson,9861,103,Cerebellum 6 L,0.5338510256422255,0.503894113128412,0.5118942809914606,123,34,123
Parkinson disease,parkinson,9861,104,Cerebellum 6 R,0.4751837842928644,0.46009958638805437,0.46072390014198616,123,34,123
Parkinson disease,parkinson,9861,105,Cerebellum 7b L,0.522990307637392,0.44790393932315076,0.4824032760516278,123,34,123
Parkinson disease,parkinson,9861,106,Cerebellum 7b R,0.545366848263738,0.4921301464334531,0.5153869286326469,123,34,123
Parkinson disease,parkinson,9861,107,Cerebellum 8 L,0.5349404104674641,0.4809884403263525,0.5041167538674428,123,34,123
Parkinson disease,parkinson,9861,108,Cerebellum 8 R,0.5092601701978905,0.4867364184689122,0.5002319835702862,123,34,123
Parkinson disease,parkinson,9861,109,Cerebellum 9 L,0.4778057462616169,0.4494877742537656,0.44427167987645416,123,34,123
Parkinson disease,parkinson,9861,110,Cerebellum 9 R,0.5241065355860006,0.4650427161871553,0.4947573207904656,123,34,123
Parkinson disease,parkinson,9861,111,Cerebellum 10 L,,,,0,0,0
Parkinson disease,parkinson,9861,118,Vermis 8,0.4696520135729214,0.5282558700746894,0.502887733142878,123,34,123
Parkinson disease,parkinson,9861,119,Vermis 9,0.4729792733776347,0.5369809603032486,0.5124871349947435,123,34,123
Parkinson disease,parkinson,9861,121,Thal AV L,0.5164969143561968,0.4488409114539397,0.48376983772044285,123,34,123
Parkinson disease,parkinson,9861,122,Thal AV R,0.46258185254680306,0.47123438054010347,0.4620807664261341,123,34,123
Parkinson disease,parkinson,9861,125,Thal VA L,0.46294847259646643,0.49119952289655955,0.46057112458594074,123,34,123
Parkinson disease,parkinson,9861,127,Thal VL L,0.4838149774323358,0.4924098484555942,0.48419391566468406,123,34,123
Parkinson disease,parkinson,9861,128,Thal VL R,0.5291152120482081,0.5478382552648927,0.5316035211572075,123,34,123
Parkinson disease,parkinson,9861,129,Thal VPL L,0.5051222480626979,0.5066915317563755,0.5084503123964036,123,34,123
Parkinson disease,parkinson,9861,130,Thal VPL R,0.5497415500901859,0.5599134243979254,0.5545271186366338,123,34,123
Parkinson disease,parkinson,9861,131,Thal IL L,0.5425531304701682,0.5299089653169552,0.5315923930749096,123,34,123
Parkinson disease,parkinson,9861,135,Thal MDm L,0.3733578032196456,0.3953848262135821,0.3897054918371267,123,34,123
Parkinson disease,parkinson,9861,136,Thal MDm R,0.4971455735823729,0.5341686101216336,0.5080777379829564,123,34,123
Parkinson disease,parkinson,9861,137,Thal MDl L,0.5222492264009997,0.5555460327610535,0.5274092031278229,123,34,123
Parkinson disease,parkinson,9861,139,Thal LGN L,0.5023502277288054,0.5075767711337424,0.5113402448905331,123,34,123
Parkinson disease,parkinson,9861,140,Thal LGN R,0.5535391661365686,0.5750946570560385,0.5682983356349968,123,34,123
Parkinson disease,parkinson,9861,141,Thal MGN L,0.5573468261984099,0.5594752233583052,0.5608685848411931,123,34,123
Parkinson disease,parkinson,9861,143,Thal PuI L,0.5745385667011675,0.5756565252641782,0.5752508904713652,123,34,123
Parkinson disease,parkinson,9861,144,Thal PuI R,0.5783725652153693,0.580148765180786,0.5794236395201832,123,34,123
Parkinson disease,parkinson,9861,145,Thal PuM L,0.583031400854411,0.5974120731544244,0.5880078606052174,123,34,123
Parkinson disease,parkinson,9861,146,Thal PuM R,0.525045577453608,0.5443861363949902,0.5333276656279244,123,34,123
Parkinson disease,parkinson,9861,147,Thal PuA L,0.5664252211606665,0.6110101630454741,0.5814093891022375,123,34,123
Parkinson disease,parkinson,9861,148,Thal PuA R,0.46521947680041387,0.49686045543003265,0.4756086052130461,123,34,123
Parkinson disease,parkinson,9861,153,ACC pre L,,,,0,0,0
Parkinson disease,parkinson,9861,154,ACC pre R,0.5149980425985576,0.5112846839217022,0.5174379912891129,123,34,123
Parkinson disease,parkinson,9861,155,ACC sup L,0.5244550266091572,0.5462994932549863,0.52939173427024,123,34,123
Parkinson disease,parkinson,9861,156,ACC sup R,0.5105919342509556,0.5248280614031039,0.5156580522215846,123,34,123
Parkinson disease,parkinson,9861,157,N Acc L,0.513306971232477,0.4546860687890596,0.479146084070099,123,34,123
Parkinson disease,parkinson,9861,158,N Acc R,0.5447058641777146,0.5000290752230981,0.5153525937873525,123,34,123
Parkinson disease,parkinson,9861,161,SN pc L,,,,0,0,0
Parkinson disease,parkinson,9861,163,SN pr L,,,,0,0,0
Parkinson disease,parkinson,9861,164,SN pr R,0.47145806670449186,0.5174335107529381,0.4793924127338521,123,34,123
Parkinson disease,parkinson,9861,165,Red N L,0.4869887016838454,0.5148629996090981,0.4990856811160093,123,34,123
Parkinson disease,parkinson,9861,166,Red N R,0.5199742485522303,0.5424633996405054,0.5304341994054709,123,34,123
Parkinson disease,parkinson,9861,167,LC L,0.5011711457871748,0.5243606222011326,0.5146472815559788,123,34,123
Parkinson disease,parkinson,9861,168,LC R,0.4874780259466371,0.4933459341719785,0.4909962747486382,123,34,123
Parkinson disease,parkinson,9861,169,Raphe D,0.4664969349703465,0.48915314867166704,0.47516079779098,123,34,123
Parkinson disease,parkinson,9861,170,Raphe M,0.4585592857803789,0.44309546154321555,0.4535771327609285,123,34,123
Alzheimer disease,alzheimer,10021,1,Precentral L,0.508863691134486,0.5101051624097546,0.5133638309637492,93,25,93
Alzheimer disease,alzheimer,10021,2,Precentral R,0.4688491062486232,0.4644290179855147,0.4629463847315326,93,25,93
Alzheimer disease,alzheimer,10021,3,Frontal Sup 2 L,0.5036190057898444,0.5043487265744304,0.5123100089352557,93,25,93
Alzheimer disease,alzheimer,10021,4,Frontal Sup 2 R,0.5223268852461647,0.5432185978046866,0.5313543270445942,93,25,93
Alzheimer disease,alzheimer,10021,5,Frontal Mid 2 L,0.533844232825163,0.5768799067550312,0.5563206462999375,93,25,93
Alzheimer disease,alzheimer,10021,6,Frontal Mid 2 R,0.5031882893817937,0.5067964913812643,0.5087425998373247,93,25,93
Alzheimer disease,alzheimer,10021,7,Frontal Inf Oper L,,,,0,0,0
Alzheimer disease,alzheimer,10021,8,Frontal Inf Oper R,0.45720474812550127,0.44669356260631743,0.4550765809330825,93,25,93
Alzheimer disease,alzheimer,10021,9,Frontal Inf Tri L,0.4951969917729331,0.504614731251685,0.5029219380102162,93,25,93
Alzheimer disease,alzheimer,10021,10,Frontal Inf Tri R,0.5384681809150625,0.5474932625187752,0.5437390786111168,93,25,93
Alzheimer disease,alzheimer,10021,11,Frontal Inf Orb 2 L,0.5326934222705797,0.5686759417034842,0.5487063340081706,93,25,93
Alzheimer disease,alzheimer,10021,12,Frontal Inf Orb 2 R,0.5190530363035901,0.5556756754125898,0.5355119780928487,93,25,93
Alzheimer disease,alzheimer,10021,13,Rolandic Oper L,0.5218333178105106,0.5159529199270101,0.521996069694814,93,25,93
Alzheimer disease,alzheimer,10021,14,Rolandic Oper R,0.5401154235607623,0.525369262861682,0.5369899209054213,93,25,93
Alzheimer disease,alzheimer,10021,15,Supp Motor Area L,0.4351403709410718,0.37503701558687474,0.41514850694490724,93,25,93
Alzheimer disease,alzheimer,10021,16,Supp Motor Area R,0.4810284178634304,0.46151865092061944,0.47551160784673413,93,25,93
Alzheimer disease,alzheimer,10021,17,Olfactory L,0.5577769998670723,0.5594467732608858,0.5564996204017615,93,25,93
Alzheimer disease,alzheimer,10021,18,Olfactory R,0.5000313880471774,0.5238577352780697,0.511612319834678,93,25,93
Alzheimer disease,alzheimer,10021,19,Frontal Sup Medial L,0.5325129015597333,0.5731504831578956,0.55358927017192,93,25,93
Alzheimer disease,alzheimer,10021,20,Frontal Sup Medial R,0.5374512546514324,0.5751703174404902,0.5537420897573729,93,25,93
Alzheimer disease,alzheimer,10021,21,Frontal Med Orb L,0.5291837821313847,0.548076960120537,0.5491846413317203,93,25,93
Alzheimer disease,alzheimer,10021,22,Frontal Med Orb R,0.5304061267760318,0.5406764028220995,0.5394473550452171,93,25,93
Alzheimer disease,alzheimer,10021,23,Rectus L,0.5207748322603342,0.5482015855227084,0.5326331240182764,93,25,93
Alzheimer disease,alzheimer,10021,24,Rectus R,0.5444240347352344,0.5603895383584772,0.5527120923380119,93,25,93
Alzheimer disease,alzheimer,10021,25,OFCmed L,0.5221246430566272,0.5658985752057717,0.5469892089334067,93,25,93
Alzheimer disease,alzheimer,10021,26,OFCmed R,0.5341977163569753,0.5401642668347723,0.534419499029513,93,25,93
Alzheimer disease,alzheimer,10021,27,OFCant L,0.47537221008252944,0.5194955853766928,0.5017361669017845,93,25,93
Alzheimer disease,alzheimer,10021,28,OFCant R,0.5176977858795859,0.5513638135819403,0.5380333744788356,93,25,93
Alzheimer disease,alzheimer,10021,29,OFCpost L,0.45107385672130695,0.5039101886951098,0.48462509702601086,93,25,93
Alzheimer disease,alzheimer,10021,30,OFCpost R,0.5050035392077238,0.5079084684731326,0.5188898689981462,93,25,93
Alzheimer disease,alzheimer,10021,31,OFClat L,,,,0,0,0
Alzheimer disease,alzheimer,10021,32,OFClat R,0.5456215505745818,0.5790018228508268,0.5637827233139645,93,25,93
Alzheimer disease,alzheimer,10021,33,Insula L,0.5647618657472004,0.585580181489633,0.5720782444127667,93,25,93
Alzheimer disease,alzheimer,10021,34,Insula R,0.5270575434626369,0.5400574585580387,0.5363107658634172,93,25,93
Alzheimer disease,alzheimer,10021,37,Cingulate Mid L,0.5044824912553769,0.5048921897253122,0.5021309044862672,93,25,93
Alzheimer disease,alzheimer,10021,38,Cingulate Mid R,0.4891694089974413,0.4821887296055508,0.4895324157708764,93,25,93
Alzheimer disease,alzheimer,10021,39,Cingulate Post L,0.4774793660053934,0.43803281558525753,0.457778811019899,93,25,93
Alzheimer disease,alzheimer,10021,41,Hippocampus L,0.5188333991996951,0.4929799753290522,0.5116633131139182,93,25,93
Alzheimer disease,alzheimer,10021,42,Hippocampus R,0.5150879026894426,0.49352509088298463,0.5096503277709754,93,25,93
Alzheimer disease,alzheimer,10021,43,ParaHippocampal L,0.5651086544512391,0.6054235506733163,0.5893221398543887,93,25,93
Alzheimer disease,alzheimer,10021,44,ParaHippocampal R,0.5258324064085573,0.5113004128359766,0.5269780290186259,93,25,93
Alzheimer disease,alzheimer,10021,45,Amygdala L,0.5210657735473812,0.5320556390942515,0.5293771026133162,93,25,93
Alzheimer disease,alzheimer,10021,46,Amygdala R,0.45826668932570996,0.4173752249200469,0.4522986549059237,93,25,93
Alzheimer disease,alzheimer,10021,47,Calcarine L,0.4648660518457406,0.40532955169246226,0.4343233308366379,93,25,93
Alzheimer disease,alzheimer,10021,48,Calcarine R,0.48746689108037466,0.4520676950031556,0.46705230053356056,93,25,93
Alzheimer disease,alzheimer,10021,49,Cuneus L,0.4941672434783874,0.4602009317057615,0.47063626963910354,93,25,93
Alzheimer disease,alzheimer,10021,51,Lingual L,0.5165394385398123,0.5081720313863993,0.5025590539745456,93,25,93
Alzheimer disease,alzheimer,10021,52,Lingual R,0.4997978358610467,0.4865159143590985,0.48708643345983815,93,25,93
Alzheimer disease,alzheimer,10021,53,Occipital Sup L,0.4987032607854957,0.43577620812080153,0.46976547628709897,93,25,93
Alzheimer disease,alzheimer,10021,55,Occipital Mid L,0.4750461941381577,0.4466336593867294,0.4584030898405834,93,25,93
Alzheimer disease,alzheimer,10021,56,Occipital Mid R,0.4730417482997513,0.44918740687524417,0.4578963477637961,93,25,93
Alzheimer disease,alzheimer,10021,57,Occipital Inf L,0.5302209382975616,0.5242463453547894,0.5195662980635355,93,25,93
Alzheimer disease,alzheimer,10021,58,Occipital Inf R,0.4964020469888775,0.507561312716564,0.49720302762217317,93,25,93
Alzheimer disease,alzheimer,10021,59,Fusiform L,0.5229897393963661,0.5270597649062266,0.530805866999773,93,25,93
Alzheimer disease,alzheimer,10021,60,Fusiform R,0.5230303514497884,0.5143206127915437,0.5232078117813693,93,25,93
Alzheimer disease,alzheimer,10021,61,Postcentral L,0.48307871874483527,0.49597431460788705,0.4851481577494376,93,25,93
Alzheimer disease,alzheimer,10021,62,Postcentral R,0.501020247744009,0.50508120315087,0.49511147094465463,93,25,93
Alzheimer disease,alzheimer,10021,63,Parietal Sup L,0.49930480855789794,0.4709035122200324,0.4896851848914761,93,25,93
Alzheimer disease,alzheimer,10021,64,Parietal Sup R,0.42253304306169004,0.4002447256570548,0.41424301845088357,93,25,93
Alzheimer disease,alzheimer,10021,65,Parietal Inf L,0.4996814100059974,0.4735771707214631,0.48485380445380016,93,25,93
Alzheimer disease,alzheimer,10021,66,Parietal Inf R,0.48597673987216194,0.45303307442591895,0.46805301966286766,93,25,93
Alzheimer disease,alzheimer,10021,67,SupraMarginal L,0.47975378091868,0.4615753309705664,0.4656261080523601,93,25,93
Alzheimer disease,alzheimer,10021,68,SupraMarginal R,0.46633998452091513,0.44065264302128165,0.4511532128614427,93,25,93
Alzheimer disease,alzheimer,10021,69,Angular L,0.515786898123874,0.49519199853930457,0.5039023640661676,93,25,93
Alzheimer disease,alzheimer,10021,70,Angular R,0.49449811608911726,0.46889439151277545,0.48016636846662086,93,25,93
Alzheimer disease,alzheimer,10021,71,Precuneus L,0.4625050634064682,0.4286627633356913,0.44302770014927817,93,25,93
Alzheimer disease,alzheimer,10021,72,Precuneus R,0.4737798693529258,0.4504458876566993,0.46177339125679745,93,25,93
Alzheimer disease,alzheimer,10021,73,Paracentral Lobule L,0.4973332534015522,0.47205227547422646,0.484810167875339,93,25,93
Alzheimer disease,alzheimer,10021,74,Paracentral Lobule R,0.5018880992733972,0.5056172971049461,0.4956225129389474,93,25,93
Alzheimer disease,alzheimer,10021,75,Caudate L,0.5169992177550105,0.546120889978931,0.5186684233662325,93,25,93
Alzheimer disease,alzheimer,10021,76,Caudate R,0.5008660514962106,0.5082809508591729,0.49491356474651405,93,25,93
Alzheimer disease,alzheimer,10021,77,Putamen L,0.4807151592227295,0.4874092421166779,0.47439459566490916,93,25,93
Alzheimer disease,alzheimer,10021,78,Putamen R,0.4854830585983619,0.49181399767007383,0.48048268434676333,93,25,93
Alzheimer disease,alzheimer,10021,79,Pallidum L,0.5279472761619142,0.5462186410216497,0.5257118707196919,93,25,93
Alzheimer disease,alzheimer,10021,80,Pallidum R,0.5101967220825065,0.5270850000375171,0.5157965128514099,93,25,93
Alzheimer disease,alzheimer,10021,83,Heschl L,0.5125821668715954,0.5004189038182012,0.5068604697312992,93,25,93
Alzheimer disease,alzheimer,10021,84,Heschl R,0.4935195010726167,0.491935178301022,0.4826121728868517,93,25,93
Alzheimer disease,alzheimer,10021,85,Temporal Sup L,0.5249105283996899,0.5184695050969136,0.5166480397122606,93,25,93
Alzheimer disease,alzheimer,10021,86,Temporal Sup R,0.5061339419635096,0.5077556651067796,0.5105567645304596,93,25,93
Alzheimer disease,alzheimer,10021,87,Temporal Pole Sup L,0.5261308949535662,0.5132692388822132,0.5237513049982865,93,25,93
Alzheimer disease,alzheimer,10021,88,Temporal Pole Sup R,0.5659317443631403,0.6130299075356731,0.5908927861861126,93,25,93
Alzheimer disease,alzheimer,10021,89,Temporal Mid L,0.4936582810407906,0.4781122494471641,0.4879449767520562,93,25,93
Alzheimer disease,alzheimer,10021,90,Temporal Mid R,0.4963086380315117,0.479155283837444,0.491160153543727,93,25,93
Alzheimer disease,alzheimer,10021,91,Temporal Pole Mid L,,,,0,0,0
Alzheimer disease,alzheimer,10021,93,Temporal Inf L,0.4981416116076829,0.5005549937056446,0.5048827482740317,93,25,93
Alzheimer disease,alzheimer,10021,94,Temporal Inf R,0.4940005859122666,0.46950318983687545,0.4894112583105845,93,25,93
Alzheimer disease,alzheimer,10021,95,Cerebellum Crus1 L,0.48552814946084605,0.4447066528162442,0.46932845824412783,93,25,93
Alzheimer disease,alzheimer,10021,96,Cerebellum Crus1 R,0.490489212514288,0.45575016935143636,0.4759492413468226,93,25,93
Alzheimer disease,alzheimer,10021,97,Cerebellum Crus2 L,0.4812482852670753,0.43081381251804196,0.47036735440509025,93,25,93
Alzheimer disease,alzheimer,10021,98,Cerebellum Crus2 R,0.4993690860746321,0.49928434882943556,0.4959089297409961,93,25,93
Alzheimer disease,alzheimer,10021,101,Cerebellum 4 5 L,0.5830265640736269,0.5400392319838417,0.5769423365275793,93,25,93
Alzheimer disease,alzheimer,10021,102,Cerebellum 4 5 R,0.5104106300490018,0.4657282726826192,0.5088230151220555,93,25,93
Alzheimer disease,alzheimer,10021,103,Cerebellum 6 L,0.5262261707094477,0.47247461800048624,0.5044552456998206,93,25,93
Alzheimer disease,alzheimer,10021,104,Cerebellum 6 R,0.5516295692049346,0.5316145823052766,0.5395066807184355,93,25,93
Alzheimer disease,alzheimer,10021,105,Cerebellum 7b L,0.5161136986859584,0.4690992656519478,0.5017905627716044,93,25,93
Alzheimer disease,alzheimer,10021,106,Cerebellum 7b R,0.40988642610542625,0.34027387969059275,0.38723034813736057,93,25,93
Alzheimer disease,alzheimer,10021,107,Cerebellum 8 L,0.48412260458192047,0.4752353452835434,0.4850005882017247,93,25,93
Alzheimer disease,alzheimer,10021,108,Cerebellum 8 R,0.4837692549739364,0.4357271019457835,0.4677572316093683,93,25,93
Alzheimer disease,alzheimer,10021,109,Cerebellum 9 L,0.49771491863919326,0.5396854506031611,0.511202761242639,93,25,93
Alzheimer disease,alzheimer,10021,110,Cerebellum 9 R,0.45975927613575057,0.5056219335953521,0.4761414823062883,93,25,93
Alzheimer disease,alzheimer,10021,111,Cerebellum 10 L,,,,0,0,0
Alzheimer disease,alzheimer,10021,118,Vermis 8,0.563866215398977,0.6126032544394918,0.5713439124835502,93,25,93
Alzheimer disease,alzheimer,10021,119,Vermis 9,0.5255005056320429,0.5624201356060183,0.5389887191482188,93,25,93
Alzheimer disease,alzheimer,10021,121,Thal AV L,,,,0,0,0
Alzheimer disease,alzheimer,10021,122,Thal AV R,0.5580112752833534,0.5641028811610254,0.5589589202114814,93,25,93
Alzheimer disease,alzheimer,10021,125,Thal VA L,0.5493705839074228,0.5493904977734819,0.5541078730749962,93,25,93
Alzheimer disease,alzheimer,10021,127,Thal VL L,0.5432233176964424,0.6035903957477707,0.5706905442094561,93,25,93
Alzheimer disease,alzheimer,10021,128,Thal VL R,0.5082957004428591,0.4771888577692518,0.5029755890985959,93,25,93
Alzheimer disease,alzheimer,10021,129,Thal VPL L,0.5429509520231717,0.5752533521508421,0.5527895963957186,93,25,93
Alzheimer disease,alzheimer,10021,130,Thal VPL R,0.5257016791136085,0.5160589340681863,0.5064148458823678,93,25,93
Alzheimer disease,alzheimer,10021,131,Thal IL L,0.5727818816729113,0.5745689154640194,0.5801684993272344,93,25,93
Alzheimer disease,alzheimer,10021,135,Thal MDm L,0.50900162142938,0.48500663470053057,0.49935618229629125,93,25,93
Alzheimer disease,alzheimer,10021,136,Thal MDm R,0.5170925670448695,0.48071911495554204,0.5046425699772252,93,25,93
Alzheimer disease,alzheimer,10021,137,Thal MDl L,,,,0,0,0
Alzheimer disease,alzheimer,10021,139,Thal LGN L,0.5178353295378353,0.49265793027111365,0.5105656390490683,93,25,93
Alzheimer disease,alzheimer,10021,140,Thal LGN R,0.5518546167459677,0.5831995232858721,0.5663016787100794,93,25,93
Alzheimer disease,alzheimer,10021,141,Thal MGN L,,,,0,0,0
Alzheimer disease,alzheimer,10021,143,Thal PuI L,,,,0,0,0
Alzheimer disease,alzheimer,10021,144,Thal PuI R,0.5430217959844759,0.583260758260393,0.5395020212310219,93,25,93
Alzheimer disease,alzheimer,10021,145,Thal PuM L,0.4958003619309624,0.48600912782972755,0.48776575486545504,93,25,93
Alzheimer disease,alzheimer,10021,146,Thal PuM R,0.49471521654578493,0.4781442152583504,0.4928542721505091,93,25,93
Alzheimer disease,alzheimer,10021,147,Thal PuA L,,,,0,0,0
Alzheimer disease,alzheimer,10021,148,Thal PuA R,0.5538728384678852,0.5759385853694756,0.5496990186181702,93,25,93
Alzheimer disease,alzheimer,10021,153,ACC pre L,0.42363273533515905,0.43863412618461395,0.4431077111024515,93,25,93
Alzheimer disease,alzheimer,10021,154,ACC pre R,0.5666069884501932,0.5861644918341695,0.5743949441129189,93,25,93
Alzheimer disease,alzheimer,10021,155,ACC sup L,0.5228505576724312,0.5294006031397697,0.5327296513591254,93,25,93
Alzheimer disease,alzheimer,10021,156,ACC sup R,0.5403709100125822,0.5655543144349214,0.5446432558228557,93,25,93
Alzheimer disease,alzheimer,10021,157,N Acc L,,,,0,0,0
Alzheimer disease,alzheimer,10021,158,N Acc R,0.44665720326860614,0.47525437891707584,0.47636265426854135,93,25,93
Alzheimer disease,alzheimer,10021,161,SN pc L,0.49661283110956106,0.4893069746486164,0.5046713188055246,93,25,93
Alzheimer disease,alzheimer,10021,163,SN pr L,0.4895712779215649,0.47627413427127474,0.49890876999408973,93,25,93
Alzheimer disease,alzheimer,10021,164,SN pr R,0.5264551431273163,0.547068590384673,0.5363153917122223,93,25,93
Alzheimer disease,alzheimer,10021,165,Red N L,0.4772236489343822,0.43038512382416166,0.4589999663581368,93,25,93
Alzheimer disease,alzheimer,10021,166,Red N R,0.4940256923957183,0.4441934148950681,0.4840371537983648,93,25,93
Alzheimer disease,alzheimer,10021,167,LC L,0.4380277462000511,0.43854091203796947,0.4405272242679228,93,25,93
Alzheimer disease,alzheimer,10021,168,LC R,0.41189545456195303,0.37915177692626467,0.39669563594301055,93,25,93
Alzheimer disease,alzheimer,10021,169,Raphe D,0.4924057140427302,0.5099073462762749,0.49923090617456795,93,25,93
Alzheimer disease,alzheimer,10021,170,Raphe M,0.4457610595789977,0.4237389218579999,0.445543084568175,93,25,93
Alzheimer disease,alzheimer,12876,1,Precentral L,0.4989641672490635,0.4953742169811745,0.5054115802374266,93,25,93
Alzheimer disease,alzheimer,12876,2,Precentral R,,,,0,0,0
Alzheimer disease,alzheimer,12876,3,Frontal Sup 2 L,0.5095940705225797,0.4961405987327528,0.5033525300995852,93,25,93
Alzheimer disease,alzheimer,12876,4,Frontal Sup 2 R,,,,0,0,0
Alzheimer disease,alzheimer,12876,5,Frontal Mid 2 L,0.5183547745463046,0.5072137102640762,0.5199710708188764,93,25,93
Alzheimer disease,alzheimer,12876,6,Frontal Mid 2 R,,,,0,0,0
Alzheimer disease,alzheimer,12876,7,Frontal Inf Oper L,,,,0,0,0
Alzheimer disease,alzheimer,12876,8,Frontal Inf Oper R,,,,0,0,0
Alzheimer disease,alzheimer,12876,9,Frontal Inf Tri L,0.5085669438599052,0.5248592026381035,0.5166470690735645,93,25,93
Alzheimer disease,alzheimer,12876,10,Frontal Inf Tri R,,,,0,0,0
Alzheimer disease,alzheimer,12876,11,Frontal Inf Orb 2 L,0.5002208636864364,0.5325213443905831,0.5135524490995029,93,25,93
Alzheimer disease,alzheimer,12876,12,Frontal Inf Orb 2 R,,,,0,0,0
Alzheimer disease,alzheimer,12876,13,Rolandic Oper L,0.5156906492425241,0.5137764746647207,0.5135469282139843,93,25,93
Alzheimer disease,alzheimer,12876,14,Rolandic Oper R,,,,0,0,0
Alzheimer disease,alzheimer,12876,15,Supp Motor Area L,0.48279480386963686,0.4510179173890759,0.47765137938065966,93,25,93
Alzheimer disease,alzheimer,12876,16,Supp Motor Area R,,,,0,0,0
Alzheimer disease,alzheimer,12876,17,Olfactory L,0.42521011178285567,0.44395367291458177,0.4243972732050561,93,25,93
Alzheimer disease,alzheimer,12876,18,Olfactory R,,,,0,0,0
Alzheimer disease,alzheimer,12876,19,Frontal Sup Medial L,0.5120772494928574,0.5049367847055838,0.5120144481755197,93,25,93
Alzheimer disease,alzheimer,12876,20,Frontal Sup Medial R,,,,0,0,0
Alzheimer disease,alzheimer,12876,21,Frontal Med Orb L,0.6018343480513112,0.6401995132730213,0.608150776802693,93,25,93
Alzheimer disease,alzheimer,12876,22,Frontal Med Orb R,,,,0,0,0
Alzheimer disease,alzheimer,12876,23,Rectus L,0.5509803316442795,0.5802921144477609,0.5609864932316041,93,25,93
Alzheimer disease,alzheimer,12876,24,Rectus R,,,,0,0,0
Alzheimer disease,alzheimer,12876,25,OFCmed L,0.4965510667730915,0.5464703623247447,0.5191001210000079,93,25,93
Alzheimer disease,alzheimer,12876,26,OFCmed R,,,,0,0,0
Alzheimer disease,alzheimer,12876,27,OFCant L,0.5273374255699523,0.5576382149279342,0.5391689726913824,93,25,93
Alzheimer disease,alzheimer,12876,28,OFCant R,,,,0,0,0
Alzheimer disease,alzheimer,12876,29,OFCpost L,0.5248730546521682,0.5342019913600121,0.5356074964822206,93,25,93
Alzheimer disease,alzheimer,12876,30,OFCpost R,,,,0,0,0
Alzheimer disease,alzheimer,12876,31,OFClat L,0.48421008282599176,0.5321013870294317,0.49791033338977736,93,25,93
Alzheimer disease,alzheimer,12876,32,OFClat R,,,,0,0,0
Alzheimer disease,alzheimer,12876,33,Insula L,0.5000412688410849,0.48638555131391215,0.47927820126961657,93,25,93
Alzheimer disease,alzheimer,12876,34,Insula R,,,,0,0,0
Alzheimer disease,alzheimer,12876,37,Cingulate Mid L,0.5252434746940191,0.5244601346266871,0.5248398272373994,93,25,93
Alzheimer disease,alzheimer,12876,38,Cingulate Mid R,,,,0,0,0
Alzheimer disease,alzheimer,12876,39,Cingulate Post L,0.5222431303859885,0.5140071923851813,0.5171632942812311,93,25,93
Alzheimer disease,alzheimer,12876,41,Hippocampus L,0.501733560776709,0.49442255635845456,0.4970100069974768,93,25,93
Alzheimer disease,alzheimer,12876,42,Hippocampus R,,,,0,0,0
Alzheimer disease,alzheimer,12876,43,ParaHippocampal L,0.5036724763534315,0.4934090263286025,0.49478207693045706,93,25,93
Alzheimer disease,alzheimer,12876,44,ParaHippocampal R,,,,0,0,0
Alzheimer disease,alzheimer,12876,45,Amygdala L,,,,0,0,0
Alzheimer disease,alzheimer,12876,46,Amygdala R,,,,0,0,0
Alzheimer disease,alzheimer,12876,47,Calcarine L,0.4827513727372378,0.5071713308536338,0.4817686216156472,93,25,93
Alzheimer disease,alzheimer,12876,48,Calcarine R,,,,0,0,0
Alzheimer disease,alzheimer,12876,49,Cuneus L,0.46152343018086933,0.45180558942215415,0.4483348738985291,93,25,93
Alzheimer disease,alzheimer,12876,51,Lingual L,0.4820913218037455,0.48368899994596853,0.4727708684041569,93,25,93
Alzheimer disease,alzheimer,12876,52,Lingual R,,,,0,0,0
Alzheimer disease,alzheimer,12876,53,Occipital Sup L,,,,0,0,0
Alzheimer disease,alzheimer,12876,55,Occipital Mid L,0.5080555774227535,0.5215118193837192,0.5173712786332401,93,25,93
Alzheimer disease,alzheimer,12876,56,Occipital Mid R,,,,0,0,0
Alzheimer disease,alzheimer,12876,57,Occipital Inf L,0.48661821080671724,0.46213619079177976,0.4750062128691019,93,25,93
Alzheimer disease,alzheimer,12876,58,Occipital Inf R,,,,0,0,0
Alzheimer disease,alzheimer,12876,59,Fusiform L,0.4707474981910969,0.4513759665088515,0.4547037316433719,93,25,93
Alzheimer disease,alzheimer,12876,60,Fusiform R,,,,0,0,0
Alzheimer disease,alzheimer,12876,61,Postcentral L,0.5043462490442524,0.48934628400260377,0.4960283195808755,93,25,93
Alzheimer disease,alzheimer,12876,62,Postcentral R,,,,0,0,0
Alzheimer disease,alzheimer,12876,63,Parietal Sup L,0.4613650278516791,0.46488178682440556,0.46282953350319406,93,25,93
Alzheimer disease,alzheimer,12876,64,Parietal Sup R,,,,0,0,0
Alzheimer disease,alzheimer,12876,65,Parietal Inf L,0.5097298834602919,0.504566795412504,0.5014767083088784,93,25,93
Alzheimer disease,alzheimer,12876,66,Parietal Inf R,,,,0,0,0
Alzheimer disease,alzheimer,12876,67,SupraMarginal L,0.5115449338086779,0.47892890207155475,0.4904908807874575,93,25,93
Alzheimer disease,alzheimer,12876,68,SupraMarginal R,,,,0,0,0
Alzheimer disease,alzheimer,12876,69,Angular L,0.527655756252009,0.5463839370271322,0.5363748274465459,93,25,93
Alzheimer disease,alzheimer,12876,70,Angular R,,,,0,0,0
Alzheimer disease,alzheimer,12876,71,Precuneus L,0.4947916249152706,0.48907580107025184,0.48896297537333033,93,25,93
Alzheimer disease,alzheimer,12876,72,Precuneus R,,,,0,0,0
Alzheimer disease,alzheimer,12876,73,Paracentral Lobule L,0.5083080512584419,0.4998923696550706,0.5020522082838507,93,25,93
Alzheimer disease,alzheimer,12876,74,Paracentral Lobule R,,,,0,0,0
Alzheimer disease,alzheimer,12876,75,Caudate L,0.4971525735843425,0.4875660098680609,0.48611365961968506,93,25,93
Alzheimer disease,alzheimer,12876,76,Caudate R,,,,0,0,0
Alzheimer disease,alzheimer,12876,77,Putamen L,0.49810066886668264,0.5057954771708413,0.4998092997388448,93,25,93
Alzheimer disease,alzheimer,12876,78,Putamen R,,,,0,0,0
Alzheimer disease,alzheimer,12876,79,Pallidum L,0.49021063064759124,0.4907604714259455,0.4911667849659141,93,25,93
Alzheimer disease,alzheimer,12876,80,Pallidum R,,,,0,0,0
Alzheimer disease,alzheimer,12876,83,Heschl L,0.49278643298301184,0.4773899384655256,0.46745259392516275,93,25,93
Alzheimer disease,alzheimer,12876,84,Heschl R,,,,0,0,0
Alzheimer disease,alzheimer,12876,85,Temporal Sup L,0.5097345031891354,0.49057886791165495,0.49599400139818595,93,25,93
Alzheimer disease,alzheimer,12876,86,Temporal Sup R,,,,0,0,0
Alzheimer disease,alzheimer,12876,87,Temporal Pole Sup L,0.48160839935002736,0.4738584944656765,0.48193427392138954,93,25,93
Alzheimer disease,alzheimer,12876,88,Temporal Pole Sup R,,,,0,0,0
Alzheimer disease,alzheimer,12876,89,Temporal Mid L,0.4987096382135679,0.4723273240902114,0.48706184914465867,93,25,93
Alzheimer disease,alzheimer,12876,90,Temporal Mid R,,,,0,0,0
Alzheimer disease,alzheimer,12876,91,Temporal Pole Mid L,0.513919152348597,0.4954487414447021,0.5095443629335913,93,25,93
Alzheimer disease,alzheimer,12876,93,Temporal Inf L,0.5057053478373617,0.4869300827254326,0.49172275927936365,93,25,93
Alzheimer disease,alzheimer,12876,94,Temporal Inf R,,,,0,0,0
Alzheimer disease,alzheimer,12876,95,Cerebellum Crus1 L,0.47282469320672643,0.4493052212794948,0.4688092943942606,93,25,93
Alzheimer disease,alzheimer,12876,96,Cerebellum Crus1 R,,,,0,0,0
Alzheimer disease,alzheimer,12876,97,Cerebellum Crus2 L,0.5098784387802017,0.5211729151438215,0.5111401757834935,93,25,93
Alzheimer disease,alzheimer,12876,98,Cerebellum Crus2 R,,,,0,0,0
Alzheimer disease,alzheimer,12876,101,Cerebellum 4 5 L,0.5394877317340447,0.5687385634995743,0.5400631101961,93,25,93
Alzheimer disease,alzheimer,12876,102,Cerebellum 4 5 R,,,,0,0,0
Alzheimer disease,alzheimer,12876,103,Cerebellum 6 L,0.5191434573431923,0.5218976807463416,0.5148512438239367,93,25,93
Alzheimer disease,alzheimer,12876,104,Cerebellum 6 R,,,,0,0,0
Alzheimer disease,alzheimer,12876,105,Cerebellum 7b L,0.5550557087526674,0.5421965501400487,0.5482816571127388,93,25,93
Alzheimer disease,alzheimer,12876,106,Cerebellum 7b R,,,,0,0,0
Alzheimer disease,alzheimer,12876,107,Cerebellum 8 L,0.544512878869098,0.5103399841456427,0.5198933363794163,93,25,93
Alzheimer disease,alzheimer,12876,108,Cerebellum 8 R,,,,0,0,0
Alzheimer disease,alzheimer,12876,109,Cerebellum 9 L,0.4695533550368866,0.4148516870691308,0.4477083091564144,93,25,93
Alzheimer disease,alzheimer,12876,110,Cerebellum 9 R,,,,0,0,0
Alzheimer disease,alzheimer,12876,111,Cerebellum 10 L,0.43385042722219297,0.38794247681429767,0.42039192824555355,93,25,93
Alzheimer disease,alzheimer,12876,118,Vermis 8,,,,0,0,0
Alzheimer disease,alzheimer,12876,119,Vermis 9,,,,0,0,0
Alzheimer disease,alzheimer,12876,121,Thal AV L,0.5517263846301559,0.5745304000674595,0.546529849977264,93,25,93
Alzheimer disease,alzheimer,12876,122,Thal AV R,,,,0,0,0
Alzheimer disease,alzheimer,12876,125,Thal VA L,,,,0,0,0
Alzheimer disease,alzheimer,12876,127,Thal VL L,0.5538799699851528,0.5744610415738157,0.5507961621295376,93,25,93
Alzheimer disease,alzheimer,12876,128,Thal VL R,,,,0,0,0
Alzheimer disease,alzheimer,12876,129,Thal VPL L,0.5022333316948426,0.5049854481020173,0.499955847775448,93,25,93
Alzheimer disease,alzheimer,12876,130,Thal VPL R,,,,0,0,0
Alzheimer disease,alzheimer,12876,131,Thal IL L,0.5457439357677555,0.5645067268837988,0.5603508846935272,93,25,93
Alzheimer disease,alzheimer,12876,135,Thal MDm L,0.4738789316449964,0.5378805789448691,0.49754395879705143,93,25,93
Alzheimer disease,alzheimer,12876,136,Thal MDm R,,,,0,0,0
Alzheimer disease,alzheimer,12876,137,Thal MDl L,,,,0,0,0
Alzheimer disease,alzheimer,12876,139,Thal LGN L,0.502499223031255,0.47634152083377596,0.48679014386531394,93,25,93
Alzheimer disease,alzheimer,12876,140,Thal LGN R,,,,0,0,0
Alzheimer disease,alzheimer,12876,141,Thal MGN L,,,,0,0,0
Alzheimer disease,alzheimer,12876,143,Thal PuI L,,,,0,0,0
Alzheimer disease,alzheimer,12876,144,Thal PuI R,,,,0,0,0
Alzheimer disease,alzheimer,12876,145,Thal PuM L,0.5369022067329045,0.6354277792111501,0.5783669877638478,93,25,93
Alzheimer disease,alzheimer,12876,146,Thal PuM R,,,,0,0,0
Alzheimer disease,alzheimer,12876,147,Thal PuA L,0.5373410381921334,0.5714063832610359,0.5391405856989501,93,25,93
Alzheimer disease,alzheimer,12876,148,Thal PuA R,,,,0,0,0
Alzheimer disease,alzheimer,12876,153,ACC pre L,0.5499158219146746,0.5574332062703887,0.5509851823340213,93,25,93
Alzheimer disease,alzheimer,12876,154,ACC pre R,,,,0,0,0
Alzheimer disease,alzheimer,12876,155,ACC sup L,0.47141703090333875,0.5000392469093383,0.48390868100526624,93,25,93
Alzheimer disease,alzheimer,12876,156,ACC sup R,,,,0,0,0
Alzheimer disease,alzheimer,12876,157,N Acc L,0.5067975961106053,0.5054198587360942,0.5081982898873768,93,25,93
Alzheimer disease,alzheimer,12876,158,N Acc R,,,,0,0,0
Alzheimer disease,alzheimer,12876,161,SN pc L,,,,0,0,0
Alzheimer disease,alzheimer,12876,163,SN pr L,0.49623670118088464,0.4709103821460392,0.48937124176952623,93,25,93
Alzheimer disease,alzheimer,12876,164,SN pr R,,,,0,0,0
Alzheimer disease,alzheimer,12876,165,Red N L,,,,0,0,0
Alzheimer disease,alzheimer,12876,166,Red N R,,,,0,0,0
Alzheimer disease,alzheimer,12876,167,LC L,,,,0,0,0
Alzheimer disease,alzheimer,12876,168,LC R,,,,0,0,0
Alzheimer disease,alzheimer,12876,169,Raphe D,,,,0,0,0
Alzheimer disease,alzheimer,12876,170,Raphe M,,,,0,0,0
Alzheimer disease,alzheimer,14380,1,Precentral L,0.5038855310108875,0.5350768004325182,0.5203346222902961,93,25,93
Alzheimer disease,alzheimer,14380,2,Precentral R,,,,0,0,0
Alzheimer disease,alzheimer,14380,3,Frontal Sup 2 L,0.507871442495847,0.5217787798635544,0.5103041328555131,93,25,93
Alzheimer disease,alzheimer,14380,4,Frontal Sup 2 R,,,,0,0,0
Alzheimer disease,alzheimer,14380,5,Frontal Mid 2 L,0.4911988129757839,0.4757106742413679,0.48609132739481264,93,25,93
Alzheimer disease,alzheimer,14380,6,Frontal Mid 2 R,,,,0,0,0
Alzheimer disease,alzheimer,14380,7,Frontal Inf Oper L,,,,0,0,0
Alzheimer disease,alzheimer,14380,8,Frontal Inf Oper R,,,,0,0,0
Alzheimer disease,alzheimer,14380,9,Frontal Inf Tri L,0.49702470316305536,0.5068567037687819,0.5016439544666726,93,25,93
Alzheimer disease,alzheimer,14380,10,Frontal Inf Tri R,,,,0,0,0
Alzheimer disease,alzheimer,14380,11,Frontal Inf Orb 2 L,0.4751157011970191,0.4517320718700436,0.4751380915905105,93,25,93
Alzheimer disease,alzheimer,14380,12,Frontal Inf Orb 2 R,,,,0,0,0
Alzheimer disease,alzheimer,14380,13,Rolandic Oper L,0.5102008626947339,0.49664211616582443,0.5045789271697554,93,25,93
Alzheimer disease,alzheimer,14380,14,Rolandic Oper R,,,,0,0,0
Alzheimer disease,alzheimer,14380,15,Supp Motor Area L,0.5089311637069149,0.5035370416347573,0.5185747363977556,93,25,93
Alzheimer disease,alzheimer,14380,16,Supp Motor Area R,,,,0,0,0
Alzheimer disease,alzheimer,14380,17,Olfactory L,0.5296050379500118,0.5187636032962145,0.5267646144029573,93,25,93
Alzheimer disease,alzheimer,14380,18,Olfactory R,,,,0,0,0
Alzheimer disease,alzheimer,14380,19,Frontal Sup Medial L,0.49147493647298784,0.49699483757151447,0.49592488960868525,93,25,93
Alzheimer disease,alzheimer,14380,20,Frontal Sup Medial R,,,,0,0,0
Alzheimer disease,alzheimer,14380,21,Frontal Med Orb L,0.49251947173529603,0.47408481005341147,0.468372823449436,93,25,93
Alzheimer disease,alzheimer,14380,22,Frontal Med Orb R,,,,0,0,0
Alzheimer disease,alzheimer,14380,23,Rectus L,0.4820278703019895,0.46794701006057776,0.47153505991851097,93,25,93
Alzheimer disease,alzheimer,14380,24,Rectus R,,,,0,0,0
Alzheimer disease,alzheimer,14380,25,OFCmed L,0.5194493504331325,0.4997672858768412,0.5011191733904601,93,25,93
Alzheimer disease,alzheimer,14380,26,OFCmed R,,,,0,0,0
Alzheimer disease,alzheimer,14380,27,OFCant L,0.4535073652734533,0.4410571737348222,0.44850217870005255,93,25,93
Alzheimer disease,alzheimer,14380,28,OFCant R,,,,0,0,0
Alzheimer disease,alzheimer,14380,29,OFCpost L,0.519897866607706,0.502096207721129,0.5132268642392052,93,25,93
Alzheimer disease,alzheimer,14380,30,OFCpost R,,,,0,0,0
Alzheimer disease,alzheimer,14380,31,OFClat L,0.49593620098319513,0.4756739143253351,0.4862913260582887,93,25,93
Alzheimer disease,alzheimer,14380,32,OFClat R,,,,0,0,0
Alzheimer disease,alzheimer,14380,33,Insula L,0.5174233578664819,0.5187609902744621,0.5138794389477791,93,25,93
Alzheimer disease,alzheimer,14380,34,Insula R,,,,0,0,0
Alzheimer disease,alzheimer,14380,37,Cingulate Mid L,0.5103142656531695,0.5114893758255649,0.514683486192531,93,25,93
Alzheimer disease,alzheimer,14380,38,Cingulate Mid R,,,,0,0,0
Alzheimer disease,alzheimer,14380,39,Cingulate Post L,,,,0,0,0
Alzheimer disease,alzheimer,14380,41,Hippocampus L,0.49667879254646796,0.46429918625062355,0.47791272257785716,93,25,93
Alzheimer disease,alzheimer,14380,42,Hippocampus R,,,,0,0,0
Alzheimer disease,alzheimer,14380,43,ParaHippocampal L,0.5140748197818773,0.5058435496659793,0.505536405113535,93,25,93
Alzheimer disease,alzheimer,14380,44,ParaHippocampal R,,,,0,0,0
Alzheimer disease,alzheimer,14380,45,Amygdala L,0.49200407508983096,0.47029709481397625,0.49871676846979823,93,25,93
Alzheimer disease,alzheimer,14380,46,Amygdala R,,,,0,0,0
Alzheimer disease,alzheimer,14380,47,Calcarine L,0.5029002392184152,0.5363298072190174,0.5202124137664785,93,25,93
Alzheimer disease,alzheimer,14380,48,Calcarine R,,,,0,0,0
Alzheimer disease,alzheimer,14380,49,Cuneus L,0.4698524416651714,0.5104033750325287,0.46742127561952335,93,25,93
Alzheimer disease,alzheimer,14380,51,Lingual L,0.48452900713411584,0.5031451791861535,0.48940898494047497,93,25,93
Alzheimer disease,alzheimer,14380,52,Lingual R,,,,0,0,0
Alzheimer disease,alzheimer,14380,53,Occipital Sup L,0.5129789025386199,0.5510943104329573,0.5258088016120736,93,25,93
Alzheimer disease,alzheimer,14380,55,Occipital Mid L,0.4970589683087839,0.5194740716691054,0.503234835066931,93,25,93
Alzheimer disease,alzheimer,14380,56,Occipital Mid R,,,,0,0,0
Alzheimer disease,alzheimer,14380,57,Occipital Inf L,0.5060149784035527,0.4874845068847729,0.4938156419006764,93,25,93
Alzheimer disease,alzheimer,14380,58,Occipital Inf R,,,,0,0,0
Alzheimer disease,alzheimer,14380,59,Fusiform L,0.514911923951628,0.4926458584785246,0.5008269581628861,93,25,93
Alzheimer disease,alzheimer,14380,60,Fusiform R,,,,0,0,0
Alzheimer disease,alzheimer,14380,61,Postcentral L,0.4949041421862199,0.5066738379652446,0.49765684242048214,93,25,93
Alzheimer disease,alzheimer,14380,62,Postcentral R,,,,0,0,0
Alzheimer disease,alzheimer,14380,63,Parietal Sup L,0.5172749630156006,0.5407026578527498,0.5288889262692674,93,25,93
Alzheimer disease,alzheimer,14380,64,Parietal Sup R,,,,0,0,0
Alzheimer disease,alzheimer,14380,65,Parietal Inf L,0.518722161942138,0.5194368378782697,0.5150358483354418,93,25,93
Alzheimer disease,alzheimer,14380,66,Parietal Inf R,,,,0,0,0
Alzheimer disease,alzheimer,14380,67,SupraMarginal L,0.48984729781121544,0.47845315215911555,0.47941326232156406,93,25,93
Alzheimer disease,alzheimer,14380,68,SupraMarginal R,,,,0,0,0
Alzheimer disease,alzheimer,14380,69,Angular L,0.515668367652815,0.5036400184881065,0.5126290545105008,93,25,93
Alzheimer disease,alzheimer,14380,70,Angular R,,,,0,0,0
Alzheimer disease,alzheimer,14380,71,Precuneus L,0.5111806232453543,0.5483315481215506,0.5189041725873256,93,25,93
Alzheimer disease,alzheimer,14380,72,Precuneus R,,,,0,0,0
Alzheimer disease,alzheimer,14380,73,Paracentral Lobule L,0.49754671087495755,0.5080483265751664,0.5084217612550622,93,25,93
Alzheimer disease,alzheimer,14380,74,Paracentral Lobule R,,,,0,0,0
Alzheimer disease,alzheimer,14380,75,Caudate L,0.49714221117759244,0.4992320267056643,0.4910997927855963,93,25,93
Alzheimer disease,alzheimer,14380,76,Caudate R,,,,0,0,0
Alzheimer disease,alzheimer,14380,77,Putamen L,0.463404277245687,0.43836494946059973,0.4524620700260924,93,25,93
Alzheimer disease,alzheimer,14380,78,Putamen R,,,,0,0,0
Alzheimer disease,alzheimer,14380,79,Pallidum L,0.48086604989586224,0.4688831325227623,0.4885841669663456,93,25,93
Alzheimer disease,alzheimer,14380,80,Pallidum R,,,,0,0,0
Alzheimer disease,alzheimer,14380,83,Heschl L,,,,0,0,0
Alzheimer disease,alzheimer,14380,84,Heschl R,,,,0,0,0
Alzheimer disease,alzheimer,14380,85,Temporal Sup L,0.49606427247811075,0.4795567769939024,0.48682565822550744,93,25,93
Alzheimer disease,alzheimer,14380,86,Temporal Sup R,,,,0,0,0
Alzheimer disease,alzheimer,14380,87,Temporal Pole Sup L,0.5498962387356241,0.5397176764052274,0.5458875792343417,93,25,93
Alzheimer disease,alzheimer,14380,88,Temporal Pole Sup R,,,,0,0,0
Alzheimer disease,alzheimer,14380,89,Temporal Mid L,0.5055416545410065,0.5044186253488872,0.5034124869373227,93,25,93
Alzheimer disease,alzheimer,14380,90,Temporal Mid R,,,,0,0,0
Alzheimer disease,alzheimer,14380,91,Temporal Pole Mid L,0.5412613014456786,0.527234927821674,0.5322779241850394,93,25,93
Alzheimer disease,alzheimer,14380,93,Temporal Inf L,0.5234925321878693,0.5068995058012838,0.5144145047122949,93,25,93
Alzheimer disease,alzheimer,14380,94,Temporal Inf R,,,,0,0,0
Alzheimer disease,alzheimer,14380,95,Cerebellum Crus1 L,0.4587254035254389,0.44301936554045795,0.47153338700770675,93,25,93
Alzheimer disease,alzheimer,14380,96,Cerebellum Crus1 R,,,,0,0,0
Alzheimer disease,alzheimer,14380,97,Cerebellum Crus2 L,0.5078132406836213,0.5053727766891211,0.5053434716736755,93,25,93
Alzheimer disease,alzheimer,14380,98,Cerebellum Crus2 R,,,,0,0,0
Alzheimer disease,alzheimer,14380,101,Cerebellum 4 5 L,0.4880166062037507,0.47879851852026595,0.48220844968329984,93,25,93
Alzheimer disease,alzheimer,14380,102,Cerebellum 4 5 R,,,,0,0,0
Alzheimer disease,alzheimer,14380,103,Cerebellum 6 L,0.4306240226346254,0.38480714726919735,0.4124314278685201,93,25,93
Alzheimer disease,alzheimer,14380,104,Cerebellum 6 R,,,,0,0,0
Alzheimer disease,alzheimer,14380,105,Cerebellum 7b L,0.5406442774825772,0.5067162867981186,0.5333130671810082,93,25,93
Alzheimer disease,alzheimer,14380,106,Cerebellum 7b R,,,,0,0,0
Alzheimer disease,alzheimer,14380,107,Cerebellum 8 L,0.495928646348268,0.4434890737211289,0.48254071137765586,93,25,93
Alzheimer disease,alzheimer,14380,108,Cerebellum 8 R,,,,0,0,0
Alzheimer disease,alzheimer,14380,109,Cerebellum 9 L,0.5316224679150793,0.5729938237694537,0.5486916241704131,93,25,93
Alzheimer disease,alzheimer,14380,110,Cerebellum 9 R,,,,0,0,0
Alzheimer disease,alzheimer,14380,111,Cerebellum 10 L,0.5746813874275699,0.6373183267373964,0.5905093583111745,93,25,93
Alzheimer disease,alzheimer,14380,118,Vermis 8,,,,0,0,0
Alzheimer disease,alzheimer,14380,119,Vermis 9,0.5265455841708828,0.606214881375275,0.5607351519666871,93,25,93
Alzheimer disease,alzheimer,14380,121,Thal AV L,0.4941393519326089,0.5480294179243127,0.5232870093857299,93,25,93
Alzheimer disease,alzheimer,14380,122,Thal AV R,,,,0,0,0
Alzheimer disease,alzheimer,14380,125,Thal VA L,0.48618350776477304,0.47333099548267654,0.49795969874133955,93,25,93
Alzheimer disease,alzheimer,14380,127,Thal VL L,0.49881474375737433,0.5229800941256905,0.5122811333015997,93,25,93
Alzheimer disease,alzheimer,14380,128,Thal VL R,,,,0,0,0
Alzheimer disease,alzheimer,14380,129,Thal VPL L,0.524550827106527,0.546918970069348,0.5256026494429915,93,25,93
Alzheimer disease,alzheimer,14380,130,Thal VPL R,,,,0,0,0
Alzheimer disease,alzheimer,14380,131,Thal IL L,0.5283047053676103,0.533855988764767,0.5276859416501194,93,25,93
Alzheimer disease,alzheimer,14380,135,Thal MDm L,,,,0,0,0
Alzheimer disease,alzheimer,14380,136,Thal MDm R,,,,0,0,0
Alzheimer disease,alzheimer,14380,137,Thal MDl L,,,,0,0,0
Alzheimer disease,alzheimer,14380,139,Thal LGN L,0.5099507848355138,0.5141790730007356,0.5071724394145183,93,25,93
Alzheimer disease,alzheimer,14380,140,Thal LGN R,,,,0,0,0
Alzheimer disease,alzheimer,14380,141,Thal MGN L,,,,0,0,0
Alzheimer disease,alzheimer,14380,143,Thal PuI L,,,,0,0,0
Alzheimer disease,alzheimer,14380,144,Thal PuI R,,,,0,0,0
Alzheimer disease,alzheimer,14380,145,Thal PuM L,0.5268638785660734,0.5412826226030054,0.5277339056717262,93,25,93
Alzheimer disease,alzheimer,14380,146,Thal PuM R,,,,0,0,0
Alzheimer disease,alzheimer,14380,147,Thal PuA L,0.5503699739077885,0.5637993666841581,0.5545104558976648,93,25,93
Alzheimer disease,alzheimer,14380,148,Thal PuA R,,,,0,0,0
Alzheimer disease,alzheimer,14380,153,ACC pre L,,,,0,0,0
Alzheimer disease,alzheimer,14380,154,ACC pre R,,,,0,0,0
Alzheimer disease,alzheimer,14380,155,ACC sup L,0.5125218424580613,0.5216088773784888,0.5200988695897034,93,25,93
Alzheimer disease,alzheimer,14380,156,ACC sup R,,,,0,0,0
Alzheimer disease,alzheimer,14380,157,N Acc L,0.5137054927633369,0.5545914522273486,0.551319342884297,93,25,93
Alzheimer disease,alzheimer,14380,158,N Acc R,,,,0,0,0
Alzheimer disease,alzheimer,14380,161,SN pc L,,,,0,0,0
Alzheimer disease,alzheimer,14380,163,SN pr L,0.5669490633343669,0.5963800302246882,0.5798766621512893,93,25,93
Alzheimer disease,alzheimer,14380,164,SN pr R,,,,0,0,0
Alzheimer disease,alzheimer,14380,165,Red N L,0.5405994267118884,0.5382712640226367,0.5383275472819155,93,25,93
Alzheimer disease,alzheimer,14380,166,Red N R,,,,0,0,0
Alzheimer disease,alzheimer,14380,167,LC L,0.4997541307785073,0.5316396490767563,0.5183729225123537,93,25,93
Alzheimer disease,alzheimer,14380,168,LC R,,,,0,0,0
Alzheimer disease,alzheimer,14380,169,Raphe D,,,,0,0,0
Alzheimer disease,alzheimer,14380,170,Raphe M,0.49952760480743086,0.5207097457587122,0.5094395588506464,93,25,93
Alzheimer disease,alzheimer,15496,1,Precentral L,0.496974214116069,0.5220740468337325,0.5067012123321855,93,25,93
Alzheimer disease,alzheimer,15496,2,Precentral R,,,,0,0,0
Alzheimer disease,alzheimer,15496,3,Frontal Sup 2 L,0.5123383937980727,0.5340252910159353,0.5177574602294641,93,25,93
Alzheimer disease,alzheimer,15496,4,Frontal Sup 2 R,,,,0,0,0
Alzheimer disease,alzheimer,15496,5,Frontal Mid 2 L,0.5081855854841881,0.5378122783131429,0.5252519229404788,93,25,93
Alzheimer disease,alzheimer,15496,6,Frontal Mid 2 R,,,,0,0,0
Alzheimer disease,alzheimer,15496,7,Frontal Inf Oper L,0.4963829633026572,0.49739011687430995,0.4965661771936843,93,25,93
Alzheimer disease,alzheimer,15496,8,Frontal Inf Oper R,,,,0,0,0
Alzheimer disease,alzheimer,15496,9,Frontal Inf Tri L,0.5176916121038639,0.5558865632078365,0.536690545559887,93,25,93
Alzheimer disease,alzheimer,15496,10,Frontal Inf Tri R,,,,0,0,0
Alzheimer disease,alzheimer,15496,11,Frontal Inf Orb 2 L,0.5402401647806117,0.5742293836837173,0.5598964575659447,93,25,93
Alzheimer disease,alzheimer,15496,12,Frontal Inf Orb 2 R,,,,0,0,0
Alzheimer disease,alzheimer,15496,13,Rolandic Oper L,0.5047890913755017,0.5294054004899847,0.5020302290153562,93,25,93
Alzheimer disease,alzheimer,15496,14,Rolandic Oper R,,,,0,0,0
Alzheimer disease,alzheimer,15496,15,Supp Motor Area L,0.490511341740682,0.49116378239283415,0.4946618646402232,93,25,93
Alzheimer disease,alzheimer,15496,16,Supp Motor Area R,,,,0,0,0
Alzheimer disease,alzheimer,15496,17,Olfactory L,,,,0,0,0
Alzheimer disease,alzheimer,15496,18,Olfactory R,,,,0,0,0
Alzheimer disease,alzheimer,15496,19,Frontal Sup Medial L,0.5130515981243426,0.5418455828354246,0.5203518006861608,93,25,93
Alzheimer disease,alzheimer,15496,20,Frontal Sup Medial R,,,,0,0,0
Alzheimer disease,alzheimer,15496,21,Frontal Med Orb L,0.5061668019542082,0.5059790317638168,0.5071992510829033,93,25,93
Alzheimer disease,alzheimer,15496,22,Frontal Med Orb R,,,,0,0,0
Alzheimer disease,alzheimer,15496,23,Rectus L,0.49736861473292204,0.46942841179150996,0.48480478708127955,93,25,93
Alzheimer disease,alzheimer,15496,24,Rectus R,,,,0,0,0
Alzheimer disease,alzheimer,15496,25,OFCmed L,0.485250549156221,0.5138523928685717,0.4861556618875516,93,25,93
Alzheimer disease,alzheimer,15496,26,OFCmed R,,,,0,0,0
Alzheimer disease,alzheimer,15496,27,OFCant L,0.5244247043109594,0.5630046879898982,0.5438284307955972,93,25,93
Alzheimer disease,alzheimer,15496,28,OFCant R,,,,0,0,0
Alzheimer disease,alzheimer,15496,29,OFCpost L,0.47751470042831806,0.42530109536380145,0.4408512801325296,93,25,93
Alzheimer disease,alzheimer,15496,30,OFCpost R,,,,0,0,0
Alzheimer disease,alzheimer,15496,31,OFClat L,0.5052242654055074,0.5194457156620877,0.5166956152551577,93,25,93
Alzheimer disease,alzheimer,15496,32,OFClat R,,,,0,0,0
Alzheimer disease,alzheimer,15496,33,Insula L,0.5349998363366537,0.5410831212519284,0.5314309197748467,93,25,93
Alzheimer disease,alzheimer,15496,34,Insula R,,,,0,0,0
Alzheimer disease,alzheimer,15496,37,Cingulate Mid L,0.4996201570589834,0.4813101934035008,0.4944354393402375,93,25,93
Alzheimer disease,alzheimer,15496,38,Cingulate Mid R,,,,0,0,0
Alzheimer disease,alzheimer,15496,39,Cingulate Post L,0.4817289437341328,0.49111044768662926,0.46250669784466814,93,25,93
Alzheimer disease,alzheimer,15496,41,Hippocampus L,0.48578193985138973,0.4617479062036699,0.4754914184089685,93,25,93
Alzheimer disease,alzheimer,15496,42,Hippocampus R,,,,0,0,0
Alzheimer disease,alzheimer,15496,43,ParaHippocampal L,0.5245128613976995,0.5016412207182599,0.5187082721918916,93,25,93
Alzheimer disease,alzheimer,15496,44,ParaHippocampal R,,,,0,0,0
Alzheimer disease,alzheimer,15496,45,Amygdala L,0.5404017165993771,0.5417663604574973,0.5441869241702608,93,25,93
Alzheimer disease,alzheimer,15496,46,Amygdala R,,,,0,0,0
Alzheimer disease,alzheimer,15496,47,Calcarine L,0.47146910017362315,0.4345165373720236,0.4594938262094803,93,25,93
Alzheimer disease,alzheimer,15496,48,Calcarine R,,,,0,0,0
Alzheimer disease,alzheimer,15496,49,Cuneus L,0.4200597890498536,0.34546696296696666,0.4000854772933801,93,25,93
Alzheimer disease,alzheimer,15496,51,Lingual L,0.48428691362398996,0.45394227211192084,0.4700987406660525,93,25,93
Alzheimer disease,alzheimer,15496,52,Lingual R,,,,0,0,0
Alzheimer disease,alzheimer,15496,53,Occipital Sup L,0.47930067642107854,0.44450562794566084,0.4689465671247753,93,25,93
Alzheimer disease,alzheimer,15496,55,Occipital Mid L,0.4863272017325048,0.48259593896697867,0.4898688492025201,93,25,93
Alzheimer disease,alzheimer,15496,56,Occipital Mid R,,,,0,0,0
Alzheimer disease,alzheimer,15496,57,Occipital Inf L,0.5084627200166486,0.4874792611981572,0.5003690812245774,93,25,93
Alzheimer disease,alzheimer,15496,58,Occipital Inf R,,,,0,0,0
Alzheimer disease,alzheimer,15496,59,Fusiform L,0.49933256642812107,0.4770207643909494,0.4927913256299565,93,25,93
Alzheimer disease,alzheimer,15496,60,Fusiform R,,,,0,0,0
Alzheimer disease,alzheimer,15496,61,Postcentral L,0.4865503458118997,0.5006119208841809,0.48458381617830815,93,25,93
Alzheimer disease,alzheimer,15496,62,Postcentral R,,,,0,0,0
Alzheimer disease,alzheimer,15496,63,Parietal Sup L,0.46630932559296906,0.4757540243975313,0.473237010386046,93,25,93
Alzheimer disease,alzheimer,15496,64,Parietal Sup R,,,,0,0,0
Alzheimer disease,alzheimer,15496,65,Parietal Inf L,0.5180136631581844,0.5633670637939853,0.5297222835651245,93,25,93
Alzheimer disease,alzheimer,15496,66,Parietal Inf R,,,,0,0,0
Alzheimer disease,alzheimer,15496,67,SupraMarginal L,0.5251859966107226,0.552976860496609,0.5347296273552833,93,25,93
Alzheimer disease,alzheimer,15496,68,SupraMarginal R,,,,0,0,0
Alzheimer disease,alzheimer,15496,69,Angular L,0.4692834848441653,0.44106021008425605,0.4438224825304306,93,25,93
Alzheimer disease,alzheimer,15496,70,Angular R,,,,0,0,0
Alzheimer disease,alzheimer,15496,71,Precuneus L,0.4801778946808783,0.48849785818008984,0.47476849363157597,93,25,93
Alzheimer disease,alzheimer,15496,72,Precuneus R,,,,0,0,0
Alzheimer disease,alzheimer,15496,73,Paracentral Lobule L,0.49471702946179374,0.4913935947946571,0.5022476299023897,93,25,93
Alzheimer disease,alzheimer,15496,74,Paracentral Lobule R,,,,0,0,0
Alzheimer disease,alzheimer,15496,75,Caudate L,0.49345579778157755,0.4739907875592113,0.4769428767786307,93,25,93
Alzheimer disease,alzheimer,15496,76,Caudate R,,,,0,0,0
Alzheimer disease,alzheimer,15496,77,Putamen L,0.48713540781435766,0.4755395981249199,0.46953707992629556,93,25,93
Alzheimer disease,alzheimer,15496,78,Putamen R,,,,0,0,0
Alzheimer disease,alzheimer,15496,79,Pallidum L,0.5027381297258757,0.47485139760113015,0.49985927300817284,93,25,93
Alzheimer disease,alzheimer,15496,80,Pallidum R,,,,0,0,0
Alzheimer disease,alzheimer,15496,83,Heschl L,0.5039801643115004,0.5330563339692007,0.52569908694228,93,25,93
Alzheimer disease,alzheimer,15496,84,Heschl R,,,,0,0,0
Alzheimer disease,alzheimer,15496,85,Temporal Sup L,0.5069590473006671,0.5339049791935991,0.5119846478652271,93,25,93
Alzheimer disease,alzheimer,15496,86,Temporal Sup R,,,,0,0,0
Alzheimer disease,alzheimer,15496,87,Temporal Pole Sup L,0.5386094032792081,0.5190979733488803,0.5286240621096921,93,25,93
Alzheimer disease,alzheimer,15496,88,Temporal Pole Sup R,,,,0,0,0
Alzheimer disease,alzheimer,15496,89,Temporal Mid L,0.5024875247361171,0.5064245284644763,0.4949077930235706,93,25,93
Alzheimer disease,alzheimer,15496,90,Temporal Mid R,,,,0,0,0
Alzheimer disease,alzheimer,15496,91,Temporal Pole Mid L,0.5651891475707719,0.573135778029943,0.5588261818560754,93,25,93
Alzheimer disease,alzheimer,15496,93,Temporal Inf L,0.5179821495899377,0.48741358781280975,0.503920441268209,93,25,93
Alzheimer disease,alzheimer,15496,94,Temporal Inf R,,,,0,0,0
Alzheimer disease,alzheimer,15496,95,Cerebellum Crus1 L,0.47252946087771397,0.523426047232624,0.4950821293939873,93,25,93
Alzheimer disease,alzheimer,15496,96,Cerebellum Crus1 R,,,,0,0,0
Alzheimer disease,alzheimer,15496,97,Cerebellum Crus2 L,0.47687571605619916,0.4952521166890322,0.4838454717016041,93,25,93
Alzheimer disease,alzheimer,15496,98,Cerebellum Crus2 R,,,,0,0,0
Alzheimer disease,alzheimer,15496,101,Cerebellum 4 5 L,0.5018265211708303,0.5378433597713368,0.5122799115001355,93,25,93
Alzheimer disease,alzheimer,15496,102,Cerebellum 4 5 R,,,,0,0,0
Alzheimer disease,alzheimer,15496,103,Cerebellum 6 L,0.4872152209538767,0.4950731903900103,0.49884612035600995,93,25,93
Alzheimer disease,alzheimer,15496,104,Cerebellum 6 R,,,,0,0,0
Alzheimer disease,alzheimer,15496,105,Cerebellum 7b L,0.494647563199311,0.48746968540465474,0.4879417665465338,93,25,93
Alzheimer disease,alzheimer,15496,106,Cerebellum 7b R,,,,0,0,0
Alzheimer disease,alzheimer,15496,107,Cerebellum 8 L,0.5254045797525891,0.5037757011409123,0.5265810766217238,93,25,93
Alzheimer disease,alzheimer,15496,108,Cerebellum 8 R,,,,0,0,0
Alzheimer disease,alzheimer,15496,109,Cerebellum 9 L,0.4671500991236692,0.4280250431549164,0.45195981567342003,93,25,93
Alzheimer disease,alzheimer,15496,110,Cerebellum 9 R,,,,0,0,0
Alzheimer disease,alzheimer,15496,111,Cerebellum 10 L,0.5503755614383811,0.6064614637425616,0.5612235148805144,93,25,93
Alzheimer disease,alzheimer,15496,118,Vermis 8,,,,0,0,0
Alzheimer disease,alzheimer,15496,119,Vermis 9,,,,0,0,0
Alzheimer disease,alzheimer,15496,121,Thal AV L,,,,0,0,0
Alzheimer disease,alzheimer,15496,122,Thal AV R,,,,0,0,0
Alzheimer disease,alzheimer,15496,125,Thal VA L,0.5422588894619619,0.5641789645950034,0.5566860989985385,93,25,93
Alzheimer disease,alzheimer,15496,127,Thal VL L,0.5103808956507556,0.4966374632253697,0.5119483916568717,93,25,93
Alzheimer disease,alzheimer,15496,128,Thal VL R,,,,0,0,0
Alzheimer disease,alzheimer,15496,129,Thal VPL L,0.5572589201818556,0.596248477897635,0.5789008211505369,93,25,93
Alzheimer disease,alzheimer,15496,130,Thal VPL R,,,,0,0,0
Alzheimer disease,alzheimer,15496,131,Thal IL L,,,,0,0,0
Alzheimer disease,alzheimer,15496,135,Thal MDm L,,,,0,0,0
Alzheimer disease,alzheimer,15496,136,Thal MDm R,,,,0,0,0
Alzheimer disease,alzheimer,15496,137,Thal MDl L,0.45266363437446683,0.4809517153180036,0.4671830475366285,93,25,93
Alzheimer disease,alzheimer,15496,139,Thal LGN L,0.47379300460076096,0.4661078118684571,0.4813784863686928,93,25,93
Alzheimer disease,alzheimer,15496,140,Thal LGN R,,,,0,0,0
Alzheimer disease,alzheimer,15496,141,Thal MGN L,,,,0,0,0
Alzheimer disease,alzheimer,15496,143,Thal PuI L,,,,0,0,0
Alzheimer disease,alzheimer,15496,144,Thal PuI R,,,,0,0,0
Alzheimer disease,alzheimer,15496,145,Thal PuM L,,,,0,0,0
Alzheimer disease,alzheimer,15496,146,Thal PuM R,,,,0,0,0
Alzheimer disease,alzheimer,15496,147,Thal PuA L,,,,0,0,0
Alzheimer disease,alzheimer,15496,148,Thal PuA R,,,,0,0,0
Alzheimer disease,alzheimer,15496,153,ACC pre L,,,,0,0,0
Alzheimer disease,alzheimer,15496,154,ACC pre R,,,,0,0,0
Alzheimer disease,alzheimer,15496,155,ACC sup L,0.5219198869437801,0.5251213911881484,0.5210540362150912,93,25,93
Alzheimer disease,alzheimer,15496,156,ACC sup R,,,,0,0,0
Alzheimer disease,alzheimer,15496,157,N Acc L,0.514929365065252,0.4818060717899229,0.5106260634356057,93,25,93
Alzheimer disease,alzheimer,15496,158,N Acc R,,,,0,0,0
Alzheimer disease,alzheimer,15496,161,SN pc L,0.517172274469038,0.5644349159573516,0.5545647634516875,93,25,93
Alzheimer disease,alzheimer,15496,163,SN pr L,0.5913047973335919,0.6149296598259073,0.6092252479765563,93,25,93
Alzheimer disease,alzheimer,15496,164,SN pr R,,,,0,0,0
Alzheimer disease,alzheimer,15496,165,Red N L,,,,0,0,0
Alzheimer disease,alzheimer,15496,166,Red N R,,,,0,0,0
Alzheimer disease,alzheimer,15496,167,LC L,0.5046483429050921,0.49044057943621366,0.5230200909280232,93,25,93
Alzheimer disease,alzheimer,15496,168,LC R,,,,0,0,0
Alzheimer disease,alzheimer,15496,169,Raphe D,,,,0,0,0
Alzheimer disease,alzheimer,15496,170,Raphe M,,,,0,0,0
Alzheimer disease,alzheimer,15697,1,Precentral L,0.5042909283379243,0.5259909170553382,0.516162816419569,93,25,93
Alzheimer disease,alzheimer,15697,2,Precentral R,,,,0,0,0
Alzheimer disease,alzheimer,15697,3,Frontal Sup 2 L,0.47672379434349266,0.4802077091831153,0.4729062013504717,93,25,93
Alzheimer disease,alzheimer,15697,4,Frontal Sup 2 R,,,,0,0,0
Alzheimer disease,alzheimer,15697,5,Frontal Mid 2 L,0.5040545637190622,0.5216493907584081,0.5059148078150658,93,25,93
Alzheimer disease,alzheimer,15697,6,Frontal Mid 2 R,,,,0,0,0
Alzheimer disease,alzheimer,15697,7,Frontal Inf Oper L,0.40700060999826776,0.408202320783931,0.40556500877559704,93,25,93
Alzheimer disease,alzheimer,15697,8,Frontal Inf Oper R,,,,0,0,0
Alzheimer disease,alzheimer,15697,9,Frontal Inf Tri L,0.512000767259333,0.5163870461880495,0.509952554667421,93,25,93
Alzheimer disease,alzheimer,15697,10,Frontal Inf Tri R,,,,0,0,0
Alzheimer disease,alzheimer,15697,11,Frontal Inf Orb 2 L,0.49024015920873354,0.4769880452707103,0.4833275890407491,93,25,93
Alzheimer disease,alzheimer,15697,12,Frontal Inf Orb 2 R,,,,0,0,0
Alzheimer disease,alzheimer,15697,13,Rolandic Oper L,0.49227557325836996,0.45921862705502675,0.49309637078877583,93,25,93
Alzheimer disease,alzheimer,15697,14,Rolandic Oper R,,,,0,0,0
Alzheimer disease,alzheimer,15697,15,Supp Motor Area L,0.4653757127903942,0.46915631237249045,0.4681031277852723,93,25,93
Alzheimer disease,alzheimer,15697,16,Supp Motor Area R,,,,0,0,0
Alzheimer disease,alzheimer,15697,17,Olfactory L,,,,0,0,0
Alzheimer disease,alzheimer,15697,18,Olfactory R,,,,0,0,0
Alzheimer disease,alzheimer,15697,19,Frontal Sup Medial L,0.5359816065761467,0.5551331394607881,0.5431991331072151,93,25,93
Alzheimer disease,alzheimer,15697,20,Frontal Sup Medial R,,,,0,0,0
Alzheimer disease,alzheimer,15697,21,Frontal Med Orb L,0.42942511857320437,0.3678682375048817,0.40579407457941125,93,25,93
Alzheimer disease,alzheimer,15697,22,Frontal Med Orb R,,,,0,0,0
Alzheimer disease,alzheimer,15697,23,Rectus L,0.553058050163446,0.5641272104354965,0.5595843419223744,93,25,93
Alzheimer disease,alzheimer,15697,24,Rectus R,,,,0,0,0
Alzheimer disease,alzheimer,15697,25,OFCmed L,0.4971591097996992,0.4938599403135009,0.4982243587722585,93,25,93
Alzheimer disease,alzheimer,15697,26,OFCmed R,,,,0,0,0
Alzheimer disease,alzheimer,15697,27,OFCant L,0.5676138361236215,0.6009115944306109,0.5966404822885241,93,25,93
Alzheimer disease,alzheimer,15697,28,OFCant R,,,,0,0,0
Alzheimer disease,alzheimer,15697,29,OFCpost L,0.4661102400661349,0.4587735165033544,0.4746105228705717,93,25,93
Alzheimer disease,alzheimer,15697,30,OFCpost R,,,,0,0,0
Alzheimer disease,alzheimer,15697,31,OFClat L,0.5301444704257793,0.5673159027482872,0.5474822089508036,93,25,93
Alzheimer disease,alzheimer,15697,32,OFClat R,,,,0,0,0
Alzheimer disease,alzheimer,15697,33,Insula L,0.5362465434998798,0.5431548300934862,0.5471045963756818,93,25,93
Alzheimer disease,alzheimer,15697,34,Insula R,,,,0,0,0
Alzheimer disease,alzheimer,15697,37,Cingulate Mid L,0.5007375078052765,0.4956623883397192,0.5018878846379702,93,25,93
Alzheimer disease,alzheimer,15697,38,Cingulate Mid R,,,,0,0,0
Alzheimer disease,alzheimer,15697,39,Cingulate Post L,0.5329850125797939,0.5217704587694714,0.5422154327999807,93,25,93
Alzheimer disease,alzheimer,15697,41,Hippocampus L,0.49299317234589213,0.4751016946731729,0.4860385035906474,93,25,93
Alzheimer disease,alzheimer,15697,42,Hippocampus R,,,,0,0,0
Alzheimer disease,alzheimer,15697,43,ParaHippocampal L,0.550521615889059,0.5591822396247795,0.5522139737304775,93,25,93
Alzheimer disease,alzheimer,15697,44,ParaHippocampal R,,,,0,0,0
Alzheimer disease,alzheimer,15697,45,Amygdala L,0.52438508621292,0.5252332062932695,0.528362264477152,93,25,93
Alzheimer disease,alzheimer,15697,46,Amygdala R,,,,0,0,0
Alzheimer disease,alzheimer,15697,47,Calcarine L,0.5107444787613199,0.5307617687665405,0.5124870051880008,93,25,93
Alzheimer disease,alzheimer,15697,48,Calcarine R,,,,0,0,0
Alzheimer disease,alzheimer,15697,49,Cuneus L,0.515517299601029,0.5265404666919831,0.5132904005708301,93,25,93
Alzheimer disease,alzheimer,15697,51,Lingual L,0.5070254025197721,0.5030237470436394,0.49852516541523795,93,25,93
Alzheimer disease,alzheimer,15697,52,Lingual R,,,,0,0,0
Alzheimer disease,alzheimer,15697,53,Occipital Sup L,0.5179720417687522,0.4623074162981044,0.50047740586348,93,25,93
Alzheimer disease,alzheimer,15697,55,Occipital Mid L,0.5215624509228782,0.5351547906077049,0.5206284161641719,93,25,93
Alzheimer disease,alzheimer,15697,56,Occipital Mid R,,,,0,0,0
Alzheimer disease,alzheimer,15697,57,Occipital Inf L,0.5302082909470724,0.5692402709503713,0.5333371197344062,93,25,93
Alzheimer disease,alzheimer,15697,58,Occipital Inf R,,,,0,0,0
Alzheimer disease,alzheimer,15697,59,Fusiform L,0.5299391480702642,0.5271425886812845,0.524201449888276,93,25,93
Alzheimer disease,alzheimer,15697,60,Fusiform R,,,,0,0,0
Alzheimer disease,alzheimer,15697,61,Postcentral L,0.4991672592125742,0.4953889053898517,0.5013504895002728,93,25,93
Alzheimer disease,alzheimer,15697,62,Postcentral R,,,,0,0,0
Alzheimer disease,alzheimer,15697,63,Parietal Sup L,0.5109524515633881,0.5228792902747333,0.5080774390465626,93,25,93
Alzheimer disease,alzheimer,15697,64,Parietal Sup R,,,,0,0,0
Alzheimer disease,alzheimer,15697,65,Parietal Inf L,0.5107778437045559,0.5227671630535288,0.5117830718414308,93,25,93
Alzheimer disease,alzheimer,15697,66,Parietal Inf R,,,,0,0,0
Alzheimer disease,alzheimer,15697,67,SupraMarginal L,0.37595229931715923,0.36505868891888654,0.38140734729370684,93,25,93
Alzheimer disease,alzheimer,15697,68,SupraMarginal R,,,,0,0,0
Alzheimer disease,alzheimer,15697,69,Angular L,,,,0,0,0
Alzheimer disease,alzheimer,15697,70,Angular R,,,,0,0,0
Alzheimer disease,alzheimer,15697,71,Precuneus L,0.4824788319182241,0.4837123092655644,0.47996693233123816,93,25,93
Alzheimer disease,alzheimer,15697,72,Precuneus R,,,,0,0,0
Alzheimer disease,alzheimer,15697,73,Paracentral Lobule L,0.5162077165620711,0.5077000794191006,0.5184631295038461,93,25,93
Alzheimer disease,alzheimer,15697,74,Paracentral Lobule R,,,,0,0,0
Alzheimer disease,alzheimer,15697,75,Caudate L,0.5127138121037917,0.5367816413569924,0.5186797342483502,93,25,93
Alzheimer disease,alzheimer,15697,76,Caudate R,,,,0,0,0
Alzheimer disease,alzheimer,15697,77,Putamen L,0.5075959986340601,0.5292930065239878,0.5102442232709998,93,25,93
Alzheimer disease,alzheimer,15697,78,Putamen R,,,,0,0,0
Alzheimer disease,alzheimer,15697,79,Pallidum L,0.5227529724708454,0.5413443456415569,0.5233643826580664,93,25,93
Alzheimer disease,alzheimer,15697,80,Pallidum R,,,,0,0,0
Alzheimer disease,alzheimer,15697,83,Heschl L,0.5482842523981908,0.5521657865893057,0.5474402645232901,93,25,93
Alzheimer disease,alzheimer,15697,84,Heschl R,,,,0,0,0
Alzheimer disease,alzheimer,15697,85,Temporal Sup L,0.4729275930130635,0.47678326641895097,0.47154020021178167,93,25,93
Alzheimer disease,alzheimer,15697,86,Temporal Sup R,,,,0,0,0
Alzheimer disease,alzheimer,15697,87,Temporal Pole Sup L,0.49372567415172053,0.4760086109340854,0.4916377008449226,93,25,93
Alzheimer disease,alzheimer,15697,88,Temporal Pole Sup R,,,,0,0,0
Alzheimer disease,alzheimer,15697,89,Temporal Mid L,0.4494845352945855,0.43783437943581743,0.4446522892088045,93,25,93
Alzheimer disease,alzheimer,15697,90,Temporal Mid R,,,,0,0,0
Alzheimer disease,alzheimer,15697,91,Temporal Pole Mid L,0.5708963518455169,0.5826324560277004,0.582341229852193,93,25,93
Alzheimer disease,alzheimer,15697,93,Temporal Inf L,0.48651968625926256,0.49266296660432574,0.4872852207150522,93,25,93
Alzheimer disease,alzheimer,15697,94,Temporal Inf R,,,,0,0,0
Alzheimer disease,alzheimer,15697,95,Cerebellum Crus1 L,0.4992461630518392,0.4925678897739937,0.4992402295457911,93,25,93
Alzheimer disease,alzheimer,15697,96,Cerebellum Crus1 R,,,,0,0,0
Alzheimer disease,alzheimer,15697,97,Cerebellum Crus2 L,0.5084263991839574,0.4927546367137502,0.503009965387899,93,25,93
Alzheimer disease,alzheimer,15697,98,Cerebellum Crus2 R,,,,0,0,0
Alzheimer disease,alzheimer,15697,101,Cerebellum 4 5 L,0.489371979113564,0.4704594126702335,0.48529810949012103,93,25,93
Alzheimer disease,alzheimer,15697,102,Cerebellum 4 5 R,,,,0,0,0
Alzheimer disease,alzheimer,15697,103,Cerebellum 6 L,0.5218510755179275,0.5475614078446979,0.525742290329451,93,25,93
Alzheimer disease,alzheimer,15697,104,Cerebellum 6 R,,,,0,0,0
Alzheimer disease,alzheimer,15697,105,Cerebellum 7b L,0.4728754786787588,0.43215034437413385,0.46222812094538857,93,25,93
Alzheimer disease,alzheimer,15697,106,Cerebellum 7b R,,,,0,0,0
Alzheimer disease,alzheimer,15697,107,Cerebellum 8 L,0.49266625393908103,0.4860105069056894,0.49322079311420597,93,25,93
Alzheimer disease,alzheimer,15697,108,Cerebellum 8 R,,,,0,0,0
Alzheimer disease,alzheimer,15697,109,Cerebellum 9 L,,,,0,0,0
Alzheimer disease,alzheimer,15697,110,Cerebellum 9 R,,,,0,0,0
Alzheimer disease,alzheimer,15697,111,Cerebellum 10 L,,,,0,0,0
Alzheimer disease,alzheimer,15697,118,Vermis 8,0.5652461333637377,0.6329194927436406,0.6014742608739845,93,25,93
Alzheimer disease,alzheimer,15697,119,Vermis 9,0.5653241726577714,0.637442040180859,0.58450819794501,93,25,93
Alzheimer disease,alzheimer,15697,121,Thal AV L,0.5168606974112119,0.46911427501729336,0.48493565365071517,93,25,93
Alzheimer disease,alzheimer,15697,122,Thal AV R,,,,0,0,0
Alzheimer disease,alzheimer,15697,125,Thal VA L,0.5056819741752235,0.47698227292508105,0.4901297742025143,93,25,93
Alzheimer disease,alzheimer,15697,127,Thal VL L,0.4906309345464728,0.4101212685256418,0.4445243693864151,93,25,93
Alzheimer disease,alzheimer,15697,128,Thal VL R,,,,0,0,0
Alzheimer disease,alzheimer,15697,129,Thal VPL L,0.5065444090563873,0.46654101762924055,0.48833908044148383,93,25,93
Alzheimer disease,alzheimer,15697,130,Thal VPL R,,,,0,0,0
Alzheimer disease,alzheimer,15697,131,Thal IL L,0.4843108451717421,0.4688286976761619,0.484053248009429,93,25,93
Alzheimer disease,alzheimer,15697,135,Thal MDm L,,,,0,0,0
Alzheimer disease,alzheimer,15697,136,Thal MDm R,,,,0,0,0
Alzheimer disease,alzheimer,15697,137,Thal MDl L,0.43805069766878946,0.3970272674928949,0.4339801443766003,93,25,93
Alzheimer disease,alzheimer,15697,139,Thal LGN L,,,,0,0,0
Alzheimer disease,alzheimer,15697,140,Thal LGN R,,,,0,0,0
Alzheimer disease,alzheimer,15697,141,Thal MGN L,0.45821267609386745,0.41109477092254676,0.4485152471619604,93,25,93
Alzheimer disease,alzheimer,15697,143,Thal PuI L,0.4879357698564555,0.5024896919112158,0.4971064320615188,93,25,93
Alzheimer disease,alzheimer,15697,144,Thal PuI R,,,,0,0,0
Alzheimer disease,alzheimer,15697,145,Thal PuM L,0.49386537058786906,0.49102669105495955,0.4964401412840525,93,25,93
Alzheimer disease,alzheimer,15697,146,Thal PuM R,,,,0,0,0
Alzheimer disease,alzheimer,15697,147,Thal PuA L,,,,0,0,0
Alzheimer disease,alzheimer,15697,148,Thal PuA R,,,,0,0,0
Alzheimer disease,alzheimer,15697,153,ACC pre L,0.5142273824724141,0.4952911639805423,0.5055974465296663,93,25,93
Alzheimer disease,alzheimer,15697,154,ACC pre R,,,,0,0,0
Alzheimer disease,alzheimer,15697,155,ACC sup L,0.5271420477079294,0.5814900412300187,0.5520336640595328,93,25,93
Alzheimer disease,alzheimer,15697,156,ACC sup R,,,,0,0,0
Alzheimer disease,alzheimer,15697,157,N Acc L,0.5002668561688866,0.5148930004562513,0.5030099994158989,93,25,93
Alzheimer disease,alzheimer,15697,158,N Acc R,,,,0,0,0
Alzheimer disease,alzheimer,15697,161,SN pc L,,,,0,0,0
Alzheimer disease,alzheimer,15697,163,SN pr L,0.5227548859655861,0.5079746821442918,0.5230147079624153,93,25,93
Alzheimer disease,alzheimer,15697,164,SN pr R,,,,0,0,0
Alzheimer disease,alzheimer,15697,165,Red N L,0.535694393921117,0.6010703872599439,0.5637091415805828,93,25,93
Alzheimer disease,alzheimer,15697,166,Red N R,,,,0,0,0
Alzheimer disease,alzheimer,15697,167,LC L,,,,0,0,0
Alzheimer disease,alzheimer,15697,168,LC R,,,,0,0,0
Alzheimer disease,alzheimer,15697,169,Raphe D,,,,0,0,0
Alzheimer disease,alzheimer,15697,170,Raphe M,,,,0,0,0
Alzheimer disease,alzheimer,9861,1,Precentral L,0.5093127498269748,0.4981054156654747,0.5032300916925864,93,25,93
Alzheimer disease,alzheimer,9861,2,Precentral R,0.4968988495341366,0.4922835052393871,0.4955923787815612,93,25,93
Alzheimer disease,alzheimer,9861,3,Frontal Sup 2 L,0.48229797242988026,0.4774365456272214,0.47863572471172944,93,25,93
Alzheimer disease,alzheimer,9861,4,Frontal Sup 2 R,0.48174321019016836,0.4964211634282713,0.4911328067043856,93,25,93
Alzheimer disease,alzheimer,9861,5,Frontal Mid 2 L,0.5191288618881863,0.5030752943913044,0.5085239047835163,93,25,93
Alzheimer disease,alzheimer,9861,6,Frontal Mid 2 R,0.49369051585445556,0.49037050545301275,0.48626687293363874,93,25,93
Alzheimer disease,alzheimer,9861,7,Frontal Inf Oper L,0.49586894381911867,0.4888338093269914,0.4923382530974629,93,25,93
Alzheimer disease,alzheimer,9861,8,Frontal Inf Oper R,0.48826200308758905,0.4852226122526497,0.4890566234450301,93,25,93
Alzheimer disease,alzheimer,9861,9,Frontal Inf Tri L,0.5312870280695507,0.5438675473693276,0.5298744179642157,93,25,93
Alzheimer disease,alzheimer,9861,10,Frontal Inf Tri R,0.4807271046173379,0.47215803337896434,0.46860230757326393,93,25,93
Alzheimer disease,alzheimer,9861,11,Frontal Inf Orb 2 L,0.5518327502440858,0.5480733594598359,0.5470951007059534,93,25,93
Alzheimer disease,alzheimer,9861,12,Frontal Inf Orb 2 R,0.5197340764860151,0.5141416504500683,0.5186197620398595,93,25,93
Alzheimer disease,alzheimer,9861,13,Rolandic Oper L,0.47697417761911637,0.4824112723023045,0.47739563965865367,93,25,93
Alzheimer disease,alzheimer,9861,14,Rolandic Oper R,0.5254654185189795,0.5302780388902769,0.525680838983082,93,25,93
Alzheimer disease,alzheimer,9861,15,Supp Motor Area L,0.5288730200216882,0.5275159151244855,0.5267210490009385,93,25,93
Alzheimer disease,alzheimer,9861,16,Supp Motor Area R,0.4602229446343173,0.4486219962559714,0.4643639068170103,93,25,93
Alzheimer disease,alzheimer,9861,17,Olfactory L,0.5080257838786867,0.5171018467767425,0.5089760876681936,93,25,93
Alzheimer disease,alzheimer,9861,18,Olfactory R,0.4943666083013156,0.5333883617659115,0.5003172741673745,93,25,93
Alzheimer disease,alzheimer,9861,19,Frontal Sup Medial L,0.5340762739371485,0.5358344780534069,0.5359740060838494,93,25,93
Alzheimer disease,alzheimer,9861,20,Frontal Sup Medial R,0.5066886997338991,0.5112316803498311,0.5077236662242886,93,25,93
Alzheimer disease,alzheimer,9861,21,Frontal Med Orb L,0.5267237012326019,0.5242208975285302,0.5144452837215016,93,25,93
Alzheimer disease,alzheimer,9861,22,Frontal Med Orb R,0.5224533377142829,0.5586625142236441,0.539887902934008,93,25,93
Alzheimer disease,alzheimer,9861,23,Rectus L,0.42773488528513975,0.4227821757339918,0.43653151993459144,93,25,93
Alzheimer disease,alzheimer,9861,24,Rectus R,0.5256724289330507,0.526441707638402,0.5265387590587315,93,25,93
Alzheimer disease,alzheimer,9861,25,OFCmed L,0.5463427776252898,0.5936188915369868,0.5561294124158231,93,25,93
Alzheimer disease,alzheimer,9861,26,OFCmed R,0.5117456395600934,0.5061053133525063,0.5068893182524247,93,25,93
Alzheimer disease,alzheimer,9861,27,OFCant L,0.519848770031708,0.5502209630283071,0.5333363853982951,93,25,93
Alzheimer disease,alzheimer,9861,28,OFCant R,0.44154239578805105,0.4451479854021126,0.45863057590350437,93,25,93
Alzheimer disease,alzheimer,9861,29,OFCpost L,0.47362507618402977,0.531574651249873,0.502507107460994,93,25,93
Alzheimer disease,alzheimer,9861,30,OFCpost R,0.5191495769866766,0.5352340207376739,0.5205410163907649,93,25,93
Alzheimer disease,alzheimer,9861,31,OFClat L,,,,0,0,0
Alzheimer disease,alzheimer,9861,32,OFClat R,0.5390584857396448,0.5385441236496135,0.5370536955668637,93,25,93
Alzheimer disease,alzheimer,9861,33,Insula L,0.5060130652613641,0.5042135174459225,0.4963812198159659,93,25,93
Alzheimer disease,alzheimer,9861,34,Insula R,0.5087949949998876,0.4932596258632797,0.5013293332599256,93,25,93
Alzheimer disease,alzheimer,9861,37,Cingulate Mid L,0.475048899547539,0.4763428529583768,0.4812395016390727,93,25,93
Alzheimer disease,alzheimer,9861,38,Cingulate Mid R,0.4949228460946275,0.47902516843820075,0.4855208252619012,93,25,93
Alzheimer disease,alzheimer,9861,39,Cingulate Post L,0.5274611703333256,0.5202977238894042,0.5133804706118641,93,25,93
Alzheimer disease,alzheimer,9861,41,Hippocampus L,0.49023670871416314,0.4700197106157026,0.4785547023504497,93,25,93
Alzheimer disease,alzheimer,9861,42,Hippocampus R,0.4846713922317217,0.47286496936852246,0.47986859679950344,93,25,93
Alzheimer disease,alzheimer,9861,43,ParaHippocampal L,0.5010550754084729,0.47611569532373205,0.4963397144210432,93,25,93
Alzheimer disease,alzheimer,9861,44,ParaHippocampal R,0.5290256733039841,0.5291559012310884,0.523959611418485,93,25,93
Alzheimer disease,alzheimer,9861,45,Amygdala L,0.503506367888731,0.4502904980209167,0.4836112311645679,93,25,93
Alzheimer disease,alzheimer,9861,46,Amygdala R,0.397207370880835,0.31155896470808914,0.35579958918245286,93,25,93
Alzheimer disease,alzheimer,9861,47,Calcarine L,0.4852005418618843,0.5309284012824761,0.509087513967172,93,25,93
Alzheimer disease,alzheimer,9861,48,Calcarine R,0.4331481155065177,0.4562320671753236,0.44961442376752886,93,25,93
Alzheimer disease,alzheimer,9861,49,Cuneus L,,,,0,0,0
Alzheimer disease,alzheimer,9861,51,Lingual L,0.49563144897570416,0.5458484650309398,0.5149868388787523,93,25,93
Alzheimer disease,alzheimer,9861,52,Lingual R,0.49496123287241517,0.5442476265633545,0.5095169453660996,93,25,93
Alzheimer disease,alzheimer,9861,53,Occipital Sup L,,,,0,0,0
Alzheimer disease,alzheimer,9861,55,Occipital Mid L,0.4893522302241477,0.49894248883240266,0.4921046784011708,93,25,93
Alzheimer disease,alzheimer,9861,56,Occipital Mid R,0.4988851578262908,0.5199296372833802,0.5110174381811936,93,25,93
Alzheimer disease,alzheimer,9861,57,Occipital Inf L,0.5026018957606572,0.5490966673082626,0.5154583862031502,93,25,93
Alzheimer disease,alzheimer,9861,58,Occipital Inf R,0.49769254205710173,0.5237564848354165,0.5148582819198926,93,25,93
Alzheimer disease,alzheimer,9861,59,Fusiform L,0.4825118784806096,0.4755539433919935,0.4793552809627206,93,25,93
Alzheimer disease,alzheimer,9861,60,Fusiform R,0.5047514875733109,0.47933863341499156,0.48963032135089424,93,25,93
Alzheimer disease,alzheimer,9861,61,Postcentral L,0.4957268484765598,0.514841042470334,0.5073998349692799,93,25,93
Alzheimer disease,alzheimer,9861,62,Postcentral R,0.4967948492401668,0.517727984246132,0.5063794012323669,93,25,93
Alzheimer disease,alzheimer,9861,63,Parietal Sup L,0.5012258692227489,0.5219701405900021,0.5116658702728076,93,25,93
Alzheimer disease,alzheimer,9861,64,Parietal Sup R,0.4888798845067732,0.45975956270682666,0.4776114888560833,93,25,93
Alzheimer disease,alzheimer,9861,65,Parietal Inf L,0.48713468224568407,0.48731368000234027,0.4823729921506429,93,25,93
Alzheimer disease,alzheimer,9861,66,Parietal Inf R,0.48361839095587533,0.519617502504678,0.5029002342919375,93,25,93
Alzheimer disease,alzheimer,9861,67,SupraMarginal L,0.45600795621433177,0.49229753976443397,0.483410644419165,93,25,93
Alzheimer disease,alzheimer,9861,68,SupraMarginal R,0.5033941659855742,0.5105755717476774,0.49790436360149504,93,25,93
Alzheimer disease,alzheimer,9861,69,Angular L,0.49582919676959386,0.5240326483821184,0.5136809577387929,93,25,93
Alzheimer disease,alzheimer,9861,70,Angular R,0.48336452548644476,0.47274356832786085,0.47817209204892774,93,25,93
Alzheimer disease,alzheimer,9861,71,Precuneus L,0.5157863678226359,0.5430356919221471,0.5212012434847817,93,25,93
Alzheimer disease,alzheimer,9861,72,Precuneus R,0.47586265532832717,0.4724299556302434,0.47067524879339473,93,25,93
Alzheimer disease,alzheimer,9861,73,Paracentral Lobule L,0.4726621711475386,0.4701276976665219,0.46434621120752223,93,25,93
Alzheimer disease,alzheimer,9861,74,Paracentral Lobule R,0.4747800350480426,0.45671107492998625,0.47422422212586934,93,25,93
Alzheimer disease,alzheimer,9861,75,Caudate L,0.5246021758991581,0.5075780548190911,0.5130293016708263,93,25,93
Alzheimer disease,alzheimer,9861,76,Caudate R,0.515395756132758,0.5059942822971814,0.5052308288777861,93,25,93
Alzheimer disease,alzheimer,9861,77,Putamen L,0.4949099279689227,0.47798503786960295,0.48257574927582014,93,25,93
Alzheimer disease,alzheimer,9861,78,Putamen R,0.47845154860809946,0.45605699814102557,0.46339866467321217,93,25,93
Alzheimer disease,alzheimer,9861,79,Pallidum L,0.5390937821658616,0.5633625358027051,0.549118421128944,93,25,93
Alzheimer disease,alzheimer,9861,80,Pallidum R,0.561038874038858,0.6023462277333992,0.5820735039548927,93,25,93
Alzheimer disease,alzheimer,9861,83,Heschl L,0.5145323968720393,0.5739298527674028,0.5412068775196064,93,25,93
Alzheimer disease,alzheimer,9861,84,Heschl R,0.5296877282303845,0.583952948929095,0.5486137153703524,93,25,93
Alzheimer disease,alzheimer,9861,85,Temporal Sup L,0.4993016694066132,0.4891769529549339,0.49764790380728796,93,25,93
Alzheimer disease,alzheimer,9861,86,Temporal Sup R,0.4856545955178573,0.46797297314672287,0.47460386955534045,93,25,93
Alzheimer disease,alzheimer,9861,87,Temporal Pole Sup L,0.5304945940467449,0.4935213615945593,0.5056475572430617,93,25,93
Alzheimer disease,alzheimer,9861,88,Temporal Pole Sup R,0.522486517982118,0.5300032016994103,0.5177306445807315,93,25,93
Alzheimer disease,alzheimer,9861,89,Temporal Mid L,0.5023272048892611,0.49386808708350494,0.4965550675469957,93,25,93
Alzheimer disease,alzheimer,9861,90,Temporal Mid R,0.5113474225269425,0.48916583774219263,0.49311343193465584,93,25,93
Alzheimer disease,alzheimer,9861,91,Temporal Pole Mid L,,,,0,0,0
Alzheimer disease,alzheimer,9861,93,Temporal Inf L,0.5120739919786083,0.49508323631450213,0.49983455744050637,93,25,93
Alzheimer disease,alzheimer,9861,94,Temporal Inf R,0.5105678941435947,0.4971263433238618,0.5028594449364894,93,25,93
Alzheimer disease,alzheimer,9861,95,Cerebellum Crus1 L,0.4548510375260989,0.42824516560247383,0.4433138432922602,93,25,93
Alzheimer disease,alzheimer,9861,96,Cerebellum Crus1 R,0.5642396612567473,0.5461293490717514,0.5490705420024634,93,25,93
Alzheimer disease,alzheimer,9861,97,Cerebellum Crus2 L,0.5348288425415034,0.488649302485648,0.5106323298934433,93,25,93
Alzheimer disease,alzheimer,9861,98,Cerebellum Crus2 R,0.5758031393747487,0.5207200297443785,0.5458941318500763,93,25,93
Alzheimer disease,alzheimer,9861,101,Cerebellum 4 5 L,0.4933641317278817,0.4767175509531774,0.4927096605753264,93,25,93
Alzheimer disease,alzheimer,9861,102,Cerebellum 4 5 R,0.5237969061639787,0.4941534310807523,0.5095536337226134,93,25,93
Alzheimer disease,alzheimer,9861,103,Cerebellum 6 L,0.5564424974469182,0.5318631319506366,0.5381336844642617,93,25,93
Alzheimer disease,alzheimer,9861,104,Cerebellum 6 R,0.46070920485608585,0.4105463565313322,0.441815173832255,93,25,93
Alzheimer disease,alzheimer,9861,105,Cerebellum 7b L,0.5392928675510357,0.46335250364684,0.5063687646396904,93,25,93
Alzheimer disease,alzheimer,9861,106,Cerebellum 7b R,0.5905797566673963,0.5055246650022183,0.5534020738810126,93,25,93
Alzheimer disease,alzheimer,9861,107,Cerebellum 8 L,0.5656431894979955,0.5126729925623533,0.542372716759871,93,25,93
Alzheimer disease,alzheimer,9861,108,Cerebellum 8 R,0.5262733092038073,0.5353435575125615,0.5277482279142158,93,25,93
Alzheimer disease,alzheimer,9861,109,Cerebellum 9 L,0.45611206153687933,0.3751550377356853,0.4384577978084744,93,25,93
Alzheimer disease,alzheimer,9861,110,Cerebellum 9 R,0.5274064344711141,0.44593414434122736,0.4890055085376166,93,25,93
Alzheimer disease,alzheimer,9861,111,Cerebellum 10 L,,,,0,0,0
Alzheimer disease,alzheimer,9861,118,Vermis 8,0.4464688435336646,0.446326244375008,0.4441249136374321,93,25,93
Alzheimer disease,alzheimer,9861,119,Vermis 9,0.46981826532590715,0.5083041975528922,0.48874363876294363,93,25,93
Alzheimer disease,alzheimer,9861,121,Thal AV L,0.5262557506897766,0.49104527723720964,0.5108169243357195,93,25,93
Alzheimer disease,alzheimer,9861,122,Thal AV R,0.5117091852644392,0.5197388437494043,0.5224244818363462,93,25,93
Alzheimer disease,alzheimer,9861,125,Thal VA L,0.5514877321884831,0.5712682137403845,0.5563738063932914,93,25,93
Alzheimer disease,alzheimer,9861,127,Thal VL L,0.5018129332989835,0.5355793629085985,0.5115459446297769,93,25,93
Alzheimer disease,alzheimer,9861,128,Thal VL R,0.5175465531005149,0.51858456777215,0.5193972277829658,93,25,93
Alzheimer disease,alzheimer,9861,129,Thal VPL L,0.5028044818133737,0.48762151559430217,0.49790748377177874,93,25,93
Alzheimer disease,alzheimer,9861,130,Thal VPL R,0.5387490437414361,0.5233380770728316,0.5366216636817837,93,25,93
Alzheimer disease,alzheimer,9861,131,Thal IL L,0.5177714339967842,0.5174488176117551,0.5195094850388067,93,25,93
Alzheimer disease,alzheimer,9861,135,Thal MDm L,0.4064194990231077,0.39223221233361794,0.40685155800555534,93,25,93
Alzheimer disease,alzheimer,9861,136,Thal MDm R,0.4960156420319054,0.5512358501551691,0.5203517521071116,93,25,93
Alzheimer disease,alzheimer,9861,137,Thal MDl L,0.5153852340643116,0.559597948672106,0.5309640099296762,93,25,93
Alzheimer disease,alzheimer,9861,139,Thal LGN L,0.5031090435345421,0.5342923062258685,0.5178527848860858,93,25,93
Alzheimer disease,alzheimer,9861,140,Thal LGN R,0.51243613393856,0.5219305054133204,0.5186740132103871,93,25,93
Alzheimer disease,alzheimer,9861,141,Thal MGN L,0.5333897741402337,0.5495464884929601,0.54550567803076,93,25,93
Alzheimer disease,alzheimer,9861,143,Thal PuI L,0.5696207729818323,0.6383703751951236,0.5805655159053985,93,25,93
Alzheimer disease,alzheimer,9861,144,Thal PuI R,0.5581715890027247,0.6124493566070582,0.5769924369968231,93,25,93
Alzheimer disease,alzheimer,9861,145,Thal PuM L,0.576373964731342,0.6466203543538421,0.5993258077958733,93,25,93
Alzheimer disease,alzheimer,9861,146,Thal PuM R,0.519553569587631,0.5638884139541447,0.5368769381458,93,25,93
Alzheimer disease,alzheimer,9861,147,Thal PuA L,0.5696369993325385,0.6291270604377155,0.5922012683652168,93,25,93
Alzheimer disease,alzheimer,9861,148,Thal PuA R,0.5047540605591246,0.5281633980880024,0.5055103770273509,93,25,93
Alzheimer disease,alzheimer,9861,153,ACC pre L,,,,0,0,0
Alzheimer disease,alzheimer,9861,154,ACC pre R,0.5237994630161514,0.5332992465782538,0.5258344026909336,93,25,93
Alzheimer disease,alzheimer,9861,155,ACC sup L,0.510015022106161,0.4860937069223026,0.49788181346870264,93,25,93
Alzheimer disease,alzheimer,9861,156,ACC sup R,0.5204134410624061,0.5053161540361887,0.5041251846414861,93,25,93
Alzheimer disease,alzheimer,9861,157,N Acc L,0.5044861596298934,0.4425007138410389,0.4811500541323674,93,25,93
Alzheimer disease,alzheimer,9861,158,N Acc R,0.538199009156722,0.49538265608702126,0.5130898997495841,93,25,93
Alzheimer disease,alzheimer,9861,161,SN pc L,,,,0,0,0
Alzheimer disease,alzheimer,9861,163,SN pr L,,,,0,0,0
Alzheimer disease,alzheimer,9861,164,SN pr R,0.4922451545394065,0.5351298823731557,0.5256510019291681,93,25,93
Alzheimer disease,alzheimer,9861,165,Red N L,0.46883620065954296,0.49779573825449897,0.4857498929634085,93,25,93
Alzheimer disease,alzheimer,9861,166,Red N R,0.520860161969028,0.534323320001646,0.5272122771564111,93,25,93
Alzheimer disease,alzheimer,9861,167,LC L,0.49836153685629864,0.49774865264693247,0.5016348042675042,93,25,93
Alzheimer disease,alzheimer,9861,168,LC R,0.45646950510395556,0.43001422528712807,0.46147092081236657,93,25,93
Alzheimer disease,alzheimer,9861,169,Raphe D,0.4742776415952891,0.4681545233393923,0.4749041941831307,93,25,93
Alzheimer disease,alzheimer,9861,170,Raphe M,0.4751282193756651,0.46874492967347314,0.473672018796009,93,25,93
Amyotrophic lateral sclerosis,als,10021,1,Precentral L,0.5241518055559893,0.6069525102931903,0.5362519967810384,22,7,22
Amyotrophic lateral sclerosis,als,10021,2,Precentral R,0.5381798866744697,0.6147353961486611,0.5536524715031048,22,7,22
Amyotrophic lateral sclerosis,als,10021,3,Frontal Sup 2 L,0.5433667388469585,0.5275249296383346,0.5326722185601612,22,7,22
Amyotrophic lateral sclerosis,als,10021,4,Frontal Sup 2 R,0.5347276884321497,0.6018524749608082,0.5446014717866908,22,7,22
Amyotrophic lateral sclerosis,als,10021,5,Frontal Mid 2 L,0.5495796851891759,0.6402501306152394,0.5780612771180424,22,7,22
Amyotrophic lateral sclerosis,als,10021,6,Frontal Mid 2 R,0.5252448340850855,0.5872863643061222,0.5286745063377629,22,7,22
Amyotrophic lateral sclerosis,als,10021,7,Frontal Inf Oper L,,,,0,0,0
Amyotrophic lateral sclerosis,als,10021,8,Frontal Inf Oper R,0.4801457056281361,0.5138861510188544,0.47814729366682873,22,7,22
Amyotrophic lateral sclerosis,als,10021,9,Frontal Inf Tri L,0.5359107103576363,0.5924223243376115,0.5451793945974623,22,7,22
Amyotrophic lateral sclerosis,als,10021,10,Frontal Inf Tri R,0.5254225980363183,0.623164046323467,0.5649419003397578,22,7,22
Amyotrophic lateral sclerosis,als,10021,11,Frontal Inf Orb 2 L,0.5214901308619234,0.6535291641410391,0.5704337787352913,22,7,22
Amyotrophic lateral sclerosis,als,10021,12,Frontal Inf Orb 2 R,0.521925873981972,0.662516141596203,0.5699905644720689,22,7,22
Amyotrophic lateral sclerosis,als,10021,13,Rolandic Oper L,0.5527101689034214,0.5394342328044647,0.5579004033452233,22,7,22
Amyotrophic lateral sclerosis,als,10021,14,Rolandic Oper R,0.5436742590545752,0.47711133372385145,0.5168161306783521,22,7,22
Amyotrophic lateral sclerosis,als,10021,15,Supp Motor Area L,0.3481549252351348,0.2681816171188869,0.2960239745884911,22,7,22
Amyotrophic lateral sclerosis,als,10021,16,Supp Motor Area R,0.544403048516235,0.5695007232545442,0.5433157205852777,22,7,22
Amyotrophic lateral sclerosis,als,10021,17,Olfactory L,0.4514868957744516,0.4066029882224302,0.4371032864404562,22,7,22
Amyotrophic lateral sclerosis,als,10021,18,Olfactory R,0.39901418948515366,0.27182986522198643,0.3604338130241886,22,7,22
Amyotrophic lateral sclerosis,als,10021,19,Frontal Sup Medial L,0.5440144032096946,0.5737445300579601,0.5528248263958431,22,7,22
Amyotrophic lateral sclerosis,als,10021,20,Frontal Sup Medial R,0.5776069196867076,0.5960234662138771,0.5798486647204134,22,7,22
Amyotrophic lateral sclerosis,als,10021,21,Frontal Med Orb L,0.5336554058379795,0.4937354574761702,0.5171871859225512,22,7,22
Amyotrophic lateral sclerosis,als,10021,22,Frontal Med Orb R,0.5257013327125168,0.49313109184918036,0.51670179522839,22,7,22
Amyotrophic lateral sclerosis,als,10021,23,Rectus L,0.46875213167879237,0.4591771222082572,0.4612022024855703,22,7,22
Amyotrophic lateral sclerosis,als,10021,24,Rectus R,0.5205278474457818,0.5066044031656299,0.5199023446051058,22,7,22
Amyotrophic lateral sclerosis,als,10021,25,OFCmed L,0.49591313810950555,0.510166109813281,0.49315232184483504,22,7,22
Amyotrophic lateral sclerosis,als,10021,26,OFCmed R,0.5278770346671929,0.4878180099507966,0.5281014329647105,22,7,22
Amyotrophic lateral sclerosis,als,10021,27,OFCant L,0.5357442935655167,0.6236048629781544,0.5520275859725082,22,7,22
Amyotrophic lateral sclerosis,als,10021,28,OFCant R,0.5408193891787172,0.5541043634571645,0.5449923116341011,22,7,22
Amyotrophic lateral sclerosis,als,10021,29,OFCpost L,0.4300007278163912,0.42869622024738846,0.42398518148409864,22,7,22
Amyotrophic lateral sclerosis,als,10021,30,OFCpost R,0.5019782875433104,0.3701376033741225,0.4483588149267547,22,7,22
Amyotrophic lateral sclerosis,als,10021,31,OFClat L,,,,0,0,0
Amyotrophic lateral sclerosis,als,10021,32,OFClat R,0.49322022587158615,0.6110904114175015,0.5421604487873926,22,7,22
Amyotrophic lateral sclerosis,als,10021,33,Insula L,0.5256366004469387,0.530535147769008,0.5258236281524278,22,7,22
Amyotrophic lateral sclerosis,als,10021,34,Insula R,0.5183956678431049,0.5276070439849682,0.5195197105676153,22,7,22
Amyotrophic lateral sclerosis,als,10021,37,Cingulate Mid L,0.46759023469392225,0.48198312039603436,0.4552384840885254,22,7,22
Amyotrophic lateral sclerosis,als,10021,38,Cingulate Mid R,0.45655841866174124,0.4369994028792365,0.43882944944690144,22,7,22
Amyotrophic lateral sclerosis,als,10021,39,Cingulate Post L,0.575290697344763,0.630762614726574,0.6073869138068625,22,7,22
Amyotrophic lateral sclerosis,als,10021,41,Hippocampus L,0.46983978344069893,0.36730215006723893,0.42347234966994696,22,7,22
Amyotrophic lateral sclerosis,als,10021,42,Hippocampus R,0.505069070644848,0.43400833207043765,0.4792671051075305,22,7,22
Amyotrophic lateral sclerosis,als,10021,43,ParaHippocampal L,0.5220135808400843,0.6346725423904885,0.5529684637641671,22,7,22
Amyotrophic lateral sclerosis,als,10021,44,ParaHippocampal R,0.4886614489927107,0.5023069254174628,0.4895973608960997,22,7,22
Amyotrophic lateral sclerosis,als,10021,45,Amygdala L,0.5458453671492658,0.4847810963419604,0.5177169534077694,22,7,22
Amyotrophic lateral sclerosis,als,10021,46,Amygdala R,0.552855229913065,0.39038352592836645,0.5004719211018429,22,7,22
Amyotrophic lateral sclerosis,als,10021,47,Calcarine L,0.5300149230170905,0.4882566517173496,0.5426903465965488,22,7,22
Amyotrophic lateral sclerosis,als,10021,48,Calcarine R,0.5181376090672033,0.5400940967319791,0.5423340834562406,22,7,22
Amyotrophic lateral sclerosis,als,10021,49,Cuneus L,0.5860714490321443,0.41412008295740943,0.5641857290615397,22,7,22
Amyotrophic lateral sclerosis,als,10021,51,Lingual L,0.49212063860914773,0.45032211959494994,0.4862390052607983,22,7,22
Amyotrophic lateral sclerosis,als,10021,52,Lingual R,0.5365414679008365,0.5486645216004609,0.5508709793406279,22,7,22
Amyotrophic lateral sclerosis,als,10021,53,Occipital Sup L,0.5907732903399497,0.5411054584509757,0.5996870712450111,22,7,22
Amyotrophic lateral sclerosis,als,10021,55,Occipital Mid L,0.5421221032401523,0.520714609584132,0.5583800498550229,22,7,22
Amyotrophic lateral sclerosis,als,10021,56,Occipital Mid R,0.5444411303607836,0.5394781666131571,0.5600512496425075,22,7,22
Amyotrophic lateral sclerosis,als,10021,57,Occipital Inf L,0.5420924976164833,0.674644972880248,0.5942695648010339,22,7,22
Amyotrophic lateral sclerosis,als,10021,58,Occipital Inf R,0.5537197855492736,0.593677543523972,0.5741428686697535,22,7,22
Amyotrophic lateral sclerosis,als,10021,59,Fusiform L,0.47405799707648233,0.39736452574335057,0.4473108100537527,22,7,22
Amyotrophic lateral sclerosis,als,10021,60,Fusiform R,0.4500108874984963,0.3822276944154718,0.4192582454492478,22,7,22
Amyotrophic lateral sclerosis,als,10021,61,Postcentral L,0.5575983873854082,0.5536081909738225,0.5554342333477412,22,7,22
Amyotrophic lateral sclerosis,als,10021,62,Postcentral R,0.5165333687480058,0.5747211125354454,0.5369646263060992,22,7,22
Amyotrophic lateral sclerosis,als,10021,63,Parietal Sup L,0.5575082715988429,0.5520080338857245,0.5568327646336749,22,7,22
Amyotrophic lateral sclerosis,als,10021,64,Parietal Sup R,0.4721776233037726,0.5423129291037581,0.47018324063227657,22,7,22
Amyotrophic lateral sclerosis,als,10021,65,Parietal Inf L,0.5501980437663803,0.4592414263590579,0.5100545327211017,22,7,22
Amyotrophic lateral sclerosis,als,10021,66,Parietal Inf R,0.5157056260027636,0.5275911900108734,0.5168787060330045,22,7,22
Amyotrophic lateral sclerosis,als,10021,67,SupraMarginal L,0.526094427377068,0.5030099018781832,0.5195235857875348,22,7,22
Amyotrophic lateral sclerosis,als,10021,68,SupraMarginal R,0.4600075608655391,0.4329817216623629,0.449500819582635,22,7,22
Amyotrophic lateral sclerosis,als,10021,69,Angular L,0.5352288646742206,0.5188296356590917,0.5323730414667844,22,7,22
Amyotrophic lateral sclerosis,als,10021,70,Angular R,0.4731130688098288,0.4966914814824964,0.46856384382151095,22,7,22
Amyotrophic lateral sclerosis,als,10021,71,Precuneus L,0.4715760325965634,0.5023384185741464,0.4801485715647893,22,7,22
Amyotrophic lateral sclerosis,als,10021,72,Precuneus R,0.4831089127015698,0.49609225186133793,0.4735377953103767,22,7,22
Amyotrophic lateral sclerosis,als,10021,73,Paracentral Lobule L,0.5142973998387128,0.6262333323614094,0.5471696507295798,22,7,22
Amyotrophic lateral sclerosis,als,10021,74,Paracentral Lobule R,0.6502369053524812,0.6638232881444607,0.655837180748499,22,7,22
Amyotrophic lateral sclerosis,als,10021,75,Caudate L,0.5209301982210912,0.5363810859549669,0.5163481848886711,22,7,22
Amyotrophic lateral sclerosis,als,10021,76,Caudate R,0.5143078327187999,0.5318483922689478,0.513246079614062,22,7,22
Amyotrophic lateral sclerosis,als,10021,77,Putamen L,0.5169247913259933,0.5321410577916589,0.5067594482648111,22,7,22
Amyotrophic lateral sclerosis,als,10021,78,Putamen R,0.541348533742388,0.5235007899861369,0.5186309869386659,22,7,22
Amyotrophic lateral sclerosis,als,10021,79,Pallidum L,0.5402828078324551,0.5871072129426953,0.5396172427957195,22,7,22
Amyotrophic lateral sclerosis,als,10021,80,Pallidum R,0.5527946691050732,0.6299224165900915,0.5586405744784912,22,7,22
Amyotrophic lateral sclerosis,als,10021,83,Heschl L,0.5653586252744348,0.694811007603924,0.6268523185473794,22,7,22
Amyotrophic lateral sclerosis,als,10021,84,Heschl R,0.5974131319048235,0.5874883743735346,0.5979515922046367,22,7,22
Amyotrophic lateral sclerosis,als,10021,85,Temporal Sup L,0.4957599722643861,0.4876525056963075,0.5034860015668833,22,7,22
Amyotrophic lateral sclerosis,als,10021,86,Temporal Sup R,0.4923185709909051,0.4962296615142795,0.4924751142261888,22,7,22
Amyotrophic lateral sclerosis,als,10021,87,Temporal Pole Sup L,0.4770996065069793,0.39680483228793756,0.4622118335550082,22,7,22
Amyotrophic lateral sclerosis,als,10021,88,Temporal Pole Sup R,0.47819810741391444,0.4174538798667354,0.45345844198058605,22,7,22
Amyotrophic lateral sclerosis,als,10021,89,Temporal Mid L,0.5029957348508025,0.47991749884020646,0.48930997874605914,22,7,22
Amyotrophic lateral sclerosis,als,10021,90,Temporal Mid R,0.4915270240486707,0.4644698070145355,0.48443446699304477,22,7,22
Amyotrophic lateral sclerosis,als,10021,91,Temporal Pole Mid L,,,,0,0,0
Amyotrophic lateral sclerosis,als,10021,93,Temporal Inf L,0.48704992372902817,0.439684868665279,0.4763393675172534,22,7,22
Amyotrophic lateral sclerosis,als,10021,94,Temporal Inf R,0.48887959291223526,0.4219402079764968,0.47254338882591934,22,7,22
Amyotrophic lateral sclerosis,als,10021,95,Cerebellum Crus1 L,0.4978697028214059,0.34107920355360427,0.45125422615859395,22,7,22
Amyotrophic lateral sclerosis,als,10021,96,Cerebellum Crus1 R,0.49368049996767965,0.43382039198607375,0.4785041696731354,22,7,22
Amyotrophic lateral sclerosis,als,10021,97,Cerebellum Crus2 L,0.4754881437123345,0.45191440299210617,0.4669422589894556,22,7,22
Amyotrophic lateral sclerosis,als,10021,98,Cerebellum Crus2 R,0.5178643750204284,0.5532602593812025,0.5132739736025552,22,7,22
Amyotrophic lateral sclerosis,als,10021,101,Cerebellum 4 5 L,0.6138237520905033,0.5504246211532762,0.598714334579,22,7,22
Amyotrophic lateral sclerosis,als,10021,102,Cerebellum 4 5 R,0.5487021138975324,0.4538060509948315,0.5395384296662165,22,7,22
Amyotrophic lateral sclerosis,als,10021,103,Cerebellum 6 L,0.5259700435833371,0.3941407458514057,0.4917692904256688,22,7,22
Amyotrophic lateral sclerosis,als,10021,104,Cerebellum 6 R,0.5158969822312696,0.43266460292042414,0.5078280981462157,22,7,22
Amyotrophic lateral sclerosis,als,10021,105,Cerebellum 7b L,0.4891392334092389,0.4290868263105944,0.4512707724383666,22,7,22
Amyotrophic lateral sclerosis,als,10021,106,Cerebellum 7b R,0.42318699404716925,0.3676311767812278,0.4084287335201032,22,7,22
Amyotrophic lateral sclerosis,als,10021,107,Cerebellum 8 L,0.4294073979082988,0.4509748451430871,0.42697023524814615,22,7,22
Amyotrophic lateral sclerosis,als,10021,108,Cerebellum 8 R,0.5130054343920546,0.5617938743913262,0.537984149831468,22,7,22
Amyotrophic lateral sclerosis,als,10021,109,Cerebellum 9 L,0.5203994500487852,0.5800095898873091,0.5325929877703679,22,7,22
Amyotrophic lateral sclerosis,als,10021,110,Cerebellum 9 R,0.4428926573660894,0.48721357790726244,0.4372199905744261,22,7,22
Amyotrophic lateral sclerosis,als,10021,111,Cerebellum 10 L,,,,0,0,0
Amyotrophic lateral sclerosis,als,10021,118,Vermis 8,0.545871986887882,0.7895077599342859,0.5723948247108475,22,7,22
Amyotrophic lateral sclerosis,als,10021,119,Vermis 9,0.4529457490816974,0.5962989966250802,0.46764795912516893,22,7,22
Amyotrophic lateral sclerosis,als,10021,121,Thal AV L,,,,0,0,0
Amyotrophic lateral sclerosis,als,10021,122,Thal AV R,0.6237435527291204,0.7022624245103242,0.6540036620254059,22,7,22
Amyotrophic lateral sclerosis,als,10021,125,Thal VA L,0.556550394038844,0.6342312209519664,0.5758250020687241,22,7,22
Amyotrophic lateral sclerosis,als,10021,127,Thal VL L,0.5646605434679117,0.6858091107953725,0.6031788820705943,22,7,22
Amyotrophic lateral sclerosis,als,10021,128,Thal VL R,0.5410097904338641,0.5931229978163406,0.5681985759440833,22,7,22
Amyotrophic lateral sclerosis,als,10021,129,Thal VPL L,0.5012071280995044,0.6380103063682971,0.5258959151015518,22,7,22
Amyotrophic lateral sclerosis,als,10021,130,Thal VPL R,0.584683034289202,0.7087813502440042,0.6465249452106807,22,7,22
Amyotrophic lateral sclerosis,als,10021,131,Thal IL L,0.616236252639628,0.7568184022151785,0.6755594221594051,22,7,22
Amyotrophic lateral sclerosis,als,10021,135,Thal MDm L,0.52221785444652,0.5581296595019166,0.5483619282512383,22,7,22
Amyotrophic lateral sclerosis,als,10021,136,Thal MDm R,0.519388863376217,0.5424638542994135,0.5363144451308469,22,7,22
Amyotrophic lateral sclerosis,als,10021,137,Thal MDl L,,,,0,0,0
Amyotrophic lateral sclerosis,als,10021,139,Thal LGN L,0.523174622452262,0.5460904449641101,0.5417026381814511,22,7,22
Amyotrophic lateral sclerosis,als,10021,140,Thal LGN R,0.5369953824942256,0.6450715262383359,0.5641936476450904,22,7,22
Amyotrophic lateral sclerosis,als,10021,141,Thal MGN L,,,,0,0,0
Amyotrophic lateral sclerosis,als,10021,143,Thal PuI L,,,,0,0,0
Amyotrophic lateral sclerosis,als,10021,144,Thal PuI R,0.5366066451162353,0.6461126885777608,0.5980947462000423,22,7,22
Amyotrophic lateral sclerosis,als,10021,145,Thal PuM L,0.5600084482612849,0.5920429622582878,0.5872957986414145,22,7,22
Amyotrophic lateral sclerosis,als,10021,146,Thal PuM R,0.5067580875874879,0.5113387657776188,0.5267938329880322,22,7,22
Amyotrophic lateral sclerosis,als,10021,147,Thal PuA L,,,,0,0,0
Amyotrophic lateral sclerosis,als,10021,148,Thal PuA R,0.5834092806800147,0.7548230684896114,0.6400534228718024,22,7,22
Amyotrophic lateral sclerosis,als,10021,153,ACC pre L,0.39565558244436083,0.2766427217802828,0.31906466587505256,22,7,22
Amyotrophic lateral sclerosis,als,10021,154,ACC pre R,0.5609583413921387,0.5510801658125295,0.5560282860851562,22,7,22
Amyotrophic lateral sclerosis,als,10021,155,ACC sup L,0.46219918855784575,0.45486771091723105,0.4407291541340293,22,7,22
Amyotrophic lateral sclerosis,als,10021,156,ACC sup R,0.5127072755125212,0.49284114371304705,0.497563259932058,22,7,22
Amyotrophic lateral sclerosis,als,10021,157,N Acc L,,,,0,0,0
Amyotrophic lateral sclerosis,als,10021,158,N Acc R,0.5272049174367532,0.403328066296054,0.46125015676200726,22,7,22
Amyotrophic lateral sclerosis,als,10021,161,SN pc L,0.5632843865704058,0.7104816033915001,0.6197442601660306,22,7,22
Amyotrophic lateral sclerosis,als,10021,163,SN pr L,0.4965853539212452,0.5512999186513703,0.5238678390004129,22,7,22
Amyotrophic lateral sclerosis,als,10021,164,SN pr R,0.5058078307318643,0.5512826913215089,0.5160429815961942,22,7,22
Amyotrophic lateral sclerosis,als,10021,165,Red N L,0.5677865421127293,0.6317026191760229,0.6101689950544544,22,7,22
Amyotrophic lateral sclerosis,als,10021,166,Red N R,0.5544269928246671,0.6063606274896719,0.5878410982396918,22,7,22
Amyotrophic lateral sclerosis,als,10021,167,LC L,0.5115294180109093,0.6398711282897624,0.5580395848953843,22,7,22
Amyotrophic lateral sclerosis,als,10021,168,LC R,0.4052224437969127,0.5459057790755751,0.4626045357721506,22,7,22
Amyotrophic lateral sclerosis,als,10021,169,Raphe D,0.4689659098280579,0.6073655227594127,0.5206903188370732,22,7,22
Amyotrophic lateral sclerosis,als,10021,170,Raphe M,0.5001397124044344,0.6661233868538593,0.549596051863945,22,7,22
Amyotrophic lateral sclerosis,als,12876,1,Precentral L,0.5263469649963742,0.5929112024887845,0.5386691691476417,22,7,22
Amyotrophic lateral sclerosis,als,12876,2,Precentral R,,,,0,0,0
Amyotrophic lateral sclerosis,als,12876,3,Frontal Sup 2 L,0.478985303904911,0.5178393293711476,0.49615846932240915,22,7,22
Amyotrophic lateral sclerosis,als,12876,4,Frontal Sup 2 R,,,,0,0,0
Amyotrophic lateral sclerosis,als,12876,5,Frontal Mid 2 L,0.5014522400344545,0.5713919980454718,0.5255969875543194,22,7,22
Amyotrophic lateral sclerosis,als,12876,6,Frontal Mid 2 R,,,,0,0,0
Amyotrophic lateral sclerosis,als,12876,7,Frontal Inf Oper L,,,,0,0,0
Amyotrophic lateral sclerosis,als,12876,8,Frontal Inf Oper R,,,,0,0,0
Amyotrophic lateral sclerosis,als,12876,9,Frontal Inf Tri L,0.5267912430783902,0.6288920802553434,0.5685800128432058,22,7,22
Amyotrophic lateral sclerosis,als,12876,10,Frontal Inf Tri R,,,,0,0,0
Amyotrophic lateral sclerosis,als,12876,11,Frontal Inf Orb 2 L,0.5434251533929492,0.5070899490566203,0.5397040464996147,22,7,22
Amyotrophic lateral sclerosis,als,12876,12,Frontal Inf Orb 2 R,,,,0,0,0
Amyotrophic lateral sclerosis,als,12876,13,Rolandic Oper L,0.5030822577543412,0.5384174216856071,0.5124037765508662,22,7,22
Amyotrophic lateral sclerosis,als,12876,14,Rolandic Oper R,,,,0,0,0
Amyotrophic lateral sclerosis,als,12876,15,Supp Motor Area L,0.480774695311178,0.5061787993292154,0.48226016690952483,22,7,22
Amyotrophic lateral sclerosis,als,12876,16,Supp Motor Area R,,,,0,0,0
Amyotrophic lateral sclerosis,als,12876,17,Olfactory L,0.3500928993517903,0.32449556192857604,0.3186583256673685,22,7,22
Amyotrophic lateral sclerosis,als,12876,18,Olfactory R,,,,0,0,0
Amyotrophic lateral sclerosis,als,12876,19,Frontal Sup Medial L,0.531351946742528,0.6426241806575071,0.5690958043802558,22,7,22
Amyotrophic lateral sclerosis,als,12876,20,Frontal Sup Medial R,,,,0,0,0
Amyotrophic lateral sclerosis,als,12876,21,Frontal Med Orb L,0.5381306846894431,0.4346880675792451,0.5067444866509163,22,7,22
Amyotrophic lateral sclerosis,als,12876,22,Frontal Med Orb R,,,,0,0,0
Amyotrophic lateral sclerosis,als,12876,23,Rectus L,0.4716680907753386,0.4530907699504049,0.470868303038877,22,7,22
Amyotrophic lateral sclerosis,als,12876,24,Rectus R,,,,0,0,0
Amyotrophic lateral sclerosis,als,12876,25,OFCmed L,0.4991325164517723,0.5363800172771803,0.5213427051659965,22,7,22
Amyotrophic lateral sclerosis,als,12876,26,OFCmed R,,,,0,0,0
Amyotrophic lateral sclerosis,als,12876,27,OFCant L,0.5377414694274921,0.5937927446581017,0.5694090614149467,22,7,22
Amyotrophic lateral sclerosis,als,12876,28,OFCant R,,,,0,0,0
Amyotrophic lateral sclerosis,als,12876,29,OFCpost L,0.3915550552222429,0.3964958445502967,0.39495047540173955,22,7,22
Amyotrophic lateral sclerosis,als,12876,30,OFCpost R,,,,0,0,0
Amyotrophic lateral sclerosis,als,12876,31,OFClat L,0.4679128541786724,0.5808421033608828,0.4830062252890985,22,7,22
Amyotrophic lateral sclerosis,als,12876,32,OFClat R,,,,0,0,0
Amyotrophic lateral sclerosis,als,12876,33,Insula L,0.534126326014811,0.5145714112883036,0.5388560648922472,22,7,22
Amyotrophic lateral sclerosis,als,12876,34,Insula R,,,,0,0,0
Amyotrophic lateral sclerosis,als,12876,37,Cingulate Mid L,0.5343980820085171,0.5222835352778564,0.526894562902223,22,7,22
Amyotrophic lateral sclerosis,als,12876,38,Cingulate Mid R,,,,0,0,0
Amyotrophic lateral sclerosis,als,12876,39,Cingulate Post L,0.5244883941784275,0.5020725560605566,0.5292288951058308,22,7,22
Amyotrophic lateral sclerosis,als,12876,41,Hippocampus L,0.5235942666625409,0.4788910893497977,0.5098177789359578,22,7,22
Amyotrophic lateral sclerosis,als,12876,42,Hippocampus R,,,,0,0,0
Amyotrophic lateral sclerosis,als,12876,43,ParaHippocampal L,0.44082321238520505,0.3520366073814008,0.39863221492489304,22,7,22
Amyotrophic lateral sclerosis,als,12876,44,ParaHippocampal R,,,,0,0,0
Amyotrophic lateral sclerosis,als,12876,45,Amygdala L,,,,0,0,0
Amyotrophic lateral sclerosis,als,12876,46,Amygdala R,,,,0,0,0
Amyotrophic lateral sclerosis,als,12876,47,Calcarine L,0.5534208849570703,0.5979049986065466,0.5783816613916428,22,7,22
Amyotrophic lateral sclerosis,als,12876,48,Calcarine R,,,,0,0,0
Amyotrophic lateral sclerosis,als,12876,49,Cuneus L,0.5303623929185811,0.5896463661470722,0.5535546096633327,22,7,22
Amyotrophic lateral sclerosis,als,12876,51,Lingual L,0.5284616887402479,0.5475836605969605,0.5534835591111436,22,7,22
Amyotrophic lateral sclerosis,als,12876,52,Lingual R,,,,0,0,0
Amyotrophic lateral sclerosis,als,12876,53,Occipital Sup L,,,,0,0,0
Amyotrophic lateral sclerosis,als,12876,55,Occipital Mid L,0.5281970662562987,0.4969025939229959,0.5147059583796436,22,7,22
Amyotrophic lateral sclerosis,als,12876,56,Occipital Mid R,,,,0,0,0
Amyotrophic lateral sclerosis,als,12876,57,Occipital Inf L,0.5332295522859941,0.47943471726368936,0.5274751552868221,22,7,22
Amyotrophic lateral sclerosis,als,12876,58,Occipital Inf R,,,,0,0,0
Amyotrophic lateral sclerosis,als,12876,59,Fusiform L,0.4859628080256366,0.4470234768051173,0.4828809863451033,22,7,22
Amyotrophic lateral sclerosis,als,12876,60,Fusiform R,,,,0,0,0
Amyotrophic lateral sclerosis,als,12876,61,Postcentral L,0.5479683366480095,0.6223249234392112,0.5735797749529628,22,7,22
Amyotrophic lateral sclerosis,als,12876,62,Postcentral R,,,,0,0,0
Amyotrophic lateral sclerosis,als,12876,63,Parietal Sup L,0.46583601227050553,0.47143022595848005,0.4710100149588363,22,7,22
Amyotrophic lateral sclerosis,als,12876,64,Parietal Sup R,,,,0,0,0
Amyotrophic lateral sclerosis,als,12876,65,Parietal Inf L,0.5228396114769356,0.5636761341701585,0.5376466685089606,22,7,22
Amyotrophic lateral sclerosis,als,12876,66,Parietal Inf R,,,,0,0,0
Amyotrophic lateral sclerosis,als,12876,67,SupraMarginal L,0.4985293992468266,0.4453284425950897,0.4994679321788298,22,7,22
Amyotrophic lateral sclerosis,als,12876,68,SupraMarginal R,,,,0,0,0
Amyotrophic lateral sclerosis,als,12876,69,Angular L,0.5803599915943889,0.5424946077676858,0.5748515552827941,22,7,22
Amyotrophic lateral sclerosis,als,12876,70,Angular R,,,,0,0,0
Amyotrophic lateral sclerosis,als,12876,71,Precuneus L,0.5364212540159001,0.549186007722149,0.5490618570957059,22,7,22
Amyotrophic lateral sclerosis,als,12876,72,Precuneus R,,,,0,0,0
Amyotrophic lateral sclerosis,als,12876,73,Paracentral Lobule L,0.5060581677803175,0.6561568805274209,0.5305739379792817,22,7,22
Amyotrophic lateral sclerosis,als,12876,74,Paracentral Lobule R,,,,0,0,0
Amyotrophic lateral sclerosis,als,12876,75,Caudate L,0.4954767819899848,0.5079717640349924,0.493204879824365,22,7,22
Amyotrophic lateral sclerosis,als,12876,76,Caudate R,,,,0,0,0
Amyotrophic lateral sclerosis,als,12876,77,Putamen L,0.513444021335205,0.5696936402917484,0.5224028974995297,22,7,22
Amyotrophic lateral sclerosis,als,12876,78,Putamen R,,,,0,0,0
Amyotrophic lateral sclerosis,als,12876,79,Pallidum L,0.546300543745636,0.5736312207459707,0.5576211029048213,22,7,22
Amyotrophic lateral sclerosis,als,12876,80,Pallidum R,,,,0,0,0
Amyotrophic lateral sclerosis,als,12876,83,Heschl L,0.5590194800629971,0.5884430520163397,0.5889177363297368,22,7,22
Amyotrophic lateral sclerosis,als,12876,84,Heschl R,,,,0,0,0
Amyotrophic lateral sclerosis,als,12876,85,Temporal Sup L,0.5166549330523353,0.514244563140428,0.5294073658665112,22,7,22
Amyotrophic lateral sclerosis,als,12876,86,Temporal Sup R,,,,0,0,0
Amyotrophic lateral sclerosis,als,12876,87,Temporal Pole Sup L,0.37276863894341455,0.24555235033276437,0.3463250913416569,22,7,22
Amyotrophic lateral sclerosis,als,12876,88,Temporal Pole Sup R,,,,0,0,0
Amyotrophic lateral sclerosis,als,12876,89,Temporal Mid L,0.5274151719124044,0.5243815733330506,0.5324135320141674,22,7,22
Amyotrophic lateral sclerosis,als,12876,90,Temporal Mid R,,,,0,0,0
Amyotrophic lateral sclerosis,als,12876,91,Temporal Pole Mid L,0.41324793139416816,0.33147895856046034,0.3752685424485179,22,7,22
Amyotrophic lateral sclerosis,als,12876,93,Temporal Inf L,0.5187615146145337,0.4845312983262148,0.5145461627387705,22,7,22
Amyotrophic lateral sclerosis,als,12876,94,Temporal Inf R,,,,0,0,0
Amyotrophic lateral sclerosis,als,12876,95,Cerebellum Crus1 L,0.4562624659806362,0.40905891011431444,0.45560201725239524,22,7,22
Amyotrophic lateral sclerosis,als,12876,96,Cerebellum Crus1 R,,,,0,0,0
Amyotrophic lateral sclerosis,als,12876,97,Cerebellum Crus2 L,0.47792673692563686,0.48373238981540695,0.48783965550923664,22,7,22
Amyotrophic lateral sclerosis,als,12876,98,Cerebellum Crus2 R,,,,0,0,0
Amyotrophic lateral sclerosis,als,12876,101,Cerebellum 4 5 L,0.52054443083,0.47245221716985913,0.5012941009445383,22,7,22
Amyotrophic lateral sclerosis,als,12876,102,Cerebellum 4 5 R,,,,0,0,0
Amyotrophic lateral sclerosis,als,12876,103,Cerebellum 6 L,0.5051972961982961,0.4509615422527746,0.48193766931966586,22,7,22
Amyotrophic lateral sclerosis,als,12876,104,Cerebellum 6 R,,,,0,0,0
Amyotrophic lateral sclerosis,als,12876,105,Cerebellum 7b L,0.5190854994698003,0.5927521788685878,0.53732764515975,22,7,22
Amyotrophic lateral sclerosis,als,12876,106,Cerebellum 7b R,,,,0,0,0
Amyotrophic lateral sclerosis,als,12876,107,Cerebellum 8 L,0.495186750319512,0.5555775836363166,0.5064081999229101,22,7,22
Amyotrophic lateral sclerosis,als,12876,108,Cerebellum 8 R,,,,0,0,0
Amyotrophic lateral sclerosis,als,12876,109,Cerebellum 9 L,0.47657691879135555,0.4414717523955352,0.48260476020789167,22,7,22
Amyotrophic lateral sclerosis,als,12876,110,Cerebellum 9 R,,,,0,0,0
Amyotrophic lateral sclerosis,als,12876,111,Cerebellum 10 L,0.4550108306626065,0.38102034071585467,0.46518253255763103,22,7,22
Amyotrophic lateral sclerosis,als,12876,118,Vermis 8,,,,0,0,0
Amyotrophic lateral sclerosis,als,12876,119,Vermis 9,,,,0,0,0
Amyotrophic lateral sclerosis,als,12876,121,Thal AV L,0.5171061323160948,0.47467278537503266,0.506887836620475,22,7,22
Amyotrophic lateral sclerosis,als,12876,122,Thal AV R,,,,0,0,0
Amyotrophic lateral sclerosis,als,12876,125,Thal VA L,,,,0,0,0
Amyotrophic lateral sclerosis,als,12876,127,Thal VL L,0.5515241073160527,0.6898212069333376,0.5908819497222487,22,7,22
Amyotrophic lateral sclerosis,als,12876,128,Thal VL R,,,,0,0,0
Amyotrophic lateral sclerosis,als,12876,129,Thal VPL L,0.5477964527865011,0.5971408688758008,0.5756558997742897,22,7,22
Amyotrophic lateral sclerosis,als,12876,130,Thal VPL R,,,,0,0,0
Amyotrophic lateral sclerosis,als,12876,131,Thal IL L,0.588460577576576,0.701195062802875,0.6106917352429201,22,7,22
Amyotrophic lateral sclerosis,als,12876,135,Thal MDm L,0.43761678880685717,0.42957042105235965,0.44900581399060724,22,7,22
Amyotrophic lateral sclerosis,als,12876,136,Thal MDm R,,,,0,0,0
Amyotrophic lateral sclerosis,als,12876,137,Thal MDl L,,,,0,0,0
Amyotrophic lateral sclerosis,als,12876,139,Thal LGN L,0.5879541763281021,0.5891536693848105,0.6173770385430328,22,7,22
Amyotrophic lateral sclerosis,als,12876,140,Thal LGN R,,,,0,0,0
Amyotrophic lateral sclerosis,als,12876,141,Thal MGN L,,,,0,0,0
Amyotrophic lateral sclerosis,als,12876,143,Thal PuI L,,,,0,0,0
Amyotrophic lateral sclerosis,als,12876,144,Thal PuI R,,,,0,0,0
Amyotrophic lateral sclerosis,als,12876,145,Thal PuM L,0.4391172868515793,0.4811684557365904,0.45283235724638066,22,7,22
Amyotrophic lateral sclerosis,als,12876,146,Thal PuM R,,,,0,0,0
Amyotrophic lateral sclerosis,als,12876,147,Thal PuA L,0.5774230841411983,0.5829083967662931,0.5881277342243446,22,7,22
Amyotrophic lateral sclerosis,als,12876,148,Thal PuA R,,,,0,0,0
Amyotrophic lateral sclerosis,als,12876,153,ACC pre L,0.39215172066278964,0.2501790230025505,0.32485220820727423,22,7,22
Amyotrophic lateral sclerosis,als,12876,154,ACC pre R,,,,0,0,0
Amyotrophic lateral sclerosis,als,12876,155,ACC sup L,0.3793943274285106,0.3263934700757864,0.33567851110446884,22,7,22
Amyotrophic lateral sclerosis,als,12876,156,ACC sup R,,,,0,0,0
Amyotrophic lateral sclerosis,als,12876,157,N Acc L,0.5109755572330721,0.5142797205123772,0.5170044824411355,22,7,22
Amyotrophic lateral sclerosis,als,12876,158,N Acc R,,,,0,0,0
Amyotrophic lateral sclerosis,als,12876,161,SN pc L,,,,0,0,0
Amyotrophic lateral sclerosis,als,12876,163,SN pr L,0.5514190287152171,0.58262972931383,0.556672500745765,22,7,22
Amyotrophic lateral sclerosis,als,12876,164,SN pr R,,,,0,0,0
Amyotrophic lateral sclerosis,als,12876,165,Red N L,,,,0,0,0
Amyotrophic lateral sclerosis,als,12876,166,Red N R,,,,0,0,0
Amyotrophic lateral sclerosis,als,12876,167,LC L,,,,0,0,0
Amyotrophic lateral sclerosis,als,12876,168,LC R,,,,0,0,0
Amyotrophic lateral sclerosis,als,12876,169,Raphe D,,,,0,0,0
Amyotrophic lateral sclerosis,als,12876,170,Raphe M,,,,0,0,0
Amyotrophic lateral sclerosis,als,14380,1,Precentral L,0.5055508973191863,0.6612526790604905,0.5388679133493984,22,7,22
Amyotrophic lateral sclerosis,als,14380,2,Precentral R,,,,0,0,0
Amyotrophic lateral sclerosis,als,14380,3,Frontal Sup 2 L,0.5449132483447229,0.6525937987812588,0.5765238175632544,22,7,22
Amyotrophic lateral sclerosis,als,14380,4,Frontal Sup 2 R,,,,0,0,0
Amyotrophic lateral sclerosis,als,14380,5,Frontal Mid 2 L,0.5592019366747795,0.704763150175426,0.6097447841113053,22,7,22
Amyotrophic lateral sclerosis,als,14380,6,Frontal Mid 2 R,,,,0,0,0
Amyotrophic lateral sclerosis,als,14380,7,Frontal Inf Oper L,,,,0,0,0
Amyotrophic lateral sclerosis,als,14380,8,Frontal Inf Oper R,,,,0,0,0
Amyotrophic lateral sclerosis,als,14380,9,Frontal Inf Tri L,0.5554359491183151,0.6979447459067952,0.6084042430163197,22,7,22
Amyotrophic lateral sclerosis,als,14380,10,Frontal Inf Tri R,,,,0,0,0
Amyotrophic lateral sclerosis,als,14380,11,Frontal Inf Orb 2 L,0.5276608931718229,0.5389522769829626,0.5398673231903689,22,7,22
Amyotrophic lateral sclerosis,als,14380,12,Frontal Inf Orb 2 R,,,,0,0,0
Amyotrophic lateral sclerosis,als,14380,13,Rolandic Oper L,0.5061490913016379,0.5274117475242258,0.5104368530201199,22,7,22
Amyotrophic lateral sclerosis,als,14380,14,Rolandic Oper R,,,,0,0,0
Amyotrophic lateral sclerosis,als,14380,15,Supp Motor Area L,0.5106417382462893,0.5838133615665632,0.5286826184812514,22,7,22
Amyotrophic lateral sclerosis,als,14380,16,Supp Motor Area R,,,,0,0,0
Amyotrophic lateral sclerosis,als,14380,17,Olfactory L,0.4413605058658366,0.40292609958489783,0.4176380103847814,22,7,22
Amyotrophic lateral sclerosis,als,14380,18,Olfactory R,,,,0,0,0
Amyotrophic lateral sclerosis,als,14380,19,Frontal Sup Medial L,0.5164975498451763,0.587908769146841,0.5304741347856899,22,7,22
Amyotrophic lateral sclerosis,als,14380,20,Frontal Sup Medial R,,,,0,0,0
Amyotrophic lateral sclerosis,als,14380,21,Frontal Med Orb L,0.5362465095741316,0.5227411734988077,0.5527694360467184,22,7,22
Amyotrophic lateral sclerosis,als,14380,22,Frontal Med Orb R,,,,0,0,0
Amyotrophic lateral sclerosis,als,14380,23,Rectus L,0.5195718685687883,0.5409345491798662,0.5327440926291768,22,7,22
Amyotrophic lateral sclerosis,als,14380,24,Rectus R,,,,0,0,0
Amyotrophic lateral sclerosis,als,14380,25,OFCmed L,0.5121341926181178,0.47223203694351085,0.522735264950011,22,7,22
Amyotrophic lateral sclerosis,als,14380,26,OFCmed R,,,,0,0,0
Amyotrophic lateral sclerosis,als,14380,27,OFCant L,0.5033270392064074,0.5294834984721372,0.5187426218284821,22,7,22
Amyotrophic lateral sclerosis,als,14380,28,OFCant R,,,,0,0,0
Amyotrophic lateral sclerosis,als,14380,29,OFCpost L,0.48943873121854325,0.6133854255617697,0.5229148966783663,22,7,22
Amyotrophic lateral sclerosis,als,14380,30,OFCpost R,,,,0,0,0
Amyotrophic lateral sclerosis,als,14380,31,OFClat L,0.5246874460556866,0.6107975141476055,0.5608301687185848,22,7,22
Amyotrophic lateral sclerosis,als,14380,32,OFClat R,,,,0,0,0
Amyotrophic lateral sclerosis,als,14380,33,Insula L,0.49563979729877394,0.5433165153163676,0.5234537233783815,22,7,22
Amyotrophic lateral sclerosis,als,14380,34,Insula R,,,,0,0,0
Amyotrophic lateral sclerosis,als,14380,37,Cingulate Mid L,0.478318000661024,0.47649856668895874,0.4702859761165445,22,7,22
Amyotrophic lateral sclerosis,als,14380,38,Cingulate Mid R,,,,0,0,0
Amyotrophic lateral sclerosis,als,14380,39,Cingulate Post L,,,,0,0,0
Amyotrophic lateral sclerosis,als,14380,41,Hippocampus L,0.5080269502374549,0.3987681781611881,0.4706458265391629,22,7,22
Amyotrophic lateral sclerosis,als,14380,42,Hippocampus R,,,,0,0,0
Amyotrophic lateral sclerosis,als,14380,43,ParaHippocampal L,0.5413061447617639,0.41319451620362985,0.48651599782548355,22,7,22
Amyotrophic lateral sclerosis,als,14380,44,ParaHippocampal R,,,,0,0,0
Amyotrophic lateral sclerosis,als,14380,45,Amygdala L,0.4993460682686324,0.41370450523331165,0.47756014125496393,22,7,22
Amyotrophic lateral sclerosis,als,14380,46,Amygdala R,,,,0,0,0
Amyotrophic lateral sclerosis,als,14380,47,Calcarine L,0.49186616604797795,0.45860462632980153,0.4927919592623413,22,7,22
Amyotrophic lateral sclerosis,als,14380,48,Calcarine R,,,,0,0,0
Amyotrophic lateral sclerosis,als,14380,49,Cuneus L,0.5940853416146203,0.576105568143281,0.5976539319214448,22,7,22
Amyotrophic lateral sclerosis,als,14380,51,Lingual L,0.48817443928563903,0.46212716853542124,0.4897859727710807,22,7,22
Amyotrophic lateral sclerosis,als,14380,52,Lingual R,,,,0,0,0
Amyotrophic lateral sclerosis,als,14380,53,Occipital Sup L,0.49373840576626976,0.5254664113456957,0.4901103349733294,22,7,22
Amyotrophic lateral sclerosis,als,14380,55,Occipital Mid L,0.5132439886724766,0.4953130672490604,0.5123599277517081,22,7,22
Amyotrophic lateral sclerosis,als,14380,56,Occipital Mid R,,,,0,0,0
Amyotrophic lateral sclerosis,als,14380,57,Occipital Inf L,0.5390088469104234,0.4899205819510218,0.5462157586575436,22,7,22
Amyotrophic lateral sclerosis,als,14380,58,Occipital Inf R,,,,0,0,0
Amyotrophic lateral sclerosis,als,14380,59,Fusiform L,0.508551541854101,0.4182988041175533,0.4830983379180003,22,7,22
Amyotrophic lateral sclerosis,als,14380,60,Fusiform R,,,,0,0,0
Amyotrophic lateral sclerosis,als,14380,61,Postcentral L,0.4862858110781975,0.5521351299801338,0.5049916974396624,22,7,22
Amyotrophic lateral sclerosis,als,14380,62,Postcentral R,,,,0,0,0
Amyotrophic lateral sclerosis,als,14380,63,Parietal Sup L,0.5604034006632668,0.5800184304010564,0.5671976756107425,22,7,22
Amyotrophic lateral sclerosis,als,14380,64,Parietal Sup R,,,,0,0,0
Amyotrophic lateral sclerosis,als,14380,65,Parietal Inf L,0.5362095886652808,0.5724549309281581,0.5617558732143398,22,7,22
Amyotrophic lateral sclerosis,als,14380,66,Parietal Inf R,,,,0,0,0
Amyotrophic lateral sclerosis,als,14380,67,SupraMarginal L,0.5619979384488982,0.5340440495232073,0.5667842344662737,22,7,22
Amyotrophic lateral sclerosis,als,14380,68,SupraMarginal R,,,,0,0,0
Amyotrophic lateral sclerosis,als,14380,69,Angular L,0.4461183956270197,0.4565568265026053,0.45788002432266606,22,7,22
Amyotrophic lateral sclerosis,als,14380,70,Angular R,,,,0,0,0
Amyotrophic lateral sclerosis,als,14380,71,Precuneus L,0.5445695751525922,0.5701004478450364,0.5534019152951359,22,7,22
Amyotrophic lateral sclerosis,als,14380,72,Precuneus R,,,,0,0,0
Amyotrophic lateral sclerosis,als,14380,73,Paracentral Lobule L,0.4870790151714413,0.5833462844271897,0.501062994852988,22,7,22
Amyotrophic lateral sclerosis,als,14380,74,Paracentral Lobule R,,,,0,0,0
Amyotrophic lateral sclerosis,als,14380,75,Caudate L,0.47521392782850874,0.4711744542249065,0.46841338282974615,22,7,22
Amyotrophic lateral sclerosis,als,14380,76,Caudate R,,,,0,0,0
Amyotrophic lateral sclerosis,als,14380,77,Putamen L,0.492232601236775,0.4832279540799261,0.489576336241865,22,7,22
Amyotrophic lateral sclerosis,als,14380,78,Putamen R,,,,0,0,0
Amyotrophic lateral sclerosis,als,14380,79,Pallidum L,0.5348299023829998,0.5721609189665011,0.5473203588292322,22,7,22
Amyotrophic lateral sclerosis,als,14380,80,Pallidum R,,,,0,0,0
Amyotrophic lateral sclerosis,als,14380,83,Heschl L,,,,0,0,0
Amyotrophic lateral sclerosis,als,14380,84,Heschl R,,,,0,0,0
Amyotrophic lateral sclerosis,als,14380,85,Temporal Sup L,0.5221400108428043,0.4728517630334021,0.5159575781409619,22,7,22
Amyotrophic lateral sclerosis,als,14380,86,Temporal Sup R,,,,0,0,0
Amyotrophic lateral sclerosis,als,14380,87,Temporal Pole Sup L,0.4027624200029674,0.37348380105926443,0.39151272007339183,22,7,22
Amyotrophic lateral sclerosis,als,14380,88,Temporal Pole Sup R,,,,0,0,0
Amyotrophic lateral sclerosis,als,14380,89,Temporal Mid L,0.501132084459121,0.509226269740838,0.5014843166064133,22,7,22
Amyotrophic lateral sclerosis,als,14380,90,Temporal Mid R,,,,0,0,0
Amyotrophic lateral sclerosis,als,14380,91,Temporal Pole Mid L,0.41444657279591385,0.34038647694395824,0.3927803227036147,22,7,22
Amyotrophic lateral sclerosis,als,14380,93,Temporal Inf L,0.48321292246715525,0.4060638087853036,0.46229334504808745,22,7,22
Amyotrophic lateral sclerosis,als,14380,94,Temporal Inf R,,,,0,0,0
Amyotrophic lateral sclerosis,als,14380,95,Cerebellum Crus1 L,0.4870461353151565,0.3881360900724653,0.46535284233978136,22,7,22
Amyotrophic lateral sclerosis,als,14380,96,Cerebellum Crus1 R,,,,0,0,0
Amyotrophic lateral sclerosis,als,14380,97,Cerebellum Crus2 L,0.46523774118166883,0.4176966538846062,0.4550515869318785,22,7,22
Amyotrophic lateral sclerosis,als,14380,98,Cerebellum Crus2 R,,,,0,0,0
Amyotrophic lateral sclerosis,als,14380,101,Cerebellum 4 5 L,0.5207074813796088,0.4485118861897888,0.5129149290638334,22,7,22
Amyotrophic lateral sclerosis,als,14380,102,Cerebellum 4 5 R,,,,0,0,0
Amyotrophic lateral sclerosis,als,14380,103,Cerebellum 6 L,0.4170398988788447,0.3197556779536796,0.412209002007285,22,7,22
Amyotrophic lateral sclerosis,als,14380,104,Cerebellum 6 R,,,,0,0,0
Amyotrophic lateral sclerosis,als,14380,105,Cerebellum 7b L,0.5211658726105686,0.630329983985107,0.5344205525460078,22,7,22
Amyotrophic lateral sclerosis,als,14380,106,Cerebellum 7b R,,,,0,0,0
Amyotrophic lateral sclerosis,als,14380,107,Cerebellum 8 L,0.5408695868799952,0.5975784158135797,0.5660367772519257,22,7,22
Amyotrophic lateral sclerosis,als,14380,108,Cerebellum 8 R,,,,0,0,0
Amyotrophic lateral sclerosis,als,14380,109,Cerebellum 9 L,0.6055671878582488,0.7467088241070083,0.616206578144065,22,7,22
Amyotrophic lateral sclerosis,als,14380,110,Cerebellum 9 R,,,,0,0,0
Amyotrophic lateral sclerosis,als,14380,111,Cerebellum 10 L,0.4447220823825614,0.39952405458605467,0.4331215225937779,22,7,22
Amyotrophic lateral sclerosis,als,14380,118,Vermis 8,,,,0,0,0
Amyotrophic lateral sclerosis,als,14380,119,Vermis 9,0.622111778628113,0.7721439778872947,0.6069431860832443,22,7,22
Amyotrophic lateral sclerosis,als,14380,121,Thal AV L,0.5240635338028331,0.5018187457219349,0.5288119881609642,22,7,22
Amyotrophic lateral sclerosis,als,14380,122,Thal AV R,,,,0,0,0
Amyotrophic lateral sclerosis,als,14380,125,Thal VA L,0.4841154224091176,0.45318669804666406,0.4950245255123721,22,7,22
Amyotrophic lateral sclerosis,als,14380,127,Thal VL L,0.5524884681456383,0.5429890208040282,0.5758448480476367,22,7,22
Amyotrophic lateral sclerosis,als,14380,128,Thal VL R,,,,0,0,0
Amyotrophic lateral sclerosis,als,14380,129,Thal VPL L,0.5761308281783026,0.6662483279559079,0.6106215183537109,22,7,22
Amyotrophic lateral sclerosis,als,14380,130,Thal VPL R,,,,0,0,0
Amyotrophic lateral sclerosis,als,14380,131,Thal IL L,0.638151744902046,0.6748613448628571,0.6527267594423918,22,7,22
Amyotrophic lateral sclerosis,als,14380,135,Thal MDm L,,,,0,0,0
Amyotrophic lateral sclerosis,als,14380,136,Thal MDm R,,,,0,0,0
Amyotrophic lateral sclerosis,als,14380,137,Thal MDl L,,,,0,0,0
Amyotrophic lateral sclerosis,als,14380,139,Thal LGN L,0.5966061453247072,0.6461621764898304,0.6351236803910657,22,7,22
Amyotrophic lateral sclerosis,als,14380,140,Thal LGN R,,,,0,0,0
Amyotrophic lateral sclerosis,als,14380,141,Thal MGN L,,,,0,0,0
Amyotrophic lateral sclerosis,als,14380,143,Thal PuI L,,,,0,0,0
Amyotrophic lateral sclerosis,als,14380,144,Thal PuI R,,,,0,0,0
Amyotrophic lateral sclerosis,als,14380,145,Thal PuM L,0.5193977327716628,0.6033951617652659,0.5481324822039402,22,7,22
Amyotrophic lateral sclerosis,als,14380,146,Thal PuM R,,,,0,0,0
Amyotrophic lateral sclerosis,als,14380,147,Thal PuA L,0.540822044607259,0.5912815578396847,0.5691057627380214,22,7,22
Amyotrophic lateral sclerosis,als,14380,148,Thal PuA R,,,,0,0,0
Amyotrophic lateral sclerosis,als,14380,153,ACC pre L,,,,0,0,0
Amyotrophic lateral sclerosis,als,14380,154,ACC pre R,,,,0,0,0
Amyotrophic lateral sclerosis,als,14380,155,ACC sup L,0.42699818488888025,0.4595165646907081,0.40831938320651945,22,7,22
Amyotrophic lateral sclerosis,als,14380,156,ACC sup R,,,,0,0,0
Amyotrophic lateral sclerosis,als,14380,157,N Acc L,0.4525112665009567,0.45577504600025914,0.47039305347097055,22,7,22
Amyotrophic lateral sclerosis,als,14380,158,N Acc R,,,,0,0,0
Amyotrophic lateral sclerosis,als,14380,161,SN pc L,,,,0,0,0
Amyotrophic lateral sclerosis,als,14380,163,SN pr L,0.5873858655812232,0.7405484012987272,0.6303016069367522,22,7,22
Amyotrophic lateral sclerosis,als,14380,164,SN pr R,,,,0,0,0
Amyotrophic lateral sclerosis,als,14380,165,Red N L,0.5413892263287647,0.6979746059312921,0.5841017345504507,22,7,22
Amyotrophic lateral sclerosis,als,14380,166,Red N R,,,,0,0,0
Amyotrophic lateral sclerosis,als,14380,167,LC L,0.5184821533129953,0.6902425637068769,0.5546826275794813,22,7,22
Amyotrophic lateral sclerosis,als,14380,168,LC R,,,,0,0,0
Amyotrophic lateral sclerosis,als,14380,169,Raphe D,,,,0,0,0
Amyotrophic lateral sclerosis,als,14380,170,Raphe M,0.5490649363772149,0.6780938662363267,0.5838695668751651,22,7,22
Amyotrophic lateral sclerosis,als,15496,1,Precentral L,0.521059509910817,0.6190327519658368,0.5439620556304807,22,7,22
Amyotrophic lateral sclerosis,als,15496,2,Precentral R,,,,0,0,0
Amyotrophic lateral sclerosis,als,15496,3,Frontal Sup 2 L,0.5314342198435602,0.5703390545624372,0.540022830090449,22,7,22
Amyotrophic lateral sclerosis,als,15496,4,Frontal Sup 2 R,,,,0,0,0
Amyotrophic lateral sclerosis,als,15496,5,Frontal Mid 2 L,0.4870643448256228,0.5281893292740155,0.4973692427681536,22,7,22
Amyotrophic lateral sclerosis,als,15496,6,Frontal Mid 2 R,,,,0,0,0
Amyotrophic lateral sclerosis,als,15496,7,Frontal Inf Oper L,0.4919859740506242,0.3059794020317749,0.4133473970272145,22,7,22
Amyotrophic lateral sclerosis,als,15496,8,Frontal Inf Oper R,,,,0,0,0
Amyotrophic lateral sclerosis,als,15496,9,Frontal Inf Tri L,0.49081451128681636,0.4975710469594417,0.48495222830651963,22,7,22
Amyotrophic lateral sclerosis,als,15496,10,Frontal Inf Tri R,,,,0,0,0
Amyotrophic lateral sclerosis,als,15496,11,Frontal Inf Orb 2 L,0.5148419427862038,0.5113272458783312,0.5135643237957697,22,7,22
Amyotrophic lateral sclerosis,als,15496,12,Frontal Inf Orb 2 R,,,,0,0,0
Amyotrophic lateral sclerosis,als,15496,13,Rolandic Oper L,0.4722292853613288,0.468296836600352,0.46730674636213193,22,7,22
Amyotrophic lateral sclerosis,als,15496,14,Rolandic Oper R,,,,0,0,0
Amyotrophic lateral sclerosis,als,15496,15,Supp Motor Area L,0.5453865848350994,0.6252777150641629,0.5568219305321844,22,7,22
Amyotrophic lateral sclerosis,als,15496,16,Supp Motor Area R,,,,0,0,0
Amyotrophic lateral sclerosis,als,15496,17,Olfactory L,,,,0,0,0
Amyotrophic lateral sclerosis,als,15496,18,Olfactory R,,,,0,0,0
Amyotrophic lateral sclerosis,als,15496,19,Frontal Sup Medial L,0.5160593111479145,0.5567069243657548,0.5214195381425526,22,7,22
Amyotrophic lateral sclerosis,als,15496,20,Frontal Sup Medial R,,,,0,0,0
Amyotrophic lateral sclerosis,als,15496,21,Frontal Med Orb L,0.490611952421944,0.5285723659887636,0.5170538401388763,22,7,22
Amyotrophic lateral sclerosis,als,15496,22,Frontal Med Orb R,,,,0,0,0
Amyotrophic lateral sclerosis,als,15496,23,Rectus L,0.452147456632261,0.3375739205561286,0.40174408017613217,22,7,22
Amyotrophic lateral sclerosis,als,15496,24,Rectus R,,,,0,0,0
Amyotrophic lateral sclerosis,als,15496,25,OFCmed L,0.45992001001922206,0.41185456129726505,0.4475619863559399,22,7,22
Amyotrophic lateral sclerosis,als,15496,26,OFCmed R,,,,0,0,0
Amyotrophic lateral sclerosis,als,15496,27,OFCant L,0.48273588440199416,0.5507497253074386,0.51075499260914,22,7,22
Amyotrophic lateral sclerosis,als,15496,28,OFCant R,,,,0,0,0
Amyotrophic lateral sclerosis,als,15496,29,OFCpost L,0.5300135518103825,0.38050079615337523,0.48845744734307683,22,7,22
Amyotrophic lateral sclerosis,als,15496,30,OFCpost R,,,,0,0,0
Amyotrophic lateral sclerosis,als,15496,31,OFClat L,0.49161648602548563,0.42820723417969164,0.46736740342279964,22,7,22
Amyotrophic lateral sclerosis,als,15496,32,OFClat R,,,,0,0,0
Amyotrophic lateral sclerosis,als,15496,33,Insula L,0.4786176826833782,0.4204136021290589,0.4520260642341727,22,7,22
Amyotrophic lateral sclerosis,als,15496,34,Insula R,,,,0,0,0
Amyotrophic lateral sclerosis,als,15496,37,Cingulate Mid L,0.5041577678706592,0.5226139788780869,0.49687575919353316,22,7,22
Amyotrophic lateral sclerosis,als,15496,38,Cingulate Mid R,,,,0,0,0
Amyotrophic lateral sclerosis,als,15496,39,Cingulate Post L,0.502323353029642,0.5923982608683289,0.5502671211425211,22,7,22
Amyotrophic lateral sclerosis,als,15496,41,Hippocampus L,0.5046444766143968,0.40410396507178914,0.4727750934718959,22,7,22
Amyotrophic lateral sclerosis,als,15496,42,Hippocampus R,,,,0,0,0
Amyotrophic lateral sclerosis,als,15496,43,ParaHippocampal L,0.4698007387788996,0.4415639152113754,0.4286086064208747,22,7,22
Amyotrophic lateral sclerosis,als,15496,44,ParaHippocampal R,,,,0,0,0
Amyotrophic lateral sclerosis,als,15496,45,Amygdala L,0.48051441110633686,0.41688222417574444,0.4612148739251791,22,7,22
Amyotrophic lateral sclerosis,als,15496,46,Amygdala R,,,,0,0,0
Amyotrophic lateral sclerosis,als,15496,47,Calcarine L,0.503786522366331,0.5193087548606143,0.5330038497392009,22,7,22
Amyotrophic lateral sclerosis,als,15496,48,Calcarine R,,,,0,0,0
Amyotrophic lateral sclerosis,als,15496,49,Cuneus L,0.5272785448706379,0.7061259741779317,0.6151106756409243,22,7,22
Amyotrophic lateral sclerosis,als,15496,51,Lingual L,0.4932226071881733,0.4624790913572814,0.49316617210471847,22,7,22
Amyotrophic lateral sclerosis,als,15496,52,Lingual R,,,,0,0,0
Amyotrophic lateral sclerosis,als,15496,53,Occipital Sup L,0.5251479138524835,0.5619470672297473,0.5463227742004327,22,7,22
Amyotrophic lateral sclerosis,als,15496,55,Occipital Mid L,0.49170730677239405,0.5826180190377602,0.5189418683225642,22,7,22
Amyotrophic lateral sclerosis,als,15496,56,Occipital Mid R,,,,0,0,0
Amyotrophic lateral sclerosis,als,15496,57,Occipital Inf L,0.5044401476124553,0.6278291340846976,0.5531323185886264,22,7,22
Amyotrophic lateral sclerosis,als,15496,58,Occipital Inf R,,,,0,0,0
Amyotrophic lateral sclerosis,als,15496,59,Fusiform L,0.46557760537093446,0.4289570381180442,0.4587050689409196,22,7,22
Amyotrophic lateral sclerosis,als,15496,60,Fusiform R,,,,0,0,0
Amyotrophic lateral sclerosis,als,15496,61,Postcentral L,0.5526095348512448,0.6231101606737839,0.5788644368751072,22,7,22
Amyotrophic lateral sclerosis,als,15496,62,Postcentral R,,,,0,0,0
Amyotrophic lateral sclerosis,als,15496,63,Parietal Sup L,0.5254426192915777,0.5046699201055848,0.5092661095095272,22,7,22
Amyotrophic lateral sclerosis,als,15496,64,Parietal Sup R,,,,0,0,0
Amyotrophic lateral sclerosis,als,15496,65,Parietal Inf L,0.5514993074364729,0.5880246183036749,0.5677302941741501,22,7,22
Amyotrophic lateral sclerosis,als,15496,66,Parietal Inf R,,,,0,0,0
Amyotrophic lateral sclerosis,als,15496,67,SupraMarginal L,0.509103482367986,0.5009006080228504,0.48431768574076856,22,7,22
Amyotrophic lateral sclerosis,als,15496,68,SupraMarginal R,,,,0,0,0
Amyotrophic lateral sclerosis,als,15496,69,Angular L,0.5032443790518506,0.45617577958965894,0.48678891812664077,22,7,22
Amyotrophic lateral sclerosis,als,15496,70,Angular R,,,,0,0,0
Amyotrophic lateral sclerosis,als,15496,71,Precuneus L,0.5046840745262853,0.5823063127004786,0.5287281586295653,22,7,22
Amyotrophic lateral sclerosis,als,15496,72,Precuneus R,,,,0,0,0
Amyotrophic lateral sclerosis,als,15496,73,Paracentral Lobule L,0.48692277836441805,0.5175456111998784,0.4770139020834092,22,7,22
Amyotrophic lateral sclerosis,als,15496,74,Paracentral Lobule R,,,,0,0,0
Amyotrophic lateral sclerosis,als,15496,75,Caudate L,0.5235283587901017,0.48920773914832033,0.5173549634407517,22,7,22
Amyotrophic lateral sclerosis,als,15496,76,Caudate R,,,,0,0,0
Amyotrophic lateral sclerosis,als,15496,77,Putamen L,0.49051937887829095,0.5274152682263712,0.4919011027777754,22,7,22
Amyotrophic lateral sclerosis,als,15496,78,Putamen R,,,,0,0,0
Amyotrophic lateral sclerosis,als,15496,79,Pallidum L,0.5624684817005101,0.5854386537137365,0.5791362172914657,22,7,22
Amyotrophic lateral sclerosis,als,15496,80,Pallidum R,,,,0,0,0
Amyotrophic lateral sclerosis,als,15496,83,Heschl L,0.5076500288488613,0.5383541933652669,0.5191073584149966,22,7,22
Amyotrophic lateral sclerosis,als,15496,84,Heschl R,,,,0,0,0
Amyotrophic lateral sclerosis,als,15496,85,Temporal Sup L,0.46893075526993305,0.4787221715320424,0.46505244079385744,22,7,22
Amyotrophic lateral sclerosis,als,15496,86,Temporal Sup R,,,,0,0,0
Amyotrophic lateral sclerosis,als,15496,87,Temporal Pole Sup L,0.4588594265716136,0.36929527122322053,0.4235593380946058,22,7,22
Amyotrophic lateral sclerosis,als,15496,88,Temporal Pole Sup R,,,,0,0,0
Amyotrophic lateral sclerosis,als,15496,89,Temporal Mid L,0.5262396465485191,0.5541913422814304,0.5325659308983401,22,7,22
Amyotrophic lateral sclerosis,als,15496,90,Temporal Mid R,,,,0,0,0
Amyotrophic lateral sclerosis,als,15496,91,Temporal Pole Mid L,0.5086167087576975,0.42733862366721065,0.47098464625117004,22,7,22
Amyotrophic lateral sclerosis,als,15496,93,Temporal Inf L,0.49607780539150337,0.4456661071167695,0.4819354270884549,22,7,22
Amyotrophic lateral sclerosis,als,15496,94,Temporal Inf R,,,,0,0,0
Amyotrophic lateral sclerosis,als,15496,95,Cerebellum Crus1 L,0.4455368806229123,0.3103528365396745,0.40585007510844967,22,7,22
Amyotrophic lateral sclerosis,als,15496,96,Cerebellum Crus1 R,,,,0,0,0
Amyotrophic lateral sclerosis,als,15496,97,Cerebellum Crus2 L,0.4752738036929044,0.5287436492415863,0.4928952672765998,22,7,22
Amyotrophic lateral sclerosis,als,15496,98,Cerebellum Crus2 R,,,,0,0,0
Amyotrophic lateral sclerosis,als,15496,101,Cerebellum 4 5 L,0.48186493240416445,0.45923891922423693,0.47905041810807464,22,7,22
Amyotrophic lateral sclerosis,als,15496,102,Cerebellum 4 5 R,,,,0,0,0
Amyotrophic lateral sclerosis,als,15496,103,Cerebellum 6 L,0.49013342132300297,0.32556697994501504,0.4526607760836308,22,7,22
Amyotrophic lateral sclerosis,als,15496,104,Cerebellum 6 R,,,,0,0,0
Amyotrophic lateral sclerosis,als,15496,105,Cerebellum 7b L,0.5079248305910596,0.48177734248033943,0.46251912974386844,22,7,22
Amyotrophic lateral sclerosis,als,15496,106,Cerebellum 7b R,,,,0,0,0
Amyotrophic lateral sclerosis,als,15496,107,Cerebellum 8 L,0.5281990052478798,0.6175302382532193,0.5510530328983476,22,7,22
Amyotrophic lateral sclerosis,als,15496,108,Cerebellum 8 R,,,,0,0,0
Amyotrophic lateral sclerosis,als,15496,109,Cerebellum 9 L,0.4614696357081611,0.4513226570968639,0.4543361467446886,22,7,22
Amyotrophic lateral sclerosis,als,15496,110,Cerebellum 9 R,,,,0,0,0
Amyotrophic lateral sclerosis,als,15496,111,Cerebellum 10 L,0.6417612177144141,0.5899324853727103,0.626146156087676,22,7,22
Amyotrophic lateral sclerosis,als,15496,118,Vermis 8,,,,0,0,0
Amyotrophic lateral sclerosis,als,15496,119,Vermis 9,,,,0,0,0
Amyotrophic lateral sclerosis,als,15496,121,Thal AV L,,,,0,0,0
Amyotrophic lateral sclerosis,als,15496,122,Thal AV R,,,,0,0,0
Amyotrophic lateral sclerosis,als,15496,125,Thal VA L,0.5278597320308636,0.6961843171388241,0.5810401819017322,22,7,22
Amyotrophic lateral sclerosis,als,15496,127,Thal VL L,0.5747287209239672,0.6994356844961206,0.6221085025397489,22,7,22
Amyotrophic lateral sclerosis,als,15496,128,Thal VL R,,,,0,0,0
Amyotrophic lateral sclerosis,als,15496,129,Thal VPL L,0.5280321561380711,0.7845416972142629,0.5677848846986373,22,7,22
Amyotrophic lateral sclerosis,als,15496,130,Thal VPL R,,,,0,0,0
Amyotrophic lateral sclerosis,als,15496,131,Thal IL L,,,,0,0,0
Amyotrophic lateral sclerosis,als,15496,135,Thal MDm L,,,,0,0,0
Amyotrophic lateral sclerosis,als,15496,136,Thal MDm R,,,,0,0,0
Amyotrophic lateral sclerosis,als,15496,137,Thal MDl L,0.5167832063601412,0.5849991196756192,0.5746705084338355,22,7,22
Amyotrophic lateral sclerosis,als,15496,139,Thal LGN L,0.5423193698068404,0.5122379304224723,0.5550055264992907,22,7,22
Amyotrophic lateral sclerosis,als,15496,140,Thal LGN R,,,,0,0,0
Amyotrophic lateral sclerosis,als,15496,141,Thal MGN L,,,,0,0,0
Amyotrophic lateral sclerosis,als,15496,143,Thal PuI L,,,,0,0,0
Amyotrophic lateral sclerosis,als,15496,144,Thal PuI R,,,,0,0,0
Amyotrophic lateral sclerosis,als,15496,145,Thal PuM L,,,,0,0,0
Amyotrophic lateral sclerosis,als,15496,146,Thal PuM R,,,,0,0,0
Amyotrophic lateral sclerosis,als,15496,147,Thal PuA L,,,,0,0,0
Amyotrophic lateral sclerosis,als,15496,148,Thal PuA R,,,,0,0,0
Amyotrophic lateral sclerosis,als,15496,153,ACC pre L,,,,0,0,0
Amyotrophic lateral sclerosis,als,15496,154,ACC pre R,,,,0,0,0
Amyotrophic lateral sclerosis,als,15496,155,ACC sup L,0.4598878786156853,0.4640253956770546,0.445331894861296,22,7,22
Amyotrophic lateral sclerosis,als,15496,156,ACC sup R,,,,0,0,0
Amyotrophic lateral sclerosis,als,15496,157,N Acc L,0.53142746699795,0.49550408974168414,0.5350610640020071,22,7,22
Amyotrophic lateral sclerosis,als,15496,158,N Acc R,,,,0,0,0
Amyotrophic lateral sclerosis,als,15496,161,SN pc L,0.4715942781764246,0.6097931302849062,0.503623810683843,22,7,22
Amyotrophic lateral sclerosis,als,15496,163,SN pr L,0.5719909242695492,0.7490705475652247,0.6458980235283165,22,7,22
Amyotrophic lateral sclerosis,als,15496,164,SN pr R,,,,0,0,0
Amyotrophic lateral sclerosis,als,15496,165,Red N L,,,,0,0,0
Amyotrophic lateral sclerosis,als,15496,166,Red N R,,,,0,0,0
Amyotrophic lateral sclerosis,als,15496,167,LC L,0.5581083472603093,0.6808235665762737,0.5980725342768133,22,7,22
Amyotrophic lateral sclerosis,als,15496,168,LC R,,,,0,0,0
Amyotrophic lateral sclerosis,als,15496,169,Raphe D,,,,0,0,0
Amyotrophic lateral sclerosis,als,15496,170,Raphe M,,,,0,0,0
Amyotrophic lateral sclerosis,als,15697,1,Precentral L,0.5284779231006443,0.6222414523553443,0.5484728118177109,22,7,22
Amyotrophic lateral sclerosis,als,15697,2,Precentral R,,,,0,0,0
Amyotrophic lateral sclerosis,als,15697,3,Frontal Sup 2 L,0.46766065984869826,0.5002021999575045,0.47160056334348127,22,7,22
Amyotrophic lateral sclerosis,als,15697,4,Frontal Sup 2 R,,,,0,0,0
Amyotrophic lateral sclerosis,als,15697,5,Frontal Mid 2 L,0.5217946690038605,0.5622084139348832,0.5388364003966404,22,7,22
Amyotrophic lateral sclerosis,als,15697,6,Frontal Mid 2 R,,,,0,0,0
Amyotrophic lateral sclerosis,als,15697,7,Frontal Inf Oper L,0.5141007055921243,0.5660458360993414,0.5248206764642089,22,7,22
Amyotrophic lateral sclerosis,als,15697,8,Frontal Inf Oper R,,,,0,0,0
Amyotrophic lateral sclerosis,als,15697,9,Frontal Inf Tri L,0.5910228289581425,0.6148835781121514,0.6026918656209844,22,7,22
Amyotrophic lateral sclerosis,als,15697,10,Frontal Inf Tri R,,,,0,0,0
Amyotrophic lateral sclerosis,als,15697,11,Frontal Inf Orb 2 L,0.5195979466381928,0.5085323900369827,0.5369448172451864,22,7,22
Amyotrophic lateral sclerosis,als,15697,12,Frontal Inf Orb 2 R,,,,0,0,0
Amyotrophic lateral sclerosis,als,15697,13,Rolandic Oper L,0.5090046308234274,0.5549910463396293,0.5305765115527047,22,7,22
Amyotrophic lateral sclerosis,als,15697,14,Rolandic Oper R,,,,0,0,0
Amyotrophic lateral sclerosis,als,15697,15,Supp Motor Area L,0.4725364862116137,0.5139198359049512,0.4783511613932505,22,7,22
Amyotrophic lateral sclerosis,als,15697,16,Supp Motor Area R,,,,0,0,0
Amyotrophic lateral sclerosis,als,15697,17,Olfactory L,,,,0,0,0
Amyotrophic lateral sclerosis,als,15697,18,Olfactory R,,,,0,0,0
Amyotrophic lateral sclerosis,als,15697,19,Frontal Sup Medial L,0.5247401762364546,0.5071286558131889,0.5108515102982871,22,7,22
Amyotrophic lateral sclerosis,als,15697,20,Frontal Sup Medial R,,,,0,0,0
Amyotrophic lateral sclerosis,als,15697,21,Frontal Med Orb L,0.3516484999539169,0.32775856146423343,0.3472182164769967,22,7,22
Amyotrophic lateral sclerosis,als,15697,22,Frontal Med Orb R,,,,0,0,0
Amyotrophic lateral sclerosis,als,15697,23,Rectus L,0.4862587040563815,0.46518354613116675,0.48133613714418894,22,7,22
Amyotrophic lateral sclerosis,als,15697,24,Rectus R,,,,0,0,0
Amyotrophic lateral sclerosis,als,15697,25,OFCmed L,0.4897468450434968,0.5019107588375851,0.4982157376940904,22,7,22
Amyotrophic lateral sclerosis,als,15697,26,OFCmed R,,,,0,0,0
Amyotrophic lateral sclerosis,als,15697,27,OFCant L,0.5184092422733902,0.6088969918085008,0.5483747008665361,22,7,22
Amyotrophic lateral sclerosis,als,15697,28,OFCant R,,,,0,0,0
Amyotrophic lateral sclerosis,als,15697,29,OFCpost L,0.42785464405453766,0.3278800791446739,0.3963249985661219,22,7,22
Amyotrophic lateral sclerosis,als,15697,30,OFCpost R,,,,0,0,0
Amyotrophic lateral sclerosis,als,15697,31,OFClat L,0.4208595967222197,0.4917022091629163,0.44133144304377786,22,7,22
Amyotrophic lateral sclerosis,als,15697,32,OFClat R,,,,0,0,0
Amyotrophic lateral sclerosis,als,15697,33,Insula L,0.43286698129082735,0.4025417103634896,0.4218851144182039,22,7,22
Amyotrophic lateral sclerosis,als,15697,34,Insula R,,,,0,0,0
Amyotrophic lateral sclerosis,als,15697,37,Cingulate Mid L,0.46990158478795335,0.49498617308546083,0.4735033757184792,22,7,22
Amyotrophic lateral sclerosis,als,15697,38,Cingulate Mid R,,,,0,0,0
Amyotrophic lateral sclerosis,als,15697,39,Cingulate Post L,0.5440603409053266,0.5356262179793421,0.5232973060269133,22,7,22
Amyotrophic lateral sclerosis,als,15697,41,Hippocampus L,0.5055892400233474,0.3901727948961104,0.4673197339789733,22,7,22
Amyotrophic lateral sclerosis,als,15697,42,Hippocampus R,,,,0,0,0
Amyotrophic lateral sclerosis,als,15697,43,ParaHippocampal L,0.45305771981373155,0.29512691288244136,0.385087989775354,22,7,22
Amyotrophic lateral sclerosis,als,15697,44,ParaHippocampal R,,,,0,0,0
Amyotrophic lateral sclerosis,als,15697,45,Amygdala L,0.4961342009486421,0.4753967320636637,0.4872998065471135,22,7,22
Amyotrophic lateral sclerosis,als,15697,46,Amygdala R,,,,0,0,0
Amyotrophic lateral sclerosis,als,15697,47,Calcarine L,0.5443880401111313,0.5596224319890336,0.5565972207391297,22,7,22
Amyotrophic lateral sclerosis,als,15697,48,Calcarine R,,,,0,0,0
Amyotrophic lateral sclerosis,als,15697,49,Cuneus L,0.5611236111835266,0.5754935604583837,0.5801514117475037,22,7,22
Amyotrophic lateral sclerosis,als,15697,51,Lingual L,0.5578761701496606,0.5002231933810253,0.5613562311823249,22,7,22
Amyotrophic lateral sclerosis,als,15697,52,Lingual R,,,,0,0,0
Amyotrophic lateral sclerosis,als,15697,53,Occipital Sup L,0.5182508066547202,0.5466573106658896,0.5342587407501543,22,7,22
Amyotrophic lateral sclerosis,als,15697,55,Occipital Mid L,0.5712691386724545,0.6019062525469067,0.5976113948559264,22,7,22
Amyotrophic lateral sclerosis,als,15697,56,Occipital Mid R,,,,0,0,0
Amyotrophic lateral sclerosis,als,15697,57,Occipital Inf L,0.5536913728234273,0.6024400707100573,0.5795184304256479,22,7,22
Amyotrophic lateral sclerosis,als,15697,58,Occipital Inf R,,,,0,0,0
Amyotrophic lateral sclerosis,als,15697,59,Fusiform L,0.509295689962189,0.4040988686532398,0.4791676591641704,22,7,22
Amyotrophic lateral sclerosis,als,15697,60,Fusiform R,,,,0,0,0
Amyotrophic lateral sclerosis,als,15697,61,Postcentral L,0.5557248698019893,0.5812453694273269,0.5566857428224969,22,7,22
Amyotrophic lateral sclerosis,als,15697,62,Postcentral R,,,,0,0,0
Amyotrophic lateral sclerosis,als,15697,63,Parietal Sup L,0.5384642072633932,0.5799948660271307,0.5547951417512548,22,7,22
Amyotrophic lateral sclerosis,als,15697,64,Parietal Sup R,,,,0,0,0
Amyotrophic lateral sclerosis,als,15697,65,Parietal Inf L,0.545190040800893,0.5650430549274083,0.5486004559313948,22,7,22
Amyotrophic lateral sclerosis,als,15697,66,Parietal Inf R,,,,0,0,0
Amyotrophic lateral sclerosis,als,15697,67,SupraMarginal L,0.3728933379933777,0.43794713036860067,0.3979195733881277,22,7,22
Amyotrophic lateral sclerosis,als,15697,68,SupraMarginal R,,,,0,0,0
Amyotrophic lateral sclerosis,als,15697,69,Angular L,,,,0,0,0
Amyotrophic lateral sclerosis,als,15697,70,Angular R,,,,0,0,0
Amyotrophic lateral sclerosis,als,15697,71,Precuneus L,0.47810296122853463,0.5548646750526397,0.5084990292440046,22,7,22
Amyotrophic lateral sclerosis,als,15697,72,Precuneus R,,,,0,0,0
Amyotrophic lateral sclerosis,als,15697,73,Paracentral Lobule L,0.4881733402193165,0.47848500605411254,0.4794362506047765,22,7,22
Amyotrophic lateral sclerosis,als,15697,74,Paracentral Lobule R,,,,0,0,0
Amyotrophic lateral sclerosis,als,15697,75,Caudate L,0.5062491524962967,0.4801755938847682,0.4862342355011395,22,7,22
Amyotrophic lateral sclerosis,als,15697,76,Caudate R,,,,0,0,0
Amyotrophic lateral sclerosis,als,15697,77,Putamen L,0.5233325540403796,0.5262820425007316,0.5144818955419125,22,7,22
Amyotrophic lateral sclerosis,als,15697,78,Putamen R,,,,0,0,0
Amyotrophic lateral sclerosis,als,15697,79,Pallidum L,0.5585951428285214,0.6314970002405728,0.5792463113217747,22,7,22
Amyotrophic lateral sclerosis,als,15697,80,Pallidum R,,,,0,0,0
Amyotrophic lateral sclerosis,als,15697,83,Heschl L,0.505219145681082,0.5241492579838055,0.5263904795886561,22,7,22
Amyotrophic lateral sclerosis,als,15697,84,Heschl R,,,,0,0,0
Amyotrophic lateral sclerosis,als,15697,85,Temporal Sup L,0.5037922124766674,0.5408415859658843,0.5261085769991725,22,7,22
Amyotrophic lateral sclerosis,als,15697,86,Temporal Sup R,,,,0,0,0
Amyotrophic lateral sclerosis,als,15697,87,Temporal Pole Sup L,0.4827191407923454,0.3815505031039402,0.46077960475175966,22,7,22
Amyotrophic lateral sclerosis,als,15697,88,Temporal Pole Sup R,,,,0,0,0
Amyotrophic lateral sclerosis,als,15697,89,Temporal Mid L,0.4506730297176711,0.4692876105855001,0.45830233567974554,22,7,22
Amyotrophic lateral sclerosis,als,15697,90,Temporal Mid R,,,,0,0,0
Amyotrophic lateral sclerosis,als,15697,91,Temporal Pole Mid L,0.46549212267628665,0.3193953531272289,0.4158418775937777,22,7,22
Amyotrophic lateral sclerosis,als,15697,93,Temporal Inf L,0.4446578619374106,0.4223284606756155,0.43800587037986805,22,7,22
Amyotrophic lateral sclerosis,als,15697,94,Temporal Inf R,,,,0,0,0
Amyotrophic lateral sclerosis,als,15697,95,Cerebellum Crus1 L,0.4974511267338533,0.43357583688895923,0.4799504421914336,22,7,22
Amyotrophic lateral sclerosis,als,15697,96,Cerebellum Crus1 R,,,,0,0,0
Amyotrophic lateral sclerosis,als,15697,97,Cerebellum Crus2 L,0.4806589373800189,0.46401101333249317,0.4658075598218626,22,7,22
Amyotrophic lateral sclerosis,als,15697,98,Cerebellum Crus2 R,,,,0,0,0
Amyotrophic lateral sclerosis,als,15697,101,Cerebellum 4 5 L,0.5197884946397694,0.5242597863284812,0.5335975602868333,22,7,22
Amyotrophic lateral sclerosis,als,15697,102,Cerebellum 4 5 R,,,,0,0,0
Amyotrophic lateral sclerosis,als,15697,103,Cerebellum 6 L,0.5083586101443002,0.4168757927380651,0.48524038495144706,22,7,22
Amyotrophic lateral sclerosis,als,15697,104,Cerebellum 6 R,,,,0,0,0
Amyotrophic lateral sclerosis,als,15697,105,Cerebellum 7b L,0.508285110584509,0.6435823097051488,0.5658444663635058,22,7,22
Amyotrophic lateral sclerosis,als,15697,106,Cerebellum 7b R,,,,0,0,0
Amyotrophic lateral sclerosis,als,15697,107,Cerebellum 8 L,0.5182995019111821,0.5213506748641444,0.5190982289528179,22,7,22
Amyotrophic lateral sclerosis,als,15697,108,Cerebellum 8 R,,,,0,0,0
Amyotrophic lateral sclerosis,als,15697,109,Cerebellum 9 L,,,,0,0,0
Amyotrophic lateral sclerosis,als,15697,110,Cerebellum 9 R,,,,0,0,0
Amyotrophic lateral sclerosis,als,15697,111,Cerebellum 10 L,,,,0,0,0
Amyotrophic lateral sclerosis,als,15697,118,Vermis 8,0.627746268916581,0.8188471981070432,0.66062339874623,22,7,22
Amyotrophic lateral sclerosis,als,15697,119,Vermis 9,0.506525668427002,0.7453274631811705,0.5352664954945797,22,7,22
Amyotrophic lateral sclerosis,als,15697,121,Thal AV L,0.556334791345095,0.6325135367758418,0.6013459793682817,22,7,22
Amyotrophic lateral sclerosis,als,15697,122,Thal AV R,,,,0,0,0
Amyotrophic lateral sclerosis,als,15697,125,Thal VA L,0.6275891198020562,0.7359773787062318,0.6865228301140227,22,7,22
Amyotrophic lateral sclerosis,als,15697,127,Thal VL L,0.5211634421809322,0.5448397528989105,0.5551830533966283,22,7,22
Amyotrophic lateral sclerosis,als,15697,128,Thal VL R,,,,0,0,0
Amyotrophic lateral sclerosis,als,15697,129,Thal VPL L,0.5417717584716425,0.6209813509159022,0.5764536774019896,22,7,22
Amyotrophic lateral sclerosis,als,15697,130,Thal VPL R,,,,0,0,0
Amyotrophic lateral sclerosis,als,15697,131,Thal IL L,0.6049266061144513,0.6919579139591384,0.6431977160490947,22,7,22
Amyotrophic lateral sclerosis,als,15697,135,Thal MDm L,,,,0,0,0
Amyotrophic lateral sclerosis,als,15697,136,Thal MDm R,,,,0,0,0
Amyotrophic lateral sclerosis,als,15697,137,Thal MDl L,0.44606488740725575,0.4031182261150051,0.4587955183932176,22,7,22
Amyotrophic lateral sclerosis,als,15697,139,Thal LGN L,,,,0,0,0
Amyotrophic lateral sclerosis,als,15697,140,Thal LGN R,,,,0,0,0
Amyotrophic lateral sclerosis,als,15697,141,Thal MGN L,0.5525215672211045,0.49043560459268754,0.5595756820260774,22,7,22
Amyotrophic lateral sclerosis,als,15697,143,Thal PuI L,0.5501547313014838,0.5905172931354776,0.5870200474526819,22,7,22
Amyotrophic lateral sclerosis,als,15697,144,Thal PuI R,,,,0,0,0
Amyotrophic lateral sclerosis,als,15697,145,Thal PuM L,0.5341533963766398,0.5314264388138012,0.5599391226019681,22,7,22
Amyotrophic lateral sclerosis,als,15697,146,Thal PuM R,,,,0,0,0
Amyotrophic lateral sclerosis,als,15697,147,Thal PuA L,,,,0,0,0
Amyotrophic lateral sclerosis,als,15697,148,Thal PuA R,,,,0,0,0
Amyotrophic lateral sclerosis,als,15697,153,ACC pre L,0.38558787772145303,0.286661887224623,0.35389097328263996,22,7,22
Amyotrophic lateral sclerosis,als,15697,154,ACC pre R,,,,0,0,0
Amyotrophic lateral sclerosis,als,15697,155,ACC sup L,0.4148683111850394,0.38489900811165606,0.37077240885625723,22,7,22
Amyotrophic lateral sclerosis,als,15697,156,ACC sup R,,,,0,0,0
Amyotrophic lateral sclerosis,als,15697,157,N Acc L,0.4725571386181675,0.49937363114107614,0.47846232636961844,22,7,22
Amyotrophic lateral sclerosis,als,15697,158,N Acc R,,,,0,0,0
Amyotrophic lateral sclerosis,als,15697,161,SN pc L,,,,0,0,0
Amyotrophic lateral sclerosis,als,15697,163,SN pr L,0.5718444927788823,0.6810670387829157,0.5985121074717987,22,7,22
Amyotrophic lateral sclerosis,als,15697,164,SN pr R,,,,0,0,0
Amyotrophic lateral sclerosis,als,15697,165,Red N L,0.5075818592364488,0.6827791536806943,0.5652092741669459,22,7,22
Amyotrophic lateral sclerosis,als,15697,166,Red N R,,,,0,0,0
Amyotrophic lateral sclerosis,als,15697,167,LC L,,,,0,0,0
Amyotrophic lateral sclerosis,als,15697,168,LC R,,,,0,0,0
Amyotrophic lateral sclerosis,als,15697,169,Raphe D,,,,0,0,0
Amyotrophic lateral sclerosis,als,15697,170,Raphe M,,,,0,0,0
Amyotrophic lateral sclerosis,als,9861,1,Precentral L,0.5094994622606295,0.5840609552876666,0.5251232793561171,22,7,22
Amyotrophic lateral sclerosis,als,9861,2,Precentral R,0.5011099004704209,0.6044245487478609,0.5273751812029993,22,7,22
Amyotrophic lateral sclerosis,als,9861,3,Frontal Sup 2 L,0.49863711824651874,0.6009304418582351,0.5195951930225124,22,7,22
Amyotrophic lateral sclerosis,als,9861,4,Frontal Sup 2 R,0.531030004664638,0.5689612675123873,0.5463283247961566,22,7,22
Amyotrophic lateral sclerosis,als,9861,5,Frontal Mid 2 L,0.5215520719765306,0.5904157968200998,0.5419335253654182,22,7,22
Amyotrophic lateral sclerosis,als,9861,6,Frontal Mid 2 R,0.4852847333681982,0.5206924794380191,0.4965717603610853,22,7,22
Amyotrophic lateral sclerosis,als,9861,7,Frontal Inf Oper L,0.5130788380783217,0.5450045802443649,0.5068890495609972,22,7,22
Amyotrophic lateral sclerosis,als,9861,8,Frontal Inf Oper R,0.5518153140937353,0.6311397580862336,0.5630715176561798,22,7,22
Amyotrophic lateral sclerosis,als,9861,9,Frontal Inf Tri L,0.5386359669928418,0.6089815534276752,0.5659882874121003,22,7,22
Amyotrophic lateral sclerosis,als,9861,10,Frontal Inf Tri R,0.5673575820292581,0.5788090208041252,0.5624644352947997,22,7,22
Amyotrophic lateral sclerosis,als,9861,11,Frontal Inf Orb 2 L,0.5226180585416497,0.5580305627751987,0.5453041313307981,22,7,22
Amyotrophic lateral sclerosis,als,9861,12,Frontal Inf Orb 2 R,0.5331788528142162,0.6507125997763161,0.5712745640672281,22,7,22
Amyotrophic lateral sclerosis,als,9861,13,Rolandic Oper L,0.45431905427401414,0.40247662866519845,0.4307673044992271,22,7,22
Amyotrophic lateral sclerosis,als,9861,14,Rolandic Oper R,0.5370575769730894,0.6445788928498274,0.578003791344472,22,7,22
Amyotrophic lateral sclerosis,als,9861,15,Supp Motor Area L,0.5280066094637158,0.548565779134067,0.5177190689525886,22,7,22
Amyotrophic lateral sclerosis,als,9861,16,Supp Motor Area R,0.47439328718519125,0.46856874174656304,0.44786793210534487,22,7,22
Amyotrophic lateral sclerosis,als,9861,17,Olfactory L,0.35151684662908544,0.19303700636924045,0.2693285814884058,22,7,22
Amyotrophic lateral sclerosis,als,9861,18,Olfactory R,0.4368790037208044,0.5237102705441267,0.4407802792402192,22,7,22
Amyotrophic lateral sclerosis,als,9861,19,Frontal Sup Medial L,0.5195645779103146,0.5339015336427653,0.5272767005830573,22,7,22
Amyotrophic lateral sclerosis,als,9861,20,Frontal Sup Medial R,0.5331127448753541,0.44987980177367903,0.5019285301483423,22,7,22
Amyotrophic lateral sclerosis,als,9861,21,Frontal Med Orb L,0.48600896264011834,0.3985530321507201,0.4432202195642992,22,7,22
Amyotrophic lateral sclerosis,als,9861,22,Frontal Med Orb R,0.5580726233149528,0.5018128134103563,0.5424929306078234,22,7,22
Amyotrophic lateral sclerosis,als,9861,23,Rectus L,0.4827557508310493,0.43641820548646354,0.46754930175140885,22,7,22
Amyotrophic lateral sclerosis,als,9861,24,Rectus R,0.5150021013880891,0.478462155613338,0.5016040874699179,22,7,22
Amyotrophic lateral sclerosis,als,9861,25,OFCmed L,0.5278291747867713,0.6119020043706823,0.5738797708204005,22,7,22
Amyotrophic lateral sclerosis,als,9861,26,OFCmed R,0.4810385992251016,0.5303515960272283,0.49635244573589465,22,7,22
Amyotrophic lateral sclerosis,als,9861,27,OFCant L,0.5917596344389514,0.5403959082549421,0.5924997062298584,22,7,22
Amyotrophic lateral sclerosis,als,9861,28,OFCant R,0.5245584695277693,0.508409503956263,0.5238495139279297,22,7,22
Amyotrophic lateral sclerosis,als,9861,29,OFCpost L,0.47818793482854255,0.5346217911219355,0.5271595178014676,22,7,22
Amyotrophic lateral sclerosis,als,9861,30,OFCpost R,0.5224583130734688,0.5847263572159352,0.5499520866474789,22,7,22
Amyotrophic lateral sclerosis,als,9861,31,OFClat L,,,,0,0,0
Amyotrophic lateral sclerosis,als,9861,32,OFClat R,0.5183818654459724,0.6052354251112642,0.5575578389171925,22,7,22
Amyotrophic lateral sclerosis,als,9861,33,Insula L,0.5016567013873258,0.4896927869824756,0.49025069013312217,22,7,22
Amyotrophic lateral sclerosis,als,9861,34,Insula R,0.4519648673526362,0.39925418010522484,0.43068755632475664,22,7,22
Amyotrophic lateral sclerosis,als,9861,37,Cingulate Mid L,0.4989684946187907,0.5306260305064388,0.5031067553068783,22,7,22
Amyotrophic lateral sclerosis,als,9861,38,Cingulate Mid R,0.4878897682443089,0.5576058641241325,0.5011888980647424,22,7,22
Amyotrophic lateral sclerosis,als,9861,39,Cingulate Post L,0.55801741748279,0.532425455497456,0.5528787721835295,22,7,22
Amyotrophic lateral sclerosis,als,9861,41,Hippocampus L,0.5115758740411713,0.4191415007854438,0.4908582270046569,22,7,22
Amyotrophic lateral sclerosis,als,9861,42,Hippocampus R,0.5098876928520648,0.43233217635310534,0.48855068065742846,22,7,22
Amyotrophic lateral sclerosis,als,9861,43,ParaHippocampal L,0.45581643624919327,0.4023558098993178,0.417794354085661,22,7,22
Amyotrophic lateral sclerosis,als,9861,44,ParaHippocampal R,0.48403848108760034,0.3900036728835824,0.4468982242360981,22,7,22
Amyotrophic lateral sclerosis,als,9861,45,Amygdala L,0.49008064587978484,0.4560084803465764,0.49787378424763207,22,7,22
Amyotrophic lateral sclerosis,als,9861,46,Amygdala R,0.35351534196988293,0.29940686937628264,0.34994682005280675,22,7,22
Amyotrophic lateral sclerosis,als,9861,47,Calcarine L,0.5266147213908168,0.4564244956411296,0.5414844236516793,22,7,22
Amyotrophic lateral sclerosis,als,9861,48,Calcarine R,0.5175265583837156,0.4508610866332116,0.5319925897966925,22,7,22
Amyotrophic lateral sclerosis,als,9861,49,Cuneus L,,,,0,0,0
Amyotrophic lateral sclerosis,als,9861,51,Lingual L,0.49775760770309635,0.42676547987658914,0.5004880435939777,22,7,22
Amyotrophic lateral sclerosis,als,9861,52,Lingual R,0.504177440594263,0.42895848664644504,0.5070074127338584,22,7,22
Amyotrophic lateral sclerosis,als,9861,53,Occipital Sup L,,,,0,0,0
Amyotrophic lateral sclerosis,als,9861,55,Occipital Mid L,0.5351675484103232,0.4524470154310129,0.514564452588101,22,7,22
Amyotrophic lateral sclerosis,als,9861,56,Occipital Mid R,0.5794184950692142,0.6006692645841964,0.6106299485685699,22,7,22
Amyotrophic lateral sclerosis,als,9861,57,Occipital Inf L,0.6226674891983717,0.6486412206406243,0.6395097090196339,22,7,22
Amyotrophic lateral sclerosis,als,9861,58,Occipital Inf R,0.5729983663802117,0.5717382564011843,0.5974606603196794,22,7,22
Amyotrophic lateral sclerosis,als,9861,59,Fusiform L,0.4771568324285109,0.40408428266991103,0.4509479764011982,22,7,22
Amyotrophic lateral sclerosis,als,9861,60,Fusiform R,0.4976030309750668,0.461822545980079,0.48852311054624303,22,7,22
Amyotrophic lateral sclerosis,als,9861,61,Postcentral L,0.4630670930606849,0.46635249454738165,0.46516727470576597,22,7,22
Amyotrophic lateral sclerosis,als,9861,62,Postcentral R,0.4972097168159826,0.5500114835665121,0.5108381784219853,22,7,22
Amyotrophic lateral sclerosis,als,9861,63,Parietal Sup L,0.5345574896339076,0.43986039214774114,0.5227559520723573,22,7,22
Amyotrophic lateral sclerosis,als,9861,64,Parietal Sup R,0.5134522242508104,0.5799410354978571,0.5262179420518786,22,7,22
Amyotrophic lateral sclerosis,als,9861,65,Parietal Inf L,0.510525277401812,0.5102914786727722,0.5074097767220416,22,7,22
Amyotrophic lateral sclerosis,als,9861,66,Parietal Inf R,0.578769969442768,0.5427468874013275,0.5740081416021034,22,7,22
Amyotrophic lateral sclerosis,als,9861,67,SupraMarginal L,0.46502172487770754,0.4183911751559743,0.4394258764398152,22,7,22
Amyotrophic lateral sclerosis,als,9861,68,SupraMarginal R,0.5048568865176682,0.49310252614107475,0.49304200707473583,22,7,22
Amyotrophic lateral sclerosis,als,9861,69,Angular L,0.5542140005474688,0.45846463072797017,0.5106367391343521,22,7,22
Amyotrophic lateral sclerosis,als,9861,70,Angular R,0.4970170701959164,0.5341947640830115,0.513576445331411,22,7,22
Amyotrophic lateral sclerosis,als,9861,71,Precuneus L,0.5512878697475249,0.5606570252428877,0.5622064620777713,22,7,22
Amyotrophic lateral sclerosis,als,9861,72,Precuneus R,0.5349421855196982,0.5316118621900389,0.5427048502002014,22,7,22
Amyotrophic lateral sclerosis,als,9861,73,Paracentral Lobule L,0.49594234432072093,0.6055770250878723,0.5294131634345947,22,7,22
Amyotrophic lateral sclerosis,als,9861,74,Paracentral Lobule R,0.5078420194988048,0.5594228118402698,0.5225143099368723,22,7,22
Amyotrophic lateral sclerosis,als,9861,75,Caudate L,0.5460249483758306,0.5118172747230649,0.5230925140816454,22,7,22
Amyotrophic lateral sclerosis,als,9861,76,Caudate R,0.5345110316288794,0.4865509992771736,0.508284435450257,22,7,22
Amyotrophic lateral sclerosis,als,9861,77,Putamen L,0.5143828032295826,0.5001111130870736,0.5031792470955194,22,7,22
Amyotrophic lateral sclerosis,als,9861,78,Putamen R,0.5077149712971132,0.47890330459363967,0.49446979343355807,22,7,22
Amyotrophic lateral sclerosis,als,9861,79,Pallidum L,0.5347621985475428,0.5702570560957209,0.5282084582200407,22,7,22
Amyotrophic lateral sclerosis,als,9861,80,Pallidum R,0.5529698115241087,0.6021237304323489,0.5435270518101097,22,7,22
Amyotrophic lateral sclerosis,als,9861,83,Heschl L,0.5091511605671767,0.5352146909888267,0.5171400148009271,22,7,22
Amyotrophic lateral sclerosis,als,9861,84,Heschl R,0.5109805223807394,0.6590338484724761,0.5747298614960241,22,7,22
Amyotrophic lateral sclerosis,als,9861,85,Temporal Sup L,0.5195564741738331,0.45064407469819523,0.49894975606097425,22,7,22
Amyotrophic lateral sclerosis,als,9861,86,Temporal Sup R,0.4964221792220632,0.5319673534165916,0.5118229056165674,22,7,22
Amyotrophic lateral sclerosis,als,9861,87,Temporal Pole Sup L,0.4776503490095107,0.42405626080762754,0.4414632424105701,22,7,22
Amyotrophic lateral sclerosis,als,9861,88,Temporal Pole Sup R,0.5196014644679952,0.542736723127908,0.5015097731772199,22,7,22
Amyotrophic lateral sclerosis,als,9861,89,Temporal Mid L,0.5290641832141608,0.4939899556277701,0.5134271354813558,22,7,22
Amyotrophic lateral sclerosis,als,9861,90,Temporal Mid R,0.5055387495238899,0.500393727431512,0.4986500778613453,22,7,22
Amyotrophic lateral sclerosis,als,9861,91,Temporal Pole Mid L,,,,0,0,0
Amyotrophic lateral sclerosis,als,9861,93,Temporal Inf L,0.5002108487554838,0.4882983682606973,0.5005652841332743,22,7,22
Amyotrophic lateral sclerosis,als,9861,94,Temporal Inf R,0.5032551904478831,0.4712063854100133,0.4918672620284372,22,7,22
Amyotrophic lateral sclerosis,als,9861,95,Cerebellum Crus1 L,0.4513755195221323,0.32344721341224764,0.4333677789502582,22,7,22
Amyotrophic lateral sclerosis,als,9861,96,Cerebellum Crus1 R,0.5289526875610091,0.3877960449361594,0.4954048695273675,22,7,22
Amyotrophic lateral sclerosis,als,9861,97,Cerebellum Crus2 L,0.5222222982853763,0.39322186321718233,0.5149883322199262,22,7,22
Amyotrophic lateral sclerosis,als,9861,98,Cerebellum Crus2 R,0.5429151804045973,0.4642140740342426,0.520673560007415,22,7,22
Amyotrophic lateral sclerosis,als,9861,101,Cerebellum 4 5 L,0.5177276639766714,0.4419303272922365,0.5199492921196849,22,7,22
Amyotrophic lateral sclerosis,als,9861,102,Cerebellum 4 5 R,0.5545615405942109,0.4304262014955688,0.5556675012273825,22,7,22
Amyotrophic lateral sclerosis,als,9861,103,Cerebellum 6 L,0.4712923400989345,0.20410570642348752,0.409645870352938,22,7,22
Amyotrophic lateral sclerosis,als,9861,104,Cerebellum 6 R,0.4357291755324345,0.30516882807629964,0.4180366051408066,22,7,22
Amyotrophic lateral sclerosis,als,9861,105,Cerebellum 7b L,0.5134327151119725,0.4170933639803514,0.5002113158061859,22,7,22
Amyotrophic lateral sclerosis,als,9861,106,Cerebellum 7b R,0.5595714441822562,0.48731250525905484,0.5494392494283785,22,7,22
Amyotrophic lateral sclerosis,als,9861,107,Cerebellum 8 L,0.49848195368654574,0.441224806564361,0.4953911361406552,22,7,22
Amyotrophic lateral sclerosis,als,9861,108,Cerebellum 8 R,0.5742680464568637,0.5278215327178352,0.559402350187369,22,7,22
Amyotrophic lateral sclerosis,als,9861,109,Cerebellum 9 L,0.4096305748913691,0.35548406721668396,0.40320249038616296,22,7,22
Amyotrophic lateral sclerosis,als,9861,110,Cerebellum 9 R,0.4706023223043884,0.35972634309101714,0.4635412571417819,22,7,22
Amyotrophic lateral sclerosis,als,9861,111,Cerebellum 10 L,,,,0,0,0
Amyotrophic lateral sclerosis,als,9861,118,Vermis 8,0.5114082400918419,0.7228335248271252,0.5630181695414973,22,7,22
Amyotrophic lateral sclerosis,als,9861,119,Vermis 9,0.5287745363540747,0.7501465554540973,0.5403605542929869,22,7,22
Amyotrophic lateral sclerosis,als,9861,121,Thal AV L,0.5335150100903147,0.43326264914154694,0.4932772695029012,22,7,22
Amyotrophic lateral sclerosis,als,9861,122,Thal AV R,0.4780441985583792,0.4832485268602466,0.4699861548578966,22,7,22
Amyotrophic lateral sclerosis,als,9861,125,Thal VA L,0.5474053599686233,0.5819714959117024,0.5301741437047248,22,7,22
Amyotrophic lateral sclerosis,als,9861,127,Thal VL L,0.5702181335351381,0.6075946892438552,0.5640943704014904,22,7,22
Amyotrophic lateral sclerosis,als,9861,128,Thal VL R,0.538821070810696,0.6728552979381507,0.5851670710607818,22,7,22
Amyotrophic lateral sclerosis,als,9861,129,Thal VPL L,0.5409484281586323,0.6490934417610459,0.5803325584541029,22,7,22
Amyotrophic lateral sclerosis,als,9861,130,Thal VPL R,0.5811618623684273,0.7530495765714209,0.6645072126410353,22,7,22
Amyotrophic lateral sclerosis,als,9861,131,Thal IL L,0.5442183682164472,0.6436265134355442,0.5720942372280543,22,7,22
Amyotrophic lateral sclerosis,als,9861,135,Thal MDm L,0.43871482899416026,0.5099093865512813,0.4545168903603659,22,7,22
Amyotrophic lateral sclerosis,als,9861,136,Thal MDm R,0.48872464438528457,0.5291714393197522,0.5218658790135328,22,7,22
Amyotrophic lateral sclerosis,als,9861,137,Thal MDl L,0.504965480523807,0.5704115308876382,0.5261072162863856,22,7,22
Amyotrophic lateral sclerosis,als,9861,139,Thal LGN L,0.52180466332482,0.667465867541221,0.5633823770653846,22,7,22
Amyotrophic lateral sclerosis,als,9861,140,Thal LGN R,0.6298681562221785,0.7667592642096385,0.6918029253867285,22,7,22
Amyotrophic lateral sclerosis,als,9861,141,Thal MGN L,0.591648362465519,0.7298309881637381,0.6526077921637176,22,7,22
Amyotrophic lateral sclerosis,als,9861,143,Thal PuI L,0.6341661675234254,0.6577187607522601,0.6681986945404365,22,7,22
Amyotrophic lateral sclerosis,als,9861,144,Thal PuI R,0.6044637821889968,0.6882960766800152,0.6524621612662624,22,7,22
Amyotrophic lateral sclerosis,als,9861,145,Thal PuM L,0.5646093994512337,0.5999337596945766,0.5967294971654356,22,7,22
Amyotrophic lateral sclerosis,als,9861,146,Thal PuM R,0.5082479446089907,0.5907721491920755,0.5487764293376651,22,7,22
Amyotrophic lateral sclerosis,als,9861,147,Thal PuA L,0.5749546644172893,0.7049662926294211,0.6377493424418532,22,7,22
Amyotrophic lateral sclerosis,als,9861,148,Thal PuA R,0.4927706431948385,0.553711647586429,0.5158354827243486,22,7,22
Amyotrophic lateral sclerosis,als,9861,153,ACC pre L,,,,0,0,0
Amyotrophic lateral sclerosis,als,9861,154,ACC pre R,0.5154731613629354,0.5371560332584486,0.522560295365262,22,7,22
Amyotrophic lateral sclerosis,als,9861,155,ACC sup L,0.5054762569275283,0.5579822738806955,0.5085015869021982,22,7,22
Amyotrophic lateral sclerosis,als,9861,156,ACC sup R,0.4859171494896261,0.517231930799068,0.4790635565822733,22,7,22
Amyotrophic lateral sclerosis,als,9861,157,N Acc L,0.549273006118179,0.4247552769952824,0.5152546309538926,22,7,22
Amyotrophic lateral sclerosis,als,9861,158,N Acc R,0.5904488922020005,0.44307219627674416,0.5396601975502993,22,7,22
Amyotrophic lateral sclerosis,als,9861,161,SN pc L,,,,0,0,0
Amyotrophic lateral sclerosis,als,9861,163,SN pr L,,,,0,0,0
Amyotrophic lateral sclerosis,als,9861,164,SN pr R,0.5526065053831353,0.6182935205488151,0.5567283212798981,22,7,22
Amyotrophic lateral sclerosis,als,9861,165,Red N L,0.4753837414008565,0.575052206759988,0.5071899904622705,22,7,22
Amyotrophic lateral sclerosis,als,9861,166,Red N R,0.5481498914317858,0.7187662712039451,0.5983850654040186,22,7,22
Amyotrophic lateral sclerosis,als,9861,167,LC L,0.549881777918137,0.6438730767029585,0.5882613397521501,22,7,22
Amyotrophic lateral sclerosis,als,9861,168,LC R,0.5563207217030516,0.6615153655767292,0.5880027725744228,22,7,22
Amyotrophic lateral sclerosis,als,9861,169,Raphe D,0.493863098630017,0.6315808350965211,0.5264322443867296,22,7,22
Amyotrophic lateral sclerosis,als,9861,170,Raphe M,0.5366522742631186,0.6368498322349814,0.5684937098566347,22,7,22
Schizophrenia,schizophrenia,10021,1,Precentral L,0.5090292615686319,0.4997067675949272,0.5003933145889652,381,107,381
Schizophrenia,schizophrenia,10021,2,Precentral R,0.49159580389514795,0.4905836123428143,0.48851359795249166,381,107,381
Schizophrenia,schizophrenia,10021,3,Frontal Sup 2 L,0.5181826354231599,0.5329579352222523,0.5240487543729763,381,107,381
Schizophrenia,schizophrenia,10021,4,Frontal Sup 2 R,0.5188296247969215,0.5179805038210921,0.5187980003982927,381,107,381
Schizophrenia,schizophrenia,10021,5,Frontal Mid 2 L,0.5309698763967345,0.5288458305813607,0.5296470254748229,381,107,381
Schizophrenia,schizophrenia,10021,6,Frontal Mid 2 R,0.5008673556557841,0.5123505976591053,0.5066869707626551,381,107,381
Schizophrenia,schizophrenia,10021,7,Frontal Inf Oper L,,,,0,0,0
Schizophrenia,schizophrenia,10021,8,Frontal Inf Oper R,0.4539463387173325,0.4627979587003652,0.4619042504414179,381,107,381
Schizophrenia,schizophrenia,10021,9,Frontal Inf Tri L,0.5193021047086862,0.520758511036604,0.5198736290475059,381,107,381
Schizophrenia,schizophrenia,10021,10,Frontal Inf Tri R,0.5207117849738166,0.506424946429952,0.517000999244142,381,107,381
Schizophrenia,schizophrenia,10021,11,Frontal Inf Orb 2 L,0.48785386399973946,0.46456347637630924,0.4776806577919932,381,107,381
Schizophrenia,schizophrenia,10021,12,Frontal Inf Orb 2 R,0.46460695467051594,0.433088963388428,0.4527099659464678,381,107,381
Schizophrenia,schizophrenia,10021,13,Rolandic Oper L,0.544806737823197,0.5650459864331728,0.5549156968372331,381,107,381
Schizophrenia,schizophrenia,10021,14,Rolandic Oper R,0.5385394491919376,0.5601340899155126,0.5479206110950345,381,107,381
Schizophrenia,schizophrenia,10021,15,Supp Motor Area L,0.38510983006604677,0.39121726054431744,0.3867265788962463,381,107,381
Schizophrenia,schizophrenia,10021,16,Supp Motor Area R,0.5165760074457753,0.5276216202791144,0.5191853804595201,381,107,381
Schizophrenia,schizophrenia,10021,17,Olfactory L,0.47938384859244754,0.4971091732866715,0.4818328366963432,381,107,381
Schizophrenia,schizophrenia,10021,18,Olfactory R,0.48757654986783044,0.499759668072755,0.4922535479699202,381,107,381
Schizophrenia,schizophrenia,10021,19,Frontal Sup Medial L,0.5342533444069715,0.5448496871251177,0.5404017754873484,381,107,381
Schizophrenia,schizophrenia,10021,20,Frontal Sup Medial R,0.5453156803428177,0.5496418666604278,0.5468846062811729,381,107,381
Schizophrenia,schizophrenia,10021,21,Frontal Med Orb L,0.5592470470321804,0.5686582403630687,0.5647049177433598,381,107,381
Schizophrenia,schizophrenia,10021,22,Frontal Med Orb R,0.5491001641970114,0.5534644662372996,0.5520161389974839,381,107,381
Schizophrenia,schizophrenia,10021,23,Rectus L,0.5044845684965821,0.5089532129991764,0.5064377772278329,381,107,381
Schizophrenia,schizophrenia,10021,24,Rectus R,0.5314868109180368,0.5340283270852095,0.5346395698129003,381,107,381
Schizophrenia,schizophrenia,10021,25,OFCmed L,0.4912320509679588,0.48351225457578645,0.4873748165357607,381,107,381
Schizophrenia,schizophrenia,10021,26,OFCmed R,0.532589961212564,0.5518080956287797,0.5407828772486794,381,107,381
Schizophrenia,schizophrenia,10021,27,OFCant L,0.4790973316572021,0.48043112318101083,0.475553371485258,381,107,381
Schizophrenia,schizophrenia,10021,28,OFCant R,0.5500978884856105,0.5518565873497856,0.5528606257623989,381,107,381
Schizophrenia,schizophrenia,10021,29,OFCpost L,0.42183082515736414,0.42507347875544366,0.42768487830140456,381,107,381
Schizophrenia,schizophrenia,10021,30,OFCpost R,0.49608201482829367,0.5139466536267524,0.5035876763168853,381,107,381
Schizophrenia,schizophrenia,10021,31,OFClat L,,,,0,0,0
Schizophrenia,schizophrenia,10021,32,OFClat R,0.5292332164842177,0.5059059155354949,0.5202214129043319,381,107,381
Schizophrenia,schizophrenia,10021,33,Insula L,0.535435714564601,0.5527913712937226,0.5435697133224769,381,107,381
Schizophrenia,schizophrenia,10021,34,Insula R,0.5063305100709701,0.506286086084376,0.5087774003426593,381,107,381
Schizophrenia,schizophrenia,10021,37,Cingulate Mid L,0.4856861135699167,0.49496910597874993,0.4896828352376315,381,107,381
Schizophrenia,schizophrenia,10021,38,Cingulate Mid R,0.4836992824667521,0.49052605066140764,0.48796653875357104,381,107,381
Schizophrenia,schizophrenia,10021,39,Cingulate Post L,0.5005469275088363,0.5027769700213855,0.5022973301608945,381,107,381
Schizophrenia,schizophrenia,10021,41,Hippocampus L,0.5185522572393438,0.5545052961340954,0.5340525998131207,381,107,381
Schizophrenia,schizophrenia,10021,42,Hippocampus R,0.5184043765109685,0.5362320948025161,0.5257479773924286,381,107,381
Schizophrenia,schizophrenia,10021,43,ParaHippocampal L,0.4708017330934132,0.4509665425714401,0.4581070071216963,381,107,381
Schizophrenia,schizophrenia,10021,44,ParaHippocampal R,0.504122920195443,0.49826425440981575,0.5025214587492955,381,107,381
Schizophrenia,schizophrenia,10021,45,Amygdala L,0.5403287396178312,0.5526757757192857,0.5533515988518658,381,107,381
Schizophrenia,schizophrenia,10021,46,Amygdala R,0.5416937173330394,0.5833221429194483,0.5639530263147023,381,107,381
Schizophrenia,schizophrenia,10021,47,Calcarine L,0.5281708973802505,0.5283902027003504,0.5291904477053108,381,107,381
Schizophrenia,schizophrenia,10021,48,Calcarine R,0.49980263312974166,0.4882528454801171,0.4938705272940756,381,107,381
Schizophrenia,schizophrenia,10021,49,Cuneus L,0.545652075756731,0.5569131545416707,0.5518051575234797,381,107,381
Schizophrenia,schizophrenia,10021,51,Lingual L,0.49521373938250407,0.4912823776111285,0.4927893951040159,381,107,381
Schizophrenia,schizophrenia,10021,52,Lingual R,0.5134629489118557,0.49932276730547753,0.505533813993538,381,107,381
Schizophrenia,schizophrenia,10021,53,Occipital Sup L,0.5594359252880102,0.5600012809608768,0.5598043672899413,381,107,381
Schizophrenia,schizophrenia,10021,55,Occipital Mid L,0.5163314340593019,0.5143733372208072,0.5150656545665521,381,107,381
Schizophrenia,schizophrenia,10021,56,Occipital Mid R,0.5221289444074985,0.5237456050702766,0.5222865886469132,381,107,381
Schizophrenia,schizophrenia,10021,57,Occipital Inf L,0.5225765713113955,0.482168909342809,0.5032909876433274,381,107,381
Schizophrenia,schizophrenia,10021,58,Occipital Inf R,0.5149728982723176,0.47914794280239165,0.49881811930649356,381,107,381
Schizophrenia,schizophrenia,10021,59,Fusiform L,0.4963430743030354,0.49455643964653817,0.49546143325074277,381,107,381
Schizophrenia,schizophrenia,10021,60,Fusiform R,0.4785138967256696,0.47398410494456206,0.475259181048724,381,107,381
Schizophrenia,schizophrenia,10021,61,Postcentral L,0.5182446206721608,0.5189791778644001,0.514867017879053,381,107,381
Schizophrenia,schizophrenia,10021,62,Postcentral R,0.4902152644128363,0.4920746811555145,0.4881296912169746,381,107,381
Schizophrenia,schizophrenia,10021,63,Parietal Sup L,0.5200414967691901,0.5313857350524314,0.521641520885781,381,107,381
Schizophrenia,schizophrenia,10021,64,Parietal Sup R,0.4591183407451902,0.44666077497909445,0.4506450532597662,381,107,381
Schizophrenia,schizophrenia,10021,65,Parietal Inf L,0.5257809252209948,0.5383762313297733,0.5334811547191615,381,107,381
Schizophrenia,schizophrenia,10021,66,Parietal Inf R,0.48943245392262597,0.4840821912133297,0.4864635906607889,381,107,381
Schizophrenia,schizophrenia,10021,67,SupraMarginal L,0.5440843715716049,0.5567005641911749,0.5535094779616289,381,107,381
Schizophrenia,schizophrenia,10021,68,SupraMarginal R,0.45899998126935965,0.45788735852336687,0.46171925537520403,381,107,381
Schizophrenia,schizophrenia,10021,69,Angular L,0.525758288855539,0.5139032771282696,0.5218896610524102,381,107,381
Schizophrenia,schizophrenia,10021,70,Angular R,0.4789574274511265,0.4636484688173955,0.47199597751911376,381,107,381
Schizophrenia,schizophrenia,10021,71,Precuneus L,0.49476603407235265,0.48289799509588177,0.49179995201697,381,107,381
Schizophrenia,schizophrenia,10021,72,Precuneus R,0.4768581206481311,0.47565774878551426,0.47491146715471355,381,107,381
Schizophrenia,schizophrenia,10021,73,Paracentral Lobule L,0.4957766943494757,0.49743640564461045,0.493069790330786,381,107,381
Schizophrenia,schizophrenia,10021,74,Paracentral Lobule R,0.559863072742644,0.5410904954039444,0.5580083897438439,381,107,381
Schizophrenia,schizophrenia,10021,75,Caudate L,0.5196721512244871,0.5166241159009527,0.5293252672436854,381,107,381
Schizophrenia,schizophrenia,10021,76,Caudate R,0.5148516813830721,0.5241944328902148,0.5295101499254549,381,107,381
Schizophrenia,schizophrenia,10021,77,Putamen L,0.5355696486226565,0.5559965731783655,0.5524342641673633,381,107,381
Schizophrenia,schizophrenia,10021,78,Putamen R,0.5538047742769286,0.573723541995747,0.5691894727638924,381,107,381
Schizophrenia,schizophrenia,10021,79,Pallidum L,0.5316970088557501,0.5277912855553958,0.5390987656541498,381,107,381
Schizophrenia,schizophrenia,10021,80,Pallidum R,0.5293836544278835,0.5052719427349036,0.5233868632940331,381,107,381
Schizophrenia,schizophrenia,10021,83,Heschl L,0.5003599681622543,0.5045104189574714,0.4997468856375637,381,107,381
Schizophrenia,schizophrenia,10021,84,Heschl R,0.5524996218532108,0.5491015902734745,0.5500070412666919,381,107,381
Schizophrenia,schizophrenia,10021,85,Temporal Sup L,0.49801688152828205,0.4932310895543965,0.4913762686286892,381,107,381
Schizophrenia,schizophrenia,10021,86,Temporal Sup R,0.506862899486833,0.5194547096582061,0.512616470987219,381,107,381
Schizophrenia,schizophrenia,10021,87,Temporal Pole Sup L,0.5117051068403105,0.5182969710962257,0.5189355516929224,381,107,381
Schizophrenia,schizophrenia,10021,88,Temporal Pole Sup R,0.5405897646488232,0.5328725793964334,0.5323201628743,381,107,381
Schizophrenia,schizophrenia,10021,89,Temporal Mid L,0.4935778115770582,0.4963653439321573,0.4929383718723594,381,107,381
Schizophrenia,schizophrenia,10021,90,Temporal Mid R,0.49743338733753417,0.492153859703915,0.4943731028871977,381,107,381
Schizophrenia,schizophrenia,10021,91,Temporal Pole Mid L,,,,0,0,0
Schizophrenia,schizophrenia,10021,93,Temporal Inf L,0.49301430679790115,0.49485764679017513,0.49201364217874893,381,107,381
Schizophrenia,schizophrenia,10021,94,Temporal Inf R,0.4970936755648472,0.5023115246094508,0.4989446564073505,381,107,381
Schizophrenia,schizophrenia,10021,95,Cerebellum Crus1 L,0.498119036957349,0.4895734180044654,0.49527276406436666,381,107,381
Schizophrenia,schizophrenia,10021,96,Cerebellum Crus1 R,0.5171954496433444,0.5010892498179693,0.5121861755293938,381,107,381
Schizophrenia,schizophrenia,10021,97,Cerebellum Crus2 L,0.49626871139319084,0.46361531799224504,0.48283812851851815,381,107,381
Schizophrenia,schizophrenia,10021,98,Cerebellum Crus2 R,0.49966643884454215,0.48195724686695285,0.4923914840065535,381,107,381
Schizophrenia,schizophrenia,10021,101,Cerebellum 4 5 L,0.5990392549668748,0.5721793853353632,0.5892947879862064,381,107,381
Schizophrenia,schizophrenia,10021,102,Cerebellum 4 5 R,0.5258402147772817,0.5213202205566477,0.52558250861932,381,107,381
Schizophrenia,schizophrenia,10021,103,Cerebellum 6 L,0.5502380244629397,0.5368505439473027,0.545541702363937,381,107,381
Schizophrenia,schizophrenia,10021,104,Cerebellum 6 R,0.5443110181606908,0.5227897403445259,0.5341554288774323,381,107,381
Schizophrenia,schizophrenia,10021,105,Cerebellum 7b L,0.5158408518172307,0.5148703780705771,0.515053921705112,381,107,381
Schizophrenia,schizophrenia,10021,106,Cerebellum 7b R,0.4373797616997778,0.3993578168669703,0.4240577847134382,381,107,381
Schizophrenia,schizophrenia,10021,107,Cerebellum 8 L,0.49393388644137887,0.5167725725452684,0.5053153324410111,381,107,381
Schizophrenia,schizophrenia,10021,108,Cerebellum 8 R,0.4775409879207894,0.46368208614937395,0.4726623006103435,381,107,381
Schizophrenia,schizophrenia,10021,109,Cerebellum 9 L,0.4784460504019087,0.46771993042665055,0.4772363364936132,381,107,381
Schizophrenia,schizophrenia,10021,110,Cerebellum 9 R,0.448277318043412,0.46864862968929766,0.4563998343201648,381,107,381
Schizophrenia,schizophrenia,10021,111,Cerebellum 10 L,,,,0,0,0
Schizophrenia,schizophrenia,10021,118,Vermis 8,0.4859141720425681,0.5152205614593639,0.49579429385902457,381,107,381
Schizophrenia,schizophrenia,10021,119,Vermis 9,0.45167157046927586,0.4843428557017271,0.46424355822897173,381,107,381
Schizophrenia,schizophrenia,10021,121,Thal AV L,,,,0,0,0
Schizophrenia,schizophrenia,10021,122,Thal AV R,0.5478888115273731,0.541603437442433,0.5413364772611569,381,107,381
Schizophrenia,schizophrenia,10021,125,Thal VA L,0.5470634012840382,0.5238803510642485,0.543644113316797,381,107,381
Schizophrenia,schizophrenia,10021,127,Thal VL L,0.5330268139196471,0.4929820874722458,0.5161916356016758,381,107,381
Schizophrenia,schizophrenia,10021,128,Thal VL R,0.48650764955092674,0.47076691417752137,0.4711725185185261,381,107,381
Schizophrenia,schizophrenia,10021,129,Thal VPL L,0.4781717301868953,0.4416304379453047,0.4643660545065715,381,107,381
Schizophrenia,schizophrenia,10021,130,Thal VPL R,0.5187546844259381,0.4676547094432784,0.49329583640046165,381,107,381
Schizophrenia,schizophrenia,10021,131,Thal IL L,0.5510541381545234,0.5122832572488353,0.5300991327502546,381,107,381
Schizophrenia,schizophrenia,10021,135,Thal MDm L,0.5143115391158511,0.4888428983807494,0.5007880695940048,381,107,381
Schizophrenia,schizophrenia,10021,136,Thal MDm R,0.4902968813152404,0.47272852874492094,0.4809211681123537,381,107,381
Schizophrenia,schizophrenia,10021,137,Thal MDl L,,,,0,0,0
Schizophrenia,schizophrenia,10021,139,Thal LGN L,0.5019105358803664,0.5112522481017076,0.5074090567988696,381,107,381
Schizophrenia,schizophrenia,10021,140,Thal LGN R,0.5134462954175496,0.507073023722179,0.5099518475686211,381,107,381
Schizophrenia,schizophrenia,10021,141,Thal MGN L,,,,0,0,0
Schizophrenia,schizophrenia,10021,143,Thal PuI L,,,,0,0,0
Schizophrenia,schizophrenia,10021,144,Thal PuI R,0.5058205803054469,0.4540777948513673,0.4817644902920467,381,107,381
Schizophrenia,schizophrenia,10021,145,Thal PuM L,0.509578309680621,0.491783313184723,0.4969280668115081,381,107,381
Schizophrenia,schizophrenia,10021,146,Thal PuM R,0.48715566985130365,0.4793931786634958,0.4795106216696634,381,107,381
Schizophrenia,schizophrenia,10021,147,Thal PuA L,,,,0,0,0
Schizophrenia,schizophrenia,10021,148,Thal PuA R,0.5357510878429161,0.4840430245918736,0.5139241145983459,381,107,381
Schizophrenia,schizophrenia,10021,153,ACC pre L,0.42612041271727685,0.47196389617368406,0.44696469772385666,381,107,381
Schizophrenia,schizophrenia,10021,154,ACC pre R,0.5452273259927533,0.5761183733623909,0.5594555947622735,381,107,381
Schizophrenia,schizophrenia,10021,155,ACC sup L,0.4941774553392886,0.5080561079553361,0.4987022702651123,381,107,381
Schizophrenia,schizophrenia,10021,156,ACC sup R,0.5323994614757426,0.550377080467697,0.543961460561929,381,107,381
Schizophrenia,schizophrenia,10021,157,N Acc L,,,,0,0,0
Schizophrenia,schizophrenia,10021,158,N Acc R,0.5094171072849316,0.5439294860057482,0.5330289308105489,381,107,381
Schizophrenia,schizophrenia,10021,161,SN pc L,0.4910557591174042,0.46392824912801023,0.47293950380521016,381,107,381
Schizophrenia,schizophrenia,10021,163,SN pr L,0.47102819777800686,0.43873293227207893,0.4537972859825138,381,107,381
Schizophrenia,schizophrenia,10021,164,SN pr R,0.5046955620173916,0.49846658162896185,0.4993436154665285,381,107,381
Schizophrenia,schizophrenia,10021,165,Red N L,0.4877733907476324,0.4652897213497776,0.4718666824492204,381,107,381
Schizophrenia,schizophrenia,10021,166,Red N R,0.517815644560182,0.478867008431693,0.4977158316682693,381,107,381
Schizophrenia,schizophrenia,10021,167,LC L,0.4183300204105456,0.40726335876835495,0.4149736337098011,381,107,381
Schizophrenia,schizophrenia,10021,168,LC R,0.4029619950696284,0.39638161979629505,0.400568326494142,381,107,381
Schizophrenia,schizophrenia,10021,169,Raphe D,0.47239375453415533,0.47583210035444323,0.46928528034293676,381,107,381
Schizophrenia,schizophrenia,10021,170,Raphe M,0.4142460747468105,0.40708026126062713,0.4098285104633931,381,107,381
Schizophrenia,schizophrenia,12876,1,Precentral L,0.5095579855079851,0.4899081830664599,0.5005066962290051,381,107,381
Schizophrenia,schizophrenia,12876,2,Precentral R,,,,0,0,0
Schizophrenia,schizophrenia,12876,3,Frontal Sup 2 L,0.5046911402450375,0.5068262376978288,0.5051332950851258,381,107,381
Schizophrenia,schizophrenia,12876,4,Frontal Sup 2 R,,,,0,0,0
Schizophrenia,schizophrenia,12876,5,Frontal Mid 2 L,0.5131035593600479,0.501464131636317,0.5086057390621764,381,107,381
Schizophrenia,schizophrenia,12876,6,Frontal Mid 2 R,,,,0,0,0
Schizophrenia,schizophrenia,12876,7,Frontal Inf Oper L,,,,0,0,0
Schizophrenia,schizophrenia,12876,8,Frontal Inf Oper R,,,,0,0,0
Schizophrenia,schizophrenia,12876,9,Frontal Inf Tri L,0.5242522552351301,0.5183785878215945,0.5250840804587222,381,107,381
Schizophrenia,schizophrenia,12876,10,Frontal Inf Tri R,,,,0,0,0
Schizophrenia,schizophrenia,12876,11,Frontal Inf Orb 2 L,0.5063310442164525,0.5321367549944204,0.5194193855523499,381,107,381
Schizophrenia,schizophrenia,12876,12,Frontal Inf Orb 2 R,,,,0,0,0
Schizophrenia,schizophrenia,12876,13,Rolandic Oper L,0.5186131477399977,0.5143818757529778,0.5178016945897681,381,107,381
Schizophrenia,schizophrenia,12876,14,Rolandic Oper R,,,,0,0,0
Schizophrenia,schizophrenia,12876,15,Supp Motor Area L,0.4784971885507052,0.4853001336718793,0.4816595339839722,381,107,381
Schizophrenia,schizophrenia,12876,16,Supp Motor Area R,,,,0,0,0
Schizophrenia,schizophrenia,12876,17,Olfactory L,0.38082796497442845,0.3539124637228367,0.37980112044086545,381,107,381
Schizophrenia,schizophrenia,12876,18,Olfactory R,,,,0,0,0
Schizophrenia,schizophrenia,12876,19,Frontal Sup Medial L,0.5343960179960997,0.5312925471687739,0.5349244574095673,381,107,381
Schizophrenia,schizophrenia,12876,20,Frontal Sup Medial R,,,,0,0,0
Schizophrenia,schizophrenia,12876,21,Frontal Med Orb L,0.5883879154187228,0.5439621376567213,0.5769039870946484,381,107,381
Schizophrenia,schizophrenia,12876,22,Frontal Med Orb R,,,,0,0,0
Schizophrenia,schizophrenia,12876,23,Rectus L,0.5363041257326522,0.5228334641770603,0.5341079653291209,381,107,381
Schizophrenia,schizophrenia,12876,24,Rectus R,,,,0,0,0
Schizophrenia,schizophrenia,12876,25,OFCmed L,0.5270310033978319,0.5271087079461325,0.5285808581250233,381,107,381
Schizophrenia,schizophrenia,12876,26,OFCmed R,,,,0,0,0
Schizophrenia,schizophrenia,12876,27,OFCant L,0.5728993492583979,0.5596374488587201,0.5693834526600074,381,107,381
Schizophrenia,schizophrenia,12876,28,OFCant R,,,,0,0,0
Schizophrenia,schizophrenia,12876,29,OFCpost L,0.513334989217183,0.5358756811228692,0.527001460234684,381,107,381
Schizophrenia,schizophrenia,12876,30,OFCpost R,,,,0,0,0
Schizophrenia,schizophrenia,12876,31,OFClat L,0.4274211126032789,0.4148186403448918,0.41993095235492356,381,107,381
Schizophrenia,schizophrenia,12876,32,OFClat R,,,,0,0,0
Schizophrenia,schizophrenia,12876,33,Insula L,0.5269361355361257,0.5294347114465849,0.5297659341547906,381,107,381
Schizophrenia,schizophrenia,12876,34,Insula R,,,,0,0,0
Schizophrenia,schizophrenia,12876,37,Cingulate Mid L,0.5505463994941832,0.5545397857901382,0.5556329510418773,381,107,381
Schizophrenia,schizophrenia,12876,38,Cingulate Mid R,,,,0,0,0
Schizophrenia,schizophrenia,12876,39,Cingulate Post L,0.502695359098862,0.5370577429339758,0.5173758839207883,381,107,381
Schizophrenia,schizophrenia,12876,41,Hippocampus L,0.5194305022733974,0.5403275247531818,0.5299561936604292,381,107,381
Schizophrenia,schizophrenia,12876,42,Hippocampus R,,,,0,0,0
Schizophrenia,schizophrenia,12876,43,ParaHippocampal L,0.49281091386450243,0.4586997078311034,0.480717991175835,381,107,381
Schizophrenia,schizophrenia,12876,44,ParaHippocampal R,,,,0,0,0
Schizophrenia,schizophrenia,12876,45,Amygdala L,,,,0,0,0
Schizophrenia,schizophrenia,12876,46,Amygdala R,,,,0,0,0
Schizophrenia,schizophrenia,12876,47,Calcarine L,0.5011227671226857,0.5271982359407845,0.5088431972893763,381,107,381
Schizophrenia,schizophrenia,12876,48,Calcarine R,,,,0,0,0
Schizophrenia,schizophrenia,12876,49,Cuneus L,0.4632300541766709,0.5224343909996496,0.48300965613151925,381,107,381
Schizophrenia,schizophrenia,12876,51,Lingual L,0.5115651018687952,0.535296816127328,0.5224628338099527,381,107,381
Schizophrenia,schizophrenia,12876,52,Lingual R,,,,0,0,0
Schizophrenia,schizophrenia,12876,53,Occipital Sup L,,,,0,0,0
Schizophrenia,schizophrenia,12876,55,Occipital Mid L,0.5221385672907243,0.5305835969692133,0.5273864531976701,381,107,381
Schizophrenia,schizophrenia,12876,56,Occipital Mid R,,,,0,0,0
Schizophrenia,schizophrenia,12876,57,Occipital Inf L,0.5130082395382525,0.5470749964548828,0.532005903354044,381,107,381
Schizophrenia,schizophrenia,12876,58,Occipital Inf R,,,,0,0,0
Schizophrenia,schizophrenia,12876,59,Fusiform L,0.48313227945218484,0.5213312882571656,0.49507992888037133,381,107,381
Schizophrenia,schizophrenia,12876,60,Fusiform R,,,,0,0,0
Schizophrenia,schizophrenia,12876,61,Postcentral L,0.5166348926190952,0.4933763177008052,0.5067272535027103,381,107,381
Schizophrenia,schizophrenia,12876,62,Postcentral R,,,,0,0,0
Schizophrenia,schizophrenia,12876,63,Parietal Sup L,0.46523368350336464,0.44798522939425467,0.4605769732166279,381,107,381
Schizophrenia,schizophrenia,12876,64,Parietal Sup R,,,,0,0,0
Schizophrenia,schizophrenia,12876,65,Parietal Inf L,0.500148257689894,0.4782596510707469,0.4909687450094939,381,107,381
Schizophrenia,schizophrenia,12876,66,Parietal Inf R,,,,0,0,0
Schizophrenia,schizophrenia,12876,67,SupraMarginal L,0.5216646267243299,0.5230067727367608,0.5225090370114402,381,107,381
Schizophrenia,schizophrenia,12876,68,SupraMarginal R,,,,0,0,0
Schizophrenia,schizophrenia,12876,69,Angular L,0.553741341525012,0.5606140284258706,0.5609801633321366,381,107,381
Schizophrenia,schizophrenia,12876,70,Angular R,,,,0,0,0
Schizophrenia,schizophrenia,12876,71,Precuneus L,0.5148189103536975,0.5180723930266092,0.5149169836524621,381,107,381
Schizophrenia,schizophrenia,12876,72,Precuneus R,,,,0,0,0
Schizophrenia,schizophrenia,12876,73,Paracentral Lobule L,0.46402588452677146,0.44606719119467125,0.44596037586859977,381,107,381
Schizophrenia,schizophrenia,12876,74,Paracentral Lobule R,,,,0,0,0
Schizophrenia,schizophrenia,12876,75,Caudate L,0.5251355448819878,0.5352412426571569,0.5376615098065103,381,107,381
Schizophrenia,schizophrenia,12876,76,Caudate R,,,,0,0,0
Schizophrenia,schizophrenia,12876,77,Putamen L,0.5068224446543179,0.5051446908996583,0.5091306341192531,381,107,381
Schizophrenia,schizophrenia,12876,78,Putamen R,,,,0,0,0
Schizophrenia,schizophrenia,12876,79,Pallidum L,0.5137032805153137,0.49207431491638653,0.5095296812509846,381,107,381
Schizophrenia,schizophrenia,12876,80,Pallidum R,,,,0,0,0
Schizophrenia,schizophrenia,12876,83,Heschl L,0.5150611931847017,0.5329321149861895,0.5183924579284801,381,107,381
Schizophrenia,schizophrenia,12876,84,Heschl R,,,,0,0,0
Schizophrenia,schizophrenia,12876,85,Temporal Sup L,0.5164443061795777,0.5296840476278897,0.5184537536845202,381,107,381
Schizophrenia,schizophrenia,12876,86,Temporal Sup R,,,,0,0,0
Schizophrenia,schizophrenia,12876,87,Temporal Pole Sup L,0.4756241788693335,0.4707135029517435,0.47265095423076614,381,107,381
Schizophrenia,schizophrenia,12876,88,Temporal Pole Sup R,,,,0,0,0
Schizophrenia,schizophrenia,12876,89,Temporal Mid L,0.5150267823235071,0.517004194620523,0.5155625858824594,381,107,381
Schizophrenia,schizophrenia,12876,90,Temporal Mid R,,,,0,0,0
Schizophrenia,schizophrenia,12876,91,Temporal Pole Mid L,0.4546522011942302,0.42428888949002225,0.4466122971764165,381,107,381
Schizophrenia,schizophrenia,12876,93,Temporal Inf L,0.5237033879127176,0.5285514122376067,0.5240540084189496,381,107,381
Schizophrenia,schizophrenia,12876,94,Temporal Inf R,,,,0,0,0
Schizophrenia,schizophrenia,12876,95,Cerebellum Crus1 L,0.49910678352372256,0.46849764835483004,0.4901041444108476,380,107,380
Schizophrenia,schizophrenia,12876,96,Cerebellum Crus1 R,,,,0,0,0
Schizophrenia,schizophrenia,12876,97,Cerebellum Crus2 L,0.5064970087469093,0.4824447322992865,0.49504790582001895,380,107,380
Schizophrenia,schizophrenia,12876,98,Cerebellum Crus2 R,,,,0,0,0
Schizophrenia,schizophrenia,12876,101,Cerebellum 4 5 L,0.530104295324955,0.5431279600448137,0.5344786004169385,380,107,380
Schizophrenia,schizophrenia,12876,102,Cerebellum 4 5 R,,,,0,0,0
Schizophrenia,schizophrenia,12876,103,Cerebellum 6 L,0.4984590579539889,0.4959240270183786,0.4932362242000399,380,107,380
Schizophrenia,schizophrenia,12876,104,Cerebellum 6 R,,,,0,0,0
Schizophrenia,schizophrenia,12876,105,Cerebellum 7b L,0.4700861466886045,0.4489205599490643,0.4613439528311298,380,107,380
Schizophrenia,schizophrenia,12876,106,Cerebellum 7b R,,,,0,0,0
Schizophrenia,schizophrenia,12876,107,Cerebellum 8 L,0.47058277494844186,0.4581754569691139,0.46347842647639587,380,107,380
Schizophrenia,schizophrenia,12876,108,Cerebellum 8 R,,,,0,0,0
Schizophrenia,schizophrenia,12876,109,Cerebellum 9 L,0.48497624918947607,0.4691348346538024,0.47773973323590535,380,107,380
Schizophrenia,schizophrenia,12876,110,Cerebellum 9 R,,,,0,0,0
Schizophrenia,schizophrenia,12876,111,Cerebellum 10 L,0.46740768289915086,0.48420874756666915,0.47121941851265514,380,107,380
Schizophrenia,schizophrenia,12876,118,Vermis 8,,,,0,0,0
Schizophrenia,schizophrenia,12876,119,Vermis 9,,,,0,0,0
Schizophrenia,schizophrenia,12876,121,Thal AV L,0.5067980209717069,0.4848325153423566,0.4989409877227595,381,107,381
Schizophrenia,schizophrenia,12876,122,Thal AV R,,,,0,0,0
Schizophrenia,schizophrenia,12876,125,Thal VA L,,,,0,0,0
Schizophrenia,schizophrenia,12876,127,Thal VL L,0.5146268550248124,0.4910617390200983,0.5013461526619585,381,107,381
Schizophrenia,schizophrenia,12876,128,Thal VL R,,,,0,0,0
Schizophrenia,schizophrenia,12876,129,Thal VPL L,0.5186342731498305,0.4883339215983357,0.5047917257226985,381,107,381
Schizophrenia,schizophrenia,12876,130,Thal VPL R,,,,0,0,0
Schizophrenia,schizophrenia,12876,131,Thal IL L,0.5506671352161064,0.5351129103814856,0.5436048581657186,381,107,381
Schizophrenia,schizophrenia,12876,135,Thal MDm L,0.44459991285473865,0.4669774785122414,0.4520311389018356,381,107,381
Schizophrenia,schizophrenia,12876,136,Thal MDm R,,,,0,0,0
Schizophrenia,schizophrenia,12876,137,Thal MDl L,,,,0,0,0
Schizophrenia,schizophrenia,12876,139,Thal LGN L,0.5394916303397546,0.508955978804571,0.5174849163666515,381,107,381
Schizophrenia,schizophrenia,12876,140,Thal LGN R,,,,0,0,0
Schizophrenia,schizophrenia,12876,141,Thal MGN L,,,,0,0,0
Schizophrenia,schizophrenia,12876,143,Thal PuI L,,,,0,0,0
Schizophrenia,schizophrenia,12876,144,Thal PuI R,,,,0,0,0
Schizophrenia,schizophrenia,12876,145,Thal PuM L,0.4685017304374201,0.4740956946120749,0.47115054571199233,381,107,381
Schizophrenia,schizophrenia,12876,146,Thal PuM R,,,,0,0,0
Schizophrenia,schizophrenia,12876,147,Thal PuA L,0.5262291385270811,0.5026208119150806,0.5128051165596685,381,107,381
Schizophrenia,schizophrenia,12876,148,Thal PuA R,,,,0,0,0
Schizophrenia,schizophrenia,12876,153,ACC pre L,0.5219509285216303,0.5007274868442093,0.5247698738663512,381,107,381
Schizophrenia,schizophrenia,12876,154,ACC pre R,,,,0,0,0
Schizophrenia,schizophrenia,12876,155,ACC sup L,0.38510550166561097,0.3331414806595893,0.36816925778211773,381,107,381
Schizophrenia,schizophrenia,12876,156,ACC sup R,,,,0,0,0
Schizophrenia,schizophrenia,12876,157,N Acc L,0.49932239957400965,0.4917174750166305,0.49286646683915175,381,107,381
Schizophrenia,schizophrenia,12876,158,N Acc R,,,,0,0,0
Schizophrenia,schizophrenia,12876,161,SN pc L,,,,0,0,0
Schizophrenia,schizophrenia,12876,163,SN pr L,0.4832708748143542,0.4540675249127806,0.46994413104294364,381,107,381
Schizophrenia,schizophrenia,12876,164,SN pr R,,,,0,0,0
Schizophrenia,schizophrenia,12876,165,Red N L,,,,0,0,0
Schizophrenia,schizophrenia,12876,166,Red N R,,,,0,0,0
Schizophrenia,schizophrenia,12876,167,LC L,,,,0,0,0
Schizophrenia,schizophrenia,12876,168,LC R,,,,0,0,0
Schizophrenia,schizophrenia,12876,169,Raphe D,,,,0,0,0
Schizophrenia,schizophrenia,12876,170,Raphe M,,,,0,0,0
Schizophrenia,schizophrenia,14380,1,Precentral L,0.4913114070021175,0.476260639170788,0.48395543544172354,381,107,381
Schizophrenia,schizophrenia,14380,2,Precentral R,,,,0,0,0
Schizophrenia,schizophrenia,14380,3,Frontal Sup 2 L,0.5127932486644912,0.5142748722540957,0.5114649552325642,381,107,381
Schizophrenia,schizophrenia,14380,4,Frontal Sup 2 R,,,,0,0,0
Schizophrenia,schizophrenia,14380,5,Frontal Mid 2 L,0.5218821317371486,0.5278239449322577,0.5258925440866483,381,107,381
Schizophrenia,schizophrenia,14380,6,Frontal Mid 2 R,,,,0,0,0
Schizophrenia,schizophrenia,14380,7,Frontal Inf Oper L,,,,0,0,0
Schizophrenia,schizophrenia,14380,8,Frontal Inf Oper R,,,,0,0,0
Schizophrenia,schizophrenia,14380,9,Frontal Inf Tri L,0.5147963584150372,0.5101432141079852,0.5154320757751967,381,107,381
Schizophrenia,schizophrenia,14380,10,Frontal Inf Tri R,,,,0,0,0
Schizophrenia,schizophrenia,14380,11,Frontal Inf Orb 2 L,0.5323595182513542,0.5536477829266462,0.5429341457318897,381,107,381
Schizophrenia,schizophrenia,14380,12,Frontal Inf Orb 2 R,,,,0,0,0
Schizophrenia,schizophrenia,14380,13,Rolandic Oper L,0.5311441188863004,0.5431294779688626,0.5352978838425184,381,107,381
Schizophrenia,schizophrenia,14380,14,Rolandic Oper R,,,,0,0,0
Schizophrenia,schizophrenia,14380,15,Supp Motor Area L,0.5043090537224376,0.519285471276056,0.5080219059411929,381,107,381
Schizophrenia,schizophrenia,14380,16,Supp Motor Area R,,,,0,0,0
Schizophrenia,schizophrenia,14380,17,Olfactory L,0.5014566311688132,0.5047073065937676,0.5033211043897775,381,107,381
Schizophrenia,schizophrenia,14380,18,Olfactory R,,,,0,0,0
Schizophrenia,schizophrenia,14380,19,Frontal Sup Medial L,0.4979934791453413,0.5032242285836391,0.5004125094537486,381,107,381
Schizophrenia,schizophrenia,14380,20,Frontal Sup Medial R,,,,0,0,0
Schizophrenia,schizophrenia,14380,21,Frontal Med Orb L,0.5349140256571098,0.5375507830127346,0.5394390030887686,381,107,381
Schizophrenia,schizophrenia,14380,22,Frontal Med Orb R,,,,0,0,0
Schizophrenia,schizophrenia,14380,23,Rectus L,0.4978800887500391,0.5312169546652644,0.5122851684060937,381,107,381
Schizophrenia,schizophrenia,14380,24,Rectus R,,,,0,0,0
Schizophrenia,schizophrenia,14380,25,OFCmed L,0.5424104451660358,0.5474299887188155,0.550480966914189,381,107,381
Schizophrenia,schizophrenia,14380,26,OFCmed R,,,,0,0,0
Schizophrenia,schizophrenia,14380,27,OFCant L,0.48761742263824576,0.5058404539817463,0.4998020103312147,381,107,381
Schizophrenia,schizophrenia,14380,28,OFCant R,,,,0,0,0
Schizophrenia,schizophrenia,14380,29,OFCpost L,0.5108179194933473,0.506401110320135,0.507351752271489,381,107,381
Schizophrenia,schizophrenia,14380,30,OFCpost R,,,,0,0,0
Schizophrenia,schizophrenia,14380,31,OFClat L,0.5196680946632213,0.5435878831659299,0.5316048109977597,381,107,381
Schizophrenia,schizophrenia,14380,32,OFClat R,,,,0,0,0
Schizophrenia,schizophrenia,14380,33,Insula L,0.5138923762339108,0.5152038673431018,0.515999862322132,381,107,381
Schizophrenia,schizophrenia,14380,34,Insula R,,,,0,0,0
Schizophrenia,schizophrenia,14380,37,Cingulate Mid L,0.5060746738282828,0.5017789091662128,0.5048729052943418,381,107,381
Schizophrenia,schizophrenia,14380,38,Cingulate Mid R,,,,0,0,0
Schizophrenia,schizophrenia,14380,39,Cingulate Post L,,,,0,0,0
Schizophrenia,schizophrenia,14380,41,Hippocampus L,0.5202680913960263,0.5519621473137413,0.536660033701738,381,107,381
Schizophrenia,schizophrenia,14380,42,Hippocampus R,,,,0,0,0
Schizophrenia,schizophrenia,14380,43,ParaHippocampal L,0.5083001909175776,0.5020496117919042,0.5023342024201175,381,107,381
Schizophrenia,schizophrenia,14380,44,ParaHippocampal R,,,,0,0,0
Schizophrenia,schizophrenia,14380,45,Amygdala L,0.5233232779103344,0.5588659808652257,0.5347776930456495,381,107,381
Schizophrenia,schizophrenia,14380,46,Amygdala R,,,,0,0,0
Schizophrenia,schizophrenia,14380,47,Calcarine L,0.48140423973768753,0.487748121799901,0.4830523436486878,381,107,381
Schizophrenia,schizophrenia,14380,48,Calcarine R,,,,0,0,0
Schizophrenia,schizophrenia,14380,49,Cuneus L,0.4971310948775206,0.4973255777256008,0.49389610814219476,381,107,381
Schizophrenia,schizophrenia,14380,51,Lingual L,0.48051762692075095,0.49518347837391996,0.48748997560134216,381,107,381
Schizophrenia,schizophrenia,14380,52,Lingual R,,,,0,0,0
Schizophrenia,schizophrenia,14380,53,Occipital Sup L,0.4795348410308728,0.4771609412367986,0.4759077554532897,381,107,381
Schizophrenia,schizophrenia,14380,55,Occipital Mid L,0.48383440545490186,0.4842741939412108,0.48114581812266377,381,107,381
Schizophrenia,schizophrenia,14380,56,Occipital Mid R,,,,0,0,0
Schizophrenia,schizophrenia,14380,57,Occipital Inf L,0.5106764296500792,0.5216278201376668,0.5145634036428508,381,107,381
Schizophrenia,schizophrenia,14380,58,Occipital Inf R,,,,0,0,0
Schizophrenia,schizophrenia,14380,59,Fusiform L,0.521382543365366,0.5225082426027337,0.5212863233362847,381,107,381
Schizophrenia,schizophrenia,14380,60,Fusiform R,,,,0,0,0
Schizophrenia,schizophrenia,14380,61,Postcentral L,0.4982561827792139,0.48621555563217445,0.4940533210495059,381,107,381
Schizophrenia,schizophrenia,14380,62,Postcentral R,,,,0,0,0
Schizophrenia,schizophrenia,14380,63,Parietal Sup L,0.5212748155276893,0.5073517669666222,0.5151742445793465,381,107,381
Schizophrenia,schizophrenia,14380,64,Parietal Sup R,,,,0,0,0
Schizophrenia,schizophrenia,14380,65,Parietal Inf L,0.5255494151034606,0.5201971061613666,0.5237404870440625,381,107,381
Schizophrenia,schizophrenia,14380,66,Parietal Inf R,,,,0,0,0
Schizophrenia,schizophrenia,14380,67,SupraMarginal L,0.528478317368293,0.523535915918659,0.5265619172562104,381,107,381
Schizophrenia,schizophrenia,14380,68,SupraMarginal R,,,,0,0,0
Schizophrenia,schizophrenia,14380,69,Angular L,0.5174549566685465,0.5156354450364687,0.5207958274289292,381,107,381
Schizophrenia,schizophrenia,14380,70,Angular R,,,,0,0,0
Schizophrenia,schizophrenia,14380,71,Precuneus L,0.5146855435865084,0.502745211891793,0.5090984788870959,381,107,381
Schizophrenia,schizophrenia,14380,72,Precuneus R,,,,0,0,0
Schizophrenia,schizophrenia,14380,73,Paracentral Lobule L,0.47727652625145967,0.4742167273893827,0.4718939375075087,381,107,381
Schizophrenia,schizophrenia,14380,74,Paracentral Lobule R,,,,0,0,0
Schizophrenia,schizophrenia,14380,75,Caudate L,0.5124439155762733,0.5200337069261142,0.5249177808585924,381,107,381
Schizophrenia,schizophrenia,14380,76,Caudate R,,,,0,0,0
Schizophrenia,schizophrenia,14380,77,Putamen L,0.5035279873994708,0.5124401272978396,0.51111485719506,381,107,381
Schizophrenia,schizophrenia,14380,78,Putamen R,,,,0,0,0
Schizophrenia,schizophrenia,14380,79,Pallidum L,0.4899216460390126,0.47115449098199486,0.47911228782734516,381,107,381
Schizophrenia,schizophrenia,14380,80,Pallidum R,,,,0,0,0
Schizophrenia,schizophrenia,14380,83,Heschl L,,,,0,0,0
Schizophrenia,schizophrenia,14380,84,Heschl R,,,,0,0,0
Schizophrenia,schizophrenia,14380,85,Temporal Sup L,0.5194169694138278,0.5340526498617464,0.5259551725063405,381,107,381
Schizophrenia,schizophrenia,14380,86,Temporal Sup R,,,,0,0,0
Schizophrenia,schizophrenia,14380,87,Temporal Pole Sup L,0.48871753572075877,0.4824253708841268,0.48753619295861883,381,107,381
Schizophrenia,schizophrenia,14380,88,Temporal Pole Sup R,,,,0,0,0
Schizophrenia,schizophrenia,14380,89,Temporal Mid L,0.5107464213391997,0.5114830858831904,0.5102081341141206,381,107,381
Schizophrenia,schizophrenia,14380,90,Temporal Mid R,,,,0,0,0
Schizophrenia,schizophrenia,14380,91,Temporal Pole Mid L,0.4881862035363377,0.47290711196851665,0.478669776142993,381,107,381
Schizophrenia,schizophrenia,14380,93,Temporal Inf L,0.5188235954169357,0.5119084844675821,0.5173874039867072,381,107,381
Schizophrenia,schizophrenia,14380,94,Temporal Inf R,,,,0,0,0
Schizophrenia,schizophrenia,14380,95,Cerebellum Crus1 L,0.5314950260979731,0.5175745557256535,0.5241673081116652,380,107,380
Schizophrenia,schizophrenia,14380,96,Cerebellum Crus1 R,,,,0,0,0
Schizophrenia,schizophrenia,14380,97,Cerebellum Crus2 L,0.4980875038040603,0.4768683074801747,0.49147993202164014,380,107,380
Schizophrenia,schizophrenia,14380,98,Cerebellum Crus2 R,,,,0,0,0
Schizophrenia,schizophrenia,14380,101,Cerebellum 4 5 L,0.50035211296182,0.49744516732973565,0.5003802174206686,380,107,380
Schizophrenia,schizophrenia,14380,102,Cerebellum 4 5 R,,,,0,0,0
Schizophrenia,schizophrenia,14380,103,Cerebellum 6 L,0.4776478562719319,0.4784093655607145,0.47236376928597223,380,107,380
Schizophrenia,schizophrenia,14380,104,Cerebellum 6 R,,,,0,0,0
Schizophrenia,schizophrenia,14380,105,Cerebellum 7b L,0.46731855275688117,0.44122497324154053,0.4572704014773418,380,107,380
Schizophrenia,schizophrenia,14380,106,Cerebellum 7b R,,,,0,0,0
Schizophrenia,schizophrenia,14380,107,Cerebellum 8 L,0.4653795992794847,0.46035830299347585,0.46123121965637387,380,107,380
Schizophrenia,schizophrenia,14380,108,Cerebellum 8 R,,,,0,0,0
Schizophrenia,schizophrenia,14380,109,Cerebellum 9 L,0.4950185528623045,0.49282075799309993,0.4959754250730319,380,107,380
Schizophrenia,schizophrenia,14380,110,Cerebellum 9 R,,,,0,0,0
Schizophrenia,schizophrenia,14380,111,Cerebellum 10 L,0.5054963660355842,0.4815462520970596,0.4981872135535418,380,107,380
Schizophrenia,schizophrenia,14380,118,Vermis 8,,,,0,0,0
Schizophrenia,schizophrenia,14380,119,Vermis 9,0.4964417646664989,0.5711219292823179,0.5295308977683637,380,107,380
Schizophrenia,schizophrenia,14380,121,Thal AV L,0.5174634633530758,0.5393146288200873,0.5222734253572625,381,107,381
Schizophrenia,schizophrenia,14380,122,Thal AV R,,,,0,0,0
Schizophrenia,schizophrenia,14380,125,Thal VA L,0.48045339948419974,0.4644044980420035,0.4678733889633518,381,107,381
Schizophrenia,schizophrenia,14380,127,Thal VL L,0.5167530700633444,0.5050612070795139,0.5040392633289023,381,107,381
Schizophrenia,schizophrenia,14380,128,Thal VL R,,,,0,0,0
Schizophrenia,schizophrenia,14380,129,Thal VPL L,0.5216524519895878,0.4873539960068656,0.5052910477435877,381,107,381
Schizophrenia,schizophrenia,14380,130,Thal VPL R,,,,0,0,0
Schizophrenia,schizophrenia,14380,131,Thal IL L,0.5353021151070485,0.5598471302849174,0.5416227872947204,381,107,381
Schizophrenia,schizophrenia,14380,135,Thal MDm L,,,,0,0,0
Schizophrenia,schizophrenia,14380,136,Thal MDm R,,,,0,0,0
Schizophrenia,schizophrenia,14380,137,Thal MDl L,,,,0,0,0
Schizophrenia,schizophrenia,14380,139,Thal LGN L,0.5193597208897739,0.5040451922967082,0.5089109423986571,381,107,381
Schizophrenia,schizophrenia,14380,140,Thal LGN R,,,,0,0,0
Schizophrenia,schizophrenia,14380,141,Thal MGN L,,,,0,0,0
Schizophrenia,schizophrenia,14380,143,Thal PuI L,,,,0,0,0
Schizophrenia,schizophrenia,14380,144,Thal PuI R,,,,0,0,0
Schizophrenia,schizophrenia,14380,145,Thal PuM L,0.5202296853751357,0.4796255028794716,0.5017912814916257,381,107,381
Schizophrenia,schizophrenia,14380,146,Thal PuM R,,,,0,0,0
Schizophrenia,schizophrenia,14380,147,Thal PuA L,0.5315368880390596,0.5083334792004577,0.5202717251655655,381,107,381
Schizophrenia,schizophrenia,14380,148,Thal PuA R,,,,0,0,0
Schizophrenia,schizophrenia,14380,153,ACC pre L,,,,0,0,0
Schizophrenia,schizophrenia,14380,154,ACC pre R,,,,0,0,0
Schizophrenia,schizophrenia,14380,155,ACC sup L,0.4833134751286742,0.4689785990127386,0.47407577190546335,381,107,381
Schizophrenia,schizophrenia,14380,156,ACC sup R,,,,0,0,0
Schizophrenia,schizophrenia,14380,157,N Acc L,0.4545730616867208,0.43563733104820096,0.44096091790897773,381,107,381
Schizophrenia,schizophrenia,14380,158,N Acc R,,,,0,0,0
Schizophrenia,schizophrenia,14380,161,SN pc L,,,,0,0,0
Schizophrenia,schizophrenia,14380,163,SN pr L,0.5346680577288819,0.4803139192498412,0.5132146517499886,381,107,381
Schizophrenia,schizophrenia,14380,164,SN pr R,,,,0,0,0
Schizophrenia,schizophrenia,14380,165,Red N L,0.5106900076849922,0.46918698719714036,0.49209186126171045,381,107,381
Schizophrenia,schizophrenia,14380,166,Red N R,,,,0,0,0
Schizophrenia,schizophrenia,14380,167,LC L,0.4778600946430087,0.46203742168294537,0.47133414345477875,381,107,381
Schizophrenia,schizophrenia,14380,168,LC R,,,,0,0,0
Schizophrenia,schizophrenia,14380,169,Raphe D,,,,0,0,0
Schizophrenia,schizophrenia,14380,170,Raphe M,0.5008106873113812,0.48387219199206966,0.49608055073831697,381,107,381
Schizophrenia,schizophrenia,15496,1,Precentral L,0.4828235764189869,0.485981485929575,0.48461388738886246,381,107,381
Schizophrenia,schizophrenia,15496,2,Precentral R,,,,0,0,0
Schizophrenia,schizophrenia,15496,3,Frontal Sup 2 L,0.49742965797709265,0.5209864138493006,0.5056224122307172,381,107,381
Schizophrenia,schizophrenia,15496,4,Frontal Sup 2 R,,,,0,0,0
Schizophrenia,schizophrenia,15496,5,Frontal Mid 2 L,0.50109790308961,0.5167814681149232,0.5093026837991419,381,107,381
Schizophrenia,schizophrenia,15496,6,Frontal Mid 2 R,,,,0,0,0
Schizophrenia,schizophrenia,15496,7,Frontal Inf Oper L,0.5113796025211818,0.5467734775146437,0.5288017984107573,381,107,381
Schizophrenia,schizophrenia,15496,8,Frontal Inf Oper R,,,,0,0,0
Schizophrenia,schizophrenia,15496,9,Frontal Inf Tri L,0.5067233540345766,0.5150218212479456,0.5125261101860518,381,107,381
Schizophrenia,schizophrenia,15496,10,Frontal Inf Tri R,,,,0,0,0
Schizophrenia,schizophrenia,15496,11,Frontal Inf Orb 2 L,0.5269329020967833,0.5327782838189236,0.5288103369242442,381,107,381
Schizophrenia,schizophrenia,15496,12,Frontal Inf Orb 2 R,,,,0,0,0
Schizophrenia,schizophrenia,15496,13,Rolandic Oper L,0.49318374879129684,0.516974813098578,0.5017026455834852,381,107,381
Schizophrenia,schizophrenia,15496,14,Rolandic Oper R,,,,0,0,0
Schizophrenia,schizophrenia,15496,15,Supp Motor Area L,0.4927201496692836,0.49500577007807106,0.49616348078152256,381,107,381
Schizophrenia,schizophrenia,15496,16,Supp Motor Area R,,,,0,0,0
Schizophrenia,schizophrenia,15496,17,Olfactory L,,,,0,0,0
Schizophrenia,schizophrenia,15496,18,Olfactory R,,,,0,0,0
Schizophrenia,schizophrenia,15496,19,Frontal Sup Medial L,0.499198871079135,0.5142665843498184,0.5071830690598107,381,107,381
Schizophrenia,schizophrenia,15496,20,Frontal Sup Medial R,,,,0,0,0
Schizophrenia,schizophrenia,15496,21,Frontal Med Orb L,0.4971219089680442,0.5105000581323025,0.5031233098134523,381,107,381
Schizophrenia,schizophrenia,15496,22,Frontal Med Orb R,,,,0,0,0
Schizophrenia,schizophrenia,15496,23,Rectus L,0.4885534750719964,0.47496006353527415,0.4841147607604114,381,107,381
Schizophrenia,schizophrenia,15496,24,Rectus R,,,,0,0,0
Schizophrenia,schizophrenia,15496,25,OFCmed L,0.48068930698332185,0.4858029346004487,0.48650672482965573,381,107,381
Schizophrenia,schizophrenia,15496,26,OFCmed R,,,,0,0,0
Schizophrenia,schizophrenia,15496,27,OFCant L,0.5091019672772037,0.5172047399254207,0.5130197566006406,381,107,381
Schizophrenia,schizophrenia,15496,28,OFCant R,,,,0,0,0
Schizophrenia,schizophrenia,15496,29,OFCpost L,0.5151421297692504,0.5209304161998066,0.5211269455578965,381,107,381
Schizophrenia,schizophrenia,15496,30,OFCpost R,,,,0,0,0
Schizophrenia,schizophrenia,15496,31,OFClat L,0.5250960641577016,0.527459594154143,0.5288681122937078,381,107,381
Schizophrenia,schizophrenia,15496,32,OFClat R,,,,0,0,0
Schizophrenia,schizophrenia,15496,33,Insula L,0.5174523206261509,0.5411840457239115,0.5282556748596735,381,107,381
Schizophrenia,schizophrenia,15496,34,Insula R,,,,0,0,0
Schizophrenia,schizophrenia,15496,37,Cingulate Mid L,0.5051856658997166,0.5195015804669506,0.5118500352548571,381,107,381
Schizophrenia,schizophrenia,15496,38,Cingulate Mid R,,,,0,0,0
Schizophrenia,schizophrenia,15496,39,Cingulate Post L,0.4848879639365308,0.46242186345183584,0.47383543026974934,381,107,381
Schizophrenia,schizophrenia,15496,41,Hippocampus L,0.5163628911869337,0.5414075217511019,0.5295387868880962,381,107,381
Schizophrenia,schizophrenia,15496,42,Hippocampus R,,,,0,0,0
Schizophrenia,schizophrenia,15496,43,ParaHippocampal L,0.4692854469824288,0.47964415683379263,0.4703976371100137,381,107,381
Schizophrenia,schizophrenia,15496,44,ParaHippocampal R,,,,0,0,0
Schizophrenia,schizophrenia,15496,45,Amygdala L,0.5197096928953119,0.540625852908139,0.5359584875613468,381,107,381
Schizophrenia,schizophrenia,15496,46,Amygdala R,,,,0,0,0
Schizophrenia,schizophrenia,15496,47,Calcarine L,0.504195967213576,0.500338814183415,0.5026401942497197,381,107,381
Schizophrenia,schizophrenia,15496,48,Calcarine R,,,,0,0,0
Schizophrenia,schizophrenia,15496,49,Cuneus L,0.47233385897276003,0.44986034526026947,0.4603580928048149,381,107,381
Schizophrenia,schizophrenia,15496,51,Lingual L,0.5132720664417231,0.5094753235839478,0.5118078350999221,381,107,381
Schizophrenia,schizophrenia,15496,52,Lingual R,,,,0,0,0
Schizophrenia,schizophrenia,15496,53,Occipital Sup L,0.5234499727469089,0.5202041071190563,0.5208142252145226,381,107,381
Schizophrenia,schizophrenia,15496,55,Occipital Mid L,0.5081431490242492,0.48524843776856336,0.49811853447846194,381,107,381
Schizophrenia,schizophrenia,15496,56,Occipital Mid R,,,,0,0,0
Schizophrenia,schizophrenia,15496,57,Occipital Inf L,0.5043035543661509,0.494271398216653,0.4986164867355993,381,107,381
Schizophrenia,schizophrenia,15496,58,Occipital Inf R,,,,0,0,0
Schizophrenia,schizophrenia,15496,59,Fusiform L,0.4951613064989029,0.5021821432464373,0.4944441611233231,381,107,381
Schizophrenia,schizophrenia,15496,60,Fusiform R,,,,0,0,0
Schizophrenia,schizophrenia,15496,61,Postcentral L,0.5059030540034091,0.4840486523702288,0.4992721410669592,381,107,381
Schizophrenia,schizophrenia,15496,62,Postcentral R,,,,0,0,0
Schizophrenia,schizophrenia,15496,63,Parietal Sup L,0.5232805219968295,0.5381577514202064,0.5314135216412766,381,107,381
Schizophrenia,schizophrenia,15496,64,Parietal Sup R,,,,0,0,0
Schizophrenia,schizophrenia,15496,65,Parietal Inf L,0.5213956205579635,0.53575874755727,0.5258292715766256,381,107,381
Schizophrenia,schizophrenia,15496,66,Parietal Inf R,,,,0,0,0
Schizophrenia,schizophrenia,15496,67,SupraMarginal L,0.487994675923758,0.4579933878427412,0.47931215684592265,381,107,381
Schizophrenia,schizophrenia,15496,68,SupraMarginal R,,,,0,0,0
Schizophrenia,schizophrenia,15496,69,Angular L,0.5075329986733733,0.5140120295830694,0.5132808287107372,381,107,381
Schizophrenia,schizophrenia,15496,70,Angular R,,,,0,0,0
Schizophrenia,schizophrenia,15496,71,Precuneus L,0.49324889700124985,0.4910398085975166,0.4915222366518051,381,107,381
Schizophrenia,schizophrenia,15496,72,Precuneus R,,,,0,0,0
Schizophrenia,schizophrenia,15496,73,Paracentral Lobule L,0.4894666340694095,0.4976691905677417,0.49499048386287103,381,107,381
Schizophrenia,schizophrenia,15496,74,Paracentral Lobule R,,,,0,0,0
Schizophrenia,schizophrenia,15496,75,Caudate L,0.5086823578644489,0.5185087175902506,0.5191067663876257,381,107,381
Schizophrenia,schizophrenia,15496,76,Caudate R,,,,0,0,0
Schizophrenia,schizophrenia,15496,77,Putamen L,0.519268205356267,0.5555972058449861,0.5437260762148776,381,107,381
Schizophrenia,schizophrenia,15496,78,Putamen R,,,,0,0,0
Schizophrenia,schizophrenia,15496,79,Pallidum L,0.5069289105090456,0.4887777507430173,0.49702369681047065,381,107,381
Schizophrenia,schizophrenia,15496,80,Pallidum R,,,,0,0,0
Schizophrenia,schizophrenia,15496,83,Heschl L,0.5244903617571921,0.5574634060691126,0.5346821697192738,381,107,381
Schizophrenia,schizophrenia,15496,84,Heschl R,,,,0,0,0
Schizophrenia,schizophrenia,15496,85,Temporal Sup L,0.49084977635578364,0.504196254293025,0.49494777790839584,381,107,381
Schizophrenia,schizophrenia,15496,86,Temporal Sup R,,,,0,0,0
Schizophrenia,schizophrenia,15496,87,Temporal Pole Sup L,0.4730454524796036,0.48793102983837217,0.4777403208823521,381,107,381
Schizophrenia,schizophrenia,15496,88,Temporal Pole Sup R,,,,0,0,0
Schizophrenia,schizophrenia,15496,89,Temporal Mid L,0.5076739284694992,0.5065576738978689,0.5057757187104277,381,107,381
Schizophrenia,schizophrenia,15496,90,Temporal Mid R,,,,0,0,0
Schizophrenia,schizophrenia,15496,91,Temporal Pole Mid L,0.5028488144469949,0.4865337995102524,0.4962932228704205,381,107,381
Schizophrenia,schizophrenia,15496,93,Temporal Inf L,0.5190409588179938,0.5250050492127772,0.5202864539466293,381,107,381
Schizophrenia,schizophrenia,15496,94,Temporal Inf R,,,,0,0,0
Schizophrenia,schizophrenia,15496,95,Cerebellum Crus1 L,0.5145929271107685,0.5094676846684353,0.5113882989601685,381,107,381
Schizophrenia,schizophrenia,15496,96,Cerebellum Crus1 R,,,,0,0,0
Schizophrenia,schizophrenia,15496,97,Cerebellum Crus2 L,0.45401841090654527,0.4294779065764605,0.4423009060565843,381,107,381
Schizophrenia,schizophrenia,15496,98,Cerebellum Crus2 R,,,,0,0,0
Schizophrenia,schizophrenia,15496,101,Cerebellum 4 5 L,0.4957328174781549,0.4902514559813741,0.49190750129857796,381,107,381
Schizophrenia,schizophrenia,15496,102,Cerebellum 4 5 R,,,,0,0,0
Schizophrenia,schizophrenia,15496,103,Cerebellum 6 L,0.5111625430960037,0.5099302730116976,0.5125553681394258,381,107,381
Schizophrenia,schizophrenia,15496,104,Cerebellum 6 R,,,,0,0,0
Schizophrenia,schizophrenia,15496,105,Cerebellum 7b L,0.49707600310653544,0.4911551185290621,0.4986785411647816,381,107,381
Schizophrenia,schizophrenia,15496,106,Cerebellum 7b R,,,,0,0,0
Schizophrenia,schizophrenia,15496,107,Cerebellum 8 L,0.4875900205509744,0.4799537508615994,0.4852517019510373,381,107,381
Schizophrenia,schizophrenia,15496,108,Cerebellum 8 R,,,,0,0,0
Schizophrenia,schizophrenia,15496,109,Cerebellum 9 L,0.4737723560974722,0.45414881029292287,0.46435881777215726,381,107,381
Schizophrenia,schizophrenia,15496,110,Cerebellum 9 R,,,,0,0,0
Schizophrenia,schizophrenia,15496,111,Cerebellum 10 L,0.5235923617353795,0.5330174298843573,0.5293954611510097,381,107,381
Schizophrenia,schizophrenia,15496,118,Vermis 8,,,,0,0,0
Schizophrenia,schizophrenia,15496,119,Vermis 9,,,,0,0,0
Schizophrenia,schizophrenia,15496,121,Thal AV L,,,,0,0,0
Schizophrenia,schizophrenia,15496,122,Thal AV R,,,,0,0,0
Schizophrenia,schizophrenia,15496,125,Thal VA L,0.5118743443420373,0.4909547806832722,0.4993400532332768,381,107,381
Schizophrenia,schizophrenia,15496,127,Thal VL L,0.5113806716140749,0.4887175126391016,0.49683994878747123,381,107,381
Schizophrenia,schizophrenia,15496,128,Thal VL R,,,,0,0,0
Schizophrenia,schizophrenia,15496,129,Thal VPL L,0.49952237505144986,0.4576709044972803,0.4789381523857175,381,107,381
Schizophrenia,schizophrenia,15496,130,Thal VPL R,,,,0,0,0
Schizophrenia,schizophrenia,15496,131,Thal IL L,,,,0,0,0
Schizophrenia,schizophrenia,15496,135,Thal MDm L,,,,0,0,0
Schizophrenia,schizophrenia,15496,136,Thal MDm R,,,,0,0,0
Schizophrenia,schizophrenia,15496,137,Thal MDl L,0.5054860780757716,0.493961971646444,0.49542856266721147,381,107,381
Schizophrenia,schizophrenia,15496,139,Thal LGN L,0.4838370917192183,0.4889548475276366,0.4732580768996151,381,107,381
Schizophrenia,schizophrenia,15496,140,Thal LGN R,,,,0,0,0
Schizophrenia,schizophrenia,15496,141,Thal MGN L,,,,0,0,0
Schizophrenia,schizophrenia,15496,143,Thal PuI L,,,,0,0,0
Schizophrenia,schizophrenia,15496,144,Thal PuI R,,,,0,0,0
Schizophrenia,schizophrenia,15496,145,Thal PuM L,,,,0,0,0
Schizophrenia,schizophrenia,15496,146,Thal PuM R,,,,0,0,0
Schizophrenia,schizophrenia,15496,147,Thal PuA L,,,,0,0,0
Schizophrenia,schizophrenia,15496,148,Thal PuA R,,,,0,0,0
Schizophrenia,schizophrenia,15496,153,ACC pre L,,,,0,0,0
Schizophrenia,schizophrenia,15496,154,ACC pre R,,,,0,0,0
Schizophrenia,schizophrenia,15496,155,ACC sup L,0.4740656383660506,0.4897775231903729,0.47966861037820374,381,107,381
Schizophrenia,schizophrenia,15496,156,ACC sup R,,,,0,0,0
Schizophrenia,schizophrenia,15496,157,N Acc L,0.5135817295624133,0.5052492418800069,0.5107669550382843,381,107,381
Schizophrenia,schizophrenia,15496,158,N Acc R,,,,0,0,0
Schizophrenia,schizophrenia,15496,161,SN pc L,0.4566641033735926,0.44960479471499054,0.45107439070953426,381,107,381
Schizophrenia,schizophrenia,15496,163,SN pr L,0.5220401148108907,0.49078848734050134,0.503664708321384,381,107,381
Schizophrenia,schizophrenia,15496,164,SN pr R,,,,0,0,0
Schizophrenia,schizophrenia,15496,165,Red N L,,,,0,0,0
Schizophrenia,schizophrenia,15496,166,Red N R,,,,0,0,0
Schizophrenia,schizophrenia,15496,167,LC L,0.4858225674668115,0.4794395916157537,0.48231010122244167,381,107,381
Schizophrenia,schizophrenia,15496,168,LC R,,,,0,0,0
Schizophrenia,schizophrenia,15496,169,Raphe D,,,,0,0,0
Schizophrenia,schizophrenia,15496,170,Raphe M,,,,0,0,0
Schizophrenia,schizophrenia,15697,1,Precentral L,0.49493066837723027,0.49217819684238284,0.49153685201263486,381,107,381
Schizophrenia,schizophrenia,15697,2,Precentral R,,,,0,0,0
Schizophrenia,schizophrenia,15697,3,Frontal Sup 2 L,0.4783926429725748,0.4704765973575373,0.4776944683386377,381,107,381
Schizophrenia,schizophrenia,15697,4,Frontal Sup 2 R,,,,0,0,0
Schizophrenia,schizophrenia,15697,5,Frontal Mid 2 L,0.5074622947338412,0.4999314006515236,0.5058019867586956,381,107,381
Schizophrenia,schizophrenia,15697,6,Frontal Mid 2 R,,,,0,0,0
Schizophrenia,schizophrenia,15697,7,Frontal Inf Oper L,0.45521339551337126,0.4586049425280588,0.4601486068035169,381,107,381
Schizophrenia,schizophrenia,15697,8,Frontal Inf Oper R,,,,0,0,0
Schizophrenia,schizophrenia,15697,9,Frontal Inf Tri L,0.5472778547299751,0.5698508053881377,0.5549108629612842,381,107,381
Schizophrenia,schizophrenia,15697,10,Frontal Inf Tri R,,,,0,0,0
Schizophrenia,schizophrenia,15697,11,Frontal Inf Orb 2 L,0.5167985777567223,0.52588582024108,0.52262548390919,381,107,381
Schizophrenia,schizophrenia,15697,12,Frontal Inf Orb 2 R,,,,0,0,0
Schizophrenia,schizophrenia,15697,13,Rolandic Oper L,0.5169223383510745,0.5438303244415372,0.5280224986217945,381,107,381
Schizophrenia,schizophrenia,15697,14,Rolandic Oper R,,,,0,0,0
Schizophrenia,schizophrenia,15697,15,Supp Motor Area L,0.46500856975494426,0.4889953704930706,0.4759233763952861,381,107,381
Schizophrenia,schizophrenia,15697,16,Supp Motor Area R,,,,0,0,0
Schizophrenia,schizophrenia,15697,17,Olfactory L,,,,0,0,0
Schizophrenia,schizophrenia,15697,18,Olfactory R,,,,0,0,0
Schizophrenia,schizophrenia,15697,19,Frontal Sup Medial L,0.5147975668897715,0.5140591289385888,0.514821231430343,381,107,381
Schizophrenia,schizophrenia,15697,20,Frontal Sup Medial R,,,,0,0,0
Schizophrenia,schizophrenia,15697,21,Frontal Med Orb L,0.430005386199523,0.4708104664912453,0.4503686334678024,381,107,381
Schizophrenia,schizophrenia,15697,22,Frontal Med Orb R,,,,0,0,0
Schizophrenia,schizophrenia,15697,23,Rectus L,0.5205452949273127,0.5327876008784014,0.5295711708706032,381,107,381
Schizophrenia,schizophrenia,15697,24,Rectus R,,,,0,0,0
Schizophrenia,schizophrenia,15697,25,OFCmed L,0.5026061401921736,0.5047346595543204,0.5081439662460469,381,107,381
Schizophrenia,schizophrenia,15697,26,OFCmed R,,,,0,0,0
Schizophrenia,schizophrenia,15697,27,OFCant L,0.5444039560581276,0.513830658846239,0.529828996500976,381,107,381
Schizophrenia,schizophrenia,15697,28,OFCant R,,,,0,0,0
Schizophrenia,schizophrenia,15697,29,OFCpost L,0.49102138522479793,0.5236797402801251,0.5101606084434429,381,107,381
Schizophrenia,schizophrenia,15697,30,OFCpost R,,,,0,0,0
Schizophrenia,schizophrenia,15697,31,OFClat L,0.475497759038988,0.45706622087818666,0.47303315537442137,381,107,381
Schizophrenia,schizophrenia,15697,32,OFClat R,,,,0,0,0
Schizophrenia,schizophrenia,15697,33,Insula L,0.5070142836422982,0.5251336976661265,0.5176150823150969,381,107,381
Schizophrenia,schizophrenia,15697,34,Insula R,,,,0,0,0
Schizophrenia,schizophrenia,15697,37,Cingulate Mid L,0.4901386227103878,0.5035902295382086,0.495414113547084,381,107,381
Schizophrenia,schizophrenia,15697,38,Cingulate Mid R,,,,0,0,0
Schizophrenia,schizophrenia,15697,39,Cingulate Post L,0.5431481698721989,0.5396763547974627,0.535225851784164,381,107,381
Schizophrenia,schizophrenia,15697,41,Hippocampus L,0.5095089435802667,0.5405606518536386,0.5242258767732882,381,107,381
Schizophrenia,schizophrenia,15697,42,Hippocampus R,,,,0,0,0
Schizophrenia,schizophrenia,15697,43,ParaHippocampal L,0.4959785081491587,0.5009002609112392,0.49609017223108687,381,107,381
Schizophrenia,schizophrenia,15697,44,ParaHippocampal R,,,,0,0,0
Schizophrenia,schizophrenia,15697,45,Amygdala L,0.5110515379823846,0.5241562756406448,0.518360868934186,381,107,381
Schizophrenia,schizophrenia,15697,46,Amygdala R,,,,0,0,0
Schizophrenia,schizophrenia,15697,47,Calcarine L,0.5214692851639101,0.5158173936996872,0.5175500066255471,381,107,381
Schizophrenia,schizophrenia,15697,48,Calcarine R,,,,0,0,0
Schizophrenia,schizophrenia,15697,49,Cuneus L,0.5380458658291949,0.5282402376021434,0.5327126325434155,381,107,381
Schizophrenia,schizophrenia,15697,51,Lingual L,0.5487387471820964,0.561429247848656,0.5552914198550926,381,107,381
Schizophrenia,schizophrenia,15697,52,Lingual R,,,,0,0,0
Schizophrenia,schizophrenia,15697,53,Occipital Sup L,0.5396888373714547,0.5600649602115129,0.5473966604750075,381,107,381
Schizophrenia,schizophrenia,15697,55,Occipital Mid L,0.5589241931962861,0.5581273474348398,0.5551017231695111,381,107,381
Schizophrenia,schizophrenia,15697,56,Occipital Mid R,,,,0,0,0
Schizophrenia,schizophrenia,15697,57,Occipital Inf L,0.5147918558163382,0.5242736359932058,0.5167102367319788,381,107,381
Schizophrenia,schizophrenia,15697,58,Occipital Inf R,,,,0,0,0
Schizophrenia,schizophrenia,15697,59,Fusiform L,0.5168311879888434,0.517804687155276,0.5150947590291663,381,107,381
Schizophrenia,schizophrenia,15697,60,Fusiform R,,,,0,0,0
Schizophrenia,schizophrenia,15697,61,Postcentral L,0.5249746827747699,0.5278155289426035,0.5253217783525547,381,107,381
Schizophrenia,schizophrenia,15697,62,Postcentral R,,,,0,0,0
Schizophrenia,schizophrenia,15697,63,Parietal Sup L,0.5183738262747835,0.5073302631970581,0.5122612471634089,381,107,381
Schizophrenia,schizophrenia,15697,64,Parietal Sup R,,,,0,0,0
Schizophrenia,schizophrenia,15697,65,Parietal Inf L,0.5209677341001111,0.4953896788165354,0.5113798452766581,381,107,381
Schizophrenia,schizophrenia,15697,66,Parietal Inf R,,,,0,0,0
Schizophrenia,schizophrenia,15697,67,SupraMarginal L,0.37509595840730975,0.38425846992043006,0.375636442174972,381,107,381
Schizophrenia,schizophrenia,15697,68,SupraMarginal R,,,,0,0,0
Schizophrenia,schizophrenia,15697,69,Angular L,,,,0,0,0
Schizophrenia,schizophrenia,15697,70,Angular R,,,,0,0,0
Schizophrenia,schizophrenia,15697,71,Precuneus L,0.48349061912018143,0.49097741310180043,0.48591377104978734,381,107,381
Schizophrenia,schizophrenia,15697,72,Precuneus R,,,,0,0,0
Schizophrenia,schizophrenia,15697,73,Paracentral Lobule L,0.5123601442996067,0.5208928774400359,0.5141419228054186,381,107,381
Schizophrenia,schizophrenia,15697,74,Paracentral Lobule R,,,,0,0,0
Schizophrenia,schizophrenia,15697,75,Caudate L,0.5213686635108498,0.5311752675963444,0.5348964593957259,381,107,381
Schizophrenia,schizophrenia,15697,76,Caudate R,,,,0,0,0
Schizophrenia,schizophrenia,15697,77,Putamen L,0.5097096790776813,0.5146046537159961,0.5178964768858418,381,107,381
Schizophrenia,schizophrenia,15697,78,Putamen R,,,,0,0,0
Schizophrenia,schizophrenia,15697,79,Pallidum L,0.5131597021606022,0.48946840914037615,0.5041939640875758,381,107,381
Schizophrenia,schizophrenia,15697,80,Pallidum R,,,,0,0,0
Schizophrenia,schizophrenia,15697,83,Heschl L,0.5596245193411985,0.5980883786401934,0.5719041470454657,381,107,381
Schizophrenia,schizophrenia,15697,84,Heschl R,,,,0,0,0
Schizophrenia,schizophrenia,15697,85,Temporal Sup L,0.48845179954386897,0.5063951642883345,0.49631764127562783,381,107,381
Schizophrenia,schizophrenia,15697,86,Temporal Sup R,,,,0,0,0
Schizophrenia,schizophrenia,15697,87,Temporal Pole Sup L,0.5068247316912051,0.5383703407770741,0.5204483283031627,381,107,381
Schizophrenia,schizophrenia,15697,88,Temporal Pole Sup R,,,,0,0,0
Schizophrenia,schizophrenia,15697,89,Temporal Mid L,0.4560930201503524,0.47175235440641194,0.4608160752388384,381,107,381
Schizophrenia,schizophrenia,15697,90,Temporal Mid R,,,,0,0,0
Schizophrenia,schizophrenia,15697,91,Temporal Pole Mid L,0.5197045767670306,0.5134141728002852,0.517960604573117,381,107,381
Schizophrenia,schizophrenia,15697,93,Temporal Inf L,0.45901696737400743,0.461142663779896,0.45965667032767954,381,107,381
Schizophrenia,schizophrenia,15697,94,Temporal Inf R,,,,0,0,0
Schizophrenia,schizophrenia,15697,95,Cerebellum Crus1 L,0.5065174374264512,0.49569759770357325,0.5036528387752542,381,107,381
Schizophrenia,schizophrenia,15697,96,Cerebellum Crus1 R,,,,0,0,0
Schizophrenia,schizophrenia,15697,97,Cerebellum Crus2 L,0.48771328670174835,0.48199494366682916,0.48628995495257343,381,107,381
Schizophrenia,schizophrenia,15697,98,Cerebellum Crus2 R,,,,0,0,0
Schizophrenia,schizophrenia,15697,101,Cerebellum 4 5 L,0.5035562510002141,0.49483002093632755,0.4994887866398984,381,107,381
Schizophrenia,schizophrenia,15697,102,Cerebellum 4 5 R,,,,0,0,0
Schizophrenia,schizophrenia,15697,103,Cerebellum 6 L,0.5212290670548055,0.5058354126900699,0.5162245720260754,381,107,381
Schizophrenia,schizophrenia,15697,104,Cerebellum 6 R,,,,0,0,0
Schizophrenia,schizophrenia,15697,105,Cerebellum 7b L,0.451113487687891,0.4264634181019776,0.44551903594121484,381,107,381
Schizophrenia,schizophrenia,15697,106,Cerebellum 7b R,,,,0,0,0
Schizophrenia,schizophrenia,15697,107,Cerebellum 8 L,0.4948085776018301,0.488854380099875,0.4932830026561595,381,107,381
Schizophrenia,schizophrenia,15697,108,Cerebellum 8 R,,,,0,0,0
Schizophrenia,schizophrenia,15697,109,Cerebellum 9 L,,,,0,0,0
Schizophrenia,schizophrenia,15697,110,Cerebellum 9 R,,,,0,0,0
Schizophrenia,schizophrenia,15697,111,Cerebellum 10 L,,,,0,0,0
Schizophrenia,schizophrenia,15697,118,Vermis 8,0.5252085445581993,0.5255346128988064,0.5150560231627617,381,107,381
Schizophrenia,schizophrenia,15697,119,Vermis 9,0.47120943780862085,0.49090130216585237,0.46853747390588146,381,107,381
Schizophrenia,schizophrenia,15697,121,Thal AV L,0.5194438313528478,0.48718798209239345,0.5025028907406172,381,107,381
Schizophrenia,schizophrenia,15697,122,Thal AV R,,,,0,0,0
Schizophrenia,schizophrenia,15697,125,Thal VA L,0.5273566328177679,0.5070047600738458,0.5104774549019769,381,107,381
Schizophrenia,schizophrenia,15697,127,Thal VL L,0.48144737439813823,0.4526497279649749,0.46532515575108957,381,107,381
Schizophrenia,schizophrenia,15697,128,Thal VL R,,,,0,0,0
Schizophrenia,schizophrenia,15697,129,Thal VPL L,0.49308641220512417,0.4782715740005182,0.48118954557170796,381,107,381
Schizophrenia,schizophrenia,15697,130,Thal VPL R,,,,0,0,0
Schizophrenia,schizophrenia,15697,131,Thal IL L,0.5187505107299284,0.524750451424156,0.513103966924732,381,107,381
Schizophrenia,schizophrenia,15697,135,Thal MDm L,,,,0,0,0
Schizophrenia,schizophrenia,15697,136,Thal MDm R,,,,0,0,0
Schizophrenia,schizophrenia,15697,137,Thal MDl L,0.4441768033780309,0.4606627907240262,0.4400959785864382,381,107,381
Schizophrenia,schizophrenia,15697,139,Thal LGN L,,,,0,0,0
Schizophrenia,schizophrenia,15697,140,Thal LGN R,,,,0,0,0
Schizophrenia,schizophrenia,15697,141,Thal MGN L,0.4969775057554144,0.504326030362132,0.49102062437026933,381,107,381
Schizophrenia,schizophrenia,15697,143,Thal PuI L,0.49035161114336967,0.4848024569100675,0.47921352738257655,381,107,381
Schizophrenia,schizophrenia,15697,144,Thal PuI R,,,,0,0,0
Schizophrenia,schizophrenia,15697,145,Thal PuM L,0.5062295681837722,0.4932856925009419,0.49564466036496246,381,107,381
Schizophrenia,schizophrenia,15697,146,Thal PuM R,,,,0,0,0
Schizophrenia,schizophrenia,15697,147,Thal PuA L,,,,0,0,0
Schizophrenia,schizophrenia,15697,148,Thal PuA R,,,,0,0,0
Schizophrenia,schizophrenia,15697,153,ACC pre L,0.4895457128757979,0.4984408978157489,0.5017161681886495,381,107,381
Schizophrenia,schizophrenia,15697,154,ACC pre R,,,,0,0,0
Schizophrenia,schizophrenia,15697,155,ACC sup L,0.4382211388175453,0.42213567233000726,0.4295055924805161,381,107,381
Schizophrenia,schizophrenia,15697,156,ACC sup R,,,,0,0,0
Schizophrenia,schizophrenia,15697,157,N Acc L,0.5091498024925942,0.5069187754632446,0.5100836430634724,381,107,381
Schizophrenia,schizophrenia,15697,158,N Acc R,,,,0,0,0
Schizophrenia,schizophrenia,15697,161,SN pc L,,,,0,0,0
Schizophrenia,schizophrenia,15697,163,SN pr L,0.4817042995092747,0.4240227195974031,0.45980205904289895,381,107,381
Schizophrenia,schizophrenia,15697,164,SN pr R,,,,0,0,0
Schizophrenia,schizophrenia,15697,165,Red N L,0.49948183768795595,0.4666191155680464,0.48275583901920904,381,107,381
Schizophrenia,schizophrenia,15697,166,Red N R,,,,0,0,0
Schizophrenia,schizophrenia,15697,167,LC L,,,,0,0,0
Schizophrenia,schizophrenia,15697,168,LC R,,,,0,0,0
Schizophrenia,schizophrenia,15697,169,Raphe D,,,,0,0,0
Schizophrenia,schizophrenia,15697,170,Raphe M,,,,0,0,0
Schizophrenia,schizophrenia,9861,1,Precentral L,0.5221305441196812,0.5194956328439856,0.5200991478432573,381,107,381
Schizophrenia,schizophrenia,9861,2,Precentral R,0.5042722974080742,0.5032993627970203,0.5012366144373541,381,107,381
Schizophrenia,schizophrenia,9861,3,Frontal Sup 2 L,0.48822997087147396,0.4825804894652738,0.4868965784689607,381,107,381
Schizophrenia,schizophrenia,9861,4,Frontal Sup 2 R,0.4974025091365803,0.49893853065874794,0.4976750265609127,381,107,381
Schizophrenia,schizophrenia,9861,5,Frontal Mid 2 L,0.5099871802652672,0.49964751604805435,0.5068750104224647,381,107,381
Schizophrenia,schizophrenia,9861,6,Frontal Mid 2 R,0.5241388564071406,0.5175891620774627,0.5230597198509462,381,107,381
Schizophrenia,schizophrenia,9861,7,Frontal Inf Oper L,0.5161196233458711,0.5111521967635554,0.5158870334001013,381,107,381
Schizophrenia,schizophrenia,9861,8,Frontal Inf Oper R,0.5074864460049427,0.5115644948243874,0.5086072165308343,381,107,381
Schizophrenia,schizophrenia,9861,9,Frontal Inf Tri L,0.5443927313066589,0.5401815486189032,0.5434583995747264,381,107,381
Schizophrenia,schizophrenia,9861,10,Frontal Inf Tri R,0.5571975533710553,0.5462453278546587,0.5507716794775626,381,107,381
Schizophrenia,schizophrenia,9861,11,Frontal Inf Orb 2 L,0.5621995566135607,0.5600802255557719,0.5631179262167885,381,107,381
Schizophrenia,schizophrenia,9861,12,Frontal Inf Orb 2 R,0.5247291020863732,0.5258004373111795,0.5248651110325389,381,107,381
Schizophrenia,schizophrenia,9861,13,Rolandic Oper L,0.49990377994208846,0.5067737642536393,0.5087754800277096,381,107,381
Schizophrenia,schizophrenia,9861,14,Rolandic Oper R,0.5229213058560744,0.5343181462096769,0.526751773843895,381,107,381
Schizophrenia,schizophrenia,9861,15,Supp Motor Area L,0.5347129188297663,0.5467201885037125,0.5374432394424001,381,107,381
Schizophrenia,schizophrenia,9861,16,Supp Motor Area R,0.4789852820496333,0.4752146188836317,0.4745727990448576,381,107,381
Schizophrenia,schizophrenia,9861,17,Olfactory L,0.501696824767044,0.46379143577340703,0.48980433166208054,381,107,381
Schizophrenia,schizophrenia,9861,18,Olfactory R,0.45310400426157055,0.4083717026151142,0.43006819768817517,381,107,381
Schizophrenia,schizophrenia,9861,19,Frontal Sup Medial L,0.5298442952828007,0.5394042750392388,0.534819684324074,381,107,381
Schizophrenia,schizophrenia,9861,20,Frontal Sup Medial R,0.4889620595188,0.5059368033853707,0.49766351826187394,381,107,381
Schizophrenia,schizophrenia,9861,21,Frontal Med Orb L,0.49950246640350204,0.5011383554128539,0.5061478186074801,381,107,381
Schizophrenia,schizophrenia,9861,22,Frontal Med Orb R,0.5264498219798159,0.5437319686978594,0.5344028168772831,381,107,381
Schizophrenia,schizophrenia,9861,23,Rectus L,0.47230008671066803,0.4925786221077612,0.478317146926425,381,107,381
Schizophrenia,schizophrenia,9861,24,Rectus R,0.534395142780809,0.5358138356374244,0.5382147381607955,381,107,381
Schizophrenia,schizophrenia,9861,25,OFCmed L,0.5469047245635175,0.5294106423833538,0.5431574031914304,381,107,381
Schizophrenia,schizophrenia,9861,26,OFCmed R,0.5234913645080889,0.5122183038600633,0.5190576977086276,381,107,381
Schizophrenia,schizophrenia,9861,27,OFCant L,0.5632092463700668,0.5688870146180219,0.567059004022927,381,107,381
Schizophrenia,schizophrenia,9861,28,OFCant R,0.51612000724156,0.5312798562860539,0.5194648702690475,381,107,381
Schizophrenia,schizophrenia,9861,29,OFCpost L,0.5257928406381353,0.5561031590122192,0.5367194109136222,381,107,381
Schizophrenia,schizophrenia,9861,30,OFCpost R,0.5531388108987625,0.5424008797102433,0.5467790686175993,381,107,381
Schizophrenia,schizophrenia,9861,31,OFClat L,,,,0,0,0
Schizophrenia,schizophrenia,9861,32,OFClat R,0.5064002757004823,0.5096313127500566,0.5119393250039705,381,107,381
Schizophrenia,schizophrenia,9861,33,Insula L,0.5158796258071296,0.5085224385435001,0.5150453087033274,381,107,381
Schizophrenia,schizophrenia,9861,34,Insula R,0.5056420549792147,0.5037359764213744,0.5063416025387195,381,107,381
Schizophrenia,schizophrenia,9861,37,Cingulate Mid L,0.4947086494050993,0.51626812734556,0.502701953803231,381,107,381
Schizophrenia,schizophrenia,9861,38,Cingulate Mid R,0.49925341050273603,0.5088968567000142,0.5013635608499756,381,107,381
Schizophrenia,schizophrenia,9861,39,Cingulate Post L,0.5831624636376028,0.5894598690647991,0.5838028664571495,381,107,381
Schizophrenia,schizophrenia,9861,41,Hippocampus L,0.5160362896685785,0.5336033404552688,0.5238103020505323,381,107,381
Schizophrenia,schizophrenia,9861,42,Hippocampus R,0.5031742878006004,0.52525730734871,0.5113475708805885,381,107,381
Schizophrenia,schizophrenia,9861,43,ParaHippocampal L,0.4518599413673568,0.44812126160962495,0.44784342570085556,381,107,381
Schizophrenia,schizophrenia,9861,44,ParaHippocampal R,0.5063158610908279,0.4855785712188422,0.4955477496529696,381,107,381
Schizophrenia,schizophrenia,9861,45,Amygdala L,0.5356594478146813,0.5504206061469473,0.5408201732489848,381,107,381
Schizophrenia,schizophrenia,9861,46,Amygdala R,0.44956290815015093,0.49972243460983884,0.47273781483040633,381,107,381
Schizophrenia,schizophrenia,9861,47,Calcarine L,0.5138053787082614,0.5196015122846204,0.5155770106143371,381,107,381
Schizophrenia,schizophrenia,9861,48,Calcarine R,0.47715678984492294,0.5014902768991508,0.4851967998027857,381,107,381
Schizophrenia,schizophrenia,9861,49,Cuneus L,,,,0,0,0
Schizophrenia,schizophrenia,9861,51,Lingual L,0.49324522455836733,0.4842161097411544,0.4889032529927124,381,107,381
Schizophrenia,schizophrenia,9861,52,Lingual R,0.499613954456498,0.49465859117179656,0.4972672367115261,381,107,381
Schizophrenia,schizophrenia,9861,53,Occipital Sup L,,,,0,0,0
Schizophrenia,schizophrenia,9861,55,Occipital Mid L,0.4911449715089371,0.47719033436605623,0.48442145773209155,381,107,381
Schizophrenia,schizophrenia,9861,56,Occipital Mid R,0.5203041603341191,0.5214054372593768,0.5173992275101416,381,107,381
Schizophrenia,schizophrenia,9861,57,Occipital Inf L,0.5333838078552441,0.5473363191637689,0.5331691942138999,381,107,381
Schizophrenia,schizophrenia,9861,58,Occipital Inf R,0.5340485026315579,0.542817275439454,0.5334977247849658,381,107,381
Schizophrenia,schizophrenia,9861,59,Fusiform L,0.48781324423248595,0.4964409356361743,0.4907898997447455,381,107,381
Schizophrenia,schizophrenia,9861,60,Fusiform R,0.5100762466083179,0.5119074308420142,0.5101345436642248,381,107,381
Schizophrenia,schizophrenia,9861,61,Postcentral L,0.4933789407338054,0.4944204107756318,0.49447585654332576,381,107,381
Schizophrenia,schizophrenia,9861,62,Postcentral R,0.5112185552571342,0.5047737211628532,0.5066243968856438,381,107,381
Schizophrenia,schizophrenia,9861,63,Parietal Sup L,0.5202414546175813,0.510366964482962,0.5165811104613,381,107,381
Schizophrenia,schizophrenia,9861,64,Parietal Sup R,0.47439045091713256,0.4580178176236043,0.46664373530754355,381,107,381
Schizophrenia,schizophrenia,9861,65,Parietal Inf L,0.5188166900625566,0.5025643834748951,0.5110909598762104,381,107,381
Schizophrenia,schizophrenia,9861,66,Parietal Inf R,0.5246968699416648,0.5510432400128822,0.5384798382694838,381,107,381
Schizophrenia,schizophrenia,9861,67,SupraMarginal L,0.44720598596296757,0.4584057426421315,0.45748080243379186,381,107,381
Schizophrenia,schizophrenia,9861,68,SupraMarginal R,0.5274730454721678,0.5096600009326171,0.5216703419933123,381,107,381
Schizophrenia,schizophrenia,9861,69,Angular L,0.49597880098944996,0.4790018979335253,0.4893051371704097,381,107,381
Schizophrenia,schizophrenia,9861,70,Angular R,0.4914458063276602,0.4945288880704264,0.4897963206780582,381,107,381
Schizophrenia,schizophrenia,9861,71,Precuneus L,0.5577358663109797,0.5544019087659012,0.5599558355788614,381,107,381
Schizophrenia,schizophrenia,9861,72,Precuneus R,0.5015515161433558,0.5016471755398482,0.5030257286586687,381,107,381
Schizophrenia,schizophrenia,9861,73,Paracentral Lobule L,0.5251324903650533,0.5312350230298982,0.5158187049426588,381,107,381
Schizophrenia,schizophrenia,9861,74,Paracentral Lobule R,0.509352459162086,0.5038414260351082,0.49823368159076864,381,107,381
Schizophrenia,schizophrenia,9861,75,Caudate L,0.5478861540017882,0.549631131334193,0.555445572606674,381,107,381
Schizophrenia,schizophrenia,9861,76,Caudate R,0.5426933205314803,0.5507428013897004,0.5537531549068848,381,107,381
Schizophrenia,schizophrenia,9861,77,Putamen L,0.5268058373857086,0.5442527225100064,0.538576227778449,381,107,381
Schizophrenia,schizophrenia,9861,78,Putamen R,0.5313371447637643,0.5566038521358476,0.5455988190560521,381,107,381
Schizophrenia,schizophrenia,9861,79,Pallidum L,0.523687807524297,0.51171212036711,0.5208419246202012,381,107,381
Schizophrenia,schizophrenia,9861,80,Pallidum R,0.518720245973145,0.4740347573593872,0.4992128194124398,381,107,381
Schizophrenia,schizophrenia,9861,83,Heschl L,0.4927564331251584,0.4913521256187725,0.4892789728592066,381,107,381
Schizophrenia,schizophrenia,9861,84,Heschl R,0.48320299491183594,0.4798555993259476,0.4765473720823296,381,107,381
Schizophrenia,schizophrenia,9861,85,Temporal Sup L,0.5154671874651688,0.5265623005324158,0.5223881055407291,381,107,381
Schizophrenia,schizophrenia,9861,86,Temporal Sup R,0.4835564092225577,0.4995604063815792,0.49067510517421564,381,107,381
Schizophrenia,schizophrenia,9861,87,Temporal Pole Sup L,0.530280318106369,0.49713817118907067,0.5141988820990293,381,107,381
Schizophrenia,schizophrenia,9861,88,Temporal Pole Sup R,0.47662964459436247,0.4540163424253657,0.4647320899699684,381,107,381
Schizophrenia,schizophrenia,9861,89,Temporal Mid L,0.5134090663560195,0.5217932277532876,0.5165582554836626,381,107,381
Schizophrenia,schizophrenia,9861,90,Temporal Mid R,0.5224384909671991,0.5169139401447742,0.5211364529570177,381,107,381
Schizophrenia,schizophrenia,9861,91,Temporal Pole Mid L,,,,0,0,0
Schizophrenia,schizophrenia,9861,93,Temporal Inf L,0.5121471858297508,0.5144486288024354,0.5117186016455901,381,107,381
Schizophrenia,schizophrenia,9861,94,Temporal Inf R,0.5101718075726631,0.5182940470115773,0.5130256758521232,381,107,381
Schizophrenia,schizophrenia,9861,95,Cerebellum Crus1 L,0.4689182952976737,0.4773456847433716,0.47347114870333884,381,107,381
Schizophrenia,schizophrenia,9861,96,Cerebellum Crus1 R,0.5605925018819581,0.539184338026633,0.5539189721070216,381,107,381
Schizophrenia,schizophrenia,9861,97,Cerebellum Crus2 L,0.5232528051379186,0.5243650892094175,0.5237505350246869,381,107,381
Schizophrenia,schizophrenia,9861,98,Cerebellum Crus2 R,0.5657636380747657,0.5392436370391746,0.5549165832083723,381,107,381
Schizophrenia,schizophrenia,9861,101,Cerebellum 4 5 L,0.5449143356116524,0.5551680214330866,0.5473650616937902,381,107,381
Schizophrenia,schizophrenia,9861,102,Cerebellum 4 5 R,0.5435800267113823,0.5336674809240634,0.5374985626240393,381,107,381
Schizophrenia,schizophrenia,9861,103,Cerebellum 6 L,0.5603808491333142,0.5235684463556278,0.5507622614452939,381,107,381
Schizophrenia,schizophrenia,9861,104,Cerebellum 6 R,0.4757519324373243,0.4758178052230966,0.4809559012332904,381,107,381
Schizophrenia,schizophrenia,9861,105,Cerebellum 7b L,0.5200897686074478,0.4737355501648013,0.49920220437928836,381,107,381
Schizophrenia,schizophrenia,9861,106,Cerebellum 7b R,0.5477053445897283,0.5419291079737767,0.5480866701175978,381,107,381
Schizophrenia,schizophrenia,9861,107,Cerebellum 8 L,0.5585061299978198,0.5417119859014234,0.5514039929743397,381,107,381
Schizophrenia,schizophrenia,9861,108,Cerebellum 8 R,0.5161570583851934,0.5074896932882859,0.5157486702388329,381,107,381
Schizophrenia,schizophrenia,9861,109,Cerebellum 9 L,0.46593052014243974,0.48007484026507374,0.46741755558273457,381,107,381
Schizophrenia,schizophrenia,9861,110,Cerebellum 9 R,0.5069166217196337,0.5023801232623257,0.5021079623537795,381,107,381
Schizophrenia,schizophrenia,9861,111,Cerebellum 10 L,,,,0,0,0
Schizophrenia,schizophrenia,9861,118,Vermis 8,0.4568311621631951,0.4873986572671749,0.46742057110381374,381,107,381
Schizophrenia,schizophrenia,9861,119,Vermis 9,0.45504556799259427,0.472330452380662,0.4614702999754192,381,107,381
Schizophrenia,schizophrenia,9861,121,Thal AV L,0.5425484821332344,0.5653635972236523,0.5631544219836171,381,107,381
Schizophrenia,schizophrenia,9861,122,Thal AV R,0.44965185052771056,0.44225723462418215,0.44365644535175003,381,107,381
Schizophrenia,schizophrenia,9861,125,Thal VA L,0.5041954462303334,0.4615355661667123,0.4880567697950609,381,107,381
Schizophrenia,schizophrenia,9861,127,Thal VL L,0.4993443823654839,0.47900259614231805,0.4927667774216781,381,107,381
Schizophrenia,schizophrenia,9861,128,Thal VL R,0.5053071273060402,0.47278471273135725,0.48859214846975646,381,107,381
Schizophrenia,schizophrenia,9861,129,Thal VPL L,0.4889587425046937,0.4576290226119309,0.47224972136828053,381,107,381
Schizophrenia,schizophrenia,9861,130,Thal VPL R,0.511895059870582,0.48514268528427856,0.4923485966272747,381,107,381
Schizophrenia,schizophrenia,9861,131,Thal IL L,0.5083208260237073,0.4805355931779088,0.4958733688985668,381,107,381
Schizophrenia,schizophrenia,9861,135,Thal MDm L,0.37458973023821796,0.41558547646290284,0.3910156568153387,381,107,381
Schizophrenia,schizophrenia,9861,136,Thal MDm R,0.4762523934311471,0.44316767681798674,0.45561004762740853,381,107,381
Schizophrenia,schizophrenia,9861,137,Thal MDl L,0.476661138636942,0.46425192257159326,0.468612767623869,381,107,381
Schizophrenia,schizophrenia,9861,139,Thal LGN L,0.46405085474216323,0.43623169936182654,0.4450480636997498,381,107,381
Schizophrenia,schizophrenia,9861,140,Thal LGN R,0.5269688552329885,0.4828561400416011,0.49919607006261596,381,107,381
Schizophrenia,schizophrenia,9861,141,Thal MGN L,0.5291518859757066,0.49801803840264364,0.5112775837623093,381,107,381
Schizophrenia,schizophrenia,9861,143,Thal PuI L,0.5896933376323535,0.5404154355882419,0.5658144232857706,381,107,381
Schizophrenia,schizophrenia,9861,144,Thal PuI R,0.5602508137224925,0.5300563529131089,0.5435983106035935,381,107,381
Schizophrenia,schizophrenia,9861,145,Thal PuM L,0.5622010437482148,0.5239920230071861,0.5401583463734815,381,107,381
Schizophrenia,schizophrenia,9861,146,Thal PuM R,0.49433679853864204,0.4774296392763451,0.47989778601025096,381,107,381
Schizophrenia,schizophrenia,9861,147,Thal PuA L,0.53588018397113,0.4954959896058043,0.5077369014339352,381,107,381
Schizophrenia,schizophrenia,9861,148,Thal PuA R,0.46716481806667226,0.44641899694633413,0.4565603274155956,381,107,381
Schizophrenia,schizophrenia,9861,153,ACC pre L,,,,0,0,0
Schizophrenia,schizophrenia,9861,154,ACC pre R,0.5248359106820532,0.5318130193483425,0.5285063017220291,381,107,381
Schizophrenia,schizophrenia,9861,155,ACC sup L,0.5131110375828031,0.5086995527498295,0.5065786261874434,381,107,381
Schizophrenia,schizophrenia,9861,156,ACC sup R,0.5283995466914996,0.5060179839299712,0.5174317301678582,381,107,381
Schizophrenia,schizophrenia,9861,157,N Acc L,0.5375349390851731,0.5641652542226301,0.5539150805915368,381,107,381
Schizophrenia,schizophrenia,9861,158,N Acc R,0.5789072390764487,0.5949126186024193,0.5912305255390037,381,107,381
Schizophrenia,schizophrenia,9861,161,SN pc L,,,,0,0,0
Schizophrenia,schizophrenia,9861,163,SN pr L,,,,0,0,0
Schizophrenia,schizophrenia,9861,164,SN pr R,0.47072265556968645,0.45922669641495545,0.466434512994692,381,107,381
Schizophrenia,schizophrenia,9861,165,Red N L,0.4484140896558181,0.4159585313008159,0.43092226819622165,381,107,381
Schizophrenia,schizophrenia,9861,166,Red N R,0.4901010854131792,0.46044116220363707,0.477875915167658,381,107,381
Schizophrenia,schizophrenia,9861,167,LC L,0.5087913931715178,0.4828429303019163,0.495876611546266,381,107,381
Schizophrenia,schizophrenia,9861,168,LC R,0.49091572090708707,0.47419860503481925,0.47603794360791774,381,107,381
Schizophrenia,schizophrenia,9861,169,Raphe D,0.44631671452800686,0.4214526263924432,0.43550176485233105,381,107,381
Schizophrenia,schizophrenia,9861,170,Raphe M,0.48298874977671463,0.4564300623366479,0.471664286489098,381,107,381
Bipolar disorder,bipolar,10021,1,Precentral L,0.5162039344982052,0.45756886665855356,0.4812435479399436,80,20,80
Bipolar disorder,bipolar,10021,2,Precentral R,0.4900201388664751,0.47530274384272514,0.4808509856125125,80,20,80
Bipolar disorder,bipolar,10021,3,Frontal Sup 2 L,0.5080318195347356,0.5345416673387404,0.5181618753470301,80,20,80
Bipolar disorder,bipolar,10021,4,Frontal Sup 2 R,0.5151056910088363,0.5221562830703284,0.5107181046295577,80,20,80
Bipolar disorder,bipolar,10021,5,Frontal Mid 2 L,0.5440580850653303,0.5491446878913707,0.5488056905379611,80,20,80
Bipolar disorder,bipolar,10021,6,Frontal Mid 2 R,0.5068929700632336,0.4952701636775467,0.5041503787393872,80,20,80
Bipolar disorder,bipolar,10021,7,Frontal Inf Oper L,,,,0,0,0
Bipolar disorder,bipolar,10021,8,Frontal Inf Oper R,0.4801299573959191,0.472639250309979,0.4735476022552917,80,20,80
Bipolar disorder,bipolar,10021,9,Frontal Inf Tri L,0.5008868261757828,0.4852701141440464,0.4890178411020835,80,20,80
Bipolar disorder,bipolar,10021,10,Frontal Inf Tri R,0.5174820674237232,0.4689491800488715,0.49095803797251825,80,20,80
Bipolar disorder,bipolar,10021,11,Frontal Inf Orb 2 L,0.5032867762709927,0.4898098153172118,0.4887021381170128,80,20,80
Bipolar disorder,bipolar,10021,12,Frontal Inf Orb 2 R,0.48117690939970464,0.4661227900476428,0.47084259560236846,80,20,80
Bipolar disorder,bipolar,10021,13,Rolandic Oper L,0.4968733315298575,0.5180798700998563,0.5132391694785128,80,20,80
Bipolar disorder,bipolar,10021,14,Rolandic Oper R,0.5137483144588212,0.5346505774741309,0.5259167592410909,80,20,80
Bipolar disorder,bipolar,10021,15,Supp Motor Area L,0.39645488820984986,0.30412920874432714,0.3520286410812198,80,20,80
Bipolar disorder,bipolar,10021,16,Supp Motor Area R,0.5053910222983269,0.4751152319245631,0.49123073091985353,80,20,80
Bipolar disorder,bipolar,10021,17,Olfactory L,0.4867429621005289,0.4540188146456317,0.47135679537787045,80,20,80
Bipolar disorder,bipolar,10021,18,Olfactory R,0.4718189338396538,0.45494205896049494,0.46168022630539296,80,20,80
Bipolar disorder,bipolar,10021,19,Frontal Sup Medial L,0.5249338875112709,0.5338815852741788,0.5360382317083475,80,20,80
Bipolar disorder,bipolar,10021,20,Frontal Sup Medial R,0.5607305423288431,0.6104231119374008,0.5769536997029279,80,20,80
Bipolar disorder,bipolar,10021,21,Frontal Med Orb L,0.5280543791773239,0.595876407818843,0.564644954349727,80,20,80
Bipolar disorder,bipolar,10021,22,Frontal Med Orb R,0.5289517389987998,0.5485883424944469,0.5412548233011519,80,20,80
Bipolar disorder,bipolar,10021,23,Rectus L,0.526563245501112,0.5022839468251947,0.5146560385649807,80,20,80
Bipolar disorder,bipolar,10021,24,Rectus R,0.5308622622632118,0.5407955945468231,0.5361190892542139,80,20,80
Bipolar disorder,bipolar,10021,25,OFCmed L,0.5016364691861354,0.517608903392669,0.4972391103778044,80,20,80
Bipolar disorder,bipolar,10021,26,OFCmed R,0.5249561508008667,0.5434939166996802,0.533156171894806,80,20,80
Bipolar disorder,bipolar,10021,27,OFCant L,0.4647443672046325,0.47517705122529835,0.4626035020107946,80,20,80
Bipolar disorder,bipolar,10021,28,OFCant R,0.5557484647613118,0.5901119224079217,0.574363255417715,80,20,80
Bipolar disorder,bipolar,10021,29,OFCpost L,0.4437267223264558,0.36780905751565995,0.4076291595407031,80,20,80
Bipolar disorder,bipolar,10021,30,OFCpost R,0.4898922534641105,0.5060010419458043,0.5108979844560622,80,20,80
Bipolar disorder,bipolar,10021,31,OFClat L,,,,0,0,0
Bipolar disorder,bipolar,10021,32,OFClat R,0.5358563784059426,0.4937266499778799,0.5055629138433988,80,20,80
Bipolar disorder,bipolar,10021,33,Insula L,0.5276376348235855,0.5285925088544687,0.528273944345502,80,20,80
Bipolar disorder,bipolar,10021,34,Insula R,0.5063387003031276,0.5327050230522218,0.5219093609936301,80,20,80
Bipolar disorder,bipolar,10021,37,Cingulate Mid L,0.5009352350846816,0.48355243970472894,0.489842337531907,80,20,80
Bipolar disorder,bipolar,10021,38,Cingulate Mid R,0.49475588397287085,0.47975266659270377,0.49083763546540427,80,20,80
Bipolar disorder,bipolar,10021,39,Cingulate Post L,0.47937260108717916,0.5343837628016473,0.5027200376919303,80,20,80
Bipolar disorder,bipolar,10021,41,Hippocampus L,0.5001534661373416,0.5183204436158315,0.505673233707803,80,20,80
Bipolar disorder,bipolar,10021,42,Hippocampus R,0.5120569462573255,0.5010874715814146,0.5046714689141293,80,20,80
Bipolar disorder,bipolar,10021,43,ParaHippocampal L,0.46937798903570005,0.40687038706819545,0.4368306106716626,80,20,80
Bipolar disorder,bipolar,10021,44,ParaHippocampal R,0.5086664927529705,0.5155331111100601,0.5066465211392481,80,20,80
Bipolar disorder,bipolar,10021,45,Amygdala L,0.5170769914899294,0.6122699699656184,0.5684996784880415,80,20,80
Bipolar disorder,bipolar,10021,46,Amygdala R,0.47162471147936547,0.6170487673339176,0.5463335531831731,80,20,80
Bipolar disorder,bipolar,10021,47,Calcarine L,0.5540532554140813,0.6072266910017663,0.5829686395644045,80,20,80
Bipolar disorder,bipolar,10021,48,Calcarine R,0.4965380818240396,0.5622447015383358,0.5279659103597922,80,20,80
Bipolar disorder,bipolar,10021,49,Cuneus L,0.5302597998120098,0.6037983800157845,0.5667673860522212,80,20,80
Bipolar disorder,bipolar,10021,51,Lingual L,0.5424344526539159,0.5390563611517345,0.5399820564542791,80,20,80
Bipolar disorder,bipolar,10021,52,Lingual R,0.5382537141539452,0.5548921019505617,0.5409277954740712,80,20,80
Bipolar disorder,bipolar,10021,53,Occipital Sup L,0.538438554234177,0.5838174679736456,0.5552430076052954,80,20,80
Bipolar disorder,bipolar,10021,55,Occipital Mid L,0.5270000635692309,0.5314769902461604,0.5320816817229693,80,20,80
Bipolar disorder,bipolar,10021,56,Occipital Mid R,0.5154545608823463,0.4948598881776669,0.5145317896893957,80,20,80
Bipolar disorder,bipolar,10021,57,Occipital Inf L,0.5452948045037144,0.5400384403099117,0.5364151196278244,80,20,80
Bipolar disorder,bipolar,10021,58,Occipital Inf R,0.5446547059364144,0.5717757188454906,0.546199756423074,80,20,80
Bipolar disorder,bipolar,10021,59,Fusiform L,0.5007771805955483,0.48435772137158306,0.49462851407550534,80,20,80
Bipolar disorder,bipolar,10021,60,Fusiform R,0.5163663674538526,0.49721223000352505,0.5049947322361347,80,20,80
Bipolar disorder,bipolar,10021,61,Postcentral L,0.5167736432109155,0.4927410261548527,0.49974391967516985,80,20,80
Bipolar disorder,bipolar,10021,62,Postcentral R,0.5042005844910324,0.480262136850605,0.48609385277072753,80,20,80
Bipolar disorder,bipolar,10021,63,Parietal Sup L,0.5243806004210267,0.5429949946886037,0.5336962796885024,80,20,80
Bipolar disorder,bipolar,10021,64,Parietal Sup R,0.4697134495543853,0.5009949083757828,0.47218499989524254,80,20,80
Bipolar disorder,bipolar,10021,65,Parietal Inf L,0.5200322058003384,0.544758967453934,0.5298720169556893,80,20,80
Bipolar disorder,bipolar,10021,66,Parietal Inf R,0.5103462708282128,0.4742792554978972,0.48318697097840746,80,20,80
Bipolar disorder,bipolar,10021,67,SupraMarginal L,0.49347664965560795,0.4552307713549559,0.47824823817850237,80,20,80
Bipolar disorder,bipolar,10021,68,SupraMarginal R,0.47757591314536435,0.44892068284791586,0.4626052244625759,80,20,80
Bipolar disorder,bipolar,10021,69,Angular L,0.5368268675268058,0.5695004970794637,0.5522063021693776,80,20,80
Bipolar disorder,bipolar,10021,70,Angular R,0.5049227365278413,0.459479326574933,0.48186896429299086,80,20,80
Bipolar disorder,bipolar,10021,71,Precuneus L,0.48929335781184385,0.48678248682499997,0.48599895959485345,80,20,80
Bipolar disorder,bipolar,10021,72,Precuneus R,0.5029729877490496,0.4978916666886072,0.49930697735636836,80,20,80
Bipolar disorder,bipolar,10021,73,Paracentral Lobule L,0.508074626156944,0.4713896300755113,0.4867117226645764,80,20,80
Bipolar disorder,bipolar,10021,74,Paracentral Lobule R,0.5827948696621622,0.5820117834379169,0.5772946436043934,80,20,80
Bipolar disorder,bipolar,10021,75,Caudate L,0.5263980621454992,0.60558989234602,0.5631130284025102,80,20,80
Bipolar disorder,bipolar,10021,76,Caudate R,0.5029217570953346,0.5953342791865583,0.5486485023460959,80,20,80
Bipolar disorder,bipolar,10021,77,Putamen L,0.5172312130025585,0.5985919049775139,0.5526846393776307,80,20,80
Bipolar disorder,bipolar,10021,78,Putamen R,0.5223283185964425,0.619952462974633,0.566302224980483,80,20,80
Bipolar disorder,bipolar,10021,79,Pallidum L,0.529883775820456,0.5951492706739373,0.5551348018700564,80,20,80
Bipolar disorder,bipolar,10021,80,Pallidum R,0.5211441555704,0.5175133720292271,0.5116495559226465,80,20,80
Bipolar disorder,bipolar,10021,83,Heschl L,0.5023759935622539,0.4659394544223662,0.4897230359213585,80,20,80
Bipolar disorder,bipolar,10021,84,Heschl R,0.5428772444199862,0.5572072853748316,0.5488946376078588,80,20,80
Bipolar disorder,bipolar,10021,85,Temporal Sup L,0.5213119763897104,0.5502663290522725,0.5331878789112209,80,20,80
Bipolar disorder,bipolar,10021,86,Temporal Sup R,0.5090643073775508,0.5289797848156471,0.5185553408620991,80,20,80
Bipolar disorder,bipolar,10021,87,Temporal Pole Sup L,0.4730779505328083,0.5135669715787909,0.5014350709507847,80,20,80
Bipolar disorder,bipolar,10021,88,Temporal Pole Sup R,0.5083235999372738,0.542616328644816,0.5212076923219453,80,20,80
Bipolar disorder,bipolar,10021,89,Temporal Mid L,0.5100944215503467,0.5179797177773313,0.5158046445253665,80,20,80
Bipolar disorder,bipolar,10021,90,Temporal Mid R,0.4940797074755937,0.5112490718597111,0.5010296613655484,80,20,80
Bipolar disorder,bipolar,10021,91,Temporal Pole Mid L,,,,0,0,0
Bipolar disorder,bipolar,10021,93,Temporal Inf L,0.4872441184236898,0.520699935484491,0.5074782015815614,80,20,80
Bipolar disorder,bipolar,10021,94,Temporal Inf R,0.49183844127366294,0.5096714021634537,0.5055304191355163,80,20,80
Bipolar disorder,bipolar,10021,95,Cerebellum Crus1 L,0.48744198627174085,0.5261234595542474,0.5069101294956548,80,20,80
Bipolar disorder,bipolar,10021,96,Cerebellum Crus1 R,0.49072068659001566,0.5009601866007786,0.5044069288541354,80,20,80
Bipolar disorder,bipolar,10021,97,Cerebellum Crus2 L,0.48014172681052525,0.5319011510912082,0.5058202876697886,80,20,80
Bipolar disorder,bipolar,10021,98,Cerebellum Crus2 R,0.5236786784008012,0.5476539209352613,0.5324691359983114,80,20,80
Bipolar disorder,bipolar,10021,101,Cerebellum 4 5 L,0.600865006643223,0.6165059152821525,0.6020093885023363,80,20,80
Bipolar disorder,bipolar,10021,102,Cerebellum 4 5 R,0.5056168261133129,0.5086376986155507,0.5185940299167278,80,20,80
Bipolar disorder,bipolar,10021,103,Cerebellum 6 L,0.524900797668241,0.5571711558757786,0.5431141177081604,80,20,80
Bipolar disorder,bipolar,10021,104,Cerebellum 6 R,0.5257526294715804,0.573655092378992,0.5587800346995868,80,20,80
Bipolar disorder,bipolar,10021,105,Cerebellum 7b L,0.5287323611164773,0.530562965099188,0.5226882029760642,80,20,80
Bipolar disorder,bipolar,10021,106,Cerebellum 7b R,0.4351012214406584,0.5500633715554518,0.49186455430199644,80,20,80
Bipolar disorder,bipolar,10021,107,Cerebellum 8 L,0.48939096536299553,0.4660107770790526,0.48557773987978625,80,20,80
Bipolar disorder,bipolar,10021,108,Cerebellum 8 R,0.4818220576045321,0.4862895234248554,0.48578783520443725,80,20,80
Bipolar disorder,bipolar,10021,109,Cerebellum 9 L,0.5113647226435738,0.4925469877245434,0.49957173768457486,80,20,80
Bipolar disorder,bipolar,10021,110,Cerebellum 9 R,0.4666428994750566,0.4082351025360202,0.43418195743774507,80,20,80
Bipolar disorder,bipolar,10021,111,Cerebellum 10 L,,,,0,0,0
Bipolar disorder,bipolar,10021,118,Vermis 8,0.5137987868641711,0.3280767512982532,0.42491499624912155,80,20,80
Bipolar disorder,bipolar,10021,119,Vermis 9,0.4552868555604964,0.3229866879891554,0.40098635097968205,80,20,80
Bipolar disorder,bipolar,10021,121,Thal AV L,,,,0,0,0
Bipolar disorder,bipolar,10021,122,Thal AV R,0.5594527098429782,0.5014136059690066,0.5351309900248518,80,20,80
Bipolar disorder,bipolar,10021,125,Thal VA L,0.5467711554748023,0.49741782172757015,0.5194357702885869,80,20,80
Bipolar disorder,bipolar,10021,127,Thal VL L,0.538772429401418,0.4679652715508289,0.49619347612463555,80,20,80
Bipolar disorder,bipolar,10021,128,Thal VL R,0.5304361312968038,0.46402358957733963,0.5035815232666188,80,20,80
Bipolar disorder,bipolar,10021,129,Thal VPL L,0.5127468629909361,0.4186825603236145,0.45765152360840555,80,20,80
Bipolar disorder,bipolar,10021,130,Thal VPL R,0.568373945868276,0.4749794475872681,0.5230299328835785,80,20,80
Bipolar disorder,bipolar,10021,131,Thal IL L,0.561020642966188,0.4386255172174519,0.4926183073907806,80,20,80
Bipolar disorder,bipolar,10021,135,Thal MDm L,0.5353747055629449,0.49356232288190344,0.5153352668206972,80,20,80
Bipolar disorder,bipolar,10021,136,Thal MDm R,0.5236985322500074,0.49763512397864307,0.5076457145842167,80,20,80
Bipolar disorder,bipolar,10021,137,Thal MDl L,,,,0,0,0
Bipolar disorder,bipolar,10021,139,Thal LGN L,0.49966304745123136,0.45817205331115984,0.47710620067836856,80,20,80
Bipolar disorder,bipolar,10021,140,Thal LGN R,0.5401251400911014,0.4759398363576052,0.5084400492526723,80,20,80
Bipolar disorder,bipolar,10021,141,Thal MGN L,,,,0,0,0
Bipolar disorder,bipolar,10021,143,Thal PuI L,,,,0,0,0
Bipolar disorder,bipolar,10021,144,Thal PuI R,0.569201901267623,0.5253473770123184,0.5463686454964659,80,20,80
Bipolar disorder,bipolar,10021,145,Thal PuM L,0.538799224408653,0.5030584628015011,0.5242506119225608,80,20,80
Bipolar disorder,bipolar,10021,146,Thal PuM R,0.5313532597934956,0.47668625516851765,0.5075401122700715,80,20,80
Bipolar disorder,bipolar,10021,147,Thal PuA L,,,,0,0,0
Bipolar disorder,bipolar,10021,148,Thal PuA R,0.5890717422689334,0.48642794980116344,0.5308151492585176,80,20,80
Bipolar disorder,bipolar,10021,153,ACC pre L,0.4111089481380702,0.5151214900577297,0.46083420457580043,80,20,80
Bipolar disorder,bipolar,10021,154,ACC pre R,0.523588216523796,0.52650528659158,0.5332559769119029,80,20,80
Bipolar disorder,bipolar,10021,155,ACC sup L,0.5173919295578273,0.5411327731771866,0.5292375710579091,80,20,80
Bipolar disorder,bipolar,10021,156,ACC sup R,0.503866523577647,0.5496398439785436,0.5341380918797671,80,20,80
Bipolar disorder,bipolar,10021,157,N Acc L,,,,0,0,0
Bipolar disorder,bipolar,10021,158,N Acc R,0.42103589669525376,0.636540153704038,0.5293693382692006,80,20,80
Bipolar disorder,bipolar,10021,161,SN pc L,0.48723626229190486,0.40183320313661064,0.44188896724885035,80,20,80
Bipolar disorder,bipolar,10021,163,SN pr L,0.49558429311397045,0.43924350477335583,0.46609677169827896,80,20,80
Bipolar disorder,bipolar,10021,164,SN pr R,0.5190365014056784,0.44473014602596345,0.48732568119606345,80,20,80
Bipolar disorder,bipolar,10021,165,Red N L,0.48176111266417765,0.44832948053804644,0.46455177319208174,80,20,80
Bipolar disorder,bipolar,10021,166,Red N R,0.519490636189793,0.4689133358459189,0.49580112303541285,80,20,80
Bipolar disorder,bipolar,10021,167,LC L,0.40371675192794954,0.3425895049384249,0.37355774838724687,80,20,80
Bipolar disorder,bipolar,10021,168,LC R,0.41066085334358027,0.37435685971613386,0.39186947319788107,80,20,80
Bipolar disorder,bipolar,10021,169,Raphe D,0.44144237760307237,0.4093395932162318,0.42349300103839826,80,20,80
Bipolar disorder,bipolar,10021,170,Raphe M,0.38372777071033326,0.33139861078696176,0.3552680397220995,80,20,80
Bipolar disorder,bipolar,12876,1,Precentral L,0.5216824546064937,0.472164017170828,0.49839721560783296,80,20,80
Bipolar disorder,bipolar,12876,2,Precentral R,,,,0,0,0
Bipolar disorder,bipolar,12876,3,Frontal Sup 2 L,0.48608593341087725,0.5203934381041324,0.5045110370450004,80,20,80
Bipolar disorder,bipolar,12876,4,Frontal Sup 2 R,,,,0,0,0
Bipolar disorder,bipolar,12876,5,Frontal Mid 2 L,0.5113577901555159,0.5199316617858533,0.5118699207780747,80,20,80
Bipolar disorder,bipolar,12876,6,Frontal Mid 2 R,,,,0,0,0
Bipolar disorder,bipolar,12876,7,Frontal Inf Oper L,,,,0,0,0
Bipolar disorder,bipolar,12876,8,Frontal Inf Oper R,,,,0,0,0
Bipolar disorder,bipolar,12876,9,Frontal Inf Tri L,0.5425439715588294,0.5468481342567467,0.536967364616778,80,20,80
Bipolar disorder,bipolar,12876,10,Frontal Inf Tri R,,,,0,0,0
Bipolar disorder,bipolar,12876,11,Frontal Inf Orb 2 L,0.48121169349323106,0.5228778552913175,0.5070819622803162,80,20,80
Bipolar disorder,bipolar,12876,12,Frontal Inf Orb 2 R,,,,0,0,0
Bipolar disorder,bipolar,12876,13,Rolandic Oper L,0.5337116208848143,0.5435262101538304,0.5387253528333869,80,20,80
Bipolar disorder,bipolar,12876,14,Rolandic Oper R,,,,0,0,0
Bipolar disorder,bipolar,12876,15,Supp Motor Area L,0.48243879992950606,0.4475524614560443,0.457731130292556,80,20,80
Bipolar disorder,bipolar,12876,16,Supp Motor Area R,,,,0,0,0
Bipolar disorder,bipolar,12876,17,Olfactory L,0.3909066234741547,0.3205465644753164,0.3551489844215778,80,20,80
Bipolar disorder,bipolar,12876,18,Olfactory R,,,,0,0,0
Bipolar disorder,bipolar,12876,19,Frontal Sup Medial L,0.5370532206065821,0.5397052150752596,0.5462283194191041,80,20,80
Bipolar disorder,bipolar,12876,20,Frontal Sup Medial R,,,,0,0,0
Bipolar disorder,bipolar,12876,21,Frontal Med Orb L,0.6037538098144565,0.6142711123613119,0.6110894187086259,80,20,80
Bipolar disorder,bipolar,12876,22,Frontal Med Orb R,,,,0,0,0
Bipolar disorder,bipolar,12876,23,Rectus L,0.5638191982660586,0.5583210447728346,0.5674662403110746,80,20,80
Bipolar disorder,bipolar,12876,24,Rectus R,,,,0,0,0
Bipolar disorder,bipolar,12876,25,OFCmed L,0.5228910418090388,0.5627041698724465,0.5466630503344484,80,20,80
Bipolar disorder,bipolar,12876,26,OFCmed R,,,,0,0,0
Bipolar disorder,bipolar,12876,27,OFCant L,0.5663026341607343,0.6144696893754318,0.5799919297137249,80,20,80
Bipolar disorder,bipolar,12876,28,OFCant R,,,,0,0,0
Bipolar disorder,bipolar,12876,29,OFCpost L,0.47508280240025014,0.5101390350429704,0.47545165140586193,80,20,80
Bipolar disorder,bipolar,12876,30,OFCpost R,,,,0,0,0
Bipolar disorder,bipolar,12876,31,OFClat L,0.44569476169920713,0.4505695908434951,0.4489862204460778,80,20,80
Bipolar disorder,bipolar,12876,32,OFClat R,,,,0,0,0
Bipolar disorder,bipolar,12876,33,Insula L,0.5131782196375949,0.555076599298427,0.5372940396580624,80,20,80
Bipolar disorder,bipolar,12876,34,Insula R,,,,0,0,0
Bipolar disorder,bipolar,12876,37,Cingulate Mid L,0.552941156530775,0.5860524365081,0.5715911891265689,80,20,80
Bipolar disorder,bipolar,12876,38,Cingulate Mid R,,,,0,0,0
Bipolar disorder,bipolar,12876,39,Cingulate Post L,0.500886183769186,0.528679319947605,0.5308145717395006,80,20,80
Bipolar disorder,bipolar,12876,41,Hippocampus L,0.49576027399123,0.516519239461036,0.5063071148567758,80,20,80
Bipolar disorder,bipolar,12876,42,Hippocampus R,,,,0,0,0
Bipolar disorder,bipolar,12876,43,ParaHippocampal L,0.5273254983706083,0.4994939013873559,0.5143159036359165,80,20,80
Bipolar disorder,bipolar,12876,44,ParaHippocampal R,,,,0,0,0
Bipolar disorder,bipolar,12876,45,Amygdala L,,,,0,0,0
Bipolar disorder,bipolar,12876,46,Amygdala R,,,,0,0,0
Bipolar disorder,bipolar,12876,47,Calcarine L,0.4726581768985019,0.5145209491560635,0.48546877224116974,80,20,80
Bipolar disorder,bipolar,12876,48,Calcarine R,,,,0,0,0
Bipolar disorder,bipolar,12876,49,Cuneus L,0.43332260140656026,0.42524000631625924,0.42483680464606316,80,20,80
Bipolar disorder,bipolar,12876,51,Lingual L,0.4719492303618146,0.5204210156470436,0.4939718105968381,80,20,80
Bipolar disorder,bipolar,12876,52,Lingual R,,,,0,0,0
Bipolar disorder,bipolar,12876,53,Occipital Sup L,,,,0,0,0
Bipolar disorder,bipolar,12876,55,Occipital Mid L,0.5116265219950513,0.5442253416193934,0.5301076154325225,80,20,80
Bipolar disorder,bipolar,12876,56,Occipital Mid R,,,,0,0,0
Bipolar disorder,bipolar,12876,57,Occipital Inf L,0.48867661465938683,0.5579977168678083,0.5379028980193673,80,20,80
Bipolar disorder,bipolar,12876,58,Occipital Inf R,,,,0,0,0
Bipolar disorder,bipolar,12876,59,Fusiform L,0.4656957775738576,0.48993218821702494,0.4794393925935829,80,20,80
Bipolar disorder,bipolar,12876,60,Fusiform R,,,,0,0,0
Bipolar disorder,bipolar,12876,61,Postcentral L,0.5264935251578671,0.48360759275517695,0.49853701326974414,80,20,80
Bipolar disorder,bipolar,12876,62,Postcentral R,,,,0,0,0
Bipolar disorder,bipolar,12876,63,Parietal Sup L,0.4557885953937951,0.44730241820790007,0.4440382783555122,80,20,80
Bipolar disorder,bipolar,12876,64,Parietal Sup R,,,,0,0,0
Bipolar disorder,bipolar,12876,65,Parietal Inf L,0.51997766887646,0.500054491821813,0.5022033783918419,80,20,80
Bipolar disorder,bipolar,12876,66,Parietal Inf R,,,,0,0,0
Bipolar disorder,bipolar,12876,67,SupraMarginal L,0.5256297243318864,0.5261544451417054,0.5344668604466074,80,20,80
Bipolar disorder,bipolar,12876,68,SupraMarginal R,,,,0,0,0
Bipolar disorder,bipolar,12876,69,Angular L,0.5575778589006052,0.6020383776110412,0.6048110907530813,80,20,80
Bipolar disorder,bipolar,12876,70,Angular R,,,,0,0,0
Bipolar disorder,bipolar,12876,71,Precuneus L,0.5075690763521001,0.5130855343688122,0.5086208637284535,80,20,80
Bipolar disorder,bipolar,12876,72,Precuneus R,,,,0,0,0
Bipolar disorder,bipolar,12876,73,Paracentral Lobule L,0.4801241371069745,0.3897709666260983,0.41773568550259393,80,20,80
Bipolar disorder,bipolar,12876,74,Paracentral Lobule R,,,,0,0,0
Bipolar disorder,bipolar,12876,75,Caudate L,0.5201169074484453,0.5600378475198765,0.5354792563862185,80,20,80
Bipolar disorder,bipolar,12876,76,Caudate R,,,,0,0,0
Bipolar disorder,bipolar,12876,77,Putamen L,0.4921649806960321,0.4721330510606808,0.4771303707434109,80,20,80
Bipolar disorder,bipolar,12876,78,Putamen R,,,,0,0,0
Bipolar disorder,bipolar,12876,79,Pallidum L,0.49231380707389294,0.5159663518806074,0.5022934074038355,80,20,80
Bipolar disorder,bipolar,12876,80,Pallidum R,,,,0,0,0
Bipolar disorder,bipolar,12876,83,Heschl L,0.4958742967494324,0.5344734132044198,0.5153191564578895,80,20,80
Bipolar disorder,bipolar,12876,84,Heschl R,,,,0,0,0
Bipolar disorder,bipolar,12876,85,Temporal Sup L,0.5057662707531551,0.5312256148678316,0.5122282091186883,80,20,80
Bipolar disorder,bipolar,12876,86,Temporal Sup R,,,,0,0,0
Bipolar disorder,bipolar,12876,87,Temporal Pole Sup L,0.46660341657307347,0.5234958802762194,0.4884785959421443,80,20,80
Bipolar disorder,bipolar,12876,88,Temporal Pole Sup R,,,,0,0,0
Bipolar disorder,bipolar,12876,89,Temporal Mid L,0.5163030707261707,0.5524778382809453,0.5349041876352099,80,20,80
Bipolar disorder,bipolar,12876,90,Temporal Mid R,,,,0,0,0
Bipolar disorder,bipolar,12876,91,Temporal Pole Mid L,0.49888913895062126,0.43550096728478155,0.458496282247552,80,20,80
Bipolar disorder,bipolar,12876,93,Temporal Inf L,0.5077980082355298,0.5646478793065655,0.5346122356458737,80,20,80
Bipolar disorder,bipolar,12876,94,Temporal Inf R,,,,0,0,0
Bipolar disorder,bipolar,12876,95,Cerebellum Crus1 L,0.4938617602430851,0.48956908706347296,0.49262958396871864,80,20,80
Bipolar disorder,bipolar,12876,96,Cerebellum Crus1 R,,,,0,0,0
Bipolar disorder,bipolar,12876,97,Cerebellum Crus2 L,0.510909574280366,0.4916053378079342,0.5019210934703253,80,20,80
Bipolar disorder,bipolar,12876,98,Cerebellum Crus2 R,,,,0,0,0
Bipolar disorder,bipolar,12876,101,Cerebellum 4 5 L,0.5329179888111771,0.5402899619803976,0.5377683391589878,80,20,80
Bipolar disorder,bipolar,12876,102,Cerebellum 4 5 R,,,,0,0,0
Bipolar disorder,bipolar,12876,103,Cerebellum 6 L,0.4991370215715545,0.46931912156347166,0.4818272335173996,80,20,80
Bipolar disorder,bipolar,12876,104,Cerebellum 6 R,,,,0,0,0
Bipolar disorder,bipolar,12876,105,Cerebellum 7b L,0.5352030113713585,0.5210709593439586,0.5175001510034833,80,20,80
Bipolar disorder,bipolar,12876,106,Cerebellum 7b R,,,,0,0,0
Bipolar disorder,bipolar,12876,107,Cerebellum 8 L,0.5108364479918454,0.5004114133796229,0.5030976456662789,80,20,80
Bipolar disorder,bipolar,12876,108,Cerebellum 8 R,,,,0,0,0
Bipolar disorder,bipolar,12876,109,Cerebellum 9 L,0.4893235496707117,0.5076450959454665,0.49704708630484906,80,20,80
Bipolar disorder,bipolar,12876,110,Cerebellum 9 R,,,,0,0,0
Bipolar disorder,bipolar,12876,111,Cerebellum 10 L,0.45072929434221576,0.5310815586550105,0.49235921754374884,80,20,80
Bipolar disorder,bipolar,12876,118,Vermis 8,,,,0,0,0
Bipolar disorder,bipolar,12876,119,Vermis 9,,,,0,0,0
Bipolar disorder,bipolar,12876,121,Thal AV L,0.5777123489618503,0.6196110066991543,0.6045630615108988,80,20,80
Bipolar disorder,bipolar,12876,122,Thal AV R,,,,0,0,0
Bipolar disorder,bipolar,12876,125,Thal VA L,,,,0,0,0
Bipolar disorder,bipolar,12876,127,Thal VL L,0.5772652084851331,0.5304133490180017,0.5511982387374982,80,20,80
Bipolar disorder,bipolar,12876,128,Thal VL R,,,,0,0,0
Bipolar disorder,bipolar,12876,129,Thal VPL L,0.540289264456636,0.5366133141908274,0.5403707525534259,80,20,80
Bipolar disorder,bipolar,12876,130,Thal VPL R,,,,0,0,0
Bipolar disorder,bipolar,12876,131,Thal IL L,0.5453133219189762,0.45537360925484427,0.4944865248292816,80,20,80
Bipolar disorder,bipolar,12876,135,Thal MDm L,0.46966261350052607,0.4573263626542975,0.4792293118666421,80,20,80
Bipolar disorder,bipolar,12876,136,Thal MDm R,,,,0,0,0
Bipolar disorder,bipolar,12876,137,Thal MDl L,,,,0,0,0
Bipolar disorder,bipolar,12876,139,Thal LGN L,0.5342093190555645,0.4599728810329443,0.5098809398696712,80,20,80
Bipolar disorder,bipolar,12876,140,Thal LGN R,,,,0,0,0
Bipolar disorder,bipolar,12876,141,Thal MGN L,,,,0,0,0
Bipolar disorder,bipolar,12876,143,Thal PuI L,,,,0,0,0
Bipolar disorder,bipolar,12876,144,Thal PuI R,,,,0,0,0
Bipolar disorder,bipolar,12876,145,Thal PuM L,0.501578712058554,0.5145294554204033,0.5040415167374667,80,20,80
Bipolar disorder,bipolar,12876,146,Thal PuM R,,,,0,0,0
Bipolar disorder,bipolar,12876,147,Thal PuA L,0.590975831228526,0.5715485133391727,0.5762971792833161,80,20,80
Bipolar disorder,bipolar,12876,148,Thal PuA R,,,,0,0,0
Bipolar disorder,bipolar,12876,153,ACC pre L,0.5542343999144014,0.5249294131357007,0.540266570355065,80,20,80
Bipolar disorder,bipolar,12876,154,ACC pre R,,,,0,0,0
Bipolar disorder,bipolar,12876,155,ACC sup L,0.4396532327764042,0.36901235411922084,0.39592317058559695,80,20,80
Bipolar disorder,bipolar,12876,156,ACC sup R,,,,0,0,0
Bipolar disorder,bipolar,12876,157,N Acc L,0.5126899691098957,0.5221914165600217,0.518289665498818,80,20,80
Bipolar disorder,bipolar,12876,158,N Acc R,,,,0,0,0
Bipolar disorder,bipolar,12876,161,SN pc L,,,,0,0,0
Bipolar disorder,bipolar,12876,163,SN pr L,0.49442856183717987,0.49434005233824363,0.49564110181060633,80,20,80
Bipolar disorder,bipolar,12876,164,SN pr R,,,,0,0,0
Bipolar disorder,bipolar,12876,165,Red N L,,,,0,0,0
Bipolar disorder,bipolar,12876,166,Red N R,,,,0,0,0
Bipolar disorder,bipolar,12876,167,LC L,,,,0,0,0
Bipolar disorder,bipolar,12876,168,LC R,,,,0,0,0
Bipolar disorder,bipolar,12876,169,Raphe D,,,,0,0,0
Bipolar disorder,bipolar,12876,170,Raphe M,,,,0,0,0
Bipolar disorder,bipolar,14380,1,Precentral L,0.5067796551184417,0.44097069855960563,0.4689541537880223,80,20,80
Bipolar disorder,bipolar,14380,2,Precentral R,,,,0,0,0
Bipolar disorder,bipolar,14380,3,Frontal Sup 2 L,0.5171892935696822,0.5039250147822096,0.5087873067043723,80,20,80
Bipolar disorder,bipolar,14380,4,Frontal Sup 2 R,,,,0,0,0
Bipolar disorder,bipolar,14380,5,Frontal Mid 2 L,0.5042262331700251,0.5068177755900897,0.5040983427174675,80,20,80
Bipolar disorder,bipolar,14380,6,Frontal Mid 2 R,,,,0,0,0
Bipolar disorder,bipolar,14380,7,Frontal Inf Oper L,,,,0,0,0
Bipolar disorder,bipolar,14380,8,Frontal Inf Oper R,,,,0,0,0
Bipolar disorder,bipolar,14380,9,Frontal Inf Tri L,0.5328025594623957,0.5250738432371395,0.5298706421949912,80,20,80
Bipolar disorder,bipolar,14380,10,Frontal Inf Tri R,,,,0,0,0
Bipolar disorder,bipolar,14380,11,Frontal Inf Orb 2 L,0.5034569645805348,0.4999852975289172,0.5064570529224075,80,20,80
Bipolar disorder,bipolar,14380,12,Frontal Inf Orb 2 R,,,,0,0,0
Bipolar disorder,bipolar,14380,13,Rolandic Oper L,0.5123211468752326,0.5093479415346599,0.5109250245248936,80,20,80
Bipolar disorder,bipolar,14380,14,Rolandic Oper R,,,,0,0,0
Bipolar disorder,bipolar,14380,15,Supp Motor Area L,0.5097779316724328,0.48291766034185846,0.5028679594913941,80,20,80
Bipolar disorder,bipolar,14380,16,Supp Motor Area R,,,,0,0,0
Bipolar disorder,bipolar,14380,17,Olfactory L,0.5225263899888819,0.4936235835693248,0.5096226888180977,80,20,80
Bipolar disorder,bipolar,14380,18,Olfactory R,,,,0,0,0
Bipolar disorder,bipolar,14380,19,Frontal Sup Medial L,0.5126201274688572,0.4674575732616167,0.4899173144366584,80,20,80
Bipolar disorder,bipolar,14380,20,Frontal Sup Medial R,,,,0,0,0
Bipolar disorder,bipolar,14380,21,Frontal Med Orb L,0.5267037104659945,0.5331752934563255,0.5286902146845817,80,20,80
Bipolar disorder,bipolar,14380,22,Frontal Med Orb R,,,,0,0,0
Bipolar disorder,bipolar,14380,23,Rectus L,0.47099799605450354,0.5220240202403164,0.4924576688908901,80,20,80
Bipolar disorder,bipolar,14380,24,Rectus R,,,,0,0,0
Bipolar disorder,bipolar,14380,25,OFCmed L,0.5473275731480902,0.5575664948364147,0.5568534936798415,80,20,80
Bipolar disorder,bipolar,14380,26,OFCmed R,,,,0,0,0
Bipolar disorder,bipolar,14380,27,OFCant L,0.48769042767863846,0.5083183904547496,0.505275559162222,80,20,80
Bipolar disorder,bipolar,14380,28,OFCant R,,,,0,0,0
Bipolar disorder,bipolar,14380,29,OFCpost L,0.5143928307552237,0.5159069522308151,0.5082230825766576,80,20,80
Bipolar disorder,bipolar,14380,30,OFCpost R,,,,0,0,0
Bipolar disorder,bipolar,14380,31,OFClat L,0.5197889600889455,0.5509672671454771,0.5455474275432337,80,20,80
Bipolar disorder,bipolar,14380,32,OFClat R,,,,0,0,0
Bipolar disorder,bipolar,14380,33,Insula L,0.4905288488650797,0.5112611343302419,0.5009465081203663,80,20,80
Bipolar disorder,bipolar,14380,34,Insula R,,,,0,0,0
Bipolar disorder,bipolar,14380,37,Cingulate Mid L,0.5247366901558858,0.5098653792472246,0.5176723028805452,80,20,80
Bipolar disorder,bipolar,14380,38,Cingulate Mid R,,,,0,0,0
Bipolar disorder,bipolar,14380,39,Cingulate Post L,,,,0,0,0
Bipolar disorder,bipolar,14380,41,Hippocampus L,0.49835150980991916,0.5118389454968082,0.4994831319657818,80,20,80
Bipolar disorder,bipolar,14380,42,Hippocampus R,,,,0,0,0
Bipolar disorder,bipolar,14380,43,ParaHippocampal L,0.49622222104999436,0.5119600139242777,0.48730550688752916,80,20,80
Bipolar disorder,bipolar,14380,44,ParaHippocampal R,,,,0,0,0
Bipolar disorder,bipolar,14380,45,Amygdala L,0.47490430626046204,0.506772003663301,0.4861477780401086,80,20,80
Bipolar disorder,bipolar,14380,46,Amygdala R,,,,0,0,0
Bipolar disorder,bipolar,14380,47,Calcarine L,0.47203664159355396,0.499458962238063,0.4878786564818162,80,20,80
Bipolar disorder,bipolar,14380,48,Calcarine R,,,,0,0,0
Bipolar disorder,bipolar,14380,49,Cuneus L,0.4431972244445136,0.4872215378519984,0.4510211934788733,80,20,80
Bipolar disorder,bipolar,14380,51,Lingual L,0.47158471144480085,0.526520375650225,0.4981287658503098,80,20,80
Bipolar disorder,bipolar,14380,52,Lingual R,,,,0,0,0
Bipolar disorder,bipolar,14380,53,Occipital Sup L,0.48807871203672964,0.48012162703532646,0.4850522666350789,80,20,80
Bipolar disorder,bipolar,14380,55,Occipital Mid L,0.46300271698461726,0.47766453173071366,0.47001112751365925,80,20,80
Bipolar disorder,bipolar,14380,56,Occipital Mid R,,,,0,0,0
Bipolar disorder,bipolar,14380,57,Occipital Inf L,0.4984101598699301,0.4983662166710555,0.4989201936097493,80,20,80
Bipolar disorder,bipolar,14380,58,Occipital Inf R,,,,0,0,0
Bipolar disorder,bipolar,14380,59,Fusiform L,0.5034719054846313,0.5159909617025336,0.5034494223799234,80,20,80
Bipolar disorder,bipolar,14380,60,Fusiform R,,,,0,0,0
Bipolar disorder,bipolar,14380,61,Postcentral L,0.5019806449979957,0.4696250332969843,0.48492197617248867,80,20,80
Bipolar disorder,bipolar,14380,62,Postcentral R,,,,0,0,0
Bipolar disorder,bipolar,14380,63,Parietal Sup L,0.5328844431515375,0.5182347745852234,0.532279164159358,80,20,80
Bipolar disorder,bipolar,14380,64,Parietal Sup R,,,,0,0,0
Bipolar disorder,bipolar,14380,65,Parietal Inf L,0.510845401353577,0.5159239210737908,0.5138241659461448,80,20,80
Bipolar disorder,bipolar,14380,66,Parietal Inf R,,,,0,0,0
Bipolar disorder,bipolar,14380,67,SupraMarginal L,0.5067596317826999,0.499887078664908,0.4987974676086089,80,20,80
Bipolar disorder,bipolar,14380,68,SupraMarginal R,,,,0,0,0
Bipolar disorder,bipolar,14380,69,Angular L,0.5180765414483272,0.4774992603419371,0.49898635671141706,80,20,80
Bipolar disorder,bipolar,14380,70,Angular R,,,,0,0,0
Bipolar disorder,bipolar,14380,71,Precuneus L,0.5343221225722851,0.53957940604064,0.5405340770357034,80,20,80
Bipolar disorder,bipolar,14380,72,Precuneus R,,,,0,0,0
Bipolar disorder,bipolar,14380,73,Paracentral Lobule L,0.48226099758806223,0.4105782362191179,0.44479253437615796,80,20,80
Bipolar disorder,bipolar,14380,74,Paracentral Lobule R,,,,0,0,0
Bipolar disorder,bipolar,14380,75,Caudate L,0.5002857756918809,0.5647127106649491,0.5342415850159432,80,20,80
Bipolar disorder,bipolar,14380,76,Caudate R,,,,0,0,0
Bipolar disorder,bipolar,14380,77,Putamen L,0.4851214579177231,0.5304355253126661,0.5082529146370138,80,20,80
Bipolar disorder,bipolar,14380,78,Putamen R,,,,0,0,0
Bipolar disorder,bipolar,14380,79,Pallidum L,0.4851217151909431,0.4511590801849678,0.4634785810550426,80,20,80
Bipolar disorder,bipolar,14380,80,Pallidum R,,,,0,0,0
Bipolar disorder,bipolar,14380,83,Heschl L,,,,0,0,0
Bipolar disorder,bipolar,14380,84,Heschl R,,,,0,0,0
Bipolar disorder,bipolar,14380,85,Temporal Sup L,0.5031207204957033,0.5394672229661142,0.5192542676353419,80,20,80
Bipolar disorder,bipolar,14380,86,Temporal Sup R,,,,0,0,0
Bipolar disorder,bipolar,14380,87,Temporal Pole Sup L,0.5092985220613084,0.4787248852236168,0.4897632564838011,80,20,80
Bipolar disorder,bipolar,14380,88,Temporal Pole Sup R,,,,0,0,0
Bipolar disorder,bipolar,14380,89,Temporal Mid L,0.5104552250356491,0.5225767584748326,0.5168051199503313,80,20,80
Bipolar disorder,bipolar,14380,90,Temporal Mid R,,,,0,0,0
Bipolar disorder,bipolar,14380,91,Temporal Pole Mid L,0.4877616374005053,0.4540159181421388,0.4604693592730619,80,20,80
Bipolar disorder,bipolar,14380,93,Temporal Inf L,0.517454016443654,0.5304853491184067,0.5205251419354018,80,20,80
Bipolar disorder,bipolar,14380,94,Temporal Inf R,,,,0,0,0
Bipolar disorder,bipolar,14380,95,Cerebellum Crus1 L,0.4781644522937487,0.5287432748895341,0.4989246417355845,80,20,80
Bipolar disorder,bipolar,14380,96,Cerebellum Crus1 R,,,,0,0,0
Bipolar disorder,bipolar,14380,97,Cerebellum Crus2 L,0.5280792545513995,0.5361468870662462,0.5387023879823822,80,20,80
Bipolar disorder,bipolar,14380,98,Cerebellum Crus2 R,,,,0,0,0
Bipolar disorder,bipolar,14380,101,Cerebellum 4 5 L,0.46990495192661524,0.498504943178619,0.48599208117224996,80,20,80
Bipolar disorder,bipolar,14380,102,Cerebellum 4 5 R,,,,0,0,0
Bipolar disorder,bipolar,14380,103,Cerebellum 6 L,0.4099995816142085,0.49968010926966644,0.45560051875226226,80,20,80
Bipolar disorder,bipolar,14380,104,Cerebellum 6 R,,,,0,0,0
Bipolar disorder,bipolar,14380,105,Cerebellum 7b L,0.5278390011902755,0.48292923040661756,0.5100926293959203,80,20,80
Bipolar disorder,bipolar,14380,106,Cerebellum 7b R,,,,0,0,0
Bipolar disorder,bipolar,14380,107,Cerebellum 8 L,0.4694226453862953,0.4640524667039885,0.469953520458255,80,20,80
Bipolar disorder,bipolar,14380,108,Cerebellum 8 R,,,,0,0,0
Bipolar disorder,bipolar,14380,109,Cerebellum 9 L,0.544153551997438,0.5150446732007223,0.5231850620094495,80,20,80
Bipolar disorder,bipolar,14380,110,Cerebellum 9 R,,,,0,0,0
Bipolar disorder,bipolar,14380,111,Cerebellum 10 L,0.4972405819030891,0.44927274126105293,0.4618968380115218,80,20,80
Bipolar disorder,bipolar,14380,118,Vermis 8,,,,0,0,0
Bipolar disorder,bipolar,14380,119,Vermis 9,0.4767225248417507,0.393542847486721,0.44389108428266294,80,20,80
Bipolar disorder,bipolar,14380,121,Thal AV L,0.4846551282552295,0.5036320745383535,0.49498681956474455,80,20,80
Bipolar disorder,bipolar,14380,122,Thal AV R,,,,0,0,0
Bipolar disorder,bipolar,14380,125,Thal VA L,0.4743590568013323,0.46130249355632147,0.46626058273551674,80,20,80
Bipolar disorder,bipolar,14380,127,Thal VL L,0.5241784361303171,0.5440243649016696,0.537922524737758,80,20,80
Bipolar disorder,bipolar,14380,128,Thal VL R,,,,0,0,0
Bipolar disorder,bipolar,14380,129,Thal VPL L,0.5752624957629593,0.4982446913998627,0.5334868927311663,80,20,80
Bipolar disorder,bipolar,14380,130,Thal VPL R,,,,0,0,0
Bipolar disorder,bipolar,14380,131,Thal IL L,0.561343084360068,0.5369371764267251,0.5464899093919651,80,20,80
Bipolar disorder,bipolar,14380,135,Thal MDm L,,,,0,0,0
Bipolar disorder,bipolar,14380,136,Thal MDm R,,,,0,0,0
Bipolar disorder,bipolar,14380,137,Thal MDl L,,,,0,0,0
Bipolar disorder,bipolar,14380,139,Thal LGN L,0.5651983772693683,0.4802542636296597,0.5261425165428644,80,20,80
Bipolar disorder,bipolar,14380,140,Thal LGN R,,,,0,0,0
Bipolar disorder,bipolar,14380,141,Thal MGN L,,,,0,0,0
Bipolar disorder,bipolar,14380,143,Thal PuI L,,,,0,0,0
Bipolar disorder,bipolar,14380,144,Thal PuI R,,,,0,0,0
Bipolar disorder,bipolar,14380,145,Thal PuM L,0.5741016215687118,0.5369989085665713,0.5539843481951588,80,20,80
Bipolar disorder,bipolar,14380,146,Thal PuM R,,,,0,0,0
Bipolar disorder,bipolar,14380,147,Thal PuA L,0.567815073558924,0.5171878122468471,0.5422591181188624,80,20,80
Bipolar disorder,bipolar,14380,148,Thal PuA R,,,,0,0,0
Bipolar disorder,bipolar,14380,153,ACC pre L,,,,0,0,0
Bipolar disorder,bipolar,14380,154,ACC pre R,,,,0,0,0
Bipolar disorder,bipolar,14380,155,ACC sup L,0.516039848811693,0.4495068763388918,0.48224641291312115,80,20,80
Bipolar disorder,bipolar,14380,156,ACC sup R,,,,0,0,0
Bipolar disorder,bipolar,14380,157,N Acc L,0.456701286284421,0.46446459231565046,0.4622369095087475,80,20,80
Bipolar disorder,bipolar,14380,158,N Acc R,,,,0,0,0
Bipolar disorder,bipolar,14380,161,SN pc L,,,,0,0,0
Bipolar disorder,bipolar,14380,163,SN pr L,0.5751570891151951,0.4871151504576593,0.5291461776378953,80,20,80
Bipolar disorder,bipolar,14380,164,SN pr R,,,,0,0,0
Bipolar disorder,bipolar,14380,165,Red N L,0.5327365381605607,0.41882732014074453,0.467351830485211,80,20,80
Bipolar disorder,bipolar,14380,166,Red N R,,,,0,0,0
Bipolar disorder,bipolar,14380,167,LC L,0.4718179617128719,0.3629964813059832,0.41526127664787255,80,20,80
Bipolar disorder,bipolar,14380,168,LC R,,,,0,0,0
Bipolar disorder,bipolar,14380,169,Raphe D,,,,0,0,0
Bipolar disorder,bipolar,14380,170,Raphe M,0.5058396919633622,0.43460949936549,0.4736086103742219,80,20,80
Bipolar disorder,bipolar,15496,1,Precentral L,0.4982765365593423,0.47288966003115734,0.4852123575294086,80,20,80
Bipolar disorder,bipolar,15496,2,Precentral R,,,,0,0,0
Bipolar disorder,bipolar,15496,3,Frontal Sup 2 L,0.5014517246093553,0.4987287118238055,0.5027758440856517,80,20,80
Bipolar disorder,bipolar,15496,4,Frontal Sup 2 R,,,,0,0,0
Bipolar disorder,bipolar,15496,5,Frontal Mid 2 L,0.5082692785469927,0.49861756780564354,0.5067204887323981,80,20,80
Bipolar disorder,bipolar,15496,6,Frontal Mid 2 R,,,,0,0,0
Bipolar disorder,bipolar,15496,7,Frontal Inf Oper L,0.5185057084995293,0.5051926905841703,0.5155387367635743,80,20,80
Bipolar disorder,bipolar,15496,8,Frontal Inf Oper R,,,,0,0,0
Bipolar disorder,bipolar,15496,9,Frontal Inf Tri L,0.5160580283782897,0.5281017416717994,0.5220876517239105,80,20,80
Bipolar disorder,bipolar,15496,10,Frontal Inf Tri R,,,,0,0,0
Bipolar disorder,bipolar,15496,11,Frontal Inf Orb 2 L,0.5463058463736462,0.5601207369031503,0.5650258462812329,80,20,80
Bipolar disorder,bipolar,15496,12,Frontal Inf Orb 2 R,,,,0,0,0
Bipolar disorder,bipolar,15496,13,Rolandic Oper L,0.49198331222739905,0.49969599701577955,0.4974350025143493,80,20,80
Bipolar disorder,bipolar,15496,14,Rolandic Oper R,,,,0,0,0
Bipolar disorder,bipolar,15496,15,Supp Motor Area L,0.5083134247413534,0.44579297683003016,0.4799736734901452,80,20,80
Bipolar disorder,bipolar,15496,16,Supp Motor Area R,,,,0,0,0
Bipolar disorder,bipolar,15496,17,Olfactory L,,,,0,0,0
Bipolar disorder,bipolar,15496,18,Olfactory R,,,,0,0,0
Bipolar disorder,bipolar,15496,19,Frontal Sup Medial L,0.5126819054279462,0.5108639537466887,0.5200416519273543,80,20,80
Bipolar disorder,bipolar,15496,20,Frontal Sup Medial R,,,,0,0,0
Bipolar disorder,bipolar,15496,21,Frontal Med Orb L,0.5050246095061584,0.5383624802108028,0.5240811607605491,80,20,80
Bipolar disorder,bipolar,15496,22,Frontal Med Orb R,,,,0,0,0
Bipolar disorder,bipolar,15496,23,Rectus L,0.5126935421028105,0.52153459236729,0.5204634298959644,80,20,80
Bipolar disorder,bipolar,15496,24,Rectus R,,,,0,0,0
Bipolar disorder,bipolar,15496,25,OFCmed L,0.4868265874047458,0.5183552607795674,0.503053957065225,80,20,80
Bipolar disorder,bipolar,15496,26,OFCmed R,,,,0,0,0
Bipolar disorder,bipolar,15496,27,OFCant L,0.5131026352326173,0.5553002785329978,0.5397733290223976,80,20,80
Bipolar disorder,bipolar,15496,28,OFCant R,,,,0,0,0
Bipolar disorder,bipolar,15496,29,OFCpost L,0.4964749245781288,0.5712568567261438,0.5364428399636836,80,20,80
Bipolar disorder,bipolar,15496,30,OFCpost R,,,,0,0,0
Bipolar disorder,bipolar,15496,31,OFClat L,0.5256238165379676,0.5014184162590817,0.5104162268375262,80,20,80
Bipolar disorder,bipolar,15496,32,OFClat R,,,,0,0,0
Bipolar disorder,bipolar,15496,33,Insula L,0.5257288797067389,0.5157772172263673,0.525995489284695,80,20,80
Bipolar disorder,bipolar,15496,34,Insula R,,,,0,0,0
Bipolar disorder,bipolar,15496,37,Cingulate Mid L,0.5187909091674735,0.5189901068907538,0.5182199888264516,80,20,80
Bipolar disorder,bipolar,15496,38,Cingulate Mid R,,,,0,0,0
Bipolar disorder,bipolar,15496,39,Cingulate Post L,0.4834820014744349,0.5386580703770626,0.500785803911843,80,20,80
Bipolar disorder,bipolar,15496,41,Hippocampus L,0.4880905531878982,0.5067301174553308,0.4962700984707661,80,20,80
Bipolar disorder,bipolar,15496,42,Hippocampus R,,,,0,0,0
Bipolar disorder,bipolar,15496,43,ParaHippocampal L,0.4785683337315386,0.46565272823124404,0.47027277913601895,80,20,80
Bipolar disorder,bipolar,15496,44,ParaHippocampal R,,,,0,0,0
Bipolar disorder,bipolar,15496,45,Amygdala L,0.538614606828843,0.5765875623198771,0.5582923199344085,80,20,80
Bipolar disorder,bipolar,15496,46,Amygdala R,,,,0,0,0
Bipolar disorder,bipolar,15496,47,Calcarine L,0.4981015152453261,0.5305307252920426,0.5134802540972035,80,20,80
Bipolar disorder,bipolar,15496,48,Calcarine R,,,,0,0,0
Bipolar disorder,bipolar,15496,49,Cuneus L,0.43268021965358533,0.4741222298380493,0.45426316370561115,80,20,80
Bipolar disorder,bipolar,15496,51,Lingual L,0.5017847097095478,0.5010970117584386,0.49350975576132144,80,20,80
Bipolar disorder,bipolar,15496,52,Lingual R,,,,0,0,0
Bipolar disorder,bipolar,15496,53,Occipital Sup L,0.5004465611745688,0.4948278296928831,0.4941122246394009,80,20,80
Bipolar disorder,bipolar,15496,55,Occipital Mid L,0.49991425679391305,0.504313403285035,0.4970189484988207,80,20,80
Bipolar disorder,bipolar,15496,56,Occipital Mid R,,,,0,0,0
Bipolar disorder,bipolar,15496,57,Occipital Inf L,0.509976670967412,0.5049044543296136,0.5072151645137027,80,20,80
Bipolar disorder,bipolar,15496,58,Occipital Inf R,,,,0,0,0
Bipolar disorder,bipolar,15496,59,Fusiform L,0.4861429169477347,0.5019575675273888,0.49116782200073983,80,20,80
Bipolar disorder,bipolar,15496,60,Fusiform R,,,,0,0,0
Bipolar disorder,bipolar,15496,61,Postcentral L,0.5175868054295195,0.49778031160366315,0.5076924972492619,80,20,80
Bipolar disorder,bipolar,15496,62,Postcentral R,,,,0,0,0
Bipolar disorder,bipolar,15496,63,Parietal Sup L,0.4941526743866563,0.5012820718136151,0.4977854415524304,80,20,80
Bipolar disorder,bipolar,15496,64,Parietal Sup R,,,,0,0,0
Bipolar disorder,bipolar,15496,65,Parietal Inf L,0.525309675593699,0.4960046769193506,0.5038912032012519,80,20,80
Bipolar disorder,bipolar,15496,66,Parietal Inf R,,,,0,0,0
Bipolar disorder,bipolar,15496,67,SupraMarginal L,0.5266257323895766,0.4517415682197988,0.4829221017441296,80,20,80
Bipolar disorder,bipolar,15496,68,SupraMarginal R,,,,0,0,0
Bipolar disorder,bipolar,15496,69,Angular L,0.4877958082188038,0.51287881385314,0.49549868397739527,80,20,80
Bipolar disorder,bipolar,15496,70,Angular R,,,,0,0,0
Bipolar disorder,bipolar,15496,71,Precuneus L,0.5005286372894616,0.47666099101493664,0.4824958425870193,80,20,80
Bipolar disorder,bipolar,15496,72,Precuneus R,,,,0,0,0
Bipolar disorder,bipolar,15496,73,Paracentral Lobule L,0.5051890418146223,0.4254075168134278,0.46792310942969667,80,20,80
Bipolar disorder,bipolar,15496,74,Paracentral Lobule R,,,,0,0,0
Bipolar disorder,bipolar,15496,75,Caudate L,0.5089964720370068,0.5554454214097279,0.5306836737159271,80,20,80
Bipolar disorder,bipolar,15496,76,Caudate R,,,,0,0,0
Bipolar disorder,bipolar,15496,77,Putamen L,0.5131377149714191,0.5750855660032947,0.5426664392615108,80,20,80
Bipolar disorder,bipolar,15496,78,Putamen R,,,,0,0,0
Bipolar disorder,bipolar,15496,79,Pallidum L,0.5024948544299475,0.49120459056758714,0.4977230047738616,80,20,80
Bipolar disorder,bipolar,15496,80,Pallidum R,,,,0,0,0
Bipolar disorder,bipolar,15496,83,Heschl L,0.5282175619521849,0.5194624202047,0.5340329424400914,80,20,80
Bipolar disorder,bipolar,15496,84,Heschl R,,,,0,0,0
Bipolar disorder,bipolar,15496,85,Temporal Sup L,0.504186018311712,0.5168837259530475,0.5080436096604827,80,20,80
Bipolar disorder,bipolar,15496,86,Temporal Sup R,,,,0,0,0
Bipolar disorder,bipolar,15496,87,Temporal Pole Sup L,0.4855247063484248,0.5172309926508871,0.5031814204413873,80,20,80
Bipolar disorder,bipolar,15496,88,Temporal Pole Sup R,,,,0,0,0
Bipolar disorder,bipolar,15496,89,Temporal Mid L,0.5157843145914903,0.5270878596387338,0.5167126285477734,80,20,80
Bipolar disorder,bipolar,15496,90,Temporal Mid R,,,,0,0,0
Bipolar disorder,bipolar,15496,91,Temporal Pole Mid L,0.518461423531398,0.5729891225043102,0.5403383377084325,80,20,80
Bipolar disorder,bipolar,15496,93,Temporal Inf L,0.5200942370291897,0.527497329426891,0.5223627256064218,80,20,80
Bipolar disorder,bipolar,15496,94,Temporal Inf R,,,,0,0,0
Bipolar disorder,bipolar,15496,95,Cerebellum Crus1 L,0.5141640387010465,0.48704768847365704,0.5074466030573606,80,20,80
Bipolar disorder,bipolar,15496,96,Cerebellum Crus1 R,,,,0,0,0
Bipolar disorder,bipolar,15496,97,Cerebellum Crus2 L,0.4818019523891623,0.48850749405853666,0.48505381914932216,80,20,80
Bipolar disorder,bipolar,15496,98,Cerebellum Crus2 R,,,,0,0,0
Bipolar disorder,bipolar,15496,101,Cerebellum 4 5 L,0.48333557573315333,0.4760442130320488,0.48073444669554805,80,20,80
Bipolar disorder,bipolar,15496,102,Cerebellum 4 5 R,,,,0,0,0
Bipolar disorder,bipolar,15496,103,Cerebellum 6 L,0.46133863442435413,0.48244518501358896,0.47434720822601906,80,20,80
Bipolar disorder,bipolar,15496,104,Cerebellum 6 R,,,,0,0,0
Bipolar disorder,bipolar,15496,105,Cerebellum 7b L,0.5608346218324789,0.5632671347617851,0.547183689328136,80,20,80
Bipolar disorder,bipolar,15496,106,Cerebellum 7b R,,,,0,0,0
Bipolar disorder,bipolar,15496,107,Cerebellum 8 L,0.5003904523737667,0.451574591394141,0.47716555401423133,80,20,80
Bipolar disorder,bipolar,15496,108,Cerebellum 8 R,,,,0,0,0
Bipolar disorder,bipolar,15496,109,Cerebellum 9 L,0.5174535577422562,0.5448061593923882,0.5261926896629198,80,20,80
Bipolar disorder,bipolar,15496,110,Cerebellum 9 R,,,,0,0,0
Bipolar disorder,bipolar,15496,111,Cerebellum 10 L,0.48878355762388,0.44334313989151397,0.4750299877360464,80,20,80
Bipolar disorder,bipolar,15496,118,Vermis 8,,,,0,0,0
Bipolar disorder,bipolar,15496,119,Vermis 9,,,,0,0,0
Bipolar disorder,bipolar,15496,121,Thal AV L,,,,0,0,0
Bipolar disorder,bipolar,15496,122,Thal AV R,,,,0,0,0
Bipolar disorder,bipolar,15496,125,Thal VA L,0.5367480405752062,0.4646961212924234,0.4935617569813605,80,20,80
Bipolar disorder,bipolar,15496,127,Thal VL L,0.545398321837171,0.44315905608700207,0.48882550570511624,80,20,80
Bipolar disorder,bipolar,15496,128,Thal VL R,,,,0,0,0
Bipolar disorder,bipolar,15496,129,Thal VPL L,0.5329012971817171,0.4033719267713005,0.45002617325664607,80,20,80
Bipolar disorder,bipolar,15496,130,Thal VPL R,,,,0,0,0
Bipolar disorder,bipolar,15496,131,Thal IL L,,,,0,0,0
Bipolar disorder,bipolar,15496,135,Thal MDm L,,,,0,0,0
Bipolar disorder,bipolar,15496,136,Thal MDm R,,,,0,0,0
Bipolar disorder,bipolar,15496,137,Thal MDl L,0.557939528115397,0.5078970926958781,0.5429827289783414,80,20,80
Bipolar disorder,bipolar,15496,139,Thal LGN L,0.5213207472989309,0.4447205262319877,0.4932542591286791,80,20,80
Bipolar disorder,bipolar,15496,140,Thal LGN R,,,,0,0,0
Bipolar disorder,bipolar,15496,141,Thal MGN L,,,,0,0,0
Bipolar disorder,bipolar,15496,143,Thal PuI L,,,,0,0,0
Bipolar disorder,bipolar,15496,144,Thal PuI R,,,,0,0,0
Bipolar disorder,bipolar,15496,145,Thal PuM L,,,,0,0,0
Bipolar disorder,bipolar,15496,146,Thal PuM R,,,,0,0,0
Bipolar disorder,bipolar,15496,147,Thal PuA L,,,,0,0,0
Bipolar disorder,bipolar,15496,148,Thal PuA R,,,,0,0,0
Bipolar disorder,bipolar,15496,153,ACC pre L,,,,0,0,0
Bipolar disorder,bipolar,15496,154,ACC pre R,,,,0,0,0
Bipolar disorder,bipolar,15496,155,ACC sup L,0.5086859412561513,0.5144130308436488,0.5146769641485704,80,20,80
Bipolar disorder,bipolar,15496,156,ACC sup R,,,,0,0,0
Bipolar disorder,bipolar,15496,157,N Acc L,0.4969495808781431,0.4538518609271479,0.48104179836485694,80,20,80
Bipolar disorder,bipolar,15496,158,N Acc R,,,,0,0,0
Bipolar disorder,bipolar,15496,161,SN pc L,0.43500438531183294,0.35698232315775913,0.39816073129845164,80,20,80
Bipolar disorder,bipolar,15496,163,SN pr L,0.5567621234631117,0.45835944115692684,0.48620949650769196,80,20,80
Bipolar disorder,bipolar,15496,164,SN pr R,,,,0,0,0
Bipolar disorder,bipolar,15496,165,Red N L,,,,0,0,0
Bipolar disorder,bipolar,15496,166,Red N R,,,,0,0,0
Bipolar disorder,bipolar,15496,167,LC L,0.45690003916657596,0.3065071742478559,0.3778309811892488,80,20,80
Bipolar disorder,bipolar,15496,168,LC R,,,,0,0,0
Bipolar disorder,bipolar,15496,169,Raphe D,,,,0,0,0
Bipolar disorder,bipolar,15496,170,Raphe M,,,,0,0,0
Bipolar disorder,bipolar,15697,1,Precentral L,0.5053355360050287,0.46605636884183743,0.481719289056594,80,20,80
Bipolar disorder,bipolar,15697,2,Precentral R,,,,0,0,0
Bipolar disorder,bipolar,15697,3,Frontal Sup 2 L,0.4870738982468955,0.46503921100028045,0.47765783039032894,80,20,80
Bipolar disorder,bipolar,15697,4,Frontal Sup 2 R,,,,0,0,0
Bipolar disorder,bipolar,15697,5,Frontal Mid 2 L,0.5173115878870016,0.5263406873584223,0.5263412843881328,80,20,80
Bipolar disorder,bipolar,15697,6,Frontal Mid 2 R,,,,0,0,0
Bipolar disorder,bipolar,15697,7,Frontal Inf Oper L,0.47536173016160105,0.46775247214619736,0.4740786727203668,80,20,80
Bipolar disorder,bipolar,15697,8,Frontal Inf Oper R,,,,0,0,0
Bipolar disorder,bipolar,15697,9,Frontal Inf Tri L,0.5295197550709398,0.5341870999637607,0.5286653500133555,80,20,80
Bipolar disorder,bipolar,15697,10,Frontal Inf Tri R,,,,0,0,0
Bipolar disorder,bipolar,15697,11,Frontal Inf Orb 2 L,0.5247594991960687,0.5499547545823686,0.5453324393681599,80,20,80
Bipolar disorder,bipolar,15697,12,Frontal Inf Orb 2 R,,,,0,0,0
Bipolar disorder,bipolar,15697,13,Rolandic Oper L,0.4886607332345732,0.4985380817293322,0.4972356927576899,80,20,80
Bipolar disorder,bipolar,15697,14,Rolandic Oper R,,,,0,0,0
Bipolar disorder,bipolar,15697,15,Supp Motor Area L,0.47680364205933123,0.43630991469577535,0.45615125598425,80,20,80
Bipolar disorder,bipolar,15697,16,Supp Motor Area R,,,,0,0,0
Bipolar disorder,bipolar,15697,17,Olfactory L,,,,0,0,0
Bipolar disorder,bipolar,15697,18,Olfactory R,,,,0,0,0
Bipolar disorder,bipolar,15697,19,Frontal Sup Medial L,0.5411691711625884,0.5149072389286606,0.5293163348947567,80,20,80
Bipolar disorder,bipolar,15697,20,Frontal Sup Medial R,,,,0,0,0
Bipolar disorder,bipolar,15697,21,Frontal Med Orb L,0.42464200887206005,0.4744183603530419,0.4552019539621734,80,20,80
Bipolar disorder,bipolar,15697,22,Frontal Med Orb R,,,,0,0,0
Bipolar disorder,bipolar,15697,23,Rectus L,0.529396063405631,0.549265519273568,0.541900237180872,80,20,80
Bipolar disorder,bipolar,15697,24,Rectus R,,,,0,0,0
Bipolar disorder,bipolar,15697,25,OFCmed L,0.5042107480770379,0.5375294501024132,0.5216423010672298,80,20,80
Bipolar disorder,bipolar,15697,26,OFCmed R,,,,0,0,0
Bipolar disorder,bipolar,15697,27,OFCant L,0.5657974545620762,0.5872504656557649,0.5746513215834266,80,20,80
Bipolar disorder,bipolar,15697,28,OFCant R,,,,0,0,0
Bipolar disorder,bipolar,15697,29,OFCpost L,0.47434013995788743,0.5067687589883219,0.506692265459532,80,20,80
Bipolar disorder,bipolar,15697,30,OFCpost R,,,,0,0,0
Bipolar disorder,bipolar,15697,31,OFClat L,0.48582513426904794,0.48875893044977764,0.488591975483299,80,20,80
Bipolar disorder,bipolar,15697,32,OFClat R,,,,0,0,0
Bipolar disorder,bipolar,15697,33,Insula L,0.5014221252613049,0.5191430819876163,0.5216741637788566,80,20,80
Bipolar disorder,bipolar,15697,34,Insula R,,,,0,0,0
Bipolar disorder,bipolar,15697,37,Cingulate Mid L,0.4972500267278681,0.4786384212512992,0.48867433954277917,80,20,80
Bipolar disorder,bipolar,15697,38,Cingulate Mid R,,,,0,0,0
Bipolar disorder,bipolar,15697,39,Cingulate Post L,0.5474580389583382,0.4855237825461116,0.5053647204453465,80,20,80
Bipolar disorder,bipolar,15697,41,Hippocampus L,0.47087929241305276,0.49508066001951356,0.4813111253384779,80,20,80
Bipolar disorder,bipolar,15697,42,Hippocampus R,,,,0,0,0
Bipolar disorder,bipolar,15697,43,ParaHippocampal L,0.5128154868348356,0.4933615414276723,0.4946272284026634,80,20,80
Bipolar disorder,bipolar,15697,44,ParaHippocampal R,,,,0,0,0
Bipolar disorder,bipolar,15697,45,Amygdala L,0.5251997487652502,0.545384978727364,0.5350139193881643,80,20,80
Bipolar disorder,bipolar,15697,46,Amygdala R,,,,0,0,0
Bipolar disorder,bipolar,15697,47,Calcarine L,0.5235192655635904,0.5117940977719568,0.5157634125242421,80,20,80
Bipolar disorder,bipolar,15697,48,Calcarine R,,,,0,0,0
Bipolar disorder,bipolar,15697,49,Cuneus L,0.5120902991542181,0.5092847871167334,0.497232530714996,80,20,80
Bipolar disorder,bipolar,15697,51,Lingual L,0.5377769474952339,0.5616519529270321,0.5461079558308299,80,20,80
Bipolar disorder,bipolar,15697,52,Lingual R,,,,0,0,0
Bipolar disorder,bipolar,15697,53,Occipital Sup L,0.5259300004755613,0.5271400036641385,0.5247506097703787,80,20,80
Bipolar disorder,bipolar,15697,55,Occipital Mid L,0.5536018011070754,0.5678203925254934,0.5580639058379262,80,20,80
Bipolar disorder,bipolar,15697,56,Occipital Mid R,,,,0,0,0
Bipolar disorder,bipolar,15697,57,Occipital Inf L,0.5319783744750066,0.5462881626461988,0.5308453929055056,80,20,80
Bipolar disorder,bipolar,15697,58,Occipital Inf R,,,,0,0,0
Bipolar disorder,bipolar,15697,59,Fusiform L,0.533567514476417,0.5215016790228425,0.52507230294635,80,20,80
Bipolar disorder,bipolar,15697,60,Fusiform R,,,,0,0,0
Bipolar disorder,bipolar,15697,61,Postcentral L,0.5356828440852347,0.5230974813501472,0.5276713131284028,80,20,80
Bipolar disorder,bipolar,15697,62,Postcentral R,,,,0,0,0
Bipolar disorder,bipolar,15697,63,Parietal Sup L,0.5189821837392501,0.5294728860672958,0.5207975722425098,80,20,80
Bipolar disorder,bipolar,15697,64,Parietal Sup R,,,,0,0,0
Bipolar disorder,bipolar,15697,65,Parietal Inf L,0.5360723022143443,0.5010021633740351,0.5157741065191298,80,20,80
Bipolar disorder,bipolar,15697,66,Parietal Inf R,,,,0,0,0
Bipolar disorder,bipolar,15697,67,SupraMarginal L,0.3475272672768834,0.3578068689424242,0.35255266748462666,80,20,80
Bipolar disorder,bipolar,15697,68,SupraMarginal R,,,,0,0,0
Bipolar disorder,bipolar,15697,69,Angular L,,,,0,0,0
Bipolar disorder,bipolar,15697,70,Angular R,,,,0,0,0
Bipolar disorder,bipolar,15697,71,Precuneus L,0.48421930596718193,0.4856450236256119,0.4801155300068608,80,20,80
Bipolar disorder,bipolar,15697,72,Precuneus R,,,,0,0,0
Bipolar disorder,bipolar,15697,73,Paracentral Lobule L,0.5127175521799657,0.48867582434756673,0.5011061497565625,80,20,80
Bipolar disorder,bipolar,15697,74,Paracentral Lobule R,,,,0,0,0
Bipolar disorder,bipolar,15697,75,Caudate L,0.5034555535534879,0.579104451233792,0.5412705091853439,80,20,80
Bipolar disorder,bipolar,15697,76,Caudate R,,,,0,0,0
Bipolar disorder,bipolar,15697,77,Putamen L,0.49236531058600386,0.5225367075233287,0.5019804797250853,80,20,80
Bipolar disorder,bipolar,15697,78,Putamen R,,,,0,0,0
Bipolar disorder,bipolar,15697,79,Pallidum L,0.5293980824405311,0.4879481589628023,0.5081759712418452,80,20,80
Bipolar disorder,bipolar,15697,80,Pallidum R,,,,0,0,0
Bipolar disorder,bipolar,15697,83,Heschl L,0.5475358519884043,0.5760692466607317,0.5669283661952421,80,20,80
Bipolar disorder,bipolar,15697,84,Heschl R,,,,0,0,0
Bipolar disorder,bipolar,15697,85,Temporal Sup L,0.47952090161086314,0.5110405972176059,0.4999164628545389,80,20,80
Bipolar disorder,bipolar,15697,86,Temporal Sup R,,,,0,0,0
Bipolar disorder,bipolar,15697,87,Temporal Pole Sup L,0.476837682386981,0.5418860235815924,0.5172526674527159,80,20,80
Bipolar disorder,bipolar,15697,88,Temporal Pole Sup R,,,,0,0,0
Bipolar disorder,bipolar,15697,89,Temporal Mid L,0.44487355897079867,0.47272452829776956,0.4580161995615271,80,20,80
Bipolar disorder,bipolar,15697,90,Temporal Mid R,,,,0,0,0
Bipolar disorder,bipolar,15697,91,Temporal Pole Mid L,0.5278423557910763,0.5430945849250839,0.5402997345911439,80,20,80
Bipolar disorder,bipolar,15697,93,Temporal Inf L,0.4720503901090417,0.4819488261566448,0.4738973896033735,80,20,80
Bipolar disorder,bipolar,15697,94,Temporal Inf R,,,,0,0,0
Bipolar disorder,bipolar,15697,95,Cerebellum Crus1 L,0.5098807020464825,0.5374821044407162,0.5303858356861633,80,20,80
Bipolar disorder,bipolar,15697,96,Cerebellum Crus1 R,,,,0,0,0
Bipolar disorder,bipolar,15697,97,Cerebellum Crus2 L,0.5246844926836051,0.5293482802614242,0.5289251830195062,80,20,80
Bipolar disorder,bipolar,15697,98,Cerebellum Crus2 R,,,,0,0,0
Bipolar disorder,bipolar,15697,101,Cerebellum 4 5 L,0.4853021365274392,0.5034026244610847,0.49130970043265754,80,20,80
Bipolar disorder,bipolar,15697,102,Cerebellum 4 5 R,,,,0,0,0
Bipolar disorder,bipolar,15697,103,Cerebellum 6 L,0.5176034814847718,0.5275487955198831,0.5233536957490699,80,20,80
Bipolar disorder,bipolar,15697,104,Cerebellum 6 R,,,,0,0,0
Bipolar disorder,bipolar,15697,105,Cerebellum 7b L,0.47569082105324745,0.4814741777621321,0.47980111538992765,80,20,80
Bipolar disorder,bipolar,15697,106,Cerebellum 7b R,,,,0,0,0
Bipolar disorder,bipolar,15697,107,Cerebellum 8 L,0.496322659014292,0.5005351838152706,0.5003683948091284,80,20,80
Bipolar disorder,bipolar,15697,108,Cerebellum 8 R,,,,0,0,0
Bipolar disorder,bipolar,15697,109,Cerebellum 9 L,,,,0,0,0
Bipolar disorder,bipolar,15697,110,Cerebellum 9 R,,,,0,0,0
Bipolar disorder,bipolar,15697,111,Cerebellum 10 L,,,,0,0,0
Bipolar disorder,bipolar,15697,118,Vermis 8,0.538532896579856,0.49099397056064487,0.49410142962356596,80,20,80
Bipolar disorder,bipolar,15697,119,Vermis 9,0.5090587096894824,0.42898814610283215,0.46750954640012043,80,20,80
Bipolar disorder,bipolar,15697,121,Thal AV L,0.573670883385511,0.5261100850590755,0.5491677119328813,80,20,80
Bipolar disorder,bipolar,15697,122,Thal AV R,,,,0,0,0
Bipolar disorder,bipolar,15697,125,Thal VA L,0.5975447925887403,0.5491961734384374,0.5636338083074752,80,20,80
Bipolar disorder,bipolar,15697,127,Thal VL L,0.5463705403854056,0.509837272370935,0.5316065090450977,80,20,80
Bipolar disorder,bipolar,15697,128,Thal VL R,,,,0,0,0
Bipolar disorder,bipolar,15697,129,Thal VPL L,0.5372028248575984,0.44488972589253456,0.48552695260045164,80,20,80
Bipolar disorder,bipolar,15697,130,Thal VPL R,,,,0,0,0
Bipolar disorder,bipolar,15697,131,Thal IL L,0.5001623932149184,0.4472245508093864,0.4623886560887359,80,20,80
Bipolar disorder,bipolar,15697,135,Thal MDm L,,,,0,0,0
Bipolar disorder,bipolar,15697,136,Thal MDm R,,,,0,0,0
Bipolar disorder,bipolar,15697,137,Thal MDl L,0.4731897569005663,0.42263686509727083,0.4551895736965454,80,20,80
Bipolar disorder,bipolar,15697,139,Thal LGN L,,,,0,0,0
Bipolar disorder,bipolar,15697,140,Thal LGN R,,,,0,0,0
Bipolar disorder,bipolar,15697,141,Thal MGN L,0.4605824388757723,0.4249879301362605,0.44991857905778976,80,20,80
Bipolar disorder,bipolar,15697,143,Thal PuI L,0.5235024023753796,0.43983351783994634,0.48283110180330097,80,20,80
Bipolar disorder,bipolar,15697,144,Thal PuI R,,,,0,0,0
Bipolar disorder,bipolar,15697,145,Thal PuM L,0.48123120587135987,0.4766186726489055,0.4805232754379056,80,20,80
Bipolar disorder,bipolar,15697,146,Thal PuM R,,,,0,0,0
Bipolar disorder,bipolar,15697,147,Thal PuA L,,,,0,0,0
Bipolar disorder,bipolar,15697,148,Thal PuA R,,,,0,0,0
Bipolar disorder,bipolar,15697,153,ACC pre L,0.4952666778066446,0.5000106752894866,0.5049220036215025,80,20,80
Bipolar disorder,bipolar,15697,154,ACC pre R,,,,0,0,0
Bipolar disorder,bipolar,15697,155,ACC sup L,0.49645032086431495,0.45047379430154405,0.47376760280251407,80,20,80
Bipolar disorder,bipolar,15697,156,ACC sup R,,,,0,0,0
Bipolar disorder,bipolar,15697,157,N Acc L,0.5101584151984259,0.4909390889774067,0.5015272106141356,80,20,80
Bipolar disorder,bipolar,15697,158,N Acc R,,,,0,0,0
Bipolar disorder,bipolar,15697,161,SN pc L,,,,0,0,0
Bipolar disorder,bipolar,15697,163,SN pr L,0.5366362009755299,0.4879991825283982,0.5104355448211169,80,20,80
Bipolar disorder,bipolar,15697,164,SN pr R,,,,0,0,0
Bipolar disorder,bipolar,15697,165,Red N L,0.5239399512841649,0.44049281228898485,0.4784383675361948,80,20,80
Bipolar disorder,bipolar,15697,166,Red N R,,,,0,0,0
Bipolar disorder,bipolar,15697,167,LC L,,,,0,0,0
Bipolar disorder,bipolar,15697,168,LC R,,,,0,0,0
Bipolar disorder,bipolar,15697,169,Raphe D,,,,0,0,0
Bipolar disorder,bipolar,15697,170,Raphe M,,,,0,0,0
Bipolar disorder,bipolar,9861,1,Precentral L,0.5363383044576818,0.5010389303335975,0.523566620927972,80,20,80
Bipolar disorder,bipolar,9861,2,Precentral R,0.5159016933646194,0.4835253747887546,0.5034423780194884,80,20,80
Bipolar disorder,bipolar,9861,3,Frontal Sup 2 L,0.4986036792804974,0.4798148789478769,0.48913786310387286,80,20,80
Bipolar disorder,bipolar,9861,4,Frontal Sup 2 R,0.48694127604741233,0.4825783080362084,0.48338743082858093,80,20,80
Bipolar disorder,bipolar,9861,5,Frontal Mid 2 L,0.5279062083350251,0.4703163651957939,0.50225597363042,80,20,80
Bipolar disorder,bipolar,9861,6,Frontal Mid 2 R,0.5276561631713155,0.5103291432860733,0.5243863459964998,80,20,80
Bipolar disorder,bipolar,9861,7,Frontal Inf Oper L,0.5239905454722873,0.48532684256182596,0.510760209650177,80,20,80
Bipolar disorder,bipolar,9861,8,Frontal Inf Oper R,0.5232158011292564,0.5006462296597667,0.5152702289111335,80,20,80
Bipolar disorder,bipolar,9861,9,Frontal Inf Tri L,0.5610432138161113,0.5398245167443658,0.559902829537942,80,20,80
Bipolar disorder,bipolar,9861,10,Frontal Inf Tri R,0.5498973634360278,0.5154642565790615,0.5453757207256218,80,20,80
Bipolar disorder,bipolar,9861,11,Frontal Inf Orb 2 L,0.5638897679996946,0.5490047124117996,0.5718610343206614,80,20,80
Bipolar disorder,bipolar,9861,12,Frontal Inf Orb 2 R,0.5396936817701717,0.5402081866803954,0.5427941083279079,80,20,80
Bipolar disorder,bipolar,9861,13,Rolandic Oper L,0.4663199560851302,0.4602646927252774,0.46091935777390197,80,20,80
Bipolar disorder,bipolar,9861,14,Rolandic Oper R,0.5462689505104523,0.5398114000503297,0.5431359209149181,80,20,80
Bipolar disorder,bipolar,9861,15,Supp Motor Area L,0.5398363791368295,0.49018372040467656,0.5174378428844246,80,20,80
Bipolar disorder,bipolar,9861,16,Supp Motor Area R,0.4865518312131788,0.4585932722468855,0.47079074990611974,80,20,80
Bipolar disorder,bipolar,9861,17,Olfactory L,0.5395264254170808,0.5478558611147123,0.5524661498670371,80,20,80
Bipolar disorder,bipolar,9861,18,Olfactory R,0.5224613950274354,0.49965809210293016,0.5151690658275166,80,20,80
Bipolar disorder,bipolar,9861,19,Frontal Sup Medial L,0.5229381203337526,0.5227766484908747,0.5198103994626062,80,20,80
Bipolar disorder,bipolar,9861,20,Frontal Sup Medial R,0.4787668190094355,0.45013375214907503,0.4664464486657516,80,20,80
Bipolar disorder,bipolar,9861,21,Frontal Med Orb L,0.5180701002848986,0.5129000100528729,0.5325826042151376,80,20,80
Bipolar disorder,bipolar,9861,22,Frontal Med Orb R,0.5134743740367276,0.5236890389303787,0.5160118099598588,80,20,80
Bipolar disorder,bipolar,9861,23,Rectus L,0.42859462577750573,0.46043904750173914,0.431846814343379,80,20,80
Bipolar disorder,bipolar,9861,24,Rectus R,0.5285587547595616,0.5364196752561411,0.5334137095269845,80,20,80
Bipolar disorder,bipolar,9861,25,OFCmed L,0.5580402441201696,0.5671786334199045,0.5775434530931505,80,20,80
Bipolar disorder,bipolar,9861,26,OFCmed R,0.5247673596624624,0.5356239235694337,0.5301756172869339,80,20,80
Bipolar disorder,bipolar,9861,27,OFCant L,0.5527504823707629,0.560544015003914,0.5553912108426156,80,20,80
Bipolar disorder,bipolar,9861,28,OFCant R,0.47429773196989533,0.5173434158187883,0.48588399745630706,80,20,80
Bipolar disorder,bipolar,9861,29,OFCpost L,0.4758932002696551,0.5004752419908218,0.4918046094089786,80,20,80
Bipolar disorder,bipolar,9861,30,OFCpost R,0.5530508950175428,0.5646009095533155,0.5581899597038084,80,20,80
Bipolar disorder,bipolar,9861,31,OFClat L,,,,0,0,0
Bipolar disorder,bipolar,9861,32,OFClat R,0.5263444524526311,0.5738915869787025,0.5485515778047745,80,20,80
Bipolar disorder,bipolar,9861,33,Insula L,0.5240365396152329,0.5263227650100434,0.5341195655723912,80,20,80
Bipolar disorder,bipolar,9861,34,Insula R,0.5102612943670035,0.5216441771226645,0.5225678021004032,80,20,80
Bipolar disorder,bipolar,9861,37,Cingulate Mid L,0.4927399263308647,0.49262719934799587,0.49153026988218634,80,20,80
Bipolar disorder,bipolar,9861,38,Cingulate Mid R,0.5172396471688011,0.501327853609862,0.5099433309732746,80,20,80
Bipolar disorder,bipolar,9861,39,Cingulate Post L,0.5867056593797944,0.5837278939708187,0.6080686038578427,80,20,80
Bipolar disorder,bipolar,9861,41,Hippocampus L,0.47292739006056667,0.501655514527858,0.4827272953011315,80,20,80
Bipolar disorder,bipolar,9861,42,Hippocampus R,0.47456047109801724,0.4774511202140451,0.47122059842499364,80,20,80
Bipolar disorder,bipolar,9861,43,ParaHippocampal L,0.458714813876363,0.43958337863730723,0.4501304382817581,80,20,80
Bipolar disorder,bipolar,9861,44,ParaHippocampal R,0.5320972035204392,0.53984153404473,0.538228576542504,80,20,80
Bipolar disorder,bipolar,9861,45,Amygdala L,0.5348091254535631,0.5500433357738597,0.5424619199493285,80,20,80
Bipolar disorder,bipolar,9861,46,Amygdala R,0.46271631836218496,0.4390078634158868,0.4483936233691535,80,20,80
Bipolar disorder,bipolar,9861,47,Calcarine L,0.48796089196694864,0.5288407471606278,0.5099539941611367,80,20,80
Bipolar disorder,bipolar,9861,48,Calcarine R,0.43821797929768797,0.48567340835388473,0.46113867277854287,80,20,80
Bipolar disorder,bipolar,9861,49,Cuneus L,,,,0,0,0
Bipolar disorder,bipolar,9861,51,Lingual L,0.4824268628414498,0.5272300219187108,0.5137888983269817,80,20,80
Bipolar disorder,bipolar,9861,52,Lingual R,0.4868523074503871,0.5350118378770283,0.5210905667848081,80,20,80
Bipolar disorder,bipolar,9861,53,Occipital Sup L,,,,0,0,0
Bipolar disorder,bipolar,9861,55,Occipital Mid L,0.4951440610999245,0.48990509294859164,0.4889826031555334,80,20,80
Bipolar disorder,bipolar,9861,56,Occipital Mid R,0.5044852760022492,0.517150505780458,0.5080977670466502,80,20,80
Bipolar disorder,bipolar,9861,57,Occipital Inf L,0.5131934997142343,0.523649108599227,0.5070442154111433,80,20,80
Bipolar disorder,bipolar,9861,58,Occipital Inf R,0.49128203640795665,0.5158101893086657,0.4994058457292896,80,20,80
Bipolar disorder,bipolar,9861,59,Fusiform L,0.49127567658315546,0.4964193278796193,0.4997648702084487,80,20,80
Bipolar disorder,bipolar,9861,60,Fusiform R,0.5121440902835541,0.5281898611375195,0.5271877725845285,80,20,80
Bipolar disorder,bipolar,9861,61,Postcentral L,0.49753969709625456,0.4728498434197427,0.48829575623604143,80,20,80
Bipolar disorder,bipolar,9861,62,Postcentral R,0.5207634737887624,0.5121710869910923,0.5154590412885302,80,20,80
Bipolar disorder,bipolar,9861,63,Parietal Sup L,0.5012011670156238,0.5088191837198386,0.5038269884204774,80,20,80
Bipolar disorder,bipolar,9861,64,Parietal Sup R,0.4674698724482024,0.4474775602030502,0.44960185696599725,80,20,80
Bipolar disorder,bipolar,9861,65,Parietal Inf L,0.5370571727837835,0.5184145388341836,0.5277500727978128,80,20,80
Bipolar disorder,bipolar,9861,66,Parietal Inf R,0.49414431071305903,0.5961799140453419,0.5459448957999972,80,20,80
Bipolar disorder,bipolar,9861,67,SupraMarginal L,0.42960846962093874,0.45636276978375445,0.4316288977668346,80,20,80
Bipolar disorder,bipolar,9861,68,SupraMarginal R,0.5435693121675202,0.5110434788546572,0.5316390332212937,80,20,80
Bipolar disorder,bipolar,9861,69,Angular L,0.4918753774713224,0.5061326364974896,0.4907510543667599,80,20,80
Bipolar disorder,bipolar,9861,70,Angular R,0.4883814897874886,0.45314157247943915,0.4760184500481748,80,20,80
Bipolar disorder,bipolar,9861,71,Precuneus L,0.5706600967608996,0.5924862145154637,0.5908331313897317,80,20,80
Bipolar disorder,bipolar,9861,72,Precuneus R,0.4860174013966422,0.5045721518354316,0.4933149416940844,80,20,80
Bipolar disorder,bipolar,9861,73,Paracentral Lobule L,0.5320312599062447,0.5017966377580325,0.5263481664203807,80,20,80
Bipolar disorder,bipolar,9861,74,Paracentral Lobule R,0.5185752707890894,0.5065765919530484,0.5125145440451808,80,20,80
Bipolar disorder,bipolar,9861,75,Caudate L,0.5441392908795211,0.6169836990884637,0.5882484854398368,80,20,80
Bipolar disorder,bipolar,9861,76,Caudate R,0.524800965184264,0.5959348534606441,0.5629347480197077,80,20,80
Bipolar disorder,bipolar,9861,77,Putamen L,0.5155043582737502,0.5628937222609735,0.537762083384258,80,20,80
Bipolar disorder,bipolar,9861,78,Putamen R,0.5133017801411873,0.5624557845768222,0.539364155481186,80,20,80
Bipolar disorder,bipolar,9861,79,Pallidum L,0.5125822053207316,0.5109615516128293,0.503921335239259,80,20,80
Bipolar disorder,bipolar,9861,80,Pallidum R,0.5314902365163563,0.43515704535633715,0.4834442358666572,80,20,80
Bipolar disorder,bipolar,9861,83,Heschl L,0.5000161115064558,0.4995392857419433,0.4947108316793694,80,20,80
Bipolar disorder,bipolar,9861,84,Heschl R,0.5185676902328659,0.49438357140799816,0.4972836404019936,80,20,80
Bipolar disorder,bipolar,9861,85,Temporal Sup L,0.5063677325490239,0.5125694059592251,0.511614664213761,80,20,80
Bipolar disorder,bipolar,9861,86,Temporal Sup R,0.48703520300277825,0.5121493944697894,0.5028205715135282,80,20,80
Bipolar disorder,bipolar,9861,87,Temporal Pole Sup L,0.5510911437270993,0.5453464866173314,0.5561785343504323,80,20,80
Bipolar disorder,bipolar,9861,88,Temporal Pole Sup R,0.49201647137659466,0.4978988450713686,0.4891734348695889,80,20,80
Bipolar disorder,bipolar,9861,89,Temporal Mid L,0.5110655481386219,0.5209162041267463,0.5186677630866775,80,20,80
Bipolar disorder,bipolar,9861,90,Temporal Mid R,0.533701522659429,0.5160142366295983,0.5296340068804838,80,20,80
Bipolar disorder,bipolar,9861,91,Temporal Pole Mid L,,,,0,0,0
Bipolar disorder,bipolar,9861,93,Temporal Inf L,0.5143904302300096,0.5246878391197333,0.5287146815562788,80,20,80
Bipolar disorder,bipolar,9861,94,Temporal Inf R,0.5025002196625374,0.5127411592907287,0.5107217982051786,80,20,80
Bipolar disorder,bipolar,9861,95,Cerebellum Crus1 L,0.4500888781010429,0.5501491900077182,0.49380428923220987,80,20,80
Bipolar disorder,bipolar,9861,96,Cerebellum Crus1 R,0.5757813597039588,0.6370037185627463,0.5968884839236919,80,20,80
Bipolar disorder,bipolar,9861,97,Cerebellum Crus2 L,0.5168084914597824,0.5963008588417543,0.5502409180386342,80,20,80
Bipolar disorder,bipolar,9861,98,Cerebellum Crus2 R,0.578869326966631,0.6321082514488501,0.5892861351184849,80,20,80
Bipolar disorder,bipolar,9861,101,Cerebellum 4 5 L,0.5151954539077291,0.5745322618058318,0.5445751518210319,80,20,80
Bipolar disorder,bipolar,9861,102,Cerebellum 4 5 R,0.5107490552581754,0.6523098128650214,0.5783230000975711,80,20,80
Bipolar disorder,bipolar,9861,103,Cerebellum 6 L,0.5440760472055409,0.6127874470887004,0.5762511649519416,80,20,80
Bipolar disorder,bipolar,9861,104,Cerebellum 6 R,0.4782713725417219,0.5360770607009269,0.5023664305073123,80,20,80
Bipolar disorder,bipolar,9861,105,Cerebellum 7b L,0.5508133894852671,0.6027133804436355,0.5716692033188727,80,20,80
Bipolar disorder,bipolar,9861,106,Cerebellum 7b R,0.5710115045977857,0.633037759737858,0.5788413452202318,80,20,80
Bipolar disorder,bipolar,9861,107,Cerebellum 8 L,0.579585763979056,0.6639524803871024,0.6205279673519765,80,20,80
Bipolar disorder,bipolar,9861,108,Cerebellum 8 R,0.5057204086737122,0.5338193440157221,0.5099099304789588,80,20,80
Bipolar disorder,bipolar,9861,109,Cerebellum 9 L,0.4667243976521659,0.4881800790896286,0.4756378919428571,80,20,80
Bipolar disorder,bipolar,9861,110,Cerebellum 9 R,0.5275030544569443,0.545125872560943,0.5443717450103791,80,20,80
Bipolar disorder,bipolar,9861,111,Cerebellum 10 L,,,,0,0,0
Bipolar disorder,bipolar,9861,118,Vermis 8,0.45766869722211945,0.3715892965642651,0.412727916871216,80,20,80
Bipolar disorder,bipolar,9861,119,Vermis 9,0.4527330335141359,0.3092303169608657,0.37891933252778215,80,20,80
Bipolar disorder,bipolar,9861,121,Thal AV L,0.5447223199087162,0.606745036235754,0.584594949888599,80,20,80
Bipolar disorder,bipolar,9861,122,Thal AV R,0.5060739852624676,0.4859144630548715,0.5013854454093557,80,20,80
Bipolar disorder,bipolar,9861,125,Thal VA L,0.5414935737063427,0.5178012191581804,0.5278331157356526,80,20,80
Bipolar disorder,bipolar,9861,127,Thal VL L,0.4939275927206392,0.49299803030001205,0.49263574596418414,80,20,80
Bipolar disorder,bipolar,9861,128,Thal VL R,0.5092834049821465,0.4611223917844705,0.47962030861490057,80,20,80
Bipolar disorder,bipolar,9861,129,Thal VPL L,0.5318718343391026,0.49994497995938864,0.516219897818617,80,20,80
Bipolar disorder,bipolar,9861,130,Thal VPL R,0.570335813706458,0.49896969192531476,0.5337388581381465,80,20,80
Bipolar disorder,bipolar,9861,131,Thal IL L,0.5474868860348989,0.5008818739069812,0.5251014478205627,80,20,80
Bipolar disorder,bipolar,9861,135,Thal MDm L,0.42447966748160193,0.42885469987014735,0.42827010139855365,80,20,80
Bipolar disorder,bipolar,9861,136,Thal MDm R,0.5011913896940816,0.4801540286081346,0.48734195706627975,80,20,80
Bipolar disorder,bipolar,9861,137,Thal MDl L,0.52882486641345,0.46945574677921054,0.5027698184968289,80,20,80
Bipolar disorder,bipolar,9861,139,Thal LGN L,0.5082358909066139,0.39554402180405757,0.45509910666751935,80,20,80
Bipolar disorder,bipolar,9861,140,Thal LGN R,0.5150084836824342,0.3849048622144337,0.4544584339912382,80,20,80
Bipolar disorder,bipolar,9861,141,Thal MGN L,0.555117724098473,0.47982683331326054,0.5238902717632398,80,20,80
Bipolar disorder,bipolar,9861,143,Thal PuI L,0.641811034221951,0.6785266286921663,0.6676071689611062,80,20,80
Bipolar disorder,bipolar,9861,144,Thal PuI R,0.5914584407854571,0.5884659757975832,0.5909924825065221,80,20,80
Bipolar disorder,bipolar,9861,145,Thal PuM L,0.6219554126000373,0.6363978940835295,0.6326963606531845,80,20,80
Bipolar disorder,bipolar,9861,146,Thal PuM R,0.5333654360373975,0.5140468460452915,0.5242788513492376,80,20,80
Bipolar disorder,bipolar,9861,147,Thal PuA L,0.5895911328751267,0.5707455073197399,0.5653472967148025,80,20,80
Bipolar disorder,bipolar,9861,148,Thal PuA R,0.5136563394370061,0.5329807049006032,0.5274360682645074,80,20,80
Bipolar disorder,bipolar,9861,153,ACC pre L,,,,0,0,0
Bipolar disorder,bipolar,9861,154,ACC pre R,0.5336713592879737,0.5323622338563796,0.5392498577181237,80,20,80
Bipolar disorder,bipolar,9861,155,ACC sup L,0.5347723377712784,0.5480257687397858,0.544621297844782,80,20,80
Bipolar disorder,bipolar,9861,156,ACC sup R,0.5685376832916181,0.5363230319617086,0.5589946881594771,80,20,80
Bipolar disorder,bipolar,9861,157,N Acc L,0.5099976218393314,0.5419121152947777,0.5330262269018957,80,20,80
Bipolar disorder,bipolar,9861,158,N Acc R,0.5654773755560882,0.6159436282808303,0.5888340552529479,80,20,80
Bipolar disorder,bipolar,9861,161,SN pc L,,,,0,0,0
Bipolar disorder,bipolar,9861,163,SN pr L,,,,0,0,0
Bipolar disorder,bipolar,9861,164,SN pr R,0.5107361749645563,0.4419688065415376,0.4724526559629335,80,20,80
Bipolar disorder,bipolar,9861,165,Red N L,0.4335106958928341,0.3860265199178897,0.4131423944117963,80,20,80
Bipolar disorder,bipolar,9861,166,Red N R,0.5363441802321579,0.4382708793886912,0.4851232056618564,80,20,80
Bipolar disorder,bipolar,9861,167,LC L,0.528460314952636,0.44518022015374503,0.48721194971314324,80,20,80
Bipolar disorder,bipolar,9861,168,LC R,0.47157633661039744,0.4185691630940146,0.4425559554907257,80,20,80
Bipolar disorder,bipolar,9861,169,Raphe D,0.4766400357506256,0.41111412491417554,0.43858931436353027,80,20,80
Bipolar disorder,bipolar,9861,170,Raphe M,0.4777424046156774,0.4435197201916057,0.4694603213421641,80,20,80
Major depressive disorder,major_depression,10021,1,Precentral L,0.4821496206583845,0.4767521664082922,0.481967921424337,145,37,145
Major depressive disorder,major_depression,10021,2,Precentral R,0.47304657266100286,0.4670466905744594,0.47170888565991964,145,37,145
Major depressive disorder,major_depression,10021,3,Frontal Sup 2 L,0.5193396547957478,0.5324980887733035,0.5251900687114909,145,37,145
Major depressive disorder,major_depression,10021,4,Frontal Sup 2 R,0.5200037573811395,0.5149447598740657,0.5226027940792163,145,37,145
Major depressive disorder,major_depression,10021,5,Frontal Mid 2 L,0.5317479715491129,0.5480415806746693,0.545990485106539,145,37,145
Major depressive disorder,major_depression,10021,6,Frontal Mid 2 R,0.49586218550088623,0.5020783195820807,0.5012545677905886,145,37,145
Major depressive disorder,major_depression,10021,7,Frontal Inf Oper L,,,,0,0,0
Major depressive disorder,major_depression,10021,8,Frontal Inf Oper R,0.4417428321145637,0.438793308091887,0.43538098225476285,145,37,145
Major depressive disorder,major_depression,10021,9,Frontal Inf Tri L,0.4911766142358231,0.5010125763863502,0.497745452624678,145,37,145
Major depressive disorder,major_depression,10021,10,Frontal Inf Tri R,0.5072954039358153,0.5088046640461021,0.5152625246250339,145,37,145
Major depressive disorder,major_depression,10021,11,Frontal Inf Orb 2 L,0.5047837839200682,0.5010273972506448,0.5034549959076526,145,37,145
Major depressive disorder,major_depression,10021,12,Frontal Inf Orb 2 R,0.4785870381122377,0.45963112841438947,0.4722986022949112,145,37,145
Major depressive disorder,major_depression,10021,13,Rolandic Oper L,0.5601889298422731,0.55475500450783,0.5506153456081604,145,37,145
Major depressive disorder,major_depression,10021,14,Rolandic Oper R,0.5372320054082075,0.5404796233856776,0.5340119022894796,145,37,145
Major depressive disorder,major_depression,10021,15,Supp Motor Area L,0.40479202866302655,0.3981121458556083,0.396863141343534,145,37,145
Major depressive disorder,major_depression,10021,16,Supp Motor Area R,0.49752343412609534,0.5179540809617155,0.5096411893626962,145,37,145
Major depressive disorder,major_depression,10021,17,Olfactory L,0.5350682352938321,0.5089528086753591,0.5259841753181093,145,37,145
Major depressive disorder,major_depression,10021,18,Olfactory R,0.5066091525590081,0.5251619135580975,0.5050524200198356,145,37,145
Major depressive disorder,major_depression,10021,19,Frontal Sup Medial L,0.5492784131242292,0.5518021778404314,0.5553148627787322,145,37,145
Major depressive disorder,major_depression,10021,20,Frontal Sup Medial R,0.5569118301998399,0.5420810603630581,0.5591424787667287,145,37,145
Major depressive disorder,major_depression,10021,21,Frontal Med Orb L,0.578760204124336,0.5899116889207442,0.5775355066053542,145,37,145
Major depressive disorder,major_depression,10021,22,Frontal Med Orb R,0.5619911755079392,0.5620338491363064,0.559170956142845,145,37,145
Major depressive disorder,major_depression,10021,23,Rectus L,0.5130373776621049,0.5054257880068669,0.5107876357220252,145,37,145
Major depressive disorder,major_depression,10021,24,Rectus R,0.5525092320924067,0.5436923827835243,0.5480664574340368,145,37,145
Major depressive disorder,major_depression,10021,25,OFCmed L,0.5164735616883115,0.5031990051104281,0.5080521050012612,145,37,145
Major depressive disorder,major_depression,10021,26,OFCmed R,0.5403159599314061,0.5472037331880247,0.5386830314842985,145,37,145
Major depressive disorder,major_depression,10021,27,OFCant L,0.4795248697930825,0.47174807972360516,0.46926436029054336,145,37,145
Major depressive disorder,major_depression,10021,28,OFCant R,0.5369209892793249,0.5308235546547683,0.544484126782338,145,37,145
Major depressive disorder,major_depression,10021,29,OFCpost L,0.4213805861855819,0.3595594098684366,0.39911130953631824,145,37,145
Major depressive disorder,major_depression,10021,30,OFCpost R,0.519754974837371,0.5342087761054831,0.5169135666857396,145,37,145
Major depressive disorder,major_depression,10021,31,OFClat L,,,,0,0,0
Major depressive disorder,major_depression,10021,32,OFClat R,0.5392353356818653,0.5338613747957038,0.5383801868167286,145,37,145
Major depressive disorder,major_depression,10021,33,Insula L,0.5449080173836388,0.5698677699845859,0.5516912531710646,145,37,145
Major depressive disorder,major_depression,10021,34,Insula R,0.5166816580824396,0.5068893622456285,0.5125908349955647,145,37,145
Major depressive disorder,major_depression,10021,37,Cingulate Mid L,0.4920315975456629,0.4786396340654155,0.4857643470523421,145,37,145
Major depressive disorder,major_depression,10021,38,Cingulate Mid R,0.4867030399391765,0.4737465574513755,0.4814331594485095,145,37,145
Major depressive disorder,major_depression,10021,39,Cingulate Post L,0.49418703798986324,0.5015160510827372,0.490949570295148,145,37,145
Major depressive disorder,major_depression,10021,41,Hippocampus L,0.5323453214690734,0.54934870320743,0.5441208901485073,145,37,145
Major depressive disorder,major_depression,10021,42,Hippocampus R,0.521871079255747,0.5309918830834587,0.5278498902405176,145,37,145
Major depressive disorder,major_depression,10021,43,ParaHippocampal L,0.5520034914504026,0.5595295797073859,0.5526595607925626,145,37,145
Major depressive disorder,major_depression,10021,44,ParaHippocampal R,0.538173755523018,0.5568360807364316,0.5510292664620153,145,37,145
Major depressive disorder,major_depression,10021,45,Amygdala L,0.5484784075652727,0.5699603860729394,0.5547503176610054,145,37,145
Major depressive disorder,major_depression,10021,46,Amygdala R,0.5323165276656788,0.5662761498744249,0.5470423099857668,145,37,145
Major depressive disorder,major_depression,10021,47,Calcarine L,0.4908526968525084,0.4619326762280538,0.4687021711547816,145,37,145
Major depressive disorder,major_depression,10021,48,Calcarine R,0.5081978611566695,0.4750611178131247,0.4804863322478631,145,37,145
Major depressive disorder,major_depression,10021,49,Cuneus L,0.5125490146265502,0.4933616691936705,0.49483071885753227,145,37,145
Major depressive disorder,major_depression,10021,51,Lingual L,0.4964583932663331,0.447017031603815,0.468386586746781,145,37,145
Major depressive disorder,major_depression,10021,52,Lingual R,0.49030852903357536,0.47602341124163955,0.48070409683353443,145,37,145
Major depressive disorder,major_depression,10021,53,Occipital Sup L,0.521979970190446,0.5264737490812379,0.5211062727616108,145,37,145
Major depressive disorder,major_depression,10021,55,Occipital Mid L,0.48718480448366086,0.49086952077685675,0.4917275747591945,145,37,145
Major depressive disorder,major_depression,10021,56,Occipital Mid R,0.4978618435776923,0.5098016687381733,0.5068865006076678,145,37,145
Major depressive disorder,major_depression,10021,57,Occipital Inf L,0.5075567355262592,0.48868305807534923,0.5019937628559454,145,37,145
Major depressive disorder,major_depression,10021,58,Occipital Inf R,0.4697454296427481,0.4369302921962576,0.45534230883901433,145,37,145
Major depressive disorder,major_depression,10021,59,Fusiform L,0.5261531945212891,0.5241972835907988,0.5286066139205671,145,37,145
Major depressive disorder,major_depression,10021,60,Fusiform R,0.49554518599977754,0.49625875281624926,0.4919945664456561,145,37,145
Major depressive disorder,major_depression,10021,61,Postcentral L,0.4918453267556912,0.4836265450316263,0.48075301584809327,145,37,145
Major depressive disorder,major_depression,10021,62,Postcentral R,0.4739263831369732,0.46765479255896397,0.4716469626081754,145,37,145
Major depressive disorder,major_depression,10021,63,Parietal Sup L,0.519615910649426,0.5368185823935335,0.5253413765367804,145,37,145
Major depressive disorder,major_depression,10021,64,Parietal Sup R,0.42635181962590796,0.43358961140190067,0.43416181881250404,145,37,145
Major depressive disorder,major_depression,10021,65,Parietal Inf L,0.5176312145740022,0.506084433243798,0.5227064964997019,145,37,145
Major depressive disorder,major_depression,10021,66,Parietal Inf R,0.4826408433636553,0.46426593527600385,0.472763486574645,145,37,145
Major depressive disorder,major_depression,10021,67,SupraMarginal L,0.5169255751461147,0.5158643158512568,0.5341318202557968,145,37,145
Major depressive disorder,major_depression,10021,68,SupraMarginal R,0.458895820536471,0.4789955356385682,0.46949739837182114,145,37,145
Major depressive disorder,major_depression,10021,69,Angular L,0.5130003567349061,0.5163788371496367,0.515096438020564,145,37,145
Major depressive disorder,major_depression,10021,70,Angular R,0.4740084585709616,0.4564012379260685,0.4689104128992854,145,37,145
Major depressive disorder,major_depression,10021,71,Precuneus L,0.5035754597448152,0.4992226973797884,0.5029940861510399,145,37,145
Major depressive disorder,major_depression,10021,72,Precuneus R,0.46358166254819805,0.4556331002849211,0.4622350686058029,145,37,145
Major depressive disorder,major_depression,10021,73,Paracentral Lobule L,0.4850590998312814,0.4722548698748999,0.47654027388321246,145,37,145
Major depressive disorder,major_depression,10021,74,Paracentral Lobule R,0.4941603958472009,0.4628507223918029,0.48718309595897524,145,37,145
Major depressive disorder,major_depression,10021,75,Caudate L,0.5135467328669946,0.5379937766330358,0.5244737317423692,145,37,145
Major depressive disorder,major_depression,10021,76,Caudate R,0.5072736767555903,0.5420139707411701,0.5207252327376727,145,37,145
Major depressive disorder,major_depression,10021,77,Putamen L,0.5093512138305964,0.5423426872526101,0.525381802721128,145,37,145
Major depressive disorder,major_depression,10021,78,Putamen R,0.5267916890250682,0.550903645633088,0.5349596559265988,145,37,145
Major depressive disorder,major_depression,10021,79,Pallidum L,0.522688530963752,0.5479427872843659,0.5350382263774368,145,37,145
Major depressive disorder,major_depression,10021,80,Pallidum R,0.5021860080785847,0.48665300261364874,0.49716574820891923,145,37,145
Major depressive disorder,major_depression,10021,83,Heschl L,0.515434679896026,0.5155497084579836,0.5125492285275897,145,37,145
Major depressive disorder,major_depression,10021,84,Heschl R,0.4846964008991016,0.495687538378156,0.489507474102155,145,37,145
Major depressive disorder,major_depression,10021,85,Temporal Sup L,0.5189555240007628,0.5081592565380745,0.502820823920138,145,37,145
Major depressive disorder,major_depression,10021,86,Temporal Sup R,0.5092295314654538,0.521144558710709,0.5114818838316644,145,37,145
Major depressive disorder,major_depression,10021,87,Temporal Pole Sup L,0.5228822411408752,0.5427042801494071,0.5364958022200403,145,37,145
Major depressive disorder,major_depression,10021,88,Temporal Pole Sup R,0.5646970992869542,0.5702691858511373,0.5569684475396072,145,37,145
Major depressive disorder,major_depression,10021,89,Temporal Mid L,0.4810836720103982,0.48276050169827994,0.48229122769701005,145,37,145
Major depressive disorder,major_depression,10021,90,Temporal Mid R,0.5040827408065266,0.5136810073898846,0.5104823693415901,145,37,145
Major depressive disorder,major_depression,10021,91,Temporal Pole Mid L,,,,0,0,0
Major depressive disorder,major_depression,10021,93,Temporal Inf L,0.4830727462882349,0.4961949514049443,0.49185800390219053,145,37,145
Major depressive disorder,major_depression,10021,94,Temporal Inf R,0.5047059295484181,0.5205207809938438,0.5132291280268665,145,37,145
Major depressive disorder,major_depression,10021,95,Cerebellum Crus1 L,0.48560252195544945,0.4895785592852965,0.4778128785409145,145,37,145
Major depressive disorder,major_depression,10021,96,Cerebellum Crus1 R,0.510396165331335,0.5123270036867771,0.513143847023276,145,37,145
Major depressive disorder,major_depression,10021,97,Cerebellum Crus2 L,0.5256661683424468,0.5222355302207339,0.5228348799287527,145,37,145
Major depressive disorder,major_depression,10021,98,Cerebellum Crus2 R,0.49461811319698595,0.47207485546602046,0.4874134702145755,145,37,145
Major depressive disorder,major_depression,10021,101,Cerebellum 4 5 L,0.5941462854014327,0.6058544443724212,0.5901170047762814,145,37,145
Major depressive disorder,major_depression,10021,102,Cerebellum 4 5 R,0.514004176955754,0.5138835818468915,0.5042627827842197,145,37,145
Major depressive disorder,major_depression,10021,103,Cerebellum 6 L,0.5262512843622844,0.5345481500598528,0.5251890458783186,145,37,145
Major depressive disorder,major_depression,10021,104,Cerebellum 6 R,0.5444413976959308,0.5594652737952236,0.5430101525874912,145,37,145
Major depressive disorder,major_depression,10021,105,Cerebellum 7b L,0.5177471470500542,0.49506109900584766,0.5009839519430789,145,37,145
Major depressive disorder,major_depression,10021,106,Cerebellum 7b R,0.5133010032191482,0.5546555269140235,0.5214235177284496,145,37,145
Major depressive disorder,major_depression,10021,107,Cerebellum 8 L,0.48800105517107994,0.48972402262129855,0.49177600455296716,145,37,145
Major depressive disorder,major_depression,10021,108,Cerebellum 8 R,0.5010216410684293,0.5035874720111636,0.498787757946846,145,37,145
Major depressive disorder,major_depression,10021,109,Cerebellum 9 L,0.45555513808768694,0.4310229221920929,0.4428288787466526,145,37,145
Major depressive disorder,major_depression,10021,110,Cerebellum 9 R,0.4506820076865542,0.44346250094619705,0.45124080782222387,145,37,145
Major depressive disorder,major_depression,10021,111,Cerebellum 10 L,,,,0,0,0
Major depressive disorder,major_depression,10021,118,Vermis 8,0.5497760875926434,0.5694026683060943,0.5724060088623841,145,37,145
Major depressive disorder,major_depression,10021,119,Vermis 9,0.5234909171577538,0.5108391247697482,0.5306576656134535,145,37,145
Major depressive disorder,major_depression,10021,121,Thal AV L,,,,0,0,0
Major depressive disorder,major_depression,10021,122,Thal AV R,0.5355912306768132,0.5188861962458439,0.5358895483124188,145,37,145
Major depressive disorder,major_depression,10021,125,Thal VA L,0.5432535039570451,0.5357030406204698,0.5375816014576915,145,37,145
Major depressive disorder,major_depression,10021,127,Thal VL L,0.4771273111466491,0.4612916960537944,0.47398455140521306,145,37,145
Major depressive disorder,major_depression,10021,128,Thal VL R,0.5003534066959056,0.5073850707302553,0.49540181244078224,145,37,145
Major depressive disorder,major_depression,10021,129,Thal VPL L,0.4619422970568054,0.4075386988505505,0.4370253514792756,145,37,145
Major depressive disorder,major_depression,10021,130,Thal VPL R,0.4770354908754738,0.4686621546925151,0.46906538860729824,145,37,145
Major depressive disorder,major_depression,10021,131,Thal IL L,0.5357375841785212,0.4879562144143478,0.5031284816057907,145,37,145
Major depressive disorder,major_depression,10021,135,Thal MDm L,0.518519942078378,0.5304956000937615,0.5154423051759678,145,37,145
Major depressive disorder,major_depression,10021,136,Thal MDm R,0.5144424626888151,0.5267240640605503,0.5060418623097059,145,37,145
Major depressive disorder,major_depression,10021,137,Thal MDl L,,,,0,0,0
Major depressive disorder,major_depression,10021,139,Thal LGN L,0.5076328523035686,0.5438944647883791,0.5130517735018707,145,37,145
Major depressive disorder,major_depression,10021,140,Thal LGN R,0.521196387993226,0.5066073365580711,0.5109451701979714,145,37,145
Major depressive disorder,major_depression,10021,141,Thal MGN L,,,,0,0,0
Major depressive disorder,major_depression,10021,143,Thal PuI L,,,,0,0,0
Major depressive disorder,major_depression,10021,144,Thal PuI R,0.48207099877738707,0.4875441062091765,0.48294893141094253,145,37,145
Major depressive disorder,major_depression,10021,145,Thal PuM L,0.5134105369950235,0.543915415135585,0.5154578752923933,145,37,145
Major depressive disorder,major_depression,10021,146,Thal PuM R,0.4853783256875996,0.4829256456349633,0.4705440193861485,145,37,145
Major depressive disorder,major_depression,10021,147,Thal PuA L,,,,0,0,0
Major depressive disorder,major_depression,10021,148,Thal PuA R,0.49929318918624793,0.43092801481139414,0.4629059564926202,145,37,145
Major depressive disorder,major_depression,10021,153,ACC pre L,0.48082538387050194,0.518938063651462,0.4904804605380258,145,37,145
Major depressive disorder,major_depression,10021,154,ACC pre R,0.5581319776105268,0.5451100341323365,0.5478800256593738,145,37,145
Major depressive disorder,major_depression,10021,155,ACC sup L,0.5157037542783555,0.5133716291858247,0.5077048352697453,145,37,145
Major depressive disorder,major_depression,10021,156,ACC sup R,0.5403366930342699,0.5744814982556455,0.5582985122271658,145,37,145
Major depressive disorder,major_depression,10021,157,N Acc L,,,,0,0,0
Major depressive disorder,major_depression,10021,158,N Acc R,0.5326208166912899,0.5852296415251826,0.5531630042349689,145,37,145
Major depressive disorder,major_depression,10021,161,SN pc L,0.49687535928338306,0.4851776450085582,0.4843076232107212,145,37,145
Major depressive disorder,major_depression,10021,163,SN pr L,0.4714279348334889,0.45759609966329984,0.4535680646727279,145,37,145
Major depressive disorder,major_depression,10021,164,SN pr R,0.49764073096184597,0.48840517184991067,0.4952719533072283,145,37,145
Major depressive disorder,major_depression,10021,165,Red N L,0.48362044929590725,0.4822276742466757,0.48030531214137523,145,37,145
Major depressive disorder,major_depression,10021,166,Red N R,0.5361946400507722,0.5423283458894661,0.5250464332820258,145,37,145
Major depressive disorder,major_depression,10021,167,LC L,0.41941751481404793,0.4234745910056701,0.4165550321689901,145,37,145
Major depressive disorder,major_depression,10021,168,LC R,0.40464683531383394,0.41365358785745,0.4037077747575975,145,37,145
Major depressive disorder,major_depression,10021,169,Raphe D,0.5022829655897958,0.5169601525864772,0.5019898662374058,145,37,145
Major depressive disorder,major_depression,10021,170,Raphe M,0.42080704629012217,0.42094628125882605,0.4158308045540837,145,37,145
Major depressive disorder,major_depression,12876,1,Precentral L,0.4941999385883703,0.4968245476485679,0.5010177508164292,145,37,145
Major depressive disorder,major_depression,12876,2,Precentral R,,,,0,0,0
Major depressive disorder,major_depression,12876,3,Frontal Sup 2 L,0.5306346350225098,0.5259871753944906,0.5280301859691338,145,37,145
Major depressive disorder,major_depression,12876,4,Frontal Sup 2 R,,,,0,0,0
Major depressive disorder,major_depression,12876,5,Frontal Mid 2 L,0.5311267694426189,0.5364410245803221,0.5302134598728853,145,37,145
Major depressive disorder,major_depression,12876,6,Frontal Mid 2 R,,,,0,0,0
Major depressive disorder,major_depression,12876,7,Frontal Inf Oper L,,,,0,0,0
Major depressive disorder,major_depression,12876,8,Frontal Inf Oper R,,,,0,0,0
Major depressive disorder,major_depression,12876,9,Frontal Inf Tri L,0.5224714627271956,0.5114274317044553,0.5163812428227222,145,37,145
Major depressive disorder,major_depression,12876,10,Frontal Inf Tri R,,,,0,0,0
Major depressive disorder,major_depression,12876,11,Frontal Inf Orb 2 L,0.5260994221255805,0.5357125399392638,0.5256715697101212,145,37,145
Major depressive disorder,major_depression,12876,12,Frontal Inf Orb 2 R,,,,0,0,0
Major depressive disorder,major_depression,12876,13,Rolandic Oper L,0.5145379835309903,0.5086406260319726,0.5107727515247515,145,37,145
Major depressive disorder,major_depression,12876,14,Rolandic Oper R,,,,0,0,0
Major depressive disorder,major_depression,12876,15,Supp Motor Area L,0.48858978270341785,0.4991117443886175,0.49386191986725453,145,37,145
Major depressive disorder,major_depression,12876,16,Supp Motor Area R,,,,0,0,0
Major depressive disorder,major_depression,12876,17,Olfactory L,0.4395111443869039,0.4107519980241697,0.41795629059181255,145,37,145
Major depressive disorder,major_depression,12876,18,Olfactory R,,,,0,0,0
Major depressive disorder,major_depression,12876,19,Frontal Sup Medial L,0.542773472596429,0.5532029374260977,0.5500909070160628,145,37,145
Major depressive disorder,major_depression,12876,20,Frontal Sup Medial R,,,,0,0,0
Major depressive disorder,major_depression,12876,21,Frontal Med Orb L,0.5825972494978112,0.5316644388036563,0.5675389362320753,145,37,145
Major depressive disorder,major_depression,12876,22,Frontal Med Orb R,,,,0,0,0
Major depressive disorder,major_depression,12876,23,Rectus L,0.5388033069976739,0.513605948507376,0.5256682996370485,145,37,145
Major depressive disorder,major_depression,12876,24,Rectus R,,,,0,0,0
Major depressive disorder,major_depression,12876,25,OFCmed L,0.5311159115920097,0.5068714796984866,0.5204596372865812,145,37,145
Major depressive disorder,major_depression,12876,26,OFCmed R,,,,0,0,0
Major depressive disorder,major_depression,12876,27,OFCant L,0.5664244096776744,0.5622383827953294,0.5602493305891652,145,37,145
Major depressive disorder,major_depression,12876,28,OFCant R,,,,0,0,0
Major depressive disorder,major_depression,12876,29,OFCpost L,0.5380564760362512,0.506176444191343,0.5113234419080096,145,37,145
Major depressive disorder,major_depression,12876,30,OFCpost R,,,,0,0,0
Major depressive disorder,major_depression,12876,31,OFClat L,0.4423189321081632,0.41036948154088776,0.4233241635355441,145,37,145
Major depressive disorder,major_depression,12876,32,OFClat R,,,,0,0,0
Major depressive disorder,major_depression,12876,33,Insula L,0.5007087216476888,0.4824539658090208,0.48976013129562534,145,37,145
Major depressive disorder,major_depression,12876,34,Insula R,,,,0,0,0
Major depressive disorder,major_depression,12876,37,Cingulate Mid L,0.5442056280411046,0.5651027748267763,0.5541555349426329,145,37,145
Major depressive disorder,major_depression,12876,38,Cingulate Mid R,,,,0,0,0
Major depressive disorder,major_depression,12876,39,Cingulate Post L,0.5207525692390663,0.5463421424164654,0.5344884335293031,145,37,145
Major depressive disorder,major_depression,12876,41,Hippocampus L,0.5157858093437847,0.5230102784715791,0.5233463179722674,145,37,145
Major depressive disorder,major_depression,12876,42,Hippocampus R,,,,0,0,0
Major depressive disorder,major_depression,12876,43,ParaHippocampal L,0.5107475272108689,0.5131595072121508,0.513140347697634,145,37,145
Major depressive disorder,major_depression,12876,44,ParaHippocampal R,,,,0,0,0
Major depressive disorder,major_depression,12876,45,Amygdala L,,,,0,0,0
Major depressive disorder,major_depression,12876,46,Amygdala R,,,,0,0,0
Major depressive disorder,major_depression,12876,47,Calcarine L,0.4921884596932316,0.4738296652116981,0.47939802194529746,145,37,145
Major depressive disorder,major_depression,12876,48,Calcarine R,,,,0,0,0
Major depressive disorder,major_depression,12876,49,Cuneus L,0.4480964725379992,0.43981922538373,0.43993172251903045,145,37,145
Major depressive disorder,major_depression,12876,51,Lingual L,0.5088452676832355,0.4968967043295128,0.5018099492492454,145,37,145
Major depressive disorder,major_depression,12876,52,Lingual R,,,,0,0,0
Major depressive disorder,major_depression,12876,53,Occipital Sup L,,,,0,0,0
Major depressive disorder,major_depression,12876,55,Occipital Mid L,0.506348951521603,0.5441147721080938,0.5227713855720012,145,37,145
Major depressive disorder,major_depression,12876,56,Occipital Mid R,,,,0,0,0
Major depressive disorder,major_depression,12876,57,Occipital Inf L,0.503519005895197,0.5360544622163919,0.5178932928958194,145,37,145
Major depressive disorder,major_depression,12876,58,Occipital Inf R,,,,0,0,0
Major depressive disorder,major_depression,12876,59,Fusiform L,0.5056224923178616,0.540629426136356,0.5211196377527847,145,37,145
Major depressive disorder,major_depression,12876,60,Fusiform R,,,,0,0,0
Major depressive disorder,major_depression,12876,61,Postcentral L,0.4878202812646601,0.4846208387349746,0.48814794500929576,145,37,145
Major depressive disorder,major_depression,12876,62,Postcentral R,,,,0,0,0
Major depressive disorder,major_depression,12876,63,Parietal Sup L,0.4685445873257828,0.4564047499180656,0.46472876880225955,145,37,145
Major depressive disorder,major_depression,12876,64,Parietal Sup R,,,,0,0,0
Major depressive disorder,major_depression,12876,65,Parietal Inf L,0.4817729881398199,0.5004512977983473,0.4922094276556454,145,37,145
Major depressive disorder,major_depression,12876,66,Parietal Inf R,,,,0,0,0
Major depressive disorder,major_depression,12876,67,SupraMarginal L,0.49517596924515267,0.5100716365878414,0.49737626443420313,145,37,145
Major depressive disorder,major_depression,12876,68,SupraMarginal R,,,,0,0,0
Major depressive disorder,major_depression,12876,69,Angular L,0.5547414700802595,0.5958605063474447,0.5750110280287841,145,37,145
Major depressive disorder,major_depression,12876,70,Angular R,,,,0,0,0
Major depressive disorder,major_depression,12876,71,Precuneus L,0.508975979160825,0.5329332133981428,0.5188220862805578,145,37,145
Major depressive disorder,major_depression,12876,72,Precuneus R,,,,0,0,0
Major depressive disorder,major_depression,12876,73,Paracentral Lobule L,0.4321255431413949,0.4082712403551075,0.4223599387113814,145,37,145
Major depressive disorder,major_depression,12876,74,Paracentral Lobule R,,,,0,0,0
Major depressive disorder,major_depression,12876,75,Caudate L,0.5221159164765405,0.5432743141069997,0.5317987125785412,145,37,145
Major depressive disorder,major_depression,12876,76,Caudate R,,,,0,0,0
Major depressive disorder,major_depression,12876,77,Putamen L,0.49742565910492875,0.4884709570676338,0.4952893771352208,145,37,145
Major depressive disorder,major_depression,12876,78,Putamen R,,,,0,0,0
Major depressive disorder,major_depression,12876,79,Pallidum L,0.5166592033290838,0.5252275063812378,0.5169246362932248,145,37,145
Major depressive disorder,major_depression,12876,80,Pallidum R,,,,0,0,0
Major depressive disorder,major_depression,12876,83,Heschl L,0.5115640974573525,0.48341781314322213,0.5015971452237964,145,37,145
Major depressive disorder,major_depression,12876,84,Heschl R,,,,0,0,0
Major depressive disorder,major_depression,12876,85,Temporal Sup L,0.5224082313270092,0.5198267471262784,0.5148671081668711,145,37,145
Major depressive disorder,major_depression,12876,86,Temporal Sup R,,,,0,0,0
Major depressive disorder,major_depression,12876,87,Temporal Pole Sup L,0.5388325139326972,0.5332774282890181,0.5355329590073307,145,37,145
Major depressive disorder,major_depression,12876,88,Temporal Pole Sup R,,,,0,0,0
Major depressive disorder,major_depression,12876,89,Temporal Mid L,0.4984651662227914,0.503459197138147,0.49711580133084177,145,37,145
Major depressive disorder,major_depression,12876,90,Temporal Mid R,,,,0,0,0
Major depressive disorder,major_depression,12876,91,Temporal Pole Mid L,0.46858062176344495,0.4240881301505673,0.4457196912981134,145,37,145
Major depressive disorder,major_depression,12876,93,Temporal Inf L,0.5267730366035929,0.540863700822424,0.5304911317601585,145,37,145
Major depressive disorder,major_depression,12876,94,Temporal Inf R,,,,0,0,0
Major depressive disorder,major_depression,12876,95,Cerebellum Crus1 L,0.49150663939513095,0.5207526234424867,0.4934142115132451,144,36,144
Major depressive disorder,major_depression,12876,96,Cerebellum Crus1 R,,,,0,0,0
Major depressive disorder,major_depression,12876,97,Cerebellum Crus2 L,0.49939024774888235,0.5087906347858179,0.503438179434358,144,36,144
Major depressive disorder,major_depression,12876,98,Cerebellum Crus2 R,,,,0,0,0
Major depressive disorder,major_depression,12876,101,Cerebellum 4 5 L,0.5237571771497096,0.5228625453511904,0.5285901945850139,144,36,144
Major depressive disorder,major_depression,12876,102,Cerebellum 4 5 R,,,,0,0,0
Major depressive disorder,major_depression,12876,103,Cerebellum 6 L,0.5088134571490709,0.4969566964920749,0.5043492260948331,144,36,144
Major depressive disorder,major_depression,12876,104,Cerebellum 6 R,,,,0,0,0
Major depressive disorder,major_depression,12876,105,Cerebellum 7b L,0.4594187216585576,0.467793957726166,0.45135254531460683,144,36,144
Major depressive disorder,major_depression,12876,106,Cerebellum 7b R,,,,0,0,0
Major depressive disorder,major_depression,12876,107,Cerebellum 8 L,0.4490850204655049,0.4341824914126436,0.4425918530171094,144,36,144
Major depressive disorder,major_depression,12876,108,Cerebellum 8 R,,,,0,0,0
Major depressive disorder,major_depression,12876,109,Cerebellum 9 L,0.49324374984219904,0.4872031597876246,0.4859324757948384,144,36,144
Major depressive disorder,major_depression,12876,110,Cerebellum 9 R,,,,0,0,0
Major depressive disorder,major_depression,12876,111,Cerebellum 10 L,0.464772010103984,0.48898800269204756,0.459446176759231,144,36,144
Major depressive disorder,major_depression,12876,118,Vermis 8,,,,0,0,0
Major depressive disorder,major_depression,12876,119,Vermis 9,,,,0,0,0
Major depressive disorder,major_depression,12876,121,Thal AV L,0.5331440286107566,0.5776961542426876,0.5418420230623083,145,37,145
Major depressive disorder,major_depression,12876,122,Thal AV R,,,,0,0,0
Major depressive disorder,major_depression,12876,125,Thal VA L,,,,0,0,0
Major depressive disorder,major_depression,12876,127,Thal VL L,0.5020541829688485,0.47779219706433484,0.49125823627782006,145,37,145
Major depressive disorder,major_depression,12876,128,Thal VL R,,,,0,0,0
Major depressive disorder,major_depression,12876,129,Thal VPL L,0.5190068813611657,0.5058365424406455,0.5109555616897113,145,37,145
Major depressive disorder,major_depression,12876,130,Thal VPL R,,,,0,0,0
Major depressive disorder,major_depression,12876,131,Thal IL L,0.5360644975667794,0.5510018757174714,0.5484139337371414,145,37,145
Major depressive disorder,major_depression,12876,135,Thal MDm L,0.4404121618744112,0.4532180892761392,0.4485851309307851,145,37,145
Major depressive disorder,major_depression,12876,136,Thal MDm R,,,,0,0,0
Major depressive disorder,major_depression,12876,137,Thal MDl L,,,,0,0,0
Major depressive disorder,major_depression,12876,139,Thal LGN L,0.5539511611513273,0.5300142601085088,0.5340661707674189,145,37,145
Major depressive disorder,major_depression,12876,140,Thal LGN R,,,,0,0,0
Major depressive disorder,major_depression,12876,141,Thal MGN L,,,,0,0,0
Major depressive disorder,major_depression,12876,143,Thal PuI L,,,,0,0,0
Major depressive disorder,major_depression,12876,144,Thal PuI R,,,,0,0,0
Major depressive disorder,major_depression,12876,145,Thal PuM L,0.4782536457393325,0.48632804785435263,0.4818561867577957,145,37,145
Major depressive disorder,major_depression,12876,146,Thal PuM R,,,,0,0,0
Major depressive disorder,major_depression,12876,147,Thal PuA L,0.5188887595343505,0.5305380760668261,0.5055001231547128,145,37,145
Major depressive disorder,major_depression,12876,148,Thal PuA R,,,,0,0,0
Major depressive disorder,major_depression,12876,153,ACC pre L,0.519648870401084,0.4598712610176004,0.48832469260737055,145,37,145
Major depressive disorder,major_depression,12876,154,ACC pre R,,,,0,0,0
Major depressive disorder,major_depression,12876,155,ACC sup L,0.3993098184679322,0.35484174026766346,0.37836959470022746,145,37,145
Major depressive disorder,major_depression,12876,156,ACC sup R,,,,0,0,0
Major depressive disorder,major_depression,12876,157,N Acc L,0.5026012346660259,0.494802774052686,0.4910687061254983,145,37,145
Major depressive disorder,major_depression,12876,158,N Acc R,,,,0,0,0
Major depressive disorder,major_depression,12876,161,SN pc L,,,,0,0,0
Major depressive disorder,major_depression,12876,163,SN pr L,0.4897826130255247,0.4836997144948555,0.4772989831824216,145,37,145
Major depressive disorder,major_depression,12876,164,SN pr R,,,,0,0,0
Major depressive disorder,major_depression,12876,165,Red N L,,,,0,0,0
Major depressive disorder,major_depression,12876,166,Red N R,,,,0,0,0
Major depressive disorder,major_depression,12876,167,LC L,,,,0,0,0
Major depressive disorder,major_depression,12876,168,LC R,,,,0,0,0
Major depressive disorder,major_depression,12876,169,Raphe D,,,,0,0,0
Major depressive disorder,major_depression,12876,170,Raphe M,,,,0,0,0
Major depressive disorder,major_depression,14380,1,Precentral L,0.4674562905477393,0.45492285648019765,0.471978536773967,145,37,145
Major depressive disorder,major_depression,14380,2,Precentral R,,,,0,0,0
Major depressive disorder,major_depression,14380,3,Frontal Sup 2 L,0.5153680907674694,0.5075381862781909,0.5193626452491519,145,37,145
Major depressive disorder,major_depression,14380,4,Frontal Sup 2 R,,,,0,0,0
Major depressive disorder,major_depression,14380,5,Frontal Mid 2 L,0.5157513789061263,0.5230353031918573,0.52831083642645,145,37,145
Major depressive disorder,major_depression,14380,6,Frontal Mid 2 R,,,,0,0,0
Major depressive disorder,major_depression,14380,7,Frontal Inf Oper L,,,,0,0,0
Major depressive disorder,major_depression,14380,8,Frontal Inf Oper R,,,,0,0,0
Major depressive disorder,major_depression,14380,9,Frontal Inf Tri L,0.4929395729007565,0.49015944029433417,0.4967977079943659,145,37,145
Major depressive disorder,major_depression,14380,10,Frontal Inf Tri R,,,,0,0,0
Major depressive disorder,major_depression,14380,11,Frontal Inf Orb 2 L,0.5134500323630258,0.5316904283782491,0.5211572060035422,145,37,145
Major depressive disorder,major_depression,14380,12,Frontal Inf Orb 2 R,,,,0,0,0
Major depressive disorder,major_depression,14380,13,Rolandic Oper L,0.5351070655300012,0.5239799325135791,0.5262195675179996,145,37,145
Major depressive disorder,major_depression,14380,14,Rolandic Oper R,,,,0,0,0
Major depressive disorder,major_depression,14380,15,Supp Motor Area L,0.5069243740621945,0.5040889049468401,0.511475160474941,145,37,145
Major depressive disorder,major_depression,14380,16,Supp Motor Area R,,,,0,0,0
Major depressive disorder,major_depression,14380,17,Olfactory L,0.535181289306104,0.506645701502202,0.5166198496458151,145,37,145
Major depressive disorder,major_depression,14380,18,Olfactory R,,,,0,0,0
Major depressive disorder,major_depression,14380,19,Frontal Sup Medial L,0.4776813498885531,0.4398585154819609,0.4669668237259525,145,37,145
Major depressive disorder,major_depression,14380,20,Frontal Sup Medial R,,,,0,0,0
Major depressive disorder,major_depression,14380,21,Frontal Med Orb L,0.5334548703604971,0.49781041357862377,0.5267436557837532,145,37,145
Major depressive disorder,major_depression,14380,22,Frontal Med Orb R,,,,0,0,0
Major depressive disorder,major_depression,14380,23,Rectus L,0.5016535889588114,0.4877112334602776,0.5037988580499897,145,37,145
Major depressive disorder,major_depression,14380,24,Rectus R,,,,0,0,0
Major depressive disorder,major_depression,14380,25,OFCmed L,0.5387127273986646,0.5323186868505531,0.5356313538397033,145,37,145
Major depressive disorder,major_depression,14380,26,OFCmed R,,,,0,0,0
Major depressive disorder,major_depression,14380,27,OFCant L,0.4816686312960531,0.487817410282045,0.48729155753262166,145,37,145
Major depressive disorder,major_depression,14380,28,OFCant R,,,,0,0,0
Major depressive disorder,major_depression,14380,29,OFCpost L,0.5189880016573947,0.4863499368749143,0.5070645153094246,145,37,145
Major depressive disorder,major_depression,14380,30,OFCpost R,,,,0,0,0
Major depressive disorder,major_depression,14380,31,OFClat L,0.5075696954443464,0.5309428922647526,0.5187472987495088,145,37,145
Major depressive disorder,major_depression,14380,32,OFClat R,,,,0,0,0
Major depressive disorder,major_depression,14380,33,Insula L,0.520577590116539,0.5209631517108619,0.5218492071286386,145,37,145
Major depressive disorder,major_depression,14380,34,Insula R,,,,0,0,0
Major depressive disorder,major_depression,14380,37,Cingulate Mid L,0.5042167255503525,0.4905718531097364,0.49604579357512757,145,37,145
Major depressive disorder,major_depression,14380,38,Cingulate Mid R,,,,0,0,0
Major depressive disorder,major_depression,14380,39,Cingulate Post L,,,,0,0,0
Major depressive disorder,major_depression,14380,41,Hippocampus L,0.5208401651126008,0.5331879775144518,0.5308158095213048,145,37,145
Major depressive disorder,major_depression,14380,42,Hippocampus R,,,,0,0,0
Major depressive disorder,major_depression,14380,43,ParaHippocampal L,0.5407953909361346,0.5371582921802281,0.5381763594317714,145,37,145
Major depressive disorder,major_depression,14380,44,ParaHippocampal R,,,,0,0,0
Major depressive disorder,major_depression,14380,45,Amygdala L,0.5371302473419758,0.5326440115267868,0.5276113245382067,145,37,145
Major depressive disorder,major_depression,14380,46,Amygdala R,,,,0,0,0
Major depressive disorder,major_depression,14380,47,Calcarine L,0.48602601069131274,0.5162373773203651,0.491573295056543,145,37,145
Major depressive disorder,major_depression,14380,48,Calcarine R,,,,0,0,0
Major depressive disorder,major_depression,14380,49,Cuneus L,0.5323537470358995,0.5997645442279772,0.5572304681063199,145,37,145
Major depressive disorder,major_depression,14380,51,Lingual L,0.4883044905159899,0.5055726293783845,0.489560695336629,145,37,145
Major depressive disorder,major_depression,14380,52,Lingual R,,,,0,0,0
Major depressive disorder,major_depression,14380,53,Occipital Sup L,0.4804001884153379,0.49351076322803855,0.4852572161354249,145,37,145
Major depressive disorder,major_depression,14380,55,Occipital Mid L,0.49131945261096543,0.5076067835997843,0.496102692587493,145,37,145
Major depressive disorder,major_depression,14380,56,Occipital Mid R,,,,0,0,0
Major depressive disorder,major_depression,14380,57,Occipital Inf L,0.5165084623340506,0.5451120217686498,0.525609197635308,145,37,145
Major depressive disorder,major_depression,14380,58,Occipital Inf R,,,,0,0,0
Major depressive disorder,major_depression,14380,59,Fusiform L,0.5318483359094907,0.5311946411723631,0.5298149923328884,145,37,145
Major depressive disorder,major_depression,14380,60,Fusiform R,,,,0,0,0
Major depressive disorder,major_depression,14380,61,Postcentral L,0.4846315934201937,0.48643677441357003,0.48676606706993475,145,37,145
Major depressive disorder,major_depression,14380,62,Postcentral R,,,,0,0,0
Major depressive disorder,major_depression,14380,63,Parietal Sup L,0.49382305174748914,0.5065126788308286,0.5007081334906613,145,37,145
Major depressive disorder,major_depression,14380,64,Parietal Sup R,,,,0,0,0
Major depressive disorder,major_depression,14380,65,Parietal Inf L,0.5131466056535328,0.5126515654200329,0.5203238008562315,145,37,145
Major depressive disorder,major_depression,14380,66,Parietal Inf R,,,,0,0,0
Major depressive disorder,major_depression,14380,67,SupraMarginal L,0.5279704941465502,0.551064678139105,0.5417695512527301,145,37,145
Major depressive disorder,major_depression,14380,68,SupraMarginal R,,,,0,0,0
Major depressive disorder,major_depression,14380,69,Angular L,0.5008848554245041,0.48233707328606484,0.4973848990664152,145,37,145
Major depressive disorder,major_depression,14380,70,Angular R,,,,0,0,0
Major depressive disorder,major_depression,14380,71,Precuneus L,0.49874010055738294,0.48841480725719477,0.49892292188586757,145,37,145
Major depressive disorder,major_depression,14380,72,Precuneus R,,,,0,0,0
Major depressive disorder,major_depression,14380,73,Paracentral Lobule L,0.4708702346663782,0.4570262946043009,0.46238205319004333,145,37,145
Major depressive disorder,major_depression,14380,74,Paracentral Lobule R,,,,0,0,0
Major depressive disorder,major_depression,14380,75,Caudate L,0.507091947935516,0.5294830550336065,0.5163230179876719,145,37,145
Major depressive disorder,major_depression,14380,76,Caudate R,,,,0,0,0
Major depressive disorder,major_depression,14380,77,Putamen L,0.48601606564909605,0.510682456949219,0.49430603541061197,145,37,145
Major depressive disorder,major_depression,14380,78,Putamen R,,,,0,0,0
Major depressive disorder,major_depression,14380,79,Pallidum L,0.4881528017967545,0.48429825277740035,0.4807796078078333,145,37,145
Major depressive disorder,major_depression,14380,80,Pallidum R,,,,0,0,0
Major depressive disorder,major_depression,14380,83,Heschl L,,,,0,0,0
Major depressive disorder,major_depression,14380,84,Heschl R,,,,0,0,0
Major depressive disorder,major_depression,14380,85,Temporal Sup L,0.5261948673859804,0.528194201527007,0.5261819278582532,145,37,145
Major depressive disorder,major_depression,14380,86,Temporal Sup R,,,,0,0,0
Major depressive disorder,major_depression,14380,87,Temporal Pole Sup L,0.5030942173528086,0.4897058919992286,0.488282768803736,145,37,145
Major depressive disorder,major_depression,14380,88,Temporal Pole Sup R,,,,0,0,0
Major depressive disorder,major_depression,14380,89,Temporal Mid L,0.498697183390223,0.4979445175279579,0.49907766488957545,145,37,145
Major depressive disorder,major_depression,14380,90,Temporal Mid R,,,,0,0,0
Major depressive disorder,major_depression,14380,91,Temporal Pole Mid L,0.5271620704749272,0.4956161835734894,0.5030561919573274,145,37,145
Major depressive disorder,major_depression,14380,93,Temporal Inf L,0.5239973794968764,0.520848185569116,0.521190325838717,145,37,145
Major depressive disorder,major_depression,14380,94,Temporal Inf R,,,,0,0,0
Major depressive disorder,major_depression,14380,95,Cerebellum Crus1 L,0.5044095921693759,0.515990076153021,0.4987952572095546,144,36,144
Major depressive disorder,major_depression,14380,96,Cerebellum Crus1 R,,,,0,0,0
Major depressive disorder,major_depression,14380,97,Cerebellum Crus2 L,0.4827572791257235,0.47209515868212903,0.4792286911729914,144,36,144
Major depressive disorder,major_depression,14380,98,Cerebellum Crus2 R,,,,0,0,0
Major depressive disorder,major_depression,14380,101,Cerebellum 4 5 L,0.4845837252003666,0.5019499355718838,0.48756320524421287,144,36,144
Major depressive disorder,major_depression,14380,102,Cerebellum 4 5 R,,,,0,0,0
Major depressive disorder,major_depression,14380,103,Cerebellum 6 L,0.48939391132557375,0.5200618058962683,0.48870995126379146,144,36,144
Major depressive disorder,major_depression,14380,104,Cerebellum 6 R,,,,0,0,0
Major depressive disorder,major_depression,14380,105,Cerebellum 7b L,0.46972357401142756,0.47151499227219823,0.4782936628274018,144,36,144
Major depressive disorder,major_depression,14380,106,Cerebellum 7b R,,,,0,0,0
Major depressive disorder,major_depression,14380,107,Cerebellum 8 L,0.4774229727960086,0.5022879399296201,0.46453221714841525,144,36,144
Major depressive disorder,major_depression,14380,108,Cerebellum 8 R,,,,0,0,0
Major depressive disorder,major_depression,14380,109,Cerebellum 9 L,0.5190285405099291,0.4956151719181449,0.5111656876260724,144,36,144
Major depressive disorder,major_depression,14380,110,Cerebellum 9 R,,,,0,0,0
Major depressive disorder,major_depression,14380,111,Cerebellum 10 L,0.5792952615451072,0.6034018633947931,0.6038743679183073,144,36,144
Major depressive disorder,major_depression,14380,118,Vermis 8,,,,0,0,0
Major depressive disorder,major_depression,14380,119,Vermis 9,0.5389256532410026,0.5595029165248575,0.5672532504355664,144,36,144
Major depressive disorder,major_depression,14380,121,Thal AV L,0.5356597480405612,0.5647186540168374,0.5427301986525319,145,37,145
Major depressive disorder,major_depression,14380,122,Thal AV R,,,,0,0,0
Major depressive disorder,major_depression,14380,125,Thal VA L,0.5051110705794997,0.5198901558780372,0.5057707950504462,145,37,145
Major depressive disorder,major_depression,14380,127,Thal VL L,0.5327836602619209,0.5643189013097266,0.5367541715661567,145,37,145
Major depressive disorder,major_depression,14380,128,Thal VL R,,,,0,0,0
Major depressive disorder,major_depression,14380,129,Thal VPL L,0.5003775735285609,0.5037763875914002,0.4923320807447674,145,37,145
Major depressive disorder,major_depression,14380,130,Thal VPL R,,,,0,0,0
Major depressive disorder,major_depression,14380,131,Thal IL L,0.5329873511979069,0.5931501611860371,0.5540596523071648,145,37,145
Major depressive disorder,major_depression,14380,135,Thal MDm L,,,,0,0,0
Major depressive disorder,major_depression,14380,136,Thal MDm R,,,,0,0,0
Major depressive disorder,major_depression,14380,137,Thal MDl L,,,,0,0,0
Major depressive disorder,major_depression,14380,139,Thal LGN L,0.5301382302040595,0.5424922332107011,0.5239658668197958,145,37,145
Major depressive disorder,major_depression,14380,140,Thal LGN R,,,,0,0,0
Major depressive disorder,major_depression,14380,141,Thal MGN L,,,,0,0,0
Major depressive disorder,major_depression,14380,143,Thal PuI L,,,,0,0,0
Major depressive disorder,major_depression,14380,144,Thal PuI R,,,,0,0,0
Major depressive disorder,major_depression,14380,145,Thal PuM L,0.5173375607935041,0.5169615710950647,0.5071998748853,145,37,145
Major depressive disorder,major_depression,14380,146,Thal PuM R,,,,0,0,0
Major depressive disorder,major_depression,14380,147,Thal PuA L,0.5293945312245087,0.552660513200711,0.533331012349822,145,37,145
Major depressive disorder,major_depression,14380,148,Thal PuA R,,,,0,0,0
Major depressive disorder,major_depression,14380,153,ACC pre L,,,,0,0,0
Major depressive disorder,major_depression,14380,154,ACC pre R,,,,0,0,0
Major depressive disorder,major_depression,14380,155,ACC sup L,0.49359408300408464,0.4567737537344367,0.47864998781349194,145,37,145
Major depressive disorder,major_depression,14380,156,ACC sup R,,,,0,0,0
Major depressive disorder,major_depression,14380,157,N Acc L,0.5002142683543834,0.48070791397842916,0.48093394108418697,145,37,145
Major depressive disorder,major_depression,14380,158,N Acc R,,,,0,0,0
Major depressive disorder,major_depression,14380,161,SN pc L,,,,0,0,0
Major depressive disorder,major_depression,14380,163,SN pr L,0.49888949066953636,0.4713139490065839,0.4929431625655519,145,37,145
Major depressive disorder,major_depression,14380,164,SN pr R,,,,0,0,0
Major depressive disorder,major_depression,14380,165,Red N L,0.49641170960931363,0.4591692169802558,0.4796347720563492,145,37,145
Major depressive disorder,major_depression,14380,166,Red N R,,,,0,0,0
Major depressive disorder,major_depression,14380,167,LC L,0.4691878023623823,0.45861948591609875,0.4657600887410056,145,37,145
Major depressive disorder,major_depression,14380,168,LC R,,,,0,0,0
Major depressive disorder,major_depression,14380,169,Raphe D,,,,0,0,0
Major depressive disorder,major_depression,14380,170,Raphe M,0.49348954459844135,0.46879370630487943,0.476856979119188,145,37,145
Major depressive disorder,major_depression,15496,1,Precentral L,0.4666882894019609,0.4753096305560403,0.4797002981023344,145,37,145
Major depressive disorder,major_depression,15496,2,Precentral R,,,,0,0,0
Major depressive disorder,major_depression,15496,3,Frontal Sup 2 L,0.5018914540090107,0.49916647512408846,0.5009587262567708,145,37,145
Major depressive disorder,major_depression,15496,4,Frontal Sup 2 R,,,,0,0,0
Major depressive disorder,major_depression,15496,5,Frontal Mid 2 L,0.5050779772726377,0.5132093141383256,0.5160377671983769,145,37,145
Major depressive disorder,major_depression,15496,6,Frontal Mid 2 R,,,,0,0,0
Major depressive disorder,major_depression,15496,7,Frontal Inf Oper L,0.47194910626455416,0.4783044036535092,0.4699713428840412,145,37,145
Major depressive disorder,major_depression,15496,8,Frontal Inf Oper R,,,,0,0,0
Major depressive disorder,major_depression,15496,9,Frontal Inf Tri L,0.5037106981978752,0.5147736796983916,0.5023986114323151,145,37,145
Major depressive disorder,major_depression,15496,10,Frontal Inf Tri R,,,,0,0,0
Major depressive disorder,major_depression,15496,11,Frontal Inf Orb 2 L,0.518935675158937,0.5280041318387129,0.5244238315521256,145,37,145
Major depressive disorder,major_depression,15496,12,Frontal Inf Orb 2 R,,,,0,0,0
Major depressive disorder,major_depression,15496,13,Rolandic Oper L,0.494874798534146,0.5059627578857717,0.49507149611117257,145,37,145
Major depressive disorder,major_depression,15496,14,Rolandic Oper R,,,,0,0,0
Major depressive disorder,major_depression,15496,15,Supp Motor Area L,0.46588155477073945,0.47250318344526865,0.47494292788732306,145,37,145
Major depressive disorder,major_depression,15496,16,Supp Motor Area R,,,,0,0,0
Major depressive disorder,major_depression,15496,17,Olfactory L,,,,0,0,0
Major depressive disorder,major_depression,15496,18,Olfactory R,,,,0,0,0
Major depressive disorder,major_depression,15496,19,Frontal Sup Medial L,0.4925168955946694,0.487745048528474,0.49876592630877264,145,37,145
Major depressive disorder,major_depression,15496,20,Frontal Sup Medial R,,,,0,0,0
Major depressive disorder,major_depression,15496,21,Frontal Med Orb L,0.5300624554814833,0.5541145956408181,0.5523862529031067,145,37,145
Major depressive disorder,major_depression,15496,22,Frontal Med Orb R,,,,0,0,0
Major depressive disorder,major_depression,15496,23,Rectus L,0.47495843981348407,0.4524299480784241,0.46692704252187983,145,37,145
Major depressive disorder,major_depression,15496,24,Rectus R,,,,0,0,0
Major depressive disorder,major_depression,15496,25,OFCmed L,0.502127160048648,0.5008973826329131,0.5036592659800855,145,37,145
Major depressive disorder,major_depression,15496,26,OFCmed R,,,,0,0,0
Major depressive disorder,major_depression,15496,27,OFCant L,0.5302323839805614,0.538141218320783,0.5381911288378981,145,37,145
Major depressive disorder,major_depression,15496,28,OFCant R,,,,0,0,0
Major depressive disorder,major_depression,15496,29,OFCpost L,0.514458393372269,0.5058318626597641,0.5008239293249188,145,37,145
Major depressive disorder,major_depression,15496,30,OFCpost R,,,,0,0,0
Major depressive disorder,major_depression,15496,31,OFClat L,0.49169164634563106,0.4879901049829147,0.48161425471505404,145,37,145
Major depressive disorder,major_depression,15496,32,OFClat R,,,,0,0,0
Major depressive disorder,major_depression,15496,33,Insula L,0.5152831773698726,0.5244027125069475,0.5096129606313579,145,37,145
Major depressive disorder,major_depression,15496,34,Insula R,,,,0,0,0
Major depressive disorder,major_depression,15496,37,Cingulate Mid L,0.481795753967841,0.49074777211026993,0.48847211951337965,145,37,145
Major depressive disorder,major_depression,15496,38,Cingulate Mid R,,,,0,0,0
Major depressive disorder,major_depression,15496,39,Cingulate Post L,0.48850123194013134,0.4621021321085374,0.4792564503222122,145,37,145
Major depressive disorder,major_depression,15496,41,Hippocampus L,0.5215796621807433,0.5453998392659103,0.540931757518813,145,37,145
Major depressive disorder,major_depression,15496,42,Hippocampus R,,,,0,0,0
Major depressive disorder,major_depression,15496,43,ParaHippocampal L,0.523166129337061,0.501558031803803,0.5158669716123025,145,37,145
Major depressive disorder,major_depression,15496,44,ParaHippocampal R,,,,0,0,0
Major depressive disorder,major_depression,15496,45,Amygdala L,0.5285723307409776,0.5630469652061425,0.5474908372344934,145,37,145
Major depressive disorder,major_depression,15496,46,Amygdala R,,,,0,0,0
Major depressive disorder,major_depression,15496,47,Calcarine L,0.5319903137375394,0.5351104414273308,0.5256802151932732,145,37,145
Major depressive disorder,major_depression,15496,48,Calcarine R,,,,0,0,0
Major depressive disorder,major_depression,15496,49,Cuneus L,0.5048569283446648,0.5462649039976685,0.5234703760976899,145,37,145
Major depressive disorder,major_depression,15496,51,Lingual L,0.5199295530706824,0.4955701315434386,0.5003793437348807,145,37,145
Major depressive disorder,major_depression,15496,52,Lingual R,,,,0,0,0
Major depressive disorder,major_depression,15496,53,Occipital Sup L,0.5222627191215219,0.5414141203295417,0.5264062866999565,145,37,145
Major depressive disorder,major_depression,15496,55,Occipital Mid L,0.5013135496330885,0.5083270526698752,0.5039072428370948,145,37,145
Major depressive disorder,major_depression,15496,56,Occipital Mid R,,,,0,0,0
Major depressive disorder,major_depression,15496,57,Occipital Inf L,0.5188198637950122,0.518667003873961,0.513155986906032,145,37,145
Major depressive disorder,major_depression,15496,58,Occipital Inf R,,,,0,0,0
Major depressive disorder,major_depression,15496,59,Fusiform L,0.49843283979686287,0.49925158082395116,0.4930632258688501,145,37,145
Major depressive disorder,major_depression,15496,60,Fusiform R,,,,0,0,0
Major depressive disorder,major_depression,15496,61,Postcentral L,0.48179576039332095,0.4726435522212169,0.4753660945149779,145,37,145
Major depressive disorder,major_depression,15496,62,Postcentral R,,,,0,0,0
Major depressive disorder,major_depression,15496,63,Parietal Sup L,0.5154781410697827,0.5368727383765654,0.5319930055400143,145,37,145
Major depressive disorder,major_depression,15496,64,Parietal Sup R,,,,0,0,0
Major depressive disorder,major_depression,15496,65,Parietal Inf L,0.513005589855989,0.5181411075918348,0.5192652935672536,145,37,145
Major depressive disorder,major_depression,15496,66,Parietal Inf R,,,,0,0,0
Major depressive disorder,major_depression,15496,67,SupraMarginal L,0.4596574455798418,0.462727435724609,0.4692913386752757,145,37,145
Major depressive disorder,major_depression,15496,68,SupraMarginal R,,,,0,0,0
Major depressive disorder,major_depression,15496,69,Angular L,0.506346179127617,0.501201275375698,0.5117266630689252,145,37,145
Major depressive disorder,major_depression,15496,70,Angular R,,,,0,0,0
Major depressive disorder,major_depression,15496,71,Precuneus L,0.4903009165161636,0.4858194685371279,0.48864890480190776,145,37,145
Major depressive disorder,major_depression,15496,72,Precuneus R,,,,0,0,0
Major depressive disorder,major_depression,15496,73,Paracentral Lobule L,0.43365783303977135,0.4431991055670389,0.4342092056513206,145,37,145
Major depressive disorder,major_depression,15496,74,Paracentral Lobule R,,,,0,0,0
Major depressive disorder,major_depression,15496,75,Caudate L,0.512979717637407,0.5579847203416091,0.5242446249115656,145,37,145
Major depressive disorder,major_depression,15496,76,Caudate R,,,,0,0,0
Major depressive disorder,major_depression,15496,77,Putamen L,0.4980900526481952,0.5318518544185267,0.5095565323679693,145,37,145
Major depressive disorder,major_depression,15496,78,Putamen R,,,,0,0,0
Major depressive disorder,major_depression,15496,79,Pallidum L,0.5044612314348498,0.5130556487151354,0.5005666672139413,145,37,145
Major depressive disorder,major_depression,15496,80,Pallidum R,,,,0,0,0
Major depressive disorder,major_depression,15496,83,Heschl L,0.521527785097319,0.5493744392369226,0.5147974089099189,145,37,145
Major depressive disorder,major_depression,15496,84,Heschl R,,,,0,0,0
Major depressive disorder,major_depression,15496,85,Temporal Sup L,0.47558810080400493,0.4612118823330252,0.46608725201051376,145,37,145
Major depressive disorder,major_depression,15496,86,Temporal Sup R,,,,0,0,0
Major depressive disorder,major_depression,15496,87,Temporal Pole Sup L,0.5091975873380455,0.519924378568565,0.5124936159092581,145,37,145
Major depressive disorder,major_depression,15496,88,Temporal Pole Sup R,,,,0,0,0
Major depressive disorder,major_depression,15496,89,Temporal Mid L,0.49258023115044713,0.49539573790997893,0.49667823814858997,145,37,145
Major depressive disorder,major_depression,15496,90,Temporal Mid R,,,,0,0,0
Major depressive disorder,major_depression,15496,91,Temporal Pole Mid L,0.5269767859055552,0.5232251972145374,0.5246929198070317,145,37,145
Major depressive disorder,major_depression,15496,93,Temporal Inf L,0.5108029302783514,0.5200362778924067,0.5131553708693892,145,37,145
Major depressive disorder,major_depression,15496,94,Temporal Inf R,,,,0,0,0
Major depressive disorder,major_depression,15496,95,Cerebellum Crus1 L,0.4774201052634259,0.4490334718368706,0.46730820144063834,145,37,145
Major depressive disorder,major_depression,15496,96,Cerebellum Crus1 R,,,,0,0,0
Major depressive disorder,major_depression,15496,97,Cerebellum Crus2 L,0.4588717005248394,0.4371813526684642,0.4540274431755323,145,37,145
Major depressive disorder,major_depression,15496,98,Cerebellum Crus2 R,,,,0,0,0
Major depressive disorder,major_depression,15496,101,Cerebellum 4 5 L,0.4865807172856666,0.49194504927361843,0.48468727501811115,145,37,145
Major depressive disorder,major_depression,15496,102,Cerebellum 4 5 R,,,,0,0,0
Major depressive disorder,major_depression,15496,103,Cerebellum 6 L,0.4907725613686921,0.48388414778705446,0.48778988428396103,145,37,145
Major depressive disorder,major_depression,15496,104,Cerebellum 6 R,,,,0,0,0
Major depressive disorder,major_depression,15496,105,Cerebellum 7b L,0.5175547361424341,0.5351865813402727,0.5255600452073732,145,37,145
Major depressive disorder,major_depression,15496,106,Cerebellum 7b R,,,,0,0,0
Major depressive disorder,major_depression,15496,107,Cerebellum 8 L,0.49333683794591476,0.5074460559896558,0.49044128693442546,145,37,145
Major depressive disorder,major_depression,15496,108,Cerebellum 8 R,,,,0,0,0
Major depressive disorder,major_depression,15496,109,Cerebellum 9 L,0.4842994848103762,0.4703791015816159,0.45731572450167546,145,37,145
Major depressive disorder,major_depression,15496,110,Cerebellum 9 R,,,,0,0,0
Major depressive disorder,major_depression,15496,111,Cerebellum 10 L,0.5393117050154497,0.5064863366357603,0.5217112760286524,145,37,145
Major depressive disorder,major_depression,15496,118,Vermis 8,,,,0,0,0
Major depressive disorder,major_depression,15496,119,Vermis 9,,,,0,0,0
Major depressive disorder,major_depression,15496,121,Thal AV L,,,,0,0,0
Major depressive disorder,major_depression,15496,122,Thal AV R,,,,0,0,0
Major depressive disorder,major_depression,15496,125,Thal VA L,0.493166508892615,0.5034513116049102,0.4864267033596477,145,37,145
Major depressive disorder,major_depression,15496,127,Thal VL L,0.48588073790353015,0.4860262803636471,0.4773161441110332,145,37,145
Major depressive disorder,major_depression,15496,128,Thal VL R,,,,0,0,0
Major depressive disorder,major_depression,15496,129,Thal VPL L,0.4646973135262762,0.436604806407071,0.44368264074229863,145,37,145
Major depressive disorder,major_depression,15496,130,Thal VPL R,,,,0,0,0
Major depressive disorder,major_depression,15496,131,Thal IL L,,,,0,0,0
Major depressive disorder,major_depression,15496,135,Thal MDm L,,,,0,0,0
Major depressive disorder,major_depression,15496,136,Thal MDm R,,,,0,0,0
Major depressive disorder,major_depression,15496,137,Thal MDl L,0.49909110718490624,0.5137075929198537,0.4961304109896976,145,37,145
Major depressive disorder,major_depression,15496,139,Thal LGN L,0.5326517770431602,0.56615866379749,0.5290830168486376,145,37,145
Major depressive disorder,major_depression,15496,140,Thal LGN R,,,,0,0,0
Major depressive disorder,major_depression,15496,141,Thal MGN L,,,,0,0,0
Major depressive disorder,major_depression,15496,143,Thal PuI L,,,,0,0,0
Major depressive disorder,major_depression,15496,144,Thal PuI R,,,,0,0,0
Major depressive disorder,major_depression,15496,145,Thal PuM L,,,,0,0,0
Major depressive disorder,major_depression,15496,146,Thal PuM R,,,,0,0,0
Major depressive disorder,major_depression,15496,147,Thal PuA L,,,,0,0,0
Major depressive disorder,major_depression,15496,148,Thal PuA R,,,,0,0,0
Major depressive disorder,major_depression,15496,153,ACC pre L,,,,0,0,0
Major depressive disorder,major_depression,15496,154,ACC pre R,,,,0,0,0
Major depressive disorder,major_depression,15496,155,ACC sup L,0.4975003996881971,0.4924871865356457,0.4950502154501567,145,37,145
Major depressive disorder,major_depression,15496,156,ACC sup R,,,,0,0,0
Major depressive disorder,major_depression,15496,157,N Acc L,0.5320784708978695,0.5668706027362457,0.5387453960113091,145,37,145
Major depressive disorder,major_depression,15496,158,N Acc R,,,,0,0,0
Major depressive disorder,major_depression,15496,161,SN pc L,0.4549389900188987,0.45863233339466,0.4595649787296202,145,37,145
Major depressive disorder,major_depression,15496,163,SN pr L,0.5140708800661714,0.47374916453495103,0.5018197777068756,145,37,145
Major depressive disorder,major_depression,15496,164,SN pr R,,,,0,0,0
Major depressive disorder,major_depression,15496,165,Red N L,,,,0,0,0
Major depressive disorder,major_depression,15496,166,Red N R,,,,0,0,0
Major depressive disorder,major_depression,15496,167,LC L,0.4815634260524911,0.4740913378497789,0.47764765507037354,145,37,145
Major depressive disorder,major_depression,15496,168,LC R,,,,0,0,0
Major depressive disorder,major_depression,15496,169,Raphe D,,,,0,0,0
Major depressive disorder,major_depression,15496,170,Raphe M,,,,0,0,0
Major depressive disorder,major_depression,15697,1,Precentral L,0.47603332563283124,0.4774129825311888,0.4812653592614833,145,37,145
Major depressive disorder,major_depression,15697,2,Precentral R,,,,0,0,0
Major depressive disorder,major_depression,15697,3,Frontal Sup 2 L,0.45417942964077546,0.45770816204525167,0.46809898911488085,145,37,145
Major depressive disorder,major_depression,15697,4,Frontal Sup 2 R,,,,0,0,0
Major depressive disorder,major_depression,15697,5,Frontal Mid 2 L,0.48793302701544633,0.4850952159642223,0.4933220052556698,145,37,145
Major depressive disorder,major_depression,15697,6,Frontal Mid 2 R,,,,0,0,0
Major depressive disorder,major_depression,15697,7,Frontal Inf Oper L,0.4267216797768384,0.43313126074699104,0.43430875456671447,145,37,145
Major depressive disorder,major_depression,15697,8,Frontal Inf Oper R,,,,0,0,0
Major depressive disorder,major_depression,15697,9,Frontal Inf Tri L,0.5407668739717483,0.5648508000021526,0.5531944977536578,145,37,145
Major depressive disorder,major_depression,15697,10,Frontal Inf Tri R,,,,0,0,0
Major depressive disorder,major_depression,15697,11,Frontal Inf Orb 2 L,0.49459572536636054,0.5095563836951469,0.5006410171559333,145,37,145
Major depressive disorder,major_depression,15697,12,Frontal Inf Orb 2 R,,,,0,0,0
Major depressive disorder,major_depression,15697,13,Rolandic Oper L,0.5251248274410517,0.5637588407513257,0.5335241380929848,145,37,145
Major depressive disorder,major_depression,15697,14,Rolandic Oper R,,,,0,0,0
Major depressive disorder,major_depression,15697,15,Supp Motor Area L,0.4391455210726236,0.45731537873941697,0.45545312973012786,145,37,145
Major depressive disorder,major_depression,15697,16,Supp Motor Area R,,,,0,0,0
Major depressive disorder,major_depression,15697,17,Olfactory L,,,,0,0,0
Major depressive disorder,major_depression,15697,18,Olfactory R,,,,0,0,0
Major depressive disorder,major_depression,15697,19,Frontal Sup Medial L,0.5006567812320225,0.5024425047959551,0.5035120298203336,145,37,145
Major depressive disorder,major_depression,15697,20,Frontal Sup Medial R,,,,0,0,0
Major depressive disorder,major_depression,15697,21,Frontal Med Orb L,0.4216470645963678,0.4376523051271646,0.4242159395610971,145,37,145
Major depressive disorder,major_depression,15697,22,Frontal Med Orb R,,,,0,0,0
Major depressive disorder,major_depression,15697,23,Rectus L,0.5525766061702865,0.5595270336751467,0.5606193002648628,145,37,145
Major depressive disorder,major_depression,15697,24,Rectus R,,,,0,0,0
Major depressive disorder,major_depression,15697,25,OFCmed L,0.5084845106904815,0.5211091306417855,0.5148250199156357,145,37,145
Major depressive disorder,major_depression,15697,26,OFCmed R,,,,0,0,0
Major depressive disorder,major_depression,15697,27,OFCant L,0.5608392955495337,0.5469458690179912,0.55906694105678,145,37,145
Major depressive disorder,major_depression,15697,28,OFCant R,,,,0,0,0
Major depressive disorder,major_depression,15697,29,OFCpost L,0.4972256785945386,0.509651045895286,0.4993303418562611,145,37,145
Major depressive disorder,major_depression,15697,30,OFCpost R,,,,0,0,0
Major depressive disorder,major_depression,15697,31,OFClat L,0.457546047111997,0.4625911665052274,0.45859531165040524,145,37,145
Major depressive disorder,major_depression,15697,32,OFClat R,,,,0,0,0
Major depressive disorder,major_depression,15697,33,Insula L,0.5308008788538167,0.5517263643836398,0.5329921973465283,145,37,145
Major depressive disorder,major_depression,15697,34,Insula R,,,,0,0,0
Major depressive disorder,major_depression,15697,37,Cingulate Mid L,0.495541549759767,0.516850642900912,0.508266298735628,145,37,145
Major depressive disorder,major_depression,15697,38,Cingulate Mid R,,,,0,0,0
Major depressive disorder,major_depression,15697,39,Cingulate Post L,0.5424939369185166,0.5642249544657963,0.5460222789739108,145,37,145
Major depressive disorder,major_depression,15697,41,Hippocampus L,0.5194391237630975,0.533527386865601,0.5332309386937699,145,37,145
Major depressive disorder,major_depression,15697,42,Hippocampus R,,,,0,0,0
Major depressive disorder,major_depression,15697,43,ParaHippocampal L,0.5555223275362664,0.5553785070925461,0.5655071002679215,145,37,145
Major depressive disorder,major_depression,15697,44,ParaHippocampal R,,,,0,0,0
Major depressive disorder,major_depression,15697,45,Amygdala L,0.5149341393463256,0.523170443704252,0.518212398876572,145,37,145
Major depressive disorder,major_depression,15697,46,Amygdala R,,,,0,0,0
Major depressive disorder,major_depression,15697,47,Calcarine L,0.5428657323593659,0.49259676876608316,0.5172788765028036,145,37,145
Major depressive disorder,major_depression,15697,48,Calcarine R,,,,0,0,0
Major depressive disorder,major_depression,15697,49,Cuneus L,0.5468541650011596,0.5508447690734956,0.5491688945254466,145,37,145
Major depressive disorder,major_depression,15697,51,Lingual L,0.5514487155379397,0.5422915170574601,0.5408262226179021,145,37,145
Major depressive disorder,major_depression,15697,52,Lingual R,,,,0,0,0
Major depressive disorder,major_depression,15697,53,Occipital Sup L,0.5337562620632327,0.5785020975984564,0.5462330015319695,145,37,145
Major depressive disorder,major_depression,15697,55,Occipital Mid L,0.5619654762152477,0.5642964516463166,0.564728472831843,145,37,145
Major depressive disorder,major_depression,15697,56,Occipital Mid R,,,,0,0,0
Major depressive disorder,major_depression,15697,57,Occipital Inf L,0.5279157406523878,0.497461560436344,0.507087074974355,145,37,145
Major depressive disorder,major_depression,15697,58,Occipital Inf R,,,,0,0,0
Major depressive disorder,major_depression,15697,59,Fusiform L,0.5116036235347187,0.5054436998768271,0.5088511700853221,145,37,145
Major depressive disorder,major_depression,15697,60,Fusiform R,,,,0,0,0
Major depressive disorder,major_depression,15697,61,Postcentral L,0.5121187889921933,0.5221783876931687,0.5163300206565565,145,37,145
Major depressive disorder,major_depression,15697,62,Postcentral R,,,,0,0,0
Major depressive disorder,major_depression,15697,63,Parietal Sup L,0.5178192485977506,0.5318759930721152,0.5295300901847974,145,37,145
Major depressive disorder,major_depression,15697,64,Parietal Sup R,,,,0,0,0
Major depressive disorder,major_depression,15697,65,Parietal Inf L,0.4916730041808833,0.49533983548774047,0.5011074431212612,145,37,145
Major depressive disorder,major_depression,15697,66,Parietal Inf R,,,,0,0,0
Major depressive disorder,major_depression,15697,67,SupraMarginal L,0.37827781782686687,0.3990690155645771,0.3888240974739924,145,37,145
Major depressive disorder,major_depression,15697,68,SupraMarginal R,,,,0,0,0
Major depressive disorder,major_depression,15697,69,Angular L,,,,0,0,0
Major depressive disorder,major_depression,15697,70,Angular R,,,,0,0,0
Major depressive disorder,major_depression,15697,71,Precuneus L,0.48364557206520925,0.49212122264391045,0.4895558716420152,145,37,145
Major depressive disorder,major_depression,15697,72,Precuneus R,,,,0,0,0
Major depressive disorder,major_depression,15697,73,Paracentral Lobule L,0.505469847954584,0.5246198036013819,0.5116385000944493,145,37,145
Major depressive disorder,major_depression,15697,74,Paracentral Lobule R,,,,0,0,0
Major depressive disorder,major_depression,15697,75,Caudate L,0.5195055970682606,0.5442138606298389,0.5287325595435475,145,37,145
Major depressive disorder,major_depression,15697,76,Caudate R,,,,0,0,0
Major depressive disorder,major_depression,15697,77,Putamen L,0.491532838947965,0.5017315746910466,0.49244705271464834,145,37,145
Major depressive disorder,major_depression,15697,78,Putamen R,,,,0,0,0
Major depressive disorder,major_depression,15697,79,Pallidum L,0.48660366913745157,0.4841129143955356,0.4875825869517905,145,37,145
Major depressive disorder,major_depression,15697,80,Pallidum R,,,,0,0,0
Major depressive disorder,major_depression,15697,83,Heschl L,0.5791794994766089,0.5711669576334492,0.5710757289509459,145,37,145
Major depressive disorder,major_depression,15697,84,Heschl R,,,,0,0,0
Major depressive disorder,major_depression,15697,85,Temporal Sup L,0.48107949526455995,0.5060389194239082,0.4909557689602244,145,37,145
Major depressive disorder,major_depression,15697,86,Temporal Sup R,,,,0,0,0
Major depressive disorder,major_depression,15697,87,Temporal Pole Sup L,0.5357029019471147,0.5849047867091148,0.5561363685696642,145,37,145
Major depressive disorder,major_depression,15697,88,Temporal Pole Sup R,,,,0,0,0
Major depressive disorder,major_depression,15697,89,Temporal Mid L,0.4486967049254316,0.47017992161843625,0.46187470718775536,145,37,145
Major depressive disorder,major_depression,15697,90,Temporal Mid R,,,,0,0,0
Major depressive disorder,major_depression,15697,91,Temporal Pole Mid L,0.548224390298368,0.5563254326677267,0.5516068220683715,145,37,145
Major depressive disorder,major_depression,15697,93,Temporal Inf L,0.460022550526599,0.46405522145313594,0.46516362626997393,145,37,145
Major depressive disorder,major_depression,15697,94,Temporal Inf R,,,,0,0,0
Major depressive disorder,major_depression,15697,95,Cerebellum Crus1 L,0.4800202535324217,0.4685581163299321,0.46609128660944465,145,37,145
Major depressive disorder,major_depression,15697,96,Cerebellum Crus1 R,,,,0,0,0
Major depressive disorder,major_depression,15697,97,Cerebellum Crus2 L,0.4719098575253056,0.4683200528630429,0.4643853505536143,145,37,145
Major depressive disorder,major_depression,15697,98,Cerebellum Crus2 R,,,,0,0,0
Major depressive disorder,major_depression,15697,101,Cerebellum 4 5 L,0.5050518468628389,0.5056468487676447,0.5104331254305037,145,37,145
Major depressive disorder,major_depression,15697,102,Cerebellum 4 5 R,,,,0,0,0
Major depressive disorder,major_depression,15697,103,Cerebellum 6 L,0.5085825544012115,0.5133860041453897,0.5106016606405378,145,37,145
Major depressive disorder,major_depression,15697,104,Cerebellum 6 R,,,,0,0,0
Major depressive disorder,major_depression,15697,105,Cerebellum 7b L,0.4477762338703478,0.44433097187473464,0.4365339837258326,145,37,145
Major depressive disorder,major_depression,15697,106,Cerebellum 7b R,,,,0,0,0
Major depressive disorder,major_depression,15697,107,Cerebellum 8 L,0.47676801008859665,0.4759419922368351,0.47278139289076415,145,37,145
Major depressive disorder,major_depression,15697,108,Cerebellum 8 R,,,,0,0,0
Major depressive disorder,major_depression,15697,109,Cerebellum 9 L,,,,0,0,0
Major depressive disorder,major_depression,15697,110,Cerebellum 9 R,,,,0,0,0
Major depressive disorder,major_depression,15697,111,Cerebellum 10 L,,,,0,0,0
Major depressive disorder,major_depression,15697,118,Vermis 8,0.5737543664565532,0.5670118266827454,0.5912739890431258,145,37,145
Major depressive disorder,major_depression,15697,119,Vermis 9,0.4906780794423706,0.4846369992789999,0.5081743292731309,145,37,145
Major depressive disorder,major_depression,15697,121,Thal AV L,0.5216170347632034,0.528692545647997,0.5147414519251868,145,37,145
Major depressive disorder,major_depression,15697,122,Thal AV R,,,,0,0,0
Major depressive disorder,major_depression,15697,125,Thal VA L,0.5262997010463248,0.5102593896953986,0.5101074739624931,145,37,145
Major depressive disorder,major_depression,15697,127,Thal VL L,0.47068475890607187,0.4910939199377523,0.47555137735615544,145,37,145
Major depressive disorder,major_depression,15697,128,Thal VL R,,,,0,0,0
Major depressive disorder,major_depression,15697,129,Thal VPL L,0.4785460104379728,0.4804273941935632,0.47116185565219587,145,37,145
Major depressive disorder,major_depression,15697,130,Thal VPL R,,,,0,0,0
Major depressive disorder,major_depression,15697,131,Thal IL L,0.5234103949533528,0.580020409368733,0.5515564165402191,145,37,145
Major depressive disorder,major_depression,15697,135,Thal MDm L,,,,0,0,0
Major depressive disorder,major_depression,15697,136,Thal MDm R,,,,0,0,0
Major depressive disorder,major_depression,15697,137,Thal MDl L,0.43710997669052304,0.4523590383866819,0.4274701312840398,145,37,145
Major depressive disorder,major_depression,15697,139,Thal LGN L,,,,0,0,0
Major depressive disorder,major_depression,15697,140,Thal LGN R,,,,0,0,0
Major depressive disorder,major_depression,15697,141,Thal MGN L,0.5162634002987551,0.542400487324254,0.5114973293905111,145,37,145
Major depressive disorder,major_depression,15697,143,Thal PuI L,0.47745500709643324,0.4905951894441737,0.4761894665176227,145,37,145
Major depressive disorder,major_depression,15697,144,Thal PuI R,,,,0,0,0
Major depressive disorder,major_depression,15697,145,Thal PuM L,0.5026151274326967,0.520387445017276,0.5025468756409573,145,37,145
Major depressive disorder,major_depression,15697,146,Thal PuM R,,,,0,0,0
Major depressive disorder,major_depression,15697,147,Thal PuA L,,,,0,0,0
Major depressive disorder,major_depression,15697,148,Thal PuA R,,,,0,0,0
Major depressive disorder,major_depression,15697,153,ACC pre L,0.494705326481691,0.5039609266725654,0.4942511225227577,145,37,145
Major depressive disorder,major_depression,15697,154,ACC pre R,,,,0,0,0
Major depressive disorder,major_depression,15697,155,ACC sup L,0.43993699180192336,0.43655447814761184,0.42996915333348684,145,37,145
Major depressive disorder,major_depression,15697,156,ACC sup R,,,,0,0,0
Major depressive disorder,major_depression,15697,157,N Acc L,0.5173427169624901,0.528880970657152,0.5250397089071458,145,37,145
Major depressive disorder,major_depression,15697,158,N Acc R,,,,0,0,0
Major depressive disorder,major_depression,15697,161,SN pc L,,,,0,0,0
Major depressive disorder,major_depression,15697,163,SN pr L,0.48736866886614694,0.4855723588084469,0.47848326646533534,145,37,145
Major depressive disorder,major_depression,15697,164,SN pr R,,,,0,0,0
Major depressive disorder,major_depression,15697,165,Red N L,0.4743574363466668,0.4514100138691584,0.47181124564208193,145,37,145
Major depressive disorder,major_depression,15697,166,Red N R,,,,0,0,0
Major depressive disorder,major_depression,15697,167,LC L,,,,0,0,0
Major depressive disorder,major_depression,15697,168,LC R,,,,0,0,0
Major depressive disorder,major_depression,15697,169,Raphe D,,,,0,0,0
Major depressive disorder,major_depression,15697,170,Raphe M,,,,0,0,0
Major depressive disorder,major_depression,9861,1,Precentral L,0.4923177012482854,0.496054237979468,0.4950785041398179,145,37,145
Major depressive disorder,major_depression,9861,2,Precentral R,0.4833428866350533,0.48157975162151,0.47977355530323,145,37,145
Major depressive disorder,major_depression,9861,3,Frontal Sup 2 L,0.4752483870144772,0.4589126844755425,0.4681355034337939,145,37,145
Major depressive disorder,major_depression,9861,4,Frontal Sup 2 R,0.49530849149076844,0.4947965098748205,0.49535517270361173,145,37,145
Major depressive disorder,major_depression,9861,5,Frontal Mid 2 L,0.49587420350716993,0.4847690250980541,0.4928325759802034,145,37,145
Major depressive disorder,major_depression,9861,6,Frontal Mid 2 R,0.5022249561834596,0.49526114125440457,0.49816912668175856,145,37,145
Major depressive disorder,major_depression,9861,7,Frontal Inf Oper L,0.4850788032140815,0.49188869669994106,0.4895367973390162,145,37,145
Major depressive disorder,major_depression,9861,8,Frontal Inf Oper R,0.48098221309824796,0.481578184223008,0.48400870964237314,145,37,145
Major depressive disorder,major_depression,9861,9,Frontal Inf Tri L,0.5170957592218921,0.5153544361336566,0.5195055447651661,145,37,145
Major depressive disorder,major_depression,9861,10,Frontal Inf Tri R,0.512837366400238,0.49969573191975347,0.5036015020649341,145,37,145
Major depressive disorder,major_depression,9861,11,Frontal Inf Orb 2 L,0.5368659706762406,0.5274880431022464,0.5356308547581591,145,37,145
Major depressive disorder,major_depression,9861,12,Frontal Inf Orb 2 R,0.5132788250087488,0.48396564567028344,0.498909955385962,145,37,145
Major depressive disorder,major_depression,9861,13,Rolandic Oper L,0.49199631204194955,0.5075226285895658,0.4923643137334483,145,37,145
Major depressive disorder,major_depression,9861,14,Rolandic Oper R,0.5063425716556877,0.47958555695742616,0.49228231989094656,145,37,145
Major depressive disorder,major_depression,9861,15,Supp Motor Area L,0.5005029684445647,0.5086615768408015,0.5147180740425056,145,37,145
Major depressive disorder,major_depression,9861,16,Supp Motor Area R,0.45182587611118935,0.45707366131129623,0.4479759955452311,145,37,145
Major depressive disorder,major_depression,9861,17,Olfactory L,0.4944493881036157,0.48787903369204444,0.49492029996221476,145,37,145
Major depressive disorder,major_depression,9861,18,Olfactory R,0.4677334622505795,0.39266543760814304,0.42949355553242746,145,37,145
Major depressive disorder,major_depression,9861,19,Frontal Sup Medial L,0.5285979885756305,0.5249062802029566,0.5247747754799513,145,37,145
Major depressive disorder,major_depression,9861,20,Frontal Sup Medial R,0.49936837508523735,0.4842241967152361,0.4887359054030384,145,37,145
Major depressive disorder,major_depression,9861,21,Frontal Med Orb L,0.5223806458721315,0.5199557273899085,0.5191390462043338,145,37,145
Major depressive disorder,major_depression,9861,22,Frontal Med Orb R,0.5340048379412431,0.5448413211393087,0.5367020165979313,145,37,145
Major depressive disorder,major_depression,9861,23,Rectus L,0.4958793543273322,0.511404984701148,0.498544713487571,145,37,145
Major depressive disorder,major_depression,9861,24,Rectus R,0.5342226022859791,0.5389233673852547,0.5352355794892297,145,37,145
Major depressive disorder,major_depression,9861,25,OFCmed L,0.5447993689547964,0.5295767941185756,0.5454000649220117,145,37,145
Major depressive disorder,major_depression,9861,26,OFCmed R,0.5342407897557042,0.5173760256524245,0.5195519374593235,145,37,145
Major depressive disorder,major_depression,9861,27,OFCant L,0.5249831866002369,0.5268170006995052,0.5319699141287106,145,37,145
Major depressive disorder,major_depression,9861,28,OFCant R,0.5237609626757099,0.5350209201758982,0.530516317586064,145,37,145
Major depressive disorder,major_depression,9861,29,OFCpost L,0.5102208265147676,0.546254262401213,0.513781590597971,145,37,145
Major depressive disorder,major_depression,9861,30,OFCpost R,0.5463856082245804,0.5364287476258934,0.5350061301961393,145,37,145
Major depressive disorder,major_depression,9861,31,OFClat L,,,,0,0,0
Major depressive disorder,major_depression,9861,32,OFClat R,0.5124628663727252,0.5285229534425434,0.5108993259771375,145,37,145
Major depressive disorder,major_depression,9861,33,Insula L,0.5031064060319038,0.5018512757758684,0.49927261287876223,145,37,145
Major depressive disorder,major_depression,9861,34,Insula R,0.5186692216772272,0.5196117296534691,0.5096605853493907,145,37,145
Major depressive disorder,major_depression,9861,37,Cingulate Mid L,0.49499933272198565,0.5106577826504856,0.5024575442212583,145,37,145
Major depressive disorder,major_depression,9861,38,Cingulate Mid R,0.49768329869714933,0.48897567095938277,0.49430639959805506,145,37,145
Major depressive disorder,major_depression,9861,39,Cingulate Post L,0.5499073038696738,0.550190850347039,0.5573517546679054,145,37,145
Major depressive disorder,major_depression,9861,41,Hippocampus L,0.5184760055946643,0.5189910658546565,0.5236144289218044,145,37,145
Major depressive disorder,major_depression,9861,42,Hippocampus R,0.5034152595753478,0.501171664083987,0.5035072150303089,145,37,145
Major depressive disorder,major_depression,9861,43,ParaHippocampal L,0.5057715740003711,0.5163548897054048,0.5034733803882971,145,37,145
Major depressive disorder,major_depression,9861,44,ParaHippocampal R,0.5233888066890391,0.5231786969739655,0.51817093835291,145,37,145
Major depressive disorder,major_depression,9861,45,Amygdala L,0.5256115198910526,0.5259106990178352,0.517339465225046,145,37,145
Major depressive disorder,major_depression,9861,46,Amygdala R,0.42127093000440063,0.44237636880297093,0.43085160930029126,145,37,145
Major depressive disorder,major_depression,9861,47,Calcarine L,0.5143456183850224,0.5665988170683274,0.5324892486887047,145,37,145
Major depressive disorder,major_depression,9861,48,Calcarine R,0.47953753526046206,0.5289998303097403,0.49306009134075196,145,37,145
Major depressive disorder,major_depression,9861,49,Cuneus L,,,,0,0,0
Major depressive disorder,major_depression,9861,51,Lingual L,0.49907350753933627,0.5248949697654027,0.5004121030579719,145,37,145
Major depressive disorder,major_depression,9861,52,Lingual R,0.5060074501812692,0.5378056079601856,0.5158677909719551,145,37,145
Major depressive disorder,major_depression,9861,53,Occipital Sup L,,,,0,0,0
Major depressive disorder,major_depression,9861,55,Occipital Mid L,0.49974531660694355,0.5020800173578472,0.5101861641656585,145,37,145
Major depressive disorder,major_depression,9861,56,Occipital Mid R,0.5068301403156709,0.5254667104173883,0.5126050431077191,145,37,145
Major depressive disorder,major_depression,9861,57,Occipital Inf L,0.5121080635066725,0.4924208510966416,0.5042098666687568,145,37,145
Major depressive disorder,major_depression,9861,58,Occipital Inf R,0.5212349159355023,0.5635142475721657,0.5481885004634302,145,37,145
Major depressive disorder,major_depression,9861,59,Fusiform L,0.49301480928387376,0.5067875683968154,0.4960356095841092,145,37,145
Major depressive disorder,major_depression,9861,60,Fusiform R,0.5100628422315769,0.5087453949557332,0.5061245361618825,145,37,145
Major depressive disorder,major_depression,9861,61,Postcentral L,0.48443396430266666,0.497544215477934,0.482217817280471,145,37,145
Major depressive disorder,major_depression,9861,62,Postcentral R,0.49226844866167624,0.5043277448271223,0.4920482263415798,145,37,145
Major depressive disorder,major_depression,9861,63,Parietal Sup L,0.5236717456570517,0.5341372382530256,0.5292118812127484,145,37,145
Major depressive disorder,major_depression,9861,64,Parietal Sup R,0.4978627355278383,0.5004643713963391,0.4881097611990995,145,37,145
Major depressive disorder,major_depression,9861,65,Parietal Inf L,0.4905583442390307,0.49541357454520696,0.4935893642848061,145,37,145
Major depressive disorder,major_depression,9861,66,Parietal Inf R,0.49791864686980997,0.48676424747848274,0.49451306037142795,145,37,145
Major depressive disorder,major_depression,9861,67,SupraMarginal L,0.44837185211910796,0.4656871576076129,0.45155487719797466,145,37,145
Major depressive disorder,major_depression,9861,68,SupraMarginal R,0.48931939147011205,0.49360513756329083,0.49648155558418544,145,37,145
Major depressive disorder,major_depression,9861,69,Angular L,0.48889442314208115,0.48363283335363466,0.4858175044684485,145,37,145
Major depressive disorder,major_depression,9861,70,Angular R,0.5036903341246239,0.5232751683722231,0.5136777860613688,145,37,145
Major depressive disorder,major_depression,9861,71,Precuneus L,0.5350363135104539,0.5658926659227529,0.5521041127885992,145,37,145
Major depressive disorder,major_depression,9861,72,Precuneus R,0.5021476289283128,0.5143715175391602,0.5075084732025097,145,37,145
Major depressive disorder,major_depression,9861,73,Paracentral Lobule L,0.49540664947497326,0.48350217167192977,0.4945184442314167,145,37,145
Major depressive disorder,major_depression,9861,74,Paracentral Lobule R,0.4731591968033842,0.4823087449416382,0.4650512357958611,145,37,145
Major depressive disorder,major_depression,9861,75,Caudate L,0.5625115001139208,0.5922749373824762,0.5707077318867669,145,37,145
Major depressive disorder,major_depression,9861,76,Caudate R,0.539675312961525,0.5647383346906083,0.5463303234574557,145,37,145
Major depressive disorder,major_depression,9861,77,Putamen L,0.5154704485166299,0.5229190664856457,0.5159564072902556,145,37,145
Major depressive disorder,major_depression,9861,78,Putamen R,0.5197680377936034,0.5305755425422671,0.5202238588062753,145,37,145
Major depressive disorder,major_depression,9861,79,Pallidum L,0.4940543721416371,0.4496262085961936,0.47076756785617063,145,37,145
Major depressive disorder,major_depression,9861,80,Pallidum R,0.49128759316311454,0.4199060497996181,0.4565505953298755,145,37,145
Major depressive disorder,major_depression,9861,83,Heschl L,0.4806520064298371,0.49617288940867427,0.4767921190141576,145,37,145
Major depressive disorder,major_depression,9861,84,Heschl R,0.47867469579216193,0.46732378401860947,0.4632438100119161,145,37,145
Major depressive disorder,major_depression,9861,85,Temporal Sup L,0.5150435030987754,0.5306715601240949,0.5167733125306396,145,37,145
Major depressive disorder,major_depression,9861,86,Temporal Sup R,0.48821613198409475,0.4932466883430688,0.48623824376513936,145,37,145
Major depressive disorder,major_depression,9861,87,Temporal Pole Sup L,0.522164021286577,0.5081576262407349,0.5171318778506429,145,37,145
Major depressive disorder,major_depression,9861,88,Temporal Pole Sup R,0.506968688352574,0.520361318735093,0.5045045080028893,145,37,145
Major depressive disorder,major_depression,9861,89,Temporal Mid L,0.5100163185906702,0.5171541858882279,0.5121575239387609,145,37,145
Major depressive disorder,major_depression,9861,90,Temporal Mid R,0.5079728421673143,0.5168847394897685,0.5126397660512237,145,37,145
Major depressive disorder,major_depression,9861,91,Temporal Pole Mid L,,,,0,0,0
Major depressive disorder,major_depression,9861,93,Temporal Inf L,0.5191132121194778,0.5243432759221983,0.5219006435030968,145,37,145
Major depressive disorder,major_depression,9861,94,Temporal Inf R,0.516877019229456,0.5199166965068183,0.51608092218664,145,37,145
Major depressive disorder,major_depression,9861,95,Cerebellum Crus1 L,0.4607050890159326,0.44482456115089386,0.44231958005280597,145,37,145
Major depressive disorder,major_depression,9861,96,Cerebellum Crus1 R,0.5482724529081673,0.535558325432849,0.5347262222926956,145,37,145
Major depressive disorder,major_depression,9861,97,Cerebellum Crus2 L,0.5117584953325232,0.5022376941599455,0.48866454948022525,145,37,145
Major depressive disorder,major_depression,9861,98,Cerebellum Crus2 R,0.5524816244505321,0.5278718850608102,0.5278697688891936,145,37,145
Major depressive disorder,major_depression,9861,101,Cerebellum 4 5 L,0.5409396491020847,0.5552909886828309,0.5356088296358746,145,37,145
Major depressive disorder,major_depression,9861,102,Cerebellum 4 5 R,0.5448574549566909,0.5409722488513194,0.5329919671968915,145,37,145
Major depressive disorder,major_depression,9861,103,Cerebellum 6 L,0.523359638096265,0.5422881824809296,0.5239624772972309,145,37,145
Major depressive disorder,major_depression,9861,104,Cerebellum 6 R,0.4221389879954583,0.43823602374123455,0.41526877919767474,145,37,145
Major depressive disorder,major_depression,9861,105,Cerebellum 7b L,0.5098373979401041,0.49418862098154726,0.48095894458067195,145,37,145
Major depressive disorder,major_depression,9861,106,Cerebellum 7b R,0.5466775338650218,0.5589835388494534,0.5376966415055016,145,37,145
Major depressive disorder,major_depression,9861,107,Cerebellum 8 L,0.5358883506294626,0.5475002726489515,0.5299992523700455,145,37,145
Major depressive disorder,major_depression,9861,108,Cerebellum 8 R,0.5201450660920112,0.514262946029243,0.5194695566143172,145,37,145
Major depressive disorder,major_depression,9861,109,Cerebellum 9 L,0.43471222058235637,0.48255352824379194,0.43858411552055,145,37,145
Major depressive disorder,major_depression,9861,110,Cerebellum 9 R,0.493551392071871,0.5271268757797322,0.4914381231766898,145,37,145
Major depressive disorder,major_depression,9861,111,Cerebellum 10 L,,,,0,0,0
Major depressive disorder,major_depression,9861,118,Vermis 8,0.4824136238699492,0.4967173114558587,0.505814431509405,145,37,145
Major depressive disorder,major_depression,9861,119,Vermis 9,0.472390271744705,0.46253839183192275,0.4866073711384967,145,37,145
Major depressive disorder,major_depression,9861,121,Thal AV L,0.5570439960349114,0.5864292224259121,0.5602336627374696,145,37,145
Major depressive disorder,major_depression,9861,122,Thal AV R,0.4551129997782829,0.4640902734863121,0.4478166068853976,145,37,145
Major depressive disorder,major_depression,9861,125,Thal VA L,0.4860828022852683,0.42069075221949825,0.4576066542770455,145,37,145
Major depressive disorder,major_depression,9861,127,Thal VL L,0.48311930029896055,0.4679652777271729,0.4695489909396234,145,37,145
Major depressive disorder,major_depression,9861,128,Thal VL R,0.5021217324602535,0.48637874057982633,0.4879935120267316,145,37,145
Major depressive disorder,major_depression,9861,129,Thal VPL L,0.4961537406634775,0.49245388484372193,0.48922660202506163,145,37,145
Major depressive disorder,major_depression,9861,130,Thal VPL R,0.5128720013651039,0.4868755701673278,0.4974246721121187,145,37,145
Major depressive disorder,major_depression,9861,131,Thal IL L,0.5113241548697484,0.4992535738100605,0.49914717627203026,145,37,145
Major depressive disorder,major_depression,9861,135,Thal MDm L,0.39404895118965255,0.45501383766443654,0.40623854316698194,145,37,145
Major depressive disorder,major_depression,9861,136,Thal MDm R,0.4849432086096201,0.44620783158070676,0.4577303697343719,145,37,145
Major depressive disorder,major_depression,9861,137,Thal MDl L,0.4783247037545693,0.479625888117101,0.47212681130784345,145,37,145
Major depressive disorder,major_depression,9861,139,Thal LGN L,0.4748282691124468,0.46672345757945966,0.4713076677951406,145,37,145
Major depressive disorder,major_depression,9861,140,Thal LGN R,0.4935423606669035,0.47548149646701765,0.47998468500447916,145,37,145
Major depressive disorder,major_depression,9861,141,Thal MGN L,0.5315837750641111,0.5355115539812593,0.5338087498220366,145,37,145
Major depressive disorder,major_depression,9861,143,Thal PuI L,0.5695786394758333,0.5656496827363109,0.5711967688299064,145,37,145
Major depressive disorder,major_depression,9861,144,Thal PuI R,0.559003869986351,0.5488898426757196,0.5503321161525184,145,37,145
Major depressive disorder,major_depression,9861,145,Thal PuM L,0.5582127862404859,0.5260022184332469,0.545996448747205,145,37,145
Major depressive disorder,major_depression,9861,146,Thal PuM R,0.48578624091848355,0.4680793215554003,0.4740830601370424,145,37,145
Major depressive disorder,major_depression,9861,147,Thal PuA L,0.5218199668087565,0.49235535002498837,0.5013394140981348,145,37,145
Major depressive disorder,major_depression,9861,148,Thal PuA R,0.46050561051365707,0.4728372290485742,0.45552404380993494,145,37,145
Major depressive disorder,major_depression,9861,153,ACC pre L,,,,0,0,0
Major depressive disorder,major_depression,9861,154,ACC pre R,0.532118945364623,0.5354542862861782,0.5319621471925573,145,37,145
Major depressive disorder,major_depression,9861,155,ACC sup L,0.5130864166564895,0.4884498069965611,0.5030526030619547,145,37,145
Major depressive disorder,major_depression,9861,156,ACC sup R,0.5082664522151245,0.4902637783910561,0.5017787584266519,145,37,145
Major depressive disorder,major_depression,9861,157,N Acc L,0.5383768937477574,0.535394426724378,0.5277026175025812,145,37,145
Major depressive disorder,major_depression,9861,158,N Acc R,0.5682867413098167,0.5470291231051096,0.548100857474634,145,37,145
Major depressive disorder,major_depression,9861,161,SN pc L,,,,0,0,0
Major depressive disorder,major_depression,9861,163,SN pr L,,,,0,0,0
Major depressive disorder,major_depression,9861,164,SN pr R,0.49595848716720264,0.5067660877294289,0.4892045988893308,145,37,145
Major depressive disorder,major_depression,9861,165,Red N L,0.44978006506587903,0.44707164463888915,0.44311900163494783,145,37,145
Major depressive disorder,major_depression,9861,166,Red N R,0.4618186805055612,0.43094917476537803,0.46036183506090084,145,37,145
Major depressive disorder,major_depression,9861,167,LC L,0.49856260198348185,0.4944275143814156,0.49429176895428495,145,37,145
Major depressive disorder,major_depression,9861,168,LC R,0.48446459055692487,0.4699874993462541,0.47482878164771253,145,37,145
Major depressive disorder,major_depression,9861,169,Raphe D,0.4582904959464237,0.4682917162189968,0.45438602186418153,145,37,145
Major depressive disorder,major_depression,9861,170,Raphe M,0.4603342223428167,0.46112923150391844,0.4648725067410785,145,37,145
Attention deficit-hyperactivity disorder,adhd,10021,1,Precentral L,0.4655547279975651,0.40085469148981157,0.4448937764368487,31,9,31
Attention deficit-hyperactivity disorder,adhd,10021,2,Precentral R,0.4512053853486978,0.44326135547126366,0.45719971469283716,31,9,31
Attention deficit-hyperactivity disorder,adhd,10021,3,Frontal Sup 2 L,0.5327769063011761,0.5635030060246259,0.5541393030586191,31,9,31
Attention deficit-hyperactivity disorder,adhd,10021,4,Frontal Sup 2 R,0.5140343881587188,0.5210603606997445,0.5293535084683182,31,9,31
Attention deficit-hyperactivity disorder,adhd,10021,5,Frontal Mid 2 L,0.5054685408052024,0.5062546078028295,0.5106204293571963,31,9,31
Attention deficit-hyperactivity disorder,adhd,10021,6,Frontal Mid 2 R,0.5078876894484389,0.4831811946109107,0.5061849708388741,31,9,31
Attention deficit-hyperactivity disorder,adhd,10021,7,Frontal Inf Oper L,,,,0,0,0
Attention deficit-hyperactivity disorder,adhd,10021,8,Frontal Inf Oper R,0.48047184010179533,0.4984881073052102,0.4711984835256622,31,9,31
Attention deficit-hyperactivity disorder,adhd,10021,9,Frontal Inf Tri L,0.493753737228106,0.4858058636696056,0.49882605770353156,31,9,31
Attention deficit-hyperactivity disorder,adhd,10021,10,Frontal Inf Tri R,0.5023445771858157,0.5495874348643822,0.5102382106973078,31,9,31
Attention deficit-hyperactivity disorder,adhd,10021,11,Frontal Inf Orb 2 L,0.4891475063836959,0.43364598857368825,0.4875530792045772,31,9,31
Attention deficit-hyperactivity disorder,adhd,10021,12,Frontal Inf Orb 2 R,0.4605440742624807,0.44757133714310104,0.46948862174268396,31,9,31
Attention deficit-hyperactivity disorder,adhd,10021,13,Rolandic Oper L,0.547485844433488,0.555911008256983,0.5443890615668691,31,9,31
Attention deficit-hyperactivity disorder,adhd,10021,14,Rolandic Oper R,0.5645954192029186,0.6016753858242452,0.5786882359804428,31,9,31
Attention deficit-hyperactivity disorder,adhd,10021,15,Supp Motor Area L,0.4969087225546439,0.5541157271604928,0.5090297371942641,31,9,31
Attention deficit-hyperactivity disorder,adhd,10021,16,Supp Motor Area R,0.4679148543821607,0.45094532325059233,0.4536312313747691,31,9,31
Attention deficit-hyperactivity disorder,adhd,10021,17,Olfactory L,0.5338676903182439,0.6485980324736571,0.5780307154894677,31,9,31
Attention deficit-hyperactivity disorder,adhd,10021,18,Olfactory R,0.5060040789244447,0.7157598270430443,0.5854032518205508,31,9,31
Attention deficit-hyperactivity disorder,adhd,10021,19,Frontal Sup Medial L,0.5351864847308074,0.5700675185905477,0.555582924785602,31,9,31
Attention deficit-hyperactivity disorder,adhd,10021,20,Frontal Sup Medial R,0.5327341100796128,0.5272324628062905,0.5384517932041136,31,9,31
Attention deficit-hyperactivity disorder,adhd,10021,21,Frontal Med Orb L,0.5926262173514056,0.6876619084195658,0.6314045265981898,31,9,31
Attention deficit-hyperactivity disorder,adhd,10021,22,Frontal Med Orb R,0.5617004960493571,0.6529104032602845,0.5971136565798838,31,9,31
Attention deficit-hyperactivity disorder,adhd,10021,23,Rectus L,0.553100425002276,0.6474351012186865,0.5927047610879711,31,9,31
Attention deficit-hyperactivity disorder,adhd,10021,24,Rectus R,0.5707052757318546,0.6654971780811157,0.6098122664879586,31,9,31
Attention deficit-hyperactivity disorder,adhd,10021,25,OFCmed L,0.513130946097224,0.5582338928769337,0.5425095551797697,31,9,31
Attention deficit-hyperactivity disorder,adhd,10021,26,OFCmed R,0.5746724949868474,0.6793804896834172,0.613478883773581,31,9,31
Attention deficit-hyperactivity disorder,adhd,10021,27,OFCant L,0.4918269528597645,0.4864641724785365,0.5046944193824026,31,9,31
Attention deficit-hyperactivity disorder,adhd,10021,28,OFCant R,0.5443882318046994,0.5662104350885668,0.5412529616511956,31,9,31
Attention deficit-hyperactivity disorder,adhd,10021,29,OFCpost L,0.4387326482968825,0.5903004089817976,0.5082561336791694,31,9,31
Attention deficit-hyperactivity disorder,adhd,10021,30,OFCpost R,0.5295107459330776,0.611080730179745,0.5741765488898578,31,9,31
Attention deficit-hyperactivity disorder,adhd,10021,31,OFClat L,,,,0,0,0
Attention deficit-hyperactivity disorder,adhd,10021,32,OFClat R,0.4929841307866656,0.5997633535572481,0.5431768401320117,31,9,31
Attention deficit-hyperactivity disorder,adhd,10021,33,Insula L,0.5351590041804742,0.5469282481970592,0.5410056075869255,31,9,31
Attention deficit-hyperactivity disorder,adhd,10021,34,Insula R,0.4939912640934513,0.5458668209104907,0.5126808935525076,31,9,31
Attention deficit-hyperactivity disorder,adhd,10021,37,Cingulate Mid L,0.4748283331776868,0.55475808118749,0.5005318032488004,31,9,31
Attention deficit-hyperactivity disorder,adhd,10021,38,Cingulate Mid R,0.49070349584137957,0.5475799794551448,0.5072660766700023,31,9,31
Attention deficit-hyperactivity disorder,adhd,10021,39,Cingulate Post L,0.5711166295472713,0.5166135241095162,0.539348119356528,31,9,31
Attention deficit-hyperactivity disorder,adhd,10021,41,Hippocampus L,0.5252020908520416,0.5244215454746871,0.5288363804749215,31,9,31
Attention deficit-hyperactivity disorder,adhd,10021,42,Hippocampus R,0.502927745434639,0.5173461437808837,0.5075823744986336,31,9,31
Attention deficit-hyperactivity disorder,adhd,10021,43,ParaHippocampal L,0.4322394643315324,0.29977849790744937,0.3806925641252439,31,9,31
Attention deficit-hyperactivity disorder,adhd,10021,44,ParaHippocampal R,0.48281993906160553,0.4587266232893959,0.48325789731162505,31,9,31
Attention deficit-hyperactivity disorder,adhd,10021,45,Amygdala L,0.5772681614466731,0.6066385205749665,0.5682185863468355,31,9,31
Attention deficit-hyperactivity disorder,adhd,10021,46,Amygdala R,0.5192226408245199,0.5009751175272248,0.5168274072772079,31,9,31
Attention deficit-hyperactivity disorder,adhd,10021,47,Calcarine L,0.4685330414125974,0.43785899887302776,0.4381825090662048,31,9,31
Attention deficit-hyperactivity disorder,adhd,10021,48,Calcarine R,0.5293401447569538,0.4912425033887349,0.497358861560397,31,9,31
Attention deficit-hyperactivity disorder,adhd,10021,49,Cuneus L,0.5402910450449149,0.44887893589443917,0.49359930116045453,31,9,31
Attention deficit-hyperactivity disorder,adhd,10021,51,Lingual L,0.48880849400211135,0.5076875976227861,0.47446419672570767,31,9,31
Attention deficit-hyperactivity disorder,adhd,10021,52,Lingual R,0.4831485370373877,0.4424629423229514,0.4577797383230136,31,9,31
Attention deficit-hyperactivity disorder,adhd,10021,53,Occipital Sup L,0.5273307205101819,0.4622731129521729,0.48396118033551444,31,9,31
Attention deficit-hyperactivity disorder,adhd,10021,55,Occipital Mid L,0.46720108627003065,0.41300795358859266,0.4422483839679366,31,9,31
Attention deficit-hyperactivity disorder,adhd,10021,56,Occipital Mid R,0.49037194170096354,0.4361978565013462,0.45072019940211105,31,9,31
Attention deficit-hyperactivity disorder,adhd,10021,57,Occipital Inf L,0.5181014676138495,0.5077026262460459,0.5142768102859814,31,9,31
Attention deficit-hyperactivity disorder,adhd,10021,58,Occipital Inf R,0.44469310065974205,0.42023013476841725,0.45182470099903393,31,9,31
Attention deficit-hyperactivity disorder,adhd,10021,59,Fusiform L,0.5043145689562438,0.5131521508865295,0.504629773469368,31,9,31
Attention deficit-hyperactivity disorder,adhd,10021,60,Fusiform R,0.5077584700308155,0.5339287602099416,0.5180373724435182,31,9,31
Attention deficit-hyperactivity disorder,adhd,10021,61,Postcentral L,0.4972404929162255,0.4168583138821639,0.4611450013511091,31,9,31
Attention deficit-hyperactivity disorder,adhd,10021,62,Postcentral R,0.47058301587606977,0.46380231434376396,0.4766261481883493,31,9,31
Attention deficit-hyperactivity disorder,adhd,10021,63,Parietal Sup L,0.5265204043520731,0.5573463296505227,0.5348464690404986,31,9,31
Attention deficit-hyperactivity disorder,adhd,10021,64,Parietal Sup R,0.4376457968976086,0.4626498322243069,0.4701585329405992,31,9,31
Attention deficit-hyperactivity disorder,adhd,10021,65,Parietal Inf L,0.5628821362218038,0.6269413168967994,0.5753083119329586,31,9,31
Attention deficit-hyperactivity disorder,adhd,10021,66,Parietal Inf R,0.47415466570543907,0.5055661594786136,0.47943377753295996,31,9,31
Attention deficit-hyperactivity disorder,adhd,10021,67,SupraMarginal L,0.5133446060124006,0.6198303307005997,0.5401830802689792,31,9,31
Attention deficit-hyperactivity disorder,adhd,10021,68,SupraMarginal R,0.5245021915488337,0.5571181046773082,0.5223567163259983,31,9,31
Attention deficit-hyperactivity disorder,adhd,10021,69,Angular L,0.537835993640743,0.5804225403064557,0.5377499877296296,31,9,31
Attention deficit-hyperactivity disorder,adhd,10021,70,Angular R,0.49162217786974716,0.5628123604747596,0.514922635858581,31,9,31
Attention deficit-hyperactivity disorder,adhd,10021,71,Precuneus L,0.5408146326937302,0.6280694412872181,0.5577099024106925,31,9,31
Attention deficit-hyperactivity disorder,adhd,10021,72,Precuneus R,0.4790837766690514,0.4968844353401887,0.4887728749293175,31,9,31
Attention deficit-hyperactivity disorder,adhd,10021,73,Paracentral Lobule L,0.4581479643518394,0.4423922725855862,0.44703548255692627,31,9,31
Attention deficit-hyperactivity disorder,adhd,10021,74,Paracentral Lobule R,0.45704182017498335,0.33979965696463527,0.40565429357939187,31,9,31
Attention deficit-hyperactivity disorder,adhd,10021,75,Caudate L,0.5273940208149454,0.5422998755131258,0.5172901486463348,31,9,31
Attention deficit-hyperactivity disorder,adhd,10021,76,Caudate R,0.5209612007383375,0.5411878903739078,0.527873515470415,31,9,31
Attention deficit-hyperactivity disorder,adhd,10021,77,Putamen L,0.4889876027915092,0.5000768280406621,0.4883047904898947,31,9,31
Attention deficit-hyperactivity disorder,adhd,10021,78,Putamen R,0.5291455422322473,0.5032626006909264,0.5177344395611967,31,9,31
Attention deficit-hyperactivity disorder,adhd,10021,79,Pallidum L,0.5195249807723392,0.5106632332646838,0.5221849525774556,31,9,31
Attention deficit-hyperactivity disorder,adhd,10021,80,Pallidum R,0.5109521649493811,0.5224176858915285,0.5178604793908649,31,9,31
Attention deficit-hyperactivity disorder,adhd,10021,83,Heschl L,0.5044294427526572,0.4852098063684184,0.49060554970924153,31,9,31
Attention deficit-hyperactivity disorder,adhd,10021,84,Heschl R,0.48772489158840765,0.3779142538930771,0.4409153002890729,31,9,31
Attention deficit-hyperactivity disorder,adhd,10021,85,Temporal Sup L,0.4861561591125984,0.43289191988836395,0.4637426878796137,31,9,31
Attention deficit-hyperactivity disorder,adhd,10021,86,Temporal Sup R,0.519737470829305,0.5915734077307784,0.5553908071898154,31,9,31
Attention deficit-hyperactivity disorder,adhd,10021,87,Temporal Pole Sup L,0.491513327153147,0.5719557261702745,0.5114690478044217,31,9,31
Attention deficit-hyperactivity disorder,adhd,10021,88,Temporal Pole Sup R,0.48751173732706155,0.39792360462720366,0.4429323479347798,31,9,31
Attention deficit-hyperactivity disorder,adhd,10021,89,Temporal Mid L,0.49719140839666565,0.5233182034601912,0.5176677505730012,31,9,31
Attention deficit-hyperactivity disorder,adhd,10021,90,Temporal Mid R,0.5105252980333314,0.5396893232457518,0.5253640729391352,31,9,31
Attention deficit-hyperactivity disorder,adhd,10021,91,Temporal Pole Mid L,,,,0,0,0
Attention deficit-hyperactivity disorder,adhd,10021,93,Temporal Inf L,0.4598883528531147,0.45939144893684375,0.47399520355421954,31,9,31
Attention deficit-hyperactivity disorder,adhd,10021,94,Temporal Inf R,0.5129807627123657,0.5448251193218359,0.5282552041011458,31,9,31
Attention deficit-hyperactivity disorder,adhd,10021,95,Cerebellum Crus1 L,0.49271259509613446,0.43900945871547237,0.4685390001541424,31,9,31
Attention deficit-hyperactivity disorder,adhd,10021,96,Cerebellum Crus1 R,0.43952651106505586,0.4933232802556797,0.46292615107273527,31,9,31
Attention deficit-hyperactivity disorder,adhd,10021,97,Cerebellum Crus2 L,0.4875776636926112,0.4516932777353436,0.4771309858388266,31,9,31
Attention deficit-hyperactivity disorder,adhd,10021,98,Cerebellum Crus2 R,0.48417747684781126,0.420107766531862,0.44890444003718916,31,9,31
Attention deficit-hyperactivity disorder,adhd,10021,101,Cerebellum 4 5 L,0.5368759099168039,0.4961372948383438,0.520097972012754,31,9,31
Attention deficit-hyperactivity disorder,adhd,10021,102,Cerebellum 4 5 R,0.48625343080183064,0.5657549808833698,0.5241880787008653,31,9,31
Attention deficit-hyperactivity disorder,adhd,10021,103,Cerebellum 6 L,0.5559321567268212,0.5152461661318247,0.5242151421751033,31,9,31
Attention deficit-hyperactivity disorder,adhd,10021,104,Cerebellum 6 R,0.5320821941628994,0.5014941777935871,0.5058284236357471,31,9,31
Attention deficit-hyperactivity disorder,adhd,10021,105,Cerebellum 7b L,0.5283173170724599,0.5357308000086991,0.5359122703597158,31,9,31
Attention deficit-hyperactivity disorder,adhd,10021,106,Cerebellum 7b R,0.5494827214997741,0.5401513704370836,0.5588830622122428,31,9,31
Attention deficit-hyperactivity disorder,adhd,10021,107,Cerebellum 8 L,0.5025525059245044,0.5242871014898293,0.5239039027920961,31,9,31
Attention deficit-hyperactivity disorder,adhd,10021,108,Cerebellum 8 R,0.464548452123079,0.46006748516513674,0.4691263799922838,31,9,31
Attention deficit-hyperactivity disorder,adhd,10021,109,Cerebellum 9 L,0.44486153478368057,0.3867509945117744,0.4296203699036905,31,9,31
Attention deficit-hyperactivity disorder,adhd,10021,110,Cerebellum 9 R,0.45005330458788495,0.4447526659122112,0.45474318628659743,31,9,31
Attention deficit-hyperactivity disorder,adhd,10021,111,Cerebellum 10 L,,,,0,0,0
Attention deficit-hyperactivity disorder,adhd,10021,118,Vermis 8,0.47962091369909066,0.5766465649524845,0.5291860012696924,31,9,31
Attention deficit-hyperactivity disorder,adhd,10021,119,Vermis 9,0.558877023998396,0.6812227162063759,0.6359991654921403,31,9,31
Attention deficit-hyperactivity disorder,adhd,10021,121,Thal AV L,,,,0,0,0
Attention deficit-hyperactivity disorder,adhd,10021,122,Thal AV R,0.5682042803407099,0.5407059829805584,0.5494234998032367,31,9,31
Attention deficit-hyperactivity disorder,adhd,10021,125,Thal VA L,0.5317590877171315,0.5737510816160403,0.5512101948070078,31,9,31
Attention deficit-hyperactivity disorder,adhd,10021,127,Thal VL L,0.4943933285330504,0.4958822978198886,0.4998183282773171,31,9,31
Attention deficit-hyperactivity disorder,adhd,10021,128,Thal VL R,0.4704276707411843,0.5806924972316564,0.5050418655124568,31,9,31
Attention deficit-hyperactivity disorder,adhd,10021,129,Thal VPL L,0.48647296560498837,0.41941739960716967,0.4599833841435461,31,9,31
Attention deficit-hyperactivity disorder,adhd,10021,130,Thal VPL R,0.4559606204637253,0.4308464654253178,0.43410698300384365,31,9,31
Attention deficit-hyperactivity disorder,adhd,10021,131,Thal IL L,0.5504789296061898,0.6099925316333906,0.5996890755490407,31,9,31
Attention deficit-hyperactivity disorder,adhd,10021,135,Thal MDm L,0.5228988703747292,0.5217556367492975,0.5109500680192183,31,9,31
Attention deficit-hyperactivity disorder,adhd,10021,136,Thal MDm R,0.5329133902855389,0.593404451010554,0.5336206359465023,31,9,31
Attention deficit-hyperactivity disorder,adhd,10021,137,Thal MDl L,,,,0,0,0
Attention deficit-hyperactivity disorder,adhd,10021,139,Thal LGN L,0.5339289254182933,0.5619928176650144,0.535357772400422,31,9,31
Attention deficit-hyperactivity disorder,adhd,10021,140,Thal LGN R,0.48866511173479404,0.5132103075054236,0.4994725655075972,31,9,31
Attention deficit-hyperactivity disorder,adhd,10021,141,Thal MGN L,,,,0,0,0
Attention deficit-hyperactivity disorder,adhd,10021,143,Thal PuI L,,,,0,0,0
Attention deficit-hyperactivity disorder,adhd,10021,144,Thal PuI R,0.48825236712749803,0.47490210404299354,0.47159413240976567,31,9,31
Attention deficit-hyperactivity disorder,adhd,10021,145,Thal PuM L,0.49424420094426624,0.5386563618305475,0.5060758380755053,31,9,31
Attention deficit-hyperactivity disorder,adhd,10021,146,Thal PuM R,0.483434582649329,0.542583931065125,0.5149383321994337,31,9,31
Attention deficit-hyperactivity disorder,adhd,10021,147,Thal PuA L,,,,0,0,0
Attention deficit-hyperactivity disorder,adhd,10021,148,Thal PuA R,0.43111789186937677,0.3798952551970038,0.42500737602564714,31,9,31
Attention deficit-hyperactivity disorder,adhd,10021,153,ACC pre L,0.40838440167955997,0.5258324718088059,0.44775164052897515,31,9,31
Attention deficit-hyperactivity disorder,adhd,10021,154,ACC pre R,0.5809902084467586,0.6136431140720765,0.5798888793921021,31,9,31
Attention deficit-hyperactivity disorder,adhd,10021,155,ACC sup L,0.48015726110214957,0.4386216554637067,0.46458187084239233,31,9,31
Attention deficit-hyperactivity disorder,adhd,10021,156,ACC sup R,0.5113169971736424,0.6099434980061549,0.5504213998323819,31,9,31
Attention deficit-hyperactivity disorder,adhd,10021,157,N Acc L,,,,0,0,0
Attention deficit-hyperactivity disorder,adhd,10021,158,N Acc R,0.5280456250260579,0.5777116955794657,0.537307966878529,31,9,31
Attention deficit-hyperactivity disorder,adhd,10021,161,SN pc L,0.4775765551635664,0.5021319636157939,0.4914496806678865,31,9,31
Attention deficit-hyperactivity disorder,adhd,10021,163,SN pr L,0.4414359312574325,0.4523995797170841,0.43115748060252557,31,9,31
Attention deficit-hyperactivity disorder,adhd,10021,164,SN pr R,0.5206661729483996,0.5857560358783019,0.5592966228730629,31,9,31
Attention deficit-hyperactivity disorder,adhd,10021,165,Red N L,0.46073756986902076,0.50113976680354,0.46915612842438004,31,9,31
Attention deficit-hyperactivity disorder,adhd,10021,166,Red N R,0.5107715997616533,0.5024038435661785,0.49479364352950306,31,9,31
Attention deficit-hyperactivity disorder,adhd,10021,167,LC L,0.39815199647947164,0.3749437859490589,0.3842988931514709,31,9,31
Attention deficit-hyperactivity disorder,adhd,10021,168,LC R,0.4073248016272751,0.4087385489525866,0.408209389987152,31,9,31
Attention deficit-hyperactivity disorder,adhd,10021,169,Raphe D,0.4712748954013245,0.46367505897628075,0.4685325579462775,31,9,31
Attention deficit-hyperactivity disorder,adhd,10021,170,Raphe M,0.3950739135134278,0.33480646139514697,0.3545900585627495,31,9,31
Attention deficit-hyperactivity disorder,adhd,12876,1,Precentral L,0.4483157880099532,0.402685017916817,0.4267021109354628,31,9,31
Attention deficit-hyperactivity disorder,adhd,12876,2,Precentral R,,,,0,0,0
Attention deficit-hyperactivity disorder,adhd,12876,3,Frontal Sup 2 L,0.5337194159074804,0.6091104788275519,0.567442789997675,31,9,31
Attention deficit-hyperactivity disorder,adhd,12876,4,Frontal Sup 2 R,,,,0,0,0
Attention deficit-hyperactivity disorder,adhd,12876,5,Frontal Mid 2 L,0.5327984358822289,0.6005650524369703,0.5600547571690544,31,9,31
Attention deficit-hyperactivity disorder,adhd,12876,6,Frontal Mid 2 R,,,,0,0,0
Attention deficit-hyperactivity disorder,adhd,12876,7,Frontal Inf Oper L,,,,0,0,0
Attention deficit-hyperactivity disorder,adhd,12876,8,Frontal Inf Oper R,,,,0,0,0
Attention deficit-hyperactivity disorder,adhd,12876,9,Frontal Inf Tri L,0.5152177215217909,0.6473637162063357,0.5778413954439341,31,9,31
Attention deficit-hyperactivity disorder,adhd,12876,10,Frontal Inf Tri R,,,,0,0,0
Attention deficit-hyperactivity disorder,adhd,12876,11,Frontal Inf Orb 2 L,0.5968104380847467,0.6302769371049918,0.6237719744633025,31,9,31
Attention deficit-hyperactivity disorder,adhd,12876,12,Frontal Inf Orb 2 R,,,,0,0,0
Attention deficit-hyperactivity disorder,adhd,12876,13,Rolandic Oper L,0.4844094090492188,0.5149122755817936,0.49998376942282663,31,9,31
Attention deficit-hyperactivity disorder,adhd,12876,14,Rolandic Oper R,,,,0,0,0
Attention deficit-hyperactivity disorder,adhd,12876,15,Supp Motor Area L,0.46539054923100037,0.4471711076887293,0.45952571716620266,31,9,31
Attention deficit-hyperactivity disorder,adhd,12876,16,Supp Motor Area R,,,,0,0,0
Attention deficit-hyperactivity disorder,adhd,12876,17,Olfactory L,0.36851286992345034,0.29101613774845464,0.3192702933974165,31,9,31
Attention deficit-hyperactivity disorder,adhd,12876,18,Olfactory R,,,,0,0,0
Attention deficit-hyperactivity disorder,adhd,12876,19,Frontal Sup Medial L,0.5196640271655544,0.604972799640538,0.5438182721155663,31,9,31
Attention deficit-hyperactivity disorder,adhd,12876,20,Frontal Sup Medial R,,,,0,0,0
Attention deficit-hyperactivity disorder,adhd,12876,21,Frontal Med Orb L,0.5401970896891337,0.5627370600328422,0.5133889880427631,31,9,31
Attention deficit-hyperactivity disorder,adhd,12876,22,Frontal Med Orb R,,,,0,0,0
Attention deficit-hyperactivity disorder,adhd,12876,23,Rectus L,0.5215961627413137,0.6538449796899879,0.5742247152479335,31,9,31
Attention deficit-hyperactivity disorder,adhd,12876,24,Rectus R,,,,0,0,0
Attention deficit-hyperactivity disorder,adhd,12876,25,OFCmed L,0.5126775063500901,0.6374675900711094,0.5665631772477034,31,9,31
Attention deficit-hyperactivity disorder,adhd,12876,26,OFCmed R,,,,0,0,0
Attention deficit-hyperactivity disorder,adhd,12876,27,OFCant L,0.5193407811211734,0.723323783434898,0.6233768605849739,31,9,31
Attention deficit-hyperactivity disorder,adhd,12876,28,OFCant R,,,,0,0,0
Attention deficit-hyperactivity disorder,adhd,12876,29,OFCpost L,0.5228077563781015,0.7869460879092132,0.6298088517013886,31,9,31
Attention deficit-hyperactivity disorder,adhd,12876,30,OFCpost R,,,,0,0,0
Attention deficit-hyperactivity disorder,adhd,12876,31,OFClat L,0.47316077613921464,0.5362557573079197,0.47364148135340367,31,9,31
Attention deficit-hyperactivity disorder,adhd,12876,32,OFClat R,,,,0,0,0
Attention deficit-hyperactivity disorder,adhd,12876,33,Insula L,0.4968493594833703,0.5352821504858292,0.5078969766718979,31,9,31
Attention deficit-hyperactivity disorder,adhd,12876,34,Insula R,,,,0,0,0
Attention deficit-hyperactivity disorder,adhd,12876,37,Cingulate Mid L,0.5060777929097767,0.5780582022716011,0.54242068881749,31,9,31
Attention deficit-hyperactivity disorder,adhd,12876,38,Cingulate Mid R,,,,0,0,0
Attention deficit-hyperactivity disorder,adhd,12876,39,Cingulate Post L,0.5822404676625438,0.5896414955354329,0.5686115468008311,31,9,31
Attention deficit-hyperactivity disorder,adhd,12876,41,Hippocampus L,0.5090697431120933,0.5105329367022463,0.5087277873605612,31,9,31
Attention deficit-hyperactivity disorder,adhd,12876,42,Hippocampus R,,,,0,0,0
Attention deficit-hyperactivity disorder,adhd,12876,43,ParaHippocampal L,0.44705339686824214,0.47476527506962757,0.4487816524288767,31,9,31
Attention deficit-hyperactivity disorder,adhd,12876,44,ParaHippocampal R,,,,0,0,0
Attention deficit-hyperactivity disorder,adhd,12876,45,Amygdala L,,,,0,0,0
Attention deficit-hyperactivity disorder,adhd,12876,46,Amygdala R,,,,0,0,0
Attention deficit-hyperactivity disorder,adhd,12876,47,Calcarine L,0.5268457285563436,0.45877333188887515,0.5003336246660608,31,9,31
Attention deficit-hyperactivity disorder,adhd,12876,48,Calcarine R,,,,0,0,0
Attention deficit-hyperactivity disorder,adhd,12876,49,Cuneus L,0.4905382181516784,0.4260657650827867,0.4622328449161162,31,9,31
Attention deficit-hyperactivity disorder,adhd,12876,51,Lingual L,0.5060086466734264,0.491116767061985,0.5087601483536122,31,9,31
Attention deficit-hyperactivity disorder,adhd,12876,52,Lingual R,,,,0,0,0
Attention deficit-hyperactivity disorder,adhd,12876,53,Occipital Sup L,,,,0,0,0
Attention deficit-hyperactivity disorder,adhd,12876,55,Occipital Mid L,0.5830250259979922,0.5921020537811694,0.6034932409771513,31,9,31
Attention deficit-hyperactivity disorder,adhd,12876,56,Occipital Mid R,,,,0,0,0
Attention deficit-hyperactivity disorder,adhd,12876,57,Occipital Inf L,0.5600131503132425,0.5239460012906032,0.5505629992449445,31,9,31
Attention deficit-hyperactivity disorder,adhd,12876,58,Occipital Inf R,,,,0,0,0
Attention deficit-hyperactivity disorder,adhd,12876,59,Fusiform L,0.5035225239109454,0.5437895328901972,0.5119743523506627,31,9,31
Attention deficit-hyperactivity disorder,adhd,12876,60,Fusiform R,,,,0,0,0
Attention deficit-hyperactivity disorder,adhd,12876,61,Postcentral L,0.4645971246249516,0.43938372653782937,0.450454004715416,31,9,31
Attention deficit-hyperactivity disorder,adhd,12876,62,Postcentral R,,,,0,0,0
Attention deficit-hyperactivity disorder,adhd,12876,63,Parietal Sup L,0.4830266324621222,0.49774902829580586,0.48841310845904207,31,9,31
Attention deficit-hyperactivity disorder,adhd,12876,64,Parietal Sup R,,,,0,0,0
Attention deficit-hyperactivity disorder,adhd,12876,65,Parietal Inf L,0.5300937425913725,0.4351537549867899,0.4858964346403822,31,9,31
Attention deficit-hyperactivity disorder,adhd,12876,66,Parietal Inf R,,,,0,0,0
Attention deficit-hyperactivity disorder,adhd,12876,67,SupraMarginal L,0.5103879901974833,0.5495649391447046,0.5195020092949315,31,9,31
Attention deficit-hyperactivity disorder,adhd,12876,68,SupraMarginal R,,,,0,0,0
Attention deficit-hyperactivity disorder,adhd,12876,69,Angular L,0.5368662498606913,0.5756972368239488,0.5532974764072439,31,9,31
Attention deficit-hyperactivity disorder,adhd,12876,70,Angular R,,,,0,0,0
Attention deficit-hyperactivity disorder,adhd,12876,71,Precuneus L,0.5360705624051114,0.5225550451030417,0.5266987366472349,31,9,31
Attention deficit-hyperactivity disorder,adhd,12876,72,Precuneus R,,,,0,0,0
Attention deficit-hyperactivity disorder,adhd,12876,73,Paracentral Lobule L,0.41046813472181953,0.31360378093697067,0.3724708280099874,31,9,31
Attention deficit-hyperactivity disorder,adhd,12876,74,Paracentral Lobule R,,,,0,0,0
Attention deficit-hyperactivity disorder,adhd,12876,75,Caudate L,0.5299339817651748,0.5653257674071518,0.5369444070090895,31,9,31
Attention deficit-hyperactivity disorder,adhd,12876,76,Caudate R,,,,0,0,0
Attention deficit-hyperactivity disorder,adhd,12876,77,Putamen L,0.4940276210280749,0.5176215902435302,0.5001798860604533,31,9,31
Attention deficit-hyperactivity disorder,adhd,12876,78,Putamen R,,,,0,0,0
Attention deficit-hyperactivity disorder,adhd,12876,79,Pallidum L,0.5241668730484885,0.5111345867222101,0.5138653979322908,31,9,31
Attention deficit-hyperactivity disorder,adhd,12876,80,Pallidum R,,,,0,0,0
Attention deficit-hyperactivity disorder,adhd,12876,83,Heschl L,0.4960927024103165,0.430664419544323,0.4832598773120652,31,9,31
Attention deficit-hyperactivity disorder,adhd,12876,84,Heschl R,,,,0,0,0
Attention deficit-hyperactivity disorder,adhd,12876,85,Temporal Sup L,0.4971087933727254,0.5481834909249759,0.5152646457366087,31,9,31
Attention deficit-hyperactivity disorder,adhd,12876,86,Temporal Sup R,,,,0,0,0
Attention deficit-hyperactivity disorder,adhd,12876,87,Temporal Pole Sup L,0.4630974721572721,0.558282148485918,0.47761923591213556,31,9,31
Attention deficit-hyperactivity disorder,adhd,12876,88,Temporal Pole Sup R,,,,0,0,0
Attention deficit-hyperactivity disorder,adhd,12876,89,Temporal Mid L,0.502771153912331,0.5099822354513371,0.5042320796941047,31,9,31
Attention deficit-hyperactivity disorder,adhd,12876,90,Temporal Mid R,,,,0,0,0
Attention deficit-hyperactivity disorder,adhd,12876,91,Temporal Pole Mid L,0.4418630349666196,0.47080365385453704,0.4407883590079686,31,9,31
Attention deficit-hyperactivity disorder,adhd,12876,93,Temporal Inf L,0.5487930392357316,0.5599341863588272,0.552476204357853,31,9,31
Attention deficit-hyperactivity disorder,adhd,12876,94,Temporal Inf R,,,,0,0,0
Attention deficit-hyperactivity disorder,adhd,12876,95,Cerebellum Crus1 L,0.49196811034825,0.4968423884025577,0.4902012531152008,30,8,30
Attention deficit-hyperactivity disorder,adhd,12876,96,Cerebellum Crus1 R,,,,0,0,0
Attention deficit-hyperactivity disorder,adhd,12876,97,Cerebellum Crus2 L,0.4486090358853037,0.4404915484495271,0.42781061902519624,30,8,30
Attention deficit-hyperactivity disorder,adhd,12876,98,Cerebellum Crus2 R,,,,0,0,0
Attention deficit-hyperactivity disorder,adhd,12876,101,Cerebellum 4 5 L,0.5240418863299687,0.5024070326443562,0.5161040070025265,30,8,30
Attention deficit-hyperactivity disorder,adhd,12876,102,Cerebellum 4 5 R,,,,0,0,0
Attention deficit-hyperactivity disorder,adhd,12876,103,Cerebellum 6 L,0.5270951762208371,0.5607462501977396,0.5322295167669864,30,8,30
Attention deficit-hyperactivity disorder,adhd,12876,104,Cerebellum 6 R,,,,0,0,0
Attention deficit-hyperactivity disorder,adhd,12876,105,Cerebellum 7b L,0.4977920269676515,0.46438460367027956,0.48160939483801724,30,8,30
Attention deficit-hyperactivity disorder,adhd,12876,106,Cerebellum 7b R,,,,0,0,0
Attention deficit-hyperactivity disorder,adhd,12876,107,Cerebellum 8 L,0.47154120871243355,0.38953660146072366,0.42528173111929823,30,8,30
Attention deficit-hyperactivity disorder,adhd,12876,108,Cerebellum 8 R,,,,0,0,0
Attention deficit-hyperactivity disorder,adhd,12876,109,Cerebellum 9 L,0.5068439687686654,0.4968560922110773,0.5063206175348136,30,8,30
Attention deficit-hyperactivity disorder,adhd,12876,110,Cerebellum 9 R,,,,0,0,0
Attention deficit-hyperactivity disorder,adhd,12876,111,Cerebellum 10 L,0.47537111720046193,0.4464838806117281,0.4650541080746706,30,8,30
Attention deficit-hyperactivity disorder,adhd,12876,118,Vermis 8,,,,0,0,0
Attention deficit-hyperactivity disorder,adhd,12876,119,Vermis 9,,,,0,0,0
Attention deficit-hyperactivity disorder,adhd,12876,121,Thal AV L,0.508319764243713,0.5669557633538164,0.52058627326267,31,9,31
Attention deficit-hyperactivity disorder,adhd,12876,122,Thal AV R,,,,0,0,0
Attention deficit-hyperactivity disorder,adhd,12876,125,Thal VA L,,,,0,0,0
Attention deficit-hyperactivity disorder,adhd,12876,127,Thal VL L,0.4841937015452073,0.48804827454211364,0.48726440753981487,31,9,31
Attention deficit-hyperactivity disorder,adhd,12876,128,Thal VL R,,,,0,0,0
Attention deficit-hyperactivity disorder,adhd,12876,129,Thal VPL L,0.45133901190437553,0.5488117928197587,0.500252218815079,31,9,31
Attention deficit-hyperactivity disorder,adhd,12876,130,Thal VPL R,,,,0,0,0
Attention deficit-hyperactivity disorder,adhd,12876,131,Thal IL L,0.5222389840917759,0.634538371859054,0.5859179927665144,31,9,31
Attention deficit-hyperactivity disorder,adhd,12876,135,Thal MDm L,0.46174380211193816,0.5101673973811008,0.46823538856167973,31,9,31
Attention deficit-hyperactivity disorder,adhd,12876,136,Thal MDm R,,,,0,0,0
Attention deficit-hyperactivity disorder,adhd,12876,137,Thal MDl L,,,,0,0,0
Attention deficit-hyperactivity disorder,adhd,12876,139,Thal LGN L,0.48393724416219147,0.5502519270700111,0.49787908206810844,31,9,31
Attention deficit-hyperactivity disorder,adhd,12876,140,Thal LGN R,,,,0,0,0
Attention deficit-hyperactivity disorder,adhd,12876,141,Thal MGN L,,,,0,0,0
Attention deficit-hyperactivity disorder,adhd,12876,143,Thal PuI L,,,,0,0,0
Attention deficit-hyperactivity disorder,adhd,12876,144,Thal PuI R,,,,0,0,0
Attention deficit-hyperactivity disorder,adhd,12876,145,Thal PuM L,0.48206439068024093,0.5932557031033496,0.5231993610063096,31,9,31
Attention deficit-hyperactivity disorder,adhd,12876,146,Thal PuM R,,,,0,0,0
Attention deficit-hyperactivity disorder,adhd,12876,147,Thal PuA L,0.4695752226426134,0.5999337781571386,0.5278985805708395,31,9,31
Attention deficit-hyperactivity disorder,adhd,12876,148,Thal PuA R,,,,0,0,0
Attention deficit-hyperactivity disorder,adhd,12876,153,ACC pre L,0.4900808875543873,0.5865411722848485,0.5326998281522642,31,9,31
Attention deficit-hyperactivity disorder,adhd,12876,154,ACC pre R,,,,0,0,0
Attention deficit-hyperactivity disorder,adhd,12876,155,ACC sup L,0.3861701316145703,0.22083654277826764,0.311406061617941,31,9,31
Attention deficit-hyperactivity disorder,adhd,12876,156,ACC sup R,,,,0,0,0
Attention deficit-hyperactivity disorder,adhd,12876,157,N Acc L,0.4844189346658246,0.4772721526285522,0.47654400469929387,31,9,31
Attention deficit-hyperactivity disorder,adhd,12876,158,N Acc R,,,,0,0,0
Attention deficit-hyperactivity disorder,adhd,12876,161,SN pc L,,,,0,0,0
Attention deficit-hyperactivity disorder,adhd,12876,163,SN pr L,0.4592818486591142,0.3896725226364201,0.4133232383384679,31,9,31
Attention deficit-hyperactivity disorder,adhd,12876,164,SN pr R,,,,0,0,0
Attention deficit-hyperactivity disorder,adhd,12876,165,Red N L,,,,0,0,0
Attention deficit-hyperactivity disorder,adhd,12876,166,Red N R,,,,0,0,0
Attention deficit-hyperactivity disorder,adhd,12876,167,LC L,,,,0,0,0
Attention deficit-hyperactivity disorder,adhd,12876,168,LC R,,,,0,0,0
Attention deficit-hyperactivity disorder,adhd,12876,169,Raphe D,,,,0,0,0
Attention deficit-hyperactivity disorder,adhd,12876,170,Raphe M,,,,0,0,0
Attention deficit-hyperactivity disorder,adhd,14380,1,Precentral L,0.4536828980631664,0.4407160794649861,0.4569646059148855,31,9,31
Attention deficit-hyperactivity disorder,adhd,14380,2,Precentral R,,,,0,0,0
Attention deficit-hyperactivity disorder,adhd,14380,3,Frontal Sup 2 L,0.4952845346243283,0.5069723990174099,0.5064637450687822,31,9,31
Attention deficit-hyperactivity disorder,adhd,14380,4,Frontal Sup 2 R,,,,0,0,0
Attention deficit-hyperactivity disorder,adhd,14380,5,Frontal Mid 2 L,0.5332129781554846,0.5679985254462223,0.5473104884525046,31,9,31
Attention deficit-hyperactivity disorder,adhd,14380,6,Frontal Mid 2 R,,,,0,0,0
Attention deficit-hyperactivity disorder,adhd,14380,7,Frontal Inf Oper L,,,,0,0,0
Attention deficit-hyperactivity disorder,adhd,14380,8,Frontal Inf Oper R,,,,0,0,0
Attention deficit-hyperactivity disorder,adhd,14380,9,Frontal Inf Tri L,0.48811080064309265,0.5017424388393134,0.4887528853240978,31,9,31
Attention deficit-hyperactivity disorder,adhd,14380,10,Frontal Inf Tri R,,,,0,0,0
Attention deficit-hyperactivity disorder,adhd,14380,11,Frontal Inf Orb 2 L,0.5311780796695066,0.6228643394738099,0.5759909734924983,31,9,31
Attention deficit-hyperactivity disorder,adhd,14380,12,Frontal Inf Orb 2 R,,,,0,0,0
Attention deficit-hyperactivity disorder,adhd,14380,13,Rolandic Oper L,0.5147671931185862,0.568928971717217,0.5305773166835573,31,9,31
Attention deficit-hyperactivity disorder,adhd,14380,14,Rolandic Oper R,,,,0,0,0
Attention deficit-hyperactivity disorder,adhd,14380,15,Supp Motor Area L,0.46875875555964586,0.46385301386791844,0.46599656852026616,31,9,31
Attention deficit-hyperactivity disorder,adhd,14380,16,Supp Motor Area R,,,,0,0,0
Attention deficit-hyperactivity disorder,adhd,14380,17,Olfactory L,0.5387730933403859,0.7079592702424257,0.5999483674964778,31,9,31
Attention deficit-hyperactivity disorder,adhd,14380,18,Olfactory R,,,,0,0,0
Attention deficit-hyperactivity disorder,adhd,14380,19,Frontal Sup Medial L,0.4830491565431007,0.4767334212415405,0.5006271231560155,31,9,31
Attention deficit-hyperactivity disorder,adhd,14380,20,Frontal Sup Medial R,,,,0,0,0
Attention deficit-hyperactivity disorder,adhd,14380,21,Frontal Med Orb L,0.5433474393243748,0.5971898167570076,0.5489919135629321,31,9,31
Attention deficit-hyperactivity disorder,adhd,14380,22,Frontal Med Orb R,,,,0,0,0
Attention deficit-hyperactivity disorder,adhd,14380,23,Rectus L,0.529896606710054,0.6214480084522437,0.5656627387259178,31,9,31
Attention deficit-hyperactivity disorder,adhd,14380,24,Rectus R,,,,0,0,0
Attention deficit-hyperactivity disorder,adhd,14380,25,OFCmed L,0.5497837499476228,0.6768348277515919,0.5884106782210256,31,9,31
Attention deficit-hyperactivity disorder,adhd,14380,26,OFCmed R,,,,0,0,0
Attention deficit-hyperactivity disorder,adhd,14380,27,OFCant L,0.4813842785205597,0.5032940786168063,0.5029824220138641,31,9,31
Attention deficit-hyperactivity disorder,adhd,14380,28,OFCant R,,,,0,0,0
Attention deficit-hyperactivity disorder,adhd,14380,29,OFCpost L,0.5218950280704185,0.6972564495618581,0.5881046089906864,31,9,31
Attention deficit-hyperactivity disorder,adhd,14380,30,OFCpost R,,,,0,0,0
Attention deficit-hyperactivity disorder,adhd,14380,31,OFClat L,0.5064326158093445,0.5562417519675161,0.5383974409116346,31,9,31
Attention deficit-hyperactivity disorder,adhd,14380,32,OFClat R,,,,0,0,0
Attention deficit-hyperactivity disorder,adhd,14380,33,Insula L,0.47510023371758126,0.5287285573987092,0.49554886555901567,31,9,31
Attention deficit-hyperactivity disorder,adhd,14380,34,Insula R,,,,0,0,0
Attention deficit-hyperactivity disorder,adhd,14380,37,Cingulate Mid L,0.49721011108891233,0.49361147935070104,0.4885232183296298,31,9,31
Attention deficit-hyperactivity disorder,adhd,14380,38,Cingulate Mid R,,,,0,0,0
Attention deficit-hyperactivity disorder,adhd,14380,39,Cingulate Post L,,,,0,0,0
Attention deficit-hyperactivity disorder,adhd,14380,41,Hippocampus L,0.5119087692413191,0.493663097882266,0.5066533597389229,31,9,31
Attention deficit-hyperactivity disorder,adhd,14380,42,Hippocampus R,,,,0,0,0
Attention deficit-hyperactivity disorder,adhd,14380,43,ParaHippocampal L,0.5211357310976839,0.44449909629146067,0.4849186851333043,31,9,31
Attention deficit-hyperactivity disorder,adhd,14380,44,ParaHippocampal R,,,,0,0,0
Attention deficit-hyperactivity disorder,adhd,14380,45,Amygdala L,0.5274386731390335,0.5926172262015087,0.5583915611707925,31,9,31
Attention deficit-hyperactivity disorder,adhd,14380,46,Amygdala R,,,,0,0,0
Attention deficit-hyperactivity disorder,adhd,14380,47,Calcarine L,0.5417463687234123,0.4603699491584083,0.5040635729691478,31,9,31
Attention deficit-hyperactivity disorder,adhd,14380,48,Calcarine R,,,,0,0,0
Attention deficit-hyperactivity disorder,adhd,14380,49,Cuneus L,0.5002215564517344,0.34315906017203557,0.452452269362989,31,9,31
Attention deficit-hyperactivity disorder,adhd,14380,51,Lingual L,0.5096223265021931,0.4282663093954646,0.47500489033085946,31,9,31
Attention deficit-hyperactivity disorder,adhd,14380,52,Lingual R,,,,0,0,0
Attention deficit-hyperactivity disorder,adhd,14380,53,Occipital Sup L,0.5294826822578824,0.4196746341153095,0.47381457066442023,31,9,31
Attention deficit-hyperactivity disorder,adhd,14380,55,Occipital Mid L,0.5330211658451776,0.47338002947421093,0.5044196407839773,31,9,31
Attention deficit-hyperactivity disorder,adhd,14380,56,Occipital Mid R,,,,0,0,0
Attention deficit-hyperactivity disorder,adhd,14380,57,Occipital Inf L,0.5605316666772482,0.5398558591852999,0.5289362030840117,31,9,31
Attention deficit-hyperactivity disorder,adhd,14380,58,Occipital Inf R,,,,0,0,0
Attention deficit-hyperactivity disorder,adhd,14380,59,Fusiform L,0.5132947515511125,0.5738890153343059,0.5386502318876797,31,9,31
Attention deficit-hyperactivity disorder,adhd,14380,60,Fusiform R,,,,0,0,0
Attention deficit-hyperactivity disorder,adhd,14380,61,Postcentral L,0.4493814476664382,0.4029245839217075,0.4313102088640974,31,9,31
Attention deficit-hyperactivity disorder,adhd,14380,62,Postcentral R,,,,0,0,0
Attention deficit-hyperactivity disorder,adhd,14380,63,Parietal Sup L,0.50736251444453,0.38465313612815466,0.4424789849834363,31,9,31
Attention deficit-hyperactivity disorder,adhd,14380,64,Parietal Sup R,,,,0,0,0
Attention deficit-hyperactivity disorder,adhd,14380,65,Parietal Inf L,0.5109038867858016,0.5487965688941251,0.5254961801369941,31,9,31
Attention deficit-hyperactivity disorder,adhd,14380,66,Parietal Inf R,,,,0,0,0
Attention deficit-hyperactivity disorder,adhd,14380,67,SupraMarginal L,0.4993032032281185,0.5438828803095856,0.5095944924819094,31,9,31
Attention deficit-hyperactivity disorder,adhd,14380,68,SupraMarginal R,,,,0,0,0
Attention deficit-hyperactivity disorder,adhd,14380,69,Angular L,0.5173660841119025,0.6443059330977378,0.5657383013566037,31,9,31
Attention deficit-hyperactivity disorder,adhd,14380,70,Angular R,,,,0,0,0
Attention deficit-hyperactivity disorder,adhd,14380,71,Precuneus L,0.5065592750363258,0.3838474772505883,0.442507716254983,31,9,31
Attention deficit-hyperactivity disorder,adhd,14380,72,Precuneus R,,,,0,0,0
Attention deficit-hyperactivity disorder,adhd,14380,73,Paracentral Lobule L,0.41557866994312237,0.33288043116230825,0.3829966026231919,31,9,31
Attention deficit-hyperactivity disorder,adhd,14380,74,Paracentral Lobule R,,,,0,0,0
Attention deficit-hyperactivity disorder,adhd,14380,75,Caudate L,0.5268772872399842,0.5592398243982988,0.5297227111855884,31,9,31
Attention deficit-hyperactivity disorder,adhd,14380,76,Caudate R,,,,0,0,0
Attention deficit-hyperactivity disorder,adhd,14380,77,Putamen L,0.48811375529750417,0.5244200568791495,0.4922093459178427,31,9,31
Attention deficit-hyperactivity disorder,adhd,14380,78,Putamen R,,,,0,0,0
Attention deficit-hyperactivity disorder,adhd,14380,79,Pallidum L,0.48129467391975245,0.5099662135245647,0.4916396347566478,31,9,31
Attention deficit-hyperactivity disorder,adhd,14380,80,Pallidum R,,,,0,0,0
Attention deficit-hyperactivity disorder,adhd,14380,83,Heschl L,,,,0,0,0
Attention deficit-hyperactivity disorder,adhd,14380,84,Heschl R,,,,0,0,0
Attention deficit-hyperactivity disorder,adhd,14380,85,Temporal Sup L,0.495583625459245,0.5340067922531516,0.5151547180884131,31,9,31
Attention deficit-hyperactivity disorder,adhd,14380,86,Temporal Sup R,,,,0,0,0
Attention deficit-hyperactivity disorder,adhd,14380,87,Temporal Pole Sup L,0.4739842281096891,0.5595753605984018,0.4935230938835298,31,9,31
Attention deficit-hyperactivity disorder,adhd,14380,88,Temporal Pole Sup R,,,,0,0,0
Attention deficit-hyperactivity disorder,adhd,14380,89,Temporal Mid L,0.48698178014897037,0.5402363216230576,0.5121439251054739,31,9,31
Attention deficit-hyperactivity disorder,adhd,14380,90,Temporal Mid R,,,,0,0,0
Attention deficit-hyperactivity disorder,adhd,14380,91,Temporal Pole Mid L,0.48963484906937993,0.6339010218786688,0.5296877972927623,31,9,31
Attention deficit-hyperactivity disorder,adhd,14380,93,Temporal Inf L,0.5126067019573756,0.5923235561104323,0.5402377919227046,31,9,31
Attention deficit-hyperactivity disorder,adhd,14380,94,Temporal Inf R,,,,0,0,0
Attention deficit-hyperactivity disorder,adhd,14380,95,Cerebellum Crus1 L,0.5027563397728029,0.4434330003768472,0.48469775979219426,31,9,31
Attention deficit-hyperactivity disorder,adhd,14380,96,Cerebellum Crus1 R,,,,0,0,0
Attention deficit-hyperactivity disorder,adhd,14380,97,Cerebellum Crus2 L,0.47207525522329863,0.4675013908659258,0.45783620107752787,31,9,31
Attention deficit-hyperactivity disorder,adhd,14380,98,Cerebellum Crus2 R,,,,0,0,0
Attention deficit-hyperactivity disorder,adhd,14380,101,Cerebellum 4 5 L,0.48278339025296385,0.4094774929172369,0.45523357000890247,31,9,31
Attention deficit-hyperactivity disorder,adhd,14380,102,Cerebellum 4 5 R,,,,0,0,0
Attention deficit-hyperactivity disorder,adhd,14380,103,Cerebellum 6 L,0.48187280923164366,0.3614776067749775,0.4374951574147345,31,9,31
Attention deficit-hyperactivity disorder,adhd,14380,104,Cerebellum 6 R,,,,0,0,0
Attention deficit-hyperactivity disorder,adhd,14380,105,Cerebellum 7b L,0.4654975964153884,0.3606716081298577,0.39300518505605514,31,9,31
Attention deficit-hyperactivity disorder,adhd,14380,106,Cerebellum 7b R,,,,0,0,0
Attention deficit-hyperactivity disorder,adhd,14380,107,Cerebellum 8 L,0.4777558364631708,0.4358813240174176,0.4553034726178086,31,9,31
Attention deficit-hyperactivity disorder,adhd,14380,108,Cerebellum 8 R,,,,0,0,0
Attention deficit-hyperactivity disorder,adhd,14380,109,Cerebellum 9 L,0.48777194069596946,0.4532531474053046,0.49493779701306057,31,9,31
Attention deficit-hyperactivity disorder,adhd,14380,110,Cerebellum 9 R,,,,0,0,0
Attention deficit-hyperactivity disorder,adhd,14380,111,Cerebellum 10 L,0.4771256026823241,0.4935170261149771,0.44680615006757857,31,9,31
Attention deficit-hyperactivity disorder,adhd,14380,118,Vermis 8,,,,0,0,0
Attention deficit-hyperactivity disorder,adhd,14380,119,Vermis 9,0.6172874435383314,0.7540856490710884,0.7091817295932632,31,9,31
Attention deficit-hyperactivity disorder,adhd,14380,121,Thal AV L,0.5228486762995977,0.616000120818869,0.5569809533871746,31,9,31
Attention deficit-hyperactivity disorder,adhd,14380,122,Thal AV R,,,,0,0,0
Attention deficit-hyperactivity disorder,adhd,14380,125,Thal VA L,0.49607573365500507,0.5339929801708986,0.4935371933081182,31,9,31
Attention deficit-hyperactivity disorder,adhd,14380,127,Thal VL L,0.5212599103966019,0.5807524384837215,0.5438224576847404,31,9,31
Attention deficit-hyperactivity disorder,adhd,14380,128,Thal VL R,,,,0,0,0
Attention deficit-hyperactivity disorder,adhd,14380,129,Thal VPL L,0.45957288204606345,0.42212604740678744,0.44483677826711454,31,9,31
Attention deficit-hyperactivity disorder,adhd,14380,130,Thal VPL R,,,,0,0,0
Attention deficit-hyperactivity disorder,adhd,14380,131,Thal IL L,0.521741007457924,0.5538808396563178,0.5351169851576273,31,9,31
Attention deficit-hyperactivity disorder,adhd,14380,135,Thal MDm L,,,,0,0,0
Attention deficit-hyperactivity disorder,adhd,14380,136,Thal MDm R,,,,0,0,0
Attention deficit-hyperactivity disorder,adhd,14380,137,Thal MDl L,,,,0,0,0
Attention deficit-hyperactivity disorder,adhd,14380,139,Thal LGN L,0.4815564850325311,0.46297340252788044,0.46436271641160604,31,9,31
Attention deficit-hyperactivity disorder,adhd,14380,140,Thal LGN R,,,,0,0,0
Attention deficit-hyperactivity disorder,adhd,14380,141,Thal MGN L,,,,0,0,0
Attention deficit-hyperactivity disorder,adhd,14380,143,Thal PuI L,,,,0,0,0
Attention deficit-hyperactivity disorder,adhd,14380,144,Thal PuI R,,,,0,0,0
Attention deficit-hyperactivity disorder,adhd,14380,145,Thal PuM L,0.47325427568681766,0.4975285315119303,0.4847701089958567,31,9,31
Attention deficit-hyperactivity disorder,adhd,14380,146,Thal PuM R,,,,0,0,0
Attention deficit-hyperactivity disorder,adhd,14380,147,Thal PuA L,0.5107303665929994,0.5819487438753643,0.5435498191715937,31,9,31
Attention deficit-hyperactivity disorder,adhd,14380,148,Thal PuA R,,,,0,0,0
Attention deficit-hyperactivity disorder,adhd,14380,153,ACC pre L,,,,0,0,0
Attention deficit-hyperactivity disorder,adhd,14380,154,ACC pre R,,,,0,0,0
Attention deficit-hyperactivity disorder,adhd,14380,155,ACC sup L,0.4076521535178732,0.4203042353211657,0.41289147939081045,31,9,31
Attention deficit-hyperactivity disorder,adhd,14380,156,ACC sup R,,,,0,0,0
Attention deficit-hyperactivity disorder,adhd,14380,157,N Acc L,0.428546051938227,0.4527061551891346,0.4193268352727287,31,9,31
Attention deficit-hyperactivity disorder,adhd,14380,158,N Acc R,,,,0,0,0
Attention deficit-hyperactivity disorder,adhd,14380,161,SN pc L,,,,0,0,0
Attention deficit-hyperactivity disorder,adhd,14380,163,SN pr L,0.5142442083684937,0.5160205640913954,0.5327970549378477,31,9,31
Attention deficit-hyperactivity disorder,adhd,14380,164,SN pr R,,,,0,0,0
Attention deficit-hyperactivity disorder,adhd,14380,165,Red N L,0.4858781244734167,0.4713432214802949,0.48781685235998096,31,9,31
Attention deficit-hyperactivity disorder,adhd,14380,166,Red N R,,,,0,0,0
Attention deficit-hyperactivity disorder,adhd,14380,167,LC L,0.48452946578228,0.5450512651409087,0.5451874792996766,31,9,31
Attention deficit-hyperactivity disorder,adhd,14380,168,LC R,,,,0,0,0
Attention deficit-hyperactivity disorder,adhd,14380,169,Raphe D,,,,0,0,0
Attention deficit-hyperactivity disorder,adhd,14380,170,Raphe M,0.5094557606089041,0.5537923080471008,0.560957239281391,31,9,31
Attention deficit-hyperactivity disorder,adhd,15496,1,Precentral L,0.4414094079950159,0.4317321473295516,0.4550162253368788,31,9,31
Attention deficit-hyperactivity disorder,adhd,15496,2,Precentral R,,,,0,0,0
Attention deficit-hyperactivity disorder,adhd,15496,3,Frontal Sup 2 L,0.5152077492523001,0.5279669916232352,0.5251434336245719,31,9,31
Attention deficit-hyperactivity disorder,adhd,15496,4,Frontal Sup 2 R,,,,0,0,0
Attention deficit-hyperactivity disorder,adhd,15496,5,Frontal Mid 2 L,0.5092338270927464,0.5672482547619883,0.5487430094880659,31,9,31
Attention deficit-hyperactivity disorder,adhd,15496,6,Frontal Mid 2 R,,,,0,0,0
Attention deficit-hyperactivity disorder,adhd,15496,7,Frontal Inf Oper L,0.504942027639976,0.6022529691697736,0.5406695773173793,31,9,31
Attention deficit-hyperactivity disorder,adhd,15496,8,Frontal Inf Oper R,,,,0,0,0
Attention deficit-hyperactivity disorder,adhd,15496,9,Frontal Inf Tri L,0.5014782680452579,0.6209283146503903,0.5579344761133741,31,9,31
Attention deficit-hyperactivity disorder,adhd,15496,10,Frontal Inf Tri R,,,,0,0,0
Attention deficit-hyperactivity disorder,adhd,15496,11,Frontal Inf Orb 2 L,0.5281322236864575,0.5956182555694173,0.5689115196160954,31,9,31
Attention deficit-hyperactivity disorder,adhd,15496,12,Frontal Inf Orb 2 R,,,,0,0,0
Attention deficit-hyperactivity disorder,adhd,15496,13,Rolandic Oper L,0.5082276060565845,0.5364682323389821,0.5178624841959285,31,9,31
Attention deficit-hyperactivity disorder,adhd,15496,14,Rolandic Oper R,,,,0,0,0
Attention deficit-hyperactivity disorder,adhd,15496,15,Supp Motor Area L,0.45339484952300135,0.400284558356224,0.43560480752888564,31,9,31
Attention deficit-hyperactivity disorder,adhd,15496,16,Supp Motor Area R,,,,0,0,0
Attention deficit-hyperactivity disorder,adhd,15496,17,Olfactory L,,,,0,0,0
Attention deficit-hyperactivity disorder,adhd,15496,18,Olfactory R,,,,0,0,0
Attention deficit-hyperactivity disorder,adhd,15496,19,Frontal Sup Medial L,0.5189385736088009,0.4966979134584453,0.5138503336472429,31,9,31
Attention deficit-hyperactivity disorder,adhd,15496,20,Frontal Sup Medial R,,,,0,0,0
Attention deficit-hyperactivity disorder,adhd,15496,21,Frontal Med Orb L,0.5151573858416846,0.5199036461425461,0.5149154631503818,31,9,31
Attention deficit-hyperactivity disorder,adhd,15496,22,Frontal Med Orb R,,,,0,0,0
Attention deficit-hyperactivity disorder,adhd,15496,23,Rectus L,0.5041693171576729,0.5150822578838432,0.4892570060992154,31,9,31
Attention deficit-hyperactivity disorder,adhd,15496,24,Rectus R,,,,0,0,0
Attention deficit-hyperactivity disorder,adhd,15496,25,OFCmed L,0.5241387328713739,0.5647939170916076,0.5388600100082848,31,9,31
Attention deficit-hyperactivity disorder,adhd,15496,26,OFCmed R,,,,0,0,0
Attention deficit-hyperactivity disorder,adhd,15496,27,OFCant L,0.5178929597197465,0.6323350986197648,0.5801139933936068,31,9,31
Attention deficit-hyperactivity disorder,adhd,15496,28,OFCant R,,,,0,0,0
Attention deficit-hyperactivity disorder,adhd,15496,29,OFCpost L,0.5594368320958354,0.6048170165845576,0.5590179486556315,31,9,31
Attention deficit-hyperactivity disorder,adhd,15496,30,OFCpost R,,,,0,0,0
Attention deficit-hyperactivity disorder,adhd,15496,31,OFClat L,0.5448213753264006,0.6771609327386128,0.6048203059646384,31,9,31
Attention deficit-hyperactivity disorder,adhd,15496,32,OFClat R,,,,0,0,0
Attention deficit-hyperactivity disorder,adhd,15496,33,Insula L,0.4979894636538834,0.5328943767844873,0.5077284554065987,31,9,31
Attention deficit-hyperactivity disorder,adhd,15496,34,Insula R,,,,0,0,0
Attention deficit-hyperactivity disorder,adhd,15496,37,Cingulate Mid L,0.47131956381743884,0.5149868691435853,0.4929619150229832,31,9,31
Attention deficit-hyperactivity disorder,adhd,15496,38,Cingulate Mid R,,,,0,0,0
Attention deficit-hyperactivity disorder,adhd,15496,39,Cingulate Post L,0.4731970101247855,0.41432195271634775,0.4215125028606375,31,9,31
Attention deficit-hyperactivity disorder,adhd,15496,41,Hippocampus L,0.49751617333842657,0.5055445429134485,0.5100316428575873,31,9,31
Attention deficit-hyperactivity disorder,adhd,15496,42,Hippocampus R,,,,0,0,0
Attention deficit-hyperactivity disorder,adhd,15496,43,ParaHippocampal L,0.48701937647701,0.3848980536383124,0.4382120004846484,31,9,31
Attention deficit-hyperactivity disorder,adhd,15496,44,ParaHippocampal R,,,,0,0,0
Attention deficit-hyperactivity disorder,adhd,15496,45,Amygdala L,0.5078078848511379,0.5232904858830678,0.5056369019364169,31,9,31
Attention deficit-hyperactivity disorder,adhd,15496,46,Amygdala R,,,,0,0,0
Attention deficit-hyperactivity disorder,adhd,15496,47,Calcarine L,0.5394302591619484,0.5380007916454779,0.5389840806877465,31,9,31
Attention deficit-hyperactivity disorder,adhd,15496,48,Calcarine R,,,,0,0,0
Attention deficit-hyperactivity disorder,adhd,15496,49,Cuneus L,0.4715631265801499,0.46979965751225194,0.4661077030959128,31,9,31
Attention deficit-hyperactivity disorder,adhd,15496,51,Lingual L,0.5241002750628706,0.5263421598321628,0.5279574424763096,31,9,31
Attention deficit-hyperactivity disorder,adhd,15496,52,Lingual R,,,,0,0,0
Attention deficit-hyperactivity disorder,adhd,15496,53,Occipital Sup L,0.5386883747569375,0.5912187605045142,0.5645090687340074,31,9,31
Attention deficit-hyperactivity disorder,adhd,15496,55,Occipital Mid L,0.5019837597206949,0.5290575038220534,0.5163707656791311,31,9,31
Attention deficit-hyperactivity disorder,adhd,15496,56,Occipital Mid R,,,,0,0,0
Attention deficit-hyperactivity disorder,adhd,15496,57,Occipital Inf L,0.5043529359632307,0.5919406563934286,0.5415275537294433,31,9,31
Attention deficit-hyperactivity disorder,adhd,15496,58,Occipital Inf R,,,,0,0,0
Attention deficit-hyperactivity disorder,adhd,15496,59,Fusiform L,0.5008400220534655,0.487545637279599,0.5000618088508204,31,9,31
Attention deficit-hyperactivity disorder,adhd,15496,60,Fusiform R,,,,0,0,0
Attention deficit-hyperactivity disorder,adhd,15496,61,Postcentral L,0.47776302343125754,0.3784520930126572,0.4300885630302352,31,9,31
Attention deficit-hyperactivity disorder,adhd,15496,62,Postcentral R,,,,0,0,0
Attention deficit-hyperactivity disorder,adhd,15496,63,Parietal Sup L,0.5678795411280494,0.6355394639042571,0.6031042723605847,31,9,31
Attention deficit-hyperactivity disorder,adhd,15496,64,Parietal Sup R,,,,0,0,0
Attention deficit-hyperactivity disorder,adhd,15496,65,Parietal Inf L,0.5446534797173174,0.5283765960685769,0.5367469775989894,31,9,31
Attention deficit-hyperactivity disorder,adhd,15496,66,Parietal Inf R,,,,0,0,0
Attention deficit-hyperactivity disorder,adhd,15496,67,SupraMarginal L,0.5125478697500448,0.4649606069864372,0.473710271065664,31,9,31
Attention deficit-hyperactivity disorder,adhd,15496,68,SupraMarginal R,,,,0,0,0
Attention deficit-hyperactivity disorder,adhd,15496,69,Angular L,0.5290436189797146,0.5830182344912512,0.5448803250775031,31,9,31
Attention deficit-hyperactivity disorder,adhd,15496,70,Angular R,,,,0,0,0
Attention deficit-hyperactivity disorder,adhd,15496,71,Precuneus L,0.4922819831383681,0.5345610802688555,0.515706599310231,31,9,31
Attention deficit-hyperactivity disorder,adhd,15496,72,Precuneus R,,,,0,0,0
Attention deficit-hyperactivity disorder,adhd,15496,73,Paracentral Lobule L,0.4722878704458148,0.3311977141250873,0.4194912430843641,31,9,31
Attention deficit-hyperactivity disorder,adhd,15496,74,Paracentral Lobule R,,,,0,0,0
Attention deficit-hyperactivity disorder,adhd,15496,75,Caudate L,0.5452676691285874,0.6149011924063199,0.5656622767897459,31,9,31
Attention deficit-hyperactivity disorder,adhd,15496,76,Caudate R,,,,0,0,0
Attention deficit-hyperactivity disorder,adhd,15496,77,Putamen L,0.5092344921943952,0.550512158324697,0.517086649108374,31,9,31
Attention deficit-hyperactivity disorder,adhd,15496,78,Putamen R,,,,0,0,0
Attention deficit-hyperactivity disorder,adhd,15496,79,Pallidum L,0.49874662556115923,0.48159339845538757,0.47832189827052063,31,9,31
Attention deficit-hyperactivity disorder,adhd,15496,80,Pallidum R,,,,0,0,0
Attention deficit-hyperactivity disorder,adhd,15496,83,Heschl L,0.5119323468927904,0.5013196147262523,0.5315923690739769,31,9,31
Attention deficit-hyperactivity disorder,adhd,15496,84,Heschl R,,,,0,0,0
Attention deficit-hyperactivity disorder,adhd,15496,85,Temporal Sup L,0.45484959008552633,0.44764487773836265,0.4538467562365462,31,9,31
Attention deficit-hyperactivity disorder,adhd,15496,86,Temporal Sup R,,,,0,0,0
Attention deficit-hyperactivity disorder,adhd,15496,87,Temporal Pole Sup L,0.4562601258204808,0.47971124097509815,0.4560636355972248,31,9,31
Attention deficit-hyperactivity disorder,adhd,15496,88,Temporal Pole Sup R,,,,0,0,0
Attention deficit-hyperactivity disorder,adhd,15496,89,Temporal Mid L,0.5032339340579541,0.5091766377203091,0.5149838014622224,31,9,31
Attention deficit-hyperactivity disorder,adhd,15496,90,Temporal Mid R,,,,0,0,0
Attention deficit-hyperactivity disorder,adhd,15496,91,Temporal Pole Mid L,0.4830596348873106,0.5230785268565391,0.48292779957966536,31,9,31
Attention deficit-hyperactivity disorder,adhd,15496,93,Temporal Inf L,0.5082611329769412,0.5510381381141679,0.5257733001862356,31,9,31
Attention deficit-hyperactivity disorder,adhd,15496,94,Temporal Inf R,,,,0,0,0
Attention deficit-hyperactivity disorder,adhd,15496,95,Cerebellum Crus1 L,0.3974746618610224,0.46460101520855346,0.43037772032352506,31,9,31
Attention deficit-hyperactivity disorder,adhd,15496,96,Cerebellum Crus1 R,,,,0,0,0
Attention deficit-hyperactivity disorder,adhd,15496,97,Cerebellum Crus2 L,0.4721089450255395,0.44455820177131816,0.4605897731458158,31,9,31
Attention deficit-hyperactivity disorder,adhd,15496,98,Cerebellum Crus2 R,,,,0,0,0
Attention deficit-hyperactivity disorder,adhd,15496,101,Cerebellum 4 5 L,0.4601980189304288,0.4004776252958933,0.43393015041710753,31,9,31
Attention deficit-hyperactivity disorder,adhd,15496,102,Cerebellum 4 5 R,,,,0,0,0
Attention deficit-hyperactivity disorder,adhd,15496,103,Cerebellum 6 L,0.5083310190968278,0.44358484646395363,0.48714057484358975,31,9,31
Attention deficit-hyperactivity disorder,adhd,15496,104,Cerebellum 6 R,,,,0,0,0
Attention deficit-hyperactivity disorder,adhd,15496,105,Cerebellum 7b L,0.49133648865661284,0.5391766252736525,0.500783933857318,31,9,31
Attention deficit-hyperactivity disorder,adhd,15496,106,Cerebellum 7b R,,,,0,0,0
Attention deficit-hyperactivity disorder,adhd,15496,107,Cerebellum 8 L,0.48029623475540845,0.47205132297005803,0.47379114883034334,31,9,31
Attention deficit-hyperactivity disorder,adhd,15496,108,Cerebellum 8 R,,,,0,0,0
Attention deficit-hyperactivity disorder,adhd,15496,109,Cerebellum 9 L,0.4614692679747077,0.3854659354148151,0.4167333945236286,31,9,31
Attention deficit-hyperactivity disorder,adhd,15496,110,Cerebellum 9 R,,,,0,0,0
Attention deficit-hyperactivity disorder,adhd,15496,111,Cerebellum 10 L,0.5140750724689517,0.5927037030590768,0.5188903856507914,31,9,31
Attention deficit-hyperactivity disorder,adhd,15496,118,Vermis 8,,,,0,0,0
Attention deficit-hyperactivity disorder,adhd,15496,119,Vermis 9,,,,0,0,0
Attention deficit-hyperactivity disorder,adhd,15496,121,Thal AV L,,,,0,0,0
Attention deficit-hyperactivity disorder,adhd,15496,122,Thal AV R,,,,0,0,0
Attention deficit-hyperactivity disorder,adhd,15496,125,Thal VA L,0.47812245570059125,0.48565237373903525,0.49553300882587814,31,9,31
Attention deficit-hyperactivity disorder,adhd,15496,127,Thal VL L,0.4550314304031603,0.5662991092427974,0.5164287784749941,31,9,31
Attention deficit-hyperactivity disorder,adhd,15496,128,Thal VL R,,,,0,0,0
Attention deficit-hyperactivity disorder,adhd,15496,129,Thal VPL L,0.4313322740800097,0.49205513996137007,0.4834165081719042,31,9,31
Attention deficit-hyperactivity disorder,adhd,15496,130,Thal VPL R,,,,0,0,0
Attention deficit-hyperactivity disorder,adhd,15496,131,Thal IL L,,,,0,0,0
Attention deficit-hyperactivity disorder,adhd,15496,135,Thal MDm L,,,,0,0,0
Attention deficit-hyperactivity disorder,adhd,15496,136,Thal MDm R,,,,0,0,0
Attention deficit-hyperactivity disorder,adhd,15496,137,Thal MDl L,0.44276484801081606,0.569319138863358,0.5005150256366305,31,9,31
Attention deficit-hyperactivity disorder,adhd,15496,139,Thal LGN L,0.5154847931325494,0.5823739684366454,0.5241307815990172,31,9,31
Attention deficit-hyperactivity disorder,adhd,15496,140,Thal LGN R,,,,0,0,0
Attention deficit-hyperactivity disorder,adhd,15496,141,Thal MGN L,,,,0,0,0
Attention deficit-hyperactivity disorder,adhd,15496,143,Thal PuI L,,,,0,0,0
Attention deficit-hyperactivity disorder,adhd,15496,144,Thal PuI R,,,,0,0,0
Attention deficit-hyperactivity disorder,adhd,15496,145,Thal PuM L,,,,0,0,0
Attention deficit-hyperactivity disorder,adhd,15496,146,Thal PuM R,,,,0,0,0
Attention deficit-hyperactivity disorder,adhd,15496,147,Thal PuA L,,,,0,0,0
Attention deficit-hyperactivity disorder,adhd,15496,148,Thal PuA R,,,,0,0,0
Attention deficit-hyperactivity disorder,adhd,15496,153,ACC pre L,,,,0,0,0
Attention deficit-hyperactivity disorder,adhd,15496,154,ACC pre R,,,,0,0,0
Attention deficit-hyperactivity disorder,adhd,15496,155,ACC sup L,0.4317700326108019,0.3737499598046322,0.4135376406192662,31,9,31
Attention deficit-hyperactivity disorder,adhd,15496,156,ACC sup R,,,,0,0,0
Attention deficit-hyperactivity disorder,adhd,15496,157,N Acc L,0.5519403146268058,0.5383724378995606,0.5359074507419921,31,9,31
Attention deficit-hyperactivity disorder,adhd,15496,158,N Acc R,,,,0,0,0
Attention deficit-hyperactivity disorder,adhd,15496,161,SN pc L,0.4973286370601965,0.5481637447195706,0.5425810626321722,31,9,31
Attention deficit-hyperactivity disorder,adhd,15496,163,SN pr L,0.5378495540943156,0.48089530108032874,0.5309007697934459,31,9,31
Attention deficit-hyperactivity disorder,adhd,15496,164,SN pr R,,,,0,0,0
Attention deficit-hyperactivity disorder,adhd,15496,165,Red N L,,,,0,0,0
Attention deficit-hyperactivity disorder,adhd,15496,166,Red N R,,,,0,0,0
Attention deficit-hyperactivity disorder,adhd,15496,167,LC L,0.4645346098151122,0.4863256090099731,0.4995413277502214,31,9,31
Attention deficit-hyperactivity disorder,adhd,15496,168,LC R,,,,0,0,0
Attention deficit-hyperactivity disorder,adhd,15496,169,Raphe D,,,,0,0,0
Attention deficit-hyperactivity disorder,adhd,15496,170,Raphe M,,,,0,0,0
Attention deficit-hyperactivity disorder,adhd,15697,1,Precentral L,0.4506195954165286,0.38810002088387274,0.42991585655316417,31,9,31
Attention deficit-hyperactivity disorder,adhd,15697,2,Precentral R,,,,0,0,0
Attention deficit-hyperactivity disorder,adhd,15697,3,Frontal Sup 2 L,0.46750917931485764,0.4285889984585672,0.4465039152266852,31,9,31
Attention deficit-hyperactivity disorder,adhd,15697,4,Frontal Sup 2 R,,,,0,0,0
Attention deficit-hyperactivity disorder,adhd,15697,5,Frontal Mid 2 L,0.49066623275012006,0.49377750863480485,0.4899849647111768,31,9,31
Attention deficit-hyperactivity disorder,adhd,15697,6,Frontal Mid 2 R,,,,0,0,0
Attention deficit-hyperactivity disorder,adhd,15697,7,Frontal Inf Oper L,0.4267894060680936,0.43688218497355624,0.43498473639131413,31,9,31
Attention deficit-hyperactivity disorder,adhd,15697,8,Frontal Inf Oper R,,,,0,0,0
Attention deficit-hyperactivity disorder,adhd,15697,9,Frontal Inf Tri L,0.5301432225459967,0.617223472292505,0.5697046793933511,31,9,31
Attention deficit-hyperactivity disorder,adhd,15697,10,Frontal Inf Tri R,,,,0,0,0
Attention deficit-hyperactivity disorder,adhd,15697,11,Frontal Inf Orb 2 L,0.5274320705858918,0.5605990444901984,0.5367424052972536,31,9,31
Attention deficit-hyperactivity disorder,adhd,15697,12,Frontal Inf Orb 2 R,,,,0,0,0
Attention deficit-hyperactivity disorder,adhd,15697,13,Rolandic Oper L,0.5215744432313164,0.5577852784197044,0.538906477805258,31,9,31
Attention deficit-hyperactivity disorder,adhd,15697,14,Rolandic Oper R,,,,0,0,0
Attention deficit-hyperactivity disorder,adhd,15697,15,Supp Motor Area L,0.43770531658749007,0.4397397742098894,0.4475273704666211,31,9,31
Attention deficit-hyperactivity disorder,adhd,15697,16,Supp Motor Area R,,,,0,0,0
Attention deficit-hyperactivity disorder,adhd,15697,17,Olfactory L,,,,0,0,0
Attention deficit-hyperactivity disorder,adhd,15697,18,Olfactory R,,,,0,0,0
Attention deficit-hyperactivity disorder,adhd,15697,19,Frontal Sup Medial L,0.5242163754054816,0.5076731192045679,0.525360776727616,31,9,31
Attention deficit-hyperactivity disorder,adhd,15697,20,Frontal Sup Medial R,,,,0,0,0
Attention deficit-hyperactivity disorder,adhd,15697,21,Frontal Med Orb L,0.4423484826767616,0.6974332998825895,0.5493490734055034,31,9,31
Attention deficit-hyperactivity disorder,adhd,15697,22,Frontal Med Orb R,,,,0,0,0
Attention deficit-hyperactivity disorder,adhd,15697,23,Rectus L,0.5525614487616204,0.71268781373359,0.6050656880803809,31,9,31
Attention deficit-hyperactivity disorder,adhd,15697,24,Rectus R,,,,0,0,0
Attention deficit-hyperactivity disorder,adhd,15697,25,OFCmed L,0.5205473677172591,0.6494970173303706,0.5727774052083495,31,9,31
Attention deficit-hyperactivity disorder,adhd,15697,26,OFCmed R,,,,0,0,0
Attention deficit-hyperactivity disorder,adhd,15697,27,OFCant L,0.5658889094346736,0.678700552730281,0.6260354519867177,31,9,31
Attention deficit-hyperactivity disorder,adhd,15697,28,OFCant R,,,,0,0,0
Attention deficit-hyperactivity disorder,adhd,15697,29,OFCpost L,0.5167286451731049,0.7711862091681327,0.6179874626254468,31,9,31
Attention deficit-hyperactivity disorder,adhd,15697,30,OFCpost R,,,,0,0,0
Attention deficit-hyperactivity disorder,adhd,15697,31,OFClat L,0.470078847649264,0.6612207330295684,0.5640199152339596,31,9,31
Attention deficit-hyperactivity disorder,adhd,15697,32,OFClat R,,,,0,0,0
Attention deficit-hyperactivity disorder,adhd,15697,33,Insula L,0.5155011418776878,0.6685078025787244,0.5829753562429835,31,9,31
Attention deficit-hyperactivity disorder,adhd,15697,34,Insula R,,,,0,0,0
Attention deficit-hyperactivity disorder,adhd,15697,37,Cingulate Mid L,0.47964924867784015,0.48419904228918675,0.4771972141168656,31,9,31
Attention deficit-hyperactivity disorder,adhd,15697,38,Cingulate Mid R,,,,0,0,0
Attention deficit-hyperactivity disorder,adhd,15697,39,Cingulate Post L,0.562751306878509,0.6084197681034025,0.5712925860903557,31,9,31
Attention deficit-hyperactivity disorder,adhd,15697,41,Hippocampus L,0.5042947055986422,0.49733504992424876,0.4993577968623097,31,9,31
Attention deficit-hyperactivity disorder,adhd,15697,42,Hippocampus R,,,,0,0,0
Attention deficit-hyperactivity disorder,adhd,15697,43,ParaHippocampal L,0.5432054553152191,0.5309895238912611,0.5286306504843729,31,9,31
Attention deficit-hyperactivity disorder,adhd,15697,44,ParaHippocampal R,,,,0,0,0
Attention deficit-hyperactivity disorder,adhd,15697,45,Amygdala L,0.4845124412202187,0.5069763332152747,0.4819140318442309,31,9,31
Attention deficit-hyperactivity disorder,adhd,15697,46,Amygdala R,,,,0,0,0
Attention deficit-hyperactivity disorder,adhd,15697,47,Calcarine L,0.5303283057826663,0.48950535475059076,0.50064907296428,31,9,31
Attention deficit-hyperactivity disorder,adhd,15697,48,Calcarine R,,,,0,0,0
Attention deficit-hyperactivity disorder,adhd,15697,49,Cuneus L,0.551009295506297,0.5531009053960723,0.5434507753822417,31,9,31
Attention deficit-hyperactivity disorder,adhd,15697,51,Lingual L,0.5772739219938477,0.574506637908765,0.5677409484857932,31,9,31
Attention deficit-hyperactivity disorder,adhd,15697,52,Lingual R,,,,0,0,0
Attention deficit-hyperactivity disorder,adhd,15697,53,Occipital Sup L,0.5469084306390743,0.7419898332642696,0.6065809509303637,31,9,31
Attention deficit-hyperactivity disorder,adhd,15697,55,Occipital Mid L,0.5535032701911468,0.5320420953039153,0.5441443889113325,31,9,31
Attention deficit-hyperactivity disorder,adhd,15697,56,Occipital Mid R,,,,0,0,0
Attention deficit-hyperactivity disorder,adhd,15697,57,Occipital Inf L,0.5257485605046719,0.4708302812471752,0.5098727279777875,31,9,31
Attention deficit-hyperactivity disorder,adhd,15697,58,Occipital Inf R,,,,0,0,0
Attention deficit-hyperactivity disorder,adhd,15697,59,Fusiform L,0.526188049974912,0.5156518904173988,0.5205827440228581,31,9,31
Attention deficit-hyperactivity disorder,adhd,15697,60,Fusiform R,,,,0,0,0
Attention deficit-hyperactivity disorder,adhd,15697,61,Postcentral L,0.49837972004780634,0.5144594458697214,0.5121952367973205,31,9,31
Attention deficit-hyperactivity disorder,adhd,15697,62,Postcentral R,,,,0,0,0
Attention deficit-hyperactivity disorder,adhd,15697,63,Parietal Sup L,0.5034542794355069,0.4849195430701345,0.4879110566279965,31,9,31
Attention deficit-hyperactivity disorder,adhd,15697,64,Parietal Sup R,,,,0,0,0
Attention deficit-hyperactivity disorder,adhd,15697,65,Parietal Inf L,0.4917975666333082,0.5053367970112558,0.4930759578969882,31,9,31
Attention deficit-hyperactivity disorder,adhd,15697,66,Parietal Inf R,,,,0,0,0
Attention deficit-hyperactivity disorder,adhd,15697,67,SupraMarginal L,0.37844107361497153,0.37350411758882257,0.3878642583842188,31,9,31
Attention deficit-hyperactivity disorder,adhd,15697,68,SupraMarginal R,,,,0,0,0
Attention deficit-hyperactivity disorder,adhd,15697,69,Angular L,,,,0,0,0
Attention deficit-hyperactivity disorder,adhd,15697,70,Angular R,,,,0,0,0
Attention deficit-hyperactivity disorder,adhd,15697,71,Precuneus L,0.4726939176778518,0.5668927283828046,0.4958507023810002,31,9,31
Attention deficit-hyperactivity disorder,adhd,15697,72,Precuneus R,,,,0,0,0
Attention deficit-hyperactivity disorder,adhd,15697,73,Paracentral Lobule L,0.5075614784461394,0.523128974636006,0.5056145932630111,31,9,31
Attention deficit-hyperactivity disorder,adhd,15697,74,Paracentral Lobule R,,,,0,0,0
Attention deficit-hyperactivity disorder,adhd,15697,75,Caudate L,0.5170382184569653,0.5600489755005703,0.5294604949947703,31,9,31
Attention deficit-hyperactivity disorder,adhd,15697,76,Caudate R,,,,0,0,0
Attention deficit-hyperactivity disorder,adhd,15697,77,Putamen L,0.5003748522253236,0.48157311325269325,0.4928080678098162,31,9,31
Attention deficit-hyperactivity disorder,adhd,15697,78,Putamen R,,,,0,0,0
Attention deficit-hyperactivity disorder,adhd,15697,79,Pallidum L,0.5037956655872146,0.47699126728788815,0.4904143478064439,31,9,31
Attention deficit-hyperactivity disorder,adhd,15697,80,Pallidum R,,,,0,0,0
Attention deficit-hyperactivity disorder,adhd,15697,83,Heschl L,0.5623475377864183,0.6179527590135945,0.6108053645546876,31,9,31
Attention deficit-hyperactivity disorder,adhd,15697,84,Heschl R,,,,0,0,0
Attention deficit-hyperactivity disorder,adhd,15697,85,Temporal Sup L,0.47349227979081854,0.4870647494322838,0.48281078597500526,31,9,31
Attention deficit-hyperactivity disorder,adhd,15697,86,Temporal Sup R,,,,0,0,0
Attention deficit-hyperactivity disorder,adhd,15697,87,Temporal Pole Sup L,0.49904653163684665,0.5271846317467426,0.5122235971709881,31,9,31
Attention deficit-hyperactivity disorder,adhd,15697,88,Temporal Pole Sup R,,,,0,0,0
Attention deficit-hyperactivity disorder,adhd,15697,89,Temporal Mid L,0.46785025364599725,0.5243231600062507,0.49589045112646046,31,9,31
Attention deficit-hyperactivity disorder,adhd,15697,90,Temporal Mid R,,,,0,0,0
Attention deficit-hyperactivity disorder,adhd,15697,91,Temporal Pole Mid L,0.5214098512646742,0.5214987434556901,0.5113085019260073,31,9,31
Attention deficit-hyperactivity disorder,adhd,15697,93,Temporal Inf L,0.45851503680589384,0.4925054479186717,0.4740269793293719,31,9,31
Attention deficit-hyperactivity disorder,adhd,15697,94,Temporal Inf R,,,,0,0,0
Attention deficit-hyperactivity disorder,adhd,15697,95,Cerebellum Crus1 L,0.46605202790857697,0.5159046889476674,0.46617518790245277,31,9,31
Attention deficit-hyperactivity disorder,adhd,15697,96,Cerebellum Crus1 R,,,,0,0,0
Attention deficit-hyperactivity disorder,adhd,15697,97,Cerebellum Crus2 L,0.4768811652607973,0.4367689338524877,0.4487684574644833,31,9,31
Attention deficit-hyperactivity disorder,adhd,15697,98,Cerebellum Crus2 R,,,,0,0,0
Attention deficit-hyperactivity disorder,adhd,15697,101,Cerebellum 4 5 L,0.4758376544863547,0.42527135637693986,0.4577220031788282,31,9,31
Attention deficit-hyperactivity disorder,adhd,15697,102,Cerebellum 4 5 R,,,,0,0,0
Attention deficit-hyperactivity disorder,adhd,15697,103,Cerebellum 6 L,0.4837343617638923,0.47510043230531607,0.4701154666706092,31,9,31
Attention deficit-hyperactivity disorder,adhd,15697,104,Cerebellum 6 R,,,,0,0,0
Attention deficit-hyperactivity disorder,adhd,15697,105,Cerebellum 7b L,0.437264918673787,0.4065100356210718,0.3900949736046508,31,9,31
Attention deficit-hyperactivity disorder,adhd,15697,106,Cerebellum 7b R,,,,0,0,0
Attention deficit-hyperactivity disorder,adhd,15697,107,Cerebellum 8 L,0.4734919322568589,0.49989088229596235,0.4790245321385856,31,9,31
Attention deficit-hyperactivity disorder,adhd,15697,108,Cerebellum 8 R,,,,0,0,0
Attention deficit-hyperactivity disorder,adhd,15697,109,Cerebellum 9 L,,,,0,0,0
Attention deficit-hyperactivity disorder,adhd,15697,110,Cerebellum 9 R,,,,0,0,0
Attention deficit-hyperactivity disorder,adhd,15697,111,Cerebellum 10 L,,,,0,0,0
Attention deficit-hyperactivity disorder,adhd,15697,118,Vermis 8,0.5399256643987694,0.5493981639137748,0.5588461879998341,31,9,31
Attention deficit-hyperactivity disorder,adhd,15697,119,Vermis 9,0.5410156653910778,0.5507836250815739,0.5707785353713362,31,9,31
Attention deficit-hyperactivity disorder,adhd,15697,121,Thal AV L,0.5164284161225909,0.5833881564971379,0.5321430406510455,31,9,31
Attention deficit-hyperactivity disorder,adhd,15697,122,Thal AV R,,,,0,0,0
Attention deficit-hyperactivity disorder,adhd,15697,125,Thal VA L,0.4900558456174035,0.562858076358016,0.545139250531116,31,9,31
Attention deficit-hyperactivity disorder,adhd,15697,127,Thal VL L,0.47995976562330545,0.5365939373685243,0.48180683468036456,31,9,31
Attention deficit-hyperactivity disorder,adhd,15697,128,Thal VL R,,,,0,0,0
Attention deficit-hyperactivity disorder,adhd,15697,129,Thal VPL L,0.47459284705283206,0.4478181021279183,0.47036603040910147,31,9,31
Attention deficit-hyperactivity disorder,adhd,15697,130,Thal VPL R,,,,0,0,0
Attention deficit-hyperactivity disorder,adhd,15697,131,Thal IL L,0.5099453415489942,0.5669386917944975,0.5498602220749649,31,9,31
Attention deficit-hyperactivity disorder,adhd,15697,135,Thal MDm L,,,,0,0,0
Attention deficit-hyperactivity disorder,adhd,15697,136,Thal MDm R,,,,0,0,0
Attention deficit-hyperactivity disorder,adhd,15697,137,Thal MDl L,0.4668302263594733,0.5762084940123123,0.5106260563970997,31,9,31
Attention deficit-hyperactivity disorder,adhd,15697,139,Thal LGN L,,,,0,0,0
Attention deficit-hyperactivity disorder,adhd,15697,140,Thal LGN R,,,,0,0,0
Attention deficit-hyperactivity disorder,adhd,15697,141,Thal MGN L,0.47223194953591824,0.4745543733004791,0.4626451936210867,31,9,31
Attention deficit-hyperactivity disorder,adhd,15697,143,Thal PuI L,0.44412810205885483,0.4164300971265327,0.42533025827416876,31,9,31
Attention deficit-hyperactivity disorder,adhd,15697,144,Thal PuI R,,,,0,0,0
Attention deficit-hyperactivity disorder,adhd,15697,145,Thal PuM L,0.5263694070613077,0.5312319899343634,0.519212850689105,31,9,31
Attention deficit-hyperactivity disorder,adhd,15697,146,Thal PuM R,,,,0,0,0
Attention deficit-hyperactivity disorder,adhd,15697,147,Thal PuA L,,,,0,0,0
Attention deficit-hyperactivity disorder,adhd,15697,148,Thal PuA R,,,,0,0,0
Attention deficit-hyperactivity disorder,adhd,15697,153,ACC pre L,0.5176824455210509,0.6639379765185462,0.5540536171125405,31,9,31
Attention deficit-hyperactivity disorder,adhd,15697,154,ACC pre R,,,,0,0,0
Attention deficit-hyperactivity disorder,adhd,15697,155,ACC sup L,0.41979799287655034,0.32843757425361425,0.3757061196937916,31,9,31
Attention deficit-hyperactivity disorder,adhd,15697,156,ACC sup R,,,,0,0,0
Attention deficit-hyperactivity disorder,adhd,15697,157,N Acc L,0.48663158373814175,0.5386996723489113,0.5005623747531133,31,9,31
Attention deficit-hyperactivity disorder,adhd,15697,158,N Acc R,,,,0,0,0
Attention deficit-hyperactivity disorder,adhd,15697,161,SN pc L,,,,0,0,0
Attention deficit-hyperactivity disorder,adhd,15697,163,SN pr L,0.4258917477280927,0.47518142279637104,0.4347302709566046,31,9,31
Attention deficit-hyperactivity disorder,adhd,15697,164,SN pr R,,,,0,0,0
Attention deficit-hyperactivity disorder,adhd,15697,165,Red N L,0.5218872604859397,0.4958015803907921,0.518229899452798,31,9,31
Attention deficit-hyperactivity disorder,adhd,15697,166,Red N R,,,,0,0,0
Attention deficit-hyperactivity disorder,adhd,15697,167,LC L,,,,0,0,0
Attention deficit-hyperactivity disorder,adhd,15697,168,LC R,,,,0,0,0
Attention deficit-hyperactivity disorder,adhd,15697,169,Raphe D,,,,0,0,0
Attention deficit-hyperactivity disorder,adhd,15697,170,Raphe M,,,,0,0,0
Attention deficit-hyperactivity disorder,adhd,9861,1,Precentral L,0.4582876175330698,0.4164326889928349,0.43912144164519523,31,9,31
Attention deficit-hyperactivity disorder,adhd,9861,2,Precentral R,0.45105182512520464,0.40733690847126025,0.4339831728322942,31,9,31
Attention deficit-hyperactivity disorder,adhd,9861,3,Frontal Sup 2 L,0.4704638001321786,0.4556531298096476,0.47446727793898186,31,9,31
Attention deficit-hyperactivity disorder,adhd,9861,4,Frontal Sup 2 R,0.5017221569993908,0.5333050498214459,0.5258680100775657,31,9,31
Attention deficit-hyperactivity disorder,adhd,9861,5,Frontal Mid 2 L,0.4948561154770961,0.5160266423092834,0.49864718263322083,31,9,31
Attention deficit-hyperactivity disorder,adhd,9861,6,Frontal Mid 2 R,0.48561120734997765,0.5891332459922424,0.5351170230979564,31,9,31
Attention deficit-hyperactivity disorder,adhd,9861,7,Frontal Inf Oper L,0.509245891256009,0.4799467741921117,0.5083150949688181,31,9,31
Attention deficit-hyperactivity disorder,adhd,9861,8,Frontal Inf Oper R,0.4771144134511664,0.45829615328792833,0.47538233588532025,31,9,31
Attention deficit-hyperactivity disorder,adhd,9861,9,Frontal Inf Tri L,0.5115626184893316,0.6361601869017495,0.5567531057460959,31,9,31
Attention deficit-hyperactivity disorder,adhd,9861,10,Frontal Inf Tri R,0.5136620671804352,0.5932008204042267,0.5408661042695285,31,9,31
Attention deficit-hyperactivity disorder,adhd,9861,11,Frontal Inf Orb 2 L,0.5271158220056382,0.7094306305189464,0.594258910691639,31,9,31
Attention deficit-hyperactivity disorder,adhd,9861,12,Frontal Inf Orb 2 R,0.49958998169141206,0.5696705693709382,0.5354251512222736,31,9,31
Attention deficit-hyperactivity disorder,adhd,9861,13,Rolandic Oper L,0.4718171791345154,0.43126638154260255,0.46044053240636335,31,9,31
Attention deficit-hyperactivity disorder,adhd,9861,14,Rolandic Oper R,0.4889184728101252,0.442855092889178,0.4688425855971087,31,9,31
Attention deficit-hyperactivity disorder,adhd,9861,15,Supp Motor Area L,0.4910151576075145,0.4887186001119508,0.48635427018375094,31,9,31
Attention deficit-hyperactivity disorder,adhd,9861,16,Supp Motor Area R,0.4377289448066004,0.36345561098673546,0.4146536260814162,31,9,31
Attention deficit-hyperactivity disorder,adhd,9861,17,Olfactory L,0.5223914777572485,0.613391584931748,0.5406077020105224,31,9,31
Attention deficit-hyperactivity disorder,adhd,9861,18,Olfactory R,0.408908152560058,0.2848613364935752,0.3454708575274433,31,9,31
Attention deficit-hyperactivity disorder,adhd,9861,19,Frontal Sup Medial L,0.5265081530553374,0.6052502645198039,0.5658055931132784,31,9,31
Attention deficit-hyperactivity disorder,adhd,9861,20,Frontal Sup Medial R,0.5128726104518357,0.5293229013100064,0.5212945615238382,31,9,31
Attention deficit-hyperactivity disorder,adhd,9861,21,Frontal Med Orb L,0.5389749849918591,0.5445371204897028,0.5106859886828103,31,9,31
Attention deficit-hyperactivity disorder,adhd,9861,22,Frontal Med Orb R,0.531474559474838,0.5544208991585895,0.5497214346202626,31,9,31
Attention deficit-hyperactivity disorder,adhd,9861,23,Rectus L,0.5463860669285755,0.6265480075163044,0.6011876228514657,31,9,31
Attention deficit-hyperactivity disorder,adhd,9861,24,Rectus R,0.5658543140275963,0.6774449752247574,0.6108997115109447,31,9,31
Attention deficit-hyperactivity disorder,adhd,9861,25,OFCmed L,0.5161633293837515,0.7175219409261158,0.5802035222639026,31,9,31
Attention deficit-hyperactivity disorder,adhd,9861,26,OFCmed R,0.5321441320141959,0.6683107661296579,0.6052641669289379,31,9,31
Attention deficit-hyperactivity disorder,adhd,9861,27,OFCant L,0.5607015033882548,0.6338650687929208,0.596028521990891,31,9,31
Attention deficit-hyperactivity disorder,adhd,9861,28,OFCant R,0.5144783161721673,0.624600399160509,0.5788809577516365,31,9,31
Attention deficit-hyperactivity disorder,adhd,9861,29,OFCpost L,0.5082007042601172,0.5559074797858462,0.5303322492364132,31,9,31
Attention deficit-hyperactivity disorder,adhd,9861,30,OFCpost R,0.5016855053620255,0.6034495432792997,0.5438994360598494,31,9,31
Attention deficit-hyperactivity disorder,adhd,9861,31,OFClat L,,,,0,0,0
Attention deficit-hyperactivity disorder,adhd,9861,32,OFClat R,0.5149669686622131,0.6146214666919148,0.5501295853471625,31,9,31
Attention deficit-hyperactivity disorder,adhd,9861,33,Insula L,0.4881223654263919,0.48207253341443324,0.47940564772909794,31,9,31
Attention deficit-hyperactivity disorder,adhd,9861,34,Insula R,0.5058439200815562,0.5989553255685015,0.5446384950872798,31,9,31
Attention deficit-hyperactivity disorder,adhd,9861,37,Cingulate Mid L,0.4718843521834674,0.5033301689691161,0.489777492439671,31,9,31
Attention deficit-hyperactivity disorder,adhd,9861,38,Cingulate Mid R,0.4670000481338135,0.40953237092792766,0.4400832186192837,31,9,31
Attention deficit-hyperactivity disorder,adhd,9861,39,Cingulate Post L,0.5745566041403956,0.6827578462665187,0.604155484985559,31,9,31
Attention deficit-hyperactivity disorder,adhd,9861,41,Hippocampus L,0.5086992759185868,0.4838269566298677,0.5020012360202585,31,9,31
Attention deficit-hyperactivity disorder,adhd,9861,42,Hippocampus R,0.4915719993016005,0.5007614543848762,0.49837590482745575,31,9,31
Attention deficit-hyperactivity disorder,adhd,9861,43,ParaHippocampal L,0.5054737547632503,0.44728545717255563,0.47553652269070906,31,9,31
Attention deficit-hyperactivity disorder,adhd,9861,44,ParaHippocampal R,0.4845843623812975,0.45909476095965474,0.46296221232353174,31,9,31
Attention deficit-hyperactivity disorder,adhd,9861,45,Amygdala L,0.48903843956356424,0.3858557130913326,0.4313977630067404,31,9,31
Attention deficit-hyperactivity disorder,adhd,9861,46,Amygdala R,0.41575122611435883,0.33584557862807496,0.37499366514519056,31,9,31
Attention deficit-hyperactivity disorder,adhd,9861,47,Calcarine L,0.5139538555217021,0.4692602684546768,0.5072192302387785,31,9,31
Attention deficit-hyperactivity disorder,adhd,9861,48,Calcarine R,0.5072173940600646,0.46766903240575064,0.5040937422005053,31,9,31
Attention deficit-hyperactivity disorder,adhd,9861,49,Cuneus L,,,,0,0,0
Attention deficit-hyperactivity disorder,adhd,9861,51,Lingual L,0.526777164809084,0.47989750145474197,0.5184988974412844,31,9,31
Attention deficit-hyperactivity disorder,adhd,9861,52,Lingual R,0.5258378391525365,0.5116308240621472,0.5300638639901607,31,9,31
Attention deficit-hyperactivity disorder,adhd,9861,53,Occipital Sup L,,,,0,0,0
Attention deficit-hyperactivity disorder,adhd,9861,55,Occipital Mid L,0.512514079467798,0.43751231271031227,0.4699596917811098,31,9,31
Attention deficit-hyperactivity disorder,adhd,9861,56,Occipital Mid R,0.5125098598404682,0.45944349715249877,0.4970997866079899,31,9,31
Attention deficit-hyperactivity disorder,adhd,9861,57,Occipital Inf L,0.5044722766979404,0.44957239230130214,0.48987131414230806,31,9,31
Attention deficit-hyperactivity disorder,adhd,9861,58,Occipital Inf R,0.5152410233775216,0.5364253712284968,0.5255197271720577,31,9,31
Attention deficit-hyperactivity disorder,adhd,9861,59,Fusiform L,0.5112440945266928,0.5029105713322856,0.5018795610089288,31,9,31
Attention deficit-hyperactivity disorder,adhd,9861,60,Fusiform R,0.509898887570621,0.5203648651525414,0.5139540195293573,31,9,31
Attention deficit-hyperactivity disorder,adhd,9861,61,Postcentral L,0.48663552843965757,0.47414101338420633,0.486377035421523,31,9,31
Attention deficit-hyperactivity disorder,adhd,9861,62,Postcentral R,0.4671969256809894,0.4285582224915363,0.4577432601874716,31,9,31
Attention deficit-hyperactivity disorder,adhd,9861,63,Parietal Sup L,0.5034822003080605,0.4572309587401221,0.48334372949859966,31,9,31
Attention deficit-hyperactivity disorder,adhd,9861,64,Parietal Sup R,0.49276809055115717,0.4943120257197637,0.4975014269732773,31,9,31
Attention deficit-hyperactivity disorder,adhd,9861,65,Parietal Inf L,0.48886158110561767,0.5040927077927009,0.48980541370160835,31,9,31
Attention deficit-hyperactivity disorder,adhd,9861,66,Parietal Inf R,0.5389327370302581,0.4333433641141427,0.4910052204418804,31,9,31
Attention deficit-hyperactivity disorder,adhd,9861,67,SupraMarginal L,0.4857790841203276,0.4562741079180671,0.4960745654322348,31,9,31
Attention deficit-hyperactivity disorder,adhd,9861,68,SupraMarginal R,0.509039761239225,0.5515786747891638,0.5210255683912004,31,9,31
Attention deficit-hyperactivity disorder,adhd,9861,69,Angular L,0.5345674741312273,0.48737853687253957,0.5224431780151466,31,9,31
Attention deficit-hyperactivity disorder,adhd,9861,70,Angular R,0.5268520645214697,0.5968458163436381,0.5559542111021553,31,9,31
Attention deficit-hyperactivity disorder,adhd,9861,71,Precuneus L,0.505783155808817,0.5681019527514807,0.5064258041446728,31,9,31
Attention deficit-hyperactivity disorder,adhd,9861,72,Precuneus R,0.510177128090847,0.5040737586198902,0.505143433521041,31,9,31
Attention deficit-hyperactivity disorder,adhd,9861,73,Paracentral Lobule L,0.48308320284380885,0.4208228447927546,0.4541766032146484,31,9,31
Attention deficit-hyperactivity disorder,adhd,9861,74,Paracentral Lobule R,0.42767002321834796,0.461008977726282,0.43132129298809196,31,9,31
Attention deficit-hyperactivity disorder,adhd,9861,75,Caudate L,0.5796856013220638,0.6259984698845433,0.5956028562545775,31,9,31
Attention deficit-hyperactivity disorder,adhd,9861,76,Caudate R,0.5775085935526387,0.6013089175775171,0.5861254382737411,31,9,31
Attention deficit-hyperactivity disorder,adhd,9861,77,Putamen L,0.530769554936298,0.5204518842966486,0.5194930782568218,31,9,31
Attention deficit-hyperactivity disorder,adhd,9861,78,Putamen R,0.5218044913155044,0.5261962162515705,0.5174139669709881,31,9,31
Attention deficit-hyperactivity disorder,adhd,9861,79,Pallidum L,0.5315197008208601,0.4943419352652448,0.5294397893363721,31,9,31
Attention deficit-hyperactivity disorder,adhd,9861,80,Pallidum R,0.5463458596850137,0.5132969935991326,0.5356703498507203,31,9,31
Attention deficit-hyperactivity disorder,adhd,9861,83,Heschl L,0.47854755789449277,0.3951848436297858,0.45804516780581783,31,9,31
Attention deficit-hyperactivity disorder,adhd,9861,84,Heschl R,0.4719509819995707,0.35866918406743215,0.43622755258770324,31,9,31
Attention deficit-hyperactivity disorder,adhd,9861,85,Temporal Sup L,0.5387984665008266,0.5466137828327287,0.5493605017889932,31,9,31
Attention deficit-hyperactivity disorder,adhd,9861,86,Temporal Sup R,0.48814165923408825,0.49871862176231957,0.4972670248866447,31,9,31
Attention deficit-hyperactivity disorder,adhd,9861,87,Temporal Pole Sup L,0.5072371936306314,0.5523304371361619,0.5083468774503195,31,9,31
Attention deficit-hyperactivity disorder,adhd,9861,88,Temporal Pole Sup R,0.524954131480997,0.4584304133376901,0.4661149234453736,31,9,31
Attention deficit-hyperactivity disorder,adhd,9861,89,Temporal Mid L,0.5314318422051878,0.5516352738002183,0.5449594333892281,31,9,31
Attention deficit-hyperactivity disorder,adhd,9861,90,Temporal Mid R,0.5354308505093888,0.5893187243946929,0.5562399688721024,31,9,31
Attention deficit-hyperactivity disorder,adhd,9861,91,Temporal Pole Mid L,,,,0,0,0
Attention deficit-hyperactivity disorder,adhd,9861,93,Temporal Inf L,0.5216960084523045,0.5500612405016755,0.5323748620060769,31,9,31
Attention deficit-hyperactivity disorder,adhd,9861,94,Temporal Inf R,0.5323297391519783,0.5821336093698887,0.5566367576727985,31,9,31
Attention deficit-hyperactivity disorder,adhd,9861,95,Cerebellum Crus1 L,0.4795780546168918,0.447721458444915,0.46295789975944285,31,9,31
Attention deficit-hyperactivity disorder,adhd,9861,96,Cerebellum Crus1 R,0.5398098412203057,0.5034238787083029,0.5305544051596243,31,9,31
Attention deficit-hyperactivity disorder,adhd,9861,97,Cerebellum Crus2 L,0.5129096342548157,0.4464924275734061,0.49069505656151435,31,9,31
Attention deficit-hyperactivity disorder,adhd,9861,98,Cerebellum Crus2 R,0.496351923085371,0.4522316406659116,0.48025929159193614,31,9,31
Attention deficit-hyperactivity disorder,adhd,9861,101,Cerebellum 4 5 L,0.4919615041333917,0.4663744274129551,0.4833356129890411,31,9,31
Attention deficit-hyperactivity disorder,adhd,9861,102,Cerebellum 4 5 R,0.5085877115229824,0.4191712436660509,0.4427317361416444,31,9,31
Attention deficit-hyperactivity disorder,adhd,9861,103,Cerebellum 6 L,0.5111855268003191,0.4908114067828009,0.501309231645944,31,9,31
Attention deficit-hyperactivity disorder,adhd,9861,104,Cerebellum 6 R,0.43571939404178756,0.4031838760954961,0.4150149724549808,31,9,31
Attention deficit-hyperactivity disorder,adhd,9861,105,Cerebellum 7b L,0.526306368808963,0.48101280798630697,0.4924851538268805,31,9,31
Attention deficit-hyperactivity disorder,adhd,9861,106,Cerebellum 7b R,0.5470966131744097,0.5494387106790928,0.5535366036628695,31,9,31
Attention deficit-hyperactivity disorder,adhd,9861,107,Cerebellum 8 L,0.4874125973489122,0.47727238190706534,0.4709367421385006,31,9,31
Attention deficit-hyperactivity disorder,adhd,9861,108,Cerebellum 8 R,0.5348960329354411,0.5416445039365421,0.5428496125892405,31,9,31
Attention deficit-hyperactivity disorder,adhd,9861,109,Cerebellum 9 L,0.43447124794226455,0.4064444179305167,0.4160672559233889,31,9,31
Attention deficit-hyperactivity disorder,adhd,9861,110,Cerebellum 9 R,0.47047599715702715,0.4476934129793467,0.44222475911529113,31,9,31
Attention deficit-hyperactivity disorder,adhd,9861,111,Cerebellum 10 L,,,,0,0,0
Attention deficit-hyperactivity disorder,adhd,9861,118,Vermis 8,0.4512527516943271,0.465508382174355,0.46568796582837374,31,9,31
Attention deficit-hyperactivity disorder,adhd,9861,119,Vermis 9,0.48494937268711136,0.5519238642560464,0.5359571511355341,31,9,31
Attention deficit-hyperactivity disorder,adhd,9861,121,Thal AV L,0.6255327002037486,0.6669201190943562,0.6517056383416351,31,9,31
Attention deficit-hyperactivity disorder,adhd,9861,122,Thal AV R,0.49566800561010965,0.660370239268169,0.5586318555799151,31,9,31
Attention deficit-hyperactivity disorder,adhd,9861,125,Thal VA L,0.5296926481172685,0.5237007760966019,0.5407886682548022,31,9,31
Attention deficit-hyperactivity disorder,adhd,9861,127,Thal VL L,0.5233700724960682,0.43739950507038255,0.4807583365647755,31,9,31
Attention deficit-hyperactivity disorder,adhd,9861,128,Thal VL R,0.48641424774237657,0.4479561442228831,0.47486031026803005,31,9,31
Attention deficit-hyperactivity disorder,adhd,9861,129,Thal VPL L,0.4644211486591547,0.504202412513516,0.4799185094421233,31,9,31
Attention deficit-hyperactivity disorder,adhd,9861,130,Thal VPL R,0.4766630185748142,0.4347425363487676,0.46088328271197027,31,9,31
Attention deficit-hyperactivity disorder,adhd,9861,131,Thal IL L,0.4968021034391958,0.5690511129857042,0.5287883656053235,31,9,31
Attention deficit-hyperactivity disorder,adhd,9861,135,Thal MDm L,0.4047129385043393,0.5408201186656295,0.46755600451326246,31,9,31
Attention deficit-hyperactivity disorder,adhd,9861,136,Thal MDm R,0.48098378663388097,0.4414439991756707,0.45229019395669756,31,9,31
Attention deficit-hyperactivity disorder,adhd,9861,137,Thal MDl L,0.45376297511359537,0.5341048930127195,0.4887327809815736,31,9,31
Attention deficit-hyperactivity disorder,adhd,9861,139,Thal LGN L,0.49185050458485524,0.547852677882399,0.4977258273282537,31,9,31
Attention deficit-hyperactivity disorder,adhd,9861,140,Thal LGN R,0.4788945275027554,0.5260729120878014,0.49461704118291805,31,9,31
Attention deficit-hyperactivity disorder,adhd,9861,141,Thal MGN L,0.52493789564378,0.5378803396493805,0.5467603337022908,31,9,31
Attention deficit-hyperactivity disorder,adhd,9861,143,Thal PuI L,0.5361479548456889,0.5448842778017148,0.5195058663662225,31,9,31
Attention deficit-hyperactivity disorder,adhd,9861,144,Thal PuI R,0.5030079454517055,0.5071041415336617,0.4967715941148125,31,9,31
Attention deficit-hyperactivity disorder,adhd,9861,145,Thal PuM L,0.5276027794725674,0.5416659423921062,0.5227729940879025,31,9,31
Attention deficit-hyperactivity disorder,adhd,9861,146,Thal PuM R,0.4772393062326159,0.5117310248465976,0.48308712189327413,31,9,31
Attention deficit-hyperactivity disorder,adhd,9861,147,Thal PuA L,0.533887352119553,0.550525987248833,0.5414222797899934,31,9,31
Attention deficit-hyperactivity disorder,adhd,9861,148,Thal PuA R,0.49043923633148273,0.5365905564842749,0.5063604430762056,31,9,31
Attention deficit-hyperactivity disorder,adhd,9861,153,ACC pre L,,,,0,0,0
Attention deficit-hyperactivity disorder,adhd,9861,154,ACC pre R,0.5156610732366638,0.5921921069144546,0.5416963447055402,31,9,31
Attention deficit-hyperactivity disorder,adhd,9861,155,ACC sup L,0.5071243421363759,0.4493013196939335,0.47151141157442616,31,9,31
Attention deficit-hyperactivity disorder,adhd,9861,156,ACC sup R,0.4884805876260507,0.4150371236089703,0.4433261871636919,31,9,31
Attention deficit-hyperactivity disorder,adhd,9861,157,N Acc L,0.5795030632644876,0.6201217923888769,0.5863272375601001,31,9,31
Attention deficit-hyperactivity disorder,adhd,9861,158,N Acc R,0.6308905441327641,0.6707168803944327,0.6402896823059501,31,9,31
Attention deficit-hyperactivity disorder,adhd,9861,161,SN pc L,,,,0,0,0
Attention deficit-hyperactivity disorder,adhd,9861,163,SN pr L,,,,0,0,0
Attention deficit-hyperactivity disorder,adhd,9861,164,SN pr R,0.508200455001371,0.6184316248111089,0.5425644822028333,31,9,31
Attention deficit-hyperactivity disorder,adhd,9861,165,Red N L,0.48059789104440076,0.5407872839050949,0.5072491247518417,31,9,31
Attention deficit-hyperactivity disorder,adhd,9861,166,Red N R,0.4474999238083931,0.4597978808557377,0.47565131797924814,31,9,31
Attention deficit-hyperactivity disorder,adhd,9861,167,LC L,0.5317368694606714,0.5979766478034055,0.5701013393917996,31,9,31
Attention deficit-hyperactivity disorder,adhd,9861,168,LC R,0.4792512803419346,0.5372694906087209,0.5187809821297477,31,9,31
Attention deficit-hyperactivity disorder,adhd,9861,169,Raphe D,0.44167308276607437,0.5010319158780135,0.46338186413247906,31,9,31
Attention deficit-hyperactivity disorder,adhd,9861,170,Raphe M,0.49582618499982484,0.5297723525166695,0.5251666085814037,31,9,31
Epilepsy,epilepsy,10021,1,Precentral L,0.52192114905068,0.6473701171739559,0.6002924048932327,7,2,7
Epilepsy,epilepsy,10021,2,Precentral R,0.5194756562477408,0.6740787211881253,0.6129751759848379,7,2,7
Epilepsy,epilepsy,10021,3,Frontal Sup 2 L,0.46993192993622207,0.495190472288619,0.4763233954855377,7,2,7
Epilepsy,epilepsy,10021,4,Frontal Sup 2 R,0.5174025495197682,0.5953737854187475,0.541845050607472,7,2,7
Epilepsy,epilepsy,10021,5,Frontal Mid 2 L,0.5234544581040976,0.6223334030882506,0.5535815968221433,7,2,7
Epilepsy,epilepsy,10021,6,Frontal Mid 2 R,0.49125952748345164,0.5407364582189278,0.5132472536073562,7,2,7
Epilepsy,epilepsy,10021,7,Frontal Inf Oper L,,,,0,0,0
Epilepsy,epilepsy,10021,8,Frontal Inf Oper R,0.4356738188470309,0.4689684849173969,0.4932957849907212,7,2,7
Epilepsy,epilepsy,10021,9,Frontal Inf Tri L,0.542260747892961,0.5380582940384283,0.545331542536235,7,2,7
Epilepsy,epilepsy,10021,10,Frontal Inf Tri R,0.4748635673826101,0.49202341721198384,0.5173648806269392,7,2,7
Epilepsy,epilepsy,10021,11,Frontal Inf Orb 2 L,0.5635401277382133,0.6725977179941872,0.5925706377591581,7,2,7
Epilepsy,epilepsy,10021,12,Frontal Inf Orb 2 R,0.46800465507153766,0.5509719088002197,0.4893960566238049,7,2,7
Epilepsy,epilepsy,10021,13,Rolandic Oper L,0.5889910445066812,0.6386431772530439,0.634422721525262,7,2,7
Epilepsy,epilepsy,10021,14,Rolandic Oper R,0.4588016855627134,0.45880288664965724,0.4682658563982984,7,2,7
Epilepsy,epilepsy,10021,15,Supp Motor Area L,0.3037422801230743,0.4038167291290497,0.3404243744913022,7,2,7
Epilepsy,epilepsy,10021,16,Supp Motor Area R,0.5060204362641311,0.5745970067133851,0.5595509431756046,7,2,7
Epilepsy,epilepsy,10021,17,Olfactory L,0.340862616695691,0.2879176896435453,0.27262697704465705,7,2,7
Epilepsy,epilepsy,10021,18,Olfactory R,0.3577852401121522,0.05519240976712475,0.1981118586092113,7,2,7
Epilepsy,epilepsy,10021,19,Frontal Sup Medial L,0.49659568200828774,0.4846694042289563,0.4691392575322101,7,2,7
Epilepsy,epilepsy,10021,20,Frontal Sup Medial R,0.5336477583077215,0.5468877284685314,0.5184255303646087,7,2,7
Epilepsy,epilepsy,10021,21,Frontal Med Orb L,0.5396932534711464,0.381431590754018,0.44528579650078726,7,2,7
Epilepsy,epilepsy,10021,22,Frontal Med Orb R,0.4573900611669432,0.35688011112873863,0.3925417819596504,7,2,7
Epilepsy,epilepsy,10021,23,Rectus L,0.4093114786025085,0.41493232474800557,0.40533937425372085,7,2,7
Epilepsy,epilepsy,10021,24,Rectus R,0.4816466767801442,0.35651943358003796,0.3873704108862231,7,2,7
Epilepsy,epilepsy,10021,25,OFCmed L,0.46476629683875076,0.4370701396348343,0.4173896125909223,7,2,7
Epilepsy,epilepsy,10021,26,OFCmed R,0.48098184444328,0.3703644812813025,0.4262979534742847,7,2,7
Epilepsy,epilepsy,10021,27,OFCant L,0.5002270165021688,0.6063577056614862,0.5323388047591827,7,2,7
Epilepsy,epilepsy,10021,28,OFCant R,0.4790170517737626,0.4449253351773491,0.46216803562484515,7,2,7
Epilepsy,epilepsy,10021,29,OFCpost L,0.3841189311112782,0.4226676160944012,0.3811923620748374,7,2,7
Epilepsy,epilepsy,10021,30,OFCpost R,0.4741711728347962,0.38974594002545204,0.420352995296917,7,2,7
Epilepsy,epilepsy,10021,31,OFClat L,,,,0,0,0
Epilepsy,epilepsy,10021,32,OFClat R,0.5135381028338007,0.5293788451532963,0.5192460826913496,7,2,7
Epilepsy,epilepsy,10021,33,Insula L,0.5236173082569989,0.4712490110671757,0.4894699280128669,7,2,7
Epilepsy,epilepsy,10021,34,Insula R,0.46919252284578006,0.368874729630149,0.4257828764271992,7,2,7
Epilepsy,epilepsy,10021,37,Cingulate Mid L,0.43583651712295207,0.3736081582476224,0.40284742615974045,7,2,7
Epilepsy,epilepsy,10021,38,Cingulate Mid R,0.4414137001487311,0.3752789005888692,0.4039317178295122,7,2,7
Epilepsy,epilepsy,10021,39,Cingulate Post L,0.5461902403453208,0.5838575458135383,0.5625197630470908,7,2,7
Epilepsy,epilepsy,10021,41,Hippocampus L,0.4834531640345049,0.34569991036006076,0.4235111609996703,7,2,7
Epilepsy,epilepsy,10021,42,Hippocampus R,0.5192763810735038,0.46286602621070067,0.511016980759493,7,2,7
Epilepsy,epilepsy,10021,43,ParaHippocampal L,0.44464590410765065,0.49425123446328273,0.41352288752288063,7,2,7
Epilepsy,epilepsy,10021,44,ParaHippocampal R,0.5147365355560429,0.3800035092675329,0.39701686106281725,7,2,7
Epilepsy,epilepsy,10021,45,Amygdala L,0.6080488197435941,0.359063605340429,0.49536862904587253,7,2,7
Epilepsy,epilepsy,10021,46,Amygdala R,0.581083841217598,0.5374507552625125,0.5599331409395106,7,2,7
Epilepsy,epilepsy,10021,47,Calcarine L,0.6277198688069403,0.6105576635349143,0.6740067306505939,7,2,7
Epilepsy,epilepsy,10021,48,Calcarine R,0.5994253392504657,0.6634385432057297,0.677916340727358,7,2,7
Epilepsy,epilepsy,10021,49,Cuneus L,0.7123006888621133,0.6452961261242623,0.715527686369843,7,2,7
Epilepsy,epilepsy,10021,51,Lingual L,0.5250045448109442,0.5885655773508693,0.6108026395985938,7,2,7
Epilepsy,epilepsy,10021,52,Lingual R,0.5419371846521371,0.6142053701262382,0.6135425741225481,7,2,7
Epilepsy,epilepsy,10021,53,Occipital Sup L,0.7328898557373961,0.7252485473754477,0.759474264350688,7,2,7
Epilepsy,epilepsy,10021,55,Occipital Mid L,0.5559152933978435,0.6013073145935235,0.6141171071675404,7,2,7
Epilepsy,epilepsy,10021,56,Occipital Mid R,0.5094545402143986,0.5225769672799657,0.5478998483795947,7,2,7
Epilepsy,epilepsy,10021,57,Occipital Inf L,0.5735264564667559,0.7342901840576204,0.649727694957812,7,2,7
Epilepsy,epilepsy,10021,58,Occipital Inf R,0.6039811453596925,0.6548983026778702,0.629343327948819,7,2,7
Epilepsy,epilepsy,10021,59,Fusiform L,0.46974908161729567,0.3417921364079245,0.4054050650762402,7,2,7
Epilepsy,epilepsy,10021,60,Fusiform R,0.4274151303115553,0.35298836225689595,0.3899529620631095,7,2,7
Epilepsy,epilepsy,10021,61,Postcentral L,0.5549506107752601,0.6630198910450327,0.6231067553953669,7,2,7
Epilepsy,epilepsy,10021,62,Postcentral R,0.5027407840582302,0.6103528946960721,0.5792287847659259,7,2,7
Epilepsy,epilepsy,10021,63,Parietal Sup L,0.533167870233156,0.5948551608073296,0.5750766309359965,7,2,7
Epilepsy,epilepsy,10021,64,Parietal Sup R,0.5054521048807534,0.6423998367436097,0.5570929544204779,7,2,7
Epilepsy,epilepsy,10021,65,Parietal Inf L,0.5515399617997876,0.5739418436414743,0.5585904610859389,7,2,7
Epilepsy,epilepsy,10021,66,Parietal Inf R,0.4680510681711526,0.48451676030594215,0.4926792788775243,7,2,7
Epilepsy,epilepsy,10021,67,SupraMarginal L,0.4439469745895836,0.41631569862781315,0.4594207002405628,7,2,7
Epilepsy,epilepsy,10021,68,SupraMarginal R,0.45513806437536103,0.4645531265498299,0.4518997430975669,7,2,7
Epilepsy,epilepsy,10021,69,Angular L,0.5416900842083601,0.5426900838189054,0.5416380959370433,7,2,7
Epilepsy,epilepsy,10021,70,Angular R,0.4307626281249087,0.47139793062538365,0.46065614398752597,7,2,7
Epilepsy,epilepsy,10021,71,Precuneus L,0.4320616811201249,0.4647533071783502,0.45034153302972385,7,2,7
Epilepsy,epilepsy,10021,72,Precuneus R,0.45875436787665436,0.5293744705403961,0.49492489918418753,7,2,7
Epilepsy,epilepsy,10021,73,Paracentral Lobule L,0.5029760257843156,0.6362176183381291,0.6063495006655037,7,2,7
Epilepsy,epilepsy,10021,74,Paracentral Lobule R,0.6034469431241787,0.6418658902947045,0.6732891848511443,7,2,7
Epilepsy,epilepsy,10021,75,Caudate L,0.5154732503423538,0.37059279765847686,0.48835902273619497,7,2,7
Epilepsy,epilepsy,10021,76,Caudate R,0.5448150367240443,0.4606359884687109,0.5466456002659691,7,2,7
Epilepsy,epilepsy,10021,77,Putamen L,0.6204103272669163,0.5460772186878426,0.6065294828949712,7,2,7
Epilepsy,epilepsy,10021,78,Putamen R,0.6128009535026953,0.5739531479162565,0.6063023061018051,7,2,7
Epilepsy,epilepsy,10021,79,Pallidum L,0.5998823959381104,0.5768041850954545,0.6069133636460571,7,2,7
Epilepsy,epilepsy,10021,80,Pallidum R,0.5388372910023479,0.7015621388699234,0.6206921680299785,7,2,7
Epilepsy,epilepsy,10021,83,Heschl L,0.4393547013357442,0.6042383585841461,0.5533751256673185,7,2,7
Epilepsy,epilepsy,10021,84,Heschl R,0.6914943325220074,0.5890851858348694,0.6730676924282208,7,2,7
Epilepsy,epilepsy,10021,85,Temporal Sup L,0.44863793678426495,0.5389873091709578,0.5396456756778493,7,2,7
Epilepsy,epilepsy,10021,86,Temporal Sup R,0.5469068379014022,0.5579667972248525,0.5491980963620605,7,2,7
Epilepsy,epilepsy,10021,87,Temporal Pole Sup L,0.43638353672478775,0.21334903460718757,0.33486865315653985,7,2,7
Epilepsy,epilepsy,10021,88,Temporal Pole Sup R,0.5095427163252436,0.2781625959369934,0.40089969303964823,7,2,7
Epilepsy,epilepsy,10021,89,Temporal Mid L,0.5168358420233207,0.5192498913286793,0.5100914932874117,7,2,7
Epilepsy,epilepsy,10021,90,Temporal Mid R,0.4998509264159,0.4868206350992781,0.48897148894801673,7,2,7
Epilepsy,epilepsy,10021,91,Temporal Pole Mid L,,,,0,0,0
Epilepsy,epilepsy,10021,93,Temporal Inf L,0.5133052643266701,0.41738774308154003,0.4535754980298631,7,2,7
Epilepsy,epilepsy,10021,94,Temporal Inf R,0.45566511308730717,0.41215256448461746,0.43489901509535206,7,2,7
Epilepsy,epilepsy,10021,95,Cerebellum Crus1 L,0.3948371399955014,0.2411957944503802,0.3262034154342271,7,2,7
Epilepsy,epilepsy,10021,96,Cerebellum Crus1 R,0.4980265691325818,0.3181467772460952,0.4204881239329289,7,2,7
Epilepsy,epilepsy,10021,97,Cerebellum Crus2 L,0.3728162810346891,0.3165390312081329,0.3383685371854509,7,2,7
Epilepsy,epilepsy,10021,98,Cerebellum Crus2 R,0.5286784537458383,0.4416610122811103,0.49611299977855855,7,2,7
Epilepsy,epilepsy,10021,101,Cerebellum 4 5 L,0.6210508215419895,0.7142993110079381,0.7037524185025333,7,2,7
Epilepsy,epilepsy,10021,102,Cerebellum 4 5 R,0.4434596501860734,0.23168009987839278,0.33662564832305103,7,2,7
Epilepsy,epilepsy,10021,103,Cerebellum 6 L,0.49928940824784956,0.39457052764484885,0.45802011116219316,7,2,7
Epilepsy,epilepsy,10021,104,Cerebellum 6 R,0.47049697749526725,0.37007261554775106,0.4494392851418708,7,2,7
Epilepsy,epilepsy,10021,105,Cerebellum 7b L,0.352898771292686,0.23697017185735553,0.29604678999021206,7,2,7
Epilepsy,epilepsy,10021,106,Cerebellum 7b R,0.4691525157994422,0.4703496961082707,0.44996892444121805,7,2,7
Epilepsy,epilepsy,10021,107,Cerebellum 8 L,0.5406099372596088,0.5061635047384399,0.5317341631358763,7,2,7
Epilepsy,epilepsy,10021,108,Cerebellum 8 R,0.4540847679211032,0.4332827802076685,0.44561192328238536,7,2,7
Epilepsy,epilepsy,10021,109,Cerebellum 9 L,0.43650943596052655,0.41489666951334403,0.44651637365741764,7,2,7
Epilepsy,epilepsy,10021,110,Cerebellum 9 R,0.5004296993320964,0.48721475780315704,0.4456109183356353,7,2,7
Epilepsy,epilepsy,10021,111,Cerebellum 10 L,,,,0,0,0
Epilepsy,epilepsy,10021,118,Vermis 8,0.4845480215813525,0.979492949922417,0.6994340643442819,7,2,7
Epilepsy,epilepsy,10021,119,Vermis 9,0.6957223248186998,0.997236690814707,0.7655412877375803,7,2,7
Epilepsy,epilepsy,10021,121,Thal AV L,,,,0,0,0
Epilepsy,epilepsy,10021,122,Thal AV R,0.7272130486293454,0.7544027346096521,0.6797414786975461,7,2,7
Epilepsy,epilepsy,10021,125,Thal VA L,0.6556806679213365,0.5778065981714655,0.5562538081237143,7,2,7
Epilepsy,epilepsy,10021,127,Thal VL L,0.5301740158169487,0.6655001013086939,0.5841078980525141,7,2,7
Epilepsy,epilepsy,10021,128,Thal VL R,0.5169880561365513,0.5824982413500339,0.5371796977920374,7,2,7
Epilepsy,epilepsy,10021,129,Thal VPL L,0.46559672374305194,0.7020851888391204,0.5721742462556847,7,2,7
Epilepsy,epilepsy,10021,130,Thal VPL R,0.4333920232310821,0.6889985612913396,0.6010338345482754,7,2,7
Epilepsy,epilepsy,10021,131,Thal IL L,0.5923642605146452,0.7376120213549071,0.6250818479504968,7,2,7
Epilepsy,epilepsy,10021,135,Thal MDm L,0.5950242843985599,0.4483524389201204,0.4840348322070871,7,2,7
Epilepsy,epilepsy,10021,136,Thal MDm R,0.5459238526495268,0.4603686481885412,0.44387772049273744,7,2,7
Epilepsy,epilepsy,10021,137,Thal MDl L,,,,0,0,0
Epilepsy,epilepsy,10021,139,Thal LGN L,0.511153144793463,0.4803270186685531,0.4895380220247118,7,2,7
Epilepsy,epilepsy,10021,140,Thal LGN R,0.5536555179108373,0.6473904669355385,0.5850084159273435,7,2,7
Epilepsy,epilepsy,10021,141,Thal MGN L,,,,0,0,0
Epilepsy,epilepsy,10021,143,Thal PuI L,,,,0,0,0
Epilepsy,epilepsy,10021,144,Thal PuI R,0.4509292988546319,0.6890555765909673,0.6126708374604544,7,2,7
Epilepsy,epilepsy,10021,145,Thal PuM L,0.5383712721612642,0.7113519245282943,0.6398733240770278,7,2,7
Epilepsy,epilepsy,10021,146,Thal PuM R,0.5453011407121181,0.6988369606462521,0.6312827656214413,7,2,7
Epilepsy,epilepsy,10021,147,Thal PuA L,,,,0,0,0
Epilepsy,epilepsy,10021,148,Thal PuA R,0.5631602599122051,0.7625137895108511,0.6758102187807681,7,2,7
Epilepsy,epilepsy,10021,153,ACC pre L,0.36602383045474024,0.1512461363959304,0.25945679075092204,7,2,7
Epilepsy,epilepsy,10021,154,ACC pre R,0.4990428314332241,0.33416822625409437,0.3981465225104642,7,2,7
Epilepsy,epilepsy,10021,155,ACC sup L,0.45220243778854347,0.33950653013336163,0.37580268765385616,7,2,7
Epilepsy,epilepsy,10021,156,ACC sup R,0.480886816011715,0.3640407813088893,0.4060424389527541,7,2,7
Epilepsy,epilepsy,10021,157,N Acc L,,,,0,0,0
Epilepsy,epilepsy,10021,158,N Acc R,0.6765153716173967,0.5171554844079926,0.60830360561536,7,2,7
Epilepsy,epilepsy,10021,161,SN pc L,0.5499352248689602,0.6886669090792708,0.5744289574940856,7,2,7
Epilepsy,epilepsy,10021,163,SN pr L,0.5297255676123049,0.5235677610417048,0.49441529678719937,7,2,7
Epilepsy,epilepsy,10021,164,SN pr R,0.4633784579272396,0.3689542685674475,0.397639622286397,7,2,7
Epilepsy,epilepsy,10021,165,Red N L,0.5713022428665896,0.481238139192244,0.4769752262831958,7,2,7
Epilepsy,epilepsy,10021,166,Red N R,0.6192406944688017,0.4393209507658719,0.46081215513861207,7,2,7
Epilepsy,epilepsy,10021,167,LC L,0.4554811447901569,0.6885109343349576,0.558804366686616,7,2,7
Epilepsy,epilepsy,10021,168,LC R,0.5853573975717211,0.6223032945552692,0.5605058564520604,7,2,7
Epilepsy,epilepsy,10021,169,Raphe D,0.6450279305292946,0.8278287835509257,0.6974370167407722,7,2,7
Epilepsy,epilepsy,10021,170,Raphe M,0.43086519071663626,0.7234272935921924,0.5745021391232745,7,2,7
Epilepsy,epilepsy,12876,1,Precentral L,0.4521083630807386,0.5761713739769719,0.5202983456720365,7,2,7
Epilepsy,epilepsy,12876,2,Precentral R,,,,0,0,0
Epilepsy,epilepsy,12876,3,Frontal Sup 2 L,0.5635059644794108,0.5159992111747431,0.5171864572449151,7,2,7
Epilepsy,epilepsy,12876,4,Frontal Sup 2 R,,,,0,0,0
Epilepsy,epilepsy,12876,5,Frontal Mid 2 L,0.5313018000421562,0.4982690744929993,0.4992042185965207,7,2,7
Epilepsy,epilepsy,12876,6,Frontal Mid 2 R,,,,0,0,0
Epilepsy,epilepsy,12876,7,Frontal Inf Oper L,,,,0,0,0
Epilepsy,epilepsy,12876,8,Frontal Inf Oper R,,,,0,0,0
Epilepsy,epilepsy,12876,9,Frontal Inf Tri L,0.5656746860307895,0.534800513657004,0.5268490573377383,7,2,7
Epilepsy,epilepsy,12876,10,Frontal Inf Tri R,,,,0,0,0
Epilepsy,epilepsy,12876,11,Frontal Inf Orb 2 L,0.5561393004743929,0.4459854339227272,0.48048428383943187,7,2,7
Epilepsy,epilepsy,12876,12,Frontal Inf Orb 2 R,,,,0,0,0
Epilepsy,epilepsy,12876,13,Rolandic Oper L,0.47410523862829973,0.3780606764545654,0.44217201760710295,7,2,7
Epilepsy,epilepsy,12876,14,Rolandic Oper R,,,,0,0,0
Epilepsy,epilepsy,12876,15,Supp Motor Area L,0.45696418483225,0.43954329984466656,0.4240269171436774,7,2,7
Epilepsy,epilepsy,12876,16,Supp Motor Area R,,,,0,0,0
Epilepsy,epilepsy,12876,17,Olfactory L,0.24972032375051592,0.2012047744554111,0.18947520513321808,7,2,7
Epilepsy,epilepsy,12876,18,Olfactory R,,,,0,0,0
Epilepsy,epilepsy,12876,19,Frontal Sup Medial L,0.5279153586010391,0.4439535345679563,0.47316346010896865,7,2,7
Epilepsy,epilepsy,12876,20,Frontal Sup Medial R,,,,0,0,0
Epilepsy,epilepsy,12876,21,Frontal Med Orb L,0.5298371884558566,0.36275388337244746,0.46484285916691676,7,2,7
Epilepsy,epilepsy,12876,22,Frontal Med Orb R,,,,0,0,0
Epilepsy,epilepsy,12876,23,Rectus L,0.4790793686665774,0.28522594459401285,0.37753212692027455,7,2,7
Epilepsy,epilepsy,12876,24,Rectus R,,,,0,0,0
Epilepsy,epilepsy,12876,25,OFCmed L,0.5768981743129287,0.4065526809247389,0.4517426486765148,7,2,7
Epilepsy,epilepsy,12876,26,OFCmed R,,,,0,0,0
Epilepsy,epilepsy,12876,27,OFCant L,0.5642913266172908,0.4758495681113394,0.47324260903801396,7,2,7
Epilepsy,epilepsy,12876,28,OFCant R,,,,0,0,0
Epilepsy,epilepsy,12876,29,OFCpost L,0.43723139791143545,0.20741966123317285,0.2807630589524506,7,2,7
Epilepsy,epilepsy,12876,30,OFCpost R,,,,0,0,0
Epilepsy,epilepsy,12876,31,OFClat L,0.5238004494400982,0.5933604448114995,0.5293563543493877,7,2,7
Epilepsy,epilepsy,12876,32,OFClat R,,,,0,0,0
Epilepsy,epilepsy,12876,33,Insula L,0.48965217726535876,0.3214056097745335,0.42137400306416994,7,2,7
Epilepsy,epilepsy,12876,34,Insula R,,,,0,0,0
Epilepsy,epilepsy,12876,37,Cingulate Mid L,0.5349908144072401,0.4152658242481175,0.4522959591894104,7,2,7
Epilepsy,epilepsy,12876,38,Cingulate Mid R,,,,0,0,0
Epilepsy,epilepsy,12876,39,Cingulate Post L,0.55120792799778,0.395945151331748,0.44660163792595875,7,2,7
Epilepsy,epilepsy,12876,41,Hippocampus L,0.5068264778463564,0.4656269794856243,0.4980923073604183,7,2,7
Epilepsy,epilepsy,12876,42,Hippocampus R,,,,0,0,0
Epilepsy,epilepsy,12876,43,ParaHippocampal L,0.44784916688819415,0.31421422131591586,0.38995428970553536,7,2,7
Epilepsy,epilepsy,12876,44,ParaHippocampal R,,,,0,0,0
Epilepsy,epilepsy,12876,45,Amygdala L,,,,0,0,0
Epilepsy,epilepsy,12876,46,Amygdala R,,,,0,0,0
Epilepsy,epilepsy,12876,47,Calcarine L,0.5989165678448621,0.7400978785016306,0.6808953240847134,7,2,7
Epilepsy,epilepsy,12876,48,Calcarine R,,,,0,0,0
Epilepsy,epilepsy,12876,49,Cuneus L,0.4944128971759673,0.7259721017530187,0.6170048416280131,7,2,7
Epilepsy,epilepsy,12876,51,Lingual L,0.6779230507262767,0.7303795132791107,0.6964868212535829,7,2,7
Epilepsy,epilepsy,12876,52,Lingual R,,,,0,0,0
Epilepsy,epilepsy,12876,53,Occipital Sup L,,,,0,0,0
Epilepsy,epilepsy,12876,55,Occipital Mid L,0.5991436159914704,0.6251352802320799,0.5773612435639235,7,2,7
Epilepsy,epilepsy,12876,56,Occipital Mid R,,,,0,0,0
Epilepsy,epilepsy,12876,57,Occipital Inf L,0.6223681275111457,0.6610915078945809,0.6368567454134315,7,2,7
Epilepsy,epilepsy,12876,58,Occipital Inf R,,,,0,0,0
Epilepsy,epilepsy,12876,59,Fusiform L,0.5171489855884607,0.42509979240739837,0.4285047963616015,7,2,7
Epilepsy,epilepsy,12876,60,Fusiform R,,,,0,0,0
Epilepsy,epilepsy,12876,61,Postcentral L,0.4638267490973625,0.6021856245035455,0.5595732260578988,7,2,7
Epilepsy,epilepsy,12876,62,Postcentral R,,,,0,0,0
Epilepsy,epilepsy,12876,63,Parietal Sup L,0.44341565125539095,0.5134070519334437,0.49692718080416715,7,2,7
Epilepsy,epilepsy,12876,64,Parietal Sup R,,,,0,0,0
Epilepsy,epilepsy,12876,65,Parietal Inf L,0.4200581404945883,0.5357777982416474,0.4922293788934551,7,2,7
Epilepsy,epilepsy,12876,66,Parietal Inf R,,,,0,0,0
Epilepsy,epilepsy,12876,67,SupraMarginal L,0.46400672777600055,0.3710640941906142,0.44833343371858614,7,2,7
Epilepsy,epilepsy,12876,68,SupraMarginal R,,,,0,0,0
Epilepsy,epilepsy,12876,69,Angular L,0.5438166481539499,0.5453541335763276,0.5153443431384047,7,2,7
Epilepsy,epilepsy,12876,70,Angular R,,,,0,0,0
Epilepsy,epilepsy,12876,71,Precuneus L,0.47741569829452385,0.5213894297041435,0.5026309119347853,7,2,7
Epilepsy,epilepsy,12876,72,Precuneus R,,,,0,0,0
Epilepsy,epilepsy,12876,73,Paracentral Lobule L,0.3463322997994771,0.5751937306179512,0.4624194309355446,7,2,7
Epilepsy,epilepsy,12876,74,Paracentral Lobule R,,,,0,0,0
Epilepsy,epilepsy,12876,75,Caudate L,0.510619386203414,0.4717192848294236,0.5405969657949576,7,2,7
Epilepsy,epilepsy,12876,76,Caudate R,,,,0,0,0
Epilepsy,epilepsy,12876,77,Putamen L,0.4823673337411991,0.5025795514758898,0.5071186636384574,7,2,7
Epilepsy,epilepsy,12876,78,Putamen R,,,,0,0,0
Epilepsy,epilepsy,12876,79,Pallidum L,0.5349458856723537,0.45278350676463514,0.49789678940527254,7,2,7
Epilepsy,epilepsy,12876,80,Pallidum R,,,,0,0,0
Epilepsy,epilepsy,12876,83,Heschl L,0.6550134226826148,0.6576933491419867,0.6772268423670221,7,2,7
Epilepsy,epilepsy,12876,84,Heschl R,,,,0,0,0
Epilepsy,epilepsy,12876,85,Temporal Sup L,0.47741355875518127,0.3964940925147662,0.4428147354833855,7,2,7
Epilepsy,epilepsy,12876,86,Temporal Sup R,,,,0,0,0
Epilepsy,epilepsy,12876,87,Temporal Pole Sup L,0.5318689602974571,0.12519208840113225,0.3355170906495456,7,2,7
Epilepsy,epilepsy,12876,88,Temporal Pole Sup R,,,,0,0,0
Epilepsy,epilepsy,12876,89,Temporal Mid L,0.5146007160045188,0.45346626600693457,0.47339873349592354,7,2,7
Epilepsy,epilepsy,12876,90,Temporal Mid R,,,,0,0,0
Epilepsy,epilepsy,12876,91,Temporal Pole Mid L,0.40762291422494396,0.30699425945142306,0.3671434723448484,7,2,7
Epilepsy,epilepsy,12876,93,Temporal Inf L,0.5123767644340452,0.44433568201560947,0.46523179773405715,7,2,7
Epilepsy,epilepsy,12876,94,Temporal Inf R,,,,0,0,0
Epilepsy,epilepsy,12876,95,Cerebellum Crus1 L,0.4558286904429612,0.36576021451976065,0.41576984077041174,7,2,7
Epilepsy,epilepsy,12876,96,Cerebellum Crus1 R,,,,0,0,0
Epilepsy,epilepsy,12876,97,Cerebellum Crus2 L,0.37210371788812424,0.23857598447392214,0.3383629626536047,7,2,7
Epilepsy,epilepsy,12876,98,Cerebellum Crus2 R,,,,0,0,0
Epilepsy,epilepsy,12876,101,Cerebellum 4 5 L,0.5393879647555975,0.6280207233231547,0.5957243999779224,7,2,7
Epilepsy,epilepsy,12876,102,Cerebellum 4 5 R,,,,0,0,0
Epilepsy,epilepsy,12876,103,Cerebellum 6 L,0.4856073122746641,0.5408662705042687,0.5181203861271098,7,2,7
Epilepsy,epilepsy,12876,104,Cerebellum 6 R,,,,0,0,0
Epilepsy,epilepsy,12876,105,Cerebellum 7b L,0.34732322453371095,0.2546828790105665,0.3324711689374679,7,2,7
Epilepsy,epilepsy,12876,106,Cerebellum 7b R,,,,0,0,0
Epilepsy,epilepsy,12876,107,Cerebellum 8 L,0.4208948479249027,0.1587032144099317,0.32728685966089976,7,2,7
Epilepsy,epilepsy,12876,108,Cerebellum 8 R,,,,0,0,0
Epilepsy,epilepsy,12876,109,Cerebellum 9 L,0.38090337182416273,0.252475551700932,0.3366751523446746,7,2,7
Epilepsy,epilepsy,12876,110,Cerebellum 9 R,,,,0,0,0
Epilepsy,epilepsy,12876,111,Cerebellum 10 L,0.3470351159032098,0.1764027428014999,0.31871796997400964,7,2,7
Epilepsy,epilepsy,12876,118,Vermis 8,,,,0,0,0
Epilepsy,epilepsy,12876,119,Vermis 9,,,,0,0,0
Epilepsy,epilepsy,12876,121,Thal AV L,0.5051816105773133,0.601575214599158,0.5876540523891851,7,2,7
Epilepsy,epilepsy,12876,122,Thal AV R,,,,0,0,0
Epilepsy,epilepsy,12876,125,Thal VA L,,,,0,0,0
Epilepsy,epilepsy,12876,127,Thal VL L,0.4993542702691614,0.6862090762121269,0.604728655834296,7,2,7
Epilepsy,epilepsy,12876,128,Thal VL R,,,,0,0,0
Epilepsy,epilepsy,12876,129,Thal VPL L,0.5160326897452374,0.7280796448760887,0.6523974096625967,7,2,7
Epilepsy,epilepsy,12876,130,Thal VPL R,,,,0,0,0
Epilepsy,epilepsy,12876,131,Thal IL L,0.5505630916041796,0.739447614462529,0.6562771066545063,7,2,7
Epilepsy,epilepsy,12876,135,Thal MDm L,0.5138927890010724,0.6397528180115001,0.5699111641488145,7,2,7
Epilepsy,epilepsy,12876,136,Thal MDm R,,,,0,0,0
Epilepsy,epilepsy,12876,137,Thal MDl L,,,,0,0,0
Epilepsy,epilepsy,12876,139,Thal LGN L,0.45543819777596084,0.7821344039136369,0.6514519987928672,7,2,7
Epilepsy,epilepsy,12876,140,Thal LGN R,,,,0,0,0
Epilepsy,epilepsy,12876,141,Thal MGN L,,,,0,0,0
Epilepsy,epilepsy,12876,143,Thal PuI L,,,,0,0,0
Epilepsy,epilepsy,12876,144,Thal PuI R,,,,0,0,0
Epilepsy,epilepsy,12876,145,Thal PuM L,0.5246284871212497,0.7143027449599078,0.6204609862299886,7,2,7
Epilepsy,epilepsy,12876,146,Thal PuM R,,,,0,0,0
Epilepsy,epilepsy,12876,147,Thal PuA L,0.5351776539237465,0.7046461946341274,0.6373672564683116,7,2,7
Epilepsy,epilepsy,12876,148,Thal PuA R,,,,0,0,0
Epilepsy,epilepsy,12876,153,ACC pre L,0.5090741984516371,0.0660499984020487,0.2860582825730445,7,2,7
Epilepsy,epilepsy,12876,154,ACC pre R,,,,0,0,0
Epilepsy,epilepsy,12876,155,ACC sup L,0.28622985011311197,0.21163096726142636,0.25042551015874,7,2,7
Epilepsy,epilepsy,12876,156,ACC sup R,,,,0,0,0
Epilepsy,epilepsy,12876,157,N Acc L,0.5844727656560289,0.41644353518774024,0.44773656305662807,7,2,7
Epilepsy,epilepsy,12876,158,N Acc R,,,,0,0,0
Epilepsy,epilepsy,12876,161,SN pc L,,,,0,0,0
Epilepsy,epilepsy,12876,163,SN pr L,0.5190300932342697,0.3738503066643269,0.3927136509769988,7,2,7
Epilepsy,epilepsy,12876,164,SN pr R,,,,0,0,0
Epilepsy,epilepsy,12876,165,Red N L,,,,0,0,0
Epilepsy,epilepsy,12876,166,Red N R,,,,0,0,0
Epilepsy,epilepsy,12876,167,LC L,,,,0,0,0
Epilepsy,epilepsy,12876,168,LC R,,,,0,0,0
Epilepsy,epilepsy,12876,169,Raphe D,,,,0,0,0
Epilepsy,epilepsy,12876,170,Raphe M,,,,0,0,0
Epilepsy,epilepsy,14380,1,Precentral L,0.5004791190757695,0.6185868392603214,0.5507822645928633,7,2,7
Epilepsy,epilepsy,14380,2,Precentral R,,,,0,0,0
Epilepsy,epilepsy,14380,3,Frontal Sup 2 L,0.526698810341678,0.5939751409801001,0.5366382852010783,7,2,7
Epilepsy,epilepsy,14380,4,Frontal Sup 2 R,,,,0,0,0
Epilepsy,epilepsy,14380,5,Frontal Mid 2 L,0.5196068989261351,0.606985723473743,0.5389930383573693,7,2,7
Epilepsy,epilepsy,14380,6,Frontal Mid 2 R,,,,0,0,0
Epilepsy,epilepsy,14380,7,Frontal Inf Oper L,,,,0,0,0
Epilepsy,epilepsy,14380,8,Frontal Inf Oper R,,,,0,0,0
Epilepsy,epilepsy,14380,9,Frontal Inf Tri L,0.48319669707192375,0.5682755881151371,0.5329677167246403,7,2,7
Epilepsy,epilepsy,14380,10,Frontal Inf Tri R,,,,0,0,0
Epilepsy,epilepsy,14380,11,Frontal Inf Orb 2 L,0.5343694213454894,0.4944323284663515,0.4972514001472195,7,2,7
Epilepsy,epilepsy,14380,12,Frontal Inf Orb 2 R,,,,0,0,0
Epilepsy,epilepsy,14380,13,Rolandic Oper L,0.5376193587108006,0.41438008982526975,0.47559222489518127,7,2,7
Epilepsy,epilepsy,14380,14,Rolandic Oper R,,,,0,0,0
Epilepsy,epilepsy,14380,15,Supp Motor Area L,0.5018926275623851,0.480650191731309,0.4787449030532116,7,2,7
Epilepsy,epilepsy,14380,16,Supp Motor Area R,,,,0,0,0
Epilepsy,epilepsy,14380,17,Olfactory L,0.45874460425789915,0.2877908930272485,0.3286441497567676,7,2,7
Epilepsy,epilepsy,14380,18,Olfactory R,,,,0,0,0
Epilepsy,epilepsy,14380,19,Frontal Sup Medial L,0.42899835457498975,0.4769226159805543,0.4377714048939022,7,2,7
Epilepsy,epilepsy,14380,20,Frontal Sup Medial R,,,,0,0,0
Epilepsy,epilepsy,14380,21,Frontal Med Orb L,0.4321540866185586,0.31469361741427126,0.37686807707278425,7,2,7
Epilepsy,epilepsy,14380,22,Frontal Med Orb R,,,,0,0,0
Epilepsy,epilepsy,14380,23,Rectus L,0.40575095254532023,0.4027986631326179,0.3942429644883964,7,2,7
Epilepsy,epilepsy,14380,24,Rectus R,,,,0,0,0
Epilepsy,epilepsy,14380,25,OFCmed L,0.4937167588666078,0.3004202880796761,0.3927762650126567,7,2,7
Epilepsy,epilepsy,14380,26,OFCmed R,,,,0,0,0
Epilepsy,epilepsy,14380,27,OFCant L,0.47462084851451436,0.557443446581179,0.5129250289982564,7,2,7
Epilepsy,epilepsy,14380,28,OFCant R,,,,0,0,0
Epilepsy,epilepsy,14380,29,OFCpost L,0.4773863247713694,0.43627809538386264,0.403424643117982,7,2,7
Epilepsy,epilepsy,14380,30,OFCpost R,,,,0,0,0
Epilepsy,epilepsy,14380,31,OFClat L,0.5440620820743922,0.5915929250421664,0.5400667408712759,7,2,7
Epilepsy,epilepsy,14380,32,OFClat R,,,,0,0,0
Epilepsy,epilepsy,14380,33,Insula L,0.5463178861321577,0.375678009702561,0.4329298752381013,7,2,7
Epilepsy,epilepsy,14380,34,Insula R,,,,0,0,0
Epilepsy,epilepsy,14380,37,Cingulate Mid L,0.47801091037359095,0.44688289055760155,0.46164395644065354,7,2,7
Epilepsy,epilepsy,14380,38,Cingulate Mid R,,,,0,0,0
Epilepsy,epilepsy,14380,39,Cingulate Post L,,,,0,0,0
Epilepsy,epilepsy,14380,41,Hippocampus L,0.4831351990770692,0.4385006810793992,0.48619447202032656,7,2,7
Epilepsy,epilepsy,14380,42,Hippocampus R,,,,0,0,0
Epilepsy,epilepsy,14380,43,ParaHippocampal L,0.4148826379685082,0.41131147236069693,0.3917854928688209,7,2,7
Epilepsy,epilepsy,14380,44,ParaHippocampal R,,,,0,0,0
Epilepsy,epilepsy,14380,45,Amygdala L,0.6047260385579322,0.4847593110959255,0.5081604823736507,7,2,7
Epilepsy,epilepsy,14380,46,Amygdala R,,,,0,0,0
Epilepsy,epilepsy,14380,47,Calcarine L,0.583760249165371,0.6921653636287683,0.6366114028724642,7,2,7
Epilepsy,epilepsy,14380,48,Calcarine R,,,,0,0,0
Epilepsy,epilepsy,14380,49,Cuneus L,0.5066058810988794,0.822097985917063,0.671617555850901,7,2,7
Epilepsy,epilepsy,14380,51,Lingual L,0.6326405805508195,0.6840492255907775,0.6702920695413066,7,2,7
Epilepsy,epilepsy,14380,52,Lingual R,,,,0,0,0
Epilepsy,epilepsy,14380,53,Occipital Sup L,0.5911051992712923,0.7274321262228876,0.6541373396067331,7,2,7
Epilepsy,epilepsy,14380,55,Occipital Mid L,0.5723661740127471,0.6691261627499291,0.6142212498432819,7,2,7
Epilepsy,epilepsy,14380,56,Occipital Mid R,,,,0,0,0
Epilepsy,epilepsy,14380,57,Occipital Inf L,0.598609065959401,0.6814506791738786,0.6263276683836313,7,2,7
Epilepsy,epilepsy,14380,58,Occipital Inf R,,,,0,0,0
Epilepsy,epilepsy,14380,59,Fusiform L,0.47929273956201096,0.38801815927867545,0.4367447622748486,7,2,7
Epilepsy,epilepsy,14380,60,Fusiform R,,,,0,0,0
Epilepsy,epilepsy,14380,61,Postcentral L,0.5194519146362059,0.626456833704844,0.5976902210859347,7,2,7
Epilepsy,epilepsy,14380,62,Postcentral R,,,,0,0,0
Epilepsy,epilepsy,14380,63,Parietal Sup L,0.5414533961503363,0.6007467670364973,0.5836659223612483,7,2,7
Epilepsy,epilepsy,14380,64,Parietal Sup R,,,,0,0,0
Epilepsy,epilepsy,14380,65,Parietal Inf L,0.5092072781203462,0.5324271884226632,0.5303549528793378,7,2,7
Epilepsy,epilepsy,14380,66,Parietal Inf R,,,,0,0,0
Epilepsy,epilepsy,14380,67,SupraMarginal L,0.4506248146960896,0.5369558504800807,0.49740758722958384,7,2,7
Epilepsy,epilepsy,14380,68,SupraMarginal R,,,,0,0,0
Epilepsy,epilepsy,14380,69,Angular L,0.5074691406039926,0.43282488919417145,0.4698073179798302,7,2,7
Epilepsy,epilepsy,14380,70,Angular R,,,,0,0,0
Epilepsy,epilepsy,14380,71,Precuneus L,0.5273654475280348,0.6070513186543773,0.5936355361481949,7,2,7
Epilepsy,epilepsy,14380,72,Precuneus R,,,,0,0,0
Epilepsy,epilepsy,14380,73,Paracentral Lobule L,0.5086756429313953,0.6649981364675693,0.5939935371432035,7,2,7
Epilepsy,epilepsy,14380,74,Paracentral Lobule R,,,,0,0,0
Epilepsy,epilepsy,14380,75,Caudate L,0.5585784505554144,0.41941136883834673,0.5075725970019646,7,2,7
Epilepsy,epilepsy,14380,76,Caudate R,,,,0,0,0
Epilepsy,epilepsy,14380,77,Putamen L,0.5292973113211042,0.4598842744587089,0.49956379094356,7,2,7
Epilepsy,epilepsy,14380,78,Putamen R,,,,0,0,0
Epilepsy,epilepsy,14380,79,Pallidum L,0.5863825566398349,0.6165565694540629,0.5566389086155453,7,2,7
Epilepsy,epilepsy,14380,80,Pallidum R,,,,0,0,0
Epilepsy,epilepsy,14380,83,Heschl L,,,,0,0,0
Epilepsy,epilepsy,14380,84,Heschl R,,,,0,0,0
Epilepsy,epilepsy,14380,85,Temporal Sup L,0.5360445172902105,0.47414896836439363,0.5197608506816974,7,2,7
Epilepsy,epilepsy,14380,86,Temporal Sup R,,,,0,0,0
Epilepsy,epilepsy,14380,87,Temporal Pole Sup L,0.48317052548247846,0.2715792490451276,0.38081429149861784,7,2,7
Epilepsy,epilepsy,14380,88,Temporal Pole Sup R,,,,0,0,0
Epilepsy,epilepsy,14380,89,Temporal Mid L,0.5317543944761092,0.5171024880638002,0.5177146557217337,7,2,7
Epilepsy,epilepsy,14380,90,Temporal Mid R,,,,0,0,0
Epilepsy,epilepsy,14380,91,Temporal Pole Mid L,0.4476011848867872,0.2219885762143945,0.3429057478534527,7,2,7
Epilepsy,epilepsy,14380,93,Temporal Inf L,0.4762274236243728,0.34969682920123535,0.4065911494889294,7,2,7
Epilepsy,epilepsy,14380,94,Temporal Inf R,,,,0,0,0
Epilepsy,epilepsy,14380,95,Cerebellum Crus1 L,0.3756017631127512,0.283568609120748,0.306768611153795,7,2,7
Epilepsy,epilepsy,14380,96,Cerebellum Crus1 R,,,,0,0,0
Epilepsy,epilepsy,14380,97,Cerebellum Crus2 L,0.3688426166482831,0.20604731835707352,0.31865193725446195,7,2,7
Epilepsy,epilepsy,14380,98,Cerebellum Crus2 R,,,,0,0,0
Epilepsy,epilepsy,14380,101,Cerebellum 4 5 L,0.4934654852614294,0.5009653708071569,0.5146628848605013,7,2,7
Epilepsy,epilepsy,14380,102,Cerebellum 4 5 R,,,,0,0,0
Epilepsy,epilepsy,14380,103,Cerebellum 6 L,0.5045211446360348,0.4498986476686113,0.45744043611702645,7,2,7
Epilepsy,epilepsy,14380,104,Cerebellum 6 R,,,,0,0,0
Epilepsy,epilepsy,14380,105,Cerebellum 7b L,0.47268108137946596,0.4941868666893927,0.5048823813470106,7,2,7
Epilepsy,epilepsy,14380,106,Cerebellum 7b R,,,,0,0,0
Epilepsy,epilepsy,14380,107,Cerebellum 8 L,0.45198325664391076,0.321369282703952,0.3906780120542915,7,2,7
Epilepsy,epilepsy,14380,108,Cerebellum 8 R,,,,0,0,0
Epilepsy,epilepsy,14380,109,Cerebellum 9 L,0.6132349015398055,0.7543039484781724,0.6575859897190228,7,2,7
Epilepsy,epilepsy,14380,110,Cerebellum 9 R,,,,0,0,0
Epilepsy,epilepsy,14380,111,Cerebellum 10 L,0.38630718895399424,0.3866264992917783,0.4257298187717975,7,2,7
Epilepsy,epilepsy,14380,118,Vermis 8,,,,0,0,0
Epilepsy,epilepsy,14380,119,Vermis 9,0.7064316016242448,0.9998098874415806,0.7683108999369419,7,2,7
Epilepsy,epilepsy,14380,121,Thal AV L,0.6456643883314267,0.5905806855559064,0.5837180445564112,7,2,7
Epilepsy,epilepsy,14380,122,Thal AV R,,,,0,0,0
Epilepsy,epilepsy,14380,125,Thal VA L,0.5918505805753816,0.48754462321497616,0.48035646932164533,7,2,7
Epilepsy,epilepsy,14380,127,Thal VL L,0.49908838069342154,0.7370416567340787,0.6368230220734437,7,2,7
Epilepsy,epilepsy,14380,128,Thal VL R,,,,0,0,0
Epilepsy,epilepsy,14380,129,Thal VPL L,0.4750951147577084,0.8089219751697728,0.6703781269416926,7,2,7
Epilepsy,epilepsy,14380,130,Thal VPL R,,,,0,0,0
Epilepsy,epilepsy,14380,131,Thal IL L,0.595565773786585,0.674452488171338,0.6384073713155485,7,2,7
Epilepsy,epilepsy,14380,135,Thal MDm L,,,,0,0,0
Epilepsy,epilepsy,14380,136,Thal MDm R,,,,0,0,0
Epilepsy,epilepsy,14380,137,Thal MDl L,,,,0,0,0
Epilepsy,epilepsy,14380,139,Thal LGN L,0.46803421783774607,0.7801080161025483,0.6471363441096591,7,2,7
Epilepsy,epilepsy,14380,140,Thal LGN R,,,,0,0,0
Epilepsy,epilepsy,14380,141,Thal MGN L,,,,0,0,0
Epilepsy,epilepsy,14380,143,Thal PuI L,,,,0,0,0
Epilepsy,epilepsy,14380,144,Thal PuI R,,,,0,0,0
Epilepsy,epilepsy,14380,145,Thal PuM L,0.48780088775857144,0.6216238043512129,0.5672495362778306,7,2,7
Epilepsy,epilepsy,14380,146,Thal PuM R,,,,0,0,0
Epilepsy,epilepsy,14380,147,Thal PuA L,0.5323558172911766,0.6155492739871831,0.5787804794831947,7,2,7
Epilepsy,epilepsy,14380,148,Thal PuA R,,,,0,0,0
Epilepsy,epilepsy,14380,153,ACC pre L,,,,0,0,0
Epilepsy,epilepsy,14380,154,ACC pre R,,,,0,0,0
Epilepsy,epilepsy,14380,155,ACC sup L,0.38978563366800634,0.3163819185446704,0.35667788463079264,7,2,7
Epilepsy,epilepsy,14380,156,ACC sup R,,,,0,0,0
Epilepsy,epilepsy,14380,157,N Acc L,0.5718822187419562,0.5095746488164297,0.47324341705906137,7,2,7
Epilepsy,epilepsy,14380,158,N Acc R,,,,0,0,0
Epilepsy,epilepsy,14380,161,SN pc L,,,,0,0,0
Epilepsy,epilepsy,14380,163,SN pr L,0.4170855091066706,0.44355713962967586,0.39449491102373685,7,2,7
Epilepsy,epilepsy,14380,164,SN pr R,,,,0,0,0
Epilepsy,epilepsy,14380,165,Red N L,0.4884167829957325,0.6655196012452782,0.5628233662138066,7,2,7
Epilepsy,epilepsy,14380,166,Red N R,,,,0,0,0
Epilepsy,epilepsy,14380,167,LC L,0.4609155312528021,0.6045030964331886,0.49523603382404624,7,2,7
Epilepsy,epilepsy,14380,168,LC R,,,,0,0,0
Epilepsy,epilepsy,14380,169,Raphe D,,,,0,0,0
Epilepsy,epilepsy,14380,170,Raphe M,0.4496548100221868,0.3837759585960242,0.3571243895495308,7,2,7
Epilepsy,epilepsy,15496,1,Precentral L,0.45037516026589863,0.5067059001906354,0.47509150838332154,7,2,7
Epilepsy,epilepsy,15496,2,Precentral R,,,,0,0,0
Epilepsy,epilepsy,15496,3,Frontal Sup 2 L,0.44086075165850286,0.46418592327351993,0.4392474135337414,7,2,7
Epilepsy,epilepsy,15496,4,Frontal Sup 2 R,,,,0,0,0
Epilepsy,epilepsy,15496,5,Frontal Mid 2 L,0.4846708314928307,0.48829047299351147,0.4591375313616319,7,2,7
Epilepsy,epilepsy,15496,6,Frontal Mid 2 R,,,,0,0,0
Epilepsy,epilepsy,15496,7,Frontal Inf Oper L,0.4176148458391636,0.37753099474831686,0.4183493804999259,7,2,7
Epilepsy,epilepsy,15496,8,Frontal Inf Oper R,,,,0,0,0
Epilepsy,epilepsy,15496,9,Frontal Inf Tri L,0.5164689959998374,0.500568340009546,0.4855400425116446,7,2,7
Epilepsy,epilepsy,15496,10,Frontal Inf Tri R,,,,0,0,0
Epilepsy,epilepsy,15496,11,Frontal Inf Orb 2 L,0.5373500719802207,0.6114618090112591,0.5483890683071418,7,2,7
Epilepsy,epilepsy,15496,12,Frontal Inf Orb 2 R,,,,0,0,0
Epilepsy,epilepsy,15496,13,Rolandic Oper L,0.47292091848417156,0.5334444749921233,0.5140827983001971,7,2,7
Epilepsy,epilepsy,15496,14,Rolandic Oper R,,,,0,0,0
Epilepsy,epilepsy,15496,15,Supp Motor Area L,0.4297572369038541,0.505527526967216,0.46268093406845096,7,2,7
Epilepsy,epilepsy,15496,16,Supp Motor Area R,,,,0,0,0
Epilepsy,epilepsy,15496,17,Olfactory L,,,,0,0,0
Epilepsy,epilepsy,15496,18,Olfactory R,,,,0,0,0
Epilepsy,epilepsy,15496,19,Frontal Sup Medial L,0.4589165790153246,0.4592797591860463,0.43931953981758515,7,2,7
Epilepsy,epilepsy,15496,20,Frontal Sup Medial R,,,,0,0,0
Epilepsy,epilepsy,15496,21,Frontal Med Orb L,0.4984668306326069,0.40926887789122945,0.41309953990618536,7,2,7
Epilepsy,epilepsy,15496,22,Frontal Med Orb R,,,,0,0,0
Epilepsy,epilepsy,15496,23,Rectus L,0.3221175977990498,0.26295496718860556,0.2951158817992147,7,2,7
Epilepsy,epilepsy,15496,24,Rectus R,,,,0,0,0
Epilepsy,epilepsy,15496,25,OFCmed L,0.39859440807818025,0.38458593977105143,0.37869454346261205,7,2,7
Epilepsy,epilepsy,15496,26,OFCmed R,,,,0,0,0
Epilepsy,epilepsy,15496,27,OFCant L,0.5199090440819752,0.504190841906638,0.4633410071381274,7,2,7
Epilepsy,epilepsy,15496,28,OFCant R,,,,0,0,0
Epilepsy,epilepsy,15496,29,OFCpost L,0.4166147034648379,0.1971853321506063,0.28932810242612456,7,2,7
Epilepsy,epilepsy,15496,30,OFCpost R,,,,0,0,0
Epilepsy,epilepsy,15496,31,OFClat L,0.495195935469192,0.43589897042774917,0.4498537409532882,7,2,7
Epilepsy,epilepsy,15496,32,OFClat R,,,,0,0,0
Epilepsy,epilepsy,15496,33,Insula L,0.47359519407340883,0.3423863189458922,0.4040653868162736,7,2,7
Epilepsy,epilepsy,15496,34,Insula R,,,,0,0,0
Epilepsy,epilepsy,15496,37,Cingulate Mid L,0.4786476266449872,0.3954006219843885,0.4372261546320885,7,2,7
Epilepsy,epilepsy,15496,38,Cingulate Mid R,,,,0,0,0
Epilepsy,epilepsy,15496,39,Cingulate Post L,0.5629810259953275,0.6556940851789322,0.6400897826056451,7,2,7
Epilepsy,epilepsy,15496,41,Hippocampus L,0.5094422625063747,0.425138080195967,0.4923248531535901,7,2,7
Epilepsy,epilepsy,15496,42,Hippocampus R,,,,0,0,0
Epilepsy,epilepsy,15496,43,ParaHippocampal L,0.3977587847541634,0.4207163005030598,0.36620797739991584,7,2,7
Epilepsy,epilepsy,15496,44,ParaHippocampal R,,,,0,0,0
Epilepsy,epilepsy,15496,45,Amygdala L,0.4896730742598247,0.308378334637473,0.3976336878378949,7,2,7
Epilepsy,epilepsy,15496,46,Amygdala R,,,,0,0,0
Epilepsy,epilepsy,15496,47,Calcarine L,0.7304465810995165,0.7397879054419255,0.7433297823076045,7,2,7
Epilepsy,epilepsy,15496,48,Calcarine R,,,,0,0,0
Epilepsy,epilepsy,15496,49,Cuneus L,0.6705065897797848,0.8149752961399683,0.7556221134441011,7,2,7
Epilepsy,epilepsy,15496,51,Lingual L,0.6597073078413195,0.6732058751060059,0.6867935257486221,7,2,7
Epilepsy,epilepsy,15496,52,Lingual R,,,,0,0,0
Epilepsy,epilepsy,15496,53,Occipital Sup L,0.6064512905241968,0.6873934633880061,0.6342619058693425,7,2,7
Epilepsy,epilepsy,15496,55,Occipital Mid L,0.6055058311789446,0.7234483268740988,0.6627361320098335,7,2,7
Epilepsy,epilepsy,15496,56,Occipital Mid R,,,,0,0,0
Epilepsy,epilepsy,15496,57,Occipital Inf L,0.663087796069702,0.7337089423346503,0.697119666777245,7,2,7
Epilepsy,epilepsy,15496,58,Occipital Inf R,,,,0,0,0
Epilepsy,epilepsy,15496,59,Fusiform L,0.5222868783660763,0.512199070896824,0.5234973934490658,7,2,7
Epilepsy,epilepsy,15496,60,Fusiform R,,,,0,0,0
Epilepsy,epilepsy,15496,61,Postcentral L,0.48102173923694563,0.6445629535361306,0.6093447221666201,7,2,7
Epilepsy,epilepsy,15496,62,Postcentral R,,,,0,0,0
Epilepsy,epilepsy,15496,63,Parietal Sup L,0.5560910445459316,0.6776344087177996,0.6120655916394828,7,2,7
Epilepsy,epilepsy,15496,64,Parietal Sup R,,,,0,0,0
Epilepsy,epilepsy,15496,65,Parietal Inf L,0.5495823461933299,0.6124869467844231,0.5888963386729622,7,2,7
Epilepsy,epilepsy,15496,66,Parietal Inf R,,,,0,0,0
Epilepsy,epilepsy,15496,67,SupraMarginal L,0.46093538571339376,0.5805779792888413,0.5241853224482823,7,2,7
Epilepsy,epilepsy,15496,68,SupraMarginal R,,,,0,0,0
Epilepsy,epilepsy,15496,69,Angular L,0.5620460261338102,0.6150710333726574,0.5810631604987321,7,2,7
Epilepsy,epilepsy,15496,70,Angular R,,,,0,0,0
Epilepsy,epilepsy,15496,71,Precuneus L,0.5094982296080243,0.5923037088574384,0.559407167756554,7,2,7
Epilepsy,epilepsy,15496,72,Precuneus R,,,,0,0,0
Epilepsy,epilepsy,15496,73,Paracentral Lobule L,0.470088794785338,0.5767770931832406,0.5651309238934398,7,2,7
Epilepsy,epilepsy,15496,74,Paracentral Lobule R,,,,0,0,0
Epilepsy,epilepsy,15496,75,Caudate L,0.525627912137739,0.4721253756300499,0.5296094517093921,7,2,7
Epilepsy,epilepsy,15496,76,Caudate R,,,,0,0,0
Epilepsy,epilepsy,15496,77,Putamen L,0.5525091462832183,0.5476186851291175,0.5913048964672916,7,2,7
Epilepsy,epilepsy,15496,78,Putamen R,,,,0,0,0
Epilepsy,epilepsy,15496,79,Pallidum L,0.5624067105052969,0.510365250060822,0.4922392006390332,7,2,7
Epilepsy,epilepsy,15496,80,Pallidum R,,,,0,0,0
Epilepsy,epilepsy,15496,83,Heschl L,0.7280463701284098,0.8145598851474944,0.7905989651551873,7,2,7
Epilepsy,epilepsy,15496,84,Heschl R,,,,0,0,0
Epilepsy,epilepsy,15496,85,Temporal Sup L,0.5424451538106655,0.5431164321713697,0.5661166309052754,7,2,7
Epilepsy,epilepsy,15496,86,Temporal Sup R,,,,0,0,0
Epilepsy,epilepsy,15496,87,Temporal Pole Sup L,0.48169943883596167,0.344915910287365,0.40355039452763697,7,2,7
Epilepsy,epilepsy,15496,88,Temporal Pole Sup R,,,,0,0,0
Epilepsy,epilepsy,15496,89,Temporal Mid L,0.49323159921898635,0.5387310026889625,0.5139217777633566,7,2,7
Epilepsy,epilepsy,15496,90,Temporal Mid R,,,,0,0,0
Epilepsy,epilepsy,15496,91,Temporal Pole Mid L,0.42242503059940606,0.3112267304612057,0.36854454707252343,7,2,7
Epilepsy,epilepsy,15496,93,Temporal Inf L,0.4990891400690631,0.49808155278307986,0.4991087624641023,7,2,7
Epilepsy,epilepsy,15496,94,Temporal Inf R,,,,0,0,0
Epilepsy,epilepsy,15496,95,Cerebellum Crus1 L,0.3927337581384615,0.2379504861140203,0.3553661898571739,7,2,7
Epilepsy,epilepsy,15496,96,Cerebellum Crus1 R,,,,0,0,0
Epilepsy,epilepsy,15496,97,Cerebellum Crus2 L,0.3698390449400863,0.31993373172991924,0.36107469469771897,7,2,7
Epilepsy,epilepsy,15496,98,Cerebellum Crus2 R,,,,0,0,0
Epilepsy,epilepsy,15496,101,Cerebellum 4 5 L,0.5054087020158373,0.45436599243166353,0.4889733703880292,7,2,7
Epilepsy,epilepsy,15496,102,Cerebellum 4 5 R,,,,0,0,0
Epilepsy,epilepsy,15496,103,Cerebellum 6 L,0.39070300680324366,0.3788686560628095,0.4034223439105946,7,2,7
Epilepsy,epilepsy,15496,104,Cerebellum 6 R,,,,0,0,0
Epilepsy,epilepsy,15496,105,Cerebellum 7b L,0.45569146848103836,0.2854970745442907,0.37779396490948086,7,2,7
Epilepsy,epilepsy,15496,106,Cerebellum 7b R,,,,0,0,0
Epilepsy,epilepsy,15496,107,Cerebellum 8 L,0.4821677692947803,0.3743106446738744,0.4176997303571855,7,2,7
Epilepsy,epilepsy,15496,108,Cerebellum 8 R,,,,0,0,0
Epilepsy,epilepsy,15496,109,Cerebellum 9 L,0.4874201338503806,0.2000273613274691,0.31304386994302663,7,2,7
Epilepsy,epilepsy,15496,110,Cerebellum 9 R,,,,0,0,0
Epilepsy,epilepsy,15496,111,Cerebellum 10 L,0.4607185426834592,0.7199929815078847,0.6747258491225017,7,2,7
Epilepsy,epilepsy,15496,118,Vermis 8,,,,0,0,0
Epilepsy,epilepsy,15496,119,Vermis 9,,,,0,0,0
Epilepsy,epilepsy,15496,121,Thal AV L,,,,0,0,0
Epilepsy,epilepsy,15496,122,Thal AV R,,,,0,0,0
Epilepsy,epilepsy,15496,125,Thal VA L,0.5510003527720467,0.8136690756378993,0.6616839411940689,7,2,7
Epilepsy,epilepsy,15496,127,Thal VL L,0.5146405162619655,0.7783140392055576,0.6429628308388182,7,2,7
Epilepsy,epilepsy,15496,128,Thal VL R,,,,0,0,0
Epilepsy,epilepsy,15496,129,Thal VPL L,0.5448162996083784,0.8418408915820983,0.7057007395448288,7,2,7
Epilepsy,epilepsy,15496,130,Thal VPL R,,,,0,0,0
Epilepsy,epilepsy,15496,131,Thal IL L,,,,0,0,0
Epilepsy,epilepsy,15496,135,Thal MDm L,,,,0,0,0
Epilepsy,epilepsy,15496,136,Thal MDm R,,,,0,0,0
Epilepsy,epilepsy,15496,137,Thal MDl L,0.5228657189430225,0.7128236863889638,0.6596533818003092,7,2,7
Epilepsy,epilepsy,15496,139,Thal LGN L,0.6330892030583771,0.6939951461966016,0.6225872030909109,7,2,7
Epilepsy,epilepsy,15496,140,Thal LGN R,,,,0,0,0
Epilepsy,epilepsy,15496,141,Thal MGN L,,,,0,0,0
Epilepsy,epilepsy,15496,143,Thal PuI L,,,,0,0,0
Epilepsy,epilepsy,15496,144,Thal PuI R,,,,0,0,0
Epilepsy,epilepsy,15496,145,Thal PuM L,,,,0,0,0
Epilepsy,epilepsy,15496,146,Thal PuM R,,,,0,0,0
Epilepsy,epilepsy,15496,147,Thal PuA L,,,,0,0,0
Epilepsy,epilepsy,15496,148,Thal PuA R,,,,0,0,0
Epilepsy,epilepsy,15496,153,ACC pre L,,,,0,0,0
Epilepsy,epilepsy,15496,154,ACC pre R,,,,0,0,0
Epilepsy,epilepsy,15496,155,ACC sup L,0.44236903253230003,0.40087902824867394,0.4014609965296257,7,2,7
Epilepsy,epilepsy,15496,156,ACC sup R,,,,0,0,0
Epilepsy,epilepsy,15496,157,N Acc L,0.6443085720540124,0.5442697635752664,0.5302747856046082,7,2,7
Epilepsy,epilepsy,15496,158,N Acc R,,,,0,0,0
Epilepsy,epilepsy,15496,161,SN pc L,0.433142254782185,0.5123593639228584,0.44108234550268666,7,2,7
Epilepsy,epilepsy,15496,163,SN pr L,0.5022644873466061,0.661711561715377,0.5623685281868572,7,2,7
Epilepsy,epilepsy,15496,164,SN pr R,,,,0,0,0
Epilepsy,epilepsy,15496,165,Red N L,,,,0,0,0
Epilepsy,epilepsy,15496,166,Red N R,,,,0,0,0
Epilepsy,epilepsy,15496,167,LC L,0.5390244435507081,0.8327517095997345,0.6437474692469027,7,2,7
Epilepsy,epilepsy,15496,168,LC R,,,,0,0,0
Epilepsy,epilepsy,15496,169,Raphe D,,,,0,0,0
Epilepsy,epilepsy,15496,170,Raphe M,,,,0,0,0
Epilepsy,epilepsy,15697,1,Precentral L,0.47785388268181095,0.6281873335593973,0.5586606606915531,7,2,7
Epilepsy,epilepsy,15697,2,Precentral R,,,,0,0,0
Epilepsy,epilepsy,15697,3,Frontal Sup 2 L,0.46365252493697373,0.4606271296067334,0.46014356794432,7,2,7
Epilepsy,epilepsy,15697,4,Frontal Sup 2 R,,,,0,0,0
Epilepsy,epilepsy,15697,5,Frontal Mid 2 L,0.4453555326522095,0.48388257328535017,0.4740645758584252,7,2,7
Epilepsy,epilepsy,15697,6,Frontal Mid 2 R,,,,0,0,0
Epilepsy,epilepsy,15697,7,Frontal Inf Oper L,0.410970190414419,0.5116648963205273,0.4792317370296768,7,2,7
Epilepsy,epilepsy,15697,8,Frontal Inf Oper R,,,,0,0,0
Epilepsy,epilepsy,15697,9,Frontal Inf Tri L,0.5020400559971169,0.549691572589543,0.49959025047905925,7,2,7
Epilepsy,epilepsy,15697,10,Frontal Inf Tri R,,,,0,0,0
Epilepsy,epilepsy,15697,11,Frontal Inf Orb 2 L,0.4795468936700579,0.4834572255231129,0.5029676181033517,7,2,7
Epilepsy,epilepsy,15697,12,Frontal Inf Orb 2 R,,,,0,0,0
Epilepsy,epilepsy,15697,13,Rolandic Oper L,0.5561912191176622,0.6048038759619696,0.5412914991733908,7,2,7
Epilepsy,epilepsy,15697,14,Rolandic Oper R,,,,0,0,0
Epilepsy,epilepsy,15697,15,Supp Motor Area L,0.40942248863401315,0.4845101745055711,0.4517895333879064,7,2,7
Epilepsy,epilepsy,15697,16,Supp Motor Area R,,,,0,0,0
Epilepsy,epilepsy,15697,17,Olfactory L,,,,0,0,0
Epilepsy,epilepsy,15697,18,Olfactory R,,,,0,0,0
Epilepsy,epilepsy,15697,19,Frontal Sup Medial L,0.4233681993242168,0.43586268105659953,0.41282913382092223,7,2,7
Epilepsy,epilepsy,15697,20,Frontal Sup Medial R,,,,0,0,0
Epilepsy,epilepsy,15697,21,Frontal Med Orb L,0.3998650743077121,0.24386629329996265,0.3343580648061604,7,2,7
Epilepsy,epilepsy,15697,22,Frontal Med Orb R,,,,0,0,0
Epilepsy,epilepsy,15697,23,Rectus L,0.4562919962450058,0.36026812992747914,0.3736135310848784,7,2,7
Epilepsy,epilepsy,15697,24,Rectus R,,,,0,0,0
Epilepsy,epilepsy,15697,25,OFCmed L,0.41164525513726324,0.42309691364779933,0.39796356967959423,7,2,7
Epilepsy,epilepsy,15697,26,OFCmed R,,,,0,0,0
Epilepsy,epilepsy,15697,27,OFCant L,0.48477219100120295,0.539949212073768,0.49613761844131077,7,2,7
Epilepsy,epilepsy,15697,28,OFCant R,,,,0,0,0
Epilepsy,epilepsy,15697,29,OFCpost L,0.43294532956145965,0.23863708240042325,0.29241570312968435,7,2,7
Epilepsy,epilepsy,15697,30,OFCpost R,,,,0,0,0
Epilepsy,epilepsy,15697,31,OFClat L,0.42088722240941473,0.3750662415422603,0.3800316415512182,7,2,7
Epilepsy,epilepsy,15697,32,OFClat R,,,,0,0,0
Epilepsy,epilepsy,15697,33,Insula L,0.524397754159451,0.31400758914613514,0.39532705320438566,7,2,7
Epilepsy,epilepsy,15697,34,Insula R,,,,0,0,0
Epilepsy,epilepsy,15697,37,Cingulate Mid L,0.46608066367113105,0.4734862015646024,0.4755320383796204,7,2,7
Epilepsy,epilepsy,15697,38,Cingulate Mid R,,,,0,0,0
Epilepsy,epilepsy,15697,39,Cingulate Post L,0.5517140474007548,0.6714779871435262,0.5690059786355028,7,2,7
Epilepsy,epilepsy,15697,41,Hippocampus L,0.4863061022536518,0.44290639594119463,0.48342183850245973,7,2,7
Epilepsy,epilepsy,15697,42,Hippocampus R,,,,0,0,0
Epilepsy,epilepsy,15697,43,ParaHippocampal L,0.3947697426273927,0.24970347171091534,0.2996071866453312,7,2,7
Epilepsy,epilepsy,15697,44,ParaHippocampal R,,,,0,0,0
Epilepsy,epilepsy,15697,45,Amygdala L,0.49001833625583957,0.37958576382871423,0.419701975324935,7,2,7
Epilepsy,epilepsy,15697,46,Amygdala R,,,,0,0,0
Epilepsy,epilepsy,15697,47,Calcarine L,0.5775374819926657,0.6222717271382545,0.608265005829578,7,2,7
Epilepsy,epilepsy,15697,48,Calcarine R,,,,0,0,0
Epilepsy,epilepsy,15697,49,Cuneus L,0.5466801656784691,0.6405452179554748,0.6055037422263367,7,2,7
Epilepsy,epilepsy,15697,51,Lingual L,0.615449763850908,0.6698359480738949,0.6737878958005581,7,2,7
Epilepsy,epilepsy,15697,52,Lingual R,,,,0,0,0
Epilepsy,epilepsy,15697,53,Occipital Sup L,0.5050919885891931,0.45250884655439005,0.47717110905488985,7,2,7
Epilepsy,epilepsy,15697,55,Occipital Mid L,0.5792123020357824,0.6860396098622359,0.6525209726227715,7,2,7
Epilepsy,epilepsy,15697,56,Occipital Mid R,,,,0,0,0
Epilepsy,epilepsy,15697,57,Occipital Inf L,0.6467397093579238,0.7339352570242974,0.7159139570053116,7,2,7
Epilepsy,epilepsy,15697,58,Occipital Inf R,,,,0,0,0
Epilepsy,epilepsy,15697,59,Fusiform L,0.4654288735009188,0.4389329113152245,0.46894699700617015,7,2,7
Epilepsy,epilepsy,15697,60,Fusiform R,,,,0,0,0
Epilepsy,epilepsy,15697,61,Postcentral L,0.501436434826788,0.6070162144383389,0.5717157551582533,7,2,7
Epilepsy,epilepsy,15697,62,Postcentral R,,,,0,0,0
Epilepsy,epilepsy,15697,63,Parietal Sup L,0.4948992890676789,0.5861230096656445,0.5422094455952434,7,2,7
Epilepsy,epilepsy,15697,64,Parietal Sup R,,,,0,0,0
Epilepsy,epilepsy,15697,65,Parietal Inf L,0.47680093962524583,0.5653470356472189,0.5233666553159204,7,2,7
Epilepsy,epilepsy,15697,66,Parietal Inf R,,,,0,0,0
Epilepsy,epilepsy,15697,67,SupraMarginal L,0.3954118439257905,0.6079133123502736,0.48052598402913677,7,2,7
Epilepsy,epilepsy,15697,68,SupraMarginal R,,,,0,0,0
Epilepsy,epilepsy,15697,69,Angular L,,,,0,0,0
Epilepsy,epilepsy,15697,70,Angular R,,,,0,0,0
Epilepsy,epilepsy,15697,71,Precuneus L,0.48062911551365967,0.5006019290817563,0.49117772250274233,7,2,7
Epilepsy,epilepsy,15697,72,Precuneus R,,,,0,0,0
Epilepsy,epilepsy,15697,73,Paracentral Lobule L,0.5021452631057866,0.5606126803671732,0.5339648644456542,7,2,7
Epilepsy,epilepsy,15697,74,Paracentral Lobule R,,,,0,0,0
Epilepsy,epilepsy,15697,75,Caudate L,0.5515484234382858,0.4492341904501417,0.5349679496441636,7,2,7
Epilepsy,epilepsy,15697,76,Caudate R,,,,0,0,0
Epilepsy,epilepsy,15697,77,Putamen L,0.5195772688768447,0.5722270964528323,0.5744816008255754,7,2,7
Epilepsy,epilepsy,15697,78,Putamen R,,,,0,0,0
Epilepsy,epilepsy,15697,79,Pallidum L,0.5227350752374509,0.5678975527490662,0.5028666247986041,7,2,7
Epilepsy,epilepsy,15697,80,Pallidum R,,,,0,0,0
Epilepsy,epilepsy,15697,83,Heschl L,0.6060669811874462,0.46864459174402573,0.5388511459580977,7,2,7
Epilepsy,epilepsy,15697,84,Heschl R,,,,0,0,0
Epilepsy,epilepsy,15697,85,Temporal Sup L,0.5098604956762087,0.5418965741266442,0.5349158535469446,7,2,7
Epilepsy,epilepsy,15697,86,Temporal Sup R,,,,0,0,0
Epilepsy,epilepsy,15697,87,Temporal Pole Sup L,0.5288986664432344,0.41094741455550615,0.4460118080134198,7,2,7
Epilepsy,epilepsy,15697,88,Temporal Pole Sup R,,,,0,0,0
Epilepsy,epilepsy,15697,89,Temporal Mid L,0.46005535062867253,0.5081281418645068,0.47643448207975125,7,2,7
Epilepsy,epilepsy,15697,90,Temporal Mid R,,,,0,0,0
Epilepsy,epilepsy,15697,91,Temporal Pole Mid L,0.4793549212941204,0.2691677729769269,0.3854915612280817,7,2,7
Epilepsy,epilepsy,15697,93,Temporal Inf L,0.4436959456529396,0.4289052358610963,0.430448670076406,7,2,7
Epilepsy,epilepsy,15697,94,Temporal Inf R,,,,0,0,0
Epilepsy,epilepsy,15697,95,Cerebellum Crus1 L,0.3542578615757317,0.19580932446596735,0.27893337986985767,7,2,7
Epilepsy,epilepsy,15697,96,Cerebellum Crus1 R,,,,0,0,0
Epilepsy,epilepsy,15697,97,Cerebellum Crus2 L,0.36687048939664585,0.29064816768376356,0.3384358586439707,7,2,7
Epilepsy,epilepsy,15697,98,Cerebellum Crus2 R,,,,0,0,0
Epilepsy,epilepsy,15697,101,Cerebellum 4 5 L,0.5331642144168569,0.5984399614260196,0.5756154280855297,7,2,7
Epilepsy,epilepsy,15697,102,Cerebellum 4 5 R,,,,0,0,0
Epilepsy,epilepsy,15697,103,Cerebellum 6 L,0.443296582610294,0.3838429576177861,0.43506582939646,7,2,7
Epilepsy,epilepsy,15697,104,Cerebellum 6 R,,,,0,0,0
Epilepsy,epilepsy,15697,105,Cerebellum 7b L,0.38441247499713266,0.3833129651792154,0.40892715896228415,7,2,7
Epilepsy,epilepsy,15697,106,Cerebellum 7b R,,,,0,0,0
Epilepsy,epilepsy,15697,107,Cerebellum 8 L,0.43515760766209793,0.4299245787790812,0.4524793812444484,7,2,7
Epilepsy,epilepsy,15697,108,Cerebellum 8 R,,,,0,0,0
Epilepsy,epilepsy,15697,109,Cerebellum 9 L,,,,0,0,0
Epilepsy,epilepsy,15697,110,Cerebellum 9 R,,,,0,0,0
Epilepsy,epilepsy,15697,111,Cerebellum 10 L,,,,0,0,0
Epilepsy,epilepsy,15697,118,Vermis 8,0.7300309840319835,0.9996852764901614,0.7779279291298116,7,2,7
Epilepsy,epilepsy,15697,119,Vermis 9,0.6886627124628513,0.9400111481783345,0.7289271718738297,7,2,7
Epilepsy,epilepsy,15697,121,Thal AV L,0.4842413054138012,0.6264287752601042,0.582443551601016,7,2,7
Epilepsy,epilepsy,15697,122,Thal AV R,,,,0,0,0
Epilepsy,epilepsy,15697,125,Thal VA L,0.5370417767843186,0.6843436888119094,0.5751429990858197,7,2,7
Epilepsy,epilepsy,15697,127,Thal VL L,0.4152782646161005,0.5740594013593573,0.5344975393527203,7,2,7
Epilepsy,epilepsy,15697,128,Thal VL R,,,,0,0,0
Epilepsy,epilepsy,15697,129,Thal VPL L,0.5210780138269038,0.7936513107565946,0.6540216387965918,7,2,7
Epilepsy,epilepsy,15697,130,Thal VPL R,,,,0,0,0
Epilepsy,epilepsy,15697,131,Thal IL L,0.6626387061194084,0.7830118996895912,0.6901002018609782,7,2,7
Epilepsy,epilepsy,15697,135,Thal MDm L,,,,0,0,0
Epilepsy,epilepsy,15697,136,Thal MDm R,,,,0,0,0
Epilepsy,epilepsy,15697,137,Thal MDl L,0.4570211356596801,0.6966701397035614,0.6128225083425837,7,2,7
Epilepsy,epilepsy,15697,139,Thal LGN L,,,,0,0,0
Epilepsy,epilepsy,15697,140,Thal LGN R,,,,0,0,0
Epilepsy,epilepsy,15697,141,Thal MGN L,0.46080042729626447,0.8327638920887164,0.6487069643138018,7,2,7
Epilepsy,epilepsy,15697,143,Thal PuI L,0.47958149848792075,0.812124620525088,0.6569508490498708,7,2,7
Epilepsy,epilepsy,15697,144,Thal PuI R,,,,0,0,0
Epilepsy,epilepsy,15697,145,Thal PuM L,0.6122194766090702,0.7298172159963581,0.6458380376942332,7,2,7
Epilepsy,epilepsy,15697,146,Thal PuM R,,,,0,0,0
Epilepsy,epilepsy,15697,147,Thal PuA L,,,,0,0,0
Epilepsy,epilepsy,15697,148,Thal PuA R,,,,0,0,0
Epilepsy,epilepsy,15697,153,ACC pre L,0.33025839176746574,0.13800098407168304,0.23891203260749416,7,2,7
Epilepsy,epilepsy,15697,154,ACC pre R,,,,0,0,0
Epilepsy,epilepsy,15697,155,ACC sup L,0.3715140104042654,0.3465014311247322,0.34243982600403255,7,2,7
Epilepsy,epilepsy,15697,156,ACC sup R,,,,0,0,0
Epilepsy,epilepsy,15697,157,N Acc L,0.6239165149763878,0.45687344610363245,0.48706862961220176,7,2,7
Epilepsy,epilepsy,15697,158,N Acc R,,,,0,0,0
Epilepsy,epilepsy,15697,161,SN pc L,,,,0,0,0
Epilepsy,epilepsy,15697,163,SN pr L,0.5068764642858532,0.3644341024639475,0.3758529024755531,7,2,7
Epilepsy,epilepsy,15697,164,SN pr R,,,,0,0,0
Epilepsy,epilepsy,15697,165,Red N L,0.45822760947594493,0.6190770114797459,0.5261725588596288,7,2,7
Epilepsy,epilepsy,15697,166,Red N R,,,,0,0,0
Epilepsy,epilepsy,15697,167,LC L,,,,0,0,0
Epilepsy,epilepsy,15697,168,LC R,,,,0,0,0
Epilepsy,epilepsy,15697,169,Raphe D,,,,0,0,0
Epilepsy,epilepsy,15697,170,Raphe M,,,,0,0,0
Epilepsy,epilepsy,9861,1,Precentral L,0.5449485854253889,0.6125050569146734,0.6029074871835823,7,2,7
Epilepsy,epilepsy,9861,2,Precentral R,0.54546880418698,0.6019450204930495,0.585463362054689,7,2,7
Epilepsy,epilepsy,9861,3,Frontal Sup 2 L,0.48209585602589916,0.5466832746070613,0.5181478462622718,7,2,7
Epilepsy,epilepsy,9861,4,Frontal Sup 2 R,0.48117435445554857,0.48762409445008736,0.4735842431861154,7,2,7
Epilepsy,epilepsy,9861,5,Frontal Mid 2 L,0.4902226215753128,0.4480228152384887,0.47870645271115686,7,2,7
Epilepsy,epilepsy,9861,6,Frontal Mid 2 R,0.4402213630611869,0.3489719678818999,0.42808479963586815,7,2,7
Epilepsy,epilepsy,9861,7,Frontal Inf Oper L,0.5459224168827564,0.5885313533427654,0.5672730320684868,7,2,7
Epilepsy,epilepsy,9861,8,Frontal Inf Oper R,0.5167303707763271,0.5366315581340596,0.5236114296879516,7,2,7
Epilepsy,epilepsy,9861,9,Frontal Inf Tri L,0.49934526227735276,0.4710483804593951,0.511965474554086,7,2,7
Epilepsy,epilepsy,9861,10,Frontal Inf Tri R,0.4307237647019456,0.4142223072368059,0.468082156078685,7,2,7
Epilepsy,epilepsy,9861,11,Frontal Inf Orb 2 L,0.4871180423257071,0.3261009933638734,0.4392794021857566,7,2,7
Epilepsy,epilepsy,9861,12,Frontal Inf Orb 2 R,0.5507118095798352,0.5522556803460738,0.5465560188468125,7,2,7
Epilepsy,epilepsy,9861,13,Rolandic Oper L,0.6125472385457115,0.5475147136412404,0.5819508598349755,7,2,7
Epilepsy,epilepsy,9861,14,Rolandic Oper R,0.6222394945127862,0.615944017067654,0.6236787958769586,7,2,7
Epilepsy,epilepsy,9861,15,Supp Motor Area L,0.5006743292781332,0.4854395776221812,0.5187043075189651,7,2,7
Epilepsy,epilepsy,9861,16,Supp Motor Area R,0.538607850984545,0.6469131947525546,0.5813665060699866,7,2,7
Epilepsy,epilepsy,9861,17,Olfactory L,0.41363407638735555,0.1515521204524748,0.308539903560944,7,2,7
Epilepsy,epilepsy,9861,18,Olfactory R,0.3761802678156731,0.4966226054970695,0.42769451407264103,7,2,7
Epilepsy,epilepsy,9861,19,Frontal Sup Medial L,0.4714612526187164,0.34832303043911655,0.4081686919692145,7,2,7
Epilepsy,epilepsy,9861,20,Frontal Sup Medial R,0.418223984753285,0.2408356479752132,0.3064760249286367,7,2,7
Epilepsy,epilepsy,9861,21,Frontal Med Orb L,0.4988214292583249,0.23175086459751115,0.33382114649553335,7,2,7
Epilepsy,epilepsy,9861,22,Frontal Med Orb R,0.5048346221945765,0.290026822462095,0.4055431770225303,7,2,7
Epilepsy,epilepsy,9861,23,Rectus L,0.41523372048339213,0.4502316991145419,0.3913799415907706,7,2,7
Epilepsy,epilepsy,9861,24,Rectus R,0.4446924342544972,0.3520603829646277,0.40489829840608,7,2,7
Epilepsy,epilepsy,9861,25,OFCmed L,0.4757749906418338,0.34478580828308625,0.4450946122932222,7,2,7
Epilepsy,epilepsy,9861,26,OFCmed R,0.46296263491728645,0.38659477699696365,0.42423696051366383,7,2,7
Epilepsy,epilepsy,9861,27,OFCant L,0.4133108014121601,0.31172036678412707,0.4035175597339391,7,2,7
Epilepsy,epilepsy,9861,28,OFCant R,0.5120671492190291,0.5479672096026094,0.5058424930841746,7,2,7
Epilepsy,epilepsy,9861,29,OFCpost L,0.6300212715172611,0.49489750235444696,0.5650999607862801,7,2,7
Epilepsy,epilepsy,9861,30,OFCpost R,0.5361186954618747,0.4229574707538557,0.4929708403234658,7,2,7
Epilepsy,epilepsy,9861,31,OFClat L,,,,0,0,0
Epilepsy,epilepsy,9861,32,OFClat R,0.5316132568396865,0.5689369405985998,0.5422465010704396,7,2,7
Epilepsy,epilepsy,9861,33,Insula L,0.5075195006296028,0.3099668288685997,0.41367736114042475,7,2,7
Epilepsy,epilepsy,9861,34,Insula R,0.47545316032307244,0.2069990775231286,0.33799590734449675,7,2,7
Epilepsy,epilepsy,9861,37,Cingulate Mid L,0.5322311107562648,0.4899289982828807,0.49781034774302196,7,2,7
Epilepsy,epilepsy,9861,38,Cingulate Mid R,0.4882686219816896,0.4738725705427349,0.48082549468898567,7,2,7
Epilepsy,epilepsy,9861,39,Cingulate Post L,0.5192561056683535,0.44448389680542344,0.5100637909141524,7,2,7
Epilepsy,epilepsy,9861,41,Hippocampus L,0.49921845329206194,0.38498664992697407,0.4487683075054894,7,2,7
Epilepsy,epilepsy,9861,42,Hippocampus R,0.5049524268685105,0.40122834401245233,0.47607288160718425,7,2,7
Epilepsy,epilepsy,9861,43,ParaHippocampal L,0.4760708885199529,0.26577788350369147,0.32905383629235924,7,2,7
Epilepsy,epilepsy,9861,44,ParaHippocampal R,0.49949489184591916,0.26039188466846214,0.37111886317322584,7,2,7
Epilepsy,epilepsy,9861,45,Amygdala L,0.3859076307016229,0.23171422187776675,0.2936600835161836,7,2,7
Epilepsy,epilepsy,9861,46,Amygdala R,0.39045359744722,0.24014915896316436,0.3158243702737255,7,2,7
Epilepsy,epilepsy,9861,47,Calcarine L,0.6471667058054535,0.7647629692216444,0.708171279986218,7,2,7
Epilepsy,epilepsy,9861,48,Calcarine R,0.576866866647432,0.7064807245227934,0.6098358730070683,7,2,7
Epilepsy,epilepsy,9861,49,Cuneus L,,,,0,0,0
Epilepsy,epilepsy,9861,51,Lingual L,0.707114686088934,0.8625112931855675,0.7928750257980115,7,2,7
Epilepsy,epilepsy,9861,52,Lingual R,0.647841740564238,0.7585260213072516,0.7147608838042545,7,2,7
Epilepsy,epilepsy,9861,53,Occipital Sup L,,,,0,0,0
Epilepsy,epilepsy,9861,55,Occipital Mid L,0.43747813136373326,0.5684498555957167,0.5150071974873751,7,2,7
Epilepsy,epilepsy,9861,56,Occipital Mid R,0.5802594542185843,0.7392703092409318,0.6573001919903869,7,2,7
Epilepsy,epilepsy,9861,57,Occipital Inf L,0.5447866663475907,0.7637241978526399,0.6687485798745901,7,2,7
Epilepsy,epilepsy,9861,58,Occipital Inf R,0.6344365765156491,0.7967118605432089,0.7117689623142464,7,2,7
Epilepsy,epilepsy,9861,59,Fusiform L,0.47054001766148373,0.35446263141276213,0.40820871765221783,7,2,7
Epilepsy,epilepsy,9861,60,Fusiform R,0.5162640025578062,0.4660760078141614,0.4971703163741,7,2,7
Epilepsy,epilepsy,9861,61,Postcentral L,0.5782024427150659,0.6800599843450876,0.6395373040224858,7,2,7
Epilepsy,epilepsy,9861,62,Postcentral R,0.5784677005572979,0.7054175119697794,0.6564256644844936,7,2,7
Epilepsy,epilepsy,9861,63,Parietal Sup L,0.5695860794523949,0.5859697090096118,0.5938302158877072,7,2,7
Epilepsy,epilepsy,9861,64,Parietal Sup R,0.4981994989573744,0.5537400572647241,0.5232411417077837,7,2,7
Epilepsy,epilepsy,9861,65,Parietal Inf L,0.46034133663883914,0.5766614096486982,0.551796899247444,7,2,7
Epilepsy,epilepsy,9861,66,Parietal Inf R,0.6093097551006421,0.6816209121919216,0.6358840245785513,7,2,7
Epilepsy,epilepsy,9861,67,SupraMarginal L,0.5283956550185661,0.6749060287608986,0.579245206633406,7,2,7
Epilepsy,epilepsy,9861,68,SupraMarginal R,0.4691912542674956,0.513288899241047,0.5243091122738647,7,2,7
Epilepsy,epilepsy,9861,69,Angular L,0.49510858653771567,0.5980745231311914,0.5370037007400036,7,2,7
Epilepsy,epilepsy,9861,70,Angular R,0.46816126747424935,0.5374011519976803,0.5010507874062228,7,2,7
Epilepsy,epilepsy,9861,71,Precuneus L,0.5498209351020394,0.4390696150875445,0.5278902063825679,7,2,7
Epilepsy,epilepsy,9861,72,Precuneus R,0.5348330818150043,0.5643815001681435,0.5503616116308608,7,2,7
Epilepsy,epilepsy,9861,73,Paracentral Lobule L,0.4842679863828282,0.6924104076518711,0.6251652066038259,7,2,7
Epilepsy,epilepsy,9861,74,Paracentral Lobule R,0.5110219905340233,0.5973563698461639,0.5926333368916417,7,2,7
Epilepsy,epilepsy,9861,75,Caudate L,0.5716519279024401,0.426977874050121,0.53048327780039,7,2,7
Epilepsy,epilepsy,9861,76,Caudate R,0.5721720324097689,0.42625941498508596,0.5251609950189723,7,2,7
Epilepsy,epilepsy,9861,77,Putamen L,0.5300977464696712,0.41474792773139535,0.4848079334784898,7,2,7
Epilepsy,epilepsy,9861,78,Putamen R,0.5179527886029475,0.39369832001672367,0.4701002349657053,7,2,7
Epilepsy,epilepsy,9861,79,Pallidum L,0.48653353887905715,0.5232145737068619,0.5129579532898886,7,2,7
Epilepsy,epilepsy,9861,80,Pallidum R,0.4340499943127184,0.6219491167122899,0.5393068106538589,7,2,7
Epilepsy,epilepsy,9861,83,Heschl L,0.651684438542902,0.7749022569976832,0.7027737470242578,7,2,7
Epilepsy,epilepsy,9861,84,Heschl R,0.6669695109644217,0.8035373547382672,0.7543557694910845,7,2,7
Epilepsy,epilepsy,9861,85,Temporal Sup L,0.5930034177533997,0.5614068169083928,0.5653336269165677,7,2,7
Epilepsy,epilepsy,9861,86,Temporal Sup R,0.5617795856298662,0.5881299565811374,0.5699694386395011,7,2,7
Epilepsy,epilepsy,9861,87,Temporal Pole Sup L,0.43681762992127543,0.2901836714576971,0.403592882893379,7,2,7
Epilepsy,epilepsy,9861,88,Temporal Pole Sup R,0.4214928305663755,0.3278553643613409,0.3458284560207957,7,2,7
Epilepsy,epilepsy,9861,89,Temporal Mid L,0.535990008380461,0.518764184736211,0.5149917775328271,7,2,7
Epilepsy,epilepsy,9861,90,Temporal Mid R,0.4591019433120705,0.4186791283547924,0.44936605488727044,7,2,7
Epilepsy,epilepsy,9861,91,Temporal Pole Mid L,,,,0,0,0
Epilepsy,epilepsy,9861,93,Temporal Inf L,0.4847552406684792,0.39818745237589626,0.44491779238107204,7,2,7
Epilepsy,epilepsy,9861,94,Temporal Inf R,0.5016794595766283,0.4215253008206668,0.4526611785192702,7,2,7
Epilepsy,epilepsy,9861,95,Cerebellum Crus1 L,0.39096707219313365,0.22818981692092505,0.34109035878957267,7,2,7
Epilepsy,epilepsy,9861,96,Cerebellum Crus1 R,0.467702090445046,0.21843547634473165,0.3824410309518187,7,2,7
Epilepsy,epilepsy,9861,97,Cerebellum Crus2 L,0.3494826099769429,0.19311176937161867,0.31931714769278,7,2,7
Epilepsy,epilepsy,9861,98,Cerebellum Crus2 R,0.42447309293728047,0.19929912611589518,0.3644599527794965,7,2,7
Epilepsy,epilepsy,9861,101,Cerebellum 4 5 L,0.5115538145052305,0.4232979622193328,0.49187227578465126,7,2,7
Epilepsy,epilepsy,9861,102,Cerebellum 4 5 R,0.48539552098383787,0.43601709581752157,0.507091430351212,7,2,7
Epilepsy,epilepsy,9861,103,Cerebellum 6 L,0.4180756759772085,0.1650968133263194,0.34627582091231435,7,2,7
Epilepsy,epilepsy,9861,104,Cerebellum 6 R,0.3153953136388242,0.1321779567676475,0.28408186171655425,7,2,7
Epilepsy,epilepsy,9861,105,Cerebellum 7b L,0.3103065278426464,0.1219528631184083,0.2676751622907563,7,2,7
Epilepsy,epilepsy,9861,106,Cerebellum 7b R,0.4455500578060142,0.179347303729357,0.3338778853375601,7,2,7
Epilepsy,epilepsy,9861,107,Cerebellum 8 L,0.4332658068435041,0.27590548248851776,0.40563012118232594,7,2,7
Epilepsy,epilepsy,9861,108,Cerebellum 8 R,0.4480969348158092,0.4125782364377615,0.43779426142580735,7,2,7
Epilepsy,epilepsy,9861,109,Cerebellum 9 L,0.3293910771548747,0.0609269812779957,0.23183743266473145,7,2,7
Epilepsy,epilepsy,9861,110,Cerebellum 9 R,0.34049572372167475,0.14968758101037735,0.294755635943205,7,2,7
Epilepsy,epilepsy,9861,111,Cerebellum 10 L,,,,0,0,0
Epilepsy,epilepsy,9861,118,Vermis 8,0.5945596903238085,0.8241588608213044,0.6520546966736627,7,2,7
Epilepsy,epilepsy,9861,119,Vermis 9,0.6592228600669926,0.8902918244688129,0.7070513064545781,7,2,7
Epilepsy,epilepsy,9861,121,Thal AV L,0.6179562186081403,0.44812266136130635,0.5548973112098349,7,2,7
Epilepsy,epilepsy,9861,122,Thal AV R,0.44153558330466697,0.4474114073352575,0.4447004933149949,7,2,7
Epilepsy,epilepsy,9861,125,Thal VA L,0.4601544825963444,0.554989087679668,0.5286150563505647,7,2,7
Epilepsy,epilepsy,9861,127,Thal VL L,0.4952065090508819,0.574637483100344,0.547705157815449,7,2,7
Epilepsy,epilepsy,9861,128,Thal VL R,0.5231810855251261,0.6157375335905217,0.527232037207958,7,2,7
Epilepsy,epilepsy,9861,129,Thal VPL L,0.4576928257422565,0.6224092482422725,0.5236203169133032,7,2,7
Epilepsy,epilepsy,9861,130,Thal VPL R,0.4995171456935306,0.6811370695266437,0.5980260423575836,7,2,7
Epilepsy,epilepsy,9861,131,Thal IL L,0.5305467119880586,0.546011290713804,0.497822365222011,7,2,7
Epilepsy,epilepsy,9861,135,Thal MDm L,0.5515630138863057,0.5489266904346408,0.4881461446413818,7,2,7
Epilepsy,epilepsy,9861,136,Thal MDm R,0.5495403804900169,0.6720672350397905,0.5794806730500924,7,2,7
Epilepsy,epilepsy,9861,137,Thal MDl L,0.5117680185076303,0.738817318418334,0.6224519170309313,7,2,7
Epilepsy,epilepsy,9861,139,Thal LGN L,0.36689852579435683,0.5859588922031556,0.48932298668795654,7,2,7
Epilepsy,epilepsy,9861,140,Thal LGN R,0.5017731163562131,0.7973625309034411,0.6460874632526163,7,2,7
Epilepsy,epilepsy,9861,141,Thal MGN L,0.45824691089076935,0.45432043264083927,0.4147780254038153,7,2,7
Epilepsy,epilepsy,9861,143,Thal PuI L,0.549225908384067,0.7441315731100246,0.6735170575863728,7,2,7
Epilepsy,epilepsy,9861,144,Thal PuI R,0.5051412803979806,0.736364095812449,0.6337131179694369,7,2,7
Epilepsy,epilepsy,9861,145,Thal PuM L,0.5481535638289473,0.6468730645475163,0.6065236817809171,7,2,7
Epilepsy,epilepsy,9861,146,Thal PuM R,0.5275492768091647,0.6998481706427302,0.6069672846037092,7,2,7
Epilepsy,epilepsy,9861,147,Thal PuA L,0.4544092871593356,0.6081965953135354,0.5428892482672749,7,2,7
Epilepsy,epilepsy,9861,148,Thal PuA R,0.47112150262316393,0.6773923879342625,0.5797932424343955,7,2,7
Epilepsy,epilepsy,9861,153,ACC pre L,,,,0,0,0
Epilepsy,epilepsy,9861,154,ACC pre R,0.47956962032823997,0.33966983429111647,0.4129575499403413,7,2,7
Epilepsy,epilepsy,9861,155,ACC sup L,0.4650103959905795,0.39746352039247157,0.42043965482138645,7,2,7
Epilepsy,epilepsy,9861,156,ACC sup R,0.4671826143001577,0.30913207480598665,0.3949176124638591,7,2,7
Epilepsy,epilepsy,9861,157,N Acc L,0.5145717939568709,0.18042804824518244,0.37625526191909087,7,2,7
Epilepsy,epilepsy,9861,158,N Acc R,0.5014402617559807,0.2172888063786666,0.38273779335085084,7,2,7
Epilepsy,epilepsy,9861,161,SN pc L,,,,0,0,0
Epilepsy,epilepsy,9861,163,SN pr L,,,,0,0,0
Epilepsy,epilepsy,9861,164,SN pr R,0.5821978259109901,0.32937322949618564,0.37167089898795025,7,2,7
Epilepsy,epilepsy,9861,165,Red N L,0.5335084287292547,0.41639359542336685,0.41456833679488575,7,2,7
Epilepsy,epilepsy,9861,166,Red N R,0.4106392976832637,0.49740281479772247,0.46212222444861656,7,2,7
Epilepsy,epilepsy,9861,167,LC L,0.5879225636908499,0.5706323915870726,0.5344128087179266,7,2,7
Epilepsy,epilepsy,9861,168,LC R,0.5815656294432936,0.5393356699618371,0.49255790474053385,7,2,7
Epilepsy,epilepsy,9861,169,Raphe D,0.5364031834499481,0.4801542079051876,0.456794419630891,7,2,7
Epilepsy,epilepsy,9861,170,Raphe M,0.637583820915974,0.5100623382083064,0.518268518613711,7,2,7
Migraine,migraine,10021,1,Precentral L,0.49642288934568507,0.4776316091336652,0.48565244595785534,167,41,167
Migraine,migraine,10021,2,Precentral R,0.48137709531178224,0.45775302449597594,0.4686359581638076,167,41,167
Migraine,migraine,10021,3,Frontal Sup 2 L,0.5234132491370864,0.5518839056762644,0.5331515366230797,167,41,167
Migraine,migraine,10021,4,Frontal Sup 2 R,0.5297737815639183,0.5553954052832086,0.536616316647009,167,41,167
Migraine,migraine,10021,5,Frontal Mid 2 L,0.5419885065190632,0.551628985185171,0.5448004262144952,167,41,167
Migraine,migraine,10021,6,Frontal Mid 2 R,0.5068991221455218,0.5357412771575288,0.5118196639122786,167,41,167
Migraine,migraine,10021,7,Frontal Inf Oper L,,,,0,0,0
Migraine,migraine,10021,8,Frontal Inf Oper R,0.45309304677104634,0.48969350160068176,0.4603137738805398,167,41,167
Migraine,migraine,10021,9,Frontal Inf Tri L,0.5039609441493738,0.5149960985174789,0.5070862190496189,167,41,167
Migraine,migraine,10021,10,Frontal Inf Tri R,0.5012476908325881,0.5127545338142215,0.5023643119820114,167,41,167
Migraine,migraine,10021,11,Frontal Inf Orb 2 L,0.5050153818639094,0.5265549969189584,0.5218138393606309,167,41,167
Migraine,migraine,10021,12,Frontal Inf Orb 2 R,0.501026366456217,0.5188857151759405,0.5128187731564523,167,41,167
Migraine,migraine,10021,13,Rolandic Oper L,0.5372889182698116,0.5435533316262608,0.5366959235278171,167,41,167
Migraine,migraine,10021,14,Rolandic Oper R,0.5319724569011841,0.5201708302112201,0.5205151032942719,167,41,167
Migraine,migraine,10021,15,Supp Motor Area L,0.3840624118547568,0.3617059847546136,0.36700356253597394,167,41,167
Migraine,migraine,10021,16,Supp Motor Area R,0.48854371003426983,0.44743287858242586,0.4704591363706658,167,41,167
Migraine,migraine,10021,17,Olfactory L,0.4928947587644666,0.5071649122792016,0.49423830397382623,167,41,167
Migraine,migraine,10021,18,Olfactory R,0.4727307432481278,0.4903570553679073,0.48251409152326385,167,41,167
Migraine,migraine,10021,19,Frontal Sup Medial L,0.5428294886050864,0.5890311873082646,0.5530243442395666,167,41,167
Migraine,migraine,10021,20,Frontal Sup Medial R,0.5632903516228308,0.5850758890208685,0.5711111612034415,167,41,167
Migraine,migraine,10021,21,Frontal Med Orb L,0.5587570329482017,0.5800319679888908,0.5589667894240703,167,41,167
Migraine,migraine,10021,22,Frontal Med Orb R,0.5505847409040342,0.5847075580092918,0.5583645781875889,167,41,167
Migraine,migraine,10021,23,Rectus L,0.5098365363922215,0.5434179449922476,0.5232455319261339,167,41,167
Migraine,migraine,10021,24,Rectus R,0.5343928583810383,0.5654333628347801,0.5389298834927231,167,41,167
Migraine,migraine,10021,25,OFCmed L,0.5097026500824392,0.5318511607467936,0.5145136981644853,167,41,167
Migraine,migraine,10021,26,OFCmed R,0.5383561991822788,0.5616574158716663,0.5427241508348741,167,41,167
Migraine,migraine,10021,27,OFCant L,0.4987655381855395,0.5300192186365219,0.5120969853211872,167,41,167
Migraine,migraine,10021,28,OFCant R,0.5599290891927435,0.5845955639108514,0.5718740149700398,167,41,167
Migraine,migraine,10021,29,OFCpost L,0.42640979981377497,0.424550693585697,0.4170488363024058,167,41,167
Migraine,migraine,10021,30,OFCpost R,0.5058258288186916,0.519072568803713,0.5073486137941456,167,41,167
Migraine,migraine,10021,31,OFClat L,,,,0,0,0
Migraine,migraine,10021,32,OFClat R,0.5081666400577083,0.5403874519813006,0.5173112406800983,167,41,167
Migraine,migraine,10021,33,Insula L,0.5263239703412926,0.5215504096869394,0.5186322798567933,167,41,167
Migraine,migraine,10021,34,Insula R,0.5001779169287176,0.5067600733339057,0.49832314166256886,167,41,167
Migraine,migraine,10021,37,Cingulate Mid L,0.4839709962062883,0.48802645776981496,0.48147051085566506,167,41,167
Migraine,migraine,10021,38,Cingulate Mid R,0.4774449256589487,0.47827109279391944,0.47534668464578533,167,41,167
Migraine,migraine,10021,39,Cingulate Post L,0.49562615422094164,0.4813479901439056,0.49728990333154965,167,41,167
Migraine,migraine,10021,41,Hippocampus L,0.4946518082288552,0.507924782991715,0.49768699623510004,167,41,167
Migraine,migraine,10021,42,Hippocampus R,0.4991408736600212,0.5025324015165702,0.49696188489344073,167,41,167
Migraine,migraine,10021,43,ParaHippocampal L,0.5217680062179257,0.5200687678743908,0.5238018758516362,167,41,167
Migraine,migraine,10021,44,ParaHippocampal R,0.5101716445819112,0.4911872337698538,0.505922062961184,167,41,167
Migraine,migraine,10021,45,Amygdala L,0.5249649654524703,0.5360292880962592,0.5338489689588536,167,41,167
Migraine,migraine,10021,46,Amygdala R,0.5121643559316207,0.5033200423043515,0.5111413670945353,167,41,167
Migraine,migraine,10021,47,Calcarine L,0.5158243356902616,0.482775620497358,0.5050283874091145,167,41,167
Migraine,migraine,10021,48,Calcarine R,0.5066529901053987,0.4971506212693288,0.5037294425842935,167,41,167
Migraine,migraine,10021,49,Cuneus L,0.5124855159048726,0.5161310565370895,0.5173262066860136,167,41,167
Migraine,migraine,10021,51,Lingual L,0.4950774101248604,0.5061836788863815,0.4971659608240592,167,41,167
Migraine,migraine,10021,52,Lingual R,0.5009265602258066,0.4956106498476695,0.4952008863322188,167,41,167
Migraine,migraine,10021,53,Occipital Sup L,0.5247303058897489,0.49724929017147756,0.5116819551267652,167,41,167
Migraine,migraine,10021,55,Occipital Mid L,0.5005809864394067,0.4500373687471315,0.4908077983828243,167,41,167
Migraine,migraine,10021,56,Occipital Mid R,0.4963973967844514,0.4711076959002261,0.4927258856383916,167,41,167
Migraine,migraine,10021,57,Occipital Inf L,0.5322648860655992,0.5142147925158856,0.525811854209276,167,41,167
Migraine,migraine,10021,58,Occipital Inf R,0.5011403104784422,0.4506912824866087,0.4798338221057565,167,41,167
Migraine,migraine,10021,59,Fusiform L,0.5038995088073724,0.499062827865454,0.5017912496728065,167,41,167
Migraine,migraine,10021,60,Fusiform R,0.47988731496902365,0.4703280844256495,0.47290382620510735,167,41,167
Migraine,migraine,10021,61,Postcentral L,0.5066158255473178,0.49658021185652285,0.5032406839469898,167,41,167
Migraine,migraine,10021,62,Postcentral R,0.4770714035331983,0.4628551278595065,0.47137777454718416,167,41,167
Migraine,migraine,10021,63,Parietal Sup L,0.5041841420962541,0.5024760232125635,0.5075368170143172,167,41,167
Migraine,migraine,10021,64,Parietal Sup R,0.4369167508835226,0.4052947478299822,0.42411924116233307,167,41,167
Migraine,migraine,10021,65,Parietal Inf L,0.5066921788276701,0.5080755278153488,0.5063046297417991,167,41,167
Migraine,migraine,10021,66,Parietal Inf R,0.4822811285291185,0.49448626592159617,0.4878174329087155,167,41,167
Migraine,migraine,10021,67,SupraMarginal L,0.4718684633981295,0.4003482389956632,0.4417304127567577,167,41,167
Migraine,migraine,10021,68,SupraMarginal R,0.43934175491849303,0.406353792754461,0.4323529847850661,167,41,167
Migraine,migraine,10021,69,Angular L,0.5207938989610825,0.5353900766639755,0.5245414434278012,167,41,167
Migraine,migraine,10021,70,Angular R,0.48321429955772205,0.5081159837934792,0.49296592780017706,167,41,167
Migraine,migraine,10021,71,Precuneus L,0.48044988477935,0.4428549469728923,0.4620677105466043,167,41,167
Migraine,migraine,10021,72,Precuneus R,0.47693746485592114,0.46972222239210876,0.4752748427401035,167,41,167
Migraine,migraine,10021,73,Paracentral Lobule L,0.4815976692503598,0.4589143626284771,0.47254032461984197,167,41,167
Migraine,migraine,10021,74,Paracentral Lobule R,0.5252477540637486,0.4757101115392985,0.5112051776375135,167,41,167
Migraine,migraine,10021,75,Caudate L,0.5071476574211561,0.5368867299800862,0.5132137589343909,167,41,167
Migraine,migraine,10021,76,Caudate R,0.4976288274261838,0.525890281080892,0.5065998990548468,167,41,167
Migraine,migraine,10021,77,Putamen L,0.4974796739301749,0.5045547135608961,0.49576851932925636,167,41,167
Migraine,migraine,10021,78,Putamen R,0.5096404703534929,0.49260789583251247,0.5003347034534218,167,41,167
Migraine,migraine,10021,79,Pallidum L,0.523438936550123,0.5664000421066346,0.5368772687953494,167,41,167
Migraine,migraine,10021,80,Pallidum R,0.5301740422166751,0.5526297815734988,0.5358578805415801,167,41,167
Migraine,migraine,10021,83,Heschl L,0.489686031549833,0.461817261514954,0.4744380336193844,167,41,167
Migraine,migraine,10021,84,Heschl R,0.5358049556922134,0.5512825636691399,0.551261016188795,167,41,167
Migraine,migraine,10021,85,Temporal Sup L,0.5018129464625861,0.49280536243583484,0.4972043478367045,167,41,167
Migraine,migraine,10021,86,Temporal Sup R,0.49555475385162345,0.5016555230808292,0.4943180541804525,167,41,167
Migraine,migraine,10021,87,Temporal Pole Sup L,0.48224484067790807,0.4557238604121001,0.46678262163436623,167,41,167
Migraine,migraine,10021,88,Temporal Pole Sup R,0.5664565531639799,0.5646598375580232,0.56365456127009,167,41,167
Migraine,migraine,10021,89,Temporal Mid L,0.4900988681530872,0.4818744362643146,0.4862648526447141,167,41,167
Migraine,migraine,10021,90,Temporal Mid R,0.4909725821202222,0.4795463724392,0.485750805949901,167,41,167
Migraine,migraine,10021,91,Temporal Pole Mid L,,,,0,0,0
Migraine,migraine,10021,93,Temporal Inf L,0.4938171036037343,0.4787363639410283,0.4909639332762078,167,41,167
Migraine,migraine,10021,94,Temporal Inf R,0.49394386094321646,0.48109796666935745,0.49216413397430986,167,41,167
Migraine,migraine,10021,95,Cerebellum Crus1 L,0.4885839626347536,0.4850098398819546,0.4795684112852261,167,41,167
Migraine,migraine,10021,96,Cerebellum Crus1 R,0.5019322667015559,0.5009551641142738,0.5000538023565407,167,41,167
Migraine,migraine,10021,97,Cerebellum Crus2 L,0.48266818689929497,0.47470788363248456,0.48245060099847625,167,41,167
Migraine,migraine,10021,98,Cerebellum Crus2 R,0.4992794047278801,0.5138575032677929,0.5061874227798226,167,41,167
Migraine,migraine,10021,101,Cerebellum 4 5 L,0.5897513649827393,0.6261690215019924,0.5865044845119013,167,41,167
Migraine,migraine,10021,102,Cerebellum 4 5 R,0.508362469600365,0.5148516288826055,0.5049268297775203,167,41,167
Migraine,migraine,10021,103,Cerebellum 6 L,0.5337077390876196,0.5329612696209656,0.5291311676893595,167,41,167
Migraine,migraine,10021,104,Cerebellum 6 R,0.5405836555341126,0.5260172302188278,0.5236493256814464,167,41,167
Migraine,migraine,10021,105,Cerebellum 7b L,0.5144133694855252,0.5367859791716025,0.5266537222893265,167,41,167
Migraine,migraine,10021,106,Cerebellum 7b R,0.4468384388864136,0.43754087517931173,0.4614647678819305,167,41,167
Migraine,migraine,10021,107,Cerebellum 8 L,0.5012417657347716,0.47059412954078866,0.4988830718219988,167,41,167
Migraine,migraine,10021,108,Cerebellum 8 R,0.48493752543900526,0.4574220420595397,0.4836199882959566,167,41,167
Migraine,migraine,10021,109,Cerebellum 9 L,0.4812918204152465,0.4770951626888829,0.48497049410683657,167,41,167
Migraine,migraine,10021,110,Cerebellum 9 R,0.4665762801866998,0.5110668589304759,0.489416794675012,167,41,167
Migraine,migraine,10021,111,Cerebellum 10 L,,,,0,0,0
Migraine,migraine,10021,118,Vermis 8,0.5440722943187853,0.5464885798103231,0.5392089798893056,167,41,167
Migraine,migraine,10021,119,Vermis 9,0.5016026037774972,0.5172287809842336,0.5071392859708003,167,41,167
Migraine,migraine,10021,121,Thal AV L,,,,0,0,0
Migraine,migraine,10021,122,Thal AV R,0.5682818088611594,0.5536992204716681,0.557501515825402,167,41,167
Migraine,migraine,10021,125,Thal VA L,0.5626300084252207,0.5746965826573184,0.5685220150353056,167,41,167
Migraine,migraine,10021,127,Thal VL L,0.5424453005277168,0.5735491393707459,0.552726185684269,167,41,167
Migraine,migraine,10021,128,Thal VL R,0.4955503370520112,0.4965587032651423,0.49487827555977987,167,41,167
Migraine,migraine,10021,129,Thal VPL L,0.5075395305697625,0.537038531299096,0.5230998205513292,167,41,167
Migraine,migraine,10021,130,Thal VPL R,0.5178217513407751,0.5341960194320553,0.5214800811978325,167,41,167
Migraine,migraine,10021,131,Thal IL L,0.5562446815969364,0.5701877026952864,0.5647839220424098,167,41,167
Migraine,migraine,10021,135,Thal MDm L,0.5216537186685714,0.5023401279428084,0.5199674468589763,167,41,167
Migraine,migraine,10021,136,Thal MDm R,0.5075701225673812,0.5086013093888102,0.5135178820560493,167,41,167
Migraine,migraine,10021,137,Thal MDl L,,,,0,0,0
Migraine,migraine,10021,139,Thal LGN L,0.496195838116807,0.48467586379966593,0.5041925872579875,167,41,167
Migraine,migraine,10021,140,Thal LGN R,0.5171426540799586,0.5259802250274415,0.5258839780931099,167,41,167
Migraine,migraine,10021,141,Thal MGN L,,,,0,0,0
Migraine,migraine,10021,143,Thal PuI L,,,,0,0,0
Migraine,migraine,10021,144,Thal PuI R,0.5031330757407102,0.525892162373587,0.5059588464151126,167,41,167
Migraine,migraine,10021,145,Thal PuM L,0.5096869082476219,0.5254117464653009,0.5119820829646777,167,41,167
Migraine,migraine,10021,146,Thal PuM R,0.49540481689916266,0.5250197650993895,0.5018714526552919,167,41,167
Migraine,migraine,10021,147,Thal PuA L,,,,0,0,0
Migraine,migraine,10021,148,Thal PuA R,0.5319368669388652,0.48923746917767225,0.5175250873276189,167,41,167
Migraine,migraine,10021,153,ACC pre L,0.4185470057714721,0.40362857231427235,0.4008140471683603,167,41,167
Migraine,migraine,10021,154,ACC pre R,0.5409894072636228,0.5686633524927123,0.5426866677718799,167,41,167
Migraine,migraine,10021,155,ACC sup L,0.5147064081470576,0.5280057908371283,0.5101414749709348,167,41,167
Migraine,migraine,10021,156,ACC sup R,0.5229430953766181,0.5682740130114046,0.5288614113619341,167,41,167
Migraine,migraine,10021,157,N Acc L,,,,0,0,0
Migraine,migraine,10021,158,N Acc R,0.4970471242304053,0.4807081781967472,0.49269018169311773,167,41,167
Migraine,migraine,10021,161,SN pc L,0.5267359300882424,0.5345774809376177,0.5332770152003738,167,41,167
Migraine,migraine,10021,163,SN pr L,0.49915899383976975,0.4774011678688957,0.49828935929369944,167,41,167
Migraine,migraine,10021,164,SN pr R,0.5062780563134162,0.49693164846147503,0.4980028677307553,167,41,167
Migraine,migraine,10021,165,Red N L,0.5012421110596011,0.4898566934415019,0.5062858839489502,167,41,167
Migraine,migraine,10021,166,Red N R,0.5406488992572251,0.506181208273688,0.5405234237646671,167,41,167
Migraine,migraine,10021,167,LC L,0.45210263582378485,0.43272642595414773,0.4618108429817938,167,41,167
Migraine,migraine,10021,168,LC R,0.414616202495515,0.40276465414856083,0.4249802232982945,167,41,167
Migraine,migraine,10021,169,Raphe D,0.5133323259570083,0.5615502871666675,0.5416207774127793,167,41,167
Migraine,migraine,10021,170,Raphe M,0.46349464614593583,0.4199281651876632,0.46728008533655235,167,41,167
Migraine,migraine,12876,1,Precentral L,0.50726202786799,0.5154770988620163,0.5076023925650073,167,41,167
Migraine,migraine,12876,2,Precentral R,,,,0,0,0
Migraine,migraine,12876,3,Frontal Sup 2 L,0.5002531909951766,0.52834144731088,0.5015677050017838,167,41,167
Migraine,migraine,12876,4,Frontal Sup 2 R,,,,0,0,0
Migraine,migraine,12876,5,Frontal Mid 2 L,0.5128103072363409,0.5421459682014401,0.515583310374337,167,41,167
Migraine,migraine,12876,6,Frontal Mid 2 R,,,,0,0,0
Migraine,migraine,12876,7,Frontal Inf Oper L,,,,0,0,0
Migraine,migraine,12876,8,Frontal Inf Oper R,,,,0,0,0
Migraine,migraine,12876,9,Frontal Inf Tri L,0.5289848825692111,0.5453438018519283,0.526168730370272,167,41,167
Migraine,migraine,12876,10,Frontal Inf Tri R,,,,0,0,0
Migraine,migraine,12876,11,Frontal Inf Orb 2 L,0.5276423732834059,0.5484402142896745,0.5355067240413797,167,41,167
Migraine,migraine,12876,12,Frontal Inf Orb 2 R,,,,0,0,0
Migraine,migraine,12876,13,Rolandic Oper L,0.5154317802714629,0.48939834020434075,0.4991362629792269,167,41,167
Migraine,migraine,12876,14,Rolandic Oper R,,,,0,0,0
Migraine,migraine,12876,15,Supp Motor Area L,0.49727021505269975,0.5382525740106111,0.513334735000732,167,41,167
Migraine,migraine,12876,16,Supp Motor Area R,,,,0,0,0
Migraine,migraine,12876,17,Olfactory L,0.4109670178308939,0.4738816584258389,0.4490020385841509,167,41,167
Migraine,migraine,12876,18,Olfactory R,,,,0,0,0
Migraine,migraine,12876,19,Frontal Sup Medial L,0.5209331789169062,0.551221585596352,0.5139538942153112,167,41,167
Migraine,migraine,12876,20,Frontal Sup Medial R,,,,0,0,0
Migraine,migraine,12876,21,Frontal Med Orb L,0.6018027591002763,0.6201796024194324,0.6024091024147268,167,41,167
Migraine,migraine,12876,22,Frontal Med Orb R,,,,0,0,0
Migraine,migraine,12876,23,Rectus L,0.544986605256036,0.5572837064698566,0.5415135310326387,167,41,167
Migraine,migraine,12876,24,Rectus R,,,,0,0,0
Migraine,migraine,12876,25,OFCmed L,0.5245942761382443,0.5344824428926775,0.5203947910847241,167,41,167
Migraine,migraine,12876,26,OFCmed R,,,,0,0,0
Migraine,migraine,12876,27,OFCant L,0.5648201810809774,0.5897423467953516,0.5551900448034883,167,41,167
Migraine,migraine,12876,28,OFCant R,,,,0,0,0
Migraine,migraine,12876,29,OFCpost L,0.5202526574539658,0.5209481585266762,0.51364659521237,167,41,167
Migraine,migraine,12876,30,OFCpost R,,,,0,0,0
Migraine,migraine,12876,31,OFClat L,0.47246803920501274,0.5100598668179869,0.4723904820119915,167,41,167
Migraine,migraine,12876,32,OFClat R,,,,0,0,0
Migraine,migraine,12876,33,Insula L,0.4826884730395189,0.4605856646167885,0.46266370712329014,167,41,167
Migraine,migraine,12876,34,Insula R,,,,0,0,0
Migraine,migraine,12876,37,Cingulate Mid L,0.5318559936693953,0.5342262403211238,0.5228830889316465,167,41,167
Migraine,migraine,12876,38,Cingulate Mid R,,,,0,0,0
Migraine,migraine,12876,39,Cingulate Post L,0.5019005473776792,0.4934932378670215,0.5097103367008967,167,41,167
Migraine,migraine,12876,41,Hippocampus L,0.5068007494603096,0.5108246546319876,0.5075847730103756,167,41,167
Migraine,migraine,12876,42,Hippocampus R,,,,0,0,0
Migraine,migraine,12876,43,ParaHippocampal L,0.5169340531512248,0.5483780354468483,0.5293379403961344,167,41,167
Migraine,migraine,12876,44,ParaHippocampal R,,,,0,0,0
Migraine,migraine,12876,45,Amygdala L,,,,0,0,0
Migraine,migraine,12876,46,Amygdala R,,,,0,0,0
Migraine,migraine,12876,47,Calcarine L,0.49033610226001434,0.49904371842530015,0.499591271292685,167,41,167
Migraine,migraine,12876,48,Calcarine R,,,,0,0,0
Migraine,migraine,12876,49,Cuneus L,0.45701187949564687,0.45357814082971337,0.45867310515134857,167,41,167
Migraine,migraine,12876,51,Lingual L,0.48212515056142574,0.4815773386246733,0.4869811620387796,167,41,167
Migraine,migraine,12876,52,Lingual R,,,,0,0,0
Migraine,migraine,12876,53,Occipital Sup L,,,,0,0,0
Migraine,migraine,12876,55,Occipital Mid L,0.5303721428207636,0.5498472815509746,0.5424782138245683,167,41,167
Migraine,migraine,12876,56,Occipital Mid R,,,,0,0,0
Migraine,migraine,12876,57,Occipital Inf L,0.5089302457851025,0.5447191206176815,0.5295210693601462,167,41,167
Migraine,migraine,12876,58,Occipital Inf R,,,,0,0,0
Migraine,migraine,12876,59,Fusiform L,0.4653653148452098,0.4297021107320888,0.4513389029728489,167,41,167
Migraine,migraine,12876,60,Fusiform R,,,,0,0,0
Migraine,migraine,12876,61,Postcentral L,0.5090905792393841,0.4921377726243948,0.49986040422936473,167,41,167
Migraine,migraine,12876,62,Postcentral R,,,,0,0,0
Migraine,migraine,12876,63,Parietal Sup L,0.4587449263122821,0.4621411042154618,0.461976237224958,167,41,167
Migraine,migraine,12876,64,Parietal Sup R,,,,0,0,0
Migraine,migraine,12876,65,Parietal Inf L,0.5167761992285491,0.53339535665089,0.5287128357050654,167,41,167
Migraine,migraine,12876,66,Parietal Inf R,,,,0,0,0
Migraine,migraine,12876,67,SupraMarginal L,0.5130782360804923,0.4792312820241574,0.5002903074087522,167,41,167
Migraine,migraine,12876,68,SupraMarginal R,,,,0,0,0
Migraine,migraine,12876,69,Angular L,0.5271851574659953,0.5210135476104677,0.5312190202499234,167,41,167
Migraine,migraine,12876,70,Angular R,,,,0,0,0
Migraine,migraine,12876,71,Precuneus L,0.5072402212355905,0.5146927550436651,0.5117550318412036,167,41,167
Migraine,migraine,12876,72,Precuneus R,,,,0,0,0
Migraine,migraine,12876,73,Paracentral Lobule L,0.4719801806197531,0.4188508872031222,0.4433819129358283,167,41,167
Migraine,migraine,12876,74,Paracentral Lobule R,,,,0,0,0
Migraine,migraine,12876,75,Caudate L,0.4988061845355597,0.5109732492291602,0.5039035591743827,167,41,167
Migraine,migraine,12876,76,Caudate R,,,,0,0,0
Migraine,migraine,12876,77,Putamen L,0.49754245517618423,0.4904047017499544,0.4995627216032917,167,41,167
Migraine,migraine,12876,78,Putamen R,,,,0,0,0
Migraine,migraine,12876,79,Pallidum L,0.5271798370532755,0.5456050772436631,0.541526452144506,167,41,167
Migraine,migraine,12876,80,Pallidum R,,,,0,0,0
Migraine,migraine,12876,83,Heschl L,0.500183955151137,0.5036818390426985,0.4966757451319328,167,41,167
Migraine,migraine,12876,84,Heschl R,,,,0,0,0
Migraine,migraine,12876,85,Temporal Sup L,0.5047447125594768,0.46902492491025005,0.49092916765792904,167,41,167
Migraine,migraine,12876,86,Temporal Sup R,,,,0,0,0
Migraine,migraine,12876,87,Temporal Pole Sup L,0.47080268229944927,0.4526592880199673,0.45828590909227646,167,41,167
Migraine,migraine,12876,88,Temporal Pole Sup R,,,,0,0,0
Migraine,migraine,12876,89,Temporal Mid L,0.5027412827970821,0.4835071396530388,0.4968052630111557,167,41,167
Migraine,migraine,12876,90,Temporal Mid R,,,,0,0,0
Migraine,migraine,12876,91,Temporal Pole Mid L,0.4928931391118745,0.5131495602670079,0.5087520990436457,167,41,167
Migraine,migraine,12876,93,Temporal Inf L,0.5081168812624198,0.4927920488326883,0.5041864418277343,167,41,167
Migraine,migraine,12876,94,Temporal Inf R,,,,0,0,0
Migraine,migraine,12876,95,Cerebellum Crus1 L,0.49090920237004,0.47591748261037425,0.4758509144646753,167,41,167
Migraine,migraine,12876,96,Cerebellum Crus1 R,,,,0,0,0
Migraine,migraine,12876,97,Cerebellum Crus2 L,0.5092228885595712,0.5027036406347655,0.5042818878498848,167,41,167
Migraine,migraine,12876,98,Cerebellum Crus2 R,,,,0,0,0
Migraine,migraine,12876,101,Cerebellum 4 5 L,0.5377014612554394,0.5772222261627034,0.5466986423060333,167,41,167
Migraine,migraine,12876,102,Cerebellum 4 5 R,,,,0,0,0
Migraine,migraine,12876,103,Cerebellum 6 L,0.5235868390065866,0.528638683418786,0.5249018259784509,167,41,167
Migraine,migraine,12876,104,Cerebellum 6 R,,,,0,0,0
Migraine,migraine,12876,105,Cerebellum 7b L,0.48037355026892486,0.4756599614199005,0.47434143856808225,167,41,167
Migraine,migraine,12876,106,Cerebellum 7b R,,,,0,0,0
Migraine,migraine,12876,107,Cerebellum 8 L,0.47132922351910306,0.4763733505025316,0.47625048935079384,167,41,167
Migraine,migraine,12876,108,Cerebellum 8 R,,,,0,0,0
Migraine,migraine,12876,109,Cerebellum 9 L,0.474026616366065,0.47069514933833784,0.47750686512205165,167,41,167
Migraine,migraine,12876,110,Cerebellum 9 R,,,,0,0,0
Migraine,migraine,12876,111,Cerebellum 10 L,0.43576357831091783,0.3925845284420807,0.4479533680173149,167,41,167
Migraine,migraine,12876,118,Vermis 8,,,,0,0,0
Migraine,migraine,12876,119,Vermis 9,,,,0,0,0
Migraine,migraine,12876,121,Thal AV L,0.5467909038444916,0.6205316617725796,0.5705296678902856,167,41,167
Migraine,migraine,12876,122,Thal AV R,,,,0,0,0
Migraine,migraine,12876,125,Thal VA L,,,,0,0,0
Migraine,migraine,12876,127,Thal VL L,0.5273119216354999,0.5455353512331856,0.5312401587700687,167,41,167
Migraine,migraine,12876,128,Thal VL R,,,,0,0,0
Migraine,migraine,12876,129,Thal VPL L,0.5179202343459581,0.5466283369858146,0.5268983316092674,167,41,167
Migraine,migraine,12876,130,Thal VPL R,,,,0,0,0
Migraine,migraine,12876,131,Thal IL L,0.5559921793935394,0.5922001822329732,0.5726845099963637,167,41,167
Migraine,migraine,12876,135,Thal MDm L,0.46336179674626077,0.5038389284247063,0.4876521656812956,167,41,167
Migraine,migraine,12876,136,Thal MDm R,,,,0,0,0
Migraine,migraine,12876,137,Thal MDl L,,,,0,0,0
Migraine,migraine,12876,139,Thal LGN L,0.5248341137746988,0.5519499770865018,0.532295569502722,167,41,167
Migraine,migraine,12876,140,Thal LGN R,,,,0,0,0
Migraine,migraine,12876,141,Thal MGN L,,,,0,0,0
Migraine,migraine,12876,143,Thal PuI L,,,,0,0,0
Migraine,migraine,12876,144,Thal PuI R,,,,0,0,0
Migraine,migraine,12876,145,Thal PuM L,0.5047876185980253,0.6197560050182438,0.554451455276114,167,41,167
Migraine,migraine,12876,146,Thal PuM R,,,,0,0,0
Migraine,migraine,12876,147,Thal PuA L,0.5543864485856411,0.5621374190642588,0.5463401959910956,167,41,167
Migraine,migraine,12876,148,Thal PuA R,,,,0,0,0
Migraine,migraine,12876,153,ACC pre L,0.5462999512934799,0.584752767054272,0.551675473962076,167,41,167
Migraine,migraine,12876,154,ACC pre R,,,,0,0,0
Migraine,migraine,12876,155,ACC sup L,0.47283061347291433,0.5555166825977123,0.5101396870149325,167,41,167
Migraine,migraine,12876,156,ACC sup R,,,,0,0,0
Migraine,migraine,12876,157,N Acc L,0.5032121777892649,0.49465043014221416,0.5031369477454399,167,41,167
Migraine,migraine,12876,158,N Acc R,,,,0,0,0
Migraine,migraine,12876,161,SN pc L,,,,0,0,0
Migraine,migraine,12876,163,SN pr L,0.5012658418698446,0.4847286848288218,0.5013889848353037,167,41,167
Migraine,migraine,12876,164,SN pr R,,,,0,0,0
Migraine,migraine,12876,165,Red N L,,,,0,0,0
Migraine,migraine,12876,166,Red N R,,,,0,0,0
Migraine,migraine,12876,167,LC L,,,,0,0,0
Migraine,migraine,12876,168,LC R,,,,0,0,0
Migraine,migraine,12876,169,Raphe D,,,,0,0,0
Migraine,migraine,12876,170,Raphe M,,,,0,0,0
Migraine,migraine,14380,1,Precentral L,0.4848149202438404,0.47678386549548524,0.47632823904225907,167,41,167
Migraine,migraine,14380,2,Precentral R,,,,0,0,0
Migraine,migraine,14380,3,Frontal Sup 2 L,0.5061623913853998,0.4989618961648228,0.5004918653108877,167,41,167
Migraine,migraine,14380,4,Frontal Sup 2 R,,,,0,0,0
Migraine,migraine,14380,5,Frontal Mid 2 L,0.4891366558982303,0.4923133025336824,0.47994272078832373,167,41,167
Migraine,migraine,14380,6,Frontal Mid 2 R,,,,0,0,0
Migraine,migraine,14380,7,Frontal Inf Oper L,,,,0,0,0
Migraine,migraine,14380,8,Frontal Inf Oper R,,,,0,0,0
Migraine,migraine,14380,9,Frontal Inf Tri L,0.49771865801046233,0.5055369215358427,0.4975152272182851,167,41,167
Migraine,migraine,14380,10,Frontal Inf Tri R,,,,0,0,0
Migraine,migraine,14380,11,Frontal Inf Orb 2 L,0.5021684022479389,0.5060089298150076,0.5024297527452467,167,41,167
Migraine,migraine,14380,12,Frontal Inf Orb 2 R,,,,0,0,0
Migraine,migraine,14380,13,Rolandic Oper L,0.5089236307138989,0.5098891075117871,0.5050301104850681,167,41,167
Migraine,migraine,14380,14,Rolandic Oper R,,,,0,0,0
Migraine,migraine,14380,15,Supp Motor Area L,0.4859260344455102,0.4886064660781193,0.4813958282154313,167,41,167
Migraine,migraine,14380,16,Supp Motor Area R,,,,0,0,0
Migraine,migraine,14380,17,Olfactory L,0.513620367774047,0.47607703340895247,0.48912928398932487,167,41,167
Migraine,migraine,14380,18,Olfactory R,,,,0,0,0
Migraine,migraine,14380,19,Frontal Sup Medial L,0.4886223121066267,0.4421928301746781,0.4716536144722142,167,41,167
Migraine,migraine,14380,20,Frontal Sup Medial R,,,,0,0,0
Migraine,migraine,14380,21,Frontal Med Orb L,0.5055771629311686,0.44542719147679655,0.4785932694918744,167,41,167
Migraine,migraine,14380,22,Frontal Med Orb R,,,,0,0,0
Migraine,migraine,14380,23,Rectus L,0.47604728620026143,0.4558796676079688,0.45890050038102825,167,41,167
Migraine,migraine,14380,24,Rectus R,,,,0,0,0
Migraine,migraine,14380,25,OFCmed L,0.5220134267604691,0.5096373882038187,0.50707220078477,167,41,167
Migraine,migraine,14380,26,OFCmed R,,,,0,0,0
Migraine,migraine,14380,27,OFCant L,0.48811182812154147,0.4928982970827153,0.4905325410433891,167,41,167
Migraine,migraine,14380,28,OFCant R,,,,0,0,0
Migraine,migraine,14380,29,OFCpost L,0.509581988387252,0.46662971242189577,0.4853295220089409,167,41,167
Migraine,migraine,14380,30,OFCpost R,,,,0,0,0
Migraine,migraine,14380,31,OFClat L,0.5073992492399485,0.4970138675480494,0.4994898748968285,167,41,167
Migraine,migraine,14380,32,OFClat R,,,,0,0,0
Migraine,migraine,14380,33,Insula L,0.5080288480866523,0.4657903772488358,0.4896363218526533,167,41,167
Migraine,migraine,14380,34,Insula R,,,,0,0,0
Migraine,migraine,14380,37,Cingulate Mid L,0.5021346320540139,0.49574484143812175,0.5031952846354184,167,41,167
Migraine,migraine,14380,38,Cingulate Mid R,,,,0,0,0
Migraine,migraine,14380,39,Cingulate Post L,,,,0,0,0
Migraine,migraine,14380,41,Hippocampus L,0.48852238489449573,0.4985423629104995,0.4851729042866175,167,41,167
Migraine,migraine,14380,42,Hippocampus R,,,,0,0,0
Migraine,migraine,14380,43,ParaHippocampal L,0.5274282825426067,0.501816954504171,0.5175092436412301,167,41,167
Migraine,migraine,14380,44,ParaHippocampal R,,,,0,0,0
Migraine,migraine,14380,45,Amygdala L,0.5041896417111154,0.5043867827908831,0.5112598421630937,167,41,167
Migraine,migraine,14380,46,Amygdala R,,,,0,0,0
Migraine,migraine,14380,47,Calcarine L,0.4919943086200369,0.5527606691566925,0.5222624621355886,167,41,167
Migraine,migraine,14380,48,Calcarine R,,,,0,0,0
Migraine,migraine,14380,49,Cuneus L,0.5113282577348093,0.5188298394990867,0.5226939166029853,167,41,167
Migraine,migraine,14380,51,Lingual L,0.48255842116779957,0.5137053275921616,0.5015817136583435,167,41,167
Migraine,migraine,14380,52,Lingual R,,,,0,0,0
Migraine,migraine,14380,53,Occipital Sup L,0.4941905438616291,0.521713343712631,0.5096158929370446,167,41,167
Migraine,migraine,14380,55,Occipital Mid L,0.494497709724167,0.5259116534675183,0.5110977071800485,167,41,167
Migraine,migraine,14380,56,Occipital Mid R,,,,0,0,0
Migraine,migraine,14380,57,Occipital Inf L,0.5046676010258848,0.49902737375177775,0.5127860314933801,167,41,167
Migraine,migraine,14380,58,Occipital Inf R,,,,0,0,0
Migraine,migraine,14380,59,Fusiform L,0.5015886824182505,0.47570746803694447,0.48931528429083326,167,41,167
Migraine,migraine,14380,60,Fusiform R,,,,0,0,0
Migraine,migraine,14380,61,Postcentral L,0.49489080333686214,0.5105680978278813,0.5019272467836514,167,41,167
Migraine,migraine,14380,62,Postcentral R,,,,0,0,0
Migraine,migraine,14380,63,Parietal Sup L,0.5146546797315351,0.5133196548663003,0.5175940274627108,167,41,167
Migraine,migraine,14380,64,Parietal Sup R,,,,0,0,0
Migraine,migraine,14380,65,Parietal Inf L,0.4979565607495637,0.47915500500827285,0.4875522858616827,167,41,167
Migraine,migraine,14380,66,Parietal Inf R,,,,0,0,0
Migraine,migraine,14380,67,SupraMarginal L,0.4947929691483614,0.47339535385904524,0.48244454644276474,167,41,167
Migraine,migraine,14380,68,SupraMarginal R,,,,0,0,0
Migraine,migraine,14380,69,Angular L,0.49397190539270486,0.47001459150296854,0.48267544880894614,167,41,167
Migraine,migraine,14380,70,Angular R,,,,0,0,0
Migraine,migraine,14380,71,Precuneus L,0.5204825493097639,0.5355207606089425,0.5331362559693804,167,41,167
Migraine,migraine,14380,72,Precuneus R,,,,0,0,0
Migraine,migraine,14380,73,Paracentral Lobule L,0.4773993416973829,0.49588251044269965,0.4833877774092572,167,41,167
Migraine,migraine,14380,74,Paracentral Lobule R,,,,0,0,0
Migraine,migraine,14380,75,Caudate L,0.4990383396136572,0.5064699826869113,0.5072196907110182,167,41,167
Migraine,migraine,14380,76,Caudate R,,,,0,0,0
Migraine,migraine,14380,77,Putamen L,0.47941833771856074,0.453144558491353,0.4757980209278088,167,41,167
Migraine,migraine,14380,78,Putamen R,,,,0,0,0
Migraine,migraine,14380,79,Pallidum L,0.5007670339123121,0.48133511275648766,0.502059321138171,167,41,167
Migraine,migraine,14380,80,Pallidum R,,,,0,0,0
Migraine,migraine,14380,83,Heschl L,,,,0,0,0
Migraine,migraine,14380,84,Heschl R,,,,0,0,0
Migraine,migraine,14380,85,Temporal Sup L,0.5060673500560393,0.4892896713218253,0.4990294997752441,167,41,167
Migraine,migraine,14380,86,Temporal Sup R,,,,0,0,0
Migraine,migraine,14380,87,Temporal Pole Sup L,0.5020721141180834,0.5113045238497823,0.5015422352998291,167,41,167
Migraine,migraine,14380,88,Temporal Pole Sup R,,,,0,0,0
Migraine,migraine,14380,89,Temporal Mid L,0.4970473588420234,0.4813762103173681,0.4878157973418552,167,41,167
Migraine,migraine,14380,90,Temporal Mid R,,,,0,0,0
Migraine,migraine,14380,91,Temporal Pole Mid L,0.46736040472918106,0.41854799591995445,0.4423012348171715,167,41,167
Migraine,migraine,14380,93,Temporal Inf L,0.5025267274177726,0.47551500618112824,0.4890320760562448,167,41,167
Migraine,migraine,14380,94,Temporal Inf R,,,,0,0,0
Migraine,migraine,14380,95,Cerebellum Crus1 L,0.5167957977950808,0.518722243020975,0.5255535719315073,167,41,167
Migraine,migraine,14380,96,Cerebellum Crus1 R,,,,0,0,0
Migraine,migraine,14380,97,Cerebellum Crus2 L,0.4836907884136437,0.48806040765534386,0.4841976588021055,167,41,167
Migraine,migraine,14380,98,Cerebellum Crus2 R,,,,0,0,0
Migraine,migraine,14380,101,Cerebellum 4 5 L,0.49638644696369066,0.4980807163253599,0.5001994567674126,167,41,167
Migraine,migraine,14380,102,Cerebellum 4 5 R,,,,0,0,0
Migraine,migraine,14380,103,Cerebellum 6 L,0.4620890337068571,0.4695263805173813,0.46954295642693233,167,41,167
Migraine,migraine,14380,104,Cerebellum 6 R,,,,0,0,0
Migraine,migraine,14380,105,Cerebellum 7b L,0.45529851790748577,0.44374980922275975,0.4605745743180688,167,41,167
Migraine,migraine,14380,106,Cerebellum 7b R,,,,0,0,0
Migraine,migraine,14380,107,Cerebellum 8 L,0.4681433128489269,0.48115703199114346,0.48296871765821225,167,41,167
Migraine,migraine,14380,108,Cerebellum 8 R,,,,0,0,0
Migraine,migraine,14380,109,Cerebellum 9 L,0.5203196603838132,0.5482565775282106,0.5356847914262508,167,41,167
Migraine,migraine,14380,110,Cerebellum 9 R,,,,0,0,0
Migraine,migraine,14380,111,Cerebellum 10 L,0.5243102759865592,0.5155382171614067,0.504499317501326,167,41,167
Migraine,migraine,14380,118,Vermis 8,,,,0,0,0
Migraine,migraine,14380,119,Vermis 9,0.5354738141663731,0.5579257481704847,0.5338860195226621,167,41,167
Migraine,migraine,14380,121,Thal AV L,0.5102549968331597,0.5345090201396945,0.526525520835419,167,41,167
Migraine,migraine,14380,122,Thal AV R,,,,0,0,0
Migraine,migraine,14380,125,Thal VA L,0.5000689792989117,0.4993655281997943,0.5105665122399471,167,41,167
Migraine,migraine,14380,127,Thal VL L,0.542062309094367,0.60262638445416,0.5642802695190238,167,41,167
Migraine,migraine,14380,128,Thal VL R,,,,0,0,0
Migraine,migraine,14380,129,Thal VPL L,0.5302151570448039,0.5484765885435905,0.5305839745865771,167,41,167
Migraine,migraine,14380,130,Thal VPL R,,,,0,0,0
Migraine,migraine,14380,131,Thal IL L,0.5648806571059798,0.5963022632407264,0.5751171699774471,167,41,167
Migraine,migraine,14380,135,Thal MDm L,,,,0,0,0
Migraine,migraine,14380,136,Thal MDm R,,,,0,0,0
Migraine,migraine,14380,137,Thal MDl L,,,,0,0,0
Migraine,migraine,14380,139,Thal LGN L,0.5156702257864358,0.5433730574769903,0.5186791684289187,167,41,167
Migraine,migraine,14380,140,Thal LGN R,,,,0,0,0
Migraine,migraine,14380,141,Thal MGN L,,,,0,0,0
Migraine,migraine,14380,143,Thal PuI L,,,,0,0,0
Migraine,migraine,14380,144,Thal PuI R,,,,0,0,0
Migraine,migraine,14380,145,Thal PuM L,0.5184224345214465,0.5197248347793171,0.5137432781071606,167,41,167
Migraine,migraine,14380,146,Thal PuM R,,,,0,0,0
Migraine,migraine,14380,147,Thal PuA L,0.5391249055579241,0.5595372257076725,0.5406874718554819,167,41,167
Migraine,migraine,14380,148,Thal PuA R,,,,0,0,0
Migraine,migraine,14380,153,ACC pre L,,,,0,0,0
Migraine,migraine,14380,154,ACC pre R,,,,0,0,0
Migraine,migraine,14380,155,ACC sup L,0.4963350753277344,0.4767898662835799,0.48821894838222657,167,41,167
Migraine,migraine,14380,156,ACC sup R,,,,0,0,0
Migraine,migraine,14380,157,N Acc L,0.49239696621412266,0.49845637342784505,0.504787421522686,167,41,167
Migraine,migraine,14380,158,N Acc R,,,,0,0,0
Migraine,migraine,14380,161,SN pc L,,,,0,0,0
Migraine,migraine,14380,163,SN pr L,0.5531634283760752,0.535416635196741,0.545819581216691,167,41,167
Migraine,migraine,14380,164,SN pr R,,,,0,0,0
Migraine,migraine,14380,165,Red N L,0.5221116974764706,0.5271728070165427,0.5232970573596951,167,41,167
Migraine,migraine,14380,166,Red N R,,,,0,0,0
Migraine,migraine,14380,167,LC L,0.49160639462618494,0.48504405997914696,0.48544422918858776,167,41,167
Migraine,migraine,14380,168,LC R,,,,0,0,0
Migraine,migraine,14380,169,Raphe D,,,,0,0,0
Migraine,migraine,14380,170,Raphe M,0.5119679982650432,0.47785245642822655,0.4986628143430215,167,41,167
Migraine,migraine,15496,1,Precentral L,0.4723958315391695,0.4845921899239449,0.46883089850751075,167,41,167
Migraine,migraine,15496,2,Precentral R,,,,0,0,0
Migraine,migraine,15496,3,Frontal Sup 2 L,0.49222314162651526,0.5087108637226215,0.4944742608399905,167,41,167
Migraine,migraine,15496,4,Frontal Sup 2 R,,,,0,0,0
Migraine,migraine,15496,5,Frontal Mid 2 L,0.5072347452034718,0.531286456505249,0.514572379453536,167,41,167
Migraine,migraine,15496,6,Frontal Mid 2 R,,,,0,0,0
Migraine,migraine,15496,7,Frontal Inf Oper L,0.4900305231249061,0.4972541835095774,0.4873309056337151,167,41,167
Migraine,migraine,15496,8,Frontal Inf Oper R,,,,0,0,0
Migraine,migraine,15496,9,Frontal Inf Tri L,0.4805388890592275,0.5026219622060096,0.48141241092943104,167,41,167
Migraine,migraine,15496,10,Frontal Inf Tri R,,,,0,0,0
Migraine,migraine,15496,11,Frontal Inf Orb 2 L,0.5313873652605837,0.5750238467076031,0.5489733505048622,167,41,167
Migraine,migraine,15496,12,Frontal Inf Orb 2 R,,,,0,0,0
Migraine,migraine,15496,13,Rolandic Oper L,0.4800544964487741,0.46872326207244136,0.4794972173707174,167,41,167
Migraine,migraine,15496,14,Rolandic Oper R,,,,0,0,0
Migraine,migraine,15496,15,Supp Motor Area L,0.48055181905470107,0.4648730243908227,0.46850658172494597,167,41,167
Migraine,migraine,15496,16,Supp Motor Area R,,,,0,0,0
Migraine,migraine,15496,17,Olfactory L,,,,0,0,0
Migraine,migraine,15496,18,Olfactory R,,,,0,0,0
Migraine,migraine,15496,19,Frontal Sup Medial L,0.5074484898824945,0.525680760172262,0.5109233383460818,167,41,167
Migraine,migraine,15496,20,Frontal Sup Medial R,,,,0,0,0
Migraine,migraine,15496,21,Frontal Med Orb L,0.5268152032341137,0.5516587779556041,0.5369109422536388,167,41,167
Migraine,migraine,15496,22,Frontal Med Orb R,,,,0,0,0
Migraine,migraine,15496,23,Rectus L,0.5149961118668128,0.5256470155655351,0.5243211878605828,167,41,167
Migraine,migraine,15496,24,Rectus R,,,,0,0,0
Migraine,migraine,15496,25,OFCmed L,0.4931705544392684,0.5278993597398774,0.5087187755784585,167,41,167
Migraine,migraine,15496,26,OFCmed R,,,,0,0,0
Migraine,migraine,15496,27,OFCant L,0.5250182718917549,0.5812663352388336,0.545263688932615,167,41,167
Migraine,migraine,15496,28,OFCant R,,,,0,0,0
Migraine,migraine,15496,29,OFCpost L,0.4931023214750862,0.4795438958581457,0.48016917665622916,167,41,167
Migraine,migraine,15496,30,OFCpost R,,,,0,0,0
Migraine,migraine,15496,31,OFClat L,0.4998253912007097,0.4944034065766624,0.49667407641253525,167,41,167
Migraine,migraine,15496,32,OFClat R,,,,0,0,0
Migraine,migraine,15496,33,Insula L,0.5130340935755451,0.5077504493565154,0.5094061900808396,167,41,167
Migraine,migraine,15496,34,Insula R,,,,0,0,0
Migraine,migraine,15496,37,Cingulate Mid L,0.48947372948326145,0.4541375366521463,0.46921753928577065,167,41,167
Migraine,migraine,15496,38,Cingulate Mid R,,,,0,0,0
Migraine,migraine,15496,39,Cingulate Post L,0.45763870649522276,0.4609413452458312,0.4505685132432552,167,41,167
Migraine,migraine,15496,41,Hippocampus L,0.49381491292699775,0.5022975694388929,0.4888658535957241,167,41,167
Migraine,migraine,15496,42,Hippocampus R,,,,0,0,0
Migraine,migraine,15496,43,ParaHippocampal L,0.5083760203071372,0.5105561778193941,0.5170342735805467,167,41,167
Migraine,migraine,15496,44,ParaHippocampal R,,,,0,0,0
Migraine,migraine,15496,45,Amygdala L,0.5030581654424433,0.5347454903952654,0.5107571128324607,167,41,167
Migraine,migraine,15496,46,Amygdala R,,,,0,0,0
Migraine,migraine,15496,47,Calcarine L,0.48607572505209173,0.4973447842887078,0.48628906602930233,167,41,167
Migraine,migraine,15496,48,Calcarine R,,,,0,0,0
Migraine,migraine,15496,49,Cuneus L,0.46952329245310875,0.48705971143517296,0.4861688218698421,167,41,167
Migraine,migraine,15496,51,Lingual L,0.4870958631318031,0.4688063844472586,0.4808527688650295,167,41,167
Migraine,migraine,15496,52,Lingual R,,,,0,0,0
Migraine,migraine,15496,53,Occipital Sup L,0.4936601024107838,0.47735144845046185,0.4885958075952989,167,41,167
Migraine,migraine,15496,55,Occipital Mid L,0.4837257333250918,0.4721782033035712,0.4793820385137124,167,41,167
Migraine,migraine,15496,56,Occipital Mid R,,,,0,0,0
Migraine,migraine,15496,57,Occipital Inf L,0.4929802986235333,0.5059131283498208,0.4980318703960648,167,41,167
Migraine,migraine,15496,58,Occipital Inf R,,,,0,0,0
Migraine,migraine,15496,59,Fusiform L,0.5003591653492793,0.4982285561008998,0.5024879624748149,167,41,167
Migraine,migraine,15496,60,Fusiform R,,,,0,0,0
Migraine,migraine,15496,61,Postcentral L,0.48020071252134733,0.4609722261272905,0.47333760807362285,167,41,167
Migraine,migraine,15496,62,Postcentral R,,,,0,0,0
Migraine,migraine,15496,63,Parietal Sup L,0.49413368335715074,0.47865222400943663,0.4938899400590955,167,41,167
Migraine,migraine,15496,64,Parietal Sup R,,,,0,0,0
Migraine,migraine,15496,65,Parietal Inf L,0.5084999865619679,0.4931165625123722,0.5028630907747694,167,41,167
Migraine,migraine,15496,66,Parietal Inf R,,,,0,0,0
Migraine,migraine,15496,67,SupraMarginal L,0.5110584636719013,0.5163475152386312,0.5206745928453383,167,41,167
Migraine,migraine,15496,68,SupraMarginal R,,,,0,0,0
Migraine,migraine,15496,69,Angular L,0.47262191826512717,0.4312415839423629,0.4578747587821673,167,41,167
Migraine,migraine,15496,70,Angular R,,,,0,0,0
Migraine,migraine,15496,71,Precuneus L,0.4697697406916976,0.46798239076353604,0.4605131105193851,167,41,167
Migraine,migraine,15496,72,Precuneus R,,,,0,0,0
Migraine,migraine,15496,73,Paracentral Lobule L,0.4691635370974874,0.47050083270813314,0.4695869515318079,167,41,167
Migraine,migraine,15496,74,Paracentral Lobule R,,,,0,0,0
Migraine,migraine,15496,75,Caudate L,0.4949098485998143,0.502022003026089,0.49615498524665774,167,41,167
Migraine,migraine,15496,76,Caudate R,,,,0,0,0
Migraine,migraine,15496,77,Putamen L,0.4820401062924675,0.4752365571236399,0.47534670965987325,167,41,167
Migraine,migraine,15496,78,Putamen R,,,,0,0,0
Migraine,migraine,15496,79,Pallidum L,0.514630023677489,0.5195600944997761,0.525597137869955,167,41,167
Migraine,migraine,15496,80,Pallidum R,,,,0,0,0
Migraine,migraine,15496,83,Heschl L,0.5069642587707317,0.5126120074177548,0.5063175008970038,167,41,167
Migraine,migraine,15496,84,Heschl R,,,,0,0,0
Migraine,migraine,15496,85,Temporal Sup L,0.4798659704465473,0.48726421009368603,0.4848249303899209,167,41,167
Migraine,migraine,15496,86,Temporal Sup R,,,,0,0,0
Migraine,migraine,15496,87,Temporal Pole Sup L,0.495976961503992,0.5164560408468315,0.5057806279611455,167,41,167
Migraine,migraine,15496,88,Temporal Pole Sup R,,,,0,0,0
Migraine,migraine,15496,89,Temporal Mid L,0.49642073157776606,0.4786960106435318,0.49370600504881085,167,41,167
Migraine,migraine,15496,90,Temporal Mid R,,,,0,0,0
Migraine,migraine,15496,91,Temporal Pole Mid L,0.5233877674792949,0.5153451833352849,0.5106189841281527,167,41,167
Migraine,migraine,15496,93,Temporal Inf L,0.5125067284266561,0.5026470913463986,0.5118426439114772,167,41,167
Migraine,migraine,15496,94,Temporal Inf R,,,,0,0,0
Migraine,migraine,15496,95,Cerebellum Crus1 L,0.49914577679648814,0.5003175388930072,0.5045667979680949,167,41,167
Migraine,migraine,15496,96,Cerebellum Crus1 R,,,,0,0,0
Migraine,migraine,15496,97,Cerebellum Crus2 L,0.4500253661079562,0.4540490212985618,0.46216753511223974,167,41,167
Migraine,migraine,15496,98,Cerebellum Crus2 R,,,,0,0,0
Migraine,migraine,15496,101,Cerebellum 4 5 L,0.5098650674858295,0.512800722020797,0.515159709790887,167,41,167
Migraine,migraine,15496,102,Cerebellum 4 5 R,,,,0,0,0
Migraine,migraine,15496,103,Cerebellum 6 L,0.5012037811350409,0.4833757745088774,0.49754543214528263,167,41,167
Migraine,migraine,15496,104,Cerebellum 6 R,,,,0,0,0
Migraine,migraine,15496,105,Cerebellum 7b L,0.47091743507958217,0.4881512326125212,0.4760481589110621,167,41,167
Migraine,migraine,15496,106,Cerebellum 7b R,,,,0,0,0
Migraine,migraine,15496,107,Cerebellum 8 L,0.5080190234249764,0.5218155913650664,0.5128278476466797,167,41,167
Migraine,migraine,15496,108,Cerebellum 8 R,,,,0,0,0
Migraine,migraine,15496,109,Cerebellum 9 L,0.4559528518435335,0.41857615579527135,0.4556540596371712,167,41,167
Migraine,migraine,15496,110,Cerebellum 9 R,,,,0,0,0
Migraine,migraine,15496,111,Cerebellum 10 L,0.5171803255766019,0.5679665564926749,0.5256569592515206,167,41,167
Migraine,migraine,15496,118,Vermis 8,,,,0,0,0
Migraine,migraine,15496,119,Vermis 9,,,,0,0,0
Migraine,migraine,15496,121,Thal AV L,,,,0,0,0
Migraine,migraine,15496,122,Thal AV R,,,,0,0,0
Migraine,migraine,15496,125,Thal VA L,0.5150409170930318,0.5074588078494315,0.5117388997448593,167,41,167
Migraine,migraine,15496,127,Thal VL L,0.5099368461553152,0.49673858007324484,0.49947622661123675,167,41,167
Migraine,migraine,15496,128,Thal VL R,,,,0,0,0
Migraine,migraine,15496,129,Thal VPL L,0.4939760983871545,0.4422097297655692,0.4687851724737425,167,41,167
Migraine,migraine,15496,130,Thal VPL R,,,,0,0,0
Migraine,migraine,15496,131,Thal IL L,,,,0,0,0
Migraine,migraine,15496,135,Thal MDm L,,,,0,0,0
Migraine,migraine,15496,136,Thal MDm R,,,,0,0,0
Migraine,migraine,15496,137,Thal MDl L,0.4976923702921475,0.5146635646841664,0.4938472956118593,167,41,167
Migraine,migraine,15496,139,Thal LGN L,0.4898511570657165,0.479262985551017,0.4905183902366781,167,41,167
Migraine,migraine,15496,140,Thal LGN R,,,,0,0,0
Migraine,migraine,15496,141,Thal MGN L,,,,0,0,0
Migraine,migraine,15496,143,Thal PuI L,,,,0,0,0
Migraine,migraine,15496,144,Thal PuI R,,,,0,0,0
Migraine,migraine,15496,145,Thal PuM L,,,,0,0,0
Migraine,migraine,15496,146,Thal PuM R,,,,0,0,0
Migraine,migraine,15496,147,Thal PuA L,,,,0,0,0
Migraine,migraine,15496,148,Thal PuA R,,,,0,0,0
Migraine,migraine,15496,153,ACC pre L,,,,0,0,0
Migraine,migraine,15496,154,ACC pre R,,,,0,0,0
Migraine,migraine,15496,155,ACC sup L,0.5128993066630201,0.5273663578066489,0.5162090518114029,167,41,167
Migraine,migraine,15496,156,ACC sup R,,,,0,0,0
Migraine,migraine,15496,157,N Acc L,0.520463247254587,0.5221141713711356,0.531621217761896,167,41,167
Migraine,migraine,15496,158,N Acc R,,,,0,0,0
Migraine,migraine,15496,161,SN pc L,0.5006540990766839,0.5316468566722983,0.5195467262429305,167,41,167
Migraine,migraine,15496,163,SN pr L,0.549531171734852,0.6204067598243418,0.589998893552902,167,41,167
Migraine,migraine,15496,164,SN pr R,,,,0,0,0
Migraine,migraine,15496,165,Red N L,,,,0,0,0
Migraine,migraine,15496,166,Red N R,,,,0,0,0
Migraine,migraine,15496,167,LC L,0.47018765737812057,0.4568590407958903,0.47473910335175556,167,41,167
Migraine,migraine,15496,168,LC R,,,,0,0,0
Migraine,migraine,15496,169,Raphe D,,,,0,0,0
Migraine,migraine,15496,170,Raphe M,,,,0,0,0
Migraine,migraine,15697,1,Precentral L,0.4992504563918296,0.4936814706607984,0.49596573665093496,167,41,167
Migraine,migraine,15697,2,Precentral R,,,,0,0,0
Migraine,migraine,15697,3,Frontal Sup 2 L,0.4780462021894695,0.48658388303284067,0.4774915047336821,167,41,167
Migraine,migraine,15697,4,Frontal Sup 2 R,,,,0,0,0
Migraine,migraine,15697,5,Frontal Mid 2 L,0.5066157528467291,0.5176686155706413,0.5071735162583982,167,41,167
Migraine,migraine,15697,6,Frontal Mid 2 R,,,,0,0,0
Migraine,migraine,15697,7,Frontal Inf Oper L,0.43503977308153335,0.4284452890109665,0.42523525078130475,167,41,167
Migraine,migraine,15697,8,Frontal Inf Oper R,,,,0,0,0
Migraine,migraine,15697,9,Frontal Inf Tri L,0.5404410275336815,0.541473957543897,0.5407662262880584,167,41,167
Migraine,migraine,15697,10,Frontal Inf Tri R,,,,0,0,0
Migraine,migraine,15697,11,Frontal Inf Orb 2 L,0.5193237978729482,0.5508853779123722,0.530887156144557,167,41,167
Migraine,migraine,15697,12,Frontal Inf Orb 2 R,,,,0,0,0
Migraine,migraine,15697,13,Rolandic Oper L,0.49544320736305075,0.45750297927011946,0.47928464273358573,167,41,167
Migraine,migraine,15697,14,Rolandic Oper R,,,,0,0,0
Migraine,migraine,15697,15,Supp Motor Area L,0.4594333691810479,0.46833734710539393,0.4570929668024937,167,41,167
Migraine,migraine,15697,16,Supp Motor Area R,,,,0,0,0
Migraine,migraine,15697,17,Olfactory L,,,,0,0,0
Migraine,migraine,15697,18,Olfactory R,,,,0,0,0
Migraine,migraine,15697,19,Frontal Sup Medial L,0.5310332009956114,0.5423366081265465,0.5312483017158312,167,41,167
Migraine,migraine,15697,20,Frontal Sup Medial R,,,,0,0,0
Migraine,migraine,15697,21,Frontal Med Orb L,0.39085193020160997,0.43460894155434476,0.3977141796433982,167,41,167
Migraine,migraine,15697,22,Frontal Med Orb R,,,,0,0,0
Migraine,migraine,15697,23,Rectus L,0.5362200093422727,0.5669850322152299,0.5453355956136241,167,41,167
Migraine,migraine,15697,24,Rectus R,,,,0,0,0
Migraine,migraine,15697,25,OFCmed L,0.48106706627845297,0.4693341391614347,0.4691164976978464,167,41,167
Migraine,migraine,15697,26,OFCmed R,,,,0,0,0
Migraine,migraine,15697,27,OFCant L,0.5696390614413879,0.5657731711762126,0.5725372400430317,167,41,167
Migraine,migraine,15697,28,OFCant R,,,,0,0,0
Migraine,migraine,15697,29,OFCpost L,0.4746091187307477,0.47304241846877926,0.4619322463292248,167,41,167
Migraine,migraine,15697,30,OFCpost R,,,,0,0,0
Migraine,migraine,15697,31,OFClat L,0.48221882039321345,0.4930689629584765,0.47751999906482906,167,41,167
Migraine,migraine,15697,32,OFClat R,,,,0,0,0
Migraine,migraine,15697,33,Insula L,0.5029412494369667,0.5207193943156355,0.500177573831156,167,41,167
Migraine,migraine,15697,34,Insula R,,,,0,0,0
Migraine,migraine,15697,37,Cingulate Mid L,0.49499154498516107,0.5065510653603924,0.49633958909708337,167,41,167
Migraine,migraine,15697,38,Cingulate Mid R,,,,0,0,0
Migraine,migraine,15697,39,Cingulate Post L,0.5371931393972004,0.530026964008192,0.53117081704616,167,41,167
Migraine,migraine,15697,41,Hippocampus L,0.49249151326549456,0.5053702934029936,0.4930773532145026,167,41,167
Migraine,migraine,15697,42,Hippocampus R,,,,0,0,0
Migraine,migraine,15697,43,ParaHippocampal L,0.5273020196232587,0.5657659204737452,0.5457677105299708,167,41,167
Migraine,migraine,15697,44,ParaHippocampal R,,,,0,0,0
Migraine,migraine,15697,45,Amygdala L,0.4939865597887315,0.48969045770918435,0.4928992507282198,167,41,167
Migraine,migraine,15697,46,Amygdala R,,,,0,0,0
Migraine,migraine,15697,47,Calcarine L,0.5253085562522498,0.5253006555769594,0.5237895261502121,167,41,167
Migraine,migraine,15697,48,Calcarine R,,,,0,0,0
Migraine,migraine,15697,49,Cuneus L,0.5347277190591688,0.5402192840985044,0.5345763933493526,167,41,167
Migraine,migraine,15697,51,Lingual L,0.532282159437949,0.5357230921163137,0.535068528695995,167,41,167
Migraine,migraine,15697,52,Lingual R,,,,0,0,0
Migraine,migraine,15697,53,Occipital Sup L,0.49950715907053783,0.45786188044252263,0.4773161596991062,167,41,167
Migraine,migraine,15697,55,Occipital Mid L,0.5439534168387187,0.5411755171535085,0.5468818141622913,167,41,167
Migraine,migraine,15697,56,Occipital Mid R,,,,0,0,0
Migraine,migraine,15697,57,Occipital Inf L,0.5230391213530164,0.5671336074688139,0.5414442062864184,167,41,167
Migraine,migraine,15697,58,Occipital Inf R,,,,0,0,0
Migraine,migraine,15697,59,Fusiform L,0.5172799488890971,0.5102923324580176,0.5166903427489589,167,41,167
Migraine,migraine,15697,60,Fusiform R,,,,0,0,0
Migraine,migraine,15697,61,Postcentral L,0.5079913023561855,0.484793138441992,0.4966290740903681,167,41,167
Migraine,migraine,15697,62,Postcentral R,,,,0,0,0
Migraine,migraine,15697,63,Parietal Sup L,0.5161938440831854,0.48803759106407535,0.5049184648789987,167,41,167
Migraine,migraine,15697,64,Parietal Sup R,,,,0,0,0
Migraine,migraine,15697,65,Parietal Inf L,0.5118316861473666,0.48838519409907855,0.5035088220559362,167,41,167
Migraine,migraine,15697,66,Parietal Inf R,,,,0,0,0
Migraine,migraine,15697,67,SupraMarginal L,0.37189451605941815,0.36939093595083317,0.3721480658251445,167,41,167
Migraine,migraine,15697,68,SupraMarginal R,,,,0,0,0
Migraine,migraine,15697,69,Angular L,,,,0,0,0
Migraine,migraine,15697,70,Angular R,,,,0,0,0
Migraine,migraine,15697,71,Precuneus L,0.4735324871569979,0.46578807352083496,0.46530137016937556,167,41,167
Migraine,migraine,15697,72,Precuneus R,,,,0,0,0
Migraine,migraine,15697,73,Paracentral Lobule L,0.49803278536453943,0.5095236885109202,0.49562002455465565,167,41,167
Migraine,migraine,15697,74,Paracentral Lobule R,,,,0,0,0
Migraine,migraine,15697,75,Caudate L,0.5126369862543126,0.5222366875742399,0.5179896154450567,167,41,167
Migraine,migraine,15697,76,Caudate R,,,,0,0,0
Migraine,migraine,15697,77,Putamen L,0.5084619897842549,0.5172601896804516,0.5175887054873523,167,41,167
Migraine,migraine,15697,78,Putamen R,,,,0,0,0
Migraine,migraine,15697,79,Pallidum L,0.5222049641852603,0.5092086721584861,0.5195008769814233,167,41,167
Migraine,migraine,15697,80,Pallidum R,,,,0,0,0
Migraine,migraine,15697,83,Heschl L,0.5507512688321631,0.5650323359549029,0.550585602494131,167,41,167
Migraine,migraine,15697,84,Heschl R,,,,0,0,0
Migraine,migraine,15697,85,Temporal Sup L,0.4694989052943954,0.46116476002636403,0.46329430290566276,167,41,167
Migraine,migraine,15697,86,Temporal Sup R,,,,0,0,0
Migraine,migraine,15697,87,Temporal Pole Sup L,0.5031422201877507,0.5070378034353145,0.5052680945372856,167,41,167
Migraine,migraine,15697,88,Temporal Pole Sup R,,,,0,0,0
Migraine,migraine,15697,89,Temporal Mid L,0.44353867838921507,0.4292977123810073,0.4372578237864673,167,41,167
Migraine,migraine,15697,90,Temporal Mid R,,,,0,0,0
Migraine,migraine,15697,91,Temporal Pole Mid L,0.5409847851074071,0.5590161310379336,0.5485791849007614,167,41,167
Migraine,migraine,15697,93,Temporal Inf L,0.4656008648244092,0.47481467078036244,0.4685867021221842,167,41,167
Migraine,migraine,15697,94,Temporal Inf R,,,,0,0,0
Migraine,migraine,15697,95,Cerebellum Crus1 L,0.4873938148784691,0.4813022671548124,0.4740563054835401,167,41,167
Migraine,migraine,15697,96,Cerebellum Crus1 R,,,,0,0,0
Migraine,migraine,15697,97,Cerebellum Crus2 L,0.48380562172309793,0.49463559090687953,0.4912187454295418,167,41,167
Migraine,migraine,15697,98,Cerebellum Crus2 R,,,,0,0,0
Migraine,migraine,15697,101,Cerebellum 4 5 L,0.4971946644144694,0.491079030757599,0.49930931836400966,167,41,167
Migraine,migraine,15697,102,Cerebellum 4 5 R,,,,0,0,0
Migraine,migraine,15697,103,Cerebellum 6 L,0.5152711106230777,0.5213231516973841,0.5127123076459701,167,41,167
Migraine,migraine,15697,104,Cerebellum 6 R,,,,0,0,0
Migraine,migraine,15697,105,Cerebellum 7b L,0.4403593840542219,0.4346811345948699,0.43655447857487095,167,41,167
Migraine,migraine,15697,106,Cerebellum 7b R,,,,0,0,0
Migraine,migraine,15697,107,Cerebellum 8 L,0.4933801075800269,0.5063992886818657,0.49710304915976955,167,41,167
Migraine,migraine,15697,108,Cerebellum 8 R,,,,0,0,0
Migraine,migraine,15697,109,Cerebellum 9 L,,,,0,0,0
Migraine,migraine,15697,110,Cerebellum 9 R,,,,0,0,0
Migraine,migraine,15697,111,Cerebellum 10 L,,,,0,0,0
Migraine,migraine,15697,118,Vermis 8,0.6073262220681401,0.6453895982823948,0.6096398910429545,167,41,167
Migraine,migraine,15697,119,Vermis 9,0.5470117721275136,0.5680281648768002,0.546409200830347,167,41,167
Migraine,migraine,15697,121,Thal AV L,0.5129454100733642,0.513516906397469,0.5048627361949083,167,41,167
Migraine,migraine,15697,122,Thal AV R,,,,0,0,0
Migraine,migraine,15697,125,Thal VA L,0.5136618730091022,0.48459250764707085,0.5012672161834121,167,41,167
Migraine,migraine,15697,127,Thal VL L,0.4828096544109675,0.5082734028821272,0.48594600124716375,167,41,167
Migraine,migraine,15697,128,Thal VL R,,,,0,0,0
Migraine,migraine,15697,129,Thal VPL L,0.49905037667317004,0.5213079559217684,0.5020663741154279,167,41,167
Migraine,migraine,15697,130,Thal VPL R,,,,0,0,0
Migraine,migraine,15697,131,Thal IL L,0.5460767454326027,0.5974050059014623,0.5679085558524494,167,41,167
Migraine,migraine,15697,135,Thal MDm L,,,,0,0,0
Migraine,migraine,15697,136,Thal MDm R,,,,0,0,0
Migraine,migraine,15697,137,Thal MDl L,0.4372950934268414,0.4705629482954807,0.44570824718332674,167,41,167
Migraine,migraine,15697,139,Thal LGN L,,,,0,0,0
Migraine,migraine,15697,140,Thal LGN R,,,,0,0,0
Migraine,migraine,15697,141,Thal MGN L,0.5018459767466361,0.5242427973248021,0.5145075038211807,167,41,167
Migraine,migraine,15697,143,Thal PuI L,0.5007344528751624,0.546795146535948,0.5161048878858506,167,41,167
Migraine,migraine,15697,144,Thal PuI R,,,,0,0,0
Migraine,migraine,15697,145,Thal PuM L,0.5223435897774189,0.5488863449565335,0.537327829583073,167,41,167
Migraine,migraine,15697,146,Thal PuM R,,,,0,0,0
Migraine,migraine,15697,147,Thal PuA L,,,,0,0,0
Migraine,migraine,15697,148,Thal PuA R,,,,0,0,0
Migraine,migraine,15697,153,ACC pre L,0.48238472759350615,0.4813166782229561,0.47403536370942045,167,41,167
Migraine,migraine,15697,154,ACC pre R,,,,0,0,0
Migraine,migraine,15697,155,ACC sup L,0.4877923311853594,0.5214545754685129,0.5048841898917664,167,41,167
Migraine,migraine,15697,156,ACC sup R,,,,0,0,0
Migraine,migraine,15697,157,N Acc L,0.5219646921185652,0.5508134300029415,0.5428968572300186,167,41,167
Migraine,migraine,15697,158,N Acc R,,,,0,0,0
Migraine,migraine,15697,161,SN pc L,,,,0,0,0
Migraine,migraine,15697,163,SN pr L,0.5040348892035099,0.42663639995968444,0.4726098620614058,167,41,167
Migraine,migraine,15697,164,SN pr R,,,,0,0,0
Migraine,migraine,15697,165,Red N L,0.5401106723066375,0.6057171858055413,0.5625055587042234,167,41,167
Migraine,migraine,15697,166,Red N R,,,,0,0,0
Migraine,migraine,15697,167,LC L,,,,0,0,0
Migraine,migraine,15697,168,LC R,,,,0,0,0
Migraine,migraine,15697,169,Raphe D,,,,0,0,0
Migraine,migraine,15697,170,Raphe M,,,,0,0,0
Migraine,migraine,9861,1,Precentral L,0.5125215845079577,0.5070360129450052,0.5061986507945602,167,41,167
Migraine,migraine,9861,2,Precentral R,0.5002741788420353,0.4921449072613652,0.4906480444391109,167,41,167
Migraine,migraine,9861,3,Frontal Sup 2 L,0.48351725793935796,0.48151276682410526,0.4769179651603268,167,41,167
Migraine,migraine,9861,4,Frontal Sup 2 R,0.5017852535010957,0.5056742886869495,0.5014055520786483,167,41,167
Migraine,migraine,9861,5,Frontal Mid 2 L,0.5048627698093199,0.4959399910913805,0.49718164556900263,167,41,167
Migraine,migraine,9861,6,Frontal Mid 2 R,0.5022614383020871,0.49628459452338913,0.49365546917588815,167,41,167
Migraine,migraine,9861,7,Frontal Inf Oper L,0.5047193617646041,0.5341092488503895,0.5112599407158941,167,41,167
Migraine,migraine,9861,8,Frontal Inf Oper R,0.49789575211623555,0.5090765965647277,0.4956666999704459,167,41,167
Migraine,migraine,9861,9,Frontal Inf Tri L,0.5237635956024096,0.5219193196696073,0.5145478234618209,167,41,167
Migraine,migraine,9861,10,Frontal Inf Tri R,0.49087930465648055,0.4672097188440641,0.4753422657585708,167,41,167
Migraine,migraine,9861,11,Frontal Inf Orb 2 L,0.5302520232182463,0.5316170134016146,0.5207857004910942,167,41,167
Migraine,migraine,9861,12,Frontal Inf Orb 2 R,0.5182743183606031,0.5307908026437137,0.5167150414521986,167,41,167
Migraine,migraine,9861,13,Rolandic Oper L,0.5035680155138386,0.5340092551799348,0.5186486689599334,167,41,167
Migraine,migraine,9861,14,Rolandic Oper R,0.5387128924899698,0.5608643646612231,0.544062767873403,167,41,167
Migraine,migraine,9861,15,Supp Motor Area L,0.5082168828589206,0.5175411339686558,0.505061300191859,167,41,167
Migraine,migraine,9861,16,Supp Motor Area R,0.4945883834292438,0.4851942602061238,0.4861713161203775,167,41,167
Migraine,migraine,9861,17,Olfactory L,0.5055947977664434,0.47072086147405606,0.4931982797825888,167,41,167
Migraine,migraine,9861,18,Olfactory R,0.4779009455492288,0.46092164603978075,0.4689945866697911,167,41,167
Migraine,migraine,9861,19,Frontal Sup Medial L,0.5353761194109441,0.5345039504264425,0.5329545141194971,167,41,167
Migraine,migraine,9861,20,Frontal Sup Medial R,0.49264424927956135,0.4910273517920592,0.4877073815744425,167,41,167
Migraine,migraine,9861,21,Frontal Med Orb L,0.5110252636688746,0.5332487894409662,0.5168942232872537,167,41,167
Migraine,migraine,9861,22,Frontal Med Orb R,0.5373894784666385,0.5347563891748407,0.5329837515071966,167,41,167
Migraine,migraine,9861,23,Rectus L,0.49830726452286583,0.49950878720863845,0.5067787206981053,167,41,167
Migraine,migraine,9861,24,Rectus R,0.5345437321066693,0.5246793199434652,0.527387520697524,167,41,167
Migraine,migraine,9861,25,OFCmed L,0.5194408587253756,0.5172118439490045,0.5075572587092839,167,41,167
Migraine,migraine,9861,26,OFCmed R,0.5226372617327509,0.5070618235868859,0.5105110583605917,167,41,167
Migraine,migraine,9861,27,OFCant L,0.5510731954994477,0.53716254299679,0.5540615850857165,167,41,167
Migraine,migraine,9861,28,OFCant R,0.5096335202617984,0.506262931760927,0.5173238336252853,167,41,167
Migraine,migraine,9861,29,OFCpost L,0.5105557980579164,0.5583010286943679,0.5282513930662055,167,41,167
Migraine,migraine,9861,30,OFCpost R,0.5233733797109378,0.5147477293274171,0.513388254915502,167,41,167
Migraine,migraine,9861,31,OFClat L,,,,0,0,0
Migraine,migraine,9861,32,OFClat R,0.5289088329116916,0.5671687825647381,0.5424695450588408,167,41,167
Migraine,migraine,9861,33,Insula L,0.5095919521701774,0.5210087897395973,0.5137383959413159,167,41,167
Migraine,migraine,9861,34,Insula R,0.5071933034056636,0.49139561074298027,0.49764246908116744,167,41,167
Migraine,migraine,9861,37,Cingulate Mid L,0.48268846461556447,0.5018176636387431,0.486808559734952,167,41,167
Migraine,migraine,9861,38,Cingulate Mid R,0.499116456925195,0.4890063901802857,0.49387554560115593,167,41,167
Migraine,migraine,9861,39,Cingulate Post L,0.5248002703795489,0.5272419349200059,0.5156651662729062,167,41,167
Migraine,migraine,9861,41,Hippocampus L,0.49537731593007667,0.5077889231595313,0.5008975982357708,167,41,167
Migraine,migraine,9861,42,Hippocampus R,0.49266480790235545,0.48935007216230814,0.4898854311658862,167,41,167
Migraine,migraine,9861,43,ParaHippocampal L,0.49369929817299607,0.5111071127752211,0.5090438841558386,167,41,167
Migraine,migraine,9861,44,ParaHippocampal R,0.5196755428753715,0.5331376614057287,0.5241894058736444,167,41,167
Migraine,migraine,9861,45,Amygdala L,0.49313634398679146,0.47390099093382243,0.4966372203452592,167,41,167
Migraine,migraine,9861,46,Amygdala R,0.42536329882398966,0.3690936491383952,0.4157743209876311,167,41,167
Migraine,migraine,9861,47,Calcarine L,0.5182597242821738,0.5807063200262726,0.5489145935879747,167,41,167
Migraine,migraine,9861,48,Calcarine R,0.48836991292130766,0.5399677306633425,0.5214004545351174,167,41,167
Migraine,migraine,9861,49,Cuneus L,,,,0,0,0
Migraine,migraine,9861,51,Lingual L,0.507628157079566,0.5966208094260624,0.5430931728619109,167,41,167
Migraine,migraine,9861,52,Lingual R,0.5047663128318844,0.5719318894664314,0.5300108145726192,167,41,167
Migraine,migraine,9861,53,Occipital Sup L,,,,0,0,0
Migraine,migraine,9861,55,Occipital Mid L,0.5280649904912663,0.5326173201834267,0.5392489837849603,167,41,167
Migraine,migraine,9861,56,Occipital Mid R,0.5405634806788635,0.5633577137398526,0.5562114033969539,167,41,167
Migraine,migraine,9861,57,Occipital Inf L,0.5082324459510704,0.48158860248397695,0.5056407690977476,167,41,167
Migraine,migraine,9861,58,Occipital Inf R,0.5064726625850382,0.5304924535346358,0.5184420831263428,167,41,167
Migraine,migraine,9861,59,Fusiform L,0.48341181808151074,0.4745802746243374,0.4826113008706025,167,41,167
Migraine,migraine,9861,60,Fusiform R,0.4950234128410463,0.4715412980517674,0.4850710182222869,167,41,167
Migraine,migraine,9861,61,Postcentral L,0.5055991067476283,0.5311863549365577,0.5104937131305955,167,41,167
Migraine,migraine,9861,62,Postcentral R,0.5155522146149567,0.5101384685062855,0.5109276374206414,167,41,167
Migraine,migraine,9861,63,Parietal Sup L,0.5339218724861979,0.5471522042853807,0.5436886856687102,167,41,167
Migraine,migraine,9861,64,Parietal Sup R,0.4715649819928648,0.44095720691685303,0.4644632082667366,167,41,167
Migraine,migraine,9861,65,Parietal Inf L,0.49866374610449465,0.4822582103767905,0.4906827892069218,167,41,167
Migraine,migraine,9861,66,Parietal Inf R,0.5389437584681469,0.562629733719104,0.5508721099300224,167,41,167
Migraine,migraine,9861,67,SupraMarginal L,0.4481983772023145,0.4468749092592162,0.4555176837928918,167,41,167
Migraine,migraine,9861,68,SupraMarginal R,0.5098149459632305,0.49034890333177794,0.5011493871406787,167,41,167
Migraine,migraine,9861,69,Angular L,0.5140615367398151,0.5136926154827807,0.519726166774698,167,41,167
Migraine,migraine,9861,70,Angular R,0.47780488764868456,0.4560063714085155,0.473493059584656,167,41,167
Migraine,migraine,9861,71,Precuneus L,0.5208171225778728,0.5161909517337737,0.516401334031186,167,41,167
Migraine,migraine,9861,72,Precuneus R,0.4856429459723674,0.4702461009897705,0.48098149649876787,167,41,167
Migraine,migraine,9861,73,Paracentral Lobule L,0.5066363759699067,0.48905338908933643,0.49353260476522864,167,41,167
Migraine,migraine,9861,74,Paracentral Lobule R,0.4749592204470519,0.4682782229524838,0.4609803171725293,167,41,167
Migraine,migraine,9861,75,Caudate L,0.5400057851578169,0.5394984857207539,0.5401227733838727,167,41,167
Migraine,migraine,9861,76,Caudate R,0.5361190325444457,0.5289104549693902,0.5367627763783279,167,41,167
Migraine,migraine,9861,77,Putamen L,0.5034432727312519,0.49310381823102295,0.5041077115743607,167,41,167
Migraine,migraine,9861,78,Putamen R,0.4955597571009558,0.4785354573963868,0.4910174481992519,167,41,167
Migraine,migraine,9861,79,Pallidum L,0.5313902541652273,0.5282072503632049,0.5321795446683175,167,41,167
Migraine,migraine,9861,80,Pallidum R,0.5552396513357042,0.5436532859448636,0.5485696616777116,167,41,167
Migraine,migraine,9861,83,Heschl L,0.5109832824214493,0.5524395363141779,0.528628791415333,167,41,167
Migraine,migraine,9861,84,Heschl R,0.5007272230304656,0.5369364953141575,0.5213354722129367,167,41,167
Migraine,migraine,9861,85,Temporal Sup L,0.5135550635374508,0.5153057821284741,0.5129381391174795,167,41,167
Migraine,migraine,9861,86,Temporal Sup R,0.474996790750921,0.4643700590039131,0.46979314578442677,167,41,167
Migraine,migraine,9861,87,Temporal Pole Sup L,0.5176165395782356,0.47875484478877234,0.5019105671677105,167,41,167
Migraine,migraine,9861,88,Temporal Pole Sup R,0.49995345656944834,0.5000509853779536,0.5019628046600038,167,41,167
Migraine,migraine,9861,89,Temporal Mid L,0.5102374220045703,0.5025952489273663,0.5062493350992326,167,41,167
Migraine,migraine,9861,90,Temporal Mid R,0.5100258748917261,0.47704889894375957,0.4979409118715092,167,41,167
Migraine,migraine,9861,91,Temporal Pole Mid L,,,,0,0,0
Migraine,migraine,9861,93,Temporal Inf L,0.5063189788591985,0.49118790486764485,0.501707106988911,167,41,167
Migraine,migraine,9861,94,Temporal Inf R,0.5101299460641593,0.49422094634709496,0.5041415423859958,167,41,167
Migraine,migraine,9861,95,Cerebellum Crus1 L,0.4665527868743367,0.4649247665828597,0.47623650705013226,167,41,167
Migraine,migraine,9861,96,Cerebellum Crus1 R,0.5593377540735482,0.5662863842939986,0.5596663108592603,167,41,167
Migraine,migraine,9861,97,Cerebellum Crus2 L,0.5133355265732888,0.4945195226561,0.5124870593573594,167,41,167
Migraine,migraine,9861,98,Cerebellum Crus2 R,0.5501974602094142,0.5350546529699914,0.5421933310149373,167,41,167
Migraine,migraine,9861,101,Cerebellum 4 5 L,0.5332237675110668,0.5391286908299198,0.5482665291632778,167,41,167
Migraine,migraine,9861,102,Cerebellum 4 5 R,0.5476962132883971,0.5954002099707301,0.573705128487235,167,41,167
Migraine,migraine,9861,103,Cerebellum 6 L,0.5582064898143755,0.6193650473575191,0.5774406281030569,167,41,167
Migraine,migraine,9861,104,Cerebellum 6 R,0.4533117686828337,0.45947440872626466,0.46517683384728986,167,41,167
Migraine,migraine,9861,105,Cerebellum 7b L,0.5169093645105731,0.4800035199407403,0.50875542311082,167,41,167
Migraine,migraine,9861,106,Cerebellum 7b R,0.5387452523086443,0.5748016165122064,0.5549499999756895,167,41,167
Migraine,migraine,9861,107,Cerebellum 8 L,0.5429705966247245,0.5508948377946118,0.5493935236414534,167,41,167
Migraine,migraine,9861,108,Cerebellum 8 R,0.5602713644668835,0.5885067598623939,0.570353616400946,167,41,167
Migraine,migraine,9861,109,Cerebellum 9 L,0.46415186946382875,0.4169991580036822,0.461073881342203,167,41,167
Migraine,migraine,9861,110,Cerebellum 9 R,0.4932113902405556,0.5005365222264387,0.5047692050830943,167,41,167
Migraine,migraine,9861,111,Cerebellum 10 L,,,,0,0,0
Migraine,migraine,9861,118,Vermis 8,0.4958201800465139,0.5332314869836162,0.5095286770831947,167,41,167
Migraine,migraine,9861,119,Vermis 9,0.47550061966418133,0.5077789973197412,0.4787605815190549,167,41,167
Migraine,migraine,9861,121,Thal AV L,0.5536599664728927,0.545370159549467,0.5538471422535668,167,41,167
Migraine,migraine,9861,122,Thal AV R,0.48824239221761584,0.5332594926931322,0.503369270361609,167,41,167
Migraine,migraine,9861,125,Thal VA L,0.5551540914575407,0.5411995120054109,0.5417198073929043,167,41,167
Migraine,migraine,9861,127,Thal VL L,0.5146037936693585,0.5233379428194139,0.5240073018863569,167,41,167
Migraine,migraine,9861,128,Thal VL R,0.5188433957941443,0.5002944697456856,0.5152094880566798,167,41,167
Migraine,migraine,9861,129,Thal VPL L,0.5095725364177667,0.5306533278657929,0.5110800020101969,167,41,167
Migraine,migraine,9861,130,Thal VPL R,0.5332645111912343,0.556816408474173,0.540373770801851,167,41,167
Migraine,migraine,9861,131,Thal IL L,0.5372592805874208,0.5511892027942157,0.5406358067634482,167,41,167
Migraine,migraine,9861,135,Thal MDm L,0.39032685609143275,0.4280634501628832,0.4103553839827267,167,41,167
Migraine,migraine,9861,136,Thal MDm R,0.5007753990493058,0.4751113637676818,0.4971736959881928,167,41,167
Migraine,migraine,9861,137,Thal MDl L,0.5172425841082948,0.5498926765040947,0.5193730251302269,167,41,167
Migraine,migraine,9861,139,Thal LGN L,0.4947811876738344,0.5335262267376475,0.506187147495101,167,41,167
Migraine,migraine,9861,140,Thal LGN R,0.5320981563294689,0.5301689528123283,0.5375741504252616,167,41,167
Migraine,migraine,9861,141,Thal MGN L,0.5568987917508951,0.560438797551185,0.5589091408596141,167,41,167
Migraine,migraine,9861,143,Thal PuI L,0.5814083658818794,0.6295220903119944,0.5915083755804221,167,41,167
Migraine,migraine,9861,144,Thal PuI R,0.5706524773974028,0.6251882887378065,0.5912412550641793,167,41,167
Migraine,migraine,9861,145,Thal PuM L,0.5688557875308536,0.6188652022736523,0.581984334259063,167,41,167
Migraine,migraine,9861,146,Thal PuM R,0.5134315026296681,0.5314818260236489,0.5178267903305198,167,41,167
Migraine,migraine,9861,147,Thal PuA L,0.5494308785275379,0.5875637744096383,0.5649362855261636,167,41,167
Migraine,migraine,9861,148,Thal PuA R,0.5009785218959588,0.5243643623108848,0.507963528487578,167,41,167
Migraine,migraine,9861,153,ACC pre L,,,,0,0,0
Migraine,migraine,9861,154,ACC pre R,0.5215950990665923,0.5455978214947629,0.5245022701460825,167,41,167
Migraine,migraine,9861,155,ACC sup L,0.5243313778161367,0.5222384152456725,0.5191820262522222,167,41,167
Migraine,migraine,9861,156,ACC sup R,0.5303945233904945,0.5347072566848963,0.5296693190204147,167,41,167
Migraine,migraine,9861,157,N Acc L,0.5433580130683018,0.5068240890888508,0.5356377288873746,167,41,167
Migraine,migraine,9861,158,N Acc R,0.5663344722745282,0.5253883760667308,0.5513482277914509,167,41,167
Migraine,migraine,9861,161,SN pc L,,,,0,0,0
Migraine,migraine,9861,163,SN pr L,,,,0,0,0
Migraine,migraine,9861,164,SN pr R,0.519173690110153,0.45970183650367075,0.5022714374363606,167,41,167
Migraine,migraine,9861,165,Red N L,0.4820704818257072,0.4799382685577915,0.4848922725602516,167,41,167
Migraine,migraine,9861,166,Red N R,0.5394508041703179,0.5659084273020383,0.5549880970935569,167,41,167
Migraine,migraine,9861,167,LC L,0.5115976719767823,0.5107940439295925,0.5060850689400385,167,41,167
Migraine,migraine,9861,168,LC R,0.49187927494713024,0.43807010364109145,0.4759971513240623,167,41,167
Migraine,migraine,9861,169,Raphe D,0.46067480206309147,0.45485683693331846,0.4594766597793539,167,41,167
Migraine,migraine,9861,170,Raphe M,0.5001336527223195,0.4617628897152179,0.4959228906942164,167,41,167
Multiple sclerosis,multiple_sclerosis,10021,1,Precentral L,0.5316551769551495,0.5392008044332333,0.5272910072739013,217,55,217
Multiple sclerosis,multiple_sclerosis,10021,2,Precentral R,0.5007250128686416,0.49824475853703787,0.4881749459569957,217,55,217
Multiple sclerosis,multiple_sclerosis,10021,3,Frontal Sup 2 L,0.5066478888747019,0.4926765432700172,0.49903551834903215,217,55,217
Multiple sclerosis,multiple_sclerosis,10021,4,Frontal Sup 2 R,0.5188943194145313,0.49655011016803086,0.5087228693020112,217,55,217
Multiple sclerosis,multiple_sclerosis,10021,5,Frontal Mid 2 L,0.5289479419183392,0.5227038567141431,0.5271519465239655,217,55,217
Multiple sclerosis,multiple_sclerosis,10021,6,Frontal Mid 2 R,0.5053795227295417,0.4888338508429324,0.4966499529531418,217,55,217
Multiple sclerosis,multiple_sclerosis,10021,7,Frontal Inf Oper L,,,,0,0,0
Multiple sclerosis,multiple_sclerosis,10021,8,Frontal Inf Oper R,0.4993905330423907,0.5023920943332064,0.49345316571134074,217,55,217
Multiple sclerosis,multiple_sclerosis,10021,9,Frontal Inf Tri L,0.5139441815417228,0.50469060463641,0.501707230598569,217,55,217
Multiple sclerosis,multiple_sclerosis,10021,10,Frontal Inf Tri R,0.517924015355726,0.5112344167884881,0.508483534204415,217,55,217
Multiple sclerosis,multiple_sclerosis,10021,11,Frontal Inf Orb 2 L,0.513089923503299,0.5047351251135967,0.5063888187267133,217,55,217
Multiple sclerosis,multiple_sclerosis,10021,12,Frontal Inf Orb 2 R,0.5020833636630312,0.4983666271662004,0.5004058410509739,217,55,217
Multiple sclerosis,multiple_sclerosis,10021,13,Rolandic Oper L,0.5297331528658027,0.5360794292077007,0.5343158204386732,217,55,217
Multiple sclerosis,multiple_sclerosis,10021,14,Rolandic Oper R,0.5154525670061711,0.5113058223857161,0.515635435829252,217,55,217
Multiple sclerosis,multiple_sclerosis,10021,15,Supp Motor Area L,0.43466406413615366,0.4547890754613625,0.44656912230752294,217,55,217
Multiple sclerosis,multiple_sclerosis,10021,16,Supp Motor Area R,0.5240467674523177,0.5173434895021848,0.5113248712314981,217,55,217
Multiple sclerosis,multiple_sclerosis,10021,17,Olfactory L,0.49180429664980324,0.48277511966105313,0.4972509327739146,217,55,217
Multiple sclerosis,multiple_sclerosis,10021,18,Olfactory R,0.49350070746981844,0.5146290490910064,0.5073631770643102,217,55,217
Multiple sclerosis,multiple_sclerosis,10021,19,Frontal Sup Medial L,0.5295899657306509,0.5211872702240481,0.5313044212763307,217,55,217
Multiple sclerosis,multiple_sclerosis,10021,20,Frontal Sup Medial R,0.5121253216650833,0.49844619299662624,0.5087573826124895,217,55,217
Multiple sclerosis,multiple_sclerosis,10021,21,Frontal Med Orb L,0.5452668575575919,0.5321113367166586,0.5400944740518266,217,55,217
Multiple sclerosis,multiple_sclerosis,10021,22,Frontal Med Orb R,0.5411077699875781,0.5368625498109503,0.543467607158232,217,55,217
Multiple sclerosis,multiple_sclerosis,10021,23,Rectus L,0.5074363051424439,0.5061372083899841,0.50829261839836,217,55,217
Multiple sclerosis,multiple_sclerosis,10021,24,Rectus R,0.5190154062445824,0.5297786518863191,0.529985486991733,217,55,217
Multiple sclerosis,multiple_sclerosis,10021,25,OFCmed L,0.5011997969241252,0.482856021206473,0.49949913165456394,217,55,217
Multiple sclerosis,multiple_sclerosis,10021,26,OFCmed R,0.5188675179830571,0.5122172650776291,0.511955814006106,217,55,217
Multiple sclerosis,multiple_sclerosis,10021,27,OFCant L,0.49175811971862443,0.4920876988208947,0.4954130035900398,217,55,217
Multiple sclerosis,multiple_sclerosis,10021,28,OFCant R,0.514762786473112,0.5036428395720353,0.5081660162469932,217,55,217
Multiple sclerosis,multiple_sclerosis,10021,29,OFCpost L,0.4505740036127311,0.48767969934928695,0.4742220190448129,217,55,217
Multiple sclerosis,multiple_sclerosis,10021,30,OFCpost R,0.499171612202888,0.49770788977415376,0.5070908953030516,217,55,217
Multiple sclerosis,multiple_sclerosis,10021,31,OFClat L,,,,0,0,0
Multiple sclerosis,multiple_sclerosis,10021,32,OFClat R,0.5523730211632274,0.5383338339596846,0.5407300674353674,217,55,217
Multiple sclerosis,multiple_sclerosis,10021,33,Insula L,0.5372831262553192,0.5395067254182195,0.5408418191062325,217,55,217
Multiple sclerosis,multiple_sclerosis,10021,34,Insula R,0.49383368927612453,0.5042474671542365,0.5033773774995423,217,55,217
Multiple sclerosis,multiple_sclerosis,10021,37,Cingulate Mid L,0.501427643212143,0.5049526333339216,0.5052916382957969,217,55,217
Multiple sclerosis,multiple_sclerosis,10021,38,Cingulate Mid R,0.4938512310271649,0.5043442952596479,0.5013007641771735,217,55,217
Multiple sclerosis,multiple_sclerosis,10021,39,Cingulate Post L,0.4943809184924704,0.48462704993328254,0.4836867954309226,217,55,217
Multiple sclerosis,multiple_sclerosis,10021,41,Hippocampus L,0.5074784951218105,0.4970765068387511,0.5096037425303066,217,55,217
Multiple sclerosis,multiple_sclerosis,10021,42,Hippocampus R,0.5100794599936841,0.5091860869762946,0.5091668287550377,217,55,217
Multiple sclerosis,multiple_sclerosis,10021,43,ParaHippocampal L,0.5099259595609739,0.5439390929135456,0.5455010872087944,217,55,217
Multiple sclerosis,multiple_sclerosis,10021,44,ParaHippocampal R,0.5086250659726709,0.536833760791841,0.5318836201154142,217,55,217
Multiple sclerosis,multiple_sclerosis,10021,45,Amygdala L,0.513574848302805,0.5290170682165656,0.5207428097366963,217,55,217
Multiple sclerosis,multiple_sclerosis,10021,46,Amygdala R,0.4838817829063609,0.46897913578782446,0.47916754467372824,217,55,217
Multiple sclerosis,multiple_sclerosis,10021,47,Calcarine L,0.5161353561826207,0.49567532932944486,0.5031999343200461,217,55,217
Multiple sclerosis,multiple_sclerosis,10021,48,Calcarine R,0.5223335931698616,0.5171002643992562,0.5145583348956361,217,55,217
Multiple sclerosis,multiple_sclerosis,10021,49,Cuneus L,0.514940897590085,0.4965246851609326,0.4974874446903442,217,55,217
Multiple sclerosis,multiple_sclerosis,10021,51,Lingual L,0.517664627247338,0.510444887385339,0.5142624080617624,217,55,217
Multiple sclerosis,multiple_sclerosis,10021,52,Lingual R,0.50633871007439,0.5024637968128921,0.5036188592888587,217,55,217
Multiple sclerosis,multiple_sclerosis,10021,53,Occipital Sup L,0.521216475257983,0.5010867961044799,0.5005195939658318,217,55,217
Multiple sclerosis,multiple_sclerosis,10021,55,Occipital Mid L,0.48055911612602076,0.4660069699127262,0.4660164470459215,217,55,217
Multiple sclerosis,multiple_sclerosis,10021,56,Occipital Mid R,0.4979155135114714,0.5008063887014441,0.49846528195114503,217,55,217
Multiple sclerosis,multiple_sclerosis,10021,57,Occipital Inf L,0.5402383273930589,0.5288473318722912,0.5299928646962082,217,55,217
Multiple sclerosis,multiple_sclerosis,10021,58,Occipital Inf R,0.49896594393972654,0.5080538134242849,0.501526978706819,217,55,217
Multiple sclerosis,multiple_sclerosis,10021,59,Fusiform L,0.5080340627746535,0.524672174223381,0.5272751337491001,217,55,217
Multiple sclerosis,multiple_sclerosis,10021,60,Fusiform R,0.48126053780772243,0.4853552733338679,0.4909850902111688,217,55,217
Multiple sclerosis,multiple_sclerosis,10021,61,Postcentral L,0.5157264926225734,0.5152958123091506,0.5067169197708772,217,55,217
Multiple sclerosis,multiple_sclerosis,10021,62,Postcentral R,0.5010064069178481,0.5011586176841304,0.4938964339884085,217,55,217
Multiple sclerosis,multiple_sclerosis,10021,63,Parietal Sup L,0.5189291172313356,0.501394059622988,0.5061828322220117,217,55,217
Multiple sclerosis,multiple_sclerosis,10021,64,Parietal Sup R,0.4521103921882297,0.4411071698222926,0.4344462052839674,217,55,217
Multiple sclerosis,multiple_sclerosis,10021,65,Parietal Inf L,0.5323186405110945,0.5283488105671021,0.5263208364255996,217,55,217
Multiple sclerosis,multiple_sclerosis,10021,66,Parietal Inf R,0.48255670011546403,0.4724068688708483,0.475089566631542,217,55,217
Multiple sclerosis,multiple_sclerosis,10021,67,SupraMarginal L,0.4841916481788334,0.5013684370888417,0.4904437338563087,217,55,217
Multiple sclerosis,multiple_sclerosis,10021,68,SupraMarginal R,0.4542023651516095,0.4554469214211134,0.456845721912388,217,55,217
Multiple sclerosis,multiple_sclerosis,10021,69,Angular L,0.5138848239654878,0.5128870811335272,0.5136657960951517,217,55,217
Multiple sclerosis,multiple_sclerosis,10021,70,Angular R,0.5034914789423103,0.5143902174069251,0.5108371947815381,217,55,217
Multiple sclerosis,multiple_sclerosis,10021,71,Precuneus L,0.48951057742015003,0.4801663390494562,0.4817582678310502,217,55,217
Multiple sclerosis,multiple_sclerosis,10021,72,Precuneus R,0.48976262179155255,0.4976488547069518,0.491147894089773,217,55,217
Multiple sclerosis,multiple_sclerosis,10021,73,Paracentral Lobule L,0.521327201059723,0.5163515082233299,0.5088786414629055,217,55,217
Multiple sclerosis,multiple_sclerosis,10021,74,Paracentral Lobule R,0.5428792197730563,0.5395200481865137,0.5295842204718787,217,55,217
Multiple sclerosis,multiple_sclerosis,10021,75,Caudate L,0.48665510132169804,0.48558622569933274,0.48393847413524516,217,55,217
Multiple sclerosis,multiple_sclerosis,10021,76,Caudate R,0.47604609248997076,0.47176205177684727,0.47069630126766254,217,55,217
Multiple sclerosis,multiple_sclerosis,10021,77,Putamen L,0.48064789814316417,0.47053992613748197,0.4763944516848384,217,55,217
Multiple sclerosis,multiple_sclerosis,10021,78,Putamen R,0.5027287895971442,0.4829829550257588,0.4944391060767223,217,55,217
Multiple sclerosis,multiple_sclerosis,10021,79,Pallidum L,0.5095393145562711,0.49832851365277436,0.5060347296831698,217,55,217
Multiple sclerosis,multiple_sclerosis,10021,80,Pallidum R,0.5193416223545367,0.49766594086824995,0.5100318317217272,217,55,217
Multiple sclerosis,multiple_sclerosis,10021,83,Heschl L,0.517382219668928,0.529694506353605,0.5205007588273722,217,55,217
Multiple sclerosis,multiple_sclerosis,10021,84,Heschl R,0.5344971382424346,0.5425168403176381,0.5369660174901583,217,55,217
Multiple sclerosis,multiple_sclerosis,10021,85,Temporal Sup L,0.4971812721785222,0.5119199263615303,0.5040656379931304,217,55,217
Multiple sclerosis,multiple_sclerosis,10021,86,Temporal Sup R,0.5132609802738893,0.5126671436912317,0.5116086145357083,217,55,217
Multiple sclerosis,multiple_sclerosis,10021,87,Temporal Pole Sup L,0.4693744334524908,0.5086583055850075,0.49945049884608084,217,55,217
Multiple sclerosis,multiple_sclerosis,10021,88,Temporal Pole Sup R,0.5365485987710296,0.5188822580654644,0.5434052671682464,217,55,217
Multiple sclerosis,multiple_sclerosis,10021,89,Temporal Mid L,0.4895124455363827,0.4929310798946049,0.4933702026745099,217,55,217
Multiple sclerosis,multiple_sclerosis,10021,90,Temporal Mid R,0.48809203753286207,0.4917645313852114,0.493715785007733,217,55,217
Multiple sclerosis,multiple_sclerosis,10021,91,Temporal Pole Mid L,,,,0,0,0
Multiple sclerosis,multiple_sclerosis,10021,93,Temporal Inf L,0.470673828905336,0.4862760606779402,0.48387459553021467,217,55,217
Multiple sclerosis,multiple_sclerosis,10021,94,Temporal Inf R,0.4827847221043486,0.48322732159910897,0.4890742906774878,217,55,217
Multiple sclerosis,multiple_sclerosis,10021,95,Cerebellum Crus1 L,0.47516029316496083,0.4516765322639981,0.46071507739217815,217,55,217
Multiple sclerosis,multiple_sclerosis,10021,96,Cerebellum Crus1 R,0.49081878956516983,0.48600983856800667,0.4847277595171516,217,55,217
Multiple sclerosis,multiple_sclerosis,10021,97,Cerebellum Crus2 L,0.46931859942427756,0.4455421028055774,0.45603015461484425,217,55,217
Multiple sclerosis,multiple_sclerosis,10021,98,Cerebellum Crus2 R,0.49347796964442175,0.47343891633780466,0.48427656047104195,217,55,217
Multiple sclerosis,multiple_sclerosis,10021,101,Cerebellum 4 5 L,0.5841110573227674,0.581218722677969,0.5819303600999569,217,55,217
Multiple sclerosis,multiple_sclerosis,10021,102,Cerebellum 4 5 R,0.5058429810833994,0.5167064039826526,0.5082746941030762,217,55,217
Multiple sclerosis,multiple_sclerosis,10021,103,Cerebellum 6 L,0.5155867220618883,0.505276223788159,0.5083949315356813,217,55,217
Multiple sclerosis,multiple_sclerosis,10021,104,Cerebellum 6 R,0.5077271384483861,0.49954313708609227,0.504459926072392,217,55,217
Multiple sclerosis,multiple_sclerosis,10021,105,Cerebellum 7b L,0.5130638777341463,0.5083838103313484,0.507782092462004,217,55,217
Multiple sclerosis,multiple_sclerosis,10021,106,Cerebellum 7b R,0.44997019063430904,0.4366402377848885,0.44419205929334865,217,55,217
Multiple sclerosis,multiple_sclerosis,10021,107,Cerebellum 8 L,0.4987364698075764,0.4881527970710834,0.4968671489965068,217,55,217
Multiple sclerosis,multiple_sclerosis,10021,108,Cerebellum 8 R,0.49182087505383854,0.48989981638105945,0.49235141374393926,217,55,217
Multiple sclerosis,multiple_sclerosis,10021,109,Cerebellum 9 L,0.46828621187898756,0.47112442225319573,0.4740692723666268,217,55,217
Multiple sclerosis,multiple_sclerosis,10021,110,Cerebellum 9 R,0.4865107095985411,0.4730384000704176,0.4906203667445263,217,55,217
Multiple sclerosis,multiple_sclerosis,10021,111,Cerebellum 10 L,,,,0,0,0
Multiple sclerosis,multiple_sclerosis,10021,118,Vermis 8,0.6037968178301886,0.628942548342271,0.6313801981810123,217,55,217
Multiple sclerosis,multiple_sclerosis,10021,119,Vermis 9,0.560077273305282,0.6094572721207857,0.6022000643574225,217,55,217
Multiple sclerosis,multiple_sclerosis,10021,121,Thal AV L,,,,0,0,0
Multiple sclerosis,multiple_sclerosis,10021,122,Thal AV R,0.5622389340279735,0.552646349429655,0.5583793097509985,217,55,217
Multiple sclerosis,multiple_sclerosis,10021,125,Thal VA L,0.5842883568343592,0.6331004305425054,0.5960880682394905,217,55,217
Multiple sclerosis,multiple_sclerosis,10021,127,Thal VL L,0.5300803895990619,0.530842533948842,0.5316374055544316,217,55,217
Multiple sclerosis,multiple_sclerosis,10021,128,Thal VL R,0.5185804906514473,0.5419867059722534,0.5247509365862707,217,55,217
Multiple sclerosis,multiple_sclerosis,10021,129,Thal VPL L,0.5201745604634601,0.5071064282187864,0.5202844237131085,217,55,217
Multiple sclerosis,multiple_sclerosis,10021,130,Thal VPL R,0.5034861765048605,0.4928715503678964,0.48360760081763643,217,55,217
Multiple sclerosis,multiple_sclerosis,10021,131,Thal IL L,0.6186774586804151,0.6189936929358437,0.6098115807744735,217,55,217
Multiple sclerosis,multiple_sclerosis,10021,135,Thal MDm L,0.5203773786554136,0.5350004354808184,0.5228714224915433,217,55,217
Multiple sclerosis,multiple_sclerosis,10021,136,Thal MDm R,0.5452741999453906,0.5716799662847575,0.5552129786713849,217,55,217
Multiple sclerosis,multiple_sclerosis,10021,137,Thal MDl L,,,,0,0,0
Multiple sclerosis,multiple_sclerosis,10021,139,Thal LGN L,0.5130162903636601,0.5339816933517627,0.5278989554241252,217,55,217
Multiple sclerosis,multiple_sclerosis,10021,140,Thal LGN R,0.5464465288408887,0.5544725889894694,0.5540495393852889,217,55,217
Multiple sclerosis,multiple_sclerosis,10021,141,Thal MGN L,,,,0,0,0
Multiple sclerosis,multiple_sclerosis,10021,143,Thal PuI L,,,,0,0,0
Multiple sclerosis,multiple_sclerosis,10021,144,Thal PuI R,0.4863342597820701,0.49392034002117047,0.47395615190946583,217,55,217
Multiple sclerosis,multiple_sclerosis,10021,145,Thal PuM L,0.500308791196331,0.5133995296312416,0.4943277212047943,217,55,217
Multiple sclerosis,multiple_sclerosis,10021,146,Thal PuM R,0.49567430385311495,0.5165487442095091,0.4946106691411442,217,55,217
Multiple sclerosis,multiple_sclerosis,10021,147,Thal PuA L,,,,0,0,0
Multiple sclerosis,multiple_sclerosis,10021,148,Thal PuA R,0.5557794026223535,0.5587182583354737,0.5492667641227853,217,55,217
Multiple sclerosis,multiple_sclerosis,10021,153,ACC pre L,0.39859545619735653,0.3844160271752246,0.39950836896894976,217,55,217
Multiple sclerosis,multiple_sclerosis,10021,154,ACC pre R,0.5182962355712546,0.5064338572934347,0.5220889701674997,217,55,217
Multiple sclerosis,multiple_sclerosis,10021,155,ACC sup L,0.500855220677807,0.4740223118682371,0.4919523543475779,217,55,217
Multiple sclerosis,multiple_sclerosis,10021,156,ACC sup R,0.5243576293962671,0.5339158556437037,0.5286788101943527,217,55,217
Multiple sclerosis,multiple_sclerosis,10021,157,N Acc L,,,,0,0,0
Multiple sclerosis,multiple_sclerosis,10021,158,N Acc R,0.47130429527113976,0.4632770478548613,0.46523005132575457,217,55,217
Multiple sclerosis,multiple_sclerosis,10021,161,SN pc L,0.5569689879906895,0.5522259680812763,0.5575030518615043,217,55,217
Multiple sclerosis,multiple_sclerosis,10021,163,SN pr L,0.5268479808401365,0.5650065208922574,0.5474463733088638,217,55,217
Multiple sclerosis,multiple_sclerosis,10021,164,SN pr R,0.5320854784505815,0.5404967165653152,0.5360500475392556,217,55,217
Multiple sclerosis,multiple_sclerosis,10021,165,Red N L,0.5087441275237119,0.5281194963548868,0.5188668069963586,217,55,217
Multiple sclerosis,multiple_sclerosis,10021,166,Red N R,0.5477554394380533,0.568585198239643,0.5590000360939986,217,55,217
Multiple sclerosis,multiple_sclerosis,10021,167,LC L,0.47478681298980585,0.4659005944177172,0.47828310561749465,217,55,217
Multiple sclerosis,multiple_sclerosis,10021,168,LC R,0.4180685886263651,0.4172562124331719,0.4236768754542734,217,55,217
Multiple sclerosis,multiple_sclerosis,10021,169,Raphe D,0.5089765585164591,0.5276117443852046,0.5216398966919619,217,55,217
Multiple sclerosis,multiple_sclerosis,10021,170,Raphe M,0.4956505913392732,0.4813919136906368,0.49650350919899905,217,55,217
Multiple sclerosis,multiple_sclerosis,12876,1,Precentral L,0.5233313509829703,0.5213414752749679,0.5156473689350085,217,55,217
Multiple sclerosis,multiple_sclerosis,12876,2,Precentral R,,,,0,0,0
Multiple sclerosis,multiple_sclerosis,12876,3,Frontal Sup 2 L,0.5280360214327329,0.5320918409861983,0.5235949642855244,217,55,217
Multiple sclerosis,multiple_sclerosis,12876,4,Frontal Sup 2 R,,,,0,0,0
Multiple sclerosis,multiple_sclerosis,12876,5,Frontal Mid 2 L,0.5371724890028682,0.5326401124088177,0.5274856762447558,217,55,217
Multiple sclerosis,multiple_sclerosis,12876,6,Frontal Mid 2 R,,,,0,0,0
Multiple sclerosis,multiple_sclerosis,12876,7,Frontal Inf Oper L,,,,0,0,0
Multiple sclerosis,multiple_sclerosis,12876,8,Frontal Inf Oper R,,,,0,0,0
Multiple sclerosis,multiple_sclerosis,12876,9,Frontal Inf Tri L,0.5350629142238988,0.5327474218275475,0.5197165612958693,217,55,217
Multiple sclerosis,multiple_sclerosis,12876,10,Frontal Inf Tri R,,,,0,0,0
Multiple sclerosis,multiple_sclerosis,12876,11,Frontal Inf Orb 2 L,0.4833416233833714,0.4689817316091977,0.4683464758038662,217,55,217
Multiple sclerosis,multiple_sclerosis,12876,12,Frontal Inf Orb 2 R,,,,0,0,0
Multiple sclerosis,multiple_sclerosis,12876,13,Rolandic Oper L,0.5096461593181225,0.5080358517393776,0.511644722088933,217,55,217
Multiple sclerosis,multiple_sclerosis,12876,14,Rolandic Oper R,,,,0,0,0
Multiple sclerosis,multiple_sclerosis,12876,15,Supp Motor Area L,0.4912021317162735,0.49186047527142834,0.4890788661906044,217,55,217
Multiple sclerosis,multiple_sclerosis,12876,16,Supp Motor Area R,,,,0,0,0
Multiple sclerosis,multiple_sclerosis,12876,17,Olfactory L,0.42890163640464724,0.4371938128539796,0.4600045294564488,217,55,217
Multiple sclerosis,multiple_sclerosis,12876,18,Olfactory R,,,,0,0,0
Multiple sclerosis,multiple_sclerosis,12876,19,Frontal Sup Medial L,0.5223739092681384,0.5293298438437968,0.5209564418844934,217,55,217
Multiple sclerosis,multiple_sclerosis,12876,20,Frontal Sup Medial R,,,,0,0,0
Multiple sclerosis,multiple_sclerosis,12876,21,Frontal Med Orb L,0.5601601647199711,0.5821477390131977,0.5730387508185812,217,55,217
Multiple sclerosis,multiple_sclerosis,12876,22,Frontal Med Orb R,,,,0,0,0
Multiple sclerosis,multiple_sclerosis,12876,23,Rectus L,0.5343865202264074,0.5545127201144345,0.5465285063186823,217,55,217
Multiple sclerosis,multiple_sclerosis,12876,24,Rectus R,,,,0,0,0
Multiple sclerosis,multiple_sclerosis,12876,25,OFCmed L,0.5111399228358569,0.5094062776995413,0.5076984096375596,217,55,217
Multiple sclerosis,multiple_sclerosis,12876,26,OFCmed R,,,,0,0,0
Multiple sclerosis,multiple_sclerosis,12876,27,OFCant L,0.563465046998406,0.5775423264653796,0.5587606099723819,217,55,217
Multiple sclerosis,multiple_sclerosis,12876,28,OFCant R,,,,0,0,0
Multiple sclerosis,multiple_sclerosis,12876,29,OFCpost L,0.5391656835238696,0.5244320124937063,0.5377360072268578,217,55,217
Multiple sclerosis,multiple_sclerosis,12876,30,OFCpost R,,,,0,0,0
Multiple sclerosis,multiple_sclerosis,12876,31,OFClat L,0.47563551634413803,0.4784679962204292,0.47939647637436383,217,55,217
Multiple sclerosis,multiple_sclerosis,12876,32,OFClat R,,,,0,0,0
Multiple sclerosis,multiple_sclerosis,12876,33,Insula L,0.46703832955578606,0.46262057188447314,0.4614594977757334,217,55,217
Multiple sclerosis,multiple_sclerosis,12876,34,Insula R,,,,0,0,0
Multiple sclerosis,multiple_sclerosis,12876,37,Cingulate Mid L,0.5305738287327895,0.5349927605589426,0.5307769124902908,217,55,217
Multiple sclerosis,multiple_sclerosis,12876,38,Cingulate Mid R,,,,0,0,0
Multiple sclerosis,multiple_sclerosis,12876,39,Cingulate Post L,0.5034898165729612,0.5303685910188873,0.5197409457522028,217,55,217
Multiple sclerosis,multiple_sclerosis,12876,41,Hippocampus L,0.5002354992156636,0.4949156322881781,0.5000844289752009,217,55,217
Multiple sclerosis,multiple_sclerosis,12876,42,Hippocampus R,,,,0,0,0
Multiple sclerosis,multiple_sclerosis,12876,43,ParaHippocampal L,0.5026166332481056,0.5382575148737127,0.5301610959504507,217,55,217
Multiple sclerosis,multiple_sclerosis,12876,44,ParaHippocampal R,,,,0,0,0
Multiple sclerosis,multiple_sclerosis,12876,45,Amygdala L,,,,0,0,0
Multiple sclerosis,multiple_sclerosis,12876,46,Amygdala R,,,,0,0,0
Multiple sclerosis,multiple_sclerosis,12876,47,Calcarine L,0.4890157447769027,0.45965079356375577,0.47257338860898623,217,55,217
Multiple sclerosis,multiple_sclerosis,12876,48,Calcarine R,,,,0,0,0
Multiple sclerosis,multiple_sclerosis,12876,49,Cuneus L,0.4515480484971305,0.41751125302442205,0.4294859433260879,217,55,217
Multiple sclerosis,multiple_sclerosis,12876,51,Lingual L,0.48318682576241867,0.4571821254311943,0.4655974123367522,217,55,217
Multiple sclerosis,multiple_sclerosis,12876,52,Lingual R,,,,0,0,0
Multiple sclerosis,multiple_sclerosis,12876,53,Occipital Sup L,,,,0,0,0
Multiple sclerosis,multiple_sclerosis,12876,55,Occipital Mid L,0.5123598773607947,0.4974917615744503,0.506463334128307,217,55,217
Multiple sclerosis,multiple_sclerosis,12876,56,Occipital Mid R,,,,0,0,0
Multiple sclerosis,multiple_sclerosis,12876,57,Occipital Inf L,0.5086211336733498,0.5311788643699894,0.520312511006647,217,55,217
Multiple sclerosis,multiple_sclerosis,12876,58,Occipital Inf R,,,,0,0,0
Multiple sclerosis,multiple_sclerosis,12876,59,Fusiform L,0.460816761634442,0.48013911450615976,0.46995684651261277,217,55,217
Multiple sclerosis,multiple_sclerosis,12876,60,Fusiform R,,,,0,0,0
Multiple sclerosis,multiple_sclerosis,12876,61,Postcentral L,0.5274072776431565,0.5236954883007471,0.5147420727548693,217,55,217
Multiple sclerosis,multiple_sclerosis,12876,62,Postcentral R,,,,0,0,0
Multiple sclerosis,multiple_sclerosis,12876,63,Parietal Sup L,0.472862249347533,0.4780928343959391,0.47196772891160765,217,55,217
Multiple sclerosis,multiple_sclerosis,12876,64,Parietal Sup R,,,,0,0,0
Multiple sclerosis,multiple_sclerosis,12876,65,Parietal Inf L,0.5131571310871651,0.5140795217851121,0.5135543541686401,217,55,217
Multiple sclerosis,multiple_sclerosis,12876,66,Parietal Inf R,,,,0,0,0
Multiple sclerosis,multiple_sclerosis,12876,67,SupraMarginal L,0.5117168952871496,0.5046781135282137,0.5053021464093237,217,55,217
Multiple sclerosis,multiple_sclerosis,12876,68,SupraMarginal R,,,,0,0,0
Multiple sclerosis,multiple_sclerosis,12876,69,Angular L,0.5328027176664882,0.5605075939497862,0.5481149480990185,217,55,217
Multiple sclerosis,multiple_sclerosis,12876,70,Angular R,,,,0,0,0
Multiple sclerosis,multiple_sclerosis,12876,71,Precuneus L,0.5049004114185899,0.5099669502314168,0.5002011265672304,217,55,217
Multiple sclerosis,multiple_sclerosis,12876,72,Precuneus R,,,,0,0,0
Multiple sclerosis,multiple_sclerosis,12876,73,Paracentral Lobule L,0.4851543766102335,0.44876242271429745,0.4529837563897249,217,55,217
Multiple sclerosis,multiple_sclerosis,12876,74,Paracentral Lobule R,,,,0,0,0
Multiple sclerosis,multiple_sclerosis,12876,75,Caudate L,0.4903407192777077,0.4759773118083646,0.47962938102631286,217,55,217
Multiple sclerosis,multiple_sclerosis,12876,76,Caudate R,,,,0,0,0
Multiple sclerosis,multiple_sclerosis,12876,77,Putamen L,0.49851836950976675,0.49263930700266473,0.49348881867241134,217,55,217
Multiple sclerosis,multiple_sclerosis,12876,78,Putamen R,,,,0,0,0
Multiple sclerosis,multiple_sclerosis,12876,79,Pallidum L,0.5133352493347789,0.5088891875894386,0.5113897364703714,217,55,217
Multiple sclerosis,multiple_sclerosis,12876,80,Pallidum R,,,,0,0,0
Multiple sclerosis,multiple_sclerosis,12876,83,Heschl L,0.48712345344611707,0.4749462257747826,0.47251414989841795,217,55,217
Multiple sclerosis,multiple_sclerosis,12876,84,Heschl R,,,,0,0,0
Multiple sclerosis,multiple_sclerosis,12876,85,Temporal Sup L,0.4960135433991043,0.4883368964428327,0.48531868868425243,217,55,217
Multiple sclerosis,multiple_sclerosis,12876,86,Temporal Sup R,,,,0,0,0
Multiple sclerosis,multiple_sclerosis,12876,87,Temporal Pole Sup L,0.45525705086820684,0.4495799013021123,0.4580430736817088,217,55,217
Multiple sclerosis,multiple_sclerosis,12876,88,Temporal Pole Sup R,,,,0,0,0
Multiple sclerosis,multiple_sclerosis,12876,89,Temporal Mid L,0.4876951047477126,0.4862004482448085,0.48628414892110117,217,55,217
Multiple sclerosis,multiple_sclerosis,12876,90,Temporal Mid R,,,,0,0,0
Multiple sclerosis,multiple_sclerosis,12876,91,Temporal Pole Mid L,0.5206894634299033,0.5279558349814237,0.5336941016467432,217,55,217
Multiple sclerosis,multiple_sclerosis,12876,93,Temporal Inf L,0.4918015968549468,0.4934153187588201,0.49512770772728054,217,55,217
Multiple sclerosis,multiple_sclerosis,12876,94,Temporal Inf R,,,,0,0,0
Multiple sclerosis,multiple_sclerosis,12876,95,Cerebellum Crus1 L,0.49195656775817936,0.5018572064234952,0.48720916508880757,216,55,216
Multiple sclerosis,multiple_sclerosis,12876,96,Cerebellum Crus1 R,,,,0,0,0
Multiple sclerosis,multiple_sclerosis,12876,97,Cerebellum Crus2 L,0.4810082684937615,0.5025516401052809,0.4854726501057561,216,55,216
Multiple sclerosis,multiple_sclerosis,12876,98,Cerebellum Crus2 R,,,,0,0,0
Multiple sclerosis,multiple_sclerosis,12876,101,Cerebellum 4 5 L,0.5348632441759322,0.5483156921742863,0.5447528146243025,216,55,216
Multiple sclerosis,multiple_sclerosis,12876,102,Cerebellum 4 5 R,,,,0,0,0
Multiple sclerosis,multiple_sclerosis,12876,103,Cerebellum 6 L,0.5267794469580684,0.5443403962361447,0.5349108888731393,216,55,216
Multiple sclerosis,multiple_sclerosis,12876,104,Cerebellum 6 R,,,,0,0,0
Multiple sclerosis,multiple_sclerosis,12876,105,Cerebellum 7b L,0.4595414660222969,0.41855420692044926,0.4388221516055792,216,55,216
Multiple sclerosis,multiple_sclerosis,12876,106,Cerebellum 7b R,,,,0,0,0
Multiple sclerosis,multiple_sclerosis,12876,107,Cerebellum 8 L,0.44677489514481084,0.41724180817208745,0.4331303364274445,216,55,216
Multiple sclerosis,multiple_sclerosis,12876,108,Cerebellum 8 R,,,,0,0,0
Multiple sclerosis,multiple_sclerosis,12876,109,Cerebellum 9 L,0.4691023388753627,0.4535576434355655,0.4585401468789507,216,55,216
Multiple sclerosis,multiple_sclerosis,12876,110,Cerebellum 9 R,,,,0,0,0
Multiple sclerosis,multiple_sclerosis,12876,111,Cerebellum 10 L,0.43969330636634646,0.42432069771171277,0.42366306692343175,216,55,216
Multiple sclerosis,multiple_sclerosis,12876,118,Vermis 8,,,,0,0,0
Multiple sclerosis,multiple_sclerosis,12876,119,Vermis 9,,,,0,0,0
Multiple sclerosis,multiple_sclerosis,12876,121,Thal AV L,0.5361329421561729,0.5782289306406256,0.5552370716600025,217,55,217
Multiple sclerosis,multiple_sclerosis,12876,122,Thal AV R,,,,0,0,0
Multiple sclerosis,multiple_sclerosis,12876,125,Thal VA L,,,,0,0,0
Multiple sclerosis,multiple_sclerosis,12876,127,Thal VL L,0.5373913486647546,0.5486914995866418,0.5403531625788949,217,55,217
Multiple sclerosis,multiple_sclerosis,12876,128,Thal VL R,,,,0,0,0
Multiple sclerosis,multiple_sclerosis,12876,129,Thal VPL L,0.5173365322640391,0.5437336867142757,0.5146940922542291,217,55,217
Multiple sclerosis,multiple_sclerosis,12876,130,Thal VPL R,,,,0,0,0
Multiple sclerosis,multiple_sclerosis,12876,131,Thal IL L,0.5807514925101324,0.6133633984887723,0.5874258985986311,217,55,217
Multiple sclerosis,multiple_sclerosis,12876,135,Thal MDm L,0.44756104452840045,0.4767994582393362,0.46061613261237905,217,55,217
Multiple sclerosis,multiple_sclerosis,12876,136,Thal MDm R,,,,0,0,0
Multiple sclerosis,multiple_sclerosis,12876,137,Thal MDl L,,,,0,0,0
Multiple sclerosis,multiple_sclerosis,12876,139,Thal LGN L,0.561834857717166,0.5633303538056844,0.5367946418824339,217,55,217
Multiple sclerosis,multiple_sclerosis,12876,140,Thal LGN R,,,,0,0,0
Multiple sclerosis,multiple_sclerosis,12876,141,Thal MGN L,,,,0,0,0
Multiple sclerosis,multiple_sclerosis,12876,143,Thal PuI L,,,,0,0,0
Multiple sclerosis,multiple_sclerosis,12876,144,Thal PuI R,,,,0,0,0
Multiple sclerosis,multiple_sclerosis,12876,145,Thal PuM L,0.5134112116170297,0.5552342223875945,0.5339673708998252,217,55,217
Multiple sclerosis,multiple_sclerosis,12876,146,Thal PuM R,,,,0,0,0
Multiple sclerosis,multiple_sclerosis,12876,147,Thal PuA L,0.519897038797386,0.5508844634118227,0.5198100121801509,217,55,217
Multiple sclerosis,multiple_sclerosis,12876,148,Thal PuA R,,,,0,0,0
Multiple sclerosis,multiple_sclerosis,12876,153,ACC pre L,0.5362726218916667,0.5726037658213701,0.5588888970942173,217,55,217
Multiple sclerosis,multiple_sclerosis,12876,154,ACC pre R,,,,0,0,0
Multiple sclerosis,multiple_sclerosis,12876,155,ACC sup L,0.48207935319442463,0.4869016175895431,0.5069720519940764,217,55,217
Multiple sclerosis,multiple_sclerosis,12876,156,ACC sup R,,,,0,0,0
Multiple sclerosis,multiple_sclerosis,12876,157,N Acc L,0.5315914261908157,0.5542210240658453,0.5524659963178004,217,55,217
Multiple sclerosis,multiple_sclerosis,12876,158,N Acc R,,,,0,0,0
Multiple sclerosis,multiple_sclerosis,12876,161,SN pc L,,,,0,0,0
Multiple sclerosis,multiple_sclerosis,12876,163,SN pr L,0.504365677192625,0.5249011126494927,0.5155676001981281,217,55,217
Multiple sclerosis,multiple_sclerosis,12876,164,SN pr R,,,,0,0,0
Multiple sclerosis,multiple_sclerosis,12876,165,Red N L,,,,0,0,0
Multiple sclerosis,multiple_sclerosis,12876,166,Red N R,,,,0,0,0
Multiple sclerosis,multiple_sclerosis,12876,167,LC L,,,,0,0,0
Multiple sclerosis,multiple_sclerosis,12876,168,LC R,,,,0,0,0
Multiple sclerosis,multiple_sclerosis,12876,169,Raphe D,,,,0,0,0
Multiple sclerosis,multiple_sclerosis,12876,170,Raphe M,,,,0,0,0
Multiple sclerosis,multiple_sclerosis,14380,1,Precentral L,0.5156139020628829,0.5239711161714038,0.5126010740990944,217,55,217
Multiple sclerosis,multiple_sclerosis,14380,2,Precentral R,,,,0,0,0
Multiple sclerosis,multiple_sclerosis,14380,3,Frontal Sup 2 L,0.5154630548177512,0.5055330607387781,0.5052827429516045,217,55,217
Multiple sclerosis,multiple_sclerosis,14380,4,Frontal Sup 2 R,,,,0,0,0
Multiple sclerosis,multiple_sclerosis,14380,5,Frontal Mid 2 L,0.5097390769140189,0.49468894356843685,0.4925447691629062,217,55,217
Multiple sclerosis,multiple_sclerosis,14380,6,Frontal Mid 2 R,,,,0,0,0
Multiple sclerosis,multiple_sclerosis,14380,7,Frontal Inf Oper L,,,,0,0,0
Multiple sclerosis,multiple_sclerosis,14380,8,Frontal Inf Oper R,,,,0,0,0
Multiple sclerosis,multiple_sclerosis,14380,9,Frontal Inf Tri L,0.5127100020939973,0.5203375286894143,0.5056353006361148,217,55,217
Multiple sclerosis,multiple_sclerosis,14380,10,Frontal Inf Tri R,,,,0,0,0
Multiple sclerosis,multiple_sclerosis,14380,11,Frontal Inf Orb 2 L,0.5096447567104996,0.5132849827934619,0.5032880117645033,217,55,217
Multiple sclerosis,multiple_sclerosis,14380,12,Frontal Inf Orb 2 R,,,,0,0,0
Multiple sclerosis,multiple_sclerosis,14380,13,Rolandic Oper L,0.5189480558706627,0.511277240085005,0.5109231296880996,217,55,217
Multiple sclerosis,multiple_sclerosis,14380,14,Rolandic Oper R,,,,0,0,0
Multiple sclerosis,multiple_sclerosis,14380,15,Supp Motor Area L,0.49947553080950585,0.5164561067586984,0.502710291935727,217,55,217
Multiple sclerosis,multiple_sclerosis,14380,16,Supp Motor Area R,,,,0,0,0
Multiple sclerosis,multiple_sclerosis,14380,17,Olfactory L,0.5015499135329927,0.49245474960007446,0.5080318763656603,217,55,217
Multiple sclerosis,multiple_sclerosis,14380,18,Olfactory R,,,,0,0,0
Multiple sclerosis,multiple_sclerosis,14380,19,Frontal Sup Medial L,0.48583567173583136,0.48335371691770224,0.48155123282605367,217,55,217
Multiple sclerosis,multiple_sclerosis,14380,20,Frontal Sup Medial R,,,,0,0,0
Multiple sclerosis,multiple_sclerosis,14380,21,Frontal Med Orb L,0.4752589669865814,0.47224455767275164,0.46838755529895343,217,55,217
Multiple sclerosis,multiple_sclerosis,14380,22,Frontal Med Orb R,,,,0,0,0
Multiple sclerosis,multiple_sclerosis,14380,23,Rectus L,0.4634507525034659,0.46271962089957624,0.4596627248703335,217,55,217
Multiple sclerosis,multiple_sclerosis,14380,24,Rectus R,,,,0,0,0
Multiple sclerosis,multiple_sclerosis,14380,25,OFCmed L,0.5154161843278974,0.521541799858452,0.5110571843454033,217,55,217
Multiple sclerosis,multiple_sclerosis,14380,26,OFCmed R,,,,0,0,0
Multiple sclerosis,multiple_sclerosis,14380,27,OFCant L,0.47481941598924926,0.46701405277228575,0.4690171184384046,217,55,217
Multiple sclerosis,multiple_sclerosis,14380,28,OFCant R,,,,0,0,0
Multiple sclerosis,multiple_sclerosis,14380,29,OFCpost L,0.5128198207565364,0.48732934968348585,0.49248389074967985,217,55,217
Multiple sclerosis,multiple_sclerosis,14380,30,OFCpost R,,,,0,0,0
Multiple sclerosis,multiple_sclerosis,14380,31,OFClat L,0.4953719280534969,0.4865575608861006,0.4869173028760372,217,55,217
Multiple sclerosis,multiple_sclerosis,14380,32,OFClat R,,,,0,0,0
Multiple sclerosis,multiple_sclerosis,14380,33,Insula L,0.49409561132414814,0.4648015982088438,0.47960585543603274,217,55,217
Multiple sclerosis,multiple_sclerosis,14380,34,Insula R,,,,0,0,0
Multiple sclerosis,multiple_sclerosis,14380,37,Cingulate Mid L,0.5079950625495322,0.5075709526611647,0.5137790088610406,217,55,217
Multiple sclerosis,multiple_sclerosis,14380,38,Cingulate Mid R,,,,0,0,0
Multiple sclerosis,multiple_sclerosis,14380,39,Cingulate Post L,,,,0,0,0
Multiple sclerosis,multiple_sclerosis,14380,41,Hippocampus L,0.4931939177860704,0.48104954503249536,0.4886282384070691,217,55,217
Multiple sclerosis,multiple_sclerosis,14380,42,Hippocampus R,,,,0,0,0
Multiple sclerosis,multiple_sclerosis,14380,43,ParaHippocampal L,0.513354833208987,0.4941701930133616,0.5132268818395436,217,55,217
Multiple sclerosis,multiple_sclerosis,14380,44,ParaHippocampal R,,,,0,0,0
Multiple sclerosis,multiple_sclerosis,14380,45,Amygdala L,0.524823096386202,0.5269814402928596,0.52918377771776,217,55,217
Multiple sclerosis,multiple_sclerosis,14380,46,Amygdala R,,,,0,0,0
Multiple sclerosis,multiple_sclerosis,14380,47,Calcarine L,0.5016834144502351,0.49625847847459104,0.5057246855457839,217,55,217
Multiple sclerosis,multiple_sclerosis,14380,48,Calcarine R,,,,0,0,0
Multiple sclerosis,multiple_sclerosis,14380,49,Cuneus L,0.48522716042378383,0.4598538552273821,0.4803562655900926,217,55,217
Multiple sclerosis,multiple_sclerosis,14380,51,Lingual L,0.49456299994817104,0.49030843810453545,0.49355213261495273,217,55,217
Multiple sclerosis,multiple_sclerosis,14380,52,Lingual R,,,,0,0,0
Multiple sclerosis,multiple_sclerosis,14380,53,Occipital Sup L,0.5107302903603805,0.4987530604715369,0.510918275115166,217,55,217
Multiple sclerosis,multiple_sclerosis,14380,55,Occipital Mid L,0.497907547221796,0.49889879529194026,0.5014705349756384,217,55,217
Multiple sclerosis,multiple_sclerosis,14380,56,Occipital Mid R,,,,0,0,0
Multiple sclerosis,multiple_sclerosis,14380,57,Occipital Inf L,0.4903783589109616,0.4978303893692519,0.49483599828104513,217,55,217
Multiple sclerosis,multiple_sclerosis,14380,58,Occipital Inf R,,,,0,0,0
Multiple sclerosis,multiple_sclerosis,14380,59,Fusiform L,0.49790426771643537,0.5017933557353569,0.5018672161595242,217,55,217
Multiple sclerosis,multiple_sclerosis,14380,60,Fusiform R,,,,0,0,0
Multiple sclerosis,multiple_sclerosis,14380,61,Postcentral L,0.5132485681868704,0.5194646099702169,0.5081455880607669,217,55,217
Multiple sclerosis,multiple_sclerosis,14380,62,Postcentral R,,,,0,0,0
Multiple sclerosis,multiple_sclerosis,14380,63,Parietal Sup L,0.5072173644947245,0.5060045373870461,0.504307545858225,217,55,217
Multiple sclerosis,multiple_sclerosis,14380,64,Parietal Sup R,,,,0,0,0
Multiple sclerosis,multiple_sclerosis,14380,65,Parietal Inf L,0.5121568607129628,0.5203002012862444,0.5056621101983066,217,55,217
Multiple sclerosis,multiple_sclerosis,14380,66,Parietal Inf R,,,,0,0,0
Multiple sclerosis,multiple_sclerosis,14380,67,SupraMarginal L,0.5114938619217679,0.532328948066149,0.5096397975937076,217,55,217
Multiple sclerosis,multiple_sclerosis,14380,68,SupraMarginal R,,,,0,0,0
Multiple sclerosis,multiple_sclerosis,14380,69,Angular L,0.5263148163486921,0.5418946211939519,0.5262205281063055,217,55,217
Multiple sclerosis,multiple_sclerosis,14380,70,Angular R,,,,0,0,0
Multiple sclerosis,multiple_sclerosis,14380,71,Precuneus L,0.5054412228623703,0.5059456836461595,0.5081978575241185,217,55,217
Multiple sclerosis,multiple_sclerosis,14380,72,Precuneus R,,,,0,0,0
Multiple sclerosis,multiple_sclerosis,14380,73,Paracentral Lobule L,0.5237289527949586,0.5358552685899067,0.528585336667574,217,55,217
Multiple sclerosis,multiple_sclerosis,14380,74,Paracentral Lobule R,,,,0,0,0
Multiple sclerosis,multiple_sclerosis,14380,75,Caudate L,0.4818565624106474,0.4907590369643322,0.48802972531769806,217,55,217
Multiple sclerosis,multiple_sclerosis,14380,76,Caudate R,,,,0,0,0
Multiple sclerosis,multiple_sclerosis,14380,77,Putamen L,0.4568547284854171,0.4588136211729108,0.45761836645973025,217,55,217
Multiple sclerosis,multiple_sclerosis,14380,78,Putamen R,,,,0,0,0
Multiple sclerosis,multiple_sclerosis,14380,79,Pallidum L,0.5092650970294129,0.5234911781757884,0.5166185982027643,217,55,217
Multiple sclerosis,multiple_sclerosis,14380,80,Pallidum R,,,,0,0,0
Multiple sclerosis,multiple_sclerosis,14380,83,Heschl L,,,,0,0,0
Multiple sclerosis,multiple_sclerosis,14380,84,Heschl R,,,,0,0,0
Multiple sclerosis,multiple_sclerosis,14380,85,Temporal Sup L,0.5021591593781262,0.5056627439093891,0.4977242117888811,217,55,217
Multiple sclerosis,multiple_sclerosis,14380,86,Temporal Sup R,,,,0,0,0
Multiple sclerosis,multiple_sclerosis,14380,87,Temporal Pole Sup L,0.5460919415449685,0.5541506073791255,0.5585899687459892,217,55,217
Multiple sclerosis,multiple_sclerosis,14380,88,Temporal Pole Sup R,,,,0,0,0
Multiple sclerosis,multiple_sclerosis,14380,89,Temporal Mid L,0.49748190314421953,0.5084005852331057,0.5001850192154452,217,55,217
Multiple sclerosis,multiple_sclerosis,14380,90,Temporal Mid R,,,,0,0,0
Multiple sclerosis,multiple_sclerosis,14380,91,Temporal Pole Mid L,0.4956510521341533,0.49138407744751467,0.5003854381187163,217,55,217
Multiple sclerosis,multiple_sclerosis,14380,93,Temporal Inf L,0.5076211128472565,0.5176079797333425,0.5153013892774624,217,55,217
Multiple sclerosis,multiple_sclerosis,14380,94,Temporal Inf R,,,,0,0,0
Multiple sclerosis,multiple_sclerosis,14380,95,Cerebellum Crus1 L,0.5040726910833184,0.4895141575319519,0.505300681068017,217,55,217
Multiple sclerosis,multiple_sclerosis,14380,96,Cerebellum Crus1 R,,,,0,0,0
Multiple sclerosis,multiple_sclerosis,14380,97,Cerebellum Crus2 L,0.4807379091716531,0.45976861805027064,0.47275693464880997,217,55,217
Multiple sclerosis,multiple_sclerosis,14380,98,Cerebellum Crus2 R,,,,0,0,0
Multiple sclerosis,multiple_sclerosis,14380,101,Cerebellum 4 5 L,0.4914402021807508,0.4873710208738941,0.4864407944001509,217,55,217
Multiple sclerosis,multiple_sclerosis,14380,102,Cerebellum 4 5 R,,,,0,0,0
Multiple sclerosis,multiple_sclerosis,14380,103,Cerebellum 6 L,0.4351009181481815,0.4099717243819093,0.42569730979579923,217,55,217
Multiple sclerosis,multiple_sclerosis,14380,104,Cerebellum 6 R,,,,0,0,0
Multiple sclerosis,multiple_sclerosis,14380,105,Cerebellum 7b L,0.4995918868833631,0.4961405841238644,0.5068813886536883,217,55,217
Multiple sclerosis,multiple_sclerosis,14380,106,Cerebellum 7b R,,,,0,0,0
Multiple sclerosis,multiple_sclerosis,14380,107,Cerebellum 8 L,0.484539021915641,0.43663746434141787,0.46292620096135034,217,55,217
Multiple sclerosis,multiple_sclerosis,14380,108,Cerebellum 8 R,,,,0,0,0
Multiple sclerosis,multiple_sclerosis,14380,109,Cerebellum 9 L,0.5452742056012568,0.5503351503037177,0.5500818024074945,217,55,217
Multiple sclerosis,multiple_sclerosis,14380,110,Cerebellum 9 R,,,,0,0,0
Multiple sclerosis,multiple_sclerosis,14380,111,Cerebellum 10 L,0.5445131659590946,0.5681134577147333,0.5612487292562133,217,55,217
Multiple sclerosis,multiple_sclerosis,14380,118,Vermis 8,,,,0,0,0
Multiple sclerosis,multiple_sclerosis,14380,119,Vermis 9,0.6167383555279495,0.6498788710115198,0.6375088818566043,217,55,217
Multiple sclerosis,multiple_sclerosis,14380,121,Thal AV L,0.5091018521808002,0.5327041086659497,0.5147924640568153,217,55,217
Multiple sclerosis,multiple_sclerosis,14380,122,Thal AV R,,,,0,0,0
Multiple sclerosis,multiple_sclerosis,14380,125,Thal VA L,0.5202939258935521,0.555396057859596,0.5441048647738522,217,55,217
Multiple sclerosis,multiple_sclerosis,14380,127,Thal VL L,0.4972964370834854,0.5021472056730601,0.49615280500242714,217,55,217
Multiple sclerosis,multiple_sclerosis,14380,128,Thal VL R,,,,0,0,0
Multiple sclerosis,multiple_sclerosis,14380,129,Thal VPL L,0.5153474792734035,0.5145014640612097,0.505288288455813,217,55,217
Multiple sclerosis,multiple_sclerosis,14380,130,Thal VPL R,,,,0,0,0
Multiple sclerosis,multiple_sclerosis,14380,131,Thal IL L,0.5325471264189592,0.5073275448109675,0.5124385680573599,217,55,217
Multiple sclerosis,multiple_sclerosis,14380,135,Thal MDm L,,,,0,0,0
Multiple sclerosis,multiple_sclerosis,14380,136,Thal MDm R,,,,0,0,0
Multiple sclerosis,multiple_sclerosis,14380,137,Thal MDl L,,,,0,0,0
Multiple sclerosis,multiple_sclerosis,14380,139,Thal LGN L,0.5108920110565028,0.5213457238258382,0.502271365632223,217,55,217
Multiple sclerosis,multiple_sclerosis,14380,140,Thal LGN R,,,,0,0,0
Multiple sclerosis,multiple_sclerosis,14380,141,Thal MGN L,,,,0,0,0
Multiple sclerosis,multiple_sclerosis,14380,143,Thal PuI L,,,,0,0,0
Multiple sclerosis,multiple_sclerosis,14380,144,Thal PuI R,,,,0,0,0
Multiple sclerosis,multiple_sclerosis,14380,145,Thal PuM L,0.5204795557616471,0.5433547687451216,0.5213568533210565,217,55,217
Multiple sclerosis,multiple_sclerosis,14380,146,Thal PuM R,,,,0,0,0
Multiple sclerosis,multiple_sclerosis,14380,147,Thal PuA L,0.5431592931949214,0.5630510948872716,0.5431941971713803,217,55,217
Multiple sclerosis,multiple_sclerosis,14380,148,Thal PuA R,,,,0,0,0
Multiple sclerosis,multiple_sclerosis,14380,153,ACC pre L,,,,0,0,0
Multiple sclerosis,multiple_sclerosis,14380,154,ACC pre R,,,,0,0,0
Multiple sclerosis,multiple_sclerosis,14380,155,ACC sup L,0.48519383681915956,0.47272525917194697,0.49049691777397364,217,55,217
Multiple sclerosis,multiple_sclerosis,14380,156,ACC sup R,,,,0,0,0
Multiple sclerosis,multiple_sclerosis,14380,157,N Acc L,0.5337874334645715,0.5685793634408869,0.562470321909244,217,55,217
Multiple sclerosis,multiple_sclerosis,14380,158,N Acc R,,,,0,0,0
Multiple sclerosis,multiple_sclerosis,14380,161,SN pc L,,,,0,0,0
Multiple sclerosis,multiple_sclerosis,14380,163,SN pr L,0.5405884939425958,0.5261451750824955,0.5362958404067324,217,55,217
Multiple sclerosis,multiple_sclerosis,14380,164,SN pr R,,,,0,0,0
Multiple sclerosis,multiple_sclerosis,14380,165,Red N L,0.55684892252005,0.5460366245613273,0.5551630665488281,217,55,217
Multiple sclerosis,multiple_sclerosis,14380,166,Red N R,,,,0,0,0
Multiple sclerosis,multiple_sclerosis,14380,167,LC L,0.5041411679938091,0.508589035419387,0.5157078586413437,217,55,217
Multiple sclerosis,multiple_sclerosis,14380,168,LC R,,,,0,0,0
Multiple sclerosis,multiple_sclerosis,14380,169,Raphe D,,,,0,0,0
Multiple sclerosis,multiple_sclerosis,14380,170,Raphe M,0.5095145538946034,0.48891884938926766,0.5089172955347975,217,55,217
Multiple sclerosis,multiple_sclerosis,15496,1,Precentral L,0.508233669069974,0.5468186458266899,0.5199935940430872,217,55,217
Multiple sclerosis,multiple_sclerosis,15496,2,Precentral R,,,,0,0,0
Multiple sclerosis,multiple_sclerosis,15496,3,Frontal Sup 2 L,0.4929526317207934,0.4977825749709643,0.4903204193204308,217,55,217
Multiple sclerosis,multiple_sclerosis,15496,4,Frontal Sup 2 R,,,,0,0,0
Multiple sclerosis,multiple_sclerosis,15496,5,Frontal Mid 2 L,0.5071902602414246,0.5190866513794474,0.5113827753786774,217,55,217
Multiple sclerosis,multiple_sclerosis,15496,6,Frontal Mid 2 R,,,,0,0,0
Multiple sclerosis,multiple_sclerosis,15496,7,Frontal Inf Oper L,0.48375428112428526,0.5084506270521411,0.49572835185990244,217,55,217
Multiple sclerosis,multiple_sclerosis,15496,8,Frontal Inf Oper R,,,,0,0,0
Multiple sclerosis,multiple_sclerosis,15496,9,Frontal Inf Tri L,0.5127782712504796,0.5372679624122965,0.5171213912000414,217,55,217
Multiple sclerosis,multiple_sclerosis,15496,10,Frontal Inf Tri R,,,,0,0,0
Multiple sclerosis,multiple_sclerosis,15496,11,Frontal Inf Orb 2 L,0.539391236558339,0.5383124619387933,0.5376021752593071,217,55,217
Multiple sclerosis,multiple_sclerosis,15496,12,Frontal Inf Orb 2 R,,,,0,0,0
Multiple sclerosis,multiple_sclerosis,15496,13,Rolandic Oper L,0.4818740241518032,0.5107016952403838,0.49531764133842676,217,55,217
Multiple sclerosis,multiple_sclerosis,15496,14,Rolandic Oper R,,,,0,0,0
Multiple sclerosis,multiple_sclerosis,15496,15,Supp Motor Area L,0.4909714718413981,0.4860663791029262,0.4833177759447028,217,55,217
Multiple sclerosis,multiple_sclerosis,15496,16,Supp Motor Area R,,,,0,0,0
Multiple sclerosis,multiple_sclerosis,15496,17,Olfactory L,,,,0,0,0
Multiple sclerosis,multiple_sclerosis,15496,18,Olfactory R,,,,0,0,0
Multiple sclerosis,multiple_sclerosis,15496,19,Frontal Sup Medial L,0.4925223227320886,0.49693588158522606,0.49670828995098626,217,55,217
Multiple sclerosis,multiple_sclerosis,15496,20,Frontal Sup Medial R,,,,0,0,0
Multiple sclerosis,multiple_sclerosis,15496,21,Frontal Med Orb L,0.48292617622307005,0.4609715746549803,0.47781824198893597,217,55,217
Multiple sclerosis,multiple_sclerosis,15496,22,Frontal Med Orb R,,,,0,0,0
Multiple sclerosis,multiple_sclerosis,15496,23,Rectus L,0.4586953879989986,0.448134103288059,0.4686488533485545,217,55,217
Multiple sclerosis,multiple_sclerosis,15496,24,Rectus R,,,,0,0,0
Multiple sclerosis,multiple_sclerosis,15496,25,OFCmed L,0.45357917415849114,0.4777375126402953,0.4660540825239898,217,55,217
Multiple sclerosis,multiple_sclerosis,15496,26,OFCmed R,,,,0,0,0
Multiple sclerosis,multiple_sclerosis,15496,27,OFCant L,0.5120122066813114,0.5129937573193919,0.5140037183993325,217,55,217
Multiple sclerosis,multiple_sclerosis,15496,28,OFCant R,,,,0,0,0
Multiple sclerosis,multiple_sclerosis,15496,29,OFCpost L,0.453341291604952,0.43572967622302516,0.4496026504625072,217,55,217
Multiple sclerosis,multiple_sclerosis,15496,30,OFCpost R,,,,0,0,0
Multiple sclerosis,multiple_sclerosis,15496,31,OFClat L,0.5188445882962465,0.5386952807586677,0.5198543231142299,217,55,217
Multiple sclerosis,multiple_sclerosis,15496,32,OFClat R,,,,0,0,0
Multiple sclerosis,multiple_sclerosis,15496,33,Insula L,0.4985318988474059,0.4916743752257933,0.502402249794773,217,55,217
Multiple sclerosis,multiple_sclerosis,15496,34,Insula R,,,,0,0,0
Multiple sclerosis,multiple_sclerosis,15496,37,Cingulate Mid L,0.4979336468654124,0.48785628026124495,0.49017546062188566,217,55,217
Multiple sclerosis,multiple_sclerosis,15496,38,Cingulate Mid R,,,,0,0,0
Multiple sclerosis,multiple_sclerosis,15496,39,Cingulate Post L,0.46989404076123964,0.4610678397790885,0.46134092223866335,217,55,217
Multiple sclerosis,multiple_sclerosis,15496,41,Hippocampus L,0.4892322004693636,0.47238784542905843,0.48301628930307816,217,55,217
Multiple sclerosis,multiple_sclerosis,15496,42,Hippocampus R,,,,0,0,0
Multiple sclerosis,multiple_sclerosis,15496,43,ParaHippocampal L,0.5010892721570643,0.4870285311549738,0.5166728897471744,217,55,217
Multiple sclerosis,multiple_sclerosis,15496,44,ParaHippocampal R,,,,0,0,0
Multiple sclerosis,multiple_sclerosis,15496,45,Amygdala L,0.5138280409503277,0.5324560641659662,0.5338138877963752,217,55,217
Multiple sclerosis,multiple_sclerosis,15496,46,Amygdala R,,,,0,0,0
Multiple sclerosis,multiple_sclerosis,15496,47,Calcarine L,0.5048520715314126,0.4894367157528857,0.49303606848208836,217,55,217
Multiple sclerosis,multiple_sclerosis,15496,48,Calcarine R,,,,0,0,0
Multiple sclerosis,multiple_sclerosis,15496,49,Cuneus L,0.48861745817170626,0.4784772955363675,0.4836164791633913,217,55,217
Multiple sclerosis,multiple_sclerosis,15496,51,Lingual L,0.515519999670902,0.5129394648697209,0.51089297409141,217,55,217
Multiple sclerosis,multiple_sclerosis,15496,52,Lingual R,,,,0,0,0
Multiple sclerosis,multiple_sclerosis,15496,53,Occipital Sup L,0.5362607698353307,0.526682716682502,0.5237260899558271,217,55,217
Multiple sclerosis,multiple_sclerosis,15496,55,Occipital Mid L,0.5118114444934224,0.49842586113688053,0.49932594198551744,217,55,217
Multiple sclerosis,multiple_sclerosis,15496,56,Occipital Mid R,,,,0,0,0
Multiple sclerosis,multiple_sclerosis,15496,57,Occipital Inf L,0.526549054251837,0.5148899455365049,0.5157326474029568,217,55,217
Multiple sclerosis,multiple_sclerosis,15496,58,Occipital Inf R,,,,0,0,0
Multiple sclerosis,multiple_sclerosis,15496,59,Fusiform L,0.4844705582818928,0.4763156631909665,0.4878108312377797,217,55,217
Multiple sclerosis,multiple_sclerosis,15496,60,Fusiform R,,,,0,0,0
Multiple sclerosis,multiple_sclerosis,15496,61,Postcentral L,0.4959303464464383,0.5030213248645471,0.49034044381658765,217,55,217
Multiple sclerosis,multiple_sclerosis,15496,62,Postcentral R,,,,0,0,0
Multiple sclerosis,multiple_sclerosis,15496,63,Parietal Sup L,0.5072870654701213,0.5090521408241981,0.4965609999480265,217,55,217
Multiple sclerosis,multiple_sclerosis,15496,64,Parietal Sup R,,,,0,0,0
Multiple sclerosis,multiple_sclerosis,15496,65,Parietal Inf L,0.5156532109903448,0.5151770087991524,0.5092178299884088,217,55,217
Multiple sclerosis,multiple_sclerosis,15496,66,Parietal Inf R,,,,0,0,0
Multiple sclerosis,multiple_sclerosis,15496,67,SupraMarginal L,0.5352193984599039,0.5576614516850619,0.5505406924191543,217,55,217
Multiple sclerosis,multiple_sclerosis,15496,68,SupraMarginal R,,,,0,0,0
Multiple sclerosis,multiple_sclerosis,15496,69,Angular L,0.4851936076973234,0.5090653296433116,0.4912633142612693,217,55,217
Multiple sclerosis,multiple_sclerosis,15496,70,Angular R,,,,0,0,0
Multiple sclerosis,multiple_sclerosis,15496,71,Precuneus L,0.5006563062626334,0.5064953605244299,0.49524710949948836,217,55,217
Multiple sclerosis,multiple_sclerosis,15496,72,Precuneus R,,,,0,0,0
Multiple sclerosis,multiple_sclerosis,15496,73,Paracentral Lobule L,0.5301040574092167,0.5207514511168617,0.5143088677258972,217,55,217
Multiple sclerosis,multiple_sclerosis,15496,74,Paracentral Lobule R,,,,0,0,0
Multiple sclerosis,multiple_sclerosis,15496,75,Caudate L,0.48070953071341266,0.48500675467048127,0.47290818650914673,217,55,217
Multiple sclerosis,multiple_sclerosis,15496,76,Caudate R,,,,0,0,0
Multiple sclerosis,multiple_sclerosis,15496,77,Putamen L,0.482446842486223,0.47508449824065835,0.4749837522165364,217,55,217
Multiple sclerosis,multiple_sclerosis,15496,78,Putamen R,,,,0,0,0
Multiple sclerosis,multiple_sclerosis,15496,79,Pallidum L,0.5103104927577432,0.5253286158552232,0.5170484565390572,217,55,217
Multiple sclerosis,multiple_sclerosis,15496,80,Pallidum R,,,,0,0,0
Multiple sclerosis,multiple_sclerosis,15496,83,Heschl L,0.519878225275735,0.5241925311226575,0.510023814711029,217,55,217
Multiple sclerosis,multiple_sclerosis,15496,84,Heschl R,,,,0,0,0
Multiple sclerosis,multiple_sclerosis,15496,85,Temporal Sup L,0.4851052773590291,0.4993001203502551,0.49116950712167506,217,55,217
Multiple sclerosis,multiple_sclerosis,15496,86,Temporal Sup R,,,,0,0,0
Multiple sclerosis,multiple_sclerosis,15496,87,Temporal Pole Sup L,0.4667481568669616,0.4723603456515321,0.48526679879855256,217,55,217
Multiple sclerosis,multiple_sclerosis,15496,88,Temporal Pole Sup R,,,,0,0,0
Multiple sclerosis,multiple_sclerosis,15496,89,Temporal Mid L,0.4903384126258328,0.49114896357943266,0.4888889622854916,217,55,217
Multiple sclerosis,multiple_sclerosis,15496,90,Temporal Mid R,,,,0,0,0
Multiple sclerosis,multiple_sclerosis,15496,91,Temporal Pole Mid L,0.48615909692118103,0.4824781218563392,0.4971531629178395,217,55,217
Multiple sclerosis,multiple_sclerosis,15496,93,Temporal Inf L,0.4991239868079231,0.4979161256429735,0.504257331119168,217,55,217
Multiple sclerosis,multiple_sclerosis,15496,94,Temporal Inf R,,,,0,0,0
Multiple sclerosis,multiple_sclerosis,15496,95,Cerebellum Crus1 L,0.4709522547200971,0.47729648269901254,0.46726758337443425,217,55,217
Multiple sclerosis,multiple_sclerosis,15496,96,Cerebellum Crus1 R,,,,0,0,0
Multiple sclerosis,multiple_sclerosis,15496,97,Cerebellum Crus2 L,0.44331488446177236,0.42681873886901495,0.4361842927065528,217,55,217
Multiple sclerosis,multiple_sclerosis,15496,98,Cerebellum Crus2 R,,,,0,0,0
Multiple sclerosis,multiple_sclerosis,15496,101,Cerebellum 4 5 L,0.4886920102909928,0.4838425696307807,0.4834980182191295,217,55,217
Multiple sclerosis,multiple_sclerosis,15496,102,Cerebellum 4 5 R,,,,0,0,0
Multiple sclerosis,multiple_sclerosis,15496,103,Cerebellum 6 L,0.49465195571965137,0.45594687588956706,0.48023078797425467,217,55,217
Multiple sclerosis,multiple_sclerosis,15496,104,Cerebellum 6 R,,,,0,0,0
Multiple sclerosis,multiple_sclerosis,15496,105,Cerebellum 7b L,0.5014384387753157,0.4875751414925567,0.4955760374423251,217,55,217
Multiple sclerosis,multiple_sclerosis,15496,106,Cerebellum 7b R,,,,0,0,0
Multiple sclerosis,multiple_sclerosis,15496,107,Cerebellum 8 L,0.5203805360541106,0.5246535900430439,0.523357467910867,217,55,217
Multiple sclerosis,multiple_sclerosis,15496,108,Cerebellum 8 R,,,,0,0,0
Multiple sclerosis,multiple_sclerosis,15496,109,Cerebellum 9 L,0.476408826503965,0.46511120244060417,0.46727168105068173,217,55,217
Multiple sclerosis,multiple_sclerosis,15496,110,Cerebellum 9 R,,,,0,0,0
Multiple sclerosis,multiple_sclerosis,15496,111,Cerebellum 10 L,0.518185671036179,0.5672937958006581,0.5344243557636194,217,55,217
Multiple sclerosis,multiple_sclerosis,15496,118,Vermis 8,,,,0,0,0
Multiple sclerosis,multiple_sclerosis,15496,119,Vermis 9,,,,0,0,0
Multiple sclerosis,multiple_sclerosis,15496,121,Thal AV L,,,,0,0,0
Multiple sclerosis,multiple_sclerosis,15496,122,Thal AV R,,,,0,0,0
Multiple sclerosis,multiple_sclerosis,15496,125,Thal VA L,0.5523049423337252,0.5580883424537036,0.5480365939577131,217,55,217
Multiple sclerosis,multiple_sclerosis,15496,127,Thal VL L,0.5363085759412011,0.5394432997926419,0.5263079987194397,217,55,217
Multiple sclerosis,multiple_sclerosis,15496,128,Thal VL R,,,,0,0,0
Multiple sclerosis,multiple_sclerosis,15496,129,Thal VPL L,0.5605344114668376,0.5833924833243498,0.5655893479204386,217,55,217
Multiple sclerosis,multiple_sclerosis,15496,130,Thal VPL R,,,,0,0,0
Multiple sclerosis,multiple_sclerosis,15496,131,Thal IL L,,,,0,0,0
Multiple sclerosis,multiple_sclerosis,15496,135,Thal MDm L,,,,0,0,0
Multiple sclerosis,multiple_sclerosis,15496,136,Thal MDm R,,,,0,0,0
Multiple sclerosis,multiple_sclerosis,15496,137,Thal MDl L,0.459261712604306,0.475966962936039,0.4473962531467815,217,55,217
Multiple sclerosis,multiple_sclerosis,15496,139,Thal LGN L,0.4865059971512927,0.47354610990576984,0.47380842405437407,217,55,217
Multiple sclerosis,multiple_sclerosis,15496,140,Thal LGN R,,,,0,0,0
Multiple sclerosis,multiple_sclerosis,15496,141,Thal MGN L,,,,0,0,0
Multiple sclerosis,multiple_sclerosis,15496,143,Thal PuI L,,,,0,0,0
Multiple sclerosis,multiple_sclerosis,15496,144,Thal PuI R,,,,0,0,0
Multiple sclerosis,multiple_sclerosis,15496,145,Thal PuM L,,,,0,0,0
Multiple sclerosis,multiple_sclerosis,15496,146,Thal PuM R,,,,0,0,0
Multiple sclerosis,multiple_sclerosis,15496,147,Thal PuA L,,,,0,0,0
Multiple sclerosis,multiple_sclerosis,15496,148,Thal PuA R,,,,0,0,0
Multiple sclerosis,multiple_sclerosis,15496,153,ACC pre L,,,,0,0,0
Multiple sclerosis,multiple_sclerosis,15496,154,ACC pre R,,,,0,0,0
Multiple sclerosis,multiple_sclerosis,15496,155,ACC sup L,0.48722084467257415,0.4882978046067209,0.4989909037020429,217,55,217
Multiple sclerosis,multiple_sclerosis,15496,156,ACC sup R,,,,0,0,0
Multiple sclerosis,multiple_sclerosis,15496,157,N Acc L,0.5230273759814471,0.5424144761465187,0.5361131767034881,217,55,217
Multiple sclerosis,multiple_sclerosis,15496,158,N Acc R,,,,0,0,0
Multiple sclerosis,multiple_sclerosis,15496,161,SN pc L,0.5254318440587927,0.511992146532639,0.5304215117800298,217,55,217
Multiple sclerosis,multiple_sclerosis,15496,163,SN pr L,0.5810947196796294,0.5689660440617553,0.582578543577299,217,55,217
Multiple sclerosis,multiple_sclerosis,15496,164,SN pr R,,,,0,0,0
Multiple sclerosis,multiple_sclerosis,15496,165,Red N L,,,,0,0,0
Multiple sclerosis,multiple_sclerosis,15496,166,Red N R,,,,0,0,0
Multiple sclerosis,multiple_sclerosis,15496,167,LC L,0.5488448850717813,0.5447778703177493,0.5446071994446521,217,55,217
Multiple sclerosis,multiple_sclerosis,15496,168,LC R,,,,0,0,0
Multiple sclerosis,multiple_sclerosis,15496,169,Raphe D,,,,0,0,0
Multiple sclerosis,multiple_sclerosis,15496,170,Raphe M,,,,0,0,0
Multiple sclerosis,multiple_sclerosis,15697,1,Precentral L,0.5141604457285424,0.5057454333696216,0.5037288508469092,217,55,217
Multiple sclerosis,multiple_sclerosis,15697,2,Precentral R,,,,0,0,0
Multiple sclerosis,multiple_sclerosis,15697,3,Frontal Sup 2 L,0.468160328182828,0.47178035732763474,0.4677479551043612,217,55,217
Multiple sclerosis,multiple_sclerosis,15697,4,Frontal Sup 2 R,,,,0,0,0
Multiple sclerosis,multiple_sclerosis,15697,5,Frontal Mid 2 L,0.4857071057541531,0.48700539768924783,0.48522884663336735,217,55,217
Multiple sclerosis,multiple_sclerosis,15697,6,Frontal Mid 2 R,,,,0,0,0
Multiple sclerosis,multiple_sclerosis,15697,7,Frontal Inf Oper L,0.42979766639749223,0.43611049778868266,0.42235620200915813,217,55,217
Multiple sclerosis,multiple_sclerosis,15697,8,Frontal Inf Oper R,,,,0,0,0
Multiple sclerosis,multiple_sclerosis,15697,9,Frontal Inf Tri L,0.5185100211443237,0.5204099848795913,0.5173026725217802,217,55,217
Multiple sclerosis,multiple_sclerosis,15697,10,Frontal Inf Tri R,,,,0,0,0
Multiple sclerosis,multiple_sclerosis,15697,11,Frontal Inf Orb 2 L,0.5192549054580947,0.5365533797737728,0.5235918142415221,217,55,217
Multiple sclerosis,multiple_sclerosis,15697,12,Frontal Inf Orb 2 R,,,,0,0,0
Multiple sclerosis,multiple_sclerosis,15697,13,Rolandic Oper L,0.519675135128732,0.5337933130349473,0.5160855850498246,217,55,217
Multiple sclerosis,multiple_sclerosis,15697,14,Rolandic Oper R,,,,0,0,0
Multiple sclerosis,multiple_sclerosis,15697,15,Supp Motor Area L,0.47020577960556087,0.4793120048763183,0.46982646413961576,217,55,217
Multiple sclerosis,multiple_sclerosis,15697,16,Supp Motor Area R,,,,0,0,0
Multiple sclerosis,multiple_sclerosis,15697,17,Olfactory L,,,,0,0,0
Multiple sclerosis,multiple_sclerosis,15697,18,Olfactory R,,,,0,0,0
Multiple sclerosis,multiple_sclerosis,15697,19,Frontal Sup Medial L,0.508157396527299,0.4966395987647881,0.5068232218174228,217,55,217
Multiple sclerosis,multiple_sclerosis,15697,20,Frontal Sup Medial R,,,,0,0,0
Multiple sclerosis,multiple_sclerosis,15697,21,Frontal Med Orb L,0.4342420821371432,0.4660058384773913,0.4444545271974244,217,55,217
Multiple sclerosis,multiple_sclerosis,15697,22,Frontal Med Orb R,,,,0,0,0
Multiple sclerosis,multiple_sclerosis,15697,23,Rectus L,0.516540078625861,0.5166145050684647,0.5293912602243899,217,55,217
Multiple sclerosis,multiple_sclerosis,15697,24,Rectus R,,,,0,0,0
Multiple sclerosis,multiple_sclerosis,15697,25,OFCmed L,0.4824001366818468,0.4816433248547863,0.4870373943640437,217,55,217
Multiple sclerosis,multiple_sclerosis,15697,26,OFCmed R,,,,0,0,0
Multiple sclerosis,multiple_sclerosis,15697,27,OFCant L,0.5372273864616663,0.5416909909338987,0.5479189774731289,217,55,217
Multiple sclerosis,multiple_sclerosis,15697,28,OFCant R,,,,0,0,0
Multiple sclerosis,multiple_sclerosis,15697,29,OFCpost L,0.46563773808108594,0.4752794409159706,0.47040892951447527,217,55,217
Multiple sclerosis,multiple_sclerosis,15697,30,OFCpost R,,,,0,0,0
Multiple sclerosis,multiple_sclerosis,15697,31,OFClat L,0.4891725776841927,0.4871563406008895,0.48393978073814575,217,55,217
Multiple sclerosis,multiple_sclerosis,15697,32,OFClat R,,,,0,0,0
Multiple sclerosis,multiple_sclerosis,15697,33,Insula L,0.5064693374826585,0.5126062072411809,0.517659977319099,217,55,217
Multiple sclerosis,multiple_sclerosis,15697,34,Insula R,,,,0,0,0
Multiple sclerosis,multiple_sclerosis,15697,37,Cingulate Mid L,0.5076562195243239,0.5034764141057515,0.5077494714326838,217,55,217
Multiple sclerosis,multiple_sclerosis,15697,38,Cingulate Mid R,,,,0,0,0
Multiple sclerosis,multiple_sclerosis,15697,39,Cingulate Post L,0.5603959664777817,0.5446521689776987,0.5551567241528047,217,55,217
Multiple sclerosis,multiple_sclerosis,15697,41,Hippocampus L,0.493879315084285,0.4885891055399309,0.49528270086834036,217,55,217
Multiple sclerosis,multiple_sclerosis,15697,42,Hippocampus R,,,,0,0,0
Multiple sclerosis,multiple_sclerosis,15697,43,ParaHippocampal L,0.5204178122056418,0.513907140040612,0.5355219708821604,217,55,217
Multiple sclerosis,multiple_sclerosis,15697,44,ParaHippocampal R,,,,0,0,0
Multiple sclerosis,multiple_sclerosis,15697,45,Amygdala L,0.5069014318330001,0.5385051420490466,0.5298217915584765,217,55,217
Multiple sclerosis,multiple_sclerosis,15697,46,Amygdala R,,,,0,0,0
Multiple sclerosis,multiple_sclerosis,15697,47,Calcarine L,0.5386530666092154,0.5258110606666103,0.5308264179205882,217,55,217
Multiple sclerosis,multiple_sclerosis,15697,48,Calcarine R,,,,0,0,0
Multiple sclerosis,multiple_sclerosis,15697,49,Cuneus L,0.5483273162159746,0.538242471157716,0.5343501137044862,217,55,217
Multiple sclerosis,multiple_sclerosis,15697,51,Lingual L,0.5440494200477385,0.5214208883151382,0.5269735970370909,217,55,217
Multiple sclerosis,multiple_sclerosis,15697,52,Lingual R,,,,0,0,0
Multiple sclerosis,multiple_sclerosis,15697,53,Occipital Sup L,0.5395935243501867,0.5347105411399341,0.5254225094610027,217,55,217
Multiple sclerosis,multiple_sclerosis,15697,55,Occipital Mid L,0.5529913886413675,0.5382352409881953,0.5353596195841923,217,55,217
Multiple sclerosis,multiple_sclerosis,15697,56,Occipital Mid R,,,,0,0,0
Multiple sclerosis,multiple_sclerosis,15697,57,Occipital Inf L,0.5286063766808771,0.49972466438871127,0.5104013146345017,217,55,217
Multiple sclerosis,multiple_sclerosis,15697,58,Occipital Inf R,,,,0,0,0
Multiple sclerosis,multiple_sclerosis,15697,59,Fusiform L,0.5062431500771608,0.49845092248639256,0.5073774966247557,217,55,217
Multiple sclerosis,multiple_sclerosis,15697,60,Fusiform R,,,,0,0,0
Multiple sclerosis,multiple_sclerosis,15697,61,Postcentral L,0.5351735773893632,0.5338875012586475,0.5245220894949548,217,55,217
Multiple sclerosis,multiple_sclerosis,15697,62,Postcentral R,,,,0,0,0
Multiple sclerosis,multiple_sclerosis,15697,63,Parietal Sup L,0.5189657939687482,0.5105075193608757,0.5085710360592259,217,55,217
Multiple sclerosis,multiple_sclerosis,15697,64,Parietal Sup R,,,,0,0,0
Multiple sclerosis,multiple_sclerosis,15697,65,Parietal Inf L,0.5353312618270327,0.5412390008787898,0.5329657878258452,217,55,217
Multiple sclerosis,multiple_sclerosis,15697,66,Parietal Inf R,,,,0,0,0
Multiple sclerosis,multiple_sclerosis,15697,67,SupraMarginal L,0.3799625181086438,0.3868828631625338,0.38260496874121186,217,55,217
Multiple sclerosis,multiple_sclerosis,15697,68,SupraMarginal R,,,,0,0,0
Multiple sclerosis,multiple_sclerosis,15697,69,Angular L,,,,0,0,0
Multiple sclerosis,multiple_sclerosis,15697,70,Angular R,,,,0,0,0
Multiple sclerosis,multiple_sclerosis,15697,71,Precuneus L,0.4809060174840826,0.47318042272099586,0.47243076340237383,217,55,217
Multiple sclerosis,multiple_sclerosis,15697,72,Precuneus R,,,,0,0,0
Multiple sclerosis,multiple_sclerosis,15697,73,Paracentral Lobule L,0.5412347536356673,0.541864496385443,0.533595388576934,217,55,217
Multiple sclerosis,multiple_sclerosis,15697,74,Paracentral Lobule R,,,,0,0,0
Multiple sclerosis,multiple_sclerosis,15697,75,Caudate L,0.4916320578420941,0.5065766497150175,0.4946988017787858,217,55,217
Multiple sclerosis,multiple_sclerosis,15697,76,Caudate R,,,,0,0,0
Multiple sclerosis,multiple_sclerosis,15697,77,Putamen L,0.4904604163906946,0.4825432903774923,0.4797456042968903,217,55,217
Multiple sclerosis,multiple_sclerosis,15697,78,Putamen R,,,,0,0,0
Multiple sclerosis,multiple_sclerosis,15697,79,Pallidum L,0.5133278168960504,0.5238488604052707,0.5188317576143835,217,55,217
Multiple sclerosis,multiple_sclerosis,15697,80,Pallidum R,,,,0,0,0
Multiple sclerosis,multiple_sclerosis,15697,83,Heschl L,0.5342847996595049,0.5192843539714238,0.5348348365965773,217,55,217
Multiple sclerosis,multiple_sclerosis,15697,84,Heschl R,,,,0,0,0
Multiple sclerosis,multiple_sclerosis,15697,85,Temporal Sup L,0.4737375473925797,0.4784463577022098,0.47243611068106084,217,55,217
Multiple sclerosis,multiple_sclerosis,15697,86,Temporal Sup R,,,,0,0,0
Multiple sclerosis,multiple_sclerosis,15697,87,Temporal Pole Sup L,0.4674878682491333,0.4723277239548897,0.48303937028045185,217,55,217
Multiple sclerosis,multiple_sclerosis,15697,88,Temporal Pole Sup R,,,,0,0,0
Multiple sclerosis,multiple_sclerosis,15697,89,Temporal Mid L,0.43985265200667323,0.4440078372925758,0.4398044222825662,217,55,217
Multiple sclerosis,multiple_sclerosis,15697,90,Temporal Mid R,,,,0,0,0
Multiple sclerosis,multiple_sclerosis,15697,91,Temporal Pole Mid L,0.5211556328226259,0.545355785587755,0.5476281969709054,217,55,217
Multiple sclerosis,multiple_sclerosis,15697,93,Temporal Inf L,0.4478112302610203,0.45317450964935097,0.4562787856922587,217,55,217
Multiple sclerosis,multiple_sclerosis,15697,94,Temporal Inf R,,,,0,0,0
Multiple sclerosis,multiple_sclerosis,15697,95,Cerebellum Crus1 L,0.4835949517023095,0.4769402264897511,0.4786468739794742,217,55,217
Multiple sclerosis,multiple_sclerosis,15697,96,Cerebellum Crus1 R,,,,0,0,0
Multiple sclerosis,multiple_sclerosis,15697,97,Cerebellum Crus2 L,0.4718498217010556,0.4426624544310167,0.4599253267174297,217,55,217
Multiple sclerosis,multiple_sclerosis,15697,98,Cerebellum Crus2 R,,,,0,0,0
Multiple sclerosis,multiple_sclerosis,15697,101,Cerebellum 4 5 L,0.4996061575714773,0.5044860961189418,0.497479333965869,217,55,217
Multiple sclerosis,multiple_sclerosis,15697,102,Cerebellum 4 5 R,,,,0,0,0
Multiple sclerosis,multiple_sclerosis,15697,103,Cerebellum 6 L,0.5059717877990438,0.5091126971882955,0.5051526112873546,217,55,217
Multiple sclerosis,multiple_sclerosis,15697,104,Cerebellum 6 R,,,,0,0,0
Multiple sclerosis,multiple_sclerosis,15697,105,Cerebellum 7b L,0.42872216425891707,0.39602263183271225,0.41163029259992306,217,55,217
Multiple sclerosis,multiple_sclerosis,15697,106,Cerebellum 7b R,,,,0,0,0
Multiple sclerosis,multiple_sclerosis,15697,107,Cerebellum 8 L,0.48657247481145044,0.48620793460364814,0.4851912987616567,217,55,217
Multiple sclerosis,multiple_sclerosis,15697,108,Cerebellum 8 R,,,,0,0,0
Multiple sclerosis,multiple_sclerosis,15697,109,Cerebellum 9 L,,,,0,0,0
Multiple sclerosis,multiple_sclerosis,15697,110,Cerebellum 9 R,,,,0,0,0
Multiple sclerosis,multiple_sclerosis,15697,111,Cerebellum 10 L,,,,0,0,0
Multiple sclerosis,multiple_sclerosis,15697,118,Vermis 8,0.5998552094256528,0.6538796829398021,0.6349414088780223,217,55,217
Multiple sclerosis,multiple_sclerosis,15697,119,Vermis 9,0.577120718787953,0.6069116715131547,0.615942245980387,217,55,217
Multiple sclerosis,multiple_sclerosis,15697,121,Thal AV L,0.5216067727758698,0.5441029754545188,0.5191227267682249,217,55,217
Multiple sclerosis,multiple_sclerosis,15697,122,Thal AV R,,,,0,0,0
Multiple sclerosis,multiple_sclerosis,15697,125,Thal VA L,0.5245363395072847,0.5205520713364217,0.5029741533123718,217,55,217
Multiple sclerosis,multiple_sclerosis,15697,127,Thal VL L,0.48587646680931557,0.5050104958289471,0.4843254399505536,217,55,217
Multiple sclerosis,multiple_sclerosis,15697,128,Thal VL R,,,,0,0,0
Multiple sclerosis,multiple_sclerosis,15697,129,Thal VPL L,0.5220232499613987,0.5149745672858672,0.5119695735219989,217,55,217
Multiple sclerosis,multiple_sclerosis,15697,130,Thal VPL R,,,,0,0,0
Multiple sclerosis,multiple_sclerosis,15697,131,Thal IL L,0.5254015260181818,0.5326784634242808,0.5195537045664405,217,55,217
Multiple sclerosis,multiple_sclerosis,15697,135,Thal MDm L,,,,0,0,0
Multiple sclerosis,multiple_sclerosis,15697,136,Thal MDm R,,,,0,0,0
Multiple sclerosis,multiple_sclerosis,15697,137,Thal MDl L,0.43411542994702473,0.4419911163452098,0.4254063888997347,217,55,217
Multiple sclerosis,multiple_sclerosis,15697,139,Thal LGN L,,,,0,0,0
Multiple sclerosis,multiple_sclerosis,15697,140,Thal LGN R,,,,0,0,0
Multiple sclerosis,multiple_sclerosis,15697,141,Thal MGN L,0.5058211507960899,0.4956019439773097,0.4862153200781967,217,55,217
Multiple sclerosis,multiple_sclerosis,15697,143,Thal PuI L,0.5024651556336694,0.49009552998501293,0.4852220145930077,217,55,217
Multiple sclerosis,multiple_sclerosis,15697,144,Thal PuI R,,,,0,0,0
Multiple sclerosis,multiple_sclerosis,15697,145,Thal PuM L,0.5083751184682825,0.5125526094334873,0.5037744352671288,217,55,217
Multiple sclerosis,multiple_sclerosis,15697,146,Thal PuM R,,,,0,0,0
Multiple sclerosis,multiple_sclerosis,15697,147,Thal PuA L,,,,0,0,0
Multiple sclerosis,multiple_sclerosis,15697,148,Thal PuA R,,,,0,0,0
Multiple sclerosis,multiple_sclerosis,15697,153,ACC pre L,0.4750820312885192,0.49831710483177705,0.497653621875245,217,55,217
Multiple sclerosis,multiple_sclerosis,15697,154,ACC pre R,,,,0,0,0
Multiple sclerosis,multiple_sclerosis,15697,155,ACC sup L,0.48582117420201204,0.48712384132811615,0.5082945715311152,217,55,217
Multiple sclerosis,multiple_sclerosis,15697,156,ACC sup R,,,,0,0,0
Multiple sclerosis,multiple_sclerosis,15697,157,N Acc L,0.5125498193645244,0.5368777701634451,0.5283396237831215,217,55,217
Multiple sclerosis,multiple_sclerosis,15697,158,N Acc R,,,,0,0,0
Multiple sclerosis,multiple_sclerosis,15697,161,SN pc L,,,,0,0,0
Multiple sclerosis,multiple_sclerosis,15697,163,SN pr L,0.5114416229542086,0.5283498049147245,0.5226376556263799,217,55,217
Multiple sclerosis,multiple_sclerosis,15697,164,SN pr R,,,,0,0,0
Multiple sclerosis,multiple_sclerosis,15697,165,Red N L,0.5627476335473193,0.5791028103448086,0.5810165509147251,217,55,217
Multiple sclerosis,multiple_sclerosis,15697,166,Red N R,,,,0,0,0
Multiple sclerosis,multiple_sclerosis,15697,167,LC L,,,,0,0,0
Multiple sclerosis,multiple_sclerosis,15697,168,LC R,,,,0,0,0
Multiple sclerosis,multiple_sclerosis,15697,169,Raphe D,,,,0,0,0
Multiple sclerosis,multiple_sclerosis,15697,170,Raphe M,,,,0,0,0
Multiple sclerosis,multiple_sclerosis,9861,1,Precentral L,0.5256605480893636,0.5217824467839703,0.5148499257646357,217,55,217
Multiple sclerosis,multiple_sclerosis,9861,2,Precentral R,0.5122758715767692,0.501107746801869,0.49582750706024015,217,55,217
Multiple sclerosis,multiple_sclerosis,9861,3,Frontal Sup 2 L,0.48571531773748355,0.48762245808621396,0.4821540749655488,217,55,217
Multiple sclerosis,multiple_sclerosis,9861,4,Frontal Sup 2 R,0.48417615270968284,0.4865087915211047,0.4814985745960123,217,55,217
Multiple sclerosis,multiple_sclerosis,9861,5,Frontal Mid 2 L,0.512684253032052,0.5117773976756538,0.5054814736792915,217,55,217
Multiple sclerosis,multiple_sclerosis,9861,6,Frontal Mid 2 R,0.5114600956225601,0.5195701728395882,0.5102199872027244,217,55,217
Multiple sclerosis,multiple_sclerosis,9861,7,Frontal Inf Oper L,0.5232786221750558,0.5235560035569915,0.5137086704403634,217,55,217
Multiple sclerosis,multiple_sclerosis,9861,8,Frontal Inf Oper R,0.5027452139821661,0.4915550861003159,0.4893232765080898,217,55,217
Multiple sclerosis,multiple_sclerosis,9861,9,Frontal Inf Tri L,0.5337749357560999,0.5540232388068387,0.535048526008171,217,55,217
Multiple sclerosis,multiple_sclerosis,9861,10,Frontal Inf Tri R,0.49941722152427204,0.5142321936801926,0.4930273623519411,217,55,217
Multiple sclerosis,multiple_sclerosis,9861,11,Frontal Inf Orb 2 L,0.5420889746511541,0.5755643949249821,0.5527671227105158,217,55,217
Multiple sclerosis,multiple_sclerosis,9861,12,Frontal Inf Orb 2 R,0.5404937559424385,0.5452573485092197,0.532267502418533,217,55,217
Multiple sclerosis,multiple_sclerosis,9861,13,Rolandic Oper L,0.4964796894969263,0.4892373272928645,0.4864886584784897,217,55,217
Multiple sclerosis,multiple_sclerosis,9861,14,Rolandic Oper R,0.5344046394691481,0.5185744028753394,0.5204226476345013,217,55,217
Multiple sclerosis,multiple_sclerosis,9861,15,Supp Motor Area L,0.5195461947472763,0.5258716108829603,0.5135518149446229,217,55,217
Multiple sclerosis,multiple_sclerosis,9861,16,Supp Motor Area R,0.5059339500227328,0.498404930342185,0.497764236608469,217,55,217
Multiple sclerosis,multiple_sclerosis,9861,17,Olfactory L,0.534036162792214,0.5928232304161373,0.5673307817673939,217,55,217
Multiple sclerosis,multiple_sclerosis,9861,18,Olfactory R,0.5050202758756729,0.49343843549128713,0.5130911819999663,217,55,217
Multiple sclerosis,multiple_sclerosis,9861,19,Frontal Sup Medial L,0.5185407290364938,0.5108986001842201,0.5109794208904658,217,55,217
Multiple sclerosis,multiple_sclerosis,9861,20,Frontal Sup Medial R,0.47401039006820483,0.46396657663757407,0.4745218173848278,217,55,217
Multiple sclerosis,multiple_sclerosis,9861,21,Frontal Med Orb L,0.49198749232729844,0.4805122501385481,0.4994230494803593,217,55,217
Multiple sclerosis,multiple_sclerosis,9861,22,Frontal Med Orb R,0.4985727719922421,0.49368427354967276,0.4917030716346964,217,55,217
Multiple sclerosis,multiple_sclerosis,9861,23,Rectus L,0.4590715358932336,0.4452741804877608,0.4592111841521398,217,55,217
Multiple sclerosis,multiple_sclerosis,9861,24,Rectus R,0.5137971269863327,0.5132523660305792,0.5120470531651323,217,55,217
Multiple sclerosis,multiple_sclerosis,9861,25,OFCmed L,0.5038623636766747,0.5096386650832467,0.5042076423188824,217,55,217
Multiple sclerosis,multiple_sclerosis,9861,26,OFCmed R,0.5104984779040956,0.506750288717664,0.5088751978844575,217,55,217
Multiple sclerosis,multiple_sclerosis,9861,27,OFCant L,0.4973045933005505,0.5088901650368118,0.49679270320170515,217,55,217
Multiple sclerosis,multiple_sclerosis,9861,28,OFCant R,0.5043744103561449,0.517141142776855,0.5097630580224234,217,55,217
Multiple sclerosis,multiple_sclerosis,9861,29,OFCpost L,0.5138703543754232,0.5317914543435123,0.5070279562071186,217,55,217
Multiple sclerosis,multiple_sclerosis,9861,30,OFCpost R,0.5254535816457455,0.5312784269711714,0.527841465465762,217,55,217
Multiple sclerosis,multiple_sclerosis,9861,31,OFClat L,,,,0,0,0
Multiple sclerosis,multiple_sclerosis,9861,32,OFClat R,0.5195770153504834,0.5118214155782993,0.5103345134561095,217,55,217
Multiple sclerosis,multiple_sclerosis,9861,33,Insula L,0.49434430162682974,0.4970132561792087,0.49985616957624895,217,55,217
Multiple sclerosis,multiple_sclerosis,9861,34,Insula R,0.5093927852592075,0.5167012419547611,0.519004989243055,217,55,217
Multiple sclerosis,multiple_sclerosis,9861,37,Cingulate Mid L,0.4887110704336383,0.4797748304681278,0.47843359428435533,217,55,217
Multiple sclerosis,multiple_sclerosis,9861,38,Cingulate Mid R,0.49323642096443443,0.4880741657766721,0.48665648204764606,217,55,217
Multiple sclerosis,multiple_sclerosis,9861,39,Cingulate Post L,0.5483220960129773,0.5677711743675811,0.5561440516853593,217,55,217
Multiple sclerosis,multiple_sclerosis,9861,41,Hippocampus L,0.48352503026744276,0.4793276162328489,0.4868978194000512,217,55,217
Multiple sclerosis,multiple_sclerosis,9861,42,Hippocampus R,0.47955778840202223,0.46214369444794273,0.472961764245662,217,55,217
Multiple sclerosis,multiple_sclerosis,9861,43,ParaHippocampal L,0.48566818344132046,0.47837253060579754,0.4978652686088318,217,55,217
Multiple sclerosis,multiple_sclerosis,9861,44,ParaHippocampal R,0.5181939142420349,0.5280161007703384,0.5360323448066268,217,55,217
Multiple sclerosis,multiple_sclerosis,9861,45,Amygdala L,0.5185447077317096,0.5285005030705627,0.5319125769487096,217,55,217
Multiple sclerosis,multiple_sclerosis,9861,46,Amygdala R,0.44257933067849725,0.42784339978863734,0.44310451284624913,217,55,217
Multiple sclerosis,multiple_sclerosis,9861,47,Calcarine L,0.5009363110339287,0.5048130726568353,0.5023242660205789,217,55,217
Multiple sclerosis,multiple_sclerosis,9861,48,Calcarine R,0.4439239857898243,0.43382132284476216,0.4441180256057983,217,55,217
Multiple sclerosis,multiple_sclerosis,9861,49,Cuneus L,,,,0,0,0
Multiple sclerosis,multiple_sclerosis,9861,51,Lingual L,0.49503864833223965,0.49419064014488484,0.4983955577769556,217,55,217
Multiple sclerosis,multiple_sclerosis,9861,52,Lingual R,0.4937263113410148,0.4992261010478043,0.5001851019142828,217,55,217
Multiple sclerosis,multiple_sclerosis,9861,53,Occipital Sup L,,,,0,0,0
Multiple sclerosis,multiple_sclerosis,9861,55,Occipital Mid L,0.48662958808210177,0.47967014230038796,0.4903027401790013,217,55,217
Multiple sclerosis,multiple_sclerosis,9861,56,Occipital Mid R,0.5137241614683529,0.507626788589839,0.5067724242427823,217,55,217
Multiple sclerosis,multiple_sclerosis,9861,57,Occipital Inf L,0.48616635395193636,0.48167807134696333,0.4759410972931336,217,55,217
Multiple sclerosis,multiple_sclerosis,9861,58,Occipital Inf R,0.5102356359586815,0.5085133047789333,0.5061093625473873,217,55,217
Multiple sclerosis,multiple_sclerosis,9861,59,Fusiform L,0.4825982100327286,0.48454705452021657,0.4937844178821941,217,55,217
Multiple sclerosis,multiple_sclerosis,9861,60,Fusiform R,0.504552595175199,0.49747216642088893,0.5032891732522253,217,55,217
Multiple sclerosis,multiple_sclerosis,9861,61,Postcentral L,0.5191807673425362,0.5177085938207239,0.5133611176853998,217,55,217
Multiple sclerosis,multiple_sclerosis,9861,62,Postcentral R,0.5231558338566556,0.5172419771036838,0.5125067744450157,217,55,217
Multiple sclerosis,multiple_sclerosis,9861,63,Parietal Sup L,0.513632110762685,0.5065190334624533,0.5058295268731152,217,55,217
Multiple sclerosis,multiple_sclerosis,9861,64,Parietal Sup R,0.46381977343489933,0.43863086625579656,0.44678321914469815,217,55,217
Multiple sclerosis,multiple_sclerosis,9861,65,Parietal Inf L,0.5061249156731888,0.523222713722099,0.5082934026577196,217,55,217
Multiple sclerosis,multiple_sclerosis,9861,66,Parietal Inf R,0.5031223816452632,0.4972457811571184,0.49680299117016574,217,55,217
Multiple sclerosis,multiple_sclerosis,9861,67,SupraMarginal L,0.4547803070514196,0.44316099287010663,0.4423759724925933,217,55,217
Multiple sclerosis,multiple_sclerosis,9861,68,SupraMarginal R,0.5242708064778056,0.5366439169778019,0.5269274705054379,217,55,217
Multiple sclerosis,multiple_sclerosis,9861,69,Angular L,0.4993295469793995,0.48224290469281145,0.4867497577118277,217,55,217
Multiple sclerosis,multiple_sclerosis,9861,70,Angular R,0.4694576578823517,0.4641718466922941,0.46333756514104774,217,55,217
Multiple sclerosis,multiple_sclerosis,9861,71,Precuneus L,0.5379373844944859,0.560513193185672,0.5489651422504257,217,55,217
Multiple sclerosis,multiple_sclerosis,9861,72,Precuneus R,0.4827323498562948,0.48750170612701227,0.4809564718020721,217,55,217
Multiple sclerosis,multiple_sclerosis,9861,73,Paracentral Lobule L,0.5008927286654791,0.4751284291134104,0.48142132619233236,217,55,217
Multiple sclerosis,multiple_sclerosis,9861,74,Paracentral Lobule R,0.5055684109202863,0.4992264248828914,0.4849904829991583,217,55,217
Multiple sclerosis,multiple_sclerosis,9861,75,Caudate L,0.5365675475759878,0.5316587845627269,0.5304051207958634,217,55,217
Multiple sclerosis,multiple_sclerosis,9861,76,Caudate R,0.5262089323677995,0.5244300786788877,0.5220179875982408,217,55,217
Multiple sclerosis,multiple_sclerosis,9861,77,Putamen L,0.5034818861369502,0.49195482955868325,0.4966402614429212,217,55,217
Multiple sclerosis,multiple_sclerosis,9861,78,Putamen R,0.5088030112592599,0.4973317820456795,0.5037938714001383,217,55,217
Multiple sclerosis,multiple_sclerosis,9861,79,Pallidum L,0.5319456688538547,0.509067229477517,0.5230926700977367,217,55,217
Multiple sclerosis,multiple_sclerosis,9861,80,Pallidum R,0.571626252227935,0.5606265349934995,0.5683717609027867,217,55,217
Multiple sclerosis,multiple_sclerosis,9861,83,Heschl L,0.5124738445202353,0.5027905417171827,0.5107019833515248,217,55,217
Multiple sclerosis,multiple_sclerosis,9861,84,Heschl R,0.5068414800251032,0.4946505690553776,0.5071049727106155,217,55,217
Multiple sclerosis,multiple_sclerosis,9861,85,Temporal Sup L,0.5165771716145282,0.5075844218174962,0.5097054115751501,217,55,217
Multiple sclerosis,multiple_sclerosis,9861,86,Temporal Sup R,0.4761902940875437,0.4746878100689785,0.4741268644827406,217,55,217
Multiple sclerosis,multiple_sclerosis,9861,87,Temporal Pole Sup L,0.5228784155993118,0.5357214584162199,0.538395752104379,217,55,217
Multiple sclerosis,multiple_sclerosis,9861,88,Temporal Pole Sup R,0.4977811483228646,0.46819085376303354,0.48885545381778817,217,55,217
Multiple sclerosis,multiple_sclerosis,9861,89,Temporal Mid L,0.5032166613926046,0.4968374031283311,0.4998430616179986,217,55,217
Multiple sclerosis,multiple_sclerosis,9861,90,Temporal Mid R,0.5139457509600223,0.5179994271726429,0.5142278729391807,217,55,217
Multiple sclerosis,multiple_sclerosis,9861,91,Temporal Pole Mid L,,,,0,0,0
Multiple sclerosis,multiple_sclerosis,9861,93,Temporal Inf L,0.49951461679378567,0.49571550657051594,0.500881882653961,217,55,217
Multiple sclerosis,multiple_sclerosis,9861,94,Temporal Inf R,0.5026139185859111,0.4925475135717731,0.49906840114587164,217,55,217
Multiple sclerosis,multiple_sclerosis,9861,95,Cerebellum Crus1 L,0.43093014086146253,0.40766702166552254,0.41109730341608736,217,55,217
Multiple sclerosis,multiple_sclerosis,9861,96,Cerebellum Crus1 R,0.5321694948505563,0.5145406622192094,0.5217195567505148,217,55,217
Multiple sclerosis,multiple_sclerosis,9861,97,Cerebellum Crus2 L,0.48904903924772697,0.4615799112663757,0.47059416532970727,217,55,217
Multiple sclerosis,multiple_sclerosis,9861,98,Cerebellum Crus2 R,0.5296645051442145,0.5108992793855828,0.5186619645067514,217,55,217
Multiple sclerosis,multiple_sclerosis,9861,101,Cerebellum 4 5 L,0.5014256713298323,0.501941114911721,0.48950056893017374,217,55,217
Multiple sclerosis,multiple_sclerosis,9861,102,Cerebellum 4 5 R,0.4898787404826097,0.4482708076105158,0.47151640990783017,217,55,217
Multiple sclerosis,multiple_sclerosis,9861,103,Cerebellum 6 L,0.5093644237804338,0.49331294072480586,0.49499370862568426,217,55,217
Multiple sclerosis,multiple_sclerosis,9861,104,Cerebellum 6 R,0.4285682396579824,0.4022480516599369,0.410855636822534,217,55,217
Multiple sclerosis,multiple_sclerosis,9861,105,Cerebellum 7b L,0.4910227931813882,0.4194730890631908,0.45568753176390975,217,55,217
Multiple sclerosis,multiple_sclerosis,9861,106,Cerebellum 7b R,0.524110050899163,0.48992818758300055,0.5101177152352566,217,55,217
Multiple sclerosis,multiple_sclerosis,9861,107,Cerebellum 8 L,0.5191331097611699,0.47772320633385407,0.49926596872256596,217,55,217
Multiple sclerosis,multiple_sclerosis,9861,108,Cerebellum 8 R,0.5264982961468995,0.48210674299581613,0.5106253487763083,217,55,217
Multiple sclerosis,multiple_sclerosis,9861,109,Cerebellum 9 L,0.4448928145213276,0.40576200786878364,0.42856005575093165,217,55,217
Multiple sclerosis,multiple_sclerosis,9861,110,Cerebellum 9 R,0.48128815114668044,0.4476259458798523,0.4619318645890898,217,55,217
Multiple sclerosis,multiple_sclerosis,9861,111,Cerebellum 10 L,,,,0,0,0
Multiple sclerosis,multiple_sclerosis,9861,118,Vermis 8,0.5272075651542066,0.5756109973778539,0.5478486127596306,217,55,217
Multiple sclerosis,multiple_sclerosis,9861,119,Vermis 9,0.5288717774840854,0.5526607288851401,0.5461948986928263,217,55,217
Multiple sclerosis,multiple_sclerosis,9861,121,Thal AV L,0.5294652151332587,0.525203512346453,0.5247068201957786,217,55,217
Multiple sclerosis,multiple_sclerosis,9861,122,Thal AV R,0.48205141687124725,0.5247825295612444,0.5038729136959529,217,55,217
Multiple sclerosis,multiple_sclerosis,9861,125,Thal VA L,0.5644898558715975,0.5485321255875969,0.5569839847067012,217,55,217
Multiple sclerosis,multiple_sclerosis,9861,127,Thal VL L,0.5026744450994272,0.4911467155912799,0.496289036906275,217,55,217
Multiple sclerosis,multiple_sclerosis,9861,128,Thal VL R,0.5294209639641063,0.5301436012308907,0.521431162678316,217,55,217
Multiple sclerosis,multiple_sclerosis,9861,129,Thal VPL L,0.5189841803415555,0.5170545480726568,0.5110719452197767,217,55,217
Multiple sclerosis,multiple_sclerosis,9861,130,Thal VPL R,0.5334415732547497,0.5358545972508225,0.5243143290264374,217,55,217
Multiple sclerosis,multiple_sclerosis,9861,131,Thal IL L,0.5377782292861965,0.5460736085749456,0.5434349483950676,217,55,217
Multiple sclerosis,multiple_sclerosis,9861,135,Thal MDm L,0.397781083891688,0.4032196944048366,0.40746855054184666,217,55,217
Multiple sclerosis,multiple_sclerosis,9861,136,Thal MDm R,0.4748239598517057,0.47483204018055436,0.4717822980984676,217,55,217
Multiple sclerosis,multiple_sclerosis,9861,137,Thal MDl L,0.505340639386486,0.510125692170733,0.5101119955534291,217,55,217
Multiple sclerosis,multiple_sclerosis,9861,139,Thal LGN L,0.5074296403969684,0.5103916797262263,0.5089605556091157,217,55,217
Multiple sclerosis,multiple_sclerosis,9861,140,Thal LGN R,0.5496857613997972,0.530953088316257,0.5265405315124358,217,55,217
Multiple sclerosis,multiple_sclerosis,9861,141,Thal MGN L,0.5417264052332086,0.5264747923964725,0.535841756785397,217,55,217
Multiple sclerosis,multiple_sclerosis,9861,143,Thal PuI L,0.5391588571138626,0.5305041042462711,0.5304491334332339,217,55,217
Multiple sclerosis,multiple_sclerosis,9861,144,Thal PuI R,0.544792310744606,0.5596432608538485,0.5479401326821038,217,55,217
Multiple sclerosis,multiple_sclerosis,9861,145,Thal PuM L,0.541728876995321,0.5737666331132081,0.5534924187527116,217,55,217
Multiple sclerosis,multiple_sclerosis,9861,146,Thal PuM R,0.4915352418243135,0.5014365874482285,0.495756946115215,217,55,217
Multiple sclerosis,multiple_sclerosis,9861,147,Thal PuA L,0.555920395683676,0.5697949534181381,0.5646688480998809,217,55,217
Multiple sclerosis,multiple_sclerosis,9861,148,Thal PuA R,0.48236642737786567,0.477906142606438,0.4807867610600897,217,55,217
Multiple sclerosis,multiple_sclerosis,9861,153,ACC pre L,,,,0,0,0
Multiple sclerosis,multiple_sclerosis,9861,154,ACC pre R,0.5078792868796268,0.5112976704211442,0.5107288746554903,217,55,217
Multiple sclerosis,multiple_sclerosis,9861,155,ACC sup L,0.5147090969684907,0.5133334021604232,0.5217392644629654,217,55,217
Multiple sclerosis,multiple_sclerosis,9861,156,ACC sup R,0.528317860573609,0.5355443102791609,0.5382214234806185,217,55,217
Multiple sclerosis,multiple_sclerosis,9861,157,N Acc L,0.4961215929379362,0.4868089144686048,0.48662914366491467,217,55,217
Multiple sclerosis,multiple_sclerosis,9861,158,N Acc R,0.5418178023541992,0.5421666292054067,0.5390349065333525,217,55,217
Multiple sclerosis,multiple_sclerosis,9861,161,SN pc L,,,,0,0,0
Multiple sclerosis,multiple_sclerosis,9861,163,SN pr L,,,,0,0,0
Multiple sclerosis,multiple_sclerosis,9861,164,SN pr R,0.5007524154569665,0.5004128820928558,0.5029656116626179,217,55,217
Multiple sclerosis,multiple_sclerosis,9861,165,Red N L,0.5043324616219352,0.5082901499135588,0.5146314366584038,217,55,217
Multiple sclerosis,multiple_sclerosis,9861,166,Red N R,0.5184588771061499,0.5168219944640507,0.516177594412937,217,55,217
Multiple sclerosis,multiple_sclerosis,9861,167,LC L,0.5357029006470843,0.5169430970094908,0.5202885052643389,217,55,217
Multiple sclerosis,multiple_sclerosis,9861,168,LC R,0.4957325454831682,0.47669429959864396,0.4819267862788351,217,55,217
Multiple sclerosis,multiple_sclerosis,9861,169,Raphe D,0.4944188350172063,0.4871159179517904,0.498941563506847,217,55,217
Multiple sclerosis,multiple_sclerosis,9861,170,Raphe M,0.4894926765010488,0.4548340233962429,0.4723888468857657,217,55,217
