region_id,region,regional_weighted_score,contribution_rank,gene,expression,l2g_score,weighted_contribution,normalized_contribution
118,Vermis 8,0.5671194217937651,1,SIPA1L2,0.986457840127968,0.8528462648391724,0.01796023049758356,0.031669221344556374
118,Vermis 8,0.5671194217937651,2,ITPKB,0.9275314306662764,0.9014809131622314,0.01785039359414348,0.031475546257406874
118,Vermis 8,0.5671194217937651,3,FCGR2A,0.9342470501308914,0.8712173104286194,0.01737604195862438,0.03063912342071623
118,Vermis 8,0.5671194217937651,4,HIP1R,0.915277580708011,0.8798125386238098,0.017191176417344554,0.030313150558254374
118,Vermis 8,0.5671194217937651,5,STK39,0.9448578624554091,0.8421160578727722,0.01698638860960669,0.029952048822238824
118,Vermis 8,0.5671194217937651,6,CLCN3,0.9513802001291634,0.8020431399345398,0.01628975163277689,0.02872367090030771
118,Vermis 8,0.5671194217937651,7,GPNMB,0.8440568021272644,0.8844435214996338,0.01593692044382749,0.028101524707829558
118,Vermis 8,0.5671194217937651,8,RNF141,0.978270778346048,0.7541582584381104,0.015750131989889858,0.027772161179162473
118,Vermis 8,0.5671194217937651,9,MAP4K4,0.95455787429442,0.7526438236236572,0.015337493512824353,0.027044556972344175
118,Vermis 8,0.5671194217937651,10,IRS2,0.8621182794652241,0.7469207048416138,0.013746874799495445,0.02423982369712345
118,Vermis 8,0.5671194217937651,11,ASXL3,0.8862214518605883,0.7160765528678894,0.013547661511391671,0.02388855149509998
118,Vermis 8,0.5671194217937651,12,SLC2A13,0.9034676444998224,0.700274646282196,0.013506525169701139,0.023816015905399276
118,Vermis 8,0.5671194217937651,13,TMEM175,0.7938168589292047,0.7957037091255188,0.013484483806401016,0.023777150434648144
118,Vermis 8,0.5671194217937651,14,CTSB,0.744885672097022,0.8426995277404785,0.013400623225541714,0.023629279320317314
118,Vermis 8,0.5671194217937651,15,SLC18B1,0.8926993459857199,0.702358067035675,0.013385247840607932,0.023602167949514405
118,Vermis 8,0.5671194217937651,16,FAM47E,0.8782309790092674,0.6943575739860535,0.013018308381668401,0.022955144686267796
118,Vermis 8,0.5671194217937651,17,SLC50A1,0.9690382178731088,0.6150293350219727,0.01272328811459363,0.02243493632143762
118,Vermis 8,0.5671194217937651,18,ELOVL7,0.9564430480755872,0.6225336194038391,0.012711141414424938,0.022413518080936747
118,Vermis 8,0.5671194217937651,19,SV2C,0.96329350882764,0.5758057832717896,0.011841242677656242,0.020879628209880565
118,Vermis 8,0.5671194217937651,20,TOX3,0.7590397223720019,0.7276461720466614,0.011790911470660054,0.02079087934136713
118,Vermis 8,0.5671194217937651,21,USP25,0.935764152804718,0.5770121216773987,0.01152693824484112,0.02032541613260591
118,Vermis 8,0.5671194217937651,22,ITGA8,0.8811183163460719,0.5747663378715515,0.010811555442648814,0.0190639837522272
118,Vermis 8,0.5671194217937651,23,AZI2,0.8949577817972795,0.5317397713661194,0.010159312480657745,0.017913885665429074
118,Vermis 8,0.5671194217937651,24,ITPA,0.9667510683189589,0.4807567894458771,0.009922079725566796,0.017495573849655607
118,Vermis 8,0.5671194217937651,25,PIK3CA,0.8052700260818701,0.5610139966011047,0.009644458661387805,0.017006045447858165
118,Vermis 8,0.5671194217937651,26,NSF,0.8451066106949012,0.5286843180656433,0.009538290666061813,0.01681883973554066
118,Vermis 8,0.5671194217937651,27,KPNA1,0.95685817773369,0.3957322239875793,0.008083726549717235,0.014254011128994479
118,Vermis 8,0.5671194217937651,28,KTN1,0.7734398304507492,0.4827914834022522,0.007971659854400782,0.01405640425642081
118,Vermis 8,0.5671194217937651,29,PARP9,0.9027512596770952,0.4089574217796325,0.007881498962736256,0.013897423822671333
118,Vermis 8,0.5671194217937651,30,GALC,0.4442447387483082,0.730959951877594,0.00693231840458805,0.012223736550339863
118,Vermis 8,0.5671194217937651,31,DLG2,0.5268765036236117,0.607625424861908,0.006834510177427464,0.012051271592516297
118,Vermis 8,0.5671194217937651,32,FYN,0.3924549863468785,0.7615038752555847,0.006380057526605512,0.011249936576719194
118,Vermis 8,0.5671194217937651,33,FAM171A1,0.9216924749867244,0.316009521484375,0.006217973051331997,0.010964133500603669
118,Vermis 8,0.5671194217937651,34,MYLK2,0.9523839011652828,0.2965930700302124,0.006030254902963747,0.010633130644495323
118,Vermis 8,0.5671194217937651,35,P2RY12,0.9305842871204412,0.3019077479839325,0.005997808554513086,0.010575918094186192
118,Vermis 8,0.5671194217937651,36,TMED5,0.929326904770989,0.3018712401390075,0.0059889801666533566,0.01056035102397053
118,Vermis 8,0.5671194217937651,37,CD38,0.8277618175793164,0.321556955575943,0.005682323087335911,0.010019623502512159
118,Vermis 8,0.5671194217937651,38,ZCWPW2,0.926204114103495,0.2858431041240692,0.005651933594992046,0.009966037800495917
118,Vermis 8,0.5671194217937651,39,CCAR2,0.6672231921557517,0.3965764939785003,0.005648858915503576,0.009960616227242888
118,Vermis 8,0.5671194217937651,40,MED12L,0.4463094738588547,0.5456203818321228,0.00519863488016364,0.009166737516625105
118,Vermis 8,0.5671194217937651,41,HSD3B7,0.6691783201543231,0.3309276401996612,0.0047275652339626275,0.008336101801997228
118,Vermis 8,0.5671194217937651,42,SPPL2B,0.3123707301742516,0.6948310136795044,0.004633531854818696,0.008170293022522687
118,Vermis 8,0.5671194217937651,43,SEC23IP,0.318746106387505,0.6697301864624023,0.004557297581420443,0.008035869353593966
118,Vermis 8,0.5671194217937651,44,NCKIPSD,0.5855333285522838,0.3463244140148163,0.004329097365804035,0.00763348458797507
118,Vermis 8,0.5671194217937651,45,PKP2,0.2828453749172926,0.7130399346351624,0.0043055195017429925,0.007591909809974226
118,Vermis 8,0.5671194217937651,46,MIPOL1,0.8900683674850511,0.2262192219495773,0.0042984858013657735,0.007579507306891239
118,Vermis 8,0.5671194217937651,47,DGKQ,0.749941380514091,0.2635650038719177,0.004219662220366773,0.007440517919524314
118,Vermis 8,0.5671194217937651,48,C2CD4A,0.8827932337526754,0.2195565849542617,0.004137786594627125,0.007296146870688285
118,Vermis 8,0.5671194217937651,49,SH3GL2,0.1905029667139756,0.8994671702384949,0.003658050404884784,0.006450229465452957
118,Vermis 8,0.5671194217937651,50,TMEM163,0.194438711559706,0.8511537313461304,0.003533079154390942,0.0062298680288818626
118,Vermis 8,0.5671194217937651,51,CYLD,0.94676467647813,0.169330820441246,0.0034224781503933437,0.006034845605478034
118,Vermis 8,0.5671194217937651,52,ERCC8,0.4947407273123703,0.3066307008266449,0.003238589654675777,0.005710595564567888
118,Vermis 8,0.5671194217937651,53,WNT3,0.9772585145859496,0.1518237739801406,0.003167465339204565,0.005585182269346485
118,Vermis 8,0.5671194217937651,54,DYRK1A,0.1969705131244275,0.7525694370269775,0.0031645387551174553,0.005580021832276894
118,Vermis 8,0.5671194217937651,55,MCCC1,0.2238531692618532,0.6534242630004883,0.0031226343266626045,0.005506131877455193
118,Vermis 8,0.5671194217937651,56,ALG10,0.2037217866685606,0.7019623517990112,0.003052909442222737,0.005383186194834535
118,Vermis 8,0.5671194217937651,57,STBD1,0.978740223848538,0.1455356031656265,0.0030408802133468373,0.005361975091116993
118,Vermis 8,0.5671194217937651,58,AMPD3,0.9751491001712344,0.145731434226036,0.0030337995937572164,0.005349489855525474
118,Vermis 8,0.5671194217937651,59,NDUFAF2,0.9322607100779792,0.1519088149070739,0.0030233121017647106,0.005330997291896927
118,Vermis 8,0.5671194217937651,60,DCUN1D1,0.8568248146829914,0.163753792643547,0.00299533932628005,0.005281672979574516
118,Vermis 8,0.5671194217937651,61,SLC45A3,0.9548652902930206,0.1365202218294143,0.002782926379973726,0.0049071258592617
118,Vermis 8,0.5671194217937651,62,CTF1,0.9329271238283348,0.1332284361124038,0.0026534278024278827,0.004678781400282942
118,Vermis 8,0.5671194217937651,63,FASN,0.2211174361016527,0.5596649646759033,0.0026418839480247596,0.004658426155938444
118,Vermis 8,0.5671194217937651,64,LRRK2,0.8556890178566245,0.1440357118844986,0.0026311691412540714,0.004639532768833488
118,Vermis 8,0.5671194217937651,65,DTX3L,0.9728558045560068,0.1236892640590667,0.0025688757876246257,0.0045296910825226655
118,Vermis 8,0.5671194217937651,66,NEK1,0.7664956128451728,0.1384527385234832,0.0022655510318517497,0.00399483943731983
118,Vermis 8,0.5671194217937651,67,INTS2,0.5087031781696802,0.1789993643760681,0.0019439207929677974,0.0034277097878596587
118,Vermis 8,0.5671194217937651,68,NUCKS1,0.8898391200687991,0.1008259132504463,0.0019153417906470718,0.003377316517549268
118,Vermis 8,0.5671194217937651,69,SNX20,0.6960895161144585,0.1277837306261062,0.001898905189727398,0.0033483339077354734
118,Vermis 8,0.5671194217937651,70,COX4I2,0.9166304810758698,0.0888595879077911,0.0017388463785716823,0.0030661026791708452
118,Vermis 8,0.5671194217937651,71,VAMP4,0.1301628095352938,0.5934772491455078,0.0016491251487395465,0.0029078974998307462
118,Vermis 8,0.5671194217937651,72,CMC1,0.8020735833475722,0.0913318544626236,0.0015638644750527622,0.0027575576059559958
118,Vermis 8,0.5671194217937651,73,FOXS1,0.9203553138745632,0.0717954486608505,0.0014106363260866484,0.0024873708638383264
118,Vermis 8,0.5671194217937651,74,ANK2,0.9517603522992296,0.0663385838270187,0.0013478961439388694,0.0023767412861219863
118,Vermis 8,0.5671194217937651,75,RPP38,0.8712953963712144,0.0709610506892204,0.0013199214362199104,0.002327413566696549
118,Vermis 8,0.5671194217937651,76,MTMR7,0.8189860330222825,0.0743675380945205,0.0013002370152208525,0.002292704085337584
118,Vermis 8,0.5671194217937651,77,YARS2,0.4605096928375498,0.1202353090047836,0.0011820434069440779,0.0020842936452526097
118,Vermis 8,0.5671194217937651,78,NTPCR,0.9583499536998064,0.0572280026972293,0.0011708340407453853,0.0020645282029702096
118,Vermis 8,0.5671194217937651,79,UBAP2,0.0806253756881598,0.5707280039787292,0.0009823439152111682,0.0017321641218071382
118,Vermis 8,0.5671194217937651,80,BCL2L1,0.1789175292011879,0.2567904889583587,0.0009808316054781025,0.001729497470525328
118,Vermis 8,0.5671194217937651,81,CNOT7,0.4803576371221998,0.0932418778538703,0.0009561770965235648,0.0016860242477664301
118,Vermis 8,0.5671194217937651,82,ACBD7,0.6037278287756771,0.0733931586146354,0.0009459308713403572,0.0016679571091895156
118,Vermis 8,0.5671194217937651,83,CCDC90B,0.7245576831889551,0.0561612658202648,0.000868705316270446,0.0015317855162194647
118,Vermis 8,0.5671194217937651,84,DR1,0.3597389210334678,0.0850554704666137,0.0006532092172407178,0.001151801881823508
118,Vermis 8,0.5671194217937651,85,ITGA2B,0.0531113622408829,0.5718092322349548,0.0006483376300783631,0.0011432118265809169
118,Vermis 8,0.5671194217937651,86,BIN3,0.4061466896785229,0.0713214352726936,0.0006183944990036744,0.0010904131920711334
118,Vermis 8,0.5671194217937651,87,CNTN1,0.0362561636055263,0.7606772780418396,0.0005887689753054755,0.0010381745937094425
118,Vermis 8,0.5671194217937651,88,CCSER1,0.0306308102331438,0.8328624963760376,0.000544621041693437,0.0009603286728760469
118,Vermis 8,0.5671194217937651,89,UBOX5,0.2606723099730866,0.0885050073266029,0.0004925216982787933,0.0008684620546427008
118,Vermis 8,0.5671194217937651,90,TPX2,0.3576404938118308,0.0610919557511806,0.0004664373720399533,0.0008224676392930433
118,Vermis 8,0.5671194217937651,91,MICU3,0.0816934201947102,0.2358701527118683,0.00041136059963939005,0.0007253509293303361
118,Vermis 8,0.5671194217937651,92,FASTKD5,0.2047489740825676,0.0885050073266029,0.00038685855220448425,0.0006821465415183171
118,Vermis 8,0.5671194217937651,93,RIMS1,0.0261315941877412,0.67091304063797,0.00037427839979390753,0.0006599639959606522
118,Vermis 8,0.5671194217937651,94,B3GALT1,0.2242980439199447,0.0701578333973884,0.00033594198215747517,0.0005923655040677515
118,Vermis 8,0.5671194217937651,95,C8orf58,0.0256027701768151,0.5322436690330505,0.00029091096267712277,0.0005129624405332282
118,Vermis 8,0.5671194217937651,96,PDLIM2,0.0601375592990178,0.1904719173908233,0.0002445340705453715,0.00043118620373099715
118,Vermis 8,0.5671194217937651,97,DPM3,0.1152225253839312,0.0954490676522255,0.00023478573440240445,0.0004139969914269402
118,Vermis 8,0.5671194217937651,98,P4HTM,0.1116905483304162,0.0821254402399063,0.0001958198705509354,0.000345288598883757
118,Vermis 8,0.5671194217937651,99,MCMBP,0.0455687719737934,0.1930699795484542,0.00018782123895066347,0.0003311846354275722
118,Vermis 8,0.5671194217937651,100,FBRSL1,0.0121738937186918,0.6778879165649414,0.0001761773300417658,0.0003106529652688097
118,Vermis 8,0.5671194217937651,101,SNCA,0.0182687570062549,0.4322746694087982,0.00016858984525292936,0.0002972739757698472
118,Vermis 8,0.5671194217937651,102,MED13,0.0427786846964822,0.1776958703994751,0.00016228089259692934,0.0002861494182012752
118,Vermis 8,0.5671194217937651,103,VPS13C,0.0244169061271495,0.2877374291419983,0.00014998561835682746,0.00026446919747948673
118,Vermis 8,0.5671194217937651,104,CAMK2D,0.0101987222563441,0.6061360836029053,0.0001319710064359145,0.00023270408553192933
118,Vermis 8,0.5671194217937651,105,ARIH2,0.1047868961508272,0.0570767857134342,0.00012768183327242484,0.00022514099917187615
118,Vermis 8,0.5671194217937651,106,NRIP1,0.0177338442286231,0.3074838519096374,0.00011640934020994113,0.0002052642454771614
118,Vermis 8,0.5671194217937651,107,RORA,0.0304943688771504,0.1622077226638794,0.00010559754022225579,0.00018619983051939418
118,Vermis 8,0.5671194217937651,108,LZTS3,0.013394658299988,0.3598359227180481,0.00010289606859220837,0.00018143633357989097
118,Vermis 8,0.5671194217937651,109,CERS6,0.0630692693651789,0.0747304856777191,0.00010061859068481849,0.0001774204635181915
118,Vermis 8,0.5671194217937651,110,FAM171A2,0.0641208033098408,0.0734663009643554,0.00010056567053066247,0.0001773271495668043
118,Vermis 8,0.5671194217937651,111,RIT2,0.0051865322069925,0.8445248007774353,9.35087200394798e-05,0.00016488364962659424
118,Vermis 8,0.5671194217937651,112,MTF2,0.0294606400555894,0.1314258724451065,8.265814831577932e-05,0.00014575086858132377
118,Vermis 8,0.5671194217937651,113,IP6K2,0.0372928281602209,0.0962643772363662,7.663965676100381e-05,0.0001351384802139154
118,Vermis 8,0.5671194217937651,114,METTL13,0.0481280850957398,0.0712111964821815,7.316602998329646e-05,0.0001290134443850939
118,Vermis 8,0.5671194217937651,115,VPS37A,0.038534043347011,0.0843638330698013,6.940064563184412e-05,0.00012237395328894583
118,Vermis 8,0.5671194217937651,116,WDR6,0.0555373799025555,0.0575480684638023,6.823053303947043e-05,0.00012031069721375679
118,Vermis 8,0.5671194217937651,117,ZDHHC2,0.0424782105345927,0.0558798909187316,5.067390678330225e-05,8.935315003500273e-05
118,Vermis 8,0.5671194217937651,118,DCAF16,0.0259430966315152,0.0746670886874198,4.135363183714738e-05,7.291873677390264e-05
118,Vermis 8,0.5671194217937651,119,DDRGK1,0.0109410474972224,0.1576443612575531,3.6821372281206735e-05,6.492701689662285e-05
118,Vermis 8,0.5671194217937651,120,NOL4,0.0278316871861029,0.0601187869906425,3.5720075589253915e-05,6.298510369522078e-05
118,Vermis 8,0.5671194217937651,121,PRSS3,0.0243153334604088,0.0544609166681766,2.827012978300873e-05,4.984863627768559e-05
118,Vermis 8,0.5671194217937651,122,ARL17A,0.0086323210709204,0.0748985931277275,1.3802694341249655e-05,2.433825013009176e-05
118,Vermis 8,0.5671194217937651,123,CNTLN,0.0097804502034546,0.0592545457184314,1.237209210772553e-05,2.18156734406897e-05
143,Thal PuI L,0.5663553482550286,1,TMEM163,0.965493344818792,0.8511537313461304,0.017543648499414165,0.03097639768648268
143,Thal PuI L,0.5663553482550286,2,SIPA1L2,0.923958594961574,0.8528462648391724,0.016822319880980006,0.029702765115241656
143,Thal PuI L,0.5663553482550286,3,STK39,0.8611438382165568,0.8421160578727722,0.015481401453020172,0.02733513773767512
143,Thal PuI L,0.5663553482550286,4,SH3GL2,0.7456967633987714,0.8994671702384949,0.014318917937733268,0.025282568588520658
143,Thal PuI L,0.5663553482550286,5,HIP1R,0.7258583954924092,0.8798125386238098,0.013633415691519565,0.02407219377997374
143,Thal PuI L,0.5663553482550286,6,SLC2A13,0.7977861426654773,0.700274646282196,0.01192662369432774,0.021058552251822654
143,Thal PuI L,0.5663553482550286,7,CAMK2D,0.9150315985708009,0.6061360836029053,0.011840467653576426,0.020906428605393313
143,Thal PuI L,0.5663553482550286,8,SPPL2B,0.7916184217906975,0.6948310136795044,0.011742422768555694,0.020733313112932947
143,Thal PuI L,0.5663553482550286,9,TOX3,0.7520426958963924,0.7276461720466614,0.011682219768104673,0.020627014124786177
143,Thal PuI L,0.5663553482550286,10,ITPKB,0.5829015811781415,0.9014809131622314,0.01121797311300182,0.019807304985403597
143,Thal PuI L,0.5663553482550286,11,RNF141,0.649175485121878,0.7541582584381104,0.010451707034075964,0.01845432742231222
143,Thal PuI L,0.5663553482550286,12,RIT2,0.5660471698575507,0.8445248007774353,0.01020534419201884,0.018019330484760235
143,Thal PuI L,0.5663553482550286,13,RIMS1,0.6927748347852432,0.67091304063797,0.009922496680380389,0.017519913444716526
143,Thal PuI L,0.5663553482550286,14,CNTN1,0.6074433807238523,0.7606772780418396,0.009864359084323059,0.017417261291370653
143,Thal PuI L,0.5663553482550286,15,C8orf58,0.8440516075443467,0.5322436690330505,0.009590519463485797,0.016933749267195413
143,Thal PuI L,0.5663553482550286,16,GALC,0.6061540285002285,0.730959951877594,0.009458868865002006,0.016701296975733148
143,Thal PuI L,0.5663553482550286,17,ELOVL7,0.7000060616983064,0.6225336194038391,0.009303090298063045,0.016426242511395656
143,Thal PuI L,0.5663553482550286,18,TMEM175,0.5469997686145478,0.7957037091255188,0.009291827754751413,0.016406356509883827
143,Thal PuI L,0.5663553482550286,19,SEC23IP,0.6424906781879218,0.6697301864624023,0.009186061116088903,0.01621960690296587
143,Thal PuI L,0.5663553482550286,20,ALG10,0.585782780724975,0.7019623517990112,0.008778353123695404,0.01549972671882058
143,Thal PuI L,0.5663553482550286,21,SLC18B1,0.5763884330247326,0.702358067035675,0.008642441672203384,0.015259751141807366
143,Thal PuI L,0.5663553482550286,22,MAP4K4,0.5376413712827515,0.7526438236236572,0.008638628695374217,0.015253018660440475
143,Thal PuI L,0.5663553482550286,23,NSF,0.7445385634849631,0.5286843180656433,0.008403230007599016,0.014837380866076076
143,Thal PuI L,0.5663553482550286,24,SLC50A1,0.6225163743945367,0.6150293350219727,0.008173521994682643,0.014431790959272661
143,Thal PuI L,0.5663553482550286,25,AZI2,0.705580765041723,0.5317397713661194,0.00800955711900175,0.014142282126724194
143,Thal PuI L,0.5663553482550286,26,FCGR2A,0.4305535484346796,0.8712173104286194,0.00800785672482182,0.014139279781667916
143,Thal PuI L,0.5663553482550286,27,FYN,0.4887645618313224,0.7615038752555847,0.00794574188106701,0.014029605097838783
143,Thal PuI L,0.5663553482550286,28,ITGA8,0.6466096046369919,0.5747663378715515,0.007934071350681478,0.014008998723375311
143,Thal PuI L,0.5663553482550286,29,ITPA,0.7654845409548648,0.4807567894458771,0.007856416085735523,0.01387188469207815
143,Thal PuI L,0.5663553482550286,30,KTN1,0.760176913004027,0.4827914834022522,0.007834962127700245,0.013834003955008431
143,Thal PuI L,0.5663553482550286,31,MED12L,0.658134201393183,0.5456203818321228,0.007665979809053436,0.013535635944240187
143,Thal PuI L,0.5663553482550286,32,UBAP2,0.616431569287609,0.5707280039787292,0.007510635405605705,0.01326134807192406
143,Thal PuI L,0.5663553482550286,33,CLCN3,0.4163816399386273,0.8020431399345398,0.007129382657036293,0.012588179274729732
143,Thal PuI L,0.5663553482550286,34,PIK3CA,0.5886491022330078,0.5610139966011047,0.007050059916140599,0.012448121021302636
143,Thal PuI L,0.5663553482550286,35,DYRK1A,0.4208006535844625,0.7525694370269775,0.006760605713635835,0.011937038706292126
143,Thal PuI L,0.5663553482550286,36,CTSB,0.3725717526369134,0.8426995277404785,0.006702630844692502,0.011834673876292804
143,Thal PuI L,0.5663553482550286,37,FASN,0.5433567157962984,0.5596649646759033,0.006491959253967502,0.011462696121736251
143,Thal PuI L,0.5663553482550286,38,ASXL3,0.4139488572317355,0.7160765528678894,0.006328033460518343,0.01117325629574322
143,Thal PuI L,0.5663553482550286,39,VAMP4,0.4924156616646543,0.5934772491455078,0.0062387640078114285,0.011015635372798007
143,Thal PuI L,0.5663553482550286,40,CCSER1,0.3430837375466326,0.8328624963760376,0.006100087497148368,0.01077077759739193
143,Thal PuI L,0.5663553482550286,41,IRS2,0.381525036911546,0.7469207048416138,0.006083593214784008,0.010741654040220306
143,Thal PuI L,0.5663553482550286,42,FBRSL1,0.4187376929175149,0.6778879165649414,0.006059859764734673,0.010699748458993857
143,Thal PuI L,0.5663553482550286,43,SV2C,0.492372369292139,0.5758057832717896,0.006052465483398164,0.010686692554499813
143,Thal PuI L,0.5663553482550286,44,TMED5,0.8155720792668955,0.3018712401390075,0.0052558954035763494,0.009280207946777664
143,Thal PuI L,0.5663553482550286,45,ITGA2B,0.4005944163678322,0.5718092322349548,0.00489011058222535,0.00863435049618944
143,Thal PuI L,0.5663553482550286,46,MCCC1,0.341495692917156,0.6534242630004883,0.004763685842049244,0.008411125376897059
143,Thal PuI L,0.5663553482550286,47,GPNMB,0.2521208060321481,0.8844435214996338,0.0047603777587496765,0.008405284373877029
143,Thal PuI L,0.5663553482550286,48,NCKIPSD,0.6125366657483142,0.3463244140148163,0.004528744542528006,0.007996295181958308
143,Thal PuI L,0.5663553482550286,49,PARP9,0.5154307999229636,0.4089574217796325,0.004499985207894612,0.007945515517350208
143,Thal PuI L,0.5663553482550286,50,MICU3,0.865476598559054,0.2358701527118683,0.004358037302252223,0.007694881518607655
143,Thal PuI L,0.5663553482550286,51,HSD3B7,0.6094793565678908,0.3309276401996612,0.004305808078575807,0.007602661636095135
143,Thal PuI L,0.5663553482550286,52,CCAR2,0.5071551715986995,0.3965764939785003,0.004293687698973615,0.007581260973702636
143,Thal PuI L,0.5663553482550286,53,KPNA1,0.5080147802699796,0.3957322239875793,0.004291809029258412,0.007577943851826784
143,Thal PuI L,0.5663553482550286,54,MYLK2,0.6653121005675413,0.2965930700302124,0.0042125885911549615,0.0074380662319763965
143,Thal PuI L,0.5663553482550286,55,FAM171A1,0.5710910683671495,0.316009521484375,0.0038527263369644875,0.006802666115602058
143,Thal PuI L,0.5663553482550286,56,DLG2,0.2931158079953032,0.607625424861908,0.003802224922028193,0.0067134969833745756
143,Thal PuI L,0.5663553482550286,57,ERCC8,0.5714376860146875,0.3066307008266449,0.0037406505590767015,0.006604776613484532
143,Thal PuI L,0.5663553482550286,58,PKP2,0.2440512956993626,0.7130399346351624,0.0037149895534495077,0.00655946759379176
143,Thal PuI L,0.5663553482550286,59,USP25,0.2988393608257123,0.5770121216773987,0.003681165651666765,0.006499745544927993
143,Thal PuI L,0.5663553482550286,60,VPS13C,0.5948669479215998,0.2877374291419983,0.0036540864988973023,0.006451932536976545
143,Thal PuI L,0.5663553482550286,61,CYLD,0.9562387270138988,0.169330820441246,0.0034567260810142958,0.006103457999760494
143,Thal PuI L,0.5663553482550286,62,RORA,0.9770019048729746,0.1622077226638794,0.0033832147293380967,0.005973660776334086
143,Thal PuI L,0.5663553482550286,63,FAM47E,0.226716879082524,0.6943575739860535,0.003360699312332705,0.00593390584672185
143,Thal PuI L,0.5663553482550286,64,LZTS3,0.4353448505420594,0.3598359227180481,0.0033442640043068943,0.005904886419119642
143,Thal PuI L,0.5663553482550286,65,BCL2L1,0.6052479311728344,0.2567904889583587,0.0033179884760034446,0.005858492351535737
143,Thal PuI L,0.5663553482550286,66,WNT3,0.944032217110044,0.1518237739801406,0.003059773112394322,0.0054025677021001875
143,Thal PuI L,0.5663553482550286,67,INTS2,0.7837113499033941,0.1789993643760681,0.0029948167303446797,0.0052878757825310044
143,Thal PuI L,0.5663553482550286,68,P2RY12,0.4566976339968636,0.3019077479839325,0.002943510882274069,0.005197286282089829
143,Thal PuI L,0.5663553482550286,69,NRIP1,0.4432120255063776,0.3074838519096374,0.0029093533695888846,0.005136975184489311
143,Thal PuI L,0.5663553482550286,70,PDLIM2,0.6815148910460573,0.1904719173908233,0.0027712067531064505,0.004893053030477574
143,Thal PuI L,0.5663553482550286,71,CD38,0.3556705137245306,0.321556955575943,0.002441565591333727,0.0043110135692305575
143,Thal PuI L,0.5663553482550286,72,STBD1,0.778579093227497,0.1455356031656265,0.002418993009004403,0.004271157704182455
143,Thal PuI L,0.5663553482550286,73,AMPD3,0.724185143190533,0.145731434226036,0.002253022222786911,0.003978107083703886
143,Thal PuI L,0.5663553482550286,74,DCUN1D1,0.6274096848278713,0.163753792643547,0.0021933362228184305,0.003872720950859239
143,Thal PuI L,0.5663553482550286,75,DTX3L,0.8264366595831039,0.1236892640590667,0.002182248504728112,0.003853143634030714
143,Thal PuI L,0.5663553482550286,76,MIPOL1,0.4443073084694522,0.2262192219495773,0.0021457325377098736,0.003788668270408306
143,Thal PuI L,0.5663553482550286,77,SLC45A3,0.6875567587617288,0.1365202218294143,0.0020038636456248954,0.0035381737840013464
143,Thal PuI L,0.5663553482550286,78,C2CD4A,0.4040587912258709,0.2195565849542617,0.0018938852110006695,0.003343987510378125
143,Thal PuI L,0.5663553482550286,79,DDRGK1,0.5217476188964525,0.1576443612575531,0.0017559071301990656,0.0031003629357595187
143,Thal PuI L,0.5663553482550286,80,LRRK2,0.560769605070265,0.1440357118844986,0.0017243176544557905,0.0030445861591463837
143,Thal PuI L,0.5663553482550286,81,MCMBP,0.4038913082268278,0.1930699795484542,0.0016647226297033812,0.002939360659049978
143,Thal PuI L,0.5663553482550286,82,DGKQ,0.2886826789846255,0.2635650038719177,0.00162431814784063,0.0028680194384060136
143,Thal PuI L,0.5663553482550286,83,NEK1,0.5350568041526567,0.1384527385234832,0.001581481321527417,0.002792383485739202
143,Thal PuI L,0.5663553482550286,84,CTF1,0.5534104319450072,0.1332284361124038,0.0015740078606040272,0.0027791877757553274
143,Thal PuI L,0.5663553482550286,85,NDUFAF2,0.4598255911702508,0.1519088149070739,0.0014912097650987008,0.002632993172384084
143,Thal PuI L,0.5663553482550286,86,YARS2,0.5542992037478824,0.1202353090047836,0.0014227837751412285,0.0025121750496837395
143,Thal PuI L,0.5663553482550286,87,ZCWPW2,0.2292885148079058,0.2858431041240692,0.0013991769633230392,0.002470493070532447
143,Thal PuI L,0.5663553482550286,88,MED13,0.3632653313295417,0.1776958703994751,0.0013780466285005953,0.002433183747176452
143,Thal PuI L,0.5663553482550286,89,MTMR7,0.8665909789048953,0.0743675380945205,0.0013758154869509983,0.0024292442742704905
143,Thal PuI L,0.5663553482550286,90,P4HTM,0.7505234586591778,0.0821254402399063,0.0013158446145801355,0.0023233551490849753
143,Thal PuI L,0.5663553482550286,91,IP6K2,0.607762659093974,0.0962643772363662,0.0012489994426006343,0.002205328238620627
143,Thal PuI L,0.5663553482550286,92,DR1,0.6848561897079659,0.0850554704666137,0.0012435528919596164,0.002195711395312271
143,Thal PuI L,0.5663553482550286,93,CMC1,0.6270431105170682,0.0913318544626236,0.0012225941175764746,0.0021587049920926017
143,Thal PuI L,0.5663553482550286,94,CERS6,0.7025212547749384,0.0747304856777191,0.001120778776939683,0.0019789320969473717
143,Thal PuI L,0.5663553482550286,95,FASTKD5,0.5700675516569229,0.0885050073266029,0.0010771018935792982,0.0019018128757817985
143,Thal PuI L,0.5663553482550286,96,ANK2,0.7541238357038188,0.0663385838270187,0.0010680005820183497,0.0018857429091274883
143,Thal PuI L,0.5663553482550286,97,METTL13,0.6748946102584474,0.0712111964821815,0.0010259988360539552,0.0018115814377229998
143,Thal PuI L,0.5663553482550286,98,NUCKS1,0.4650822751181842,0.1008259132504463,0.0010010703030837802,0.001767565727362038
143,Thal PuI L,0.5663553482550286,99,NTPCR,0.8088433987911062,0.0572280026972293,0.0009881790897790005,0.0017448040224633408
143,Thal PuI L,0.5663553482550286,100,VPS37A,0.5415649737398676,0.0843638330698013,0.0009753702327750897,0.0017221877321018646
143,Thal PuI L,0.5663553482550286,101,UBOX5,0.4805912179926403,0.0885050073266029,0.0009080427563942157,0.0016033092283703936
143,Thal PuI L,0.5663553482550286,102,B3GALT1,0.5588566113226605,0.0701578333973884,0.000837026460277793,0.0014779174644624024
143,Thal PuI L,0.5663553482550286,103,FAM171A2,0.5232469194636904,0.0734663009643554,0.0008206490654008031,0.0014490002927124584
143,Thal PuI L,0.5663553482550286,104,SNX20,0.2951554992425159,0.1277837306261062,0.000805172749069296,0.0014216741336513842
143,Thal PuI L,0.5663553482550286,105,FOXS1,0.5179858459259464,0.0717954486608505,0.0007939212602421598,0.001401807650776626
143,Thal PuI L,0.5663553482550286,106,CNOT7,0.3939026469383326,0.0932418778538703,0.0007840838994855551,0.0013844380597823605
143,Thal PuI L,0.5663553482550286,107,BIN3,0.5027515739951894,0.0713214352726936,0.0007654840372333196,0.0013515967309072245
143,Thal PuI L,0.5663553482550286,108,ZDHHC2,0.6131728868168944,0.0558798909187316,0.0007314777462978073,0.0012915526419085288
143,Thal PuI L,0.5663553482550286,109,PRSS3,0.628843346680646,0.0544609166681766,0.0007311223205221276,0.001290925075175426
143,Thal PuI L,0.5663553482550286,110,ARL17A,0.4531158579394245,0.0748985931277275,0.000724511940291412,0.0012792532859867433
143,Thal PuI L,0.5663553482550286,111,NOL4,0.5531963512321632,0.0601187869906425,0.0007099898525583861,0.0012536119853832103
143,Thal PuI L,0.5663553482550286,112,WDR6,0.5771867709583625,0.0575480684638023,0.0007091036904318867,0.0012520473102561372
143,Thal PuI L,0.5663553482550286,113,ACBD7,0.4453462508858448,0.0733931586146354,0.0006977759630575777,0.001232046214814538
143,Thal PuI L,0.5663553482550286,114,RPP38,0.4551338074198569,0.0709610506892204,0.0006894801364311453,0.001217398473512205
143,Thal PuI L,0.5663553482550286,115,ARIH2,0.5497652859916506,0.0570767857134342,0.0006698837561131326,0.001182797616685497
143,Thal PuI L,0.5663553482550286,116,SNCA,0.0712669447888224,0.4322746694087982,0.0006576738192687628,0.0011612388252271143
143,Thal PuI L,0.5663553482550286,117,MTF2,0.2330127932496245,0.1314258724451065,0.0006537673990639357,0.0011543413531420303
143,Thal PuI L,0.5663553482550286,118,DCAF16,0.3993126992680881,0.0746670886874198,0.0006365096113225874,0.0011238696929122462
143,Thal PuI L,0.5663553482550286,119,DPM3,0.300032633069643,0.0954490676522255,0.0006113681492852198,0.0010794780188248911
143,Thal PuI L,0.5663553482550286,120,COX4I2,0.3008008302727837,0.0888595879077911,0.0005706186355239615,0.0010075275836664529
143,Thal PuI L,0.5663553482550286,121,CNTLN,0.3976361772034229,0.0592545457184314,0.0005030025517625914,0.0008881394928331995
143,Thal PuI L,0.5663553482550286,122,CCDC90B,0.2322819234830848,0.0561612658202648,0.0002784934125812837,0.0004917291121896118
143,Thal PuI L,0.5663553482550286,123,TPX2,0.1714560020965301,0.0610919557511806,0.00022361418357860652,0.00039483017908734124
141,Thal MGN L,0.5657313411498393,1,STK39,0.8797958832890667,0.8421160578727722,0.015816722667517137,0.027958010308161325
141,Thal MGN L,0.5657313411498393,2,SIPA1L2,0.8118764503331326,0.8528462648391724,0.014781663838417492,0.026128416022301353
141,Thal MGN L,0.5657313411498393,3,SH3GL2,0.7115388459924532,0.8994671702384949,0.013663015377508012,0.024151066740863546
141,Thal MGN L,0.5657313411498393,4,ITPKB,0.6819889377540465,0.9014809131622314,0.013124914761127529,0.023199907458638168
141,Thal MGN L,0.5657313411498393,5,CLCN3,0.7427615459605073,0.8020431399345398,0.012717734828233128,0.022480166650100292
141,Thal MGN L,0.5657313411498393,6,TMEM163,0.6810125528816974,0.8511537313461304,0.012374445578066154,0.021873360512280095
141,Thal MGN L,0.5657313411498393,7,CNTN1,0.7318609134115375,0.7606772780418396,0.011884793017366056,0.021007839150665435
141,Thal MGN L,0.5657313411498393,8,SLC2A13,0.7925413376180118,0.700274646282196,0.011848215693980382,0.020943184215141922
141,Thal MGN L,0.5657313411498393,9,RNF141,0.7058832599012972,0.7541582584381104,0.011364700611517627,0.020088511604146004
141,Thal MGN L,0.5657313411498393,10,HIP1R,0.5996769293165072,0.8798125386238098,0.01126341571407978,0.019909478041621454
141,Thal MGN L,0.5657313411498393,11,DYRK1A,0.6532235062786396,0.7525694370269775,0.010494723644582442,0.01855071989338985
141,Thal MGN L,0.5657313411498393,12,RIT2,0.5807174756868603,0.8445248007774353,0.010469837203136557,0.018506730035243925
141,Thal MGN L,0.5657313411498393,13,ALG10,0.6939523075915666,0.7019623517990112,0.010399347006244865,0.018382129908356096
141,Thal MGN L,0.5657313411498393,14,FCGR2A,0.5545155674016844,0.8712173104286194,0.010313423804262626,0.018230250039357496
141,Thal MGN L,0.5657313411498393,15,TOX3,0.6339822700807853,0.7276461720466614,0.009848270914110415,0.017408034870569435
141,Thal MGN L,0.5657313411498393,16,CAMK2D,0.7566582817459568,0.6061360836029053,0.00979112407026947,0.01730702076778914
141,Thal MGN L,0.5657313411498393,17,FAM47E,0.6498146119257384,0.6943575739860535,0.009632416996388112,0.017026486418112156
141,Thal MGN L,0.5657313411498393,18,TMEM175,0.5523642940927839,0.7957037091255188,0.009382954386954563,0.016585530453172116
141,Thal MGN L,0.5657313411498393,19,ASXL3,0.6053854884478136,0.7160765528678894,0.009254523984022992,0.0163585138578558
141,Thal MGN L,0.5657313411498393,20,ITGA8,0.7511027914757769,0.5747663378715515,0.009216230468166973,0.016290825340231536
141,Thal MGN L,0.5657313411498393,21,ELOVL7,0.6907021710549529,0.6225336194038391,0.009179441461982357,0.016225796229223044
141,Thal MGN L,0.5657313411498393,22,IRS2,0.5679351514511002,0.7469207048416138,0.009055988728221472,0.016007578278791006
141,Thal MGN L,0.5657313411498393,23,SLC18B1,0.5990252998022298,0.702358067035675,0.008981861739568898,0.015876549673407556
141,Thal MGN L,0.5657313411498393,24,GALC,0.5688191030909282,0.730959951877594,0.008876267501442695,0.015689898819114093
141,Thal MGN L,0.5657313411498393,25,RIMS1,0.6178713437792516,0.67091304063797,0.008849666658940231,0.01564287854541245
141,Thal MGN L,0.5657313411498393,26,C8orf58,0.7668413516480697,0.5322436690330505,0.008713219479296076,0.015401691307373226
141,Thal MGN L,0.5657313411498393,27,PIK3CA,0.710461655941723,0.5610139966011047,0.008508969475208607,0.015040654205075986
141,Thal MGN L,0.5657313411498393,28,MAP4K4,0.5287111816441037,0.7526438236236572,0.008495141611626367,0.015016211748778381
141,Thal MGN L,0.5657313411498393,29,AZI2,0.7245649397143109,0.5317397713661194,0.008225060203738206,0.014538809511633052
141,Thal MGN L,0.5657313411498393,30,NSF,0.7231192880222894,0.5286843180656433,0.008161481484236462,0.014426426274436892
141,Thal MGN L,0.5657313411498393,31,KTN1,0.7853745465472781,0.4827914834022522,0.008094668126582634,0.014308325414905175
141,Thal MGN L,0.5657313411498393,32,SV2C,0.6241376129106758,0.5758057832717896,0.007672183888919741,0.013561532357967226
141,Thal MGN L,0.5657313411498393,33,SPPL2B,0.510230767740695,0.6948310136795044,0.007568476452055192,0.013378216657879327
141,Thal MGN L,0.5657313411498393,34,UBAP2,0.6109396454424254,0.5707280039787292,0.007443721509998127,0.01315769689349169
141,Thal MGN L,0.5657313411498393,35,CTSB,0.4042559455222608,0.8426995277404785,0.0072726350036752055,0.012855280368405433
141,Thal MGN L,0.5657313411498393,36,GPNMB,0.3655652625471743,0.8844435214996338,0.00690236070790269,0.012200774830458854
141,Thal MGN L,0.5657313411498393,37,SLC50A1,0.5189685321969736,0.6150293350219727,0.00681395845464424,0.012044512932225014
141,Thal MGN L,0.5657313411498393,38,MED12L,0.5711045865815185,0.5456203818321228,0.006652254540675629,0.01175868129765453
141,Thal MGN L,0.5657313411498393,39,VAMP4,0.492575860141344,0.5934772491455078,0.006240793676175549,0.01103137341390923
141,Thal MGN L,0.5657313411498393,40,SEC23IP,0.4170330123557515,0.6697301864624023,0.005962562367023317,0.01053956521995849
141,Thal MGN L,0.5657313411498393,41,MCCC1,0.3978803429674311,0.6534242630004883,0.0055502221431631684,0.009810702959964066
141,Thal MGN L,0.5657313411498393,42,FYN,0.3154161907637571,0.7615038752555847,0.005127654156282973,0.009063761865943478
141,Thal MGN L,0.5657313411498393,43,FASN,0.4283411216394492,0.5596649646759033,0.00511776707205463,0.009046285223747471
141,Thal MGN L,0.5657313411498393,44,ITPA,0.4821793762457938,0.4807567894458771,0.004948763306208608,0.008747550199623609
141,Thal MGN L,0.5657313411498393,45,KPNA1,0.5812401309424686,0.3957322239875793,0.004910431229619958,0.008679793521143076
141,Thal MGN L,0.5657313411498393,46,FBRSL1,0.3293803221776567,0.6778879165649414,0.00476670382298951,0.008425737582968738
141,Thal MGN L,0.5657313411498393,47,PKP2,0.2967353370417043,0.7130399346351624,0.004516954823330321,0.007984275387942424
141,Thal MGN L,0.5657313411498393,48,TMED5,0.6861412271706615,0.3018712401390075,0.004421787618492467,0.007816055602479544
141,Thal MGN L,0.5657313411498393,49,HSD3B7,0.5875113991932831,0.3309276401996612,0.004150610355610996,0.007336716306321216
141,Thal MGN L,0.5657313411498393,50,USP25,0.3298116575792493,0.5770121216773987,0.0040626888708549,0.007181304225778892
141,Thal MGN L,0.5657313411498393,51,DLG2,0.2934265213742933,0.607625424861908,0.0038062554182381513,0.006728026434777332
141,Thal MGN L,0.5657313411498393,52,ERCC8,0.569616209847575,0.3066307008266449,0.0037287271140369234,0.006590985584179143
141,Thal MGN L,0.5657313411498393,53,CCSER1,0.206258326383292,0.8328624963760376,0.0036673082989905656,0.006482420244805289
141,Thal MGN L,0.5657313411498393,54,PDLIM2,0.8743941338757417,0.1904719173908233,0.0035555010763651303,0.006284787173251946
141,Thal MGN L,0.5657313411498393,55,ITGA2B,0.290953790526074,0.5718092322349548,0.00355171253481401,0.006278090458264545
141,Thal MGN L,0.5657313411498393,56,P2RY12,0.535405822833142,0.3019077479839325,0.0034508014682490744,0.006099717687967189
141,Thal MGN L,0.5657313411498393,57,MICU3,0.6807314708442198,0.2358701527118683,0.0034277681773202885,0.0060590035021807495
141,Thal MGN L,0.5657313411498393,58,SNCA,0.3707745921785933,0.4322746694087982,0.003421624749713684,0.006048144235317228
141,Thal MGN L,0.5657313411498393,59,MYLK2,0.5350512139313964,0.2965930700302124,0.0033878094770383575,0.0059883715654725665
141,Thal MGN L,0.5657313411498393,60,CD38,0.4806877808893787,0.321556955575943,0.0032997695920979784,0.005832750197984883
141,Thal MGN L,0.5657313411498393,61,BCL2L1,0.6000573180696587,0.2567904889583587,0.0032895333693063323,0.005814656410267835
141,Thal MGN L,0.5657313411498393,62,CCAR2,0.3815327980014115,0.3965764939785003,0.0032301409376732197,0.005709672953787594
141,Thal MGN L,0.5657313411498393,63,DGKQ,0.5559384908680811,0.2635650038719177,0.0031280746838581513,0.005529258247387167
141,Thal MGN L,0.5657313411498393,64,NCKIPSD,0.4228842642529525,0.3463244140148163,0.003126563536432351,0.005526587107720892
141,Thal MGN L,0.5657313411498393,65,C2CD4A,0.6562942324110005,0.2195565849542617,0.0030761512131867387,0.005437477101647779
141,Thal MGN L,0.5657313411498393,66,WNT3,0.8934585174425713,0.1518237739801406,0.002895854928637252,0.005118781156355023
141,Thal MGN L,0.5657313411498393,67,CYLD,0.7861052358948285,0.169330820441246,0.0028417071956760988,0.005023068352374429
141,Thal MGN L,0.5657313411498393,68,MIPOL1,0.5624245921687924,0.2262192219495773,0.002716166771107157,0.004801160150658429
141,Thal MGN L,0.5657313411498393,69,RORA,0.7777887745526032,0.1622077226638794,0.00269336879002536,0.0047608619040817755
141,Thal MGN L,0.5657313411498393,70,VPS13C,0.4369415670103662,0.2877374291419983,0.0026839989789280345,0.00474429960601591
141,Thal MGN L,0.5657313411498393,71,DCUN1D1,0.7581650490764178,0.163753792643547,0.002650438629219498,0.004684977543992042
141,Thal MGN L,0.5657313411498393,72,FAM171A1,0.3676754620460553,0.316009521484375,0.0024804326569676525,0.004384470996296962
141,Thal MGN L,0.5657313411498393,73,INTS2,0.6476184801832645,0.1789993643760681,0.0024747614789199,0.004374446488840427
141,Thal MGN L,0.5657313411498393,74,AMPD3,0.7725941622372448,0.145731434226036,0.0024036281786272134,0.0042487095972831915
141,Thal MGN L,0.5657313411498393,75,NRIP1,0.3482805102694372,0.3074838519096374,0.0022861994210487476,0.004041139768572988
141,Thal MGN L,0.5657313411498393,76,LZTS3,0.2940821318628257,0.3598359227180481,0.002259101690703621,0.003993241184255473
141,Thal MGN L,0.5657313411498393,77,ZCWPW2,0.3672181732968486,0.2858431041240692,0.002240858897886683,0.003960994795395595
141,Thal MGN L,0.5657313411498393,78,DTX3L,0.7737045731447802,0.1236892640590667,0.0020430067183832583,0.003611266638031547
141,Thal MGN L,0.5657313411498393,79,LRRK2,0.6476834695538989,0.1440357118844986,0.0019915702116398227,0.0035203462611634534
141,Thal MGN L,0.5657313411498393,80,SLC45A3,0.6602014597402976,0.1365202218294143,0.0019241374433503853,0.003401150516850647
141,Thal MGN L,0.5657313411498393,81,STBD1,0.5844447323891971,0.1455356031656265,0.001815830574050389,0.003209704752011343
141,Thal MGN L,0.5657313411498393,82,NDUFAF2,0.5581567794597263,0.1519088149070739,0.0018100968192486168,0.0031995696324153195
141,Thal MGN L,0.5657313411498393,83,PARP9,0.2057241048542799,0.4089574217796325,0.0017960809266539433,0.003174794811621077
141,Thal MGN L,0.5657313411498393,84,NEK1,0.600725226397415,0.1384527385234832,0.001775579186255496,0.0031385554539839736
141,Thal MGN L,0.5657313411498393,85,MED13,0.453658127328894,0.1776958703994751,0.001720951599122876,0.003041994448504605
141,Thal MGN L,0.5657313411498393,86,FASTKD5,0.7941643992410689,0.0885050073266029,0.001500516869885999,0.0026523488460728096
141,Thal MGN L,0.5657313411498393,87,SNX20,0.5263680853715882,0.1277837306261062,0.0014359117123301575,0.0025381512528750688
141,Thal MGN L,0.5657313411498393,88,MCMBP,0.3460004088121039,0.1930699795484542,0.0014261131613969977,0.002520831104210078
141,Thal MGN L,0.5657313411498393,89,CMC1,0.7045656295558782,0.0913318544626236,0.0013737457276761433,0.002428265198961805
141,Thal MGN L,0.5657313411498393,90,DR1,0.7455585617820248,0.0850554704666137,0.0013537754634657504,0.0023929652911118993
141,Thal MGN L,0.5657313411498393,91,DDRGK1,0.3867367873650255,0.1576443612575531,0.0013015370992604358,0.002300627532169393
141,Thal MGN L,0.5657313411498393,92,IP6K2,0.6197262743441152,0.0962643772363662,0.0012735856006268456,0.002251219806981711
141,Thal MGN L,0.5657313411498393,93,CERS6,0.7849138538871541,0.0747304856777191,0.0012522251578629964,0.0022134625868842094
141,Thal MGN L,0.5657313411498393,94,DPM3,0.6138485341438435,0.0954490676522255,0.0012508220803230281,0.0022109824740852322
141,Thal MGN L,0.5657313411498393,95,YARS2,0.4744312188312544,0.1202353090047836,0.0012177773953299948,0.0021525719131184834
141,Thal MGN L,0.5657313411498393,96,CNOT7,0.5938749995083916,0.0932418778538703,0.001182139366264328,0.002089577296286343
141,Thal MGN L,0.5657313411498393,97,MTMR7,0.7307831635855738,0.0743675380945205,0.0011602045469416525,0.0020508047946991175
141,Thal MGN L,0.5657313411498393,98,RPP38,0.7017602742873263,0.0709610506892204,0.0010630934502548095,0.001879148940368215
141,Thal MGN L,0.5657313411498393,99,VPS37A,0.5894902793968448,0.0843638330698013,0.0010616847449778609,0.0018766588798492317
141,Thal MGN L,0.5657313411498393,100,FOXS1,0.6782016343452845,0.0717954486608505,0.0010394853459271517,0.0018374187009233315
141,Thal MGN L,0.5657313411498393,101,NTPCR,0.8503979733211422,0.0572280026972293,0.0010389470897362455,0.001836467266643922
141,Thal MGN L,0.5657313411498393,102,CTF1,0.3610655168018936,0.1332284361124038,0.0010269411793374188,0.0018152453375663764
141,Thal MGN L,0.5657313411498393,103,ANK2,0.6993330313023249,0.0663385838270187,0.0009904050887855494,0.0017506632861678975
141,Thal MGN L,0.5657313411498393,104,MTF2,0.3519180571981346,0.1314258724451065,0.000987381635700934,0.001745318959515479
141,Thal MGN L,0.5657313411498393,105,ZDHHC2,0.8085184141536861,0.0558798909187316,0.0009645130111599721,0.0017048958419019458
141,Thal MGN L,0.5657313411498393,106,COX4I2,0.5000354589183077,0.0888595879077911,0.0009485663687258082,0.0016767081823642002
141,Thal MGN L,0.5657313411498393,107,P4HTM,0.5341239333257692,0.0821254402399063,0.000936445214438306,0.0016552825454835102
141,Thal MGN L,0.5657313411498393,108,NUCKS1,0.4299975967736404,0.1008259132504463,0.0009255519884478498,0.0016360274234881193
141,Thal MGN L,0.5657313411498393,109,METTL13,0.5838938729337733,0.0712111964821815,0.0008876562724062575,0.0015690420661547784
141,Thal MGN L,0.5657313411498393,110,TPX2,0.6726799222042943,0.0610919557511806,0.0008773141200898094,0.0015507610349228373
141,Thal MGN L,0.5657313411498393,111,B3GALT1,0.5619648572413279,0.0701578333973884,0.0008416818298775506,0.0014877765622227093
141,Thal MGN L,0.5657313411498393,112,ACBD7,0.4951757441019524,0.0733931586146354,0.0007758496474062825,0.0013714100509782281
141,Thal MGN L,0.5657313411498393,113,UBOX5,0.3564370944323669,0.0885050073266029,0.0006734624137773326,0.0011904279731233059
141,Thal MGN L,0.5657313411498393,114,ARIH2,0.5087371018813113,0.0570767857134342,0.0006198913051915358,0.0010957344239257054
141,Thal MGN L,0.5657313411498393,115,BIN3,0.3913475103476496,0.0713214352726936,0.0005958614307291925,0.0010532586536890715
141,Thal MGN L,0.5657313411498393,116,NOL4,0.4612434614556638,0.0601187869906425,0.0005919745791218926,0.0010463881635383934
141,Thal MGN L,0.5657313411498393,117,CNTLN,0.4516074449608721,0.0592545457184314,0.0005712752265347632,0.0010097995019573355
141,Thal MGN L,0.5657313411498393,118,PRSS3,0.4720223558670829,0.0544609166681766,0.0005487949931910833,0.0009700629137421782
141,Thal MGN L,0.5657313411498393,119,ARL17A,0.3276370432696308,0.0748985931277275,0.0005238769417828576,0.0009260171810847296
141,Thal MGN L,0.5657313411498393,120,CCDC90B,0.4202904892947855,0.0561612658202648,0.0005039054735039937,0.0008907151448951273
141,Thal MGN L,0.5657313411498393,121,DCAF16,0.3157785298177163,0.0746670886874198,0.0005033550639554021,0.000889742228055355
141,Thal MGN L,0.5657313411498393,122,WDR6,0.4069131101951825,0.0575480684638023,0.0004999137240193887,0.000883659234793891
141,Thal MGN L,0.5657313411498393,123,FAM171A2,0.2976801431224753,0.0734663009643554,0.00046687504914931223,0.0008252592974615772
140,Thal LGN R,0.5515590325476931,1,STK39,0.7554810165056101,0.8421160578727722,0.013581824995556518,0.02462442675051669
140,Thal LGN R,0.5515590325476931,2,CTSB,0.7483848895665245,0.8426995277404785,0.01346357475844075,0.024410034037973188
140,Thal LGN R,0.5515590325476931,3,FCGR2A,0.6973604868115544,0.8712173104286194,0.012970193566494651,0.023515512938994655
140,Thal LGN R,0.5515590325476931,4,ITPKB,0.6711859068954609,0.9014809131622314,0.012917009835795879,0.02341908857177305
140,Thal LGN R,0.5515590325476931,5,SIPA1L2,0.6891873841096787,0.8528462648391724,0.012547889804424645,0.02274985824539032
140,Thal LGN R,0.5515590325476931,6,HIP1R,0.6543332478693696,0.8798125386238098,0.012289996539798257,0.022282286780854314
140,Thal LGN R,0.5515590325476931,7,SPPL2B,0.7829231898355737,0.6948310136795044,0.011613442584571657,0.021055665666335446
140,Thal LGN R,0.5515590325476931,8,SH3GL2,0.6036491897902841,0.8994671702384949,0.011591311154939225,0.021015540442512703
140,Thal LGN R,0.5515590325476931,9,MAP4K4,0.71196601027975,0.7526438236236572,0.011439614462442798,0.020740507882904845
140,Thal LGN R,0.5515590325476931,10,RNF141,0.696204255491019,0.7541582584381104,0.01120886891300738,0.020322156381399035
140,Thal LGN R,0.5515590325476931,11,TMEM175,0.6595000137151963,0.7957037091255188,0.01120285763048643,0.020311257670352308
140,Thal LGN R,0.5515590325476931,12,GALC,0.6931111218495718,0.730959951877594,0.010815810672199559,0.019609525062513265
140,Thal LGN R,0.5515590325476931,13,TMEM163,0.5832103103274309,0.8511537313461304,0.010597314565165666,0.019213382321409667
140,Thal LGN R,0.5515590325476931,14,ELOVL7,0.7777047383359891,0.6225336194038391,0.01033570679147835,0.018739076293859125
140,Thal LGN R,0.5515590325476931,15,SLC2A13,0.6723195728459974,0.700274646282196,0.010050942375201979,0.018222786287763092
140,Thal LGN R,0.5515590325476931,16,ASXL3,0.6341349510915031,0.7160765528678894,0.009694016830549544,0.01757566508479091
140,Thal LGN R,0.5515590325476931,17,GPNMB,0.4860664743273878,0.8844435214996338,0.009177584627295399,0.016639351521274954
140,Thal LGN R,0.5515590325476931,18,FAM47E,0.5876443107097231,0.6943575739860535,0.008710846051208825,0.015793134618742013
140,Thal LGN R,0.5515590325476931,19,MCCC1,0.6034065581071912,0.6534242630004883,0.008417205070144783,0.015260751022905151
140,Thal LGN R,0.5515590325476931,20,ALG10,0.5554188401497417,0.7019623517990112,0.008323328835910058,0.015090549414926574
140,Thal LGN R,0.5515590325476931,21,SV2C,0.6740992268452568,0.5758057832717896,0.008286334809428643,0.015023477670474242
140,Thal LGN R,0.5515590325476931,22,ITGA8,0.6673553026028657,0.5747663378715515,0.008188626567152992,0.014846328468829715
140,Thal LGN R,0.5515590325476931,23,IRS2,0.5054826282726117,0.7469207048416138,0.008060154354335075,0.014613402879297632
140,Thal LGN R,0.5515590325476931,24,FYN,0.4921105905321522,0.7615038752555847,0.008000137560417862,0.014504589877650301
140,Thal LGN R,0.5515590325476931,25,CNTN1,0.4915566101377299,0.7606772780418396,0.007982457405154441,0.014472535003701895
140,Thal LGN R,0.5515590325476931,26,CLCN3,0.4593697110879731,0.8020431399345398,0.007865434344994392,0.014260367215206961
140,Thal LGN R,0.5515590325476931,27,KTN1,0.7358145234221256,0.4827914834022522,0.007583864789108135,0.013749869626969368
140,Thal LGN R,0.5515590325476931,28,FASN,0.6040243360589803,0.5596649646759033,0.0072168085239416625,0.013084380996548411
140,Thal LGN R,0.5515590325476931,29,CAMK2D,0.54396775130834,0.6061360836029053,0.0070389181903828466,0.01276185825091024
140,Thal LGN R,0.5515590325476931,30,SLC18B1,0.4562409383740308,0.702358067035675,0.006840934814872846,0.01240290596506787
140,Thal LGN R,0.5515590325476931,31,SLC50A1,0.5186126661353241,0.6150293350219727,0.006809286000710988,0.012345525318039627
140,Thal LGN R,0.5515590325476931,32,RIT2,0.3733421954792711,0.8445248007774353,0.006731039053209601,0.012203660272080795
140,Thal LGN R,0.5515590325476931,33,TOX3,0.4248646884452665,0.7276461720466614,0.006599841590388531,0.011965793688308142
140,Thal LGN R,0.5515590325476931,34,NSF,0.5843137848805454,0.5286843180656433,0.006594854009950987,0.01195675099270672
140,Thal LGN R,0.5515590325476931,35,CCSER1,0.3703565872916405,0.8328624963760376,0.00658500342738396,0.011938891467278358
140,Thal LGN R,0.5515590325476931,36,SEC23IP,0.4411037149923772,0.6697301864624023,0.0063067151353574475,0.011434342950066923
140,Thal LGN R,0.5515590325476931,37,DYRK1A,0.3887924225857581,0.7525694370269775,0.006246359769552997,0.011324916103178631
140,Thal LGN R,0.5515590325476931,38,UBAP2,0.5008037177677545,0.5707280039787292,0.006101819441649207,0.01106285833714741
140,Thal LGN R,0.5515590325476931,39,DLG2,0.4684729140814673,0.607625424861908,0.0060769134268059315,0.011017702672252879
140,Thal LGN R,0.5515590325476931,40,ITGA2B,0.4964592540357606,0.5718092322349548,0.0060603457078013435,0.010987664692586297
140,Thal LGN R,0.5515590325476931,41,AZI2,0.5226167272253461,0.5317397713661194,0.005932600115324348,0.010756056496656789
140,Thal LGN R,0.5515590325476931,42,PIK3CA,0.4950162318683038,0.5610139966011047,0.005928649310590926,0.010748893519531434
140,Thal LGN R,0.5515590325476931,43,CCAR2,0.6895583805654839,0.3965764939785003,0.005837953553791144,0.010584458252501447
140,Thal LGN R,0.5515590325476931,44,ITPA,0.5531010361771294,0.4807567894458771,0.005676655301540833,0.010292017656423702
140,Thal LGN R,0.5515590325476931,45,RIMS1,0.3903480795770725,0.67091304063797,0.005590889462659311,0.010136520540393596
140,Thal LGN R,0.5515590325476931,46,USP25,0.450178759301806,0.5770121216773987,0.005545395965487501,0.010054038893847674
140,Thal LGN R,0.5515590325476931,47,VAMP4,0.4337273303500321,0.5934772491455078,0.00549519982496964,0.009963031154773939
140,Thal LGN R,0.5515590325476931,48,FBRSL1,0.3633450733205789,0.6778879165649414,0.0052582326066444455,0.009533399502780817
140,Thal LGN R,0.5515590325476931,49,C8orf58,0.460196242508772,0.5322436690330505,0.005228970576389217,0.009480346196555252
140,Thal LGN R,0.5515590325476931,50,PARP9,0.5782543023729921,0.4089574217796325,0.005048467820449998,0.009153087017958424
140,Thal LGN R,0.5515590325476931,51,P2RY12,0.688605274963256,0.3019077479839325,0.004438203681299542,0.008046652161236742
140,Thal LGN R,0.5515590325476931,52,HSD3B7,0.5950626189681973,0.3309276401996612,0.004203957696680956,0.0076219542217676245
140,Thal LGN R,0.5515590325476931,53,MYLK2,0.6636713465082039,0.2965930700302124,0.0042021997498497155,0.0076187669893455195
140,Thal LGN R,0.5515590325476931,54,CD38,0.60791020268225,0.321556955575943,0.00417311128197503,0.0075660283591025826
140,Thal LGN R,0.5515590325476931,55,NCKIPSD,0.5459528813666532,0.3463244140148163,0.004036462256420403,0.007318277860079051
140,Thal LGN R,0.5515590325476931,56,MED12L,0.3444660469051506,0.5456203818321228,0.004012357593465573,0.007274575080263282
140,Thal LGN R,0.5515590325476931,57,FAM171A1,0.5682772408921065,0.316009521484375,0.003833743537510508,0.00695074019511956
140,Thal LGN R,0.5515590325476931,58,VPS13C,0.600861483949811,0.2877374291419983,0.003690909108128446,0.006691775295710155
140,Thal LGN R,0.5515590325476931,59,KPNA1,0.4250497101270917,0.3957322239875793,0.0035909037584253988,0.006510461340536372
140,Thal LGN R,0.5515590325476931,60,TMED5,0.5505069573946921,0.3018712401390075,0.0035477023558830017,0.00643213535910362
140,Thal LGN R,0.5515590325476931,61,BCL2L1,0.62117801906114,0.2567904889583587,0.0034053177262376375,0.006173985965760031
140,Thal LGN R,0.5515590325476931,62,MICU3,0.630956834558573,0.2358701527118683,0.003177132028405299,0.0057602755841562134
140,Thal LGN R,0.5515590325476931,63,SNCA,0.3440655550370074,0.4322746694087982,0.003175145340249044,0.005756673633976778
140,Thal LGN R,0.5515590325476931,64,ERCC8,0.4741259680128524,0.3066307008266449,0.003103644738044935,0.005627039999161946
140,Thal LGN R,0.5515590325476931,65,DGKQ,0.5238876783687938,0.2635650038719177,0.0029477357851797085,0.005344370432234412
140,Thal LGN R,0.5515590325476931,66,PKP2,0.1928189953416522,0.7130399346351624,0.0029351229271213333,0.0053215027837796025
140,Thal LGN R,0.5515590325476931,67,NRIP1,0.4371645887417943,0.3074838519096374,0.0028696564987553044,0.005202809362943696
140,Thal LGN R,0.5515590325476931,68,C2CD4A,0.59022031700614,0.2195565849542617,0.0027664526892701474,0.0050156964640605955
140,Thal LGN R,0.5515590325476931,69,MCMBP,0.612266194665166,0.1930699795484542,0.002523583372309311,0.004575364056051602
140,Thal LGN R,0.5515590325476931,70,MIPOL1,0.5168082822645659,0.2262192219495773,0.0024958678956532874,0.004525114717321705
140,Thal LGN R,0.5515590325476931,71,AMPD3,0.801128982126987,0.145731434226036,0.002492403243870297,0.004518833156185833
140,Thal LGN R,0.5515590325476931,72,SLC45A3,0.8205369021440614,0.1365202218294143,0.002391430303239832,0.004335764917480607
140,Thal LGN R,0.5515590325476931,73,INTS2,0.6246912021578597,0.1789993643760681,0.0023871488702468086,0.004328002497249272
140,Thal LGN R,0.5515590325476931,74,ZCWPW2,0.3677773282360609,0.2858431041240692,0.002244271003855138,0.004068958844692797
140,Thal LGN R,0.5515590325476931,75,RORA,0.5921687248111513,0.1622077226638794,0.0020505937010377915,0.003717813651905841
140,Thal LGN R,0.5515590325476931,76,CTF1,0.7134666765035091,0.1332284361124038,0.00202923922693085,0.00367909708151753
140,Thal LGN R,0.5515590325476931,77,SNX20,0.7394348573269927,0.1277837306261062,0.0020171495986339274,0.0036571780708885503
140,Thal LGN R,0.5515590325476931,78,DDRGK1,0.5913878411555555,0.1576443612575531,0.0019902766958370356,0.00360845635442465
140,Thal LGN R,0.5515590325476931,79,PDLIM2,0.4884580639249323,0.1904719173908233,0.0019861903285493965,0.0036010475966190463
140,Thal LGN R,0.5515590325476931,80,LZTS3,0.2565620840735374,0.3598359227180481,0.001970877435597912,0.003573284669991314
140,Thal LGN R,0.5515590325476931,81,DTX3L,0.7419444859896559,0.1236892640590667,0.0019591425747727035,0.003552008867887223
140,Thal LGN R,0.5515590325476931,82,MED13,0.4976107911049678,0.1776958703994751,0.0018876859800464791,0.0034224550205027267
140,Thal LGN R,0.5515590325476931,83,STBD1,0.6061085712542371,0.1455356031656265,0.0018831386680110073,0.0034142105502517955
140,Thal LGN R,0.5515590325476931,84,NEK1,0.6164057930855044,0.1384527385234832,0.0018219266453209885,0.003303230547971213
140,Thal LGN R,0.5515590325476931,85,CYLD,0.4611478326078795,0.169330820441246,0.0016670123214489955,0.003022364285739169
140,Thal LGN R,0.5515590325476931,86,WNT3,0.4830665801583018,0.1518237739801406,0.0015657030625389685,0.0028386862876796106
140,Thal LGN R,0.5515590325476931,87,DCUN1D1,0.4362775022785615,0.163753792643547,0.0015251649314448248,0.00276518893072963
140,Thal LGN R,0.5515590325476931,88,IP6K2,0.7093022085244225,0.0962643772363662,0.001457671098785652,0.0026428197396252554
140,Thal LGN R,0.5515590325476931,89,CMC1,0.66659303299511,0.0913318544626236,0.001299707639376254,0.002356425264894685
140,Thal LGN R,0.5515590325476931,90,FASTKD5,0.6868867344056824,0.0885050073266029,0.001297823389793837,0.0023530090402093355
140,Thal LGN R,0.5515590325476931,91,COX4I2,0.6823512189564954,0.0888595879077911,0.0012944190385244976,0.0023468368064710637
140,Thal LGN R,0.5515590325476931,92,NDUFAF2,0.3966731876451757,0.1519088149070739,0.0012864071559477502,0.0023323109223789477
140,Thal LGN R,0.5515590325476931,93,LRRK2,0.4078620577514601,0.1440357118844986,0.0012541402750874627,0.002273809694121939
140,Thal LGN R,0.5515590325476931,94,YARS2,0.4597296592371283,0.1202353090047836,0.001180041204625834,0.0021394649257671186
140,Thal LGN R,0.5515590325476931,95,MTMR7,0.7300163201612526,0.0743675380945205,0.0011589870924735932,0.002101292924385888
140,Thal LGN R,0.5515590325476931,96,VPS37A,0.634570994240822,0.0843638330698013,0.0011428760875925661,0.0020720829868627745
140,Thal LGN R,0.5515590325476931,97,MTF2,0.4030099088435974,0.1314258724451065,0.0011307307904738705,0.0020500630462906917
140,Thal LGN R,0.5515590325476931,98,NUCKS1,0.4794449273681948,0.1008259132504463,0.0010319853162120518,0.0018710332989113297
140,Thal LGN R,0.5515590325476931,99,NTPCR,0.7443682925119425,0.0572280026972293,0.0009094086480203444,0.0016487965826970808
140,Thal LGN R,0.5515590325476931,100,DPM3,0.4455784768266955,0.0954490676522255,0.0009079428659202952,0.001646139057366966
140,Thal LGN R,0.5515590325476931,101,P4HTM,0.5013389020231511,0.0821254402399063,0.0008789653230629431,0.0015936015389013494
140,Thal LGN R,0.5515590325476931,102,RPP38,0.571414011055575,0.0709610506892204,0.0008656324884647032,0.0015694285423380357
140,Thal LGN R,0.5515590325476931,103,CNOT7,0.4237566968933465,0.0932418778538703,0.0008435099533242554,0.0015293194446078034
140,Thal LGN R,0.5515590325476931,104,CERS6,0.5148000604006655,0.0747304856777191,0.0008212946984062064,0.0014890422419746871
140,Thal LGN R,0.5515590325476931,105,ARL17A,0.498655118550822,0.0748985931277275,0.0007973271761453085,0.0014455881040736358
140,Thal LGN R,0.5515590325476931,106,WDR6,0.6479807978986464,0.0575480684638023,0.0007960778005289303,0.0014433229329085346
140,Thal LGN R,0.5515590325476931,107,DR1,0.4339035341055734,0.0850554704666137,0.0007878763494837809,0.0014284533531152958
140,Thal LGN R,0.5515590325476931,108,FOXS1,0.4996150801793943,0.0717954486608505,0.0007657642331576759,0.0013883631451388852
140,Thal LGN R,0.5515590325476931,109,ZDHHC2,0.6388655447602059,0.0558798909187316,0.0007621275156089317,0.0013817696214466957
140,Thal LGN R,0.5515590325476931,110,DCAF16,0.4713985105330158,0.0746670886874198,0.0007514153275550373,0.0013623479686012806
140,Thal LGN R,0.5515590325476931,111,ACBD7,0.4671980407327307,0.0733931586146354,0.0007320137132903759,0.0013271720162194587
140,Thal LGN R,0.5515590325476931,112,ANK2,0.5108368404833671,0.0663385838270187,0.000723454182353844,0.001311653222343498
140,Thal LGN R,0.5515590325476931,113,ARIH2,0.5702670935196312,0.0570767857134342,0.0006948650129947481,0.0012598198415591415
140,Thal LGN R,0.5515590325476931,114,BIN3,0.4472368257895324,0.0713214352726936,0.0006809578899658737,0.0012346056356297484
140,Thal LGN R,0.5515590325476931,115,CNTLN,0.5003971934247492,0.0592545457184314,0.0006329933733839375,0.0011476439257282996
140,Thal LGN R,0.5515590325476931,116,METTL13,0.4059293099356246,0.0712111964821815,0.0006171082020563863,0.0011188434340489658
140,Thal LGN R,0.5515590325476931,117,TPX2,0.4534696390515342,0.0610919557511806,0.0005914184506477908,0.0010722668214061947
140,Thal LGN R,0.5515590325476931,118,UBOX5,0.3092453790973823,0.0885050073266029,0.0005842970406547492,0.0010593554020062671
140,Thal LGN R,0.5515590325476931,119,B3GALT1,0.3817471516121882,0.0701578333973884,0.0005717610932057045,0.0010366271957594395
140,Thal LGN R,0.5515590325476931,120,CCDC90B,0.3891599916655794,0.0561612658202648,0.0004665816973353222,0.0008459324746802637
140,Thal LGN R,0.5515590325476931,121,NOL4,0.3517973560560842,0.0601187869906425,0.0004515079544547933,0.0008186031373092445
140,Thal LGN R,0.5515590325476931,122,FAM171A2,0.231019111250001,0.0734663009643554,0.000362325339500051,0.0006569112608426385
140,Thal LGN R,0.5515590325476931,123,PRSS3,0.3103687044878789,0.0544609166681766,0.00036084899147046723,0.0006542345790325984
28,OFCant R,0.551196725191175,1,GPNMB,0.691134323040947,0.8844435214996338,0.013049539669062934,0.023674922351066007
28,OFCant R,0.551196725191175,2,CCSER1,0.7197561252725014,0.8328624963760376,0.012797386935817572,0.023217458215810293
28,OFCant R,0.551196725191175,3,RIT2,0.6982053582007935,0.8445248007774353,0.012588042793225273,0.022837658893672282
28,OFCant R,0.551196725191175,4,SIPA1L2,0.6866150039724128,0.8528462648391724,0.012501055020094978,0.022679842692750328
28,OFCant R,0.551196725191175,5,FCGR2A,0.6472099658370678,0.8712173104286194,0.012037445042881479,0.021838745574379925
28,OFCant R,0.551196725191175,6,CNTN1,0.7382489145153637,0.7606772780418396,0.01198852867194526,0.021749999816829835
28,OFCant R,0.551196725191175,7,CTSB,0.65392804850903,0.8426995277404785,0.011764279704848293,0.021343159650972193
28,OFCant R,0.551196725191175,8,ASXL3,0.7563052997906115,0.7160765528678894,0.011561634148353513,0.020975513133434386
28,OFCant R,0.551196725191175,9,RIMS1,0.7899899271305053,0.67091304063797,0.011314891990723558,0.02052786504999489
28,OFCant R,0.551196725191175,10,SH3GL2,0.572395877122694,0.8994671702384949,0.010991183004550258,0.01994058110693259
28,OFCant R,0.551196725191175,11,RNF141,0.681622872867637,0.7541582584381104,0.010974109063283938,0.019909604977202507
28,OFCant R,0.551196725191175,12,ALG10,0.723350494002541,0.7019623517990112,0.010839898811459024,0.01966611613612065
28,OFCant R,0.551196725191175,13,SEC23IP,0.7111197057716601,0.6697301864624023,0.010167290047689957,0.018445846252376726
28,OFCant R,0.551196725191175,14,FAM47E,0.6706847514474328,0.6943575739860535,0.009941781979810082,0.01803672178270274
28,OFCant R,0.551196725191175,15,DYRK1A,0.6126888912214177,0.7525694370269775,0.009843492360073805,0.017858401384115128
28,OFCant R,0.551196725191175,16,AZI2,0.8032815284165546,0.5317397713661194,0.009118629082966805,0.016543329570407255
28,OFCant R,0.551196725191175,17,SLC2A13,0.6068156093472692,0.700274646282196,0.009071681040170372,0.01645815482126456
28,OFCant R,0.551196725191175,18,ITPKB,0.4713752667724319,0.9014809131622314,0.009071643034660367,0.01645808587036506
28,OFCant R,0.551196725191175,19,STK39,0.5023207161600839,0.8421160578727722,0.009030580397751418,0.01638358862640065
28,OFCant R,0.551196725191175,20,CAMK2D,0.687504810113209,0.6061360836029053,0.008896281263442935,0.016139938531669222
28,OFCant R,0.551196725191175,21,TMEM163,0.4831593869896257,0.8511537313461304,0.008779323544823914,0.01592774982793834
28,OFCant R,0.551196725191175,22,IRS2,0.5301708799744984,0.7469207048416138,0.008453819949008222,0.015337210042523624
28,OFCant R,0.551196725191175,23,PKP2,0.5431342906507666,0.7130399346351624,0.00826768081728761,0.014999510046835057
28,OFCant R,0.551196725191175,24,TOX3,0.5282907409528816,0.7276461720466614,0.008206460312615908,0.014888441707939414
28,OFCant R,0.551196725191175,25,CLCN3,0.4748052244705482,0.8020431399345398,0.00812972477198921,0.014749225458786113
28,OFCant R,0.551196725191175,26,TMEM175,0.4773504946475044,0.7957037091255188,0.008108702835732852,0.014711086741163894
28,OFCant R,0.551196725191175,27,HIP1R,0.4272900739269639,0.8798125386238098,0.008025564262785116,0.014560253891206557
28,OFCant R,0.551196725191175,28,SLC18B1,0.5344127779055649,0.702358067035675,0.008013053346146593,0.01453755615722749
28,OFCant R,0.551196725191175,29,MED12L,0.6649134553751954,0.5456203818321228,0.007744944895560929,0.014051144612433434
28,OFCant R,0.551196725191175,30,FASN,0.6422997741891935,0.5596649646759033,0.007674118754118798,0.013922649397920747
28,OFCant R,0.551196725191175,31,MAP4K4,0.4523567815044881,0.7526438236236572,0.007268306499420542,0.013186410889686674
28,OFCant R,0.551196725191175,32,PIK3CA,0.5925437884924762,0.5610139966011047,0.0070967053138481,0.012875086134422708
28,OFCant R,0.551196725191175,33,FYN,0.4284158610756712,0.7615038752555847,0.006964665844650843,0.012635535601622535
28,OFCant R,0.551196725191175,34,DLG2,0.5344727746507332,0.607625424861908,0.006933047104559912,0.012578171799107264
28,OFCant R,0.551196725191175,35,USP25,0.5604187857490388,0.5770121216773987,0.006903355632096027,0.012524304511609161
28,OFCant R,0.551196725191175,36,ITGA8,0.5510169922472241,0.5747663378715515,0.006761124642405709,0.012266264172851728
28,OFCant R,0.551196725191175,37,SLC50A1,0.4986179430198939,0.6150293350219727,0.006546759076305973,0.011877354811996244
28,OFCant R,0.551196725191175,38,GALC,0.4167230779895383,0.730959951877594,0.006502850368702221,0.011797694128982348
28,OFCant R,0.551196725191175,39,UBAP2,0.5229513332649351,0.5707280039787292,0.006371667180458406,0.01155969709045075
28,OFCant R,0.551196725191175,40,ITPA,0.587637772270136,0.4807567894458771,0.006031117024113882,0.010941859318961071
28,OFCant R,0.551196725191175,41,KTN1,0.5755983464844797,0.4827914834022522,0.005932554867591581,0.01076304447479066
28,OFCant R,0.551196725191175,42,SNCA,0.6317179243437852,0.4322746694087982,0.005829692029521019,0.010576427186680167
28,OFCant R,0.551196725191175,43,ITGA2B,0.4754973395127638,0.5718092322349548,0.005804460763218174,0.01053065175814493
28,OFCant R,0.551196725191175,44,KPNA1,0.6379628765152785,0.3957322239875793,0.00538963616827221,0.009778062753190143
28,OFCant R,0.551196725191175,45,SPPL2B,0.3509088191300724,0.6948310136795044,0.005205184207460765,0.009443423680819983
28,OFCant R,0.551196725191175,46,VAMP4,0.4095687004882139,0.5934772491455078,0.005189116972221968,0.009414273951686116
28,OFCant R,0.551196725191175,47,FBRSL1,0.3549992311673096,0.6778879165649414,0.005137453813803874,0.009320544878095964
28,OFCant R,0.551196725191175,48,CCAR2,0.5898587216493484,0.3965764939785003,0.004993874220575145,0.009060057856554008
28,OFCant R,0.551196725191175,49,ELOVL7,0.3741132877785049,0.6225336194038391,0.004971970799031006,0.009020319918095572
28,OFCant R,0.551196725191175,50,PARP9,0.5288370371475949,0.4089574217796325,0.004617028793984895,0.00837637196117873
28,OFCant R,0.551196725191175,51,TMED5,0.7146224909151168,0.3018712401390075,0.0046053330671511385,0.008355153172497248
28,OFCant R,0.551196725191175,52,NRIP1,0.6864105865739399,0.3074838519096374,0.0045057688827119585,0.008174520414919366
28,OFCant R,0.551196725191175,53,P2RY12,0.6896522871341139,0.3019077479839325,0.004444951891689471,0.008064184144323066
28,OFCant R,0.551196725191175,54,NSF,0.3876071030408151,0.5286843180656433,0.004374725231404194,0.007936776529082028
28,OFCant R,0.551196725191175,55,CD38,0.6346205438062089,0.321556955575943,0.004356469326301285,0.007903656040028729
28,OFCant R,0.551196725191175,56,SV2C,0.3523626612357792,0.5758057832717896,0.004331402364909112,0.007858178699096635
28,OFCant R,0.551196725191175,57,MCCC1,0.2615536472096549,0.6534242630004883,0.003648536224587861,0.0066192995310747115
28,OFCant R,0.551196725191175,58,C8orf58,0.3191959123312571,0.5322436690330505,0.003626857152472384,0.006579968615042948
28,OFCant R,0.551196725191175,59,LZTS3,0.4686944070898882,0.3598359227180481,0.00360045107389927,0.0065320618018013515
28,OFCant R,0.551196725191175,60,MYLK2,0.523252073269869,0.2965930700302124,0.003313100291238516,0.00601074015831537
28,OFCant R,0.551196725191175,61,ERCC8,0.5021216348648995,0.3066307008266449,0.003286905326950412,0.005963216355848984
28,OFCant R,0.551196725191175,62,ZCWPW2,0.5208743638678208,0.2858431041240692,0.0031785081399300368,0.005766558462094664
28,OFCant R,0.551196725191175,63,BCL2L1,0.5508168356815719,0.2567904889583587,0.0030195954732776253,0.005478253652959061
28,OFCant R,0.551196725191175,64,HSD3B7,0.4163818953352793,0.3309276401996612,0.0029416263395750345,0.005336799376946175
28,OFCant R,0.551196725191175,65,NCKIPSD,0.3840950558377491,0.3463244140148163,0.0028397783923875806,0.005152023338677571
28,OFCant R,0.551196725191175,66,FAM171A1,0.4009653084897332,0.316009521484375,0.002705014471062154,0.004907530011401932
28,OFCant R,0.551196725191175,67,C2CD4A,0.5743386393821006,0.2195565849542617,0.0026920128428141532,0.004883942011593893
28,OFCant R,0.551196725191175,68,MICU3,0.4979326455355184,0.2358701527118683,0.0025072995004900268,0.004548828731920359
28,OFCant R,0.551196725191175,69,MIPOL1,0.516667872210727,0.2262192219495773,0.0024951898009755707,0.0045268588998059614
28,OFCant R,0.551196725191175,70,DGKQ,0.4314857697251558,0.2635650038719177,0.002427822025085475,0.004404637970669036
28,OFCant R,0.551196725191175,71,STBD1,0.753803403936469,0.1455356031656265,0.002342016604539417,0.0042489668343496075
28,OFCant R,0.551196725191175,72,VPS13C,0.3640648480774457,0.2877374291419983,0.0022363394885711843,0.004057243786772392
28,OFCant R,0.551196725191175,73,CYLD,0.5855452586694985,0.169330820441246,0.0021166990104843327,0.0038401879288201234
28,OFCant R,0.551196725191175,74,INTS2,0.5535843786542328,0.1789993643760681,0.0021154265011672003,0.0038378792987812
28,OFCant R,0.551196725191175,75,PDLIM2,0.4982768814858771,0.1904719173908233,0.0020261160497477195,0.003675849215259741
28,OFCant R,0.551196725191175,76,DDRGK1,0.5896792230287238,0.1576443612575531,0.001984526454450143,0.003600395945316688
28,OFCant R,0.551196725191175,77,RORA,0.5714278594628106,0.1622077226638794,0.001978771117278502,0.003589954415262886
28,OFCant R,0.551196725191175,78,LRRK2,0.5963130268170705,0.1440357118844986,0.001833610578080111,0.003326599187330347
28,OFCant R,0.551196725191175,79,YARS2,0.7067746364161254,0.1202353090047836,0.0018141600755962575,0.0032913114187444444
28,OFCant R,0.551196725191175,80,MED13,0.4775504594235822,0.1776958703994751,0.001811587134227748,0.0032866435002846294
28,OFCant R,0.551196725191175,81,DTX3L,0.6456764942415121,0.1236892640590667,0.0017049419913286676,0.0030931642250547338
28,OFCant R,0.551196725191175,82,MTF2,0.5811457401427013,0.1314258724451065,0.0016305290954697052,0.002958161797685171
28,OFCant R,0.551196725191175,83,NDUFAF2,0.4943022144003877,0.1519088149070739,0.0016030171073076593,0.0029082486053444443
28,OFCant R,0.551196725191175,84,MCMBP,0.3733445243568144,0.1930699795484542,0.0015388176613684084,0.0027917757690499537
28,OFCant R,0.551196725191175,85,DCUN1D1,0.440174804630005,0.163753792643547,0.0015387893536133184,0.0027917244121499645
28,OFCant R,0.551196725191175,86,NEK1,0.5084376757810798,0.1384527385234832,0.001502802471004887,0.002726435775690904
28,OFCant R,0.551196725191175,87,CNOT7,0.7106995737801252,0.0932418778538703,0.0014146848148991558,0.0025665697023299476
28,OFCant R,0.551196725191175,88,NUCKS1,0.6386232871783482,0.1008259132504463,0.001374610132130991,0.002493864838645815
28,OFCant R,0.551196725191175,89,DPM3,0.6553510049345943,0.0954490676522255,0.0013353905104251482,0.002422711256061956
28,OFCant R,0.551196725191175,90,SLC45A3,0.4495292944577558,0.1365202218294143,0.0013101397074906426,0.002376900383499628
28,OFCant R,0.551196725191175,91,AMPD3,0.4161345706328809,0.145731434226036,0.0012946419076966594,0.002348783743676327
28,OFCant R,0.551196725191175,92,SNX20,0.4619544501854887,0.1277837306261062,0.0012601938149728595,0.002286286832592808
28,OFCant R,0.551196725191175,93,COX4I2,0.6375145142904016,0.0888595879077911,0.0012093638901901143,0.0021940694400364286
28,OFCant R,0.551196725191175,94,CMC1,0.6093239570530666,0.0913318544626236,0.0011880457230081024,0.0021553932901107954
28,OFCant R,0.551196725191175,95,CTF1,0.4085377642422463,0.1332284361124038,0.001161961566230089,0.002108070518428931
28,OFCant R,0.551196725191175,96,CERS6,0.6930500212698247,0.0747304856777191,0.0011056686896194464,0.0020059420513355926
28,OFCant R,0.551196725191175,97,MTMR7,0.6944678102649098,0.0743675380945205,0.0011025496362295597,0.002000283357719797
28,OFCant R,0.551196725191175,98,VPS37A,0.5762713525062562,0.0843638330698013,0.0010378771716976446,0.0018829523548741537
28,OFCant R,0.551196725191175,99,METTL13,0.6685721960241231,0.0712111964821815,0.001016387276638799,0.0018439646503456261
28,OFCant R,0.551196725191175,100,B3GALT1,0.6781190515790214,0.0701578333973884,0.0010156515605080883,0.0018426298889127539
28,OFCant R,0.551196725191175,101,ANK2,0.7032780742487899,0.0663385838270187,0.0009959921130426196,0.0018069630451762455
28,OFCant R,0.551196725191175,102,NTPCR,0.7553290726076078,0.0572280026972293,0.0009227996378144017,0.0016741747467645812
28,OFCant R,0.551196725191175,103,DR1,0.4984831380449751,0.0850554704666137,0.0009051391477870194,0.0016421344801587573
28,OFCant R,0.551196725191175,104,NOL4,0.6992258322334106,0.0601187869906425,0.0008974087490393964,0.0016281097256667168
28,OFCant R,0.551196725191175,105,WNT3,0.2687730216760594,0.1518237739801406,0.0008711402536440334,0.001580452520544077
28,OFCant R,0.551196725191175,106,RPP38,0.5699394749288966,0.0709610506892204,0.0008633987203876661,0.0015664075654444577
28,OFCant R,0.551196725191175,107,FASTKD5,0.4473034303631541,0.0885050073266029,0.0008451478608952996,0.0015332962303108238
28,OFCant R,0.551196725191175,108,P4HTM,0.4806202927431919,0.0821254402399063,0.0008426407150469202,0.0015287476803398316
28,OFCant R,0.551196725191175,109,FOXS1,0.5053072340631635,0.0717954486608505,0.0007744886452636015,0.001405103858327498
28,OFCant R,0.551196725191175,110,DCAF16,0.4745605106143842,0.0746670886874198,0.0007564555966135541,0.0013723876830929792
28,OFCant R,0.551196725191175,111,UBOX5,0.3925197668262529,0.0885050073266029,0.0007416380442756732,0.0013455051715309926
28,OFCant R,0.551196725191175,112,CCDC90B,0.603767108932304,0.0561612658202648,0.0007238839770634913,0.001313295133987638
28,OFCant R,0.551196725191175,113,ARL17A,0.4516136676089086,0.0748985931277275,0.0007221100053072813,0.0013100767335960269
28,OFCant R,0.551196725191175,114,BIN3,0.4572028277116118,0.0713214352726936,0.0006961320152814145,0.0012629465732764845
28,OFCant R,0.551196725191175,115,ZDHHC2,0.5137982127775206,0.0558798909187316,0.0006129298388996984,0.0011119983317881873
28,OFCant R,0.551196725191175,116,IP6K2,0.2923930907424765,0.0962643772363662,0.000600890498771432,0.0010901561480849175
28,OFCant R,0.551196725191175,117,PRSS3,0.5142642650977062,0.0544609166681766,0.000597907387975889,0.0010847440861854053
28,OFCant R,0.551196725191175,118,WDR6,0.4733192229098378,0.0575480684638023,0.0005814970553819761,0.0010549718980646917
28,OFCant R,0.551196725191175,119,ARIH2,0.459659722515766,0.0570767857134342,0.0005600909866423578,0.0010161362741190054
28,OFCant R,0.551196725191175,120,FAM171A2,0.3480154414664929,0.0734663009643554,0.0005458198341181897,0.0009902450598357232
28,OFCant R,0.551196725191175,121,ACBD7,0.3019084611426931,0.0733931586146354,0.00047303523227160474,0.0008581967392994562
28,OFCant R,0.551196725191175,122,TPX2,0.3188873034135648,0.0610919557511806,0.0004158951750564047,0.0007545312881025504
28,OFCant R,0.551196725191175,123,CNTLN,0.268999833798719,0.0592545457184314,0.00034027991058582145,0.0006173474823672077
102,Cerebellum 4 5 R,0.546460569928335,1,CCSER1,0.9054988048352404,0.8328624963760376,0.016099923527583288,0.029462187051656263
102,Cerebellum 4 5 R,0.546460569928335,2,SH3GL2,0.6616111044262512,0.8994671702384949,0.012704299624144209,0.023248337251140196
102,Cerebellum 4 5 R,0.546460569928335,3,CNTN1,0.779372496334974,0.7606772780418396,0.012656340340941931,0.023160573767658548
102,Cerebellum 4 5 R,0.546460569928335,4,SEC23IP,0.845546530575765,0.6697301864624023,0.012089268171598397,0.022122855402328178
102,Cerebellum 4 5 R,0.546460569928335,5,CLCN3,0.6841277112243621,0.8020431399345398,0.011713792760698593,0.021435751095883807
102,Cerebellum 4 5 R,0.546460569928335,6,GPNMB,0.6151589100840522,0.8844435214996338,0.011615022336900722,0.021255005349103167
102,Cerebellum 4 5 R,0.546460569928335,7,RIT2,0.6260666102092377,0.8445248007774353,0.011287443139983646,0.020655549112105067
102,Cerebellum 4 5 R,0.546460569928335,8,DLG2,0.8666442788861584,0.607625424861908,0.011241892746251694,0.020572193795658493
102,Cerebellum 4 5 R,0.546460569928335,9,RIMS1,0.7751719012297807,0.67091304063797,0.011102655914256795,0.02031739621344106
102,Cerebellum 4 5 R,0.546460569928335,10,SPPL2B,0.7426751745016476,0.6948310136795044,0.011016426145038583,0.020159599340320793
102,Cerebellum 4 5 R,0.546460569928335,11,FAM47E,0.7097098523520009,0.6943575739860535,0.010520263962732748,0.019251643287112957
102,Cerebellum 4 5 R,0.546460569928335,12,FBRSL1,0.7178829544957419,0.6778879165649414,0.010389009886899619,0.019011453814978964
102,Cerebellum 4 5 R,0.546460569928335,13,SLC18B1,0.6815981330213482,0.702358067035675,0.010219969331457694,0.018702116664699127
102,Cerebellum 4 5 R,0.546460569928335,14,MCCC1,0.7103779344218127,0.6534242630004883,0.00990939967588496,0.018133787177333802
102,Cerebellum 4 5 R,0.546460569928335,15,TMEM163,0.540967109726967,0.8511537313461304,0.009829727852319012,0.017987991070624043
102,Cerebellum 4 5 R,0.546460569928335,16,MED12L,0.8295486233732137,0.5456203818321228,0.009662623495246603,0.01768219708242408
102,Cerebellum 4 5 R,0.546460569928335,17,ALG10,0.6378193167379411,0.7019623517990112,0.009558155984903395,0.017491025905413255
102,Cerebellum 4 5 R,0.546460569928335,18,DYRK1A,0.5945462792846797,0.7525694370269775,0.009552012190366395,0.017479783018231464
102,Cerebellum 4 5 R,0.546460569928335,19,SLC2A13,0.6073188569184879,0.700274646282196,0.009079204415278087,0.016614564553978292
102,Cerebellum 4 5 R,0.546460569928335,20,FYN,0.5424468636387395,0.7615038752555847,0.00881844368282014,0.016137383313816454
102,Cerebellum 4 5 R,0.546460569928335,21,VAMP4,0.6792155611481299,0.5934772491455078,0.008605464704577575,0.015747640686511258
102,Cerebellum 4 5 R,0.546460569928335,22,CTSB,0.4726910497928405,0.8426995277404785,0.0085037944716093,0.015561588410165668
102,Cerebellum 4 5 R,0.546460569928335,23,IRS2,0.5208995269019437,0.7469207048416138,0.008305983935150139,0.015199603397257778
102,Cerebellum 4 5 R,0.546460569928335,24,PIK3CA,0.6831115787366596,0.5610139966011047,0.008181406446104652,0.014971631799852635
102,Cerebellum 4 5 R,0.546460569928335,25,TOX3,0.5210188243266479,0.7276461720466614,0.00809349847065328,0.014810763879477518
102,Cerebellum 4 5 R,0.546460569928335,26,AZI2,0.690073353681875,0.5317397713661194,0.007833521286948968,0.014335016500781181
102,Cerebellum 4 5 R,0.546460569928335,27,SLC50A1,0.5694204622594912,0.6150293350219727,0.007476382732947363,0.013681467875949125
102,Cerebellum 4 5 R,0.546460569928335,28,ITGA2B,0.6089899250204809,0.5718092322349548,0.007434022929757472,0.013603951206822482
102,Cerebellum 4 5 R,0.546460569928335,29,CAMK2D,0.5714322283734642,0.6061360836029053,0.007394307286038032,0.013531273238996463
102,Cerebellum 4 5 R,0.546460569928335,30,RNF141,0.4529952095698239,0.7541582584381104,0.0072932101207961696,0.013346269652635016
102,Cerebellum 4 5 R,0.546460569928335,31,PKP2,0.4657262948272956,0.7130399346351624,0.007089363386054203,0.012973238649192809
102,Cerebellum 4 5 R,0.546460569928335,32,ITGA8,0.5751103788119835,0.5747663378715515,0.007056756885900867,0.01291357011691863
102,Cerebellum 4 5 R,0.546460569928335,33,SV2C,0.5727600102048997,0.5758057832717896,0.007040626989324607,0.012884053080440818
102,Cerebellum 4 5 R,0.546460569928335,34,ELOVL7,0.5092104211397613,0.6225336194038391,0.006767413580797813,0.012384083963615749
102,Cerebellum 4 5 R,0.546460569928335,35,ITPKB,0.3512537786616013,0.9014809131622314,0.0067598983638061496,0.012370331430669686
102,Cerebellum 4 5 R,0.546460569928335,36,FASN,0.5629159430298283,0.5596649646759033,0.006725650496842967,0.012307659265745372
102,Cerebellum 4 5 R,0.546460569928335,37,C8orf58,0.5843319709783901,0.5322436690330505,0.006639460301615301,0.012149934811373542
102,Cerebellum 4 5 R,0.546460569928335,38,STK39,0.3658052644523644,0.8421160578727722,0.006576344045315123,0.012034434700709647
102,Cerebellum 4 5 R,0.546460569928335,39,TMEM175,0.3575594719947476,0.7957037091255188,0.00607382528564875,0.01111484637664763
102,Cerebellum 4 5 R,0.546460569928335,40,USP25,0.4897104765826969,0.5770121216773987,0.0060323559141493115,0.011038959160292976
102,Cerebellum 4 5 R,0.546460569928335,41,HIP1R,0.3124126139557668,0.8798125386238098,0.005867881476308882,0.0107379778143525
102,Cerebellum 4 5 R,0.546460569928335,42,SIPA1L2,0.3219540408926069,0.8528462648391724,0.005861749533370372,0.01072675661510053
102,Cerebellum 4 5 R,0.546460569928335,43,FCGR2A,0.2982730406307426,0.8712173104286194,0.005547574240025835,0.010151828961334515
102,Cerebellum 4 5 R,0.546460569928335,44,ITPA,0.5394345558646145,0.4807567894458771,0.005536391782138212,0.010131365530845671
102,Cerebellum 4 5 R,0.546460569928335,45,GALC,0.3508178698837425,0.730959951877594,0.005474417508929261,0.010017955201501913
102,Cerebellum 4 5 R,0.546460569928335,46,SNCA,0.5904526160069312,0.4322746694087982,0.005448882763491442,0.009971227684745914
102,Cerebellum 4 5 R,0.546460569928335,47,NRIP1,0.8211386243635452,0.3074838519096374,0.005390157049466803,0.009863762082914219
102,Cerebellum 4 5 R,0.546460569928335,48,LZTS3,0.6967319227353896,0.3598359227180481,0.0053522063875437636,0.009794313957996412
102,Cerebellum 4 5 R,0.546460569928335,49,UBAP2,0.4249024023564654,0.5707280039787292,0.005177033731016505,0.009473755319062534
102,Cerebellum 4 5 R,0.546460569928335,50,ASXL3,0.3285232813757321,0.7160765528678894,0.005022133243723654,0.009190293902416926
102,Cerebellum 4 5 R,0.546460569928335,51,ERCC8,0.642956051687444,0.3066307008266449,0.004208812217093727,0.0077019504218679286
102,Cerebellum 4 5 R,0.546460569928335,52,NSF,0.361006803369022,0.5286843180656433,0.00407450110954425,0.007456166709482072
102,Cerebellum 4 5 R,0.546460569928335,53,MAP4K4,0.2528667293993062,0.7526438236236572,0.004062971901664655,0.007435068741002649
102,Cerebellum 4 5 R,0.546460569928335,54,PARP9,0.4536792908904442,0.4089574217796325,0.00396086166841455,0.007248211282534061
102,Cerebellum 4 5 R,0.546460569928335,55,VPS13C,0.6126729057945337,0.2877374291419983,0.003763463075442277,0.006886980108987248
102,Cerebellum 4 5 R,0.546460569928335,56,KTN1,0.348937998522151,0.4827914834022522,0.0035964207233456116,0.006581299587300986
102,Cerebellum 4 5 R,0.546460569928335,57,MICU3,0.7062935756378319,0.2358701527118683,0.003556484085295287,0.006508217209087381
102,Cerebellum 4 5 R,0.546460569928335,58,KPNA1,0.3948224491540463,0.3957322239875793,0.0033355378978003926,0.006103894921893138
102,Cerebellum 4 5 R,0.546460569928335,59,MIPOL1,0.6744654690799077,0.2262192219495773,0.003257255676373851,0.00596064172901079
102,Cerebellum 4 5 R,0.546460569928335,60,CCAR2,0.3635247005333272,0.3965764939785003,0.0030776804070295253,0.005632026492658282
102,Cerebellum 4 5 R,0.546460569928335,61,TMED5,0.4711759829648272,0.3018712401390075,0.0030364596166244998,0.005556594169315298
102,Cerebellum 4 5 R,0.546460569928335,62,NCKIPSD,0.4012471597833765,0.3463244140148163,0.002966591204550812,0.005428737895837321
102,Cerebellum 4 5 R,0.546460569928335,63,PDLIM2,0.7109022429490693,0.1904719173908233,0.0028907029359771467,0.005289865536604491
102,Cerebellum 4 5 R,0.546460569928335,64,ZCWPW2,0.4675855534342853,0.2858431041240692,0.002853326235271808,0.005221467736722533
102,Cerebellum 4 5 R,0.546460569928335,65,P2RY12,0.4273800041506694,0.3019077479839325,0.0027545526830832483,0.005040716265117705
102,Cerebellum 4 5 R,0.546460569928335,66,HSD3B7,0.3598839355235893,0.3309276401996612,0.002542483416752959,0.004652638372584487
102,Cerebellum 4 5 R,0.546460569928335,67,MCMBP,0.6165763469359912,0.1930699795484542,0.0025413485677382762,0.0046505616463262105
102,Cerebellum 4 5 R,0.546460569928335,68,MTF2,0.8964989462088311,0.1314258724451065,0.002515320194023086,0.004602930810457113
102,Cerebellum 4 5 R,0.546460569928335,69,INTS2,0.6001420117133661,0.1789993643760681,0.002293338405120012,0.004196713415975777
102,Cerebellum 4 5 R,0.546460569928335,70,MED13,0.6037041020992002,0.1776958703994751,0.0022901508367587156,0.004190880299120311
102,Cerebellum 4 5 R,0.546460569928335,71,MYLK2,0.3550412927864708,0.2965930700302124,0.002248032010999566,0.0041138046086186646
102,Cerebellum 4 5 R,0.546460569928335,72,DGKQ,0.3925528416781023,0.2635650038719177,0.002208759829189855,0.0040419381575499975
102,Cerebellum 4 5 R,0.546460569928335,73,CYLD,0.6010000072615451,0.169330820441246,0.002172566683508278,0.0039757062138869375
102,Cerebellum 4 5 R,0.546460569928335,74,DCUN1D1,0.6091391055130088,0.163753792643547,0.002129464841180197,0.0038968316441558887
102,Cerebellum 4 5 R,0.546460569928335,75,BCL2L1,0.3719109207343724,0.2567904889583587,0.002038827537510572,0.0037309691672318696
102,Cerebellum 4 5 R,0.546460569928335,76,YARS2,0.777512963759089,0.1202353090047836,0.0019957323090465068,0.003652106700595499
102,Cerebellum 4 5 R,0.546460569928335,77,RORA,0.5711184565461694,0.1622077226638794,0.0019776997002222407,0.003619107780240402
102,Cerebellum 4 5 R,0.546460569928335,78,DDRGK1,0.5820785607462635,0.1576443612575531,0.001958946927850222,0.0035847909906969624
102,Cerebellum 4 5 R,0.546460569928335,79,LRRK2,0.6354109397314964,0.1440357118844986,0.0019538332522071656,0.0035754331780303923
102,Cerebellum 4 5 R,0.546460569928335,80,FAM171A1,0.2872340503477779,0.316009521484375,0.0019377543301665188,0.0035460094228219326
102,Cerebellum 4 5 R,0.546460569928335,81,CD38,0.2517109529434827,0.321556955575943,0.0017279160851231493,0.0031620142059833444
102,Cerebellum 4 5 R,0.546460569928335,82,C2CD4A,0.3503463675708231,0.2195565849542617,0.001642126885192006,0.003005023556241874
102,Cerebellum 4 5 R,0.546460569928335,83,UBOX5,0.7979599530471981,0.0885050073266029,0.0015076882975174817,0.0027590065605560643
102,Cerebellum 4 5 R,0.546460569928335,84,NEK1,0.4923261010152814,0.1384527385234832,0.0014551810701466093,0.0026629205293575856
102,Cerebellum 4 5 R,0.546460569928335,85,IP6K2,0.6826556841457622,0.0962643772363662,0.001402910422725353,0.002567267429577466
102,Cerebellum 4 5 R,0.546460569928335,86,NUCKS1,0.6428585819617253,0.1008259132504463,0.0013837264284494587,0.002532161521975733
102,Cerebellum 4 5 R,0.546460569928335,87,STBD1,0.4256441206283626,0.1455356031656265,0.0013224477269941064,0.0024200240598649925
102,Cerebellum 4 5 R,0.546460569928335,88,VPS37A,0.7182646080514428,0.0843638330698013,0.0012936100965158695,0.002367252401551166
102,Cerebellum 4 5 R,0.546460569928335,89,CERS6,0.7981778456159652,0.0747304856777191,0.0012733860840643215,0.002330243304162492
102,Cerebellum 4 5 R,0.546460569928335,90,DTX3L,0.4719943968934978,0.1236892640590667,0.0012463254805038188,0.002280723530825412
102,Cerebellum 4 5 R,0.546460569928335,91,CNOT7,0.6018415369385633,0.0932418778538703,0.0011979971772798112,0.0021922847561296538
102,Cerebellum 4 5 R,0.546460569928335,92,P4HTM,0.6792342875974405,0.0821254402399063,0.0011908578860013192,0.00217922015152437
102,Cerebellum 4 5 R,0.546460569928335,93,DPM3,0.5634266644351376,0.0954490676522255,0.0011480788391897987,0.0021009362840952324
102,Cerebellum 4 5 R,0.546460569928335,94,NDUFAF2,0.3518229286631766,0.1519088149070739,0.0011409582173818236,0.0020879058438405787
102,Cerebellum 4 5 R,0.546460569928335,95,DCAF16,0.685020408519003,0.0746670886874198,0.0010919313980588853,0.001998188813882923
102,Cerebellum 4 5 R,0.546460569928335,96,SLC45A3,0.3694164968247104,0.1365202218294143,0.0010766533506474877,0.0019702306257680857
102,Cerebellum 4 5 R,0.546460569928335,97,ZDHHC2,0.8955612824476393,0.0558798909187316,0.0010683498286381246,0.0019550355275921054
102,Cerebellum 4 5 R,0.546460569928335,98,SNX20,0.3883444230041946,0.1277837306261062,0.0010593885170985698,0.0019386367020725805
102,Cerebellum 4 5 R,0.546460569928335,99,B3GALT1,0.706044211543427,0.0701578333973884,0.0010574764174107875,0.0019351376395729146
102,Cerebellum 4 5 R,0.546460569928335,100,WNT3,0.3067580518007379,0.1518237739801406,0.0009942563631818834,0.0018194475830383783
102,Cerebellum 4 5 R,0.546460569928335,101,BIN3,0.6404277171046687,0.0713214352726936,0.0009751082240273421,0.0017844072888099172
102,Cerebellum 4 5 R,0.546460569928335,102,ARL17A,0.602928036406609,0.0748985931277275,0.000964054896466328,0.0017641801614209024
102,Cerebellum 4 5 R,0.546460569928335,103,DR1,0.5307907211087108,0.0850554704666137,0.0009638028336161067,0.0017637188969416475
102,Cerebellum 4 5 R,0.546460569928335,104,FAM171A2,0.5989658343242511,0.0734663009643554,0.0009394049613307248,0.0017190718105314028
102,Cerebellum 4 5 R,0.546460569928335,105,ANK2,0.6197723649540512,0.0663385838270187,0.0008777301752729414,0.0016062095301552146
102,Cerebellum 4 5 R,0.546460569928335,106,FASTKD5,0.4583924277575041,0.0885050073266029,0.0008660997288917057,0.0015849262994497293
102,Cerebellum 4 5 R,0.546460569928335,107,ACBD7,0.5451763707373041,0.0733931586146354,0.000854191466461829,0.0015631346769884081
102,Cerebellum 4 5 R,0.546460569928335,108,WDR6,0.6928928553205822,0.0575480684638023,0.000851254577380389,0.001557760292736265
102,Cerebellum 4 5 R,0.546460569928335,109,TPX2,0.625115299520141,0.0610919557511806,0.0008152799880752694,0.0014919282981060988
102,Cerebellum 4 5 R,0.546460569928335,110,AMPD3,0.2495752344636587,0.145731434226036,0.0007764568975090617,0.0014208836652402745
102,Cerebellum 4 5 R,0.546460569928335,111,ARIH2,0.6198391842306941,0.0570767857134342,0.0007552681325987968,0.0013821091111804204
102,Cerebellum 4 5 R,0.546460569928335,112,MTMR7,0.4735968593468105,0.0743675380945205,0.0007518909260792154,0.0013759289644224865
102,Cerebellum 4 5 R,0.546460569928335,113,CNTLN,0.5927705138390749,0.0592545457184314,0.0007498439482234073,0.001372183080513467
102,Cerebellum 4 5 R,0.546460569928335,114,METTL13,0.4890100856388019,0.0712111964821815,0.0007434105578231291,0.0013604102450074727
102,Cerebellum 4 5 R,0.546460569928335,115,NOL4,0.567653016453,0.0601187869906425,0.0007285439980905579,0.0013332050621440122
102,Cerebellum 4 5 R,0.546460569928335,116,FOXS1,0.4753079811202985,0.0717954486608505,0.0007285085381042107,0.0013331401718512837
102,Cerebellum 4 5 R,0.546460569928335,117,CTF1,0.2453758748360014,0.1332284361124038,0.0006978971365556684,0.001277122586625406
102,Cerebellum 4 5 R,0.546460569928335,118,PRSS3,0.5814186946585718,0.0544609166681766,0.0006759842295820609,0.0012370228828599882
102,Cerebellum 4 5 R,0.546460569928335,119,CCDC90B,0.5556905825706007,0.0561612658202648,0.0006662428326698346,0.0012191965337173523
102,Cerebellum 4 5 R,0.546460569928335,120,COX4I2,0.3395511630838311,0.0888595879077911,0.0006441279473655781,0.0011787272180498803
102,Cerebellum 4 5 R,0.546460569928335,121,NTPCR,0.3791691062467551,0.0572280026972293,0.000463237980112394,0.0008477061394807406
102,Cerebellum 4 5 R,0.546460569928335,122,RPP38,0.2929495790437986,0.0709610506892204,0.00044378798593671016,0.0008121134631816352
102,Cerebellum 4 5 R,0.546460569928335,123,CMC1,0.2152577546919639,0.0913318544626236,0.00041970457889585765,0.0007680418350237045
131,Thal IL L,0.5460547424570416,1,ITPKB,0.701505129689931,0.9014809131622314,0.013500504952463839,0.024723720723890497
131,Thal IL L,0.5460547424570416,2,STK39,0.6686217132796191,0.8421160578727722,0.01202029289894873,0.022012981418056965
131,Thal IL L,0.5460547424570416,3,MAP4K4,0.7394860116450959,0.7526438236236572,0.011881795972627191,0.02175934947321137
131,Thal IL L,0.5460547424570416,4,SH3GL2,0.6046020418062356,0.8994671702384949,0.011609607881561753,0.02126088646226728
131,Thal IL L,0.5460547424570416,5,HIP1R,0.6051170690391655,0.8798125386238098,0.011365594991359662,0.020814021210069075
131,Thal IL L,0.5460547424570416,6,FCGR2A,0.607866671329812,0.8712173104286194,0.011305699905390475,0.020704334247733245
131,Thal IL L,0.5460547424570416,7,RNF141,0.6901967391984225,0.7541582584381104,0.011112148069827561,0.020349879244390533
131,Thal IL L,0.5460547424570416,8,CLCN3,0.6423807438239816,0.8020431399345398,0.010998991537926134,0.020142653625595856
131,Thal IL L,0.5460547424570416,9,CNTN1,0.6747065184532828,0.7606772780418396,0.010956654703563686,0.020065121409371625
131,Thal IL L,0.5460547424570416,10,CTSB,0.6043670259319176,0.8426995277404785,0.01087266826015676,0.01991131550517048
131,Thal IL L,0.5460547424570416,11,TMEM163,0.5912355574271727,0.8511537313461304,0.010743138578344377,0.01967410543859447
131,Thal IL L,0.5460547424570416,12,GALC,0.68201725726403,0.730959951877594,0.010642693930601115,0.019490159324892942
131,Thal IL L,0.5460547424570416,13,SIPA1L2,0.5658054951558988,0.8528462648391724,0.010301501692643121,0.01886532776235993
131,Thal IL L,0.5460547424570416,14,FAM47E,0.6599289295765173,0.6943575739860535,0.009782344873444477,0.017914586419353486
131,Thal IL L,0.5460547424570416,15,ELOVL7,0.7159663145165487,0.6225336194038391,0.009515202280047588,0.01742536332022821
131,Thal IL L,0.5460547424570416,16,ASXL3,0.6222111648605936,0.7160765528678894,0.009511737988786677,0.01741901910051624
131,Thal IL L,0.5460547424570416,17,MCCC1,0.6683235313271267,0.6534242630004883,0.009322762805280016,0.0170729454034793
131,Thal IL L,0.5460547424570416,18,SLC2A13,0.6017482201084283,0.700274646282196,0.008995925344085685,0.01647440200520446
131,Thal IL L,0.5460547424570416,19,DYRK1A,0.5442880093582477,0.7525694370269775,0.008744560148817013,0.01601407234276508
131,Thal IL L,0.5460547424570416,20,SPPL2B,0.5752145118182741,0.6948310136795044,0.00853240878995664,0.01562555569348964
131,Thal IL L,0.5460547424570416,21,SLC18B1,0.5591158442491452,0.702358067035675,0.008383454273310588,0.015352772572925917
131,Thal IL L,0.5460547424570416,22,ITGA8,0.637396624342051,0.5747663378715515,0.00782102563888213,0.014322786766195734
131,Thal IL L,0.5460547424570416,23,TOX3,0.4989825352284127,0.7276461720466614,0.0077511870918927596,0.01419489016250519
131,Thal IL L,0.5460547424570416,24,AZI2,0.6668465852573398,0.5317397713661194,0.007569857454821769,0.013862817893972047
131,Thal IL L,0.5460547424570416,25,IRS2,0.4668642979389964,0.7469207048416138,0.007444367211541775,0.01363300532478652
131,Thal IL L,0.5460547424570416,26,NSF,0.651226150691337,0.5286843180656433,0.007350060023228287,0.013460298852374724
131,Thal IL L,0.5460547424570416,27,RIT2,0.4015492405351743,0.8445248007774353,0.007239587843423883,0.013257989136489241
131,Thal IL L,0.5460547424570416,28,C8orf58,0.6228395566975062,0.5322436690330505,0.00707700197208908,0.012960242667695238
131,Thal IL L,0.5460547424570416,29,FYN,0.4339133277093102,0.7615038752555847,0.007054036994447397,0.012918186485675193
131,Thal IL L,0.5460547424570416,30,VAMP4,0.5562656293712951,0.5934772491455078,0.007047724630797044,0.012906626539099231
131,Thal IL L,0.5460547424570416,31,TMEM175,0.4116772669607114,0.7957037091255188,0.006993118598266278,0.012806625516701624
131,Thal IL L,0.5460547424570416,32,CAMK2D,0.5395490707460276,0.6061360836029053,0.006981740663015197,0.012785788896549065
131,Thal IL L,0.5460547424570416,33,SV2C,0.5661004133295089,0.5758057832717896,0.006958764190484783,0.012743711663729828
131,Thal IL L,0.5460547424570416,34,GPNMB,0.3673187396320734,0.8844435214996338,0.006935468698658386,0.012701050205060727
131,Thal IL L,0.5460547424570416,35,MED12L,0.5888931308654467,0.5456203818321228,0.006859456386476039,0.01256184747267474
131,Thal IL L,0.5460547424570416,36,DLG2,0.5256078325299947,0.607625424861908,0.00681805329342998,0.012486025233937721
131,Thal IL L,0.5460547424570416,37,ALG10,0.4530459272167254,0.7019623517990112,0.006789201153093678,0.012433187783599907
131,Thal IL L,0.5460547424570416,38,KTN1,0.6532868653087346,0.4827914834022522,0.006733271901130246,0.012330763525343725
131,Thal IL L,0.5460547424570416,39,UBAP2,0.5302117047858641,0.5707280039787292,0.0064601279376937295,0.011830550007908695
131,Thal IL L,0.5460547424570416,40,PIK3CA,0.5280369541417117,0.5610139966011047,0.006324127821674451,0.011581490517266185
131,Thal IL L,0.5460547424570416,41,SLC50A1,0.4637201619804026,0.6150293350219727,0.00608855782630781,0.01115008689222547
131,Thal IL L,0.5460547424570416,42,FASN,0.4990133221522755,0.5596649646759033,0.0059621498371505,0.010918593638291767
131,Thal IL L,0.5460547424570416,43,CCAR2,0.6705873884176929,0.3965764939785003,0.00567734094411288,0.010397017922721408
131,Thal IL L,0.5460547424570416,44,CD38,0.7979665016928897,0.321556955575943,0.005477787666928354,0.010031572369979551
131,Thal IL L,0.5460547424570416,45,PARP9,0.6053611948168547,0.4089574217796325,0.0052851254184197016,0.009678746483619247
131,Thal IL L,0.5460547424570416,46,RIMS1,0.3642556436480005,0.67091304063797,0.005217171919975312,0.009554302003678235
131,Thal IL L,0.5460547424570416,47,NCKIPSD,0.6738461860129876,0.3463244140148163,0.004982031946906402,0.009123685886307168
131,Thal IL L,0.5460547424570416,48,HSD3B7,0.6986720699688522,0.3309276401996612,0.004935930660700009,0.009039259760825766
131,Thal IL L,0.5460547424570416,49,SEC23IP,0.3426100664600106,0.6697301864624023,0.004898494431647464,0.008970702112403748
131,Thal IL L,0.5460547424570416,50,USP25,0.3913065391156601,0.5770121216773987,0.004820195663265611,0.008827312151116097
131,Thal IL L,0.5460547424570416,51,FBRSL1,0.332595593851363,0.6778879165649414,0.004813234373684457,0.008814563814658418
131,Thal IL L,0.5460547424570416,52,MYLK2,0.7035653753620762,0.2965930700302124,0.004454798688996725,0.008158154013921396
131,Thal IL L,0.5460547424570416,53,ITGA2B,0.3643292522108843,0.5718092322349548,0.004447416785796612,0.00814463540007895
131,Thal IL L,0.5460547424570416,54,KPNA1,0.5038460444956054,0.3957322239875793,0.0042565907274847055,0.007795172162284767
131,Thal IL L,0.5460547424570416,55,NRIP1,0.6350024058917919,0.3074838519096374,0.0041683128682431245,0.007633507310068002
131,Thal IL L,0.5460547424570416,56,SNCA,0.4512821552051524,0.4322746694087982,0.004164573905350873,0.007626660079192527
131,Thal IL L,0.5460547424570416,57,ITPA,0.4054296686962841,0.4807567894458771,0.004161056168171162,0.007620217982995573
131,Thal IL L,0.5460547424570416,58,PKP2,0.2701975135505176,0.7130399346351624,0.004112991645185624,0.007532196546226679
131,Thal IL L,0.5460547424570416,59,VPS13C,0.6425322345108572,0.2877374291419983,0.003946879838316172,0.007227992967438934
131,Thal IL L,0.5460547424570416,60,P2RY12,0.5980701036860868,0.3019077479839325,0.003854685742853809,0.007059156240469904
131,Thal IL L,0.5460547424570416,61,TMED5,0.5336239455961205,0.3018712401390075,0.003438901004823509,0.006297722073339655
131,Thal IL L,0.5460547424570416,62,CCSER1,0.1915522440484168,0.8328624963760376,0.0034058316413544303,0.006237161545433096
131,Thal IL L,0.5460547424570416,63,DGKQ,0.5868141013862271,0.2635650038719177,0.003301801125176629,0.0060466485655261675
131,Thal IL L,0.5460547424570416,64,BCL2L1,0.5861517216349006,0.2567904889583587,0.0032133024458348954,0.005884579321436238
131,Thal IL L,0.5460547424570416,65,PDLIM2,0.7865377892040648,0.1904719173908233,0.003198255623835546,0.005857023802127598
131,Thal IL L,0.5460547424570416,66,FAM171A1,0.4685456105067424,0.316009521484375,0.003160928464228577,0.0057886658945687135
131,Thal IL L,0.5460547424570416,67,MCMBP,0.7200491872641983,0.1930699795484542,0.0029678335535387444,0.005435047666072101
131,Thal IL L,0.5460547424570416,68,C2CD4A,0.5954925077345008,0.2195565849542617,0.0027911642517131374,0.005111509954393852
131,Thal IL L,0.5460547424570416,69,ERCC8,0.4020270562395859,0.3066307008266449,0.002631682805477262,0.004819448675851944
131,Thal IL L,0.5460547424570416,70,MIPOL1,0.522839158369836,0.2262192219495773,0.0025249933384342152,0.004624066310774436
131,Thal IL L,0.5460547424570416,71,MICU3,0.4982412663604097,0.2358701527118683,0.0025088535356532736,0.004594509195844312
131,Thal IL L,0.5460547424570416,72,ZCWPW2,0.4047881353695256,0.2858431041240692,0.0024701203830903786,0.00452357646776542
131,Thal IL L,0.5460547424570416,73,AMPD3,0.7868433836741806,0.145731434226036,0.002447959124734985,0.004482992151519623
131,Thal IL L,0.5460547424570416,74,SLC45A3,0.7837987272810154,0.1365202218294143,0.002284357989461326,0.004183386411374386
131,Thal IL L,0.5460547424570416,75,WNT3,0.6924198059947557,0.1518237739801406,0.0022442533914338644,0.004109942130225932
131,Thal IL L,0.5460547424570416,76,INTS2,0.5782313241526591,0.1789993643760681,0.002209610520244734,0.0040465000089593885
131,Thal IL L,0.5460547424570416,77,MED13,0.5610604687787215,0.1776958703994751,0.0021283822614057545,0.003897745218416809
131,Thal IL L,0.5460547424570416,78,LZTS3,0.2736842231425228,0.3598359227180481,0.0021024075393624273,0.0038501772366308605
131,Thal IL L,0.5460547424570416,79,DCUN1D1,0.5768904776068253,0.163753792643547,0.002016728163004388,0.003693271033467943
131,Thal IL L,0.5460547424570416,80,RORA,0.5695309037445309,0.1622077226638794,0.0019722022370184163,0.0036117298938642068
131,Thal IL L,0.5460547424570416,81,STBD1,0.609980075410408,0.1455356031656265,0.0018951671716910727,0.003470654175007312
131,Thal IL L,0.5460547424570416,82,DTX3L,0.6790968827677961,0.1236892640590667,0.0017931902461020052,0.0032839019729657922
131,Thal IL L,0.5460547424570416,83,NEK1,0.6003171150170539,0.1384527385234832,0.0017743729208269758,0.00324944146230278
131,Thal IL L,0.5460547424570416,84,IP6K2,0.8035554300731524,0.0962643772363662,0.0016513687855655094,0.003024181748033119
131,Thal IL L,0.5460547424570416,85,DDRGK1,0.4901482667470738,0.1576443612575531,0.001649561598874701,0.0030208722141159207
131,Thal IL L,0.5460547424570416,86,FASTKD5,0.7853622695837748,0.0885050073266029,0.0014838858750260992,0.0027174672421105073
131,Thal IL L,0.5460547424570416,87,CYLD,0.4075136723808338,0.169330820441246,0.0014731291464085083,0.002697768248985405
131,Thal IL L,0.5460547424570416,88,NDUFAF2,0.4533637072975047,0.1519088149070739,0.0014702539407230953,0.0026925028324220842
131,Thal IL L,0.5460547424570416,89,CMC1,0.7237012814662181,0.0913318544626236,0.001411055978070699,0.002584092524719183
131,Thal IL L,0.5460547424570416,90,SNX20,0.4451026246819214,0.1277837306261062,0.0012142226888973986,0.0022236281355855507
131,Thal IL L,0.5460547424570416,91,LRRK2,0.3931294492963476,0.1440357118844986,0.001208838788299226,0.0022137685003153816
131,Thal IL L,0.5460547424570416,92,CNOT7,0.6033686996131536,0.0932418778538703,0.0012010370747629804,0.0021994810801546465
131,Thal IL L,0.5460547424570416,93,COX4I2,0.6236133646624478,0.0888595879077911,0.0011829934342783934,0.002166437432546355
131,Thal IL L,0.5460547424570416,94,VPS37A,0.6476523942724299,0.0843638330698013,0.0011664359720247935,0.002136115450213416
131,Thal IL L,0.5460547424570416,95,CTF1,0.3940340471235187,0.1332284361124038,0.0011207101487737535,0.002052376916883789
131,Thal IL L,0.5460547424570416,96,DPM3,0.5463430562773397,0.0954490676522255,0.0011132680461247576,0.002038748058693657
131,Thal IL L,0.5460547424570416,97,ARL17A,0.6893985876662618,0.0748985931277275,0.0011023174308126197,0.0020186939973318523
131,Thal IL L,0.5460547424570416,98,NUCKS1,0.476963390307195,0.1008259132504463,0.0010266439106357212,0.0018801117009188662
131,Thal IL L,0.5460547424570416,99,P4HTM,0.581738821512221,0.0821254402399063,0.001019925342169303,0.0018678078640614346
131,Thal IL L,0.5460547424570416,100,MTMR7,0.574437996851711,0.0743675380945205,0.0009119881369644712,0.0016701404933521266
131,Thal IL L,0.5460547424570416,101,DCAF16,0.5710532746655931,0.0746670886874198,0.0009102663115100576,0.0016669872830225797
131,Thal IL L,0.5460547424570416,102,ZDHHC2,0.7220828258336897,0.0558798909187316,0.0008614006415435437,0.001577498691189027
131,Thal IL L,0.5460547424570416,103,YARS2,0.3307215418894202,0.1202353090047836,0.0008489011723422574,0.001554608185477011
131,Thal IL L,0.5460547424570416,104,FOXS1,0.5492737451086352,0.0717954486608505,0.0008418764863256951,0.0015417437499719664
131,Thal IL L,0.5460547424570416,105,RPP38,0.5517466272569665,0.0709610506892204,0.0008358384581297978,0.001530686198912656
131,Thal IL L,0.5460547424570416,106,MTF2,0.2906932973215732,0.1314258724451065,0.0008156024322306195,0.0014936275959452616
131,Thal IL L,0.5460547424570416,107,NTPCR,0.6488039762238186,0.0572280026972293,0.0007926559376364897,0.001451605262266995
131,Thal IL L,0.5460547424570416,108,DR1,0.423906608622448,0.0850554704666137,0.0007697240632343911,0.0014096097028128021
131,Thal IL L,0.5460547424570416,109,CERS6,0.4754395701397244,0.0747304856777191,0.000758500296337138,0.0013890554139758436
131,Thal IL L,0.5460547424570416,110,WDR6,0.6131005656816461,0.0575480684638023,0.0007532256378795192,0.0013793958358282667
131,Thal IL L,0.5460547424570416,111,CNTLN,0.5913815166150667,0.0592545457184314,0.0007480868919289297,0.0013699851567313924
131,Thal IL L,0.5460547424570416,112,TPX2,0.5522138240033081,0.0610919557511806,0.0007202013455661876,0.0013189178475505076
131,Thal IL L,0.5460547424570416,113,ARIH2,0.5722714365937491,0.0570767857134342,0.0006973072859087382,0.0012769915389272463
131,Thal IL L,0.5460547424570416,114,PRSS3,0.5939013746436055,0.0544609166681766,0.0006904971698956804,0.0012645200493794863
131,Thal IL L,0.5460547424570416,115,METTL13,0.4537961055969375,0.0712111964821815,0.0006898770105305459,0.0012633843402336522
131,Thal IL L,0.5460547424570416,116,ACBD7,0.4303837855706008,0.0733931586146354,0.0006743325218603234,0.0012349174348822252
131,Thal IL L,0.5460547424570416,117,BIN3,0.4380993037654107,0.0713214352726936,0.0006670451990641841,0.001221572027857008
131,Thal IL L,0.5460547424570416,118,UBOX5,0.3488979115013361,0.0885050073266029,0.0006592176664882586,0.0012072373248184361
131,Thal IL L,0.5460547424570416,119,ANK2,0.3953927755784938,0.0663385838270187,0.0005599607046627445,0.001025466241979937
131,Thal IL L,0.5460547424570416,120,NOL4,0.428696714731332,0.0601187869906425,0.000550203045639081,0.0010075968632071099
131,Thal IL L,0.5460547424570416,121,CCDC90B,0.4439360943917305,0.0561612658202648,0.0005322552699808477,0.0009747287746021561
131,Thal IL L,0.5460547424570416,122,FAM171A2,0.3354374586480102,0.0734663009643554,0.0005260927999768422,0.0009634433309920947
131,Thal IL L,0.5460547424570416,123,B3GALT1,0.1525901578179641,0.0701578333973884,0.00022854162782348997,0.00041853244748894314
20,Frontal Sup Medial R,0.5459859669041388,1,CCSER1,0.6714946745502606,0.8328624963760376,0.011939290092608941,0.021867393699342406
20,Frontal Sup Medial R,0.5459859669041388,2,ASXL3,0.7382114565038123,0.7160765528678894,0.01128503368491959,0.0206690910920444
20,Frontal Sup Medial R,0.5459859669041388,3,CLCN3,0.6516879752237306,0.8020431399345398,0.011158352104679687,0.020437067582432578
20,Frontal Sup Medial R,0.5459859669041388,4,IRS2,0.698246566082906,0.7469207048416138,0.011133864519232158,0.020392217372112376
20,Frontal Sup Medial R,0.5459859669041388,5,RIT2,0.588160190529089,0.8445248007774353,0.010604022957845136,0.019421786640364196
20,Frontal Sup Medial R,0.5459859669041388,6,RNF141,0.6483457674312681,0.7541582584381104,0.010438348602616377,0.019118345956406387
20,Frontal Sup Medial R,0.5459859669041388,7,ITPKB,0.5414719697494113,0.9014809131622314,0.010420657953639483,0.019085944667638462
20,Frontal Sup Medial R,0.5459859669041388,8,SLC18B1,0.6741680450441493,0.702358067035675,0.010108561644760542,0.018514325014758744
20,Frontal Sup Medial R,0.5459859669041388,9,HIP1R,0.5331006280820041,0.8798125386238098,0.010012948135871133,0.01833920419721913
20,Frontal Sup Medial R,0.5459859669041388,10,CNTN1,0.6163871272922077,0.7606772780418396,0.010009597851439605,0.01833306798743608
20,Frontal Sup Medial R,0.5459859669041388,11,RIMS1,0.6880760907913319,0.67091304063797,0.009855197365595095,0.01805027594660764
20,Frontal Sup Medial R,0.5459859669041388,12,GPNMB,0.5206083033210404,0.8844435214996338,0.009829780521302463,0.018003723753266934
20,Frontal Sup Medial R,0.5459859669041388,13,TOX3,0.6293223376609023,0.7276461720466614,0.009775883594971968,0.017905008896846538
20,Frontal Sup Medial R,0.5459859669041388,14,SLC2A13,0.6513804430442153,0.700274646282196,0.00973790971108706,0.017835457871386618
20,Frontal Sup Medial R,0.5459859669041388,15,FYN,0.5945951293931084,0.7615038752555847,0.009666206985619699,0.017704130823048853
20,Frontal Sup Medial R,0.5459859669041388,16,SIPA1L2,0.5290862418129092,0.8528462648391724,0.009632961967059199,0.01764324094569723
20,Frontal Sup Medial R,0.5459859669041388,17,STK39,0.5343700039369335,0.8421160578727722,0.009606753469353895,0.01759523880041516
20,Frontal Sup Medial R,0.5459859669041388,18,ALG10,0.6282242270390969,0.7019623517990112,0.009414367044016905,0.01724287365369195
20,Frontal Sup Medial R,0.5459859669041388,19,FBRSL1,0.6400155640295617,0.6778879165649414,0.009262133862954384,0.016964051137564447
20,Frontal Sup Medial R,0.5459859669041388,20,FCGR2A,0.4790238864563485,0.8712173104286194,0.008909355559734093,0.016317920422482847
20,Frontal Sup Medial R,0.5459859669041388,21,SH3GL2,0.4622790149039606,0.8994671702384949,0.0088767118266359,0.016258131828861492
20,Frontal Sup Medial R,0.5459859669041388,22,CTSB,0.4785064204255641,0.8426995277404785,0.008608414004089526,0.01576673124567859
20,Frontal Sup Medial R,0.5459859669041388,23,SPPL2B,0.5713389875115541,0.6948310136795044,0.008474921440487967,0.015522233086946616
20,Frontal Sup Medial R,0.5459859669041388,24,MED12L,0.7233726721633175,0.5456203818321228,0.008425880751199722,0.015432412666164895
20,Frontal Sup Medial R,0.5459859669041388,25,SLC50A1,0.6377975831992211,0.6150293350219727,0.00837416136965797,0.01533768608951859
20,Frontal Sup Medial R,0.5459859669041388,26,DLG2,0.631260599834754,0.607625424861908,0.008188554555967955,0.01499773813308585
20,Frontal Sup Medial R,0.5459859669041388,27,FAM47E,0.5487206435686864,0.6943575739860535,0.008133867654524321,0.014897576398611757
20,Frontal Sup Medial R,0.5459859669041388,28,SEC23IP,0.5614829907444272,0.6697301864624023,0.008027847319388002,0.014703394969851822
20,Frontal Sup Medial R,0.5459859669041388,29,UBAP2,0.6418227821915448,0.5707280039787292,0.007820003309731646,0.014322718501489683
20,Frontal Sup Medial R,0.5459859669041388,30,MAP4K4,0.4839718806406738,0.7526438236236572,0.007776286571626188,0.014242649157668739
20,Frontal Sup Medial R,0.5459859669041388,31,AZI2,0.6796452934837699,0.5317397713661194,0.007715144840289212,0.014130665086569507
20,Frontal Sup Medial R,0.5459859669041388,32,CAMK2D,0.583994292271344,0.6061360836029053,0.007556859826821679,0.01384075834342546
20,Frontal Sup Medial R,0.5459859669041388,33,GALC,0.4674475694380071,0.730959951877594,0.007294392271083227,0.013360036179032296
20,Frontal Sup Medial R,0.5459859669041388,34,TMEM175,0.4118298835778404,0.7957037091255188,0.006995711080750261,0.012812986971840114
20,Frontal Sup Medial R,0.5459859669041388,35,ITGA8,0.5578441732904336,0.5747663378715515,0.006844895964595167,0.01253676171094147
20,Frontal Sup Medial R,0.5459859669041388,36,TMEM163,0.3754867230596014,0.8511537313461304,0.006822840489688587,0.012496366030020146
20,Frontal Sup Medial R,0.5459859669041388,37,PKP2,0.4346415062773534,0.7130399346351624,0.006616185546931081,0.01211786739583494
20,Frontal Sup Medial R,0.5459859669041388,38,DYRK1A,0.4094418977736692,0.7525694370269775,0.0065781153377770666,0.012048139945933836
20,Frontal Sup Medial R,0.5459859669041388,39,KPNA1,0.756371863751857,0.3957322239875793,0.006389978639208233,0.011703558381620727
20,Frontal Sup Medial R,0.5459859669041388,40,FASN,0.5310465852699922,0.5596649646759033,0.006344879327531547,0.011620956786688884
20,Frontal Sup Medial R,0.5459859669041388,41,USP25,0.4983809356308603,0.5770121216773987,0.006139160439309894,0.011244172582164133
20,Frontal Sup Medial R,0.5459859669041388,42,ITGA2B,0.4942838696301666,0.5718092322349548,0.006033790494179904,0.01105118237450832
20,Frontal Sup Medial R,0.5459859669041388,43,C8orf58,0.5207017964936914,0.5322436690330505,0.005916463720119616,0.010836292649914194
20,Frontal Sup Medial R,0.5459859669041388,44,ELOVL7,0.4253215690646157,0.6225336194038391,0.005652529569704369,0.010352884345646206
20,Frontal Sup Medial R,0.5459859669041388,45,KTN1,0.5447971557268159,0.4827914834022522,0.005615094341040325,0.010284319893566403
20,Frontal Sup Medial R,0.5459859669041388,46,CCAR2,0.6607739559716872,0.3965764939785003,0.005594258257515602,0.010246157587595669
20,Frontal Sup Medial R,0.5459859669041388,47,PIK3CA,0.4502176073785585,0.5610139966011047,0.0053921106738796945,0.009875914402075484
20,Frontal Sup Medial R,0.5459859669041388,48,SNCA,0.5765070603007982,0.4322746694087982,0.005320188781867072,0.009744185939491662
20,Frontal Sup Medial R,0.5459859669041388,49,SV2C,0.4293555923129648,0.5758057832717896,0.005277834550939905,0.009666612094201601
20,Frontal Sup Medial R,0.5459859669041388,50,NSF,0.4582944578765452,0.5286843180656433,0.005172537635550274,0.009473755644086796
20,Frontal Sup Medial R,0.5459859669041388,51,MCCC1,0.3628545217695871,0.6534242630004883,0.005061630304358354,0.009270623443050954
20,Frontal Sup Medial R,0.5459859669041388,52,ITPA,0.4899869311508653,0.4807567894458771,0.005028894774141261,0.009210666718516971
20,Frontal Sup Medial R,0.5459859669041388,53,TMED5,0.7516551364193643,0.3018712401390075,0.004843987278392658,0.008871999597094291
20,Frontal Sup Medial R,0.5459859669041388,54,PARP9,0.5351593364874212,0.4089574217796325,0.0046722258321001044,0.00855741010816204
20,Frontal Sup Medial R,0.5459859669041388,55,CD38,0.6708267960811407,0.321556955575943,0.004605013797474649,0.00843430797971987
20,Frontal Sup Medial R,0.5459859669041388,56,VAMP4,0.3619004065631435,0.5934772491455078,0.0045851734756886765,0.008397969460071698
20,Frontal Sup Medial R,0.5459859669041388,57,HSD3B7,0.6322883727419837,0.3309276401996612,0.004466947656230782,0.008181433089863759
20,Frontal Sup Medial R,0.5459859669041388,58,LZTS3,0.5784547806641882,0.3598359227180481,0.0044436163622603555,0.008138700683932668
20,Frontal Sup Medial R,0.5459859669041388,59,P2RY12,0.6862629457705303,0.3019077479839325,0.004423106884304304,0.008101136572033703
20,Frontal Sup Medial R,0.5459859669041388,60,NCKIPSD,0.498911110018464,0.3463244140148163,0.0036886623985887116,0.006755965578207517
20,Frontal Sup Medial R,0.5459859669041388,61,NRIP1,0.5279766250278572,0.3074838519096374,0.003465769168456058,0.006347725726556187
20,Frontal Sup Medial R,0.5459859669041388,62,ZCWPW2,0.5623119262160209,0.2858431041240692,0.0034313707078717287,0.006284723263728476
20,Frontal Sup Medial R,0.5459859669041388,63,MYLK2,0.5389255917884153,0.2965930700302124,0.0034123410614547212,0.006249869535664897
20,Frontal Sup Medial R,0.5459859669041388,64,ERCC8,0.4635577127042898,0.3066307008266449,0.0030344645787800735,0.005557770277478298
20,Frontal Sup Medial R,0.5459859669041388,65,MIPOL1,0.5871128009724398,0.2262192219495773,0.002835395718995157,0.005193165925257158
20,Frontal Sup Medial R,0.5459859669041388,66,BCL2L1,0.5112181886756828,0.2567904889583587,0.0028025144265464647,0.005132942230067451
20,Frontal Sup Medial R,0.5459859669041388,67,VPS13C,0.4441788675529041,0.2877374291419983,0.0027284555120962463,0.004997299706377421
20,Frontal Sup Medial R,0.5459859669041388,68,FAM171A1,0.3849281520746346,0.316009521484375,0.002596823714258465,0.004756209631143139
20,Frontal Sup Medial R,0.5459859669041388,69,INTS2,0.6593086975506722,0.1789993643760681,0.0025194336130641795,0.004614465876018617
20,Frontal Sup Medial R,0.5459859669041388,70,DDRGK1,0.7028794245900479,0.1576443612575531,0.0023654942516428096,0.004332518407122594
20,Frontal Sup Medial R,0.5459859669041388,71,STBD1,0.7277049707157398,0.1455356031656265,0.0022609305234256704,0.004141004825170958
20,Frontal Sup Medial R,0.5459859669041388,72,MICU3,0.4314954834333567,0.2358701527118683,0.0021727605526096895,0.003979517211641394
20,Frontal Sup Medial R,0.5459859669041388,73,DGKQ,0.3619931989578451,0.2635650038719177,0.0020368112299991043,0.0037305193786358166
20,Frontal Sup Medial R,0.5459859669041388,74,MED13,0.5121469059519519,0.1776958703994751,0.001942828715476445,0.003558385807043197
20,Frontal Sup Medial R,0.5459859669041388,75,MCMBP,0.4590155295667081,0.1930699795484542,0.0018919286547900618,0.003465159856612643
20,Frontal Sup Medial R,0.5459859669041388,76,CYLD,0.5195393424439747,0.169330820441246,0.001878092932658438,0.003439819054888241
20,Frontal Sup Medial R,0.5459859669041388,77,PDLIM2,0.4369111363379737,0.1904719173908233,0.001776587874211806,0.003253907576206494
20,Frontal Sup Medial R,0.5459859669041388,78,NDUFAF2,0.5397007781071116,0.1519088149070739,0.001750244192578467,0.003205657834949015
20,Frontal Sup Medial R,0.5459859669041388,79,RORA,0.492490437014455,0.1622077226638794,0.0017054223663792061,0.0031235644682395913
20,Frontal Sup Medial R,0.5459859669041388,80,AMPD3,0.5418845300308202,0.145731434226036,0.001685864312218659,0.003087742935551772
20,Frontal Sup Medial R,0.5459859669041388,81,NEK1,0.5682711681505714,0.1384527385234832,0.0016796538816396104,0.003076368228223188
20,Frontal Sup Medial R,0.5459859669041388,82,MTF2,0.5824471885776344,0.1314258724451065,0.0016341805883618168,0.0029930816676992295
20,Frontal Sup Medial R,0.5459859669041388,83,C2CD4A,0.3346991780010976,0.2195565849542617,0.0015687861200278062,0.0028733085008084912
20,Frontal Sup Medial R,0.5459859669041388,84,DTX3L,0.581153689669579,0.1236892640590667,0.001534566207334533,0.002810633057175191
20,Frontal Sup Medial R,0.5459859669041388,85,DCUN1D1,0.4315326162302823,0.163753792643547,0.0015085774756013724,0.0027630334240188255
20,Frontal Sup Medial R,0.5459859669041388,86,LRRK2,0.4760628719309758,0.1440357118844986,0.0014638518337645103,0.0026811162236730613
20,Frontal Sup Medial R,0.5459859669041388,87,NUCKS1,0.6620821053180975,0.1008259132504463,0.0014251042649791597,0.002610148156480679
20,Frontal Sup Medial R,0.5459859669041388,88,WNT3,0.4377435818378014,0.1518237739801406,0.0014188033178896876,0.0025986076637365164
20,Frontal Sup Medial R,0.5459859669041388,89,SLC45A3,0.4463266334665104,0.1365202218294143,0.001300805647650731,0.0023824891599807706
20,Frontal Sup Medial R,0.5459859669041388,90,CNOT7,0.6432660598719069,0.0932418778538703,0.001280454865057141,0.0023452157063992007
20,Frontal Sup Medial R,0.5459859669041388,91,YARS2,0.4471550264836951,0.1202353090047836,0.0011477644426550885,0.002102186708503089
20,Frontal Sup Medial R,0.5459859669041388,92,B3GALT1,0.704300039742106,0.0701578333973884,0.0010548640873078638,0.0019320351643636118
20,Frontal Sup Medial R,0.5459859669041388,93,ANK2,0.7275304155668858,0.0663385838270187,0.0010303386134669966,0.0018871155595980682
20,Frontal Sup Medial R,0.5459859669041388,94,UBOX5,0.5339005624160115,0.0885050073266029,0.001008766952425005,0.0018476060074308072
20,Frontal Sup Medial R,0.5459859669041388,95,SNX20,0.3633531818714778,0.1277837306261062,0.0009912133810190292,0.0018154557829378434
20,Frontal Sup Medial R,0.5459859669041388,96,CMC1,0.5082437140850156,0.0913318544626236,0.0009909618090264396,0.0018149950165302084
20,Frontal Sup Medial R,0.5459859669041388,97,MTMR7,0.6141117453274499,0.0743675380945205,0.0009749748964704346,0.0017857142043389092
20,Frontal Sup Medial R,0.5459859669041388,98,DCAF16,0.600669767320971,0.0746670886874198,0.0009574753841575485,0.0017536629917187163
20,Frontal Sup Medial R,0.5459859669041388,99,P4HTM,0.5374385517747086,0.0821254402399063,0.0009422565222463481,0.0017257889018451346
20,Frontal Sup Medial R,0.5459859669041388,100,NOL4,0.7173466841420432,0.0601187869906425,0.0009206656287100344,0.0016862441244239513
20,Frontal Sup Medial R,0.5459859669041388,101,CERS6,0.5741271914771252,0.0747304856777191,0.0009159432075513376,0.0016775947791203092
20,Frontal Sup Medial R,0.5459859669041388,102,COX4I2,0.4659807996423974,0.0888595879077911,0.0008839647411583875,0.0016190246540046856
20,Frontal Sup Medial R,0.5459859669041388,103,DR1,0.4824971676714092,0.0850554704666137,0.0008761120323318673,0.0016046420337497242
20,Frontal Sup Medial R,0.5459859669041388,104,DPM3,0.4178661652152862,0.0954490676522255,0.0008514742595259035,0.00155951674793759
20,Frontal Sup Medial R,0.5459859669041388,105,FAM171A2,0.5410252056735709,0.0734663009643554,0.0008485321420513459,0.0015541281158977592
20,Frontal Sup Medial R,0.5459859669041388,106,CTF1,0.2965773671396258,0.1332284361124038,0.000843524227605101,0.001544955875675834
20,Frontal Sup Medial R,0.5459859669041388,107,CCDC90B,0.6994103652822051,0.0561612658202648,0.0008385550476825969,0.0015358545796284638
20,Frontal Sup Medial R,0.5459859669041388,108,FOXS1,0.5276482983211537,0.0717954486608505,0.0008087309822509144,0.0014812303452350572
20,Frontal Sup Medial R,0.5459859669041388,109,ACBD7,0.4975741605593811,0.0733931586146354,0.0007796075264724395,0.0014278893116850353
20,Frontal Sup Medial R,0.5459859669041388,110,FASTKD5,0.4101635651813101,0.0885050073266029,0.0007749747401864071,0.0014194041370342995
20,Frontal Sup Medial R,0.5459859669041388,111,METTL13,0.5049117044147521,0.0712111964821815,0.0007675847653327295,0.0014058690366807495
20,Frontal Sup Medial R,0.5459859669041388,112,NTPCR,0.6148774664322041,0.0572280026972293,0.0007512072868650758,0.0013758728839215171
20,Frontal Sup Medial R,0.5459859669041388,113,WDR6,0.5986650647880973,0.0575480684638023,0.0007354908811735541,0.0013470875182817422
20,Frontal Sup Medial R,0.5459859669041388,114,IP6K2,0.3374923985108138,0.0962643772363662,0.0006935730771126229,0.001270313010140783
20,Frontal Sup Medial R,0.5459859669041388,115,VPS37A,0.3699833608820571,0.0843638330698013,0.0006663480363849764,0.0012204490165989373
20,Frontal Sup Medial R,0.5459859669041388,116,ARL17A,0.4071456762000488,0.0748985931277275,0.0006510076808752772,0.0011923524052580223
20,Frontal Sup Medial R,0.5459859669041388,117,BIN3,0.4220833934867574,0.0713214352726936,0.0006426595495819858,0.0011770623945263781
20,Frontal Sup Medial R,0.5459859669041388,118,PRSS3,0.5105740236929642,0.0544609166681766,0.0005936169428700241,0.001087238461889347
20,Frontal Sup Medial R,0.5459859669041388,119,RPP38,0.3640363360042553,0.0709610506892204,0.0005514769909908423,0.0010100570791550534
20,Frontal Sup Medial R,0.5459859669041388,120,ZDHHC2,0.4204801662140935,0.0558798909187316,0.0005016071175975849,0.0009187179671334925
20,Frontal Sup Medial R,0.5459859669041388,121,TPX2,0.3489173354317091,0.0610919557511806,0.0004550605644884767,0.0008334656787403723
20,Frontal Sup Medial R,0.5459859669041388,122,CNTLN,0.3326939673822729,0.0592545457184314,0.0004208518342728476,0.00077081071636176
20,Frontal Sup Medial R,0.5459859669041388,123,ARIH2,0.3334915380443003,0.0570767857134342,0.0004063562575328818,0.0007442613586517827
144,Thal PuI R,0.5455636151710573,1,SIPA1L2,0.9072390074082342,0.8528462648391724,0.016517909865602608,0.03027678057383563
144,Thal PuI R,0.5455636151710573,2,TMEM163,0.8688326483020206,0.8511537313461304,0.015787260128122947,0.02893752385443258
144,Thal PuI R,0.5455636151710573,3,ITPKB,0.7407043289830768,0.9014809131622314,0.014254895707131085,0.026128750728109995
144,Thal PuI R,0.5455636151710573,4,SH3GL2,0.7081931618587433,0.8994671702384949,0.013598771332330966,0.024926096525090247
144,Thal PuI R,0.5455636151710573,5,STK39,0.7443570266328838,0.8421160578727722,0.01338184103778279,0.02452847049484232
144,Thal PuI R,0.5455636151710573,6,HIP1R,0.6712705890706039,0.8798125386238098,0.012608121693050608,0.023110268614774516
144,Thal PuI R,0.5455636151710573,7,CAMK2D,0.8599990985603516,0.6061360836029053,0.011128349583242103,0.02039789544937467
144,Thal PuI R,0.5455636151710573,8,SPPL2B,0.7381362122013161,0.6948310136795044,0.010949097729233826,0.020069332750133673
144,Thal PuI R,0.5455636151710573,9,MAP4K4,0.6814089427069014,0.7526438236236572,0.010948634461868266,0.020068483596427898
144,Thal PuI R,0.5455636151710573,10,SLC2A13,0.7039930538650266,0.700274646282196,0.010524449834157422,0.019290967252018006
144,Thal PuI R,0.5455636151710573,11,RIT2,0.5756608996217802,0.8445248007774353,0.010378671480692873,0.019023760368327935
144,Thal PuI R,0.5455636151710573,12,TOX3,0.6608174249200116,0.7276461720466614,0.010265127800100502,0.018815638570182047
144,Thal PuI R,0.5455636151710573,13,CTSB,0.5487533738507926,0.8426995277404785,0.009872168954488211,0.01809535804801218
144,Thal PuI R,0.5455636151710573,14,RNF141,0.6043777465599258,0.7541582584381104,0.009730464704429538,0.01783561886065042
144,Thal PuI R,0.5455636151710573,15,FYN,0.593034880369177,0.7615038752555847,0.009640842347954695,0.01767134405569162
144,Thal PuI R,0.5455636151710573,16,MCCC1,0.6801778633160313,0.6534242630004883,0.00948812452032863,0.017391417346176396
144,Thal PuI R,0.5455636151710573,17,GALC,0.6060938914476786,0.730959951877594,0.009457930442641926,0.01733607260388225
144,Thal PuI R,0.5455636151710573,18,CNTN1,0.5641619051272343,0.7606772780418396,0.009161505072685558,0.01679273473875826
144,Thal PuI R,0.5455636151710573,19,FASN,0.75899933229771,0.5596649646759033,0.009068430730342766,0.016622132558270823
144,Thal PuI R,0.5455636151710573,20,UBAP2,0.724214738411182,0.5707280039787292,0.008823871337184342,0.016173863307247283
144,Thal PuI R,0.5455636151710573,21,ITGA8,0.6690372243304065,0.5747663378715515,0.008209264192849971,0.015047308809763677
144,Thal PuI R,0.5455636151710573,22,C8orf58,0.7094760401150266,0.5322436690330505,0.008061407277448371,0.014776291991027991
144,Thal PuI R,0.5455636151710573,23,SLC18B1,0.5371490362306925,0.702358067035675,0.008054081152431496,0.014762863447017447
144,Thal PuI R,0.5455636151710573,24,RIMS1,0.5484966029507548,0.67091304063797,0.007856023990343007,0.014399831242191272
144,Thal PuI R,0.5455636151710573,25,ASXL3,0.5110670284488422,0.7160765528678894,0.007812678305768286,0.014320380040957606
144,Thal PuI R,0.5455636151710573,26,KTN1,0.7574255899579316,0.4827914834022522,0.007806604897299705,0.014309247684803912
144,Thal PuI R,0.5455636151710573,27,ELOVL7,0.5783636105933837,0.6225336194038391,0.007686460430656923,0.014089026864899873
144,Thal PuI R,0.5455636151710573,28,FAM47E,0.5150131155041807,0.6943575739860535,0.007634209813232382,0.013993253217296636
144,Thal PuI R,0.5455636151710573,29,FCGR2A,0.4003813913547838,0.8712173104286194,0.007446685386545694,0.013649527166892978
144,Thal PuI R,0.5455636151710573,30,ITPA,0.7194157427824444,0.4807567894458771,0.0073835970702648395,0.013533888376976475
144,Thal PuI R,0.5455636151710573,31,GPNMB,0.379709950821132,0.8844435214996338,0.0071694313258476835,0.01314132967536657
144,Thal PuI R,0.5455636151710573,32,SLC50A1,0.5298118176756921,0.6150293350219727,0.0069563287375803765,0.012750719703694449
144,Thal PuI R,0.5455636151710573,33,ALG10,0.44529545004929,0.7019623517990112,0.006673054984767114,0.012231488316307215
144,Thal PuI R,0.5455636151710573,34,FBRSL1,0.4516480563429776,0.6778879165649414,0.006536129731680405,0.011980508871785835
144,Thal PuI R,0.5455636151710573,35,DLG2,0.495563710856206,0.607625424861908,0.006428328464292286,0.011782912726459465
144,Thal PuI R,0.5455636151710573,36,DYRK1A,0.3961485725225921,0.7525694370269775,0.0063645440662495325,0.011665998041775528
144,Thal PuI R,0.5455636151710573,37,IRS2,0.3941649048769931,0.7469207048416138,0.006285141756952652,0.011520456244102703
144,Thal PuI R,0.5455636151710573,38,CLCN3,0.3634159426636831,0.8020431399345398,0.0062224917489129665,0.011405620858645332
144,Thal PuI R,0.5455636151710573,39,SV2C,0.4974681260014612,0.5758057832717896,0.006115104846446312,0.01120878423046773
144,Thal PuI R,0.5455636151710573,40,MED12L,0.5231652482668557,0.5456203818321228,0.00609385475108616,0.011169833510938003
144,Thal PuI R,0.5455636151710573,41,CCSER1,0.3313577195816406,0.8328624963760376,0.005891596893393469,0.010799101570485421
144,Thal PuI R,0.5455636151710573,42,NSF,0.4843479338779231,0.5286843180656433,0.005466590035351135,0.010020078105166759
144,Thal PuI R,0.5455636151710573,43,TMEM175,0.309107689280742,0.7957037091255188,0.005250779929469767,0.009624505343567359
144,Thal PuI R,0.5455636151710573,44,PARP9,0.5741780767544564,0.4089574217796325,0.005012880201335669,0.009188443037507035
144,Thal PuI R,0.5455636151710573,45,HSD3B7,0.7081842532666796,0.3309276401996612,0.005003131682764677,0.009170574326508162
144,Thal PuI R,0.5455636151710573,46,PKP2,0.3133988987480041,0.7130399346351624,0.004770610340645924,0.00874437042351172
144,Thal PuI R,0.5455636151710573,47,CCAR2,0.5459179678209954,0.3965764939785003,0.0046218620933958215,0.008471719823079975
144,Thal PuI R,0.5455636151710573,48,BCL2L1,0.7965767465711682,0.2567904889583587,0.004366859148537443,0.008004307888399498
144,Thal PuI R,0.5455636151710573,49,TMED5,0.6738345487378405,0.3018712401390075,0.004342478117526595,0.007959618267734081
144,Thal PuI R,0.5455636151710573,50,ITGA2B,0.354691727918809,0.5718092322349548,0.004329770214597633,0.007936325103425504
144,Thal PuI R,0.5455636151710573,51,VPS13C,0.7036864892024917,0.2877374291419983,0.004322531800825744,0.00792305733121599
144,Thal PuI R,0.5455636151710573,52,SEC23IP,0.292376220555845,0.6697301864624023,0.004180272060120873,0.007662299947935825
144,Thal PuI R,0.5455636151710573,53,MYLK2,0.6149570569244491,0.2965930700302124,0.0038937531420821913,0.007137120280393579
144,Thal PuI R,0.5455636151710573,54,NCKIPSD,0.5256267244906176,0.3463244140148163,0.0038861823186301368,0.007123243212272604
144,Thal PuI R,0.5455636151710573,55,AZI2,0.3404616903556693,0.5317397713661194,0.003864826665979718,0.007084099009733138
144,Thal PuI R,0.5455636151710573,56,CD38,0.5373701185462431,0.321556955575943,0.0036888759135923345,0.0067615871202036
144,Thal PuI R,0.5455636151710573,57,MICU3,0.7273314498509564,0.2358701527118683,0.0036624185966772616,0.006713091736385202
144,Thal PuI R,0.5455636151710573,58,NRIP1,0.538442498148418,0.3074838519096374,0.0035344697484870373,0.0064785657441228574
144,Thal PuI R,0.5455636151710573,59,VAMP4,0.2786088067243624,0.5934772491455078,0.0035298929968539004,0.0064701767102762694
144,Thal PuI R,0.5455636151710573,60,FAM171A1,0.5149961088380316,0.316009521484375,0.0034742954002546715,0.006368268160928094
144,Thal PuI R,0.5455636151710573,61,USP25,0.2648746830657229,0.5770121216773987,0.003262781658358327,0.0059805704919220215
144,Thal PuI R,0.5455636151710573,62,RORA,0.930349965691634,0.1622077226638794,0.003221665885878045,0.00590520664554933
144,Thal PuI R,0.5455636151710573,63,PDLIM2,0.7900579372196208,0.1904719173908233,0.0032125694093166966,0.005888533105913633
144,Thal PuI R,0.5455636151710573,64,WNT3,0.9436772674976373,0.1518237739801406,0.0030586226587756716,0.005606353821481778
144,Thal PuI R,0.5455636151710573,65,PIK3CA,0.254683155515455,0.5610139966011047,0.003050257783804413,0.0055910212832797285
144,Thal PuI R,0.5455636151710573,66,ERCC8,0.4593873100263488,0.3066307008266449,0.0030071649807825868,0.005512033605539682
144,Thal PuI R,0.5455636151710573,67,LZTS3,0.3491307499176482,0.3598359227180481,0.002681978202550166,0.0049159770336026755
144,Thal PuI R,0.5455636151710573,68,SNCA,0.2723296054297804,0.4322746694087982,0.002513143396755375,0.004606508438007541
144,Thal PuI R,0.5455636151710573,69,CYLD,0.6639448235138328,0.169330820441246,0.0024001071311571557,0.004399316714705434
144,Thal PuI R,0.5455636151710573,70,P2RY12,0.3719041681334827,0.3019077479839325,0.00239699942494449,0.004393620392358697
144,Thal PuI R,0.5455636151710573,71,AMPD3,0.7550159693403085,0.145731434226036,0.002348940424251655,0.004305529839109894
144,Thal PuI R,0.5455636151710573,72,C2CD4A,0.4854739676858265,0.2195565849542617,0.0022754905664508526,0.004170898687474585
144,Thal PuI R,0.5455636151710573,73,DDRGK1,0.6487241129761568,0.1576443612575531,0.002183238129416297,0.004001803032139082
144,Thal PuI R,0.5455636151710573,74,SLC45A3,0.7475879764301645,0.1365202218294143,0.002178822837219521,0.003993709948080698
144,Thal PuI R,0.5455636151710573,75,INTS2,0.567776365854019,0.1789993643760681,0.0021696587139685033,0.003976912414307951
144,Thal PuI R,0.5455636151710573,76,KPNA1,0.251931025649367,0.3957322239875793,0.002128362978056802,0.00390121870093824
144,Thal PuI R,0.5455636151710573,77,DGKQ,0.3640593713108669,0.2635650038719177,0.002048436871209669,0.003754716799740021
144,Thal PuI R,0.5455636151710573,78,MCMBP,0.4657756741859059,0.1930699795484542,0.0019197920068811292,0.0035189150329960933
144,Thal PuI R,0.5455636151710573,79,MIPOL1,0.3763313326533306,0.2262192219495773,0.0018174501522733534,0.003331325810104667
144,Thal PuI R,0.5455636151710573,80,STBD1,0.5511505632890289,0.1455356031656265,0.001712387824309889,0.0031387500498415437
144,Thal PuI R,0.5455636151710573,81,DTX3L,0.6429988932262078,0.1236892640590667,0.0016978716481340014,0.0031121423806857915
144,Thal PuI R,0.5455636151710573,82,ZCWPW2,0.2638454346745277,0.2858431041240692,0.0016100520969566867,0.0029511720580043944
144,Thal PuI R,0.5455636151710573,83,MED13,0.3956174833354392,0.1776958703994751,0.0015007744809859786,0.002750869814724397
144,Thal PuI R,0.5455636151710573,84,CTF1,0.5128356280829247,0.1332284361124038,0.0014586051566887336,0.0026735748428373452
144,Thal PuI R,0.5455636151710573,85,YARS2,0.5626576259217559,0.1202353090047836,0.0014442383025415183,0.002647240876004329
144,Thal PuI R,0.5455636151710573,86,P4HTM,0.8155990717223123,0.0821254402399063,0.001429937510680418,0.002621027999149232
144,Thal PuI R,0.5455636151710573,87,NEK1,0.4524905120192291,0.1384527385234832,0.0013374379829821192,0.0024514794348277345
144,Thal PuI R,0.5455636151710573,88,LRRK2,0.4227369374159448,0.1440357118844986,0.0012998792334430293,0.00238263549345288
144,Thal PuI R,0.5455636151710573,89,VPS37A,0.7027476001829425,0.0843638330698013,0.0012656636296826177,0.0023199194273353044
144,Thal PuI R,0.5455636151710573,90,IP6K2,0.6063693658205627,0.0962643772363662,0.0012461361167680402,0.002284126144257849
144,Thal PuI R,0.5455636151710573,91,NDUFAF2,0.3584437701153826,0.1519088149070739,0.0011624295395880823,0.002130694766408884
144,Thal PuI R,0.5455636151710573,92,DR1,0.6401413094420099,0.0850554704666137,0.0011623601985095234,0.0021305676665132334
144,Thal PuI R,0.5455636151710573,93,CMC1,0.5942193077092341,0.0913318544626236,0.0011585950279504739,0.0021236662338400356
144,Thal PuI R,0.5455636151710573,94,MTMR7,0.7083359640771631,0.0743675380945205,0.0011245669676520813,0.002061293928663996
144,Thal PuI R,0.5455636151710573,95,DPM3,0.5021741081092308,0.0954490676522255,0.001023266209254088,0.001875613000572354
144,Thal PuI R,0.5455636151710573,96,ACBD7,0.6470289428984661,0.0733931586146354,0.00101377578201019,0.0018582173624103
144,Thal PuI R,0.5455636151710573,97,FAM171A2,0.6303754271312381,0.0734663009643554,0.000988667082181992,0.0018121939489531445
144,Thal PuI R,0.5455636151710573,98,FASTKD5,0.5042678990699236,0.0885050073266029,0.0009527781530114971,0.0017464107328945694
144,Thal PuI R,0.5455636151710573,99,MTF2,0.3347867189021229,0.1314258724451065,0.0009393159895015444,0.0017217350339740472
144,Thal PuI R,0.5455636151710573,100,ARL17A,0.5838661016851519,0.0748985931277275,0.0009335757175350151,0.0017112133059722092
144,Thal PuI R,0.5455636151710573,101,DCAF16,0.5416668550767731,0.0746670886874198,0.0008634239783087177,0.001582627496223328
144,Thal PuI R,0.5455636151710573,102,UBOX5,0.4489048734657034,0.0885050073266029,0.0008481736731752686,0.0015546741930532338
144,Thal PuI R,0.5455636151710573,103,BIN3,0.5467489808539363,0.0713214352726936,0.00083247400677711,0.0015258972255986943
144,Thal PuI R,0.5455636151710573,104,NTPCR,0.6681709242373057,0.0572280026972293,0.0008163168998058892,0.0014962817847556406
144,Thal PuI R,0.5455636151710573,105,ARIH2,0.6627561804633981,0.0570767857134342,0.0008075620830718603,0.0014802344962441371
144,Thal PuI R,0.5455636151710573,106,METTL13,0.5226273327643762,0.0712111964821815,0.0007945166948375722,0.0014563227325716315
144,Thal PuI R,0.5455636151710573,107,SNX20,0.2857285642697061,0.1277837306261062,0.0007794564362550863,0.0014287177784220336
144,Thal PuI R,0.5455636151710573,108,PRSS3,0.6476592693492105,0.0544609166681766,0.0007529985813060268,0.0013802214084051953
144,Thal PuI R,0.5455636151710573,109,CERS6,0.4689186428690737,0.0747304856777191,0.0007480970283345865,0.001371237024485268
144,Thal PuI R,0.5455636151710573,110,NOL4,0.5823999610837034,0.0601187869906425,0.0007474706974816856,0.0013700889808190779
144,Thal PuI R,0.5455636151710573,111,CNOT7,0.3644938223720164,0.0932418778538703,0.0007255440901583692,0.0013298982373134989
144,Thal PuI R,0.5455636151710573,112,WDR6,0.5905497766251939,0.0575480684638023,0.0007255208314863826,0.0013298556049396752
144,Thal PuI R,0.5455636151710573,113,FOXS1,0.4659314070396413,0.0717954486608505,0.0007141369841912615,0.0013089893906640918
144,Thal PuI R,0.5455636151710573,114,RPP38,0.4687484659875788,0.0709610506892204,0.0007101049208213694,0.001301598752326475
144,Thal PuI R,0.5455636151710573,115,ZDHHC2,0.5674562557969351,0.0558798909187316,0.0006769406019690591,0.0012408096565545514
144,Thal PuI R,0.5455636151710573,116,ANK2,0.4719721813562643,0.0663385838270187,0.00066841351581802,0.0012251797906435605
144,Thal PuI R,0.5455636151710573,117,DCUN1D1,0.186500534820162,0.163753792643547,0.0006519797008047393,0.0011950571531430226
144,Thal PuI R,0.5455636151710573,118,CNTLN,0.4345453568578628,0.0592545457184314,0.0005496919945598181,0.001007567182403589
144,Thal PuI R,0.5455636151710573,119,B3GALT1,0.3631655928275493,0.0701578333973884,0.0005439305977604779,0.0009970067332843167
144,Thal PuI R,0.5455636151710573,120,COX4I2,0.2628702440403863,0.0888595879077911,0.0004986643814717814,0.0009140352611591023
144,Thal PuI R,0.5455636151710573,121,CCDC90B,0.3924985696942732,0.0561612658202648,0.00047058447109592233,0.000862565717379034
144,Thal PuI R,0.5455636151710573,122,NUCKS1,0.2070705210762651,0.1008259132504463,0.0004457107062204361,0.0008169729318929873
144,Thal PuI R,0.5455636151710573,123,TPX2,0.2899350545556524,0.0610919557511806,0.0003781354383778265,0.00069310970868038
147,Thal PuA L,0.5441006702683586,1,SIPA1L2,0.8605362522979796,0.8528462648391724,0.015667602622321374,0.028795411361272314
147,Thal PuA L,0.5441006702683586,2,TMEM163,0.7738091031238281,0.8511537313461304,0.014060619872423113,0.025841945508885706
147,Thal PuA L,0.5441006702683586,3,ITPKB,0.7194300773712251,0.9014809131622314,0.013845471560264597,0.02544652546271594
147,Thal PuA L,0.5441006702683586,4,HIP1R,0.7235949637052647,0.8798125386238098,0.013590902845163896,0.024978654847935877
147,Thal PuA L,0.5441006702683586,5,SH3GL2,0.6581425293539941,0.8994671702384949,0.012637695819141566,0.02322676024807774
147,Thal PuA L,0.5441006702683586,6,TMEM175,0.7394938708119384,0.7957037091255188,0.012561704899222474,0.023087096902539843
147,Thal PuA L,0.5441006702683586,7,TOX3,0.7324936157045464,0.7276461720466614,0.01137854465456177,0.02091257239023378
147,Thal PuA L,0.5441006702683586,8,MCCC1,0.7683233483135647,0.6534242630004883,0.01071770781415125,0.019698023545652157
147,Thal PuA L,0.5441006702683586,9,GALC,0.6627485430749447,0.730959951877594,0.010342010882824106,0.019007531965956358
147,Thal PuA L,0.5441006702683586,10,SPPL2B,0.6921077614206158,0.6948310136795044,0.01026633755896641,0.01886845232868928
147,Thal PuA L,0.5441006702683586,11,MAP4K4,0.6150569794274613,0.7526438236236572,0.00988251491713788,0.018163026544818765
147,Thal PuA L,0.5441006702683586,12,CAMK2D,0.7626875439125325,0.6061360836029053,0.009869142451022413,0.018138449353783746
147,Thal PuA L,0.5441006702683586,13,SLC18B1,0.6448477413629101,0.702358067035675,0.009668929272114497,0.017770478517046554
147,Thal PuA L,0.5441006702683586,14,SLC2A13,0.6290365758062946,0.700274646282196,0.009403876713807437,0.017283339697356563
147,Thal PuA L,0.5441006702683586,15,FASN,0.7863909584005028,0.5596649646759033,0.009395702512193549,0.01726831637159985
147,Thal PuA L,0.5441006702683586,16,CNTN1,0.5780752636237595,0.7606772780418396,0.009387446071688779,0.017253141899381874
147,Thal PuA L,0.5441006702683586,17,STK39,0.5219013092619028,0.8421160578727722,0.009382594787270007,0.01724422574712575
147,Thal PuA L,0.5441006702683586,18,ALG10,0.6235039951765288,0.7019623517990112,0.009343631161231037,0.017172614686584778
147,Thal PuA L,0.5441006702683586,19,ELOVL7,0.6893528070246977,0.6225336194038391,0.009161508395248668,0.01683789213259023
147,Thal PuA L,0.5441006702683586,20,UBAP2,0.7349721159171336,0.5707280039787292,0.008954939803487973,0.016458240713196074
147,Thal PuA L,0.5441006702683586,21,ASXL3,0.5775465289029439,0.7160765528678894,0.008828949992385345,0.016226684646484215
147,Thal PuA L,0.5441006702683586,22,FYN,0.5417635393053974,0.7615038752555847,0.008807335023973342,0.016186958600196966
147,Thal PuA L,0.5441006702683586,23,DYRK1A,0.5297008099856882,0.7525694370269775,0.008510201426737994,0.015640858193651252
147,Thal PuA L,0.5441006702683586,24,RNF141,0.51643040941834,0.7541582584381104,0.008314515052451553,0.015281207149314316
147,Thal PuA L,0.5441006702683586,25,CTSB,0.4494640240872127,0.8426995277404785,0.008085936225987751,0.014861103225621182
147,Thal PuA L,0.5441006702683586,26,FAM47E,0.5350987677879736,0.6943575739860535,0.007931946082764067,0.014578085483430689
147,Thal PuA L,0.5441006702683586,27,SLC50A1,0.5876747335923677,0.6150293350219727,0.007716057855358858,0.014181305550594492
147,Thal PuA L,0.5441006702683586,28,ITGA8,0.6068230137356626,0.5747663378715515,0.007445879327631126,0.013684745736407027
147,Thal PuA L,0.5441006702683586,29,FCGR2A,0.3919653515911567,0.8712173104286194,0.007290155633481184,0.013398541909322716
147,Thal PuA L,0.5441006702683586,30,RIMS1,0.4920210955735709,0.67091304063797,0.007047134858787559,0.012951895198570158
147,Thal PuA L,0.5441006702683586,31,FBRSL1,0.4834196403487157,0.6778879165649414,0.006995919587799677,0.012857766898815222
147,Thal PuA L,0.5441006702683586,32,IRS2,0.4303539636208837,0.7469207048416138,0.006862193040417425,0.012611991521776455
147,Thal PuA L,0.5441006702683586,33,SV2C,0.552864365454525,0.5758057832717896,0.006796060659790896,0.012490447138098501
147,Thal PuA L,0.5441006702683586,34,RIT2,0.3741286235434571,0.8445248007774353,0.006745217675601266,0.012397003062456115
147,Thal PuA L,0.5441006702683586,35,C8orf58,0.5829598090869786,0.5322436690330505,0.006623869139642491,0.012173977172965988
147,Thal PuA L,0.5441006702683586,36,CLCN3,0.3866882533696307,0.8020431399345398,0.006620965630615815,0.01216864082771715
147,Thal PuA L,0.5441006702683586,37,NSF,0.5861128455811486,0.5286843180656433,0.00661515909770096,0.01215796902885318
147,Thal PuA L,0.5441006702683586,38,MED12L,0.5332630763953036,0.5456203818321228,0.0062114747537909375,0.011416039518435705
147,Thal PuA L,0.5441006702683586,39,SEC23IP,0.4275951742308544,0.6697301864624023,0.006113575709001084,0.011236111335767657
147,Thal PuA L,0.5441006702683586,40,KTN1,0.5909603017220779,0.4827914834022522,0.0060908868761478194,0.011194411639198501
147,Thal PuA L,0.5441006702683586,41,PIK3CA,0.5047519435820843,0.5610139966011047,0.006045250781056187,0.011110537279938616
147,Thal PuA L,0.5441006702683586,42,VAMP4,0.4577647988632498,0.5934772491455078,0.005799747598475049,0.010659328163691705
147,Thal PuA L,0.5441006702683586,43,DLG2,0.4245477391836088,0.607625424861908,0.005507127048366181,0.01012152226471249
147,Thal PuA L,0.5441006702683586,44,ITPA,0.4962735968275918,0.4807567894458771,0.005093416862708413,0.009361166308058881
147,Thal PuA L,0.5441006702683586,45,NCKIPSD,0.6803563967150966,0.3463244140148163,0.005030164708317288,0.00924491547829988
147,Thal PuA L,0.5441006702683586,46,CCSER1,0.2810971114940403,0.8328624963760376,0.0049979546905112296,0.009185716841786214
147,Thal PuA L,0.5441006702683586,47,HSD3B7,0.6913210447504531,0.3309276401996612,0.0048839976404424605,0.008976275728595592
147,Thal PuA L,0.5441006702683586,48,PARP9,0.5183400222657961,0.4089574217796325,0.004525384267305069,0.008317181938175305
147,Thal PuA L,0.5441006702683586,49,ITGA2B,0.3699623166657904,0.5718092322349548,0.004516180370549127,0.008300266140678855
147,Thal PuA L,0.5441006702683586,50,SNCA,0.4862044841455263,0.4322746694087982,0.00448684815914459,0.00824635661068311
147,Thal PuA L,0.5441006702683586,51,CCAR2,0.5090902803303633,0.3965764939785003,0.004310070756906614,0.0079214582749564
147,Thal PuA L,0.5441006702683586,52,CD38,0.6145729911353764,0.321556955575943,0.004218849217513,0.007753802647278858
147,Thal PuA L,0.5441006702683586,53,MYLK2,0.664990670614762,0.2965930700302124,0.004210553377680296,0.007738555763225925
147,Thal PuA L,0.5441006702683586,54,GPNMB,0.2216293641354662,0.8844435214996338,0.004184658586177048,0.007690963850702686
147,Thal PuA L,0.5441006702683586,55,TMED5,0.6475218252294889,0.3018712401390075,0.004172907669912162,0.0076693668983242045
147,Thal PuA L,0.5441006702683586,56,AZI2,0.3605411582334833,0.5317397713661194,0.004092763215351216,0.007522069791482896
147,Thal PuA L,0.5441006702683586,57,VPS13C,0.5989478223826428,0.2877374291419983,0.003679154067912344,0.006761899532484917
147,Thal PuA L,0.5441006702683586,58,FAM171A1,0.5367093266396105,0.316009521484375,0.0036207783181605216,0.006654611023314306
147,Thal PuA L,0.5441006702683586,59,NRIP1,0.5357895686223272,0.3074838519096374,0.003517055262841717,0.00646397891975956
147,Thal PuA L,0.5441006702683586,60,LZTS3,0.4524674805111563,0.3598359227180481,0.0034757978791038926,0.006388152172996914
147,Thal PuA L,0.5441006702683586,61,USP25,0.2623680266155391,0.5770121216773987,0.003231904140753384,0.005939901046545964
147,Thal PuA L,0.5441006702683586,62,PKP2,0.2030279222499267,0.7130399346351624,0.003090524916311708,0.005680060851216034
147,Thal PuA L,0.5441006702683586,63,BCL2L1,0.5612425502085024,0.2567904889583587,0.00307674957306517,0.005654743214243186
147,Thal PuA L,0.5441006702683586,64,WNT3,0.9043591595472752,0.1518237739801406,0.0029311858114347807,0.005387212278178367
147,Thal PuA L,0.5441006702683586,65,MICU3,0.5818145989687156,0.2358701527118683,0.002929680281964979,0.005384445272820592
147,Thal PuA L,0.5441006702683586,66,RORA,0.8451885656558557,0.1622077226638794,0.0029267644107273294,0.0053790862071237755
147,Thal PuA L,0.5441006702683586,67,DGKQ,0.4969659875056755,0.2635650038719177,0.002796256689886128,0.005139226695874078
147,Thal PuA L,0.5441006702683586,68,P2RY12,0.4287819676917034,0.3019077479839325,0.0027635886286025402,0.005079186223460259
147,Thal PuA L,0.5441006702683586,69,AMPD3,0.7707412604206537,0.145731434226036,0.0023978635906504015,0.004407021938546298
147,Thal PuA L,0.5441006702683586,70,CYLD,0.6572090484035732,0.169330820441246,0.0023757578459402823,0.004366393896865672
147,Thal PuA L,0.5441006702683586,71,SLC45A3,0.7714414278505898,0.1365202218294143,0.002248343009212528,0.004132218782424237
147,Thal PuA L,0.5441006702683586,72,C2CD4A,0.4474190773103335,0.2195565849542617,0.002097121488352736,0.0038542894779350374
147,Thal PuA L,0.5441006702683586,73,PDLIM2,0.5111152406551156,0.1904719173908233,0.0020783199679541018,0.0038197342541942524
147,Thal PuA L,0.5441006702683586,74,MIPOL1,0.4242272498922938,0.2262192219495773,0.0020487581368238005,0.003765402707211006
147,Thal PuA L,0.5441006702683586,75,MCMBP,0.488497430126485,0.1930699795484542,0.0020134444835014885,0.003700499913937668
147,Thal PuA L,0.5441006702683586,76,ERCC8,0.3049981835994217,0.3066307008266449,0.0019965284998183183,0.0036694101090403003
147,Thal PuA L,0.5441006702683586,77,KPNA1,0.2361930465890169,0.3957322239875793,0.001995405427889474,0.0036673460205540825
147,Thal PuA L,0.5441006702683586,78,MED13,0.4935498468061437,0.1776958703994751,0.0018722807923864252,0.003441055846270118
147,Thal PuA L,0.5441006702683586,79,STBD1,0.5824129117058124,0.1455356031656265,0.001809517843498784,0.00332570412494861
147,Thal PuA L,0.5441006702683586,80,LRRK2,0.5754907525372334,0.1440357118844986,0.0017695838997045144,0.0032523097220808956
147,Thal PuA L,0.5441006702683586,81,INTS2,0.4423248006492888,0.1789993643760681,0.0016902673585040655,0.0031065342332153353
147,Thal PuA L,0.5441006702683586,82,DTX3L,0.5926749148807765,0.1236892640590667,0.0015649885950616874,0.002876284997571886
147,Thal PuA L,0.5441006702683586,83,NEK1,0.5194758237305291,0.1384527385234832,0.0015354282121800794,0.002821956112317934
147,Thal PuA L,0.5441006702683586,84,SNX20,0.5543143866982468,0.1277837306261062,0.001512148137954117,0.002779169776078943
147,Thal PuA L,0.5441006702683586,85,DCUN1D1,0.4276144020173114,0.163753792643547,0.0014948799484992385,0.002747432653890945
147,Thal PuA L,0.5441006702683586,86,DDRGK1,0.4364630475185742,0.1576443612575531,0.001468887541503812,0.0026996613343250146
147,Thal PuA L,0.5441006702683586,87,ZCWPW2,0.2326580099182011,0.2858431041240692,0.0014197384813751082,0.002609330513551604
147,Thal PuA L,0.5441006702683586,88,IP6K2,0.6857090430388814,0.0962643772363662,0.0014091853122706415,0.0025899348949076097
147,Thal PuA L,0.5441006702683586,89,CMC1,0.6568907260213367,0.0913318544626236,0.0012807903062071282,0.0023539583319671766
147,Thal PuA L,0.5441006702683586,90,CTF1,0.4344177060899306,0.1332284361124038,0.0012355691990986325,0.0022708466771217744
147,Thal PuA L,0.5441006702683586,91,YARS2,0.4307570235169298,0.1202353090047836,0.001105673794845962,0.002032112539579536
147,Thal PuA L,0.5441006702683586,92,NDUFAF2,0.3394415025649263,0.1519088149070739,0.0011008053771352207,0.002023164898128662
147,Thal PuA L,0.5441006702683586,93,FASTKD5,0.560897003594815,0.0885050073266029,0.001059774798476013,0.0019477549953270893
147,Thal PuA L,0.5441006702683586,94,P4HTM,0.6025663366641144,0.0821254402399063,0.0010564408878614604,0.0019416276170738918
147,Thal PuA L,0.5441006702683586,95,VPS37A,0.5731160011700969,0.0843638330698013,0.0010321943156850338,0.0018970649589090565
147,Thal PuA L,0.5441006702683586,96,COX4I2,0.4979148973341357,0.0888595879077911,0.0009445436672039827,0.001735972254432474
147,Thal PuA L,0.5441006702683586,97,MTMR7,0.5904103046974929,0.0743675380945205,0.0009373460613272947,0.0017227438092751871
147,Thal PuA L,0.5441006702683586,98,RPP38,0.5862035996935223,0.0709610506892204,0.0008880371690786523,0.0016321192338187324
147,Thal PuA L,0.5441006702683586,99,ACBD7,0.5591124069449119,0.0733931586146354,0.000876026681346037,0.0016100452162905211
147,Thal PuA L,0.5441006702683586,100,WDR6,0.7006963824766732,0.0575480684638023,0.0008608416126057143,0.0015821366516257632
147,Thal PuA L,0.5441006702683586,101,DPM3,0.4187409393208109,0.0954490676522255,0.0008532567623838948,0.0015681964919525935
147,Thal PuA L,0.5441006702683586,102,ARL17A,0.5321254605101977,0.0748985931277275,0.0008508447522140017,0.001563763470084226
147,Thal PuA L,0.5441006702683586,103,METTL13,0.5462274722176,0.0712111964821815,0.0008303944678137798,0.0015261779909299079
147,Thal PuA L,0.5441006702683586,104,FOXS1,0.5401678528180477,0.0717954486608505,0.000827919808667738,0.0015216298268101664
147,Thal PuA L,0.5441006702683586,105,ANK2,0.582443396616841,0.0663385838270187,0.0008248643752242304,0.00151601426040772
147,Thal PuA L,0.5441006702683586,106,NTPCR,0.6450013171224115,0.0572280026972293,0.0007880101579773065,0.001448280072120933
147,Thal PuA L,0.5441006702683586,107,MTF2,0.2793787750193242,0.1314258724451065,0.000783857111666749,0.0014406472083192598
147,Thal PuA L,0.5441006702683586,108,UBOX5,0.4032620817433301,0.0885050073266029,0.000761934880510219,0.0014003564453144697
147,Thal PuA L,0.5441006702683586,109,NOL4,0.5798584922476432,0.0601187869906425,0.0007442088952659314,0.001367777942451121
147,Thal PuA L,0.5441006702683586,110,NUCKS1,0.3381922091002009,0.1008259132504463,0.000727944700060822,0.0013378860564567743
147,Thal PuA L,0.5441006702683586,111,ARIH2,0.5777942190895121,0.0570767857134342,0.0007040367436914067,0.0012939457386519396
147,Thal PuA L,0.5441006702683586,112,ZDHHC2,0.588776269511844,0.0558798909187316,0.0007023740741895569,0.001290889926386482
147,Thal PuA L,0.5441006702683586,113,DCAF16,0.4333663274355097,0.0746670886874198,0.0006907915354103988,0.0012696024341776497
147,Thal PuA L,0.5441006702683586,114,CNOT7,0.344765023956594,0.0932418778538703,0.0006862728811071881,0.0012612976212080533
147,Thal PuA L,0.5441006702683586,115,FAM171A2,0.4057111653674088,0.0734663009643554,0.0006363085501252316,0.0011694684180620376
147,Thal PuA L,0.5441006702683586,116,BIN3,0.3964212310085744,0.0713214352726936,0.000603586622207869,0.0011093289444215739
147,Thal PuA L,0.5441006702683586,117,CNTLN,0.4745770272065648,0.0592545457184314,0.0006003313314489634,0.00110334606122222
147,Thal PuA L,0.5441006702683586,118,CERS6,0.3742542632965253,0.0747304856777191,0.000597072661689531,0.0010973569677740808
147,Thal PuA L,0.5441006702683586,119,TPX2,0.455775072427704,0.0610919557511806,0.0005944252138751104,0.0010924912361933519
147,Thal PuA L,0.5441006702683586,120,DR1,0.320173531674415,0.0850554704666137,0.0005813669018782199,0.0010684914274990344
147,Thal PuA L,0.5441006702683586,121,PRSS3,0.4665824581242594,0.0544609166681766,0.0005424703168116161,0.0009970035812381219
147,Thal PuA L,0.5441006702683586,122,CCDC90B,0.3334697704238886,0.0561612658202648,0.0003998121462293163,0.0007348128169592641
147,Thal PuA L,0.5441006702683586,123,B3GALT1,0.2032783260724025,0.0701578333973884,0.00030445973846651144,0.0005595650862116147
