region_id,region,robustness_rank,spatial_robustness_label,gene,gene_expression,l2g_score,weighted_contribution,regional_rank,top_driver
28,OFCant R,1,not_robust,GPNMB,0.691134323040947,0.8844435214996338,0.013049539669062934,1,True
28,OFCant R,1,not_robust,CCSER1,0.7197561252725014,0.8328624963760376,0.012797386935817572,2,True
28,OFCant R,1,not_robust,RIT2,0.6982053582007935,0.8445248007774353,0.012588042793225273,3,True
28,OFCant R,1,not_robust,SIPA1L2,0.6866150039724128,0.8528462648391724,0.012501055020094978,4,True
28,OFCant R,1,not_robust,FCGR2A,0.6472099658370678,0.8712173104286194,0.012037445042881479,5,True
28,OFCant R,1,not_robust,CNTN1,0.7382489145153637,0.7606772780418396,0.01198852867194526,6,True
28,OFCant R,1,not_robust,CTSB,0.65392804850903,0.8426995277404785,0.011764279704848293,7,True
28,OFCant R,1,not_robust,ASXL3,0.7563052997906115,0.7160765528678894,0.011561634148353513,8,True
28,OFCant R,1,not_robust,RIMS1,0.7899899271305053,0.67091304063797,0.011314891990723558,9,True
28,OFCant R,1,not_robust,SH3GL2,0.572395877122694,0.8994671702384949,0.010991183004550258,10,True
28,OFCant R,1,not_robust,RNF141,0.681622872867637,0.7541582584381104,0.010974109063283938,11,True
28,OFCant R,1,not_robust,ALG10,0.723350494002541,0.7019623517990112,0.010839898811459024,12,True
28,OFCant R,1,not_robust,SEC23IP,0.7111197057716601,0.6697301864624023,0.010167290047689957,13,True
28,OFCant R,1,not_robust,FAM47E,0.6706847514474328,0.6943575739860535,0.009941781979810082,14,True
28,OFCant R,1,not_robust,DYRK1A,0.6126888912214177,0.7525694370269775,0.009843492360073805,15,True
28,OFCant R,1,not_robust,AZI2,0.8032815284165546,0.5317397713661194,0.009118629082966805,16,True
28,OFCant R,1,not_robust,SLC2A13,0.6068156093472692,0.700274646282196,0.009071681040170372,17,True
28,OFCant R,1,not_robust,ITPKB,0.4713752667724319,0.9014809131622314,0.009071643034660367,18,True
28,OFCant R,1,not_robust,STK39,0.5023207161600839,0.8421160578727722,0.009030580397751418,19,True
28,OFCant R,1,not_robust,CAMK2D,0.687504810113209,0.6061360836029053,0.008896281263442935,20,True
28,OFCant R,1,not_robust,TMEM163,0.4831593869896257,0.8511537313461304,0.008779323544823914,21,False
28,OFCant R,1,not_robust,IRS2,0.5301708799744984,0.7469207048416138,0.008453819949008222,22,False
28,OFCant R,1,not_robust,PKP2,0.5431342906507666,0.7130399346351624,0.00826768081728761,23,False
28,OFCant R,1,not_robust,TOX3,0.5282907409528816,0.7276461720466614,0.008206460312615908,24,False
28,OFCant R,1,not_robust,CLCN3,0.4748052244705482,0.8020431399345398,0.00812972477198921,25,False
28,OFCant R,1,not_robust,TMEM175,0.4773504946475044,0.7957037091255188,0.008108702835732852,26,False
28,OFCant R,1,not_robust,HIP1R,0.4272900739269639,0.8798125386238098,0.008025564262785116,27,False
28,OFCant R,1,not_robust,SLC18B1,0.5344127779055649,0.702358067035675,0.008013053346146593,28,False
28,OFCant R,1,not_robust,MED12L,0.6649134553751954,0.5456203818321228,0.007744944895560929,29,False
28,OFCant R,1,not_robust,FASN,0.6422997741891935,0.5596649646759033,0.007674118754118798,30,False
28,OFCant R,1,not_robust,MAP4K4,0.4523567815044881,0.7526438236236572,0.007268306499420542,31,False
28,OFCant R,1,not_robust,PIK3CA,0.5925437884924762,0.5610139966011047,0.0070967053138481,32,False
28,OFCant R,1,not_robust,FYN,0.4284158610756712,0.7615038752555847,0.006964665844650843,33,False
28,OFCant R,1,not_robust,DLG2,0.5344727746507332,0.607625424861908,0.006933047104559912,34,False
28,OFCant R,1,not_robust,USP25,0.5604187857490388,0.5770121216773987,0.006903355632096027,35,False
28,OFCant R,1,not_robust,ITGA8,0.5510169922472241,0.5747663378715515,0.006761124642405709,36,False
28,OFCant R,1,not_robust,SLC50A1,0.4986179430198939,0.6150293350219727,0.006546759076305973,37,False
28,OFCant R,1,not_robust,GALC,0.4167230779895383,0.730959951877594,0.006502850368702221,38,False
28,OFCant R,1,not_robust,UBAP2,0.5229513332649351,0.5707280039787292,0.006371667180458406,39,False
28,OFCant R,1,not_robust,ITPA,0.587637772270136,0.4807567894458771,0.006031117024113882,40,False
28,OFCant R,1,not_robust,KTN1,0.5755983464844797,0.4827914834022522,0.005932554867591581,41,False
28,OFCant R,1,not_robust,SNCA,0.6317179243437852,0.4322746694087982,0.005829692029521019,42,False
28,OFCant R,1,not_robust,ITGA2B,0.4754973395127638,0.5718092322349548,0.005804460763218174,43,False
28,OFCant R,1,not_robust,KPNA1,0.6379628765152785,0.3957322239875793,0.00538963616827221,44,False
28,OFCant R,1,not_robust,SPPL2B,0.3509088191300724,0.6948310136795044,0.005205184207460765,45,False
28,OFCant R,1,not_robust,VAMP4,0.4095687004882139,0.5934772491455078,0.005189116972221968,46,False
28,OFCant R,1,not_robust,FBRSL1,0.3549992311673096,0.6778879165649414,0.005137453813803874,47,False
28,OFCant R,1,not_robust,CCAR2,0.5898587216493484,0.3965764939785003,0.004993874220575145,48,False
28,OFCant R,1,not_robust,ELOVL7,0.3741132877785049,0.6225336194038391,0.004971970799031006,49,False
28,OFCant R,1,not_robust,PARP9,0.5288370371475949,0.4089574217796325,0.004617028793984895,50,False
28,OFCant R,1,not_robust,TMED5,0.7146224909151168,0.3018712401390075,0.0046053330671511385,51,False
28,OFCant R,1,not_robust,NRIP1,0.6864105865739399,0.3074838519096374,0.0045057688827119585,52,False
28,OFCant R,1,not_robust,P2RY12,0.6896522871341139,0.3019077479839325,0.004444951891689471,53,False
28,OFCant R,1,not_robust,NSF,0.3876071030408151,0.5286843180656433,0.004374725231404194,54,False
28,OFCant R,1,not_robust,CD38,0.6346205438062089,0.321556955575943,0.004356469326301285,55,False
28,OFCant R,1,not_robust,SV2C,0.3523626612357792,0.5758057832717896,0.004331402364909112,56,False
28,OFCant R,1,not_robust,MCCC1,0.2615536472096549,0.6534242630004883,0.003648536224587861,57,False
28,OFCant R,1,not_robust,C8orf58,0.3191959123312571,0.5322436690330505,0.003626857152472384,58,False
28,OFCant R,1,not_robust,LZTS3,0.4686944070898882,0.3598359227180481,0.00360045107389927,59,False
28,OFCant R,1,not_robust,MYLK2,0.523252073269869,0.2965930700302124,0.003313100291238516,60,False
28,OFCant R,1,not_robust,ERCC8,0.5021216348648995,0.3066307008266449,0.003286905326950412,61,False
28,OFCant R,1,not_robust,ZCWPW2,0.5208743638678208,0.2858431041240692,0.0031785081399300368,62,False
28,OFCant R,1,not_robust,BCL2L1,0.5508168356815719,0.2567904889583587,0.0030195954732776253,63,False
28,OFCant R,1,not_robust,HSD3B7,0.4163818953352793,0.3309276401996612,0.0029416263395750345,64,False
28,OFCant R,1,not_robust,NCKIPSD,0.3840950558377491,0.3463244140148163,0.0028397783923875806,65,False
28,OFCant R,1,not_robust,FAM171A1,0.4009653084897332,0.316009521484375,0.002705014471062154,66,False
28,OFCant R,1,not_robust,C2CD4A,0.5743386393821006,0.2195565849542617,0.0026920128428141532,67,False
28,OFCant R,1,not_robust,MICU3,0.4979326455355184,0.2358701527118683,0.0025072995004900268,68,False
28,OFCant R,1,not_robust,MIPOL1,0.516667872210727,0.2262192219495773,0.0024951898009755707,69,False
28,OFCant R,1,not_robust,DGKQ,0.4314857697251558,0.2635650038719177,0.002427822025085475,70,False
28,OFCant R,1,not_robust,STBD1,0.753803403936469,0.1455356031656265,0.002342016604539417,71,False
28,OFCant R,1,not_robust,VPS13C,0.3640648480774457,0.2877374291419983,0.0022363394885711843,72,False
28,OFCant R,1,not_robust,CYLD,0.5855452586694985,0.169330820441246,0.0021166990104843327,73,False
28,OFCant R,1,not_robust,INTS2,0.5535843786542328,0.1789993643760681,0.0021154265011672003,74,False
28,OFCant R,1,not_robust,PDLIM2,0.4982768814858771,0.1904719173908233,0.0020261160497477195,75,False
28,OFCant R,1,not_robust,DDRGK1,0.5896792230287238,0.1576443612575531,0.001984526454450143,76,False
28,OFCant R,1,not_robust,RORA,0.5714278594628106,0.1622077226638794,0.001978771117278502,77,False
28,OFCant R,1,not_robust,LRRK2,0.5963130268170705,0.1440357118844986,0.001833610578080111,78,False
28,OFCant R,1,not_robust,YARS2,0.7067746364161254,0.1202353090047836,0.0018141600755962575,79,False
28,OFCant R,1,not_robust,MED13,0.4775504594235822,0.1776958703994751,0.001811587134227748,80,False
28,OFCant R,1,not_robust,DTX3L,0.6456764942415121,0.1236892640590667,0.0017049419913286676,81,False
28,OFCant R,1,not_robust,MTF2,0.5811457401427013,0.1314258724451065,0.0016305290954697052,82,False
28,OFCant R,1,not_robust,NDUFAF2,0.4943022144003877,0.1519088149070739,0.0016030171073076593,83,False
28,OFCant R,1,not_robust,MCMBP,0.3733445243568144,0.1930699795484542,0.0015388176613684084,84,False
28,OFCant R,1,not_robust,DCUN1D1,0.440174804630005,0.163753792643547,0.0015387893536133184,85,False
28,OFCant R,1,not_robust,NEK1,0.5084376757810798,0.1384527385234832,0.001502802471004887,86,False
28,OFCant R,1,not_robust,CNOT7,0.7106995737801252,0.0932418778538703,0.0014146848148991558,87,False
28,OFCant R,1,not_robust,NUCKS1,0.6386232871783482,0.1008259132504463,0.001374610132130991,88,False
28,OFCant R,1,not_robust,DPM3,0.6553510049345943,0.0954490676522255,0.0013353905104251482,89,False
28,OFCant R,1,not_robust,SLC45A3,0.4495292944577558,0.1365202218294143,0.0013101397074906426,90,False
28,OFCant R,1,not_robust,AMPD3,0.4161345706328809,0.145731434226036,0.0012946419076966594,91,False
28,OFCant R,1,not_robust,SNX20,0.4619544501854887,0.1277837306261062,0.0012601938149728595,92,False
28,OFCant R,1,not_robust,COX4I2,0.6375145142904016,0.0888595879077911,0.0012093638901901143,93,False
28,OFCant R,1,not_robust,CMC1,0.6093239570530666,0.0913318544626236,0.0011880457230081024,94,False
28,OFCant R,1,not_robust,CTF1,0.4085377642422463,0.1332284361124038,0.001161961566230089,95,False
28,OFCant R,1,not_robust,CERS6,0.6930500212698247,0.0747304856777191,0.0011056686896194464,96,False
28,OFCant R,1,not_robust,MTMR7,0.6944678102649098,0.0743675380945205,0.0011025496362295597,97,False
28,OFCant R,1,not_robust,VPS37A,0.5762713525062562,0.0843638330698013,0.0010378771716976446,98,False
28,OFCant R,1,not_robust,METTL13,0.6685721960241231,0.0712111964821815,0.001016387276638799,99,False
28,OFCant R,1,not_robust,B3GALT1,0.6781190515790214,0.0701578333973884,0.0010156515605080883,100,False
28,OFCant R,1,not_robust,ANK2,0.7032780742487899,0.0663385838270187,0.0009959921130426196,101,False
28,OFCant R,1,not_robust,NTPCR,0.7553290726076078,0.0572280026972293,0.0009227996378144017,102,False
28,OFCant R,1,not_robust,DR1,0.4984831380449751,0.0850554704666137,0.0009051391477870194,103,False
28,OFCant R,1,not_robust,NOL4,0.6992258322334106,0.0601187869906425,0.0008974087490393964,104,False
28,OFCant R,1,not_robust,WNT3,0.2687730216760594,0.1518237739801406,0.0008711402536440334,105,False
28,OFCant R,1,not_robust,RPP38,0.5699394749288966,0.0709610506892204,0.0008633987203876661,106,False
28,OFCant R,1,not_robust,FASTKD5,0.4473034303631541,0.0885050073266029,0.0008451478608952996,107,False
28,OFCant R,1,not_robust,P4HTM,0.4806202927431919,0.0821254402399063,0.0008426407150469202,108,False
28,OFCant R,1,not_robust,FOXS1,0.5053072340631635,0.0717954486608505,0.0007744886452636015,109,False
28,OFCant R,1,not_robust,DCAF16,0.4745605106143842,0.0746670886874198,0.0007564555966135541,110,False
28,OFCant R,1,not_robust,UBOX5,0.3925197668262529,0.0885050073266029,0.0007416380442756732,111,False
28,OFCant R,1,not_robust,CCDC90B,0.603767108932304,0.0561612658202648,0.0007238839770634913,112,False
28,OFCant R,1,not_robust,ARL17A,0.4516136676089086,0.0748985931277275,0.0007221100053072813,113,False
28,OFCant R,1,not_robust,BIN3,0.4572028277116118,0.0713214352726936,0.0006961320152814145,114,False
28,OFCant R,1,not_robust,ZDHHC2,0.5137982127775206,0.0558798909187316,0.0006129298388996984,115,False
28,OFCant R,1,not_robust,IP6K2,0.2923930907424765,0.0962643772363662,0.000600890498771432,116,False
28,OFCant R,1,not_robust,PRSS3,0.5142642650977062,0.0544609166681766,0.000597907387975889,117,False
28,OFCant R,1,not_robust,WDR6,0.4733192229098378,0.0575480684638023,0.0005814970553819761,118,False
28,OFCant R,1,not_robust,ARIH2,0.459659722515766,0.0570767857134342,0.0005600909866423578,119,False
28,OFCant R,1,not_robust,FAM171A2,0.3480154414664929,0.0734663009643554,0.0005458198341181897,120,False
28,OFCant R,1,not_robust,ACBD7,0.3019084611426931,0.0733931586146354,0.00047303523227160474,121,False
28,OFCant R,1,not_robust,TPX2,0.3188873034135648,0.0610919557511806,0.0004158951750564047,122,False
28,OFCant R,1,not_robust,CNTLN,0.268999833798719,0.0592545457184314,0.00034027991058582145,123,False
20,Frontal Sup Medial R,2,not_robust,CCSER1,0.6714946745502606,0.8328624963760376,0.011939290092608941,1,True
20,Frontal Sup Medial R,2,not_robust,ASXL3,0.7382114565038123,0.7160765528678894,0.01128503368491959,2,True
20,Frontal Sup Medial R,2,not_robust,CLCN3,0.6516879752237306,0.8020431399345398,0.011158352104679687,3,True
20,Frontal Sup Medial R,2,not_robust,IRS2,0.698246566082906,0.7469207048416138,0.011133864519232158,4,True
20,Frontal Sup Medial R,2,not_robust,RIT2,0.588160190529089,0.8445248007774353,0.010604022957845136,5,True
20,Frontal Sup Medial R,2,not_robust,RNF141,0.6483457674312681,0.7541582584381104,0.010438348602616377,6,True
20,Frontal Sup Medial R,2,not_robust,ITPKB,0.5414719697494113,0.9014809131622314,0.010420657953639483,7,True
20,Frontal Sup Medial R,2,not_robust,SLC18B1,0.6741680450441493,0.702358067035675,0.010108561644760542,8,True
20,Frontal Sup Medial R,2,not_robust,HIP1R,0.5331006280820041,0.8798125386238098,0.010012948135871133,9,True
20,Frontal Sup Medial R,2,not_robust,CNTN1,0.6163871272922077,0.7606772780418396,0.010009597851439605,10,True
20,Frontal Sup Medial R,2,not_robust,RIMS1,0.6880760907913319,0.67091304063797,0.009855197365595095,11,True
20,Frontal Sup Medial R,2,not_robust,GPNMB,0.5206083033210404,0.8844435214996338,0.009829780521302463,12,True
20,Frontal Sup Medial R,2,not_robust,TOX3,0.6293223376609023,0.7276461720466614,0.009775883594971968,13,True
20,Frontal Sup Medial R,2,not_robust,SLC2A13,0.6513804430442153,0.700274646282196,0.00973790971108706,14,True
20,Frontal Sup Medial R,2,not_robust,FYN,0.5945951293931084,0.7615038752555847,0.009666206985619699,15,True
20,Frontal Sup Medial R,2,not_robust,SIPA1L2,0.5290862418129092,0.8528462648391724,0.009632961967059199,16,True
20,Frontal Sup Medial R,2,not_robust,STK39,0.5343700039369335,0.8421160578727722,0.009606753469353895,17,True
20,Frontal Sup Medial R,2,not_robust,ALG10,0.6282242270390969,0.7019623517990112,0.009414367044016905,18,True
20,Frontal Sup Medial R,2,not_robust,FBRSL1,0.6400155640295617,0.6778879165649414,0.009262133862954384,19,True
20,Frontal Sup Medial R,2,not_robust,FCGR2A,0.4790238864563485,0.8712173104286194,0.008909355559734093,20,True
20,Frontal Sup Medial R,2,not_robust,SH3GL2,0.4622790149039606,0.8994671702384949,0.0088767118266359,21,False
20,Frontal Sup Medial R,2,not_robust,CTSB,0.4785064204255641,0.8426995277404785,0.008608414004089526,22,False
20,Frontal Sup Medial R,2,not_robust,SPPL2B,0.5713389875115541,0.6948310136795044,0.008474921440487967,23,False
20,Frontal Sup Medial R,2,not_robust,MED12L,0.7233726721633175,0.5456203818321228,0.008425880751199722,24,False
20,Frontal Sup Medial R,2,not_robust,SLC50A1,0.6377975831992211,0.6150293350219727,0.00837416136965797,25,False
20,Frontal Sup Medial R,2,not_robust,DLG2,0.631260599834754,0.607625424861908,0.008188554555967955,26,False
20,Frontal Sup Medial R,2,not_robust,FAM47E,0.5487206435686864,0.6943575739860535,0.008133867654524321,27,False
20,Frontal Sup Medial R,2,not_robust,SEC23IP,0.5614829907444272,0.6697301864624023,0.008027847319388002,28,False
20,Frontal Sup Medial R,2,not_robust,UBAP2,0.6418227821915448,0.5707280039787292,0.007820003309731646,29,False
20,Frontal Sup Medial R,2,not_robust,MAP4K4,0.4839718806406738,0.7526438236236572,0.007776286571626188,30,False
20,Frontal Sup Medial R,2,not_robust,AZI2,0.6796452934837699,0.5317397713661194,0.007715144840289212,31,False
20,Frontal Sup Medial R,2,not_robust,CAMK2D,0.583994292271344,0.6061360836029053,0.007556859826821679,32,False
20,Frontal Sup Medial R,2,not_robust,GALC,0.4674475694380071,0.730959951877594,0.007294392271083227,33,False
20,Frontal Sup Medial R,2,not_robust,TMEM175,0.4118298835778404,0.7957037091255188,0.006995711080750261,34,False
20,Frontal Sup Medial R,2,not_robust,ITGA8,0.5578441732904336,0.5747663378715515,0.006844895964595167,35,False
20,Frontal Sup Medial R,2,not_robust,TMEM163,0.3754867230596014,0.8511537313461304,0.006822840489688587,36,False
20,Frontal Sup Medial R,2,not_robust,PKP2,0.4346415062773534,0.7130399346351624,0.006616185546931081,37,False
20,Frontal Sup Medial R,2,not_robust,DYRK1A,0.4094418977736692,0.7525694370269775,0.0065781153377770666,38,False
20,Frontal Sup Medial R,2,not_robust,KPNA1,0.756371863751857,0.3957322239875793,0.006389978639208233,39,False
20,Frontal Sup Medial R,2,not_robust,FASN,0.5310465852699922,0.5596649646759033,0.006344879327531547,40,False
20,Frontal Sup Medial R,2,not_robust,USP25,0.4983809356308603,0.5770121216773987,0.006139160439309894,41,False
20,Frontal Sup Medial R,2,not_robust,ITGA2B,0.4942838696301666,0.5718092322349548,0.006033790494179904,42,False
20,Frontal Sup Medial R,2,not_robust,C8orf58,0.5207017964936914,0.5322436690330505,0.005916463720119616,43,False
20,Frontal Sup Medial R,2,not_robust,ELOVL7,0.4253215690646157,0.6225336194038391,0.005652529569704369,44,False
20,Frontal Sup Medial R,2,not_robust,KTN1,0.5447971557268159,0.4827914834022522,0.005615094341040325,45,False
20,Frontal Sup Medial R,2,not_robust,CCAR2,0.6607739559716872,0.3965764939785003,0.005594258257515602,46,False
20,Frontal Sup Medial R,2,not_robust,PIK3CA,0.4502176073785585,0.5610139966011047,0.0053921106738796945,47,False
20,Frontal Sup Medial R,2,not_robust,SNCA,0.5765070603007982,0.4322746694087982,0.005320188781867072,48,False
20,Frontal Sup Medial R,2,not_robust,SV2C,0.4293555923129648,0.5758057832717896,0.005277834550939905,49,False
20,Frontal Sup Medial R,2,not_robust,NSF,0.4582944578765452,0.5286843180656433,0.005172537635550274,50,False
20,Frontal Sup Medial R,2,not_robust,MCCC1,0.3628545217695871,0.6534242630004883,0.005061630304358354,51,False
20,Frontal Sup Medial R,2,not_robust,ITPA,0.4899869311508653,0.4807567894458771,0.005028894774141261,52,False
20,Frontal Sup Medial R,2,not_robust,TMED5,0.7516551364193643,0.3018712401390075,0.004843987278392658,53,False
20,Frontal Sup Medial R,2,not_robust,PARP9,0.5351593364874212,0.4089574217796325,0.0046722258321001044,54,False
20,Frontal Sup Medial R,2,not_robust,CD38,0.6708267960811407,0.321556955575943,0.004605013797474649,55,False
20,Frontal Sup Medial R,2,not_robust,VAMP4,0.3619004065631435,0.5934772491455078,0.0045851734756886765,56,False
20,Frontal Sup Medial R,2,not_robust,HSD3B7,0.6322883727419837,0.3309276401996612,0.004466947656230782,57,False
20,Frontal Sup Medial R,2,not_robust,LZTS3,0.5784547806641882,0.3598359227180481,0.0044436163622603555,58,False
20,Frontal Sup Medial R,2,not_robust,P2RY12,0.6862629457705303,0.3019077479839325,0.004423106884304304,59,False
20,Frontal Sup Medial R,2,not_robust,NCKIPSD,0.498911110018464,0.3463244140148163,0.0036886623985887116,60,False
20,Frontal Sup Medial R,2,not_robust,NRIP1,0.5279766250278572,0.3074838519096374,0.003465769168456058,61,False
20,Frontal Sup Medial R,2,not_robust,ZCWPW2,0.5623119262160209,0.2858431041240692,0.0034313707078717287,62,False
20,Frontal Sup Medial R,2,not_robust,MYLK2,0.5389255917884153,0.2965930700302124,0.0034123410614547212,63,False
20,Frontal Sup Medial R,2,not_robust,ERCC8,0.4635577127042898,0.3066307008266449,0.0030344645787800735,64,False
20,Frontal Sup Medial R,2,not_robust,MIPOL1,0.5871128009724398,0.2262192219495773,0.002835395718995157,65,False
20,Frontal Sup Medial R,2,not_robust,BCL2L1,0.5112181886756828,0.2567904889583587,0.0028025144265464647,66,False
20,Frontal Sup Medial R,2,not_robust,VPS13C,0.4441788675529041,0.2877374291419983,0.0027284555120962463,67,False
20,Frontal Sup Medial R,2,not_robust,FAM171A1,0.3849281520746346,0.316009521484375,0.002596823714258465,68,False
20,Frontal Sup Medial R,2,not_robust,INTS2,0.6593086975506722,0.1789993643760681,0.0025194336130641795,69,False
20,Frontal Sup Medial R,2,not_robust,DDRGK1,0.7028794245900479,0.1576443612575531,0.0023654942516428096,70,False
20,Frontal Sup Medial R,2,not_robust,STBD1,0.7277049707157398,0.1455356031656265,0.0022609305234256704,71,False
20,Frontal Sup Medial R,2,not_robust,MICU3,0.4314954834333567,0.2358701527118683,0.0021727605526096895,72,False
20,Frontal Sup Medial R,2,not_robust,DGKQ,0.3619931989578451,0.2635650038719177,0.0020368112299991043,73,False
20,Frontal Sup Medial R,2,not_robust,MED13,0.5121469059519519,0.1776958703994751,0.001942828715476445,74,False
20,Frontal Sup Medial R,2,not_robust,MCMBP,0.4590155295667081,0.1930699795484542,0.0018919286547900618,75,False
20,Frontal Sup Medial R,2,not_robust,CYLD,0.5195393424439747,0.169330820441246,0.001878092932658438,76,False
20,Frontal Sup Medial R,2,not_robust,PDLIM2,0.4369111363379737,0.1904719173908233,0.001776587874211806,77,False
20,Frontal Sup Medial R,2,not_robust,NDUFAF2,0.5397007781071116,0.1519088149070739,0.001750244192578467,78,False
20,Frontal Sup Medial R,2,not_robust,RORA,0.492490437014455,0.1622077226638794,0.0017054223663792061,79,False
20,Frontal Sup Medial R,2,not_robust,AMPD3,0.5418845300308202,0.145731434226036,0.001685864312218659,80,False
20,Frontal Sup Medial R,2,not_robust,NEK1,0.5682711681505714,0.1384527385234832,0.0016796538816396104,81,False
20,Frontal Sup Medial R,2,not_robust,MTF2,0.5824471885776344,0.1314258724451065,0.0016341805883618168,82,False
20,Frontal Sup Medial R,2,not_robust,C2CD4A,0.3346991780010976,0.2195565849542617,0.0015687861200278062,83,False
20,Frontal Sup Medial R,2,not_robust,DTX3L,0.581153689669579,0.1236892640590667,0.001534566207334533,84,False
20,Frontal Sup Medial R,2,not_robust,DCUN1D1,0.4315326162302823,0.163753792643547,0.0015085774756013724,85,False
20,Frontal Sup Medial R,2,not_robust,LRRK2,0.4760628719309758,0.1440357118844986,0.0014638518337645103,86,False
20,Frontal Sup Medial R,2,not_robust,NUCKS1,0.6620821053180975,0.1008259132504463,0.0014251042649791597,87,False
20,Frontal Sup Medial R,2,not_robust,WNT3,0.4377435818378014,0.1518237739801406,0.0014188033178896876,88,False
20,Frontal Sup Medial R,2,not_robust,SLC45A3,0.4463266334665104,0.1365202218294143,0.001300805647650731,89,False
20,Frontal Sup Medial R,2,not_robust,CNOT7,0.6432660598719069,0.0932418778538703,0.001280454865057141,90,False
20,Frontal Sup Medial R,2,not_robust,YARS2,0.4471550264836951,0.1202353090047836,0.0011477644426550885,91,False
20,Frontal Sup Medial R,2,not_robust,B3GALT1,0.704300039742106,0.0701578333973884,0.0010548640873078638,92,False
20,Frontal Sup Medial R,2,not_robust,ANK2,0.7275304155668858,0.0663385838270187,0.0010303386134669966,93,False
20,Frontal Sup Medial R,2,not_robust,UBOX5,0.5339005624160115,0.0885050073266029,0.001008766952425005,94,False
20,Frontal Sup Medial R,2,not_robust,SNX20,0.3633531818714778,0.1277837306261062,0.0009912133810190292,95,False
20,Frontal Sup Medial R,2,not_robust,CMC1,0.5082437140850156,0.0913318544626236,0.0009909618090264396,96,False
20,Frontal Sup Medial R,2,not_robust,MTMR7,0.6141117453274499,0.0743675380945205,0.0009749748964704346,97,False
20,Frontal Sup Medial R,2,not_robust,DCAF16,0.600669767320971,0.0746670886874198,0.0009574753841575485,98,False
20,Frontal Sup Medial R,2,not_robust,P4HTM,0.5374385517747086,0.0821254402399063,0.0009422565222463481,99,False
20,Frontal Sup Medial R,2,not_robust,NOL4,0.7173466841420432,0.0601187869906425,0.0009206656287100344,100,False
20,Frontal Sup Medial R,2,not_robust,CERS6,0.5741271914771252,0.0747304856777191,0.0009159432075513376,101,False
20,Frontal Sup Medial R,2,not_robust,COX4I2,0.4659807996423974,0.0888595879077911,0.0008839647411583875,102,False
20,Frontal Sup Medial R,2,not_robust,DR1,0.4824971676714092,0.0850554704666137,0.0008761120323318673,103,False
20,Frontal Sup Medial R,2,not_robust,DPM3,0.4178661652152862,0.0954490676522255,0.0008514742595259035,104,False
20,Frontal Sup Medial R,2,not_robust,FAM171A2,0.5410252056735709,0.0734663009643554,0.0008485321420513459,105,False
20,Frontal Sup Medial R,2,not_robust,CTF1,0.2965773671396258,0.1332284361124038,0.000843524227605101,106,False
20,Frontal Sup Medial R,2,not_robust,CCDC90B,0.6994103652822051,0.0561612658202648,0.0008385550476825969,107,False
20,Frontal Sup Medial R,2,not_robust,FOXS1,0.5276482983211537,0.0717954486608505,0.0008087309822509144,108,False
20,Frontal Sup Medial R,2,not_robust,ACBD7,0.4975741605593811,0.0733931586146354,0.0007796075264724395,109,False
20,Frontal Sup Medial R,2,not_robust,FASTKD5,0.4101635651813101,0.0885050073266029,0.0007749747401864071,110,False
20,Frontal Sup Medial R,2,not_robust,METTL13,0.5049117044147521,0.0712111964821815,0.0007675847653327295,111,False
20,Frontal Sup Medial R,2,not_robust,NTPCR,0.6148774664322041,0.0572280026972293,0.0007512072868650758,112,False
20,Frontal Sup Medial R,2,not_robust,WDR6,0.5986650647880973,0.0575480684638023,0.0007354908811735541,113,False
20,Frontal Sup Medial R,2,not_robust,IP6K2,0.3374923985108138,0.0962643772363662,0.0006935730771126229,114,False
20,Frontal Sup Medial R,2,not_robust,VPS37A,0.3699833608820571,0.0843638330698013,0.0006663480363849764,115,False
20,Frontal Sup Medial R,2,not_robust,ARL17A,0.4071456762000488,0.0748985931277275,0.0006510076808752772,116,False
20,Frontal Sup Medial R,2,not_robust,BIN3,0.4220833934867574,0.0713214352726936,0.0006426595495819858,117,False
20,Frontal Sup Medial R,2,not_robust,PRSS3,0.5105740236929642,0.0544609166681766,0.0005936169428700241,118,False
20,Frontal Sup Medial R,2,not_robust,RPP38,0.3640363360042553,0.0709610506892204,0.0005514769909908423,119,False
20,Frontal Sup Medial R,2,not_robust,ZDHHC2,0.4204801662140935,0.0558798909187316,0.0005016071175975849,120,False
20,Frontal Sup Medial R,2,not_robust,TPX2,0.3489173354317091,0.0610919557511806,0.0004550605644884767,121,False
20,Frontal Sup Medial R,2,not_robust,CNTLN,0.3326939673822729,0.0592545457184314,0.0004208518342728476,122,False
20,Frontal Sup Medial R,2,not_robust,ARIH2,0.3334915380443003,0.0570767857134342,0.0004063562575328818,123,False
141,Thal MGN L,3,not_robust,STK39,0.8797958832890667,0.8421160578727722,0.015816722667517137,1,True
141,Thal MGN L,3,not_robust,SIPA1L2,0.8118764503331326,0.8528462648391724,0.014781663838417492,2,True
141,Thal MGN L,3,not_robust,SH3GL2,0.7115388459924532,0.8994671702384949,0.013663015377508012,3,True
141,Thal MGN L,3,not_robust,ITPKB,0.6819889377540465,0.9014809131622314,0.013124914761127529,4,True
141,Thal MGN L,3,not_robust,CLCN3,0.7427615459605073,0.8020431399345398,0.012717734828233128,5,True
141,Thal MGN L,3,not_robust,TMEM163,0.6810125528816974,0.8511537313461304,0.012374445578066154,6,True
141,Thal MGN L,3,not_robust,CNTN1,0.7318609134115375,0.7606772780418396,0.011884793017366056,7,True
141,Thal MGN L,3,not_robust,SLC2A13,0.7925413376180118,0.700274646282196,0.011848215693980382,8,True
141,Thal MGN L,3,not_robust,RNF141,0.7058832599012972,0.7541582584381104,0.011364700611517627,9,True
141,Thal MGN L,3,not_robust,HIP1R,0.5996769293165072,0.8798125386238098,0.01126341571407978,10,True
141,Thal MGN L,3,not_robust,DYRK1A,0.6532235062786396,0.7525694370269775,0.010494723644582442,11,True
141,Thal MGN L,3,not_robust,RIT2,0.5807174756868603,0.8445248007774353,0.010469837203136557,12,True
141,Thal MGN L,3,not_robust,ALG10,0.6939523075915666,0.7019623517990112,0.010399347006244865,13,True
141,Thal MGN L,3,not_robust,FCGR2A,0.5545155674016844,0.8712173104286194,0.010313423804262626,14,True
141,Thal MGN L,3,not_robust,TOX3,0.6339822700807853,0.7276461720466614,0.009848270914110415,15,True
141,Thal MGN L,3,not_robust,CAMK2D,0.7566582817459568,0.6061360836029053,0.00979112407026947,16,True
141,Thal MGN L,3,not_robust,FAM47E,0.6498146119257384,0.6943575739860535,0.009632416996388112,17,True
141,Thal MGN L,3,not_robust,TMEM175,0.5523642940927839,0.7957037091255188,0.009382954386954563,18,True
141,Thal MGN L,3,not_robust,ASXL3,0.6053854884478136,0.7160765528678894,0.009254523984022992,19,True
141,Thal MGN L,3,not_robust,ITGA8,0.7511027914757769,0.5747663378715515,0.009216230468166973,20,True
141,Thal MGN L,3,not_robust,ELOVL7,0.6907021710549529,0.6225336194038391,0.009179441461982357,21,False
141,Thal MGN L,3,not_robust,IRS2,0.5679351514511002,0.7469207048416138,0.009055988728221472,22,False
141,Thal MGN L,3,not_robust,SLC18B1,0.5990252998022298,0.702358067035675,0.008981861739568898,23,False
141,Thal MGN L,3,not_robust,GALC,0.5688191030909282,0.730959951877594,0.008876267501442695,24,False
141,Thal MGN L,3,not_robust,RIMS1,0.6178713437792516,0.67091304063797,0.008849666658940231,25,False
141,Thal MGN L,3,not_robust,C8orf58,0.7668413516480697,0.5322436690330505,0.008713219479296076,26,False
141,Thal MGN L,3,not_robust,PIK3CA,0.710461655941723,0.5610139966011047,0.008508969475208607,27,False
141,Thal MGN L,3,not_robust,MAP4K4,0.5287111816441037,0.7526438236236572,0.008495141611626367,28,False
141,Thal MGN L,3,not_robust,AZI2,0.7245649397143109,0.5317397713661194,0.008225060203738206,29,False
141,Thal MGN L,3,not_robust,NSF,0.7231192880222894,0.5286843180656433,0.008161481484236462,30,False
141,Thal MGN L,3,not_robust,KTN1,0.7853745465472781,0.4827914834022522,0.008094668126582634,31,False
141,Thal MGN L,3,not_robust,SV2C,0.6241376129106758,0.5758057832717896,0.007672183888919741,32,False
141,Thal MGN L,3,not_robust,SPPL2B,0.510230767740695,0.6948310136795044,0.007568476452055192,33,False
141,Thal MGN L,3,not_robust,UBAP2,0.6109396454424254,0.5707280039787292,0.007443721509998127,34,False
141,Thal MGN L,3,not_robust,CTSB,0.4042559455222608,0.8426995277404785,0.0072726350036752055,35,False
141,Thal MGN L,3,not_robust,GPNMB,0.3655652625471743,0.8844435214996338,0.00690236070790269,36,False
141,Thal MGN L,3,not_robust,SLC50A1,0.5189685321969736,0.6150293350219727,0.00681395845464424,37,False
141,Thal MGN L,3,not_robust,MED12L,0.5711045865815185,0.5456203818321228,0.006652254540675629,38,False
141,Thal MGN L,3,not_robust,VAMP4,0.492575860141344,0.5934772491455078,0.006240793676175549,39,False
141,Thal MGN L,3,not_robust,SEC23IP,0.4170330123557515,0.6697301864624023,0.005962562367023317,40,False
141,Thal MGN L,3,not_robust,MCCC1,0.3978803429674311,0.6534242630004883,0.0055502221431631684,41,False
141,Thal MGN L,3,not_robust,FYN,0.3154161907637571,0.7615038752555847,0.005127654156282973,42,False
141,Thal MGN L,3,not_robust,FASN,0.4283411216394492,0.5596649646759033,0.00511776707205463,43,False
141,Thal MGN L,3,not_robust,ITPA,0.4821793762457938,0.4807567894458771,0.004948763306208608,44,False
141,Thal MGN L,3,not_robust,KPNA1,0.5812401309424686,0.3957322239875793,0.004910431229619958,45,False
141,Thal MGN L,3,not_robust,FBRSL1,0.3293803221776567,0.6778879165649414,0.00476670382298951,46,False
141,Thal MGN L,3,not_robust,PKP2,0.2967353370417043,0.7130399346351624,0.004516954823330321,47,False
141,Thal MGN L,3,not_robust,TMED5,0.6861412271706615,0.3018712401390075,0.004421787618492467,48,False
141,Thal MGN L,3,not_robust,HSD3B7,0.5875113991932831,0.3309276401996612,0.004150610355610996,49,False
141,Thal MGN L,3,not_robust,USP25,0.3298116575792493,0.5770121216773987,0.0040626888708549,50,False
141,Thal MGN L,3,not_robust,DLG2,0.2934265213742933,0.607625424861908,0.0038062554182381513,51,False
141,Thal MGN L,3,not_robust,ERCC8,0.569616209847575,0.3066307008266449,0.0037287271140369234,52,False
141,Thal MGN L,3,not_robust,CCSER1,0.206258326383292,0.8328624963760376,0.0036673082989905656,53,False
141,Thal MGN L,3,not_robust,PDLIM2,0.8743941338757417,0.1904719173908233,0.0035555010763651303,54,False
141,Thal MGN L,3,not_robust,ITGA2B,0.290953790526074,0.5718092322349548,0.00355171253481401,55,False
141,Thal MGN L,3,not_robust,P2RY12,0.535405822833142,0.3019077479839325,0.0034508014682490744,56,False
141,Thal MGN L,3,not_robust,MICU3,0.6807314708442198,0.2358701527118683,0.0034277681773202885,57,False
141,Thal MGN L,3,not_robust,SNCA,0.3707745921785933,0.4322746694087982,0.003421624749713684,58,False
141,Thal MGN L,3,not_robust,MYLK2,0.5350512139313964,0.2965930700302124,0.0033878094770383575,59,False
141,Thal MGN L,3,not_robust,CD38,0.4806877808893787,0.321556955575943,0.0032997695920979784,60,False
141,Thal MGN L,3,not_robust,BCL2L1,0.6000573180696587,0.2567904889583587,0.0032895333693063323,61,False
141,Thal MGN L,3,not_robust,CCAR2,0.3815327980014115,0.3965764939785003,0.0032301409376732197,62,False
141,Thal MGN L,3,not_robust,DGKQ,0.5559384908680811,0.2635650038719177,0.0031280746838581513,63,False
141,Thal MGN L,3,not_robust,NCKIPSD,0.4228842642529525,0.3463244140148163,0.003126563536432351,64,False
141,Thal MGN L,3,not_robust,C2CD4A,0.6562942324110005,0.2195565849542617,0.0030761512131867387,65,False
141,Thal MGN L,3,not_robust,WNT3,0.8934585174425713,0.1518237739801406,0.002895854928637252,66,False
141,Thal MGN L,3,not_robust,CYLD,0.7861052358948285,0.169330820441246,0.0028417071956760988,67,False
141,Thal MGN L,3,not_robust,MIPOL1,0.5624245921687924,0.2262192219495773,0.002716166771107157,68,False
141,Thal MGN L,3,not_robust,RORA,0.7777887745526032,0.1622077226638794,0.00269336879002536,69,False
141,Thal MGN L,3,not_robust,VPS13C,0.4369415670103662,0.2877374291419983,0.0026839989789280345,70,False
141,Thal MGN L,3,not_robust,DCUN1D1,0.7581650490764178,0.163753792643547,0.002650438629219498,71,False
141,Thal MGN L,3,not_robust,FAM171A1,0.3676754620460553,0.316009521484375,0.0024804326569676525,72,False
141,Thal MGN L,3,not_robust,INTS2,0.6476184801832645,0.1789993643760681,0.0024747614789199,73,False
141,Thal MGN L,3,not_robust,AMPD3,0.7725941622372448,0.145731434226036,0.0024036281786272134,74,False
141,Thal MGN L,3,not_robust,NRIP1,0.3482805102694372,0.3074838519096374,0.0022861994210487476,75,False
141,Thal MGN L,3,not_robust,LZTS3,0.2940821318628257,0.3598359227180481,0.002259101690703621,76,False
141,Thal MGN L,3,not_robust,ZCWPW2,0.3672181732968486,0.2858431041240692,0.002240858897886683,77,False
141,Thal MGN L,3,not_robust,DTX3L,0.7737045731447802,0.1236892640590667,0.0020430067183832583,78,False
141,Thal MGN L,3,not_robust,LRRK2,0.6476834695538989,0.1440357118844986,0.0019915702116398227,79,False
141,Thal MGN L,3,not_robust,SLC45A3,0.6602014597402976,0.1365202218294143,0.0019241374433503853,80,False
141,Thal MGN L,3,not_robust,STBD1,0.5844447323891971,0.1455356031656265,0.001815830574050389,81,False
141,Thal MGN L,3,not_robust,NDUFAF2,0.5581567794597263,0.1519088149070739,0.0018100968192486168,82,False
141,Thal MGN L,3,not_robust,PARP9,0.2057241048542799,0.4089574217796325,0.0017960809266539433,83,False
141,Thal MGN L,3,not_robust,NEK1,0.600725226397415,0.1384527385234832,0.001775579186255496,84,False
141,Thal MGN L,3,not_robust,MED13,0.453658127328894,0.1776958703994751,0.001720951599122876,85,False
141,Thal MGN L,3,not_robust,FASTKD5,0.7941643992410689,0.0885050073266029,0.001500516869885999,86,False
141,Thal MGN L,3,not_robust,SNX20,0.5263680853715882,0.1277837306261062,0.0014359117123301575,87,False
141,Thal MGN L,3,not_robust,MCMBP,0.3460004088121039,0.1930699795484542,0.0014261131613969977,88,False
141,Thal MGN L,3,not_robust,CMC1,0.7045656295558782,0.0913318544626236,0.0013737457276761433,89,False
141,Thal MGN L,3,not_robust,DR1,0.7455585617820248,0.0850554704666137,0.0013537754634657504,90,False
141,Thal MGN L,3,not_robust,DDRGK1,0.3867367873650255,0.1576443612575531,0.0013015370992604358,91,False
141,Thal MGN L,3,not_robust,IP6K2,0.6197262743441152,0.0962643772363662,0.0012735856006268456,92,False
141,Thal MGN L,3,not_robust,CERS6,0.7849138538871541,0.0747304856777191,0.0012522251578629964,93,False
141,Thal MGN L,3,not_robust,DPM3,0.6138485341438435,0.0954490676522255,0.0012508220803230281,94,False
141,Thal MGN L,3,not_robust,YARS2,0.4744312188312544,0.1202353090047836,0.0012177773953299948,95,False
141,Thal MGN L,3,not_robust,CNOT7,0.5938749995083916,0.0932418778538703,0.001182139366264328,96,False
141,Thal MGN L,3,not_robust,MTMR7,0.7307831635855738,0.0743675380945205,0.0011602045469416525,97,False
141,Thal MGN L,3,not_robust,RPP38,0.7017602742873263,0.0709610506892204,0.0010630934502548095,98,False
141,Thal MGN L,3,not_robust,VPS37A,0.5894902793968448,0.0843638330698013,0.0010616847449778609,99,False
141,Thal MGN L,3,not_robust,FOXS1,0.6782016343452845,0.0717954486608505,0.0010394853459271517,100,False
141,Thal MGN L,3,not_robust,NTPCR,0.8503979733211422,0.0572280026972293,0.0010389470897362455,101,False
141,Thal MGN L,3,not_robust,CTF1,0.3610655168018936,0.1332284361124038,0.0010269411793374188,102,False
141,Thal MGN L,3,not_robust,ANK2,0.6993330313023249,0.0663385838270187,0.0009904050887855494,103,False
141,Thal MGN L,3,not_robust,MTF2,0.3519180571981346,0.1314258724451065,0.000987381635700934,104,False
141,Thal MGN L,3,not_robust,ZDHHC2,0.8085184141536861,0.0558798909187316,0.0009645130111599721,105,False
141,Thal MGN L,3,not_robust,COX4I2,0.5000354589183077,0.0888595879077911,0.0009485663687258082,106,False
141,Thal MGN L,3,not_robust,P4HTM,0.5341239333257692,0.0821254402399063,0.000936445214438306,107,False
141,Thal MGN L,3,not_robust,NUCKS1,0.4299975967736404,0.1008259132504463,0.0009255519884478498,108,False
141,Thal MGN L,3,not_robust,METTL13,0.5838938729337733,0.0712111964821815,0.0008876562724062575,109,False
141,Thal MGN L,3,not_robust,TPX2,0.6726799222042943,0.0610919557511806,0.0008773141200898094,110,False
141,Thal MGN L,3,not_robust,B3GALT1,0.5619648572413279,0.0701578333973884,0.0008416818298775506,111,False
141,Thal MGN L,3,not_robust,ACBD7,0.4951757441019524,0.0733931586146354,0.0007758496474062825,112,False
141,Thal MGN L,3,not_robust,UBOX5,0.3564370944323669,0.0885050073266029,0.0006734624137773326,113,False
141,Thal MGN L,3,not_robust,ARIH2,0.5087371018813113,0.0570767857134342,0.0006198913051915358,114,False
141,Thal MGN L,3,not_robust,BIN3,0.3913475103476496,0.0713214352726936,0.0005958614307291925,115,False
141,Thal MGN L,3,not_robust,NOL4,0.4612434614556638,0.0601187869906425,0.0005919745791218926,116,False
141,Thal MGN L,3,not_robust,CNTLN,0.4516074449608721,0.0592545457184314,0.0005712752265347632,117,False
141,Thal MGN L,3,not_robust,PRSS3,0.4720223558670829,0.0544609166681766,0.0005487949931910833,118,False
141,Thal MGN L,3,not_robust,ARL17A,0.3276370432696308,0.0748985931277275,0.0005238769417828576,119,False
141,Thal MGN L,3,not_robust,CCDC90B,0.4202904892947855,0.0561612658202648,0.0005039054735039937,120,False
141,Thal MGN L,3,not_robust,DCAF16,0.3157785298177163,0.0746670886874198,0.0005033550639554021,121,False
141,Thal MGN L,3,not_robust,WDR6,0.4069131101951825,0.0575480684638023,0.0004999137240193887,122,False
141,Thal MGN L,3,not_robust,FAM171A2,0.2976801431224753,0.0734663009643554,0.00046687504914931223,123,False
146,Thal PuM R,4,not_robust,SIPA1L2,0.8691908178912351,0.8528462648391724,0.015825174478500407,1,True
146,Thal PuM R,4,not_robust,TMEM163,0.8163395652461862,0.8511537313461304,0.014833426315881651,2,True
146,Thal PuM R,4,not_robust,HIP1R,0.7223561569286454,0.8798125386238098,0.013567634990370173,3,True
146,Thal PuM R,4,not_robust,TMEM175,0.7639873035307319,0.7957037091255188,0.012977772274391688,4,True
146,Thal PuM R,4,not_robust,TOX3,0.7557305114476887,0.7276461720466614,0.011739506238632952,5,True
146,Thal PuM R,4,not_robust,SH3GL2,0.61074155418368,0.8994671702384949,0.011727499199085566,6,True
146,Thal PuM R,4,not_robust,ITPKB,0.6074400556032417,0.9014809131622314,0.01169021740813392,7,True
146,Thal PuM R,4,not_robust,SLC2A13,0.7734002223824449,0.700274646282196,0.011562062718520524,8,True
146,Thal PuM R,4,not_robust,STK39,0.6252037478326953,0.8421160578727722,0.011239736941248024,9,True
146,Thal PuM R,4,not_robust,CAMK2D,0.8317482791854558,0.6061360836029053,0.01076278525353158,10,True
146,Thal PuM R,4,not_robust,SLC18B1,0.7022319735821698,0.702358067035675,0.01052935576828231,11,True
146,Thal PuM R,4,not_robust,CLCN3,0.570019518521553,0.8020431399345398,0.009760005916972554,12,True
146,Thal PuM R,4,not_robust,RNF141,0.6055598771684947,0.7541582584381104,0.009749496973946704,13,True
146,Thal PuM R,4,not_robust,DYRK1A,0.6035779023975103,0.7525694370269775,0.009697114728349387,14,True
146,Thal PuM R,4,not_robust,FCGR2A,0.4937525362216369,0.8712173104286194,0.009183293418333354,15,True
146,Thal PuM R,4,not_robust,GALC,0.5857742824742036,0.730959951877594,0.009140848467382655,16,True
146,Thal PuM R,4,not_robust,RIT2,0.5026423515703791,0.8445248007774353,0.009062209788191973,17,True
146,Thal PuM R,4,not_robust,MAP4K4,0.5421275964982454,0.7526438236236572,0.008710711752874075,18,True
146,Thal PuM R,4,not_robust,CNTN1,0.521524767024154,0.7606772780418396,0.008469114548855223,19,True
146,Thal PuM R,4,not_robust,RIMS1,0.583298521664358,0.67091304063797,0.008354485980541664,20,True
146,Thal PuM R,4,not_robust,ELOVL7,0.6194640195826129,0.6225336194038391,0.008232685437889666,21,False
146,Thal PuM R,4,not_robust,ALG10,0.5253297507321104,0.7019623517990112,0.00787242337953676,22,False
146,Thal PuM R,4,not_robust,MED12L,0.6740888423886744,0.5456203818321228,0.007851820258422612,23,False
146,Thal PuM R,4,not_robust,SPPL2B,0.5077184375513779,0.6948310136795044,0.007531209957990497,24,False
146,Thal PuM R,4,not_robust,IRS2,0.4599898028839309,0.7469207048416138,0.007334750207607747,25,False
146,Thal PuM R,4,not_robust,ASXL3,0.4702458128916723,0.7160765528678894,0.0071886446517746665,26,False
146,Thal PuM R,4,not_robust,FYN,0.4387730010167219,0.7615038752555847,0.0071330396733288726,27,False
146,Thal PuM R,4,not_robust,KTN1,0.6812974458291912,0.4827914834022522,0.007021970273572809,28,False
146,Thal PuM R,4,not_robust,MCCC1,0.5030228554333077,0.6534242630004883,0.007016905057236373,29,False
146,Thal PuM R,4,not_robust,PIK3CA,0.5847216523011536,0.5610139966011047,0.0070030221185253825,30,False
146,Thal PuM R,4,not_robust,SLC50A1,0.5281883846661726,0.6150293350219727,0.006935013369895298,31,False
146,Thal PuM R,4,not_robust,SEC23IP,0.4817160325720914,0.6697301864624023,0.006887372947242694,32,False
146,Thal PuM R,4,not_robust,VAMP4,0.5335164525682452,0.5934772491455078,0.006759499140636128,33,False
146,Thal PuM R,4,not_robust,FASN,0.5649178723936237,0.5596649646759033,0.006749569302815639,34,False
146,Thal PuM R,4,not_robust,UBAP2,0.5379717547798168,0.5707280039787292,0.0065546768043282,35,False
146,Thal PuM R,4,not_robust,CTSB,0.3576285343437816,0.8426995277404785,0.006433799739968019,36,False
146,Thal PuM R,4,not_robust,ITGA8,0.5196494629662456,0.5747663378715515,0.006376236738444568,37,False
146,Thal PuM R,4,not_robust,SV2C,0.5173968190491389,0.5758057832717896,0.006360077420706954,38,False
146,Thal PuM R,4,not_robust,NSF,0.5554016280333021,0.5286843180656433,0.006268537126019599,39,False
146,Thal PuM R,4,not_robust,C8orf58,0.5502710467892922,0.5322436690330505,0.006252443733599707,40,False
146,Thal PuM R,4,not_robust,FBRSL1,0.4252972997998376,0.6778879165649414,0.006154788639041897,41,False
146,Thal PuM R,4,not_robust,AZI2,0.5359951656885584,0.5317397713661194,0.006084468437624506,42,False
146,Thal PuM R,4,not_robust,PKP2,0.3432932211516701,0.7130399346351624,0.00522566670541064,43,False
146,Thal PuM R,4,not_robust,TMED5,0.7613492952693937,0.3018712401390075,0.004906460585457324,44,False
146,Thal PuM R,4,not_robust,FAM47E,0.3238623124270718,0.6943575739860535,0.004800718213256479,45,False
146,Thal PuM R,4,not_robust,GPNMB,0.2333484510220958,0.8844435214996338,0.004405930608291927,46,False
146,Thal PuM R,4,not_robust,ITPA,0.4246548075165559,0.4807567894458771,0.004358370002477565,47,False
146,Thal PuM R,4,not_robust,DLG2,0.3187354296415456,0.607625424861908,0.004134556243844302,48,False
146,Thal PuM R,4,not_robust,ITGA2B,0.3314301614279574,0.5718092322349548,0.004045813105341264,49,False
146,Thal PuM R,4,not_robust,ERCC8,0.6159610402405324,0.3066307008266449,0.004032101952558293,50,False
146,Thal PuM R,4,not_robust,CD38,0.5827471842352765,0.321556955575943,0.004000375118465536,51,False
146,Thal PuM R,4,not_robust,CCSER1,0.2219643701776305,0.8328624963760376,0.003946564442300146,52,False
146,Thal PuM R,4,not_robust,NRIP1,0.5743087082159595,0.3074838519096374,0.0037699044233363162,53,False
146,Thal PuM R,4,not_robust,NCKIPSD,0.5041596554649088,0.3463244140148163,0.0037274671312290983,54,False
146,Thal PuM R,4,not_robust,HSD3B7,0.5070748184983985,0.3309276401996612,0.0035823475010339535,55,False
146,Thal PuM R,4,not_robust,VPS13C,0.5506442305706022,0.2877374291419983,0.0033824398139008973,56,False
146,Thal PuM R,4,not_robust,MICU3,0.6662044990514907,0.2358701527118683,0.0033546187876465714,57,False
146,Thal PuM R,4,not_robust,KPNA1,0.388664966175828,0.3957322239875793,0.0032835182675262937,58,False
146,Thal PuM R,4,not_robust,PARP9,0.3754195062840043,0.4089574217796325,0.0032776120970761024,59,False
146,Thal PuM R,4,not_robust,BCL2L1,0.5938813902832976,0.2567904889583587,0.003255676736068334,60,False
146,Thal PuM R,4,not_robust,LZTS3,0.423365035487476,0.3598359227180481,0.003252236582332308,61,False
146,Thal PuM R,4,not_robust,CCAR2,0.3750368771610017,0.3965764939785003,0.003175145037073307,62,False
146,Thal PuM R,4,not_robust,RORA,0.8978112609771245,0.1622077226638794,0.003108989109594764,63,False
146,Thal PuM R,4,not_robust,USP25,0.2492858719109902,0.5770121216773987,0.0030707554272267797,64,False
146,Thal PuM R,4,not_robust,CYLD,0.8421723198400801,0.169330820441246,0.0030443851942603913,65,False
146,Thal PuM R,4,not_robust,SNCA,0.3291353041115262,0.4322746694087982,0.003037364280910827,66,False
146,Thal PuM R,4,not_robust,MYLK2,0.4760180057773337,0.2965930700302124,0.003014026076801171,67,False
146,Thal PuM R,4,not_robust,WNT3,0.920284281646098,0.1518237739801406,0.002982801910468713,68,False
146,Thal PuM R,4,not_robust,FAM171A1,0.440045868325137,0.316009521484375,0.0029686619179950463,69,False
146,Thal PuM R,4,not_robust,C2CD4A,0.6236587853299489,0.2195565849542617,0.002923183892778537,70,False
146,Thal PuM R,4,not_robust,PDLIM2,0.6689066376449717,0.1904719173908233,0.002719938501408624,71,False
146,Thal PuM R,4,not_robust,DGKQ,0.418575503945823,0.2635650038719177,0.0023551803997805747,72,False
146,Thal PuM R,4,not_robust,P2RY12,0.3573632538163006,0.3019077479839325,0.002303280219184089,73,False
146,Thal PuM R,4,not_robust,AMPD3,0.7272673984543263,0.145731434226036,0.002262611468949893,74,False
146,Thal PuM R,4,not_robust,DCUN1D1,0.6457149939015145,0.163753792643547,0.002257329014820237,75,False
146,Thal PuM R,4,not_robust,ZCWPW2,0.3620066650007542,0.2858431041240692,0.002209056945843114,76,False
146,Thal PuM R,4,not_robust,SLC45A3,0.7167580107749654,0.1365202218294143,0.0020889698227810043,77,False
146,Thal PuM R,4,not_robust,STBD1,0.6538141886077472,0.1455356031656265,0.002031356820633121,78,False
146,Thal PuM R,4,not_robust,INTS2,0.4908830193017888,0.1789993643760681,0.0018758241526402842,79,False
146,Thal PuM R,4,not_robust,LRRK2,0.5967623225520055,0.1440357118844986,0.0018349921233008488,80,False
146,Thal PuM R,4,not_robust,MCMBP,0.4122192910324094,0.1930699795484542,0.001699048155293663,81,False
146,Thal PuM R,4,not_robust,SNX20,0.6115825976825784,0.1277837306261062,0.0016683735953515668,82,False
146,Thal PuM R,4,not_robust,DTX3L,0.5794398734324098,0.1236892640590667,0.0015300407874156876,83,False
146,Thal PuM R,4,not_robust,MIPOL1,0.2983359262271379,0.2262192219495773,0.0014407800454117332,84,False
146,Thal PuM R,4,not_robust,CTF1,0.4796561343410565,0.1332284361124038,0.001364236165889239,85,False
146,Thal PuM R,4,not_robust,MED13,0.3483452725327319,0.1776958703994751,0.001321447402125969,86,False
146,Thal PuM R,4,not_robust,MTMR7,0.8197580322567719,0.0743675380945205,0.0013014626551462382,87,False
146,Thal PuM R,4,not_robust,DDRGK1,0.3853198745644883,0.1576443612575531,0.001296768572870999,88,False
146,Thal PuM R,4,not_robust,NEK1,0.4341087422725857,0.1384527385234832,0.0012831065077344177,89,False
146,Thal PuM R,4,not_robust,DR1,0.6460958467016911,0.0850554704666137,0.0011731723692116898,90,False
146,Thal PuM R,4,not_robust,YARS2,0.4506556359058248,0.1202353090047836,0.0011567498610992003,91,False
146,Thal PuM R,4,not_robust,CMC1,0.5627586035708014,0.0913318544626236,0.0010972536765037704,92,False
146,Thal PuM R,4,not_robust,NUCKS1,0.5025169624600184,0.1008259132504463,0.0010816469145953965,93,False
146,Thal PuM R,4,not_robust,P4HTM,0.613822567375524,0.0821254402399063,0.0010761757147895097,94,False
146,Thal PuM R,4,not_robust,FOXS1,0.6911723898762959,0.0717954486608505,0.0010593657319617651,95,False
146,Thal PuM R,4,not_robust,VPS37A,0.5866174154036803,0.0843638330698013,0.0010565106547807167,96,False
146,Thal PuM R,4,not_robust,IP6K2,0.4997761738993052,0.0962643772363662,0.001027078832970538,97,False
146,Thal PuM R,4,not_robust,ANK2,0.725028726235406,0.0663385838270187,0.0010267956865158071,98,False
146,Thal PuM R,4,not_robust,DPM3,0.4795755558113977,0.0954490676522255,0.000977217767944557,99,False
146,Thal PuM R,4,not_robust,NDUFAF2,0.2978019996949799,0.1519088149070739,0.0009657688883319489,100,False
146,Thal PuM R,4,not_robust,ACBD7,0.5971191546569379,0.0733931586146354,0.0009355762900711439,101,False
146,Thal PuM R,4,not_robust,CNOT7,0.4582128356555622,0.0932418778538703,0.000912096706553469,102,False
146,Thal PuM R,4,not_robust,FASTKD5,0.4563323641241422,0.0885050073266029,0.000862207385898426,103,False
146,Thal PuM R,4,not_robust,RPP38,0.5592383868009345,0.0709610506892204,0.000847187690615442,104,False
146,Thal PuM R,4,not_robust,METTL13,0.5141147378811395,0.0712111964821815,0.0007815755447539241,105,False
146,Thal PuM R,4,not_robust,COX4I2,0.402479636745771,0.0888595879077911,0.0007635031490364581,106,False
146,Thal PuM R,4,not_robust,NTPCR,0.6050598262790831,0.0572280026972293,0.0007392128924930763,107,False
146,Thal PuM R,4,not_robust,ZDHHC2,0.6007908933406481,0.0558798909187316,0.0007167067854849502,108,False
146,Thal PuM R,4,not_robust,NOL4,0.5066911174683586,0.0601187869906425,0.0006503035513208353,109,False
146,Thal PuM R,4,not_robust,MTF2,0.2300213258502997,0.1314258724451065,0.0006453741952669837,110,False
146,Thal PuM R,4,not_robust,TPX2,0.4895147973590551,0.0610919557511806,0.0006384288121885901,111,False
146,Thal PuM R,4,not_robust,FAM171A2,0.3959510901211115,0.0734663009643554,0.0006210010608096234,112,False
146,Thal PuM R,4,not_robust,UBOX5,0.3265011484449334,0.0885050073266029,0.0006169005834899681,113,False
146,Thal PuM R,4,not_robust,CERS6,0.3728657532127118,0.0747304856777191,0.0005948574794115181,114,False
146,Thal PuM R,4,not_robust,BIN3,0.3888701208884106,0.0713214352726936,0.000592089384686676,115,False
146,Thal PuM R,4,not_robust,ARIH2,0.4692622690552367,0.0570767857134342,0.0005717915979905424,116,False
146,Thal PuM R,4,not_robust,B3GALT1,0.3696357924823854,0.0701578333973884,0.0005536213273763637,117,False
146,Thal PuM R,4,not_robust,ARL17A,0.3425667335716153,0.0748985931277275,0.0005477488471666828,118,False
146,Thal PuM R,4,not_robust,PRSS3,0.4704023931214172,0.0544609166681766,0.0005469115496784464,119,False
146,Thal PuM R,4,not_robust,CNTLN,0.4159834891524942,0.0592545457184314,0.000526211568591173,120,False
146,Thal PuM R,4,not_robust,WDR6,0.4036789330025174,0.0575480684638023,0.0004959403706817479,121,False
146,Thal PuM R,4,not_robust,CCDC90B,0.4013525334485088,0.0561612658202648,0.0004811998928378024,122,False
146,Thal PuM R,4,not_robust,DCAF16,0.2887914863546191,0.0746670886874198,0.00046033736735590254,123,False
4,Frontal Sup 2 R,5,not_robust,RIT2,0.6328157215251806,0.8445248007774353,0.01140912381897508,1,True
4,Frontal Sup 2 R,5,not_robust,CLCN3,0.6650415801777012,0.8020431399345398,0.011386995614469852,2,True
4,Frontal Sup 2 R,5,not_robust,STK39,0.6067731693439671,0.8421160578727722,0.010908397190636415,3,True
4,Frontal Sup 2 R,5,not_robust,FCGR2A,0.5805035032469208,0.8712173104286194,0.010796772896562784,4,True
4,Frontal Sup 2 R,5,not_robust,HIP1R,0.5627637596225048,0.8798125386238098,0.01057009510215996,5,True
4,Frontal Sup 2 R,5,not_robust,GPNMB,0.5537661759561366,0.8844435214996338,0.010455845469704381,6,True
4,Frontal Sup 2 R,5,not_robust,RNF141,0.6413605618410687,0.7541582584381104,0.010325886989270262,7,True
4,Frontal Sup 2 R,5,not_robust,CNTN1,0.5937757060826125,0.7606772780418396,0.009642407780239006,8,True
4,Frontal Sup 2 R,5,not_robust,ITPKB,0.5000133360727166,0.9014809131622314,0.00962278425951269,9,True
4,Frontal Sup 2 R,5,not_robust,CCSER1,0.5337151443591787,0.8328624963760376,0.009489546495049593,10,True
4,Frontal Sup 2 R,5,not_robust,SH3GL2,0.4880935876318377,0.8994671702384949,0.009372404937604186,11,True
4,Frontal Sup 2 R,5,not_robust,IRS2,0.5582385741762945,0.7469207048416138,0.008901372317741147,12,True
4,Frontal Sup 2 R,5,not_robust,TMEM175,0.5120798410985994,0.7957037091255188,0.008698646604952355,13,True
4,Frontal Sup 2 R,5,not_robust,FAM47E,0.5817033097136948,0.6943575739860535,0.008622780627748877,14,True
4,Frontal Sup 2 R,5,not_robust,MAP4K4,0.5323109372823571,0.7526438236236572,0.008552981193946377,15,True
4,Frontal Sup 2 R,5,not_robust,SIPA1L2,0.4665093892647369,0.8528462648391724,0.008493638369172161,16,True
4,Frontal Sup 2 R,5,not_robust,SPPL2B,0.5652385280853675,0.6948310136795044,0.008384430653900836,17,True
4,Frontal Sup 2 R,5,not_robust,RIMS1,0.5787815695159801,0.67091304063797,0.008289790439584822,18,True
4,Frontal Sup 2 R,5,not_robust,CTSB,0.4604400778080351,0.8426995277404785,0.008283397347775697,19,True
4,Frontal Sup 2 R,5,not_robust,SEC23IP,0.5750575305635206,0.6697301864624023,0.008221930372472395,20,True
4,Frontal Sup 2 R,5,not_robust,ASXL3,0.5331586154837348,0.7160765528678894,0.00815039225161086,21,False
4,Frontal Sup 2 R,5,not_robust,ALG10,0.539424950783957,0.7019623517990112,0.008083649532772446,22,False
4,Frontal Sup 2 R,5,not_robust,DYRK1A,0.4965759439520557,0.7525694370269775,0.007978015564708557,23,False
4,Frontal Sup 2 R,5,not_robust,SLC18B1,0.5280060971313989,0.702358067035675,0.007916990757567927,24,False
4,Frontal Sup 2 R,5,not_robust,SLC2A13,0.517094939083642,0.700274646282196,0.007730388412221287,25,False
4,Frontal Sup 2 R,5,not_robust,CAMK2D,0.5929418911458766,0.6061360836029053,0.0076726413530733995,26,False
4,Frontal Sup 2 R,5,not_robust,GALC,0.4852993545140625,0.730959951877594,0.007572964525165911,27,False
4,Frontal Sup 2 R,5,not_robust,FYN,0.4476688930717017,0.7615038752555847,0.00727765830485539,28,False
4,Frontal Sup 2 R,5,not_robust,MED12L,0.6115384695476427,0.5456203818321228,0.007123230414234217,29,False
4,Frontal Sup 2 R,5,not_robust,AZI2,0.6194091389291645,0.5317397713661194,0.007031360723093784,30,False
4,Frontal Sup 2 R,5,not_robust,ELOVL7,0.5244048342267005,0.6225336194038391,0.006969347542099404,31,False
4,Frontal Sup 2 R,5,not_robust,SLC50A1,0.5300822958453,0.6150293350219727,0.006959880064676827,32,False
4,Frontal Sup 2 R,5,not_robust,TOX3,0.4422805287206837,0.7276461720466614,0.00687037898760522,33,False
4,Frontal Sup 2 R,5,not_robust,TMEM163,0.373921007721268,0.8511537313461304,0.006794390413162148,34,False
4,Frontal Sup 2 R,5,not_robust,ITGA2B,0.5495673578234059,0.5718092322349548,0.006708643561497391,35,False
4,Frontal Sup 2 R,5,not_robust,ITGA8,0.5422237406858366,0.5747663378715515,0.0066532291134927,36,False
4,Frontal Sup 2 R,5,not_robust,FASN,0.5524973845724007,0.5596649646759033,0.0066011708409845216,37,False
4,Frontal Sup 2 R,5,not_robust,DLG2,0.4969145309710746,0.607625424861908,0.00644585096483928,38,False
4,Frontal Sup 2 R,5,not_robust,FBRSL1,0.4414271289841686,0.6778879165649414,0.00638821520784478,39,False
4,Frontal Sup 2 R,5,not_robust,PIK3CA,0.4974334273366405,0.5610139966011047,0.005957599278944146,40,False
4,Frontal Sup 2 R,5,not_robust,UBAP2,0.4835358978552396,0.5707280039787292,0.005891427394787561,41,False
4,Frontal Sup 2 R,5,not_robust,C8orf58,0.515402196481731,0.5322436690330505,0.005856247121265826,42,False
4,Frontal Sup 2 R,5,not_robust,USP25,0.4741497658215313,0.5770121216773987,0.0058406758295337785,43,False
4,Frontal Sup 2 R,5,not_robust,SV2C,0.4500775495466904,0.5758057832717896,0.005532558289978889,44,False
4,Frontal Sup 2 R,5,not_robust,VAMP4,0.4354924472202066,0.5934772491455078,0.005517563345175309,45,False
4,Frontal Sup 2 R,5,not_robust,MCCC1,0.3951251858167581,0.6534242630004883,0.005511789145665699,46,False
4,Frontal Sup 2 R,5,not_robust,ITPA,0.5344192199131901,0.4807567894458771,0.005484917762826224,47,False
4,Frontal Sup 2 R,5,not_robust,KTN1,0.5230852643239692,0.4827914834022522,0.005391315054992547,48,False
4,Frontal Sup 2 R,5,not_robust,KPNA1,0.627412197250749,0.3957322239875793,0.005300501949562565,49,False
4,Frontal Sup 2 R,5,not_robust,NSF,0.4593774757749139,0.5286843180656433,0.005184761110530186,50,False
4,Frontal Sup 2 R,5,not_robust,PKP2,0.3230906949252736,0.7130399346351624,0.004918140479543736,51,False
4,Frontal Sup 2 R,5,not_robust,CD38,0.6956563883447506,0.321556955575943,0.004775461095685681,52,False
4,Frontal Sup 2 R,5,not_robust,SNCA,0.5111131894521341,0.4322746694087982,0.004716713539238816,53,False
4,Frontal Sup 2 R,5,not_robust,PARP9,0.5041348907165357,0.4089574217796325,0.0044013659085701574,54,False
4,Frontal Sup 2 R,5,not_robust,CCAR2,0.5033921707382314,0.3965764939785003,0.004261829302548539,55,False
4,Frontal Sup 2 R,5,not_robust,LZTS3,0.5205625320205687,0.3598359227180481,0.003998895440383879,56,False
4,Frontal Sup 2 R,5,not_robust,TMED5,0.6098973447136224,0.3018712401390075,0.0039304394206520306,57,False
4,Frontal Sup 2 R,5,not_robust,P2RY12,0.5918491864389928,0.3019077479839325,0.003814590642175723,58,False
4,Frontal Sup 2 R,5,not_robust,HSD3B7,0.5133422386019099,0.3309276401996612,0.0036266251419789946,59,False
4,Frontal Sup 2 R,5,not_robust,NRIP1,0.5402352891492982,0.3074838519096374,0.003546238072086606,60,False
4,Frontal Sup 2 R,5,not_robust,NCKIPSD,0.4679253516303079,0.3463244140148163,0.003459571485271676,61,False
4,Frontal Sup 2 R,5,not_robust,FAM171A1,0.5051614532164199,0.316009521484375,0.0034079482993681284,62,False
4,Frontal Sup 2 R,5,not_robust,ZCWPW2,0.5500596898469128,0.2858431041240692,0.0033566044384351324,63,False
4,Frontal Sup 2 R,5,not_robust,MYLK2,0.4578297794178082,0.2965930700302124,0.002898862810132609,64,False
4,Frontal Sup 2 R,5,not_robust,ERCC8,0.440748616071807,0.3066307008266449,0.0028851554552160067,65,False
4,Frontal Sup 2 R,5,not_robust,MICU3,0.5678026164489594,0.2358701527118683,0.0028591240790575042,66,False
4,Frontal Sup 2 R,5,not_robust,VPS13C,0.4629333765970961,0.2877374291419983,0.0028436587496122458,67,False
4,Frontal Sup 2 R,5,not_robust,BCL2L1,0.4916005116029592,0.2567904889583587,0.0026949696947088492,68,False
4,Frontal Sup 2 R,5,not_robust,DGKQ,0.4514756892525923,0.2635650038719177,0.0025402984271214223,69,False
4,Frontal Sup 2 R,5,not_robust,MIPOL1,0.5165619051446978,0.2262192219495773,0.002494678044861795,70,False
4,Frontal Sup 2 R,5,not_robust,MED13,0.5886720689714716,0.1776958703994751,0.002233126835884864,71,False
4,Frontal Sup 2 R,5,not_robust,C2CD4A,0.4710870187336498,0.2195565849542617,0.0022080567413649437,72,False
4,Frontal Sup 2 R,5,not_robust,PDLIM2,0.5075371432846889,0.1904719173908233,0.0020637705461784756,73,False
4,Frontal Sup 2 R,5,not_robust,STBD1,0.6593467011011014,0.1455356031656265,0.002048545965782364,74,False
4,Frontal Sup 2 R,5,not_robust,DDRGK1,0.5984894141678634,0.1576443612575531,0.002014176570482013,75,False
4,Frontal Sup 2 R,5,not_robust,MCMBP,0.4867427260826667,0.1930699795484542,0.0020062121032281906,76,False
4,Frontal Sup 2 R,5,not_robust,INTS2,0.505533130846865,0.1789993643760681,0.0019318070080142917,77,False
4,Frontal Sup 2 R,5,not_robust,DCUN1D1,0.5214925419288168,0.163753792643547,0.0018230647530663078,78,False
4,Frontal Sup 2 R,5,not_robust,CYLD,0.4970767914125171,0.169330820441246,0.0017968926175038465,79,False
4,Frontal Sup 2 R,5,not_robust,AMPD3,0.5534961193430723,0.145731434226036,0.0017219892852429898,80,False
4,Frontal Sup 2 R,5,not_robust,SLC45A3,0.5780118483591898,0.1365202218294143,0.0016845982748441306,81,False
4,Frontal Sup 2 R,5,not_robust,NDUFAF2,0.5019209059050888,0.1519088149070739,0.0016277244471931383,82,False
4,Frontal Sup 2 R,5,not_robust,DTX3L,0.585959063282542,0.1236892640590667,0.0015472550435084245,83,False
4,Frontal Sup 2 R,5,not_robust,MTF2,0.5444312325459681,0.1314258724451065,0.001527518664992116,84,False
4,Frontal Sup 2 R,5,not_robust,NEK1,0.5130793868068492,0.1384527385234832,0.001516522097089836,85,False
4,Frontal Sup 2 R,5,not_robust,RORA,0.4304697232250594,0.1622077226638794,0.001490653703831279,86,False
4,Frontal Sup 2 R,5,not_robust,LRRK2,0.458612945753658,0.1440357118844986,0.0014101948318435,87,False
4,Frontal Sup 2 R,5,not_robust,NUCKS1,0.63216177277435,0.1008259132504463,0.0013607019904346709,88,False
4,Frontal Sup 2 R,5,not_robust,YARS2,0.5244315880114504,0.1202353090047836,0.0013461191168039654,89,False
4,Frontal Sup 2 R,5,not_robust,SNX20,0.4850638647757409,0.1277837306261062,0.0013232354012647244,90,False
4,Frontal Sup 2 R,5,not_robust,CTF1,0.4050602505088581,0.1332284361124038,0.0011520708348022877,91,False
4,Frontal Sup 2 R,5,not_robust,VPS37A,0.6241936117930379,0.0843638330698013,0.0011241861973217949,92,False
4,Frontal Sup 2 R,5,not_robust,CMC1,0.5335633296415264,0.0913318544626236,0.0010403294083501315,93,False
4,Frontal Sup 2 R,5,not_robust,CNOT7,0.5129271897863071,0.0932418778538703,0.0010210085010745765,94,False
4,Frontal Sup 2 R,5,not_robust,WNT3,0.3088802267258178,0.1518237739801406,0.0010011347023506831,95,False
4,Frontal Sup 2 R,5,not_robust,UBOX5,0.5243183344072775,0.0885050073266029,0.0009906620174871762,96,False
4,Frontal Sup 2 R,5,not_robust,FASTKD5,0.5219633146155942,0.0885050073266029,0.0009862123759145835,97,False
4,Frontal Sup 2 R,5,not_robust,DPM3,0.483040531413333,0.0954490676522255,0.0009842782523305402,98,False
4,Frontal Sup 2 R,5,not_robust,IP6K2,0.4626310515221963,0.0962643772363662,0.0009507427230596334,99,False
4,Frontal Sup 2 R,5,not_robust,CERS6,0.5894548186797512,0.0747304856777191,0.0009403963883665573,100,False
4,Frontal Sup 2 R,5,not_robust,COX4I2,0.4910176617866665,0.0888595879077911,0.0009314596237410204,101,False
4,Frontal Sup 2 R,5,not_robust,FOXS1,0.6012297363150203,0.0717954486608505,0.0009215098707900282,102,False
4,Frontal Sup 2 R,5,not_robust,DR1,0.4883936385298316,0.0850554704666137,0.0008868187668237807,103,False
4,Frontal Sup 2 R,5,not_robust,DCAF16,0.5316235657120499,0.0746670886874198,0.0008474148450613715,104,False
4,Frontal Sup 2 R,5,not_robust,MTMR7,0.5326483321629638,0.0743675380945205,0.000845642110669663,105,False
4,Frontal Sup 2 R,5,not_robust,ANK2,0.5911481794134247,0.0663385838270187,0.0008371922087350464,106,False
4,Frontal Sup 2 R,5,not_robust,P4HTM,0.4716442626694773,0.0821254402399063,0.000826903617563109,107,False
4,Frontal Sup 2 R,5,not_robust,METTL13,0.5415053535647996,0.0712111964821815,0.0008232157347674059,108,False
4,Frontal Sup 2 R,5,not_robust,B3GALT1,0.5312521154837406,0.0701578333973884,0.0007956818774784246,109,False
4,Frontal Sup 2 R,5,not_robust,ACBD7,0.4905081766531263,0.0733931586146354,0.0007685364245706519,110,False
4,Frontal Sup 2 R,5,not_robust,RPP38,0.4976650968101511,0.0709610506892204,0.0007539105934381787,111,False
4,Frontal Sup 2 R,5,not_robust,FAM171A2,0.4757518409071685,0.0734663009643554,0.0007461588192499088,112,False
4,Frontal Sup 2 R,5,not_robust,BIN3,0.4696564059788994,0.0713214352726936,0.000715093697080417,113,False
4,Frontal Sup 2 R,5,not_robust,NOL4,0.5513584898741719,0.0601187869906425,0.0007076310826357781,114,False
4,Frontal Sup 2 R,5,not_robust,CCDC90B,0.5811582371361863,0.0561612658202648,0.0006967771675162901,115,False
4,Frontal Sup 2 R,5,not_robust,TPX2,0.5269989486541017,0.0610919557511806,0.0006873159190059981,116,False
4,Frontal Sup 2 R,5,not_robust,WDR6,0.5305789287388061,0.0575480684638023,0.0006518435545731273,117,False
4,Frontal Sup 2 R,5,not_robust,NTPCR,0.481598664288006,0.0572280026972293,0.0005883780845911469,118,False
4,Frontal Sup 2 R,5,not_robust,ZDHHC2,0.4910130415083528,0.0558798909187316,0.0005857485233403927,119,False
4,Frontal Sup 2 R,5,not_robust,ARIH2,0.4494966839024353,0.0570767857134342,0.0005477074210493783,120,False
4,Frontal Sup 2 R,5,not_robust,CNTLN,0.3953948692322429,0.0592545457184314,0.0005001673378323139,121,False
4,Frontal Sup 2 R,5,not_robust,ARL17A,0.2887098240349194,0.0748985931277275,0.00046163406362329364,122,False
4,Frontal Sup 2 R,5,not_robust,PRSS3,0.3935882470760975,0.0544609166681766,0.0004576038755144062,123,False
37,Cingulate Mid L,6,not_robust,STK39,0.6374536996495255,0.8421160578727722,0.011459963125818146,1,True
37,Cingulate Mid L,6,not_robust,RIT2,0.6239629284417529,0.8445248007774353,0.011249515564949466,2,True
37,Cingulate Mid L,6,not_robust,TMEM163,0.5671302525589518,0.8511537313461304,0.010305129349333425,3,True
37,Cingulate Mid L,6,not_robust,TMEM175,0.6025872682786466,0.7957037091255188,0.01023608678708032,4,True
37,Cingulate Mid L,6,not_robust,CCSER1,0.5676134659866345,0.8328624963760376,0.010092264447852155,5,True
37,Cingulate Mid L,6,not_robust,HIP1R,0.5367848941000722,0.8798125386238098,0.010082147762760325,6,True
37,Cingulate Mid L,6,not_robust,ITPKB,0.5045771946748641,0.9014809131622314,0.0097106159702913,7,True
37,Cingulate Mid L,6,not_robust,SH3GL2,0.4974938403824029,0.8994671702384949,0.009552909204668189,8,True
37,Cingulate Mid L,6,not_robust,CLCN3,0.5471699412602917,0.8020431399345398,0.009368770174995414,9,True
37,Cingulate Mid L,6,not_robust,DYRK1A,0.5819671747050649,0.7525694370269775,0.00934991562618818,10,True
37,Cingulate Mid L,6,not_robust,CTSB,0.5149034233939432,0.8426995277404785,0.009263202438863773,11,True
37,Cingulate Mid L,6,not_robust,SLC18B1,0.615551352258284,0.702358067035675,0.009229655477680038,12,True
37,Cingulate Mid L,6,not_robust,SIPA1L2,0.4944562336353586,0.8528462648391724,0.009002460688949505,13,True
37,Cingulate Mid L,6,not_robust,SLC2A13,0.5993363564238567,0.700274646282196,0.008959868825891733,14,True
37,Cingulate Mid L,6,not_robust,FCGR2A,0.4734351417638715,0.8712173104286194,0.008805410610420188,15,True
37,Cingulate Mid L,6,not_robust,CNTN1,0.5315885770298394,0.7606772780418396,0.008632542184751407,16,True
37,Cingulate Mid L,6,not_robust,RNF141,0.5188603393068355,0.7541582584381104,0.008353636855245958,17,True
37,Cingulate Mid L,6,not_robust,FBRSL1,0.573687133828476,0.6778879165649414,0.00830224658212928,18,True
37,Cingulate Mid L,6,not_robust,ASXL3,0.5398372165080539,0.7160765528678894,0.008252487981585744,19,True
37,Cingulate Mid L,6,not_robust,MCCC1,0.5722100366555303,0.6534242630004883,0.007982029954783915,20,True
37,Cingulate Mid L,6,not_robust,GALC,0.5069070905075087,0.730959951877594,0.007910147372465117,21,False
37,Cingulate Mid L,6,not_robust,IRS2,0.4923049604888119,0.7469207048416138,0.007850030345265683,22,False
37,Cingulate Mid L,6,not_robust,ITGA8,0.6389459896809963,0.5747663378715515,0.007840036762532799,23,False
37,Cingulate Mid L,6,not_robust,GPNMB,0.4147772815542399,0.8844435214996338,0.007831549394989982,24,False
37,Cingulate Mid L,6,not_robust,ELOVL7,0.5866243146455036,0.6225336194038391,0.007796245302427887,25,False
37,Cingulate Mid L,6,not_robust,FAM47E,0.5069567576537741,0.6943575739860535,0.007514787755212996,26,False
37,Cingulate Mid L,6,not_robust,DLG2,0.5506519529710535,0.607625424861908,0.0071429193576062104,27,False
37,Cingulate Mid L,6,not_robust,TOX3,0.4592451937677846,0.7276461720466614,0.007133907835706446,28,False
37,Cingulate Mid L,6,not_robust,PKP2,0.4671772145840729,0.7130399346351624,0.007111449528739391,29,False
37,Cingulate Mid L,6,not_robust,MAP4K4,0.4363718406142865,0.7526438236236572,0.007011466203186468,30,False
37,Cingulate Mid L,6,not_robust,RIMS1,0.4839024742271269,0.67091304063797,0.006930853219625063,31,False
37,Cingulate Mid L,6,not_robust,SPPL2B,0.4654921379438926,0.6948310136795044,0.0069048487613660335,32,False
37,Cingulate Mid L,6,not_robust,SEC23IP,0.4824433118802522,0.6697301864624023,0.006897771280479332,33,False
37,Cingulate Mid L,6,not_robust,NSF,0.6049161630192552,0.5286843180656433,0.006827382626592084,34,False
37,Cingulate Mid L,6,not_robust,VAMP4,0.5347649323165484,0.5934772491455078,0.006775317017938943,35,False
37,Cingulate Mid L,6,not_robust,MED12L,0.5814198624994881,0.5456203818321228,0.006772407386014125,36,False
37,Cingulate Mid L,6,not_robust,FYN,0.4096736737781625,0.7615038752555847,0.006659978078429342,37,False
37,Cingulate Mid L,6,not_robust,ALG10,0.4360493956140662,0.7019623517990112,0.006534496574544038,38,False
37,Cingulate Mid L,6,not_robust,SV2C,0.5274535164751226,0.5758057832717896,0.00648369892720061,39,False
37,Cingulate Mid L,6,not_robust,USP25,0.5211885179487248,0.5770121216773987,0.006420109001086035,40,False
37,Cingulate Mid L,6,not_robust,PIK3CA,0.5164110316741667,0.5610139966011047,0.0061848879083446365,41,False
37,Cingulate Mid L,6,not_robust,C8orf58,0.5378561926333825,0.5322436690330505,0.006111380202229876,42,False
37,Cingulate Mid L,6,not_robust,CAMK2D,0.4636955245157528,0.6061360836029053,0.006000199192806462,43,False
37,Cingulate Mid L,6,not_robust,FASN,0.4667898195518968,0.5596649646759033,0.00557714738881378,44,False
37,Cingulate Mid L,6,not_robust,AZI2,0.4868264262256385,0.5317397713661194,0.005526318546485843,45,False
37,Cingulate Mid L,6,not_robust,SLC50A1,0.4185389256369367,0.6150293350219727,0.005495336757449265,46,False
37,Cingulate Mid L,6,not_robust,SNCA,0.5931711012398703,0.4322746694087982,0.00547396980168384,47,False
37,Cingulate Mid L,6,not_robust,UBAP2,0.4272973600930408,0.5707280039787292,0.005206214024933055,48,False
37,Cingulate Mid L,6,not_robust,ITGA2B,0.4255559089694479,0.5718092322349548,0.005194818920963699,49,False
37,Cingulate Mid L,6,not_robust,KTN1,0.4759967706926596,0.4827914834022522,0.004905985182510862,50,False
37,Cingulate Mid L,6,not_robust,KPNA1,0.5489963183922922,0.3957322239875793,0.004638029143666829,51,False
37,Cingulate Mid L,6,not_robust,CCAR2,0.5108958325092068,0.3965764939785003,0.004325356960448061,52,False
37,Cingulate Mid L,6,not_robust,ITPA,0.4018792145638151,0.4807567894458771,0.004124616706019253,53,False
37,Cingulate Mid L,6,not_robust,CD38,0.578388922378791,0.321556955575943,0.003970457029177261,54,False
37,Cingulate Mid L,6,not_robust,HSD3B7,0.5471574050295076,0.3309276401996612,0.003865520217281052,55,False
37,Cingulate Mid L,6,not_robust,PARP9,0.442412320297498,0.4089574217796325,0.0038624950185876103,56,False
37,Cingulate Mid L,6,not_robust,LZTS3,0.4998306412336172,0.3598359227180481,0.003839635681106389,57,False
37,Cingulate Mid L,6,not_robust,NRIP1,0.5511143176140058,0.3074838519096374,0.0036176507059958248,58,False
37,Cingulate Mid L,6,not_robust,FAM171A1,0.525036928229368,0.316009521484375,0.0035420333346340544,59,False
37,Cingulate Mid L,6,not_robust,NCKIPSD,0.4726466135222353,0.3463244140148163,0.0034944777859431475,60,False
37,Cingulate Mid L,6,not_robust,VPS13C,0.5163046973548852,0.2877374291419983,0.003171502519199285,61,False
37,Cingulate Mid L,6,not_robust,TMED5,0.4900774353065267,0.3018712401390075,0.0031582686620898063,62,False
37,Cingulate Mid L,6,not_robust,MYLK2,0.4984415147110538,0.2965930700302124,0.003156006085623002,63,False
37,Cingulate Mid L,6,not_robust,ZCWPW2,0.5073364948699918,0.2858431041240692,0.003095896612483419,64,False
37,Cingulate Mid L,6,not_robust,ERCC8,0.4605731562882013,0.3066307008266449,0.0030149275708093557,65,False
37,Cingulate Mid L,6,not_robust,DGKQ,0.4876097666702234,0.2635650038719177,0.0027436124531356474,66,False
37,Cingulate Mid L,6,not_robust,MIPOL1,0.546330861726346,0.2262192219495773,0.0026384438968594937,67,False
37,Cingulate Mid L,6,not_robust,BCL2L1,0.479232538407701,0.2567904889583587,0.002627168070911696,68,False
37,Cingulate Mid L,6,not_robust,C2CD4A,0.5349493267953954,0.2195565849542617,0.0025073891241886564,69,False
37,Cingulate Mid L,6,not_robust,P2RY12,0.3840959893174241,0.3019077479839325,0.0024755782387114946,70,False
37,Cingulate Mid L,6,not_robust,MICU3,0.490345778047637,0.2358701527118683,0.0024690964438453056,71,False
37,Cingulate Mid L,6,not_robust,PDLIM2,0.5702232446555082,0.1904719173908233,0.0023186676140592565,72,False
37,Cingulate Mid L,6,not_robust,DCUN1D1,0.6308213504445725,0.163753792643547,0.0022052629271046547,73,False
37,Cingulate Mid L,6,not_robust,MCMBP,0.5240908604160938,0.1930699795484542,0.0021601502621725276,74,False
37,Cingulate Mid L,6,not_robust,MED13,0.5147488605374467,0.1776958703994751,0.001952699227289201,75,False
37,Cingulate Mid L,6,not_robust,STBD1,0.5904246280819472,0.1455356031656265,0.0018344097087859155,76,False
37,Cingulate Mid L,6,not_robust,CYLD,0.507009238893994,0.169330820441246,0.0018327976162113783,77,False
37,Cingulate Mid L,6,not_robust,INTS2,0.4719366115246817,0.1789993643760681,0.0018034237478256705,78,False
37,Cingulate Mid L,6,not_robust,WNT3,0.5468920886391068,0.1518237739801406,0.0017725726705829683,79,False
37,Cingulate Mid L,6,not_robust,SLC45A3,0.5420847930084708,0.1365202218294143,0.0015798899446674095,80,False
37,Cingulate Mid L,6,not_robust,CTF1,0.5458786082291062,0.1332284361124038,0.0015525858760349145,81,False
37,Cingulate Mid L,6,not_robust,RORA,0.430377396874637,0.1622077226638794,0.001490333991180672,82,False
37,Cingulate Mid L,6,not_robust,LRRK2,0.4826835696706903,0.1440357118844986,0.001484209902201502,83,False
37,Cingulate Mid L,6,not_robust,SNX20,0.5264799943875088,0.1277837306261062,0.0014362169957832043,84,False
37,Cingulate Mid L,6,not_robust,NDUFAF2,0.4379409611508613,0.1519088149070739,0.0014202381301633088,85,False
37,Cingulate Mid L,6,not_robust,AMPD3,0.4533910088637418,0.145731434226036,0.0014105509180723844,86,False
37,Cingulate Mid L,6,not_robust,DDRGK1,0.3798781290891251,0.1576443612575531,0.0012784547381071165,87,False
37,Cingulate Mid L,6,not_robust,NEK1,0.42726470650849,0.1384527385234832,0.001262877413102262,88,False
37,Cingulate Mid L,6,not_robust,YARS2,0.4718822476057391,0.1202353090047836,0.0012112346565375815,89,False
37,Cingulate Mid L,6,not_robust,MTF2,0.4297124685208053,0.1314258724451065,0.0012056505523678706,90,False
37,Cingulate Mid L,6,not_robust,NUCKS1,0.5278961634697718,0.1008259132504463,0.0011362745919034638,91,False
37,Cingulate Mid L,6,not_robust,CNOT7,0.545217694246468,0.0932418778538703,0.001085284445524989,92,False
37,Cingulate Mid L,6,not_robust,DTX3L,0.3858419842459581,0.1236892640590667,0.0010188356039370502,93,False
37,Cingulate Mid L,6,not_robust,COX4I2,0.5247526803791979,0.0888595879077911,0.0009954548935053652,94,False
37,Cingulate Mid L,6,not_robust,IP6K2,0.4824020716182449,0.0962643772363662,0.0009913737041015148,95,False
37,Cingulate Mid L,6,not_robust,UBOX5,0.5218007762658926,0.0885050073266029,0.000985905271320165,96,False
37,Cingulate Mid L,6,not_robust,CMC1,0.5044179648186348,0.0913318544626236,0.0009835024518148716,97,False
37,Cingulate Mid L,6,not_robust,FASTKD5,0.5140613182966732,0.0885050073266029,0.000971282118660986,98,False
37,Cingulate Mid L,6,not_robust,DR1,0.5282871837160718,0.0850554704666137,0.0009592569432357148,99,False
37,Cingulate Mid L,6,not_robust,DPM3,0.4686649748233646,0.0954490676522255,0.0009549855806053485,100,False
37,Cingulate Mid L,6,not_robust,P4HTM,0.4985887568898983,0.0821254402399063,0.0008741436700937348,101,False
37,Cingulate Mid L,6,not_robust,FOXS1,0.5671210158977732,0.0717954486608505,0.000869231148288449,102,False
37,Cingulate Mid L,6,not_robust,MTMR7,0.5329160109517118,0.0743675380945205,0.0008460670823484049,103,False
37,Cingulate Mid L,6,not_robust,ANK2,0.5891408797873544,0.0663385838270187,0.0008343494433065709,104,False
37,Cingulate Mid L,6,not_robust,CERS6,0.5018215105007949,0.0747304856777191,0.0008005891564964637,105,False
37,Cingulate Mid L,6,not_robust,B3GALT1,0.5321930749545954,0.0701578333973884,0.00079709119779279,106,False
37,Cingulate Mid L,6,not_robust,FAM171A2,0.5003736651350644,0.0734663009643554,0.0007847751517871286,107,False
37,Cingulate Mid L,6,not_robust,METTL13,0.5033374450032752,0.0712111964821815,0.0007651915200774387,108,False
37,Cingulate Mid L,6,not_robust,RPP38,0.503257362385431,0.0709610506892204,0.0007623822911432148,109,False
37,Cingulate Mid L,6,not_robust,ACBD7,0.4855615313057626,0.0733931586146354,0.0007607859378105291,110,False
37,Cingulate Mid L,6,not_robust,ARL17A,0.4545100025610568,0.0748985931277275,0.0007267411150315303,111,False
37,Cingulate Mid L,6,not_robust,ZDHHC2,0.5849883586586176,0.0558798909187316,0.0006978553282474805,112,False
37,Cingulate Mid L,6,not_robust,DCAF16,0.4303108509043727,0.0746670886874198,0.0006859210662697879,113,False
37,Cingulate Mid L,6,not_robust,NOL4,0.5303314258176935,0.0601187869906425,0.000680644277542175,114,False
37,Cingulate Mid L,6,not_robust,WDR6,0.5487837220035429,0.0575480684638023,0.000674209081187918,115,False
37,Cingulate Mid L,6,not_robust,VPS37A,0.3724983021826559,0.0843638330698013,0.0006708775000702682,116,False
37,Cingulate Mid L,6,not_robust,CCDC90B,0.5545142230460269,0.0561612658202648,0.0006648324414800746,117,False
37,Cingulate Mid L,6,not_robust,TPX2,0.494865005125958,0.0610919557511806,0.0006454065926520488,118,False
37,Cingulate Mid L,6,not_robust,PRSS3,0.5539383386721041,0.0544609166681766,0.0006440342984209004,119,False
37,Cingulate Mid L,6,not_robust,BIN3,0.4188282603851753,0.0713214352726936,0.0006377033195924309,120,False
37,Cingulate Mid L,6,not_robust,NTPCR,0.5027119751665808,0.0572280026972293,0.0006141726108954896,121,False
37,Cingulate Mid L,6,not_robust,CNTLN,0.4824810412804623,0.0592545457184314,0.0006103297658879504,122,False
37,Cingulate Mid L,6,not_robust,ARIH2,0.4388759805462556,0.0570767857134342,0.0005347661953334479,123,False
45,Amygdala L,7,not_robust,GPNMB,0.6903653132130457,0.8844435214996338,0.013035019735787239,1,True
45,Amygdala L,7,not_robust,FCGR2A,0.5902724728720143,0.8712173104286194,0.01097846576471192,2,True
45,Amygdala L,7,not_robust,SH3GL2,0.5700910919144392,0.8994671702384949,0.01094692636850066,3,True
45,Amygdala L,7,not_robust,FYN,0.6541243612009408,0.7615038752555847,0.010633961089049314,4,True
45,Amygdala L,7,not_robust,ASXL3,0.6930872465252657,0.7160765528678894,0.010595220183480584,5,True
45,Amygdala L,7,not_robust,DYRK1A,0.6526351488631648,0.7525694370269775,0.010485271063007683,6,True
45,Amygdala L,7,not_robust,SLC2A13,0.6933443602179918,0.700274646282196,0.010365255590020722,7,True
45,Amygdala L,7,not_robust,CNTN1,0.6255731455033537,0.7606772780418396,0.01015877090207339,8,True
45,Amygdala L,7,not_robust,SLC18B1,0.658336216956903,0.702358067035675,0.00987117719537048,9,True
45,Amygdala L,7,not_robust,FBRSL1,0.6790772498605211,0.6778879165649414,0.00982742412058678,10,True
45,Amygdala L,7,not_robust,TMEM175,0.5774708066727083,0.7957037091255188,0.009809436085486222,11,True
45,Amygdala L,7,not_robust,CCSER1,0.5248392993719365,0.8328624963760376,0.009331732454021364,12,True
45,Amygdala L,7,not_robust,CLCN3,0.5384851424105601,0.8020431399345398,0.009220067042195775,13,True
45,Amygdala L,7,not_robust,CAMK2D,0.7068081640192966,0.6061360836029053,0.0091460657931658,14,True
45,Amygdala L,7,not_robust,CTSB,0.4923179829121477,0.8426995277404785,0.00885688642337728,15,True
45,Amygdala L,7,not_robust,ALG10,0.5893879130394524,0.7019623517990112,0.008832378481823822,16,True
45,Amygdala L,7,not_robust,SIPA1L2,0.4644106013101644,0.8528462648391724,0.008455426178142503,17,True
45,Amygdala L,7,not_robust,PKP2,0.5547624501192536,0.7130399346351624,0.008444686601368712,18,True
45,Amygdala L,7,not_robust,ITPKB,0.437320563326138,0.9014809131622314,0.008416258386604276,19,True
45,Amygdala L,7,not_robust,GALC,0.5204180781033035,0.730959951877594,0.008120982661676173,20,True
45,Amygdala L,7,not_robust,DLG2,0.624217956546282,0.607625424861908,0.008097199149340373,21,False
45,Amygdala L,7,not_robust,USP25,0.6567693534420255,0.5770121216773987,0.008090222045308817,22,False
45,Amygdala L,7,not_robust,IRS2,0.4888738630263273,0.7469207048416138,0.007795319908931007,23,False
45,Amygdala L,7,not_robust,RIT2,0.4254567879049636,0.8445248007774353,0.007670620383975396,24,False
45,Amygdala L,7,not_robust,SEC23IP,0.5262878590523979,0.6697301864624023,0.007524642149744723,25,False
45,Amygdala L,7,not_robust,RIMS1,0.5169147735054439,0.67091304063797,0.007403682793612645,26,False
45,Amygdala L,7,not_robust,RNF141,0.4563500044308116,0.7541582584381104,0.007347222223609762,27,False
45,Amygdala L,7,not_robust,HIP1R,0.3900852060415304,0.8798125386238098,0.007326764837470092,28,False
45,Amygdala L,7,not_robust,ITGA2B,0.5968611746011641,0.5718092322349548,0.007285965622038506,29,False
45,Amygdala L,7,not_robust,AZI2,0.6306406713519486,0.5317397713661194,0.007158857963567578,30,False
45,Amygdala L,7,not_robust,TOX3,0.4569724054016884,0.7276461720466614,0.007098602375891455,31,False
45,Amygdala L,7,not_robust,NSF,0.6109261702217387,0.5286843180656433,0.006895214536645746,32,False
45,Amygdala L,7,not_robust,MCCC1,0.4931425267928548,0.6534242630004883,0.00687907965376712,33,False
45,Amygdala L,7,not_robust,SNCA,0.743179643153613,0.4322746694087982,0.006858295886879272,34,False
45,Amygdala L,7,not_robust,UBAP2,0.562371204844267,0.5707280039787292,0.006851961016658776,35,False
45,Amygdala L,7,not_robust,MAP4K4,0.4192232699732265,0.7526438236236572,0.006735929121523523,36,False
45,Amygdala L,7,not_robust,C8orf58,0.5706799328067118,0.5322436690330505,0.006484339291677703,37,False
45,Amygdala L,7,not_robust,FAM47E,0.425999813515569,0.6943575739860535,0.006314736186071598,38,False
45,Amygdala L,7,not_robust,SV2C,0.5136536669702947,0.5758057832717896,0.006314064890010146,39,False
45,Amygdala L,7,not_robust,TMEM163,0.3411249779344855,0.8511537313461304,0.006198465001720169,40,False
45,Amygdala L,7,not_robust,FASN,0.5164984864039647,0.5596649646759033,0.006171060430451146,41,False
45,Amygdala L,7,not_robust,STK39,0.3423315812926228,0.8421160578727722,0.006154340778904278,42,False
45,Amygdala L,7,not_robust,SPPL2B,0.4145163699254389,0.6948310136795044,0.006148702867653157,43,False
45,Amygdala L,7,not_robust,PIK3CA,0.5121675981386161,0.5610139966011047,0.0061340656773035875,44,False
45,Amygdala L,7,not_robust,SLC50A1,0.4623821818449798,0.6150293350219727,0.00607099040075059,45,False
45,Amygdala L,7,not_robust,MED12L,0.5024877081348776,0.5456203818321228,0.00585300173840716,46,False
45,Amygdala L,7,not_robust,ITGA8,0.4703584040335671,0.5747663378715515,0.0057714223717571615,47,False
45,Amygdala L,7,not_robust,KPNA1,0.6274139226684621,0.3957322239875793,0.005300516526231606,48,False
45,Amygdala L,7,not_robust,VAMP4,0.4162813805106499,0.5934772491455078,0.005274164686541926,49,False
45,Amygdala L,7,not_robust,ELOVL7,0.3886250430889081,0.6225336194038391,0.005164832228985683,50,False
45,Amygdala L,7,not_robust,ITPA,0.4670312611885407,0.4807567894458771,0.0047932932889357275,51,False
45,Amygdala L,7,not_robust,LZTS3,0.6231727461414749,0.3598359227180481,0.004787134109410279,52,False
45,Amygdala L,7,not_robust,PARP9,0.5378862960925097,0.4089574217796325,0.004696033640805479,53,False
45,Amygdala L,7,not_robust,NRIP1,0.7056865850482106,0.3074838519096374,0.004632301304861913,54,False
45,Amygdala L,7,not_robust,P2RY12,0.695848952832377,0.3019077479839325,0.00448489068611024,55,False
45,Amygdala L,7,not_robust,NCKIPSD,0.559928198872849,0.3463244140148163,0.004139787732959772,56,False
45,Amygdala L,7,not_robust,ZCWPW2,0.6675348990068054,0.2858431041240692,0.004073468109324984,57,False
45,Amygdala L,7,not_robust,KTN1,0.3671782546106722,0.4827914834022522,0.003784418692250464,58,False
45,Amygdala L,7,not_robust,ERCC8,0.547950276989813,0.3066307008266449,0.0035869011794848527,59,False
45,Amygdala L,7,not_robust,CD38,0.509103641350198,0.321556955575943,0.003494835487279303,60,False
45,Amygdala L,7,not_robust,FAM171A1,0.4995299257103606,0.316009521484375,0.00336995657520762,61,False
45,Amygdala L,7,not_robust,TMED5,0.521737179038716,0.3018712401390075,0.0033622975956329863,62,False
45,Amygdala L,7,not_robust,CCAR2,0.3802265214336843,0.3965764939785003,0.0032190817117313305,63,False
45,Amygdala L,7,not_robust,HSD3B7,0.4229226561328333,0.3309276401996612,0.0029878350591627384,64,False
45,Amygdala L,7,not_robust,MICU3,0.5918657449753271,0.2358701527118683,0.002980292013466588,65,False
45,Amygdala L,7,not_robust,VPS13C,0.46560580910107,0.2877374291419983,0.002860074688615252,66,False
45,Amygdala L,7,not_robust,MCMBP,0.6308611857695469,0.1930699795484542,0.002600226523226565,67,False
45,Amygdala L,7,not_robust,MIPOL1,0.5359204578017336,0.2262192219495773,0.0025881680134654233,68,False
45,Amygdala L,7,not_robust,MED13,0.6536369129156647,0.1776958703994751,0.002479570898798066,69,False
45,Amygdala L,7,not_robust,C2CD4A,0.5228532331117648,0.2195565849542617,0.0024506928873147984,70,False
45,Amygdala L,7,not_robust,DGKQ,0.4353855185839636,0.2635650038719177,0.0024497645706710374,71,False
45,Amygdala L,7,not_robust,BCL2L1,0.44317127006919,0.2567904889583587,0.002429479046935371,72,False
45,Amygdala L,7,not_robust,MYLK2,0.3568805739131564,0.2965930700302124,0.0022596778756750965,73,False
45,Amygdala L,7,not_robust,MTF2,0.7027391045485073,0.1314258724451065,0.001971685374841268,74,False
45,Amygdala L,7,not_robust,INTS2,0.4992521976770446,0.1789993643760681,0.0019078055134060105,75,False
45,Amygdala L,7,not_robust,DCUN1D1,0.5123337393154165,0.163753792643547,0.0017910468642523567,76,False
45,Amygdala L,7,not_robust,NDUFAF2,0.5377924198071187,0.1519088149070739,0.0017440554058147418,77,False
45,Amygdala L,7,not_robust,DDRGK1,0.4911958941868112,0.1576443612575531,0.001653087319787655,78,False
45,Amygdala L,7,not_robust,NEK1,0.5429350718639873,0.1384527385234832,0.0016047673224431384,79,False
45,Amygdala L,7,not_robust,CYLD,0.4135195905176398,0.169330820441246,0.0014948400573739794,80,False
45,Amygdala L,7,not_robust,LRRK2,0.4726102620601069,0.1440357118844986,0.001453235359368503,81,False
45,Amygdala L,7,not_robust,PDLIM2,0.3471332630666239,0.1904719173908233,0.0014115290149589626,82,False
45,Amygdala L,7,not_robust,CTF1,0.463085183252795,0.1332284361124038,0.0013171051293835877,83,False
45,Amygdala L,7,not_robust,CNOT7,0.636089142215047,0.0932418778538703,0.0012661688336572088,84,False
45,Amygdala L,7,not_robust,NUCKS1,0.5854647282921623,0.1008259132504463,0.0012601885394307138,85,False
45,Amygdala L,7,not_robust,RORA,0.3616167955601969,0.1622077226638794,0.001252226083708983,86,False
45,Amygdala L,7,not_robust,SNX20,0.4535909081499238,0.1277837306261062,0.0012373783968288145,87,False
45,Amygdala L,7,not_robust,STBD1,0.3964075669534192,0.1455356031656265,0.0012316117161607087,88,False
45,Amygdala L,7,not_robust,WNT3,0.3767443199378911,0.1518237739801406,0.0012210940680839808,89,False
45,Amygdala L,7,not_robust,YARS2,0.4713463638536436,0.1202353090047836,0.0012098591418287599,90,False
45,Amygdala L,7,not_robust,SLC45A3,0.3954965353179148,0.1365202218294143,0.0011526628441868292,91,False
45,Amygdala L,7,not_robust,DTX3L,0.4347265531632922,0.1236892640590667,0.0011479178223831009,92,False
45,Amygdala L,7,not_robust,AMPD3,0.3521941294946499,0.145731434226036,0.001095715933898643,93,False
45,Amygdala L,7,not_robust,CERS6,0.6660732131625828,0.0747304856777191,0.0010626307974693258,94,False
45,Amygdala L,7,not_robust,DPM3,0.5083093008207411,0.0954490676522255,0.001035767720756917,95,False
45,Amygdala L,7,not_robust,IP6K2,0.5036567790255344,0.0962643772363662,0.0010350537777406546,96,False
45,Amygdala L,7,not_robust,UBOX5,0.5452346586920018,0.0885050073266029,0.0010301819172399578,97,False
45,Amygdala L,7,not_robust,NOL4,0.7502783553636119,0.0601187869906425,0.0009629311865775524,98,False
45,Amygdala L,7,not_robust,ACBD7,0.612103807331937,0.0733931586146354,0.0009590544947951822,99,False
45,Amygdala L,7,not_robust,DR1,0.509532423698511,0.0850554704666137,0.0009252022958391696,100,False
45,Amygdala L,7,not_robust,CMC1,0.4591332246444405,0.0913318544626236,0.0008952073154449107,101,False
45,Amygdala L,7,not_robust,FAM171A2,0.5559681345538698,0.0734663009643554,0.0008719683060569304,102,False
45,Amygdala L,7,not_robust,VPS37A,0.4799787718175997,0.0843638330698013,0.0008644521508876347,103,False
45,Amygdala L,7,not_robust,FASTKD5,0.4555121553876421,0.0885050073266029,0.0008606576601147942,104,False
45,Amygdala L,7,not_robust,DCAF16,0.5383939382716603,0.0746670886874198,0.00085820690655685,105,False
45,Amygdala L,7,not_robust,COX4I2,0.4418685692773054,0.0888595879077911,0.0008382238834024735,106,False
45,Amygdala L,7,not_robust,WDR6,0.6752555472346484,0.0575480684638023,0.0008295862355501462,107,False
45,Amygdala L,7,not_robust,FOXS1,0.5305871021310291,0.0717954486608505,0.0008132353115539091,108,False
45,Amygdala L,7,not_robust,CCDC90B,0.6735090031180483,0.0561612658202648,0.0008075007209772083,109,False
45,Amygdala L,7,not_robust,ARL17A,0.5029054050613386,0.0748985931277275,0.0008041231937036708,110,False
45,Amygdala L,7,not_robust,MTMR7,0.4994286485748151,0.0743675380945205,0.0007929019411263072,111,False
45,Amygdala L,7,not_robust,B3GALT1,0.5120496276517057,0.0701578333973884,0.0007669213866961196,112,False
45,Amygdala L,7,not_robust,BIN3,0.4903670895988591,0.0713214352726936,0.0007466275570050812,113,False
45,Amygdala L,7,not_robust,RPP38,0.4793216880256912,0.0709610506892204,0.0007261222468351883,114,False
45,Amygdala L,7,not_robust,ANK2,0.4982215205528607,0.0663385838270187,0.0007055881921938141,115,False
45,Amygdala L,7,not_robust,TPX2,0.540901954287913,0.0610919557511806,0.000705448321582043,116,False
45,Amygdala L,7,not_robust,P4HTM,0.3935869588741977,0.0821254402399063,0.000690050756213299,117,False
45,Amygdala L,7,not_robust,PRSS3,0.5763064597528682,0.0544609166681766,0.0006700405091514616,118,False
45,Amygdala L,7,not_robust,ZDHHC2,0.5311333760865095,0.0558798909187316,0.0006336096283385132,119,False
45,Amygdala L,7,not_robust,METTL13,0.4088279486838463,0.0712111964821815,0.0006215148159730058,120,False
45,Amygdala L,7,not_robust,CNTLN,0.4005007925678871,0.0592545457184314,0.0005066262382397065,121,False
45,Amygdala L,7,not_robust,ARIH2,0.3802422367725142,0.0570767857134342,0.000463321537922457,122,False
45,Amygdala L,7,not_robust,NTPCR,0.3532601249648778,0.0572280026972293,0.0004315844936915462,123,False
128,Thal VL R,8,not_robust,ITPKB,0.6213510697959328,0.9014809131622314,0.01195793564432876,1,True
128,Thal VL R,8,not_robust,RIT2,0.6440488916129287,0.8445248007774353,0.011611648225451325,2,True
128,Thal VL R,8,not_robust,SIPA1L2,0.6067414975056187,0.8528462648391724,0.011046814880843048,3,True
128,Thal VL R,8,not_robust,SLC2A13,0.7132189097879287,0.700274646282196,0.010662373152157036,4,True
128,Thal VL R,8,not_robust,STK39,0.5916301860830024,0.8421160578727722,0.010636160901348349,5,True
128,Thal VL R,8,not_robust,FCGR2A,0.5653032872087507,0.8712173104286194,0.010514064386407578,6,True
128,Thal VL R,8,not_robust,CTSB,0.5812748983052514,0.8426995277404785,0.0104572368545158,7,True
128,Thal VL R,8,not_robust,TMEM175,0.6152105298213437,0.7957037091255188,0.010450516808239198,8,True
128,Thal VL R,8,not_robust,RNF141,0.6444874441656139,0.7541582584381104,0.010376229706663603,9,True
128,Thal VL R,8,not_robust,HIP1R,0.5461530598560446,0.8798125386238098,0.010258105082826294,10,True
128,Thal VL R,8,not_robust,SH3GL2,0.5180327083174647,0.8994671702384949,0.009947297887751182,11,True
128,Thal VL R,8,not_robust,CNTN1,0.6039155570345368,0.7606772780418396,0.009807070255829907,12,True
128,Thal VL R,8,not_robust,FAM47E,0.6547800372624687,0.6943575739860535,0.009706021139062089,13,True
128,Thal VL R,8,not_robust,ALG10,0.6434158411813845,0.7019623517990112,0.009642023707626717,14,True
128,Thal VL R,8,not_robust,GALC,0.6149069534972003,0.730959951877594,0.009595455880576916,15,True
128,Thal VL R,8,not_robust,CLCN3,0.5538578146532267,0.8020431399345398,0.009483281488671667,16,True
128,Thal VL R,8,not_robust,TMEM163,0.5184049261117868,0.8511537313461304,0.009419758150458193,17,True
128,Thal VL R,8,not_robust,TOX3,0.5818191453945495,0.7276461720466614,0.009037969730812166,18,True
128,Thal VL R,8,not_robust,CAMK2D,0.693022508367443,0.6061360836029053,0.008967680030221586,19,True
128,Thal VL R,8,not_robust,SLC18B1,0.5920745134158535,0.702358067035675,0.008877640762050382,20,True
128,Thal VL R,8,not_robust,MAP4K4,0.5447144446064799,0.7526438236236572,0.008752276300343797,21,False
128,Thal VL R,8,not_robust,ASXL3,0.5713278251503622,0.7160765528678894,0.008733884708981607,22,False
128,Thal VL R,8,not_robust,SLC50A1,0.6581664580280976,0.6150293350219727,0.008641600835138192,23,False
128,Thal VL R,8,not_robust,DYRK1A,0.5350090113905868,0.7525694370269775,0.008595483273240364,24,False
128,Thal VL R,8,not_robust,SEC23IP,0.5752692642311015,0.6697301864624023,0.00822495765127466,25,False
128,Thal VL R,8,not_robust,FYN,0.5002164707870671,0.7615038752555847,0.008131913137565002,26,False
128,Thal VL R,8,not_robust,SPPL2B,0.5262529127399634,0.6948310136795044,0.007806139946311588,27,False
128,Thal VL R,8,not_robust,C8orf58,0.6567693690447376,0.5322436690330505,0.007462528784430877,28,False
128,Thal VL R,8,not_robust,IRS2,0.4634437466162784,0.7469207048416138,0.007389824938284537,29,False
128,Thal VL R,8,not_robust,ELOVL7,0.5545720157811838,0.6225336194038391,0.007370269804627434,30,False
128,Thal VL R,8,not_robust,UBAP2,0.5762912341827526,0.5707280039787292,0.007021563403047784,31,False
128,Thal VL R,8,not_robust,RIMS1,0.4666153979417301,0.67091304063797,0.006683253352478465,32,False
128,Thal VL R,8,not_robust,AZI2,0.5852775935985295,0.5317397713661194,0.006643908888477298,33,False
128,Thal VL R,8,not_robust,FASN,0.5544469395046974,0.5596649646759033,0.0066244638836872195,34,False
128,Thal VL R,8,not_robust,KTN1,0.6409605754754849,0.4827914834022522,0.006606227771840757,35,False
128,Thal VL R,8,not_robust,VAMP4,0.5172259262944284,0.5934772491455078,0.006553102884591355,36,False
128,Thal VL R,8,not_robust,GPNMB,0.3467638047919439,0.8844435214996338,0.006547364058722306,37,False
128,Thal VL R,8,not_robust,MED12L,0.5595988275793287,0.5456203818321228,0.006518234889346298,38,False
128,Thal VL R,8,not_robust,PIK3CA,0.5358753791094782,0.5610139966011047,0.006418006102404509,39,False
128,Thal VL R,8,not_robust,SV2C,0.5102225818142214,0.5758057832717896,0.00627188842810269,40,False
128,Thal VL R,8,not_robust,NSF,0.5373557965298389,0.5286843180656433,0.006064862957562588,41,False
128,Thal VL R,8,not_robust,ITGA8,0.4825105370393583,0.5747663378715515,0.005920532266877026,42,False
128,Thal VL R,8,not_robust,MCCC1,0.413414301200768,0.6534242630004883,0.005766912714792377,43,False
128,Thal VL R,8,not_robust,CCSER1,0.3215947703447226,0.8328624963760376,0.005718009987172585,44,False
128,Thal VL R,8,not_robust,ITGA2B,0.447096448429482,0.5718092322349548,0.005457767218934069,45,False
128,Thal VL R,8,not_robust,ITPA,0.4974546130005419,0.4807567894458771,0.005105538014687661,46,False
128,Thal VL R,8,not_robust,DLG2,0.3867778930201461,0.607625424861908,0.0050171860541698195,47,False
128,Thal VL R,8,not_robust,NCKIPSD,0.6304753960593417,0.3463244140148163,0.0046613732185546075,48,False
128,Thal VL R,8,not_robust,CCAR2,0.5474000155043629,0.3965764939785003,0.004634409436425585,49,False
128,Thal VL R,8,not_robust,TMED5,0.7120862118048013,0.3018712401390075,0.0045889881994723965,50,False
128,Thal VL R,8,not_robust,SNCA,0.4906979727243844,0.4322746694087982,0.004528315487430588,51,False
128,Thal VL R,8,not_robust,FBRSL1,0.3114370016314934,0.6778879165649414,0.004507032892804462,52,False
128,Thal VL R,8,not_robust,CD38,0.6371866900023633,0.321556955575943,0.004374085108361068,53,False
128,Thal VL R,8,not_robust,USP25,0.3473823829069634,0.5770121216773987,0.0042791287346417035,54,False
128,Thal VL R,8,not_robust,ERCC8,0.6176440243674549,0.3066307008266449,0.00404311882398516,55,False
128,Thal VL R,8,not_robust,PARP9,0.4552911705233093,0.4089574217796325,0.003974934235490254,56,False
128,Thal VL R,8,not_robust,KPNA1,0.4484539390916535,0.3957322239875793,0.0037886272993419767,57,False
128,Thal VL R,8,not_robust,HSD3B7,0.5318252370132337,0.3309276401996612,0.003757202565181542,58,False
128,Thal VL R,8,not_robust,PKP2,0.2387081876855951,0.7130399346351624,0.003633655871539658,59,False
128,Thal VL R,8,not_robust,NRIP1,0.4919461663431613,0.3074838519096374,0.0032292563250547798,60,False
128,Thal VL R,8,not_robust,VPS13C,0.4892904761230266,0.2877374291419983,0.0030055623851467056,61,False
128,Thal VL R,8,not_robust,MYLK2,0.4723427684073037,0.2965930700302124,0.002990755399773701,62,False
128,Thal VL R,8,not_robust,BCL2L1,0.5454539109129456,0.2567904889583587,0.002990195748530951,63,False
128,Thal VL R,8,not_robust,DGKQ,0.4989201448410938,0.2635650038719177,0.0028072520611180296,64,False
128,Thal VL R,8,not_robust,FAM171A1,0.4104745590556892,0.316009521484375,0.0027691663062589526,65,False
128,Thal VL R,8,not_robust,C2CD4A,0.5797575959766662,0.2195565849542617,0.0027174123192674825,66,False
128,Thal VL R,8,not_robust,ZCWPW2,0.4360679805936565,0.2858431041240692,0.002660997971924606,67,False
128,Thal VL R,8,not_robust,PDLIM2,0.6437778399671676,0.1904719173908233,0.0026177586448316234,68,False
128,Thal VL R,8,not_robust,P2RY12,0.3807226952084037,0.3019077479839325,0.002453836659207098,69,False
128,Thal VL R,8,not_robust,INTS2,0.5788687643331378,0.1789993643760681,0.002212046387120117,70,False
128,Thal VL R,8,not_robust,MCMBP,0.5360492855291172,0.1930699795484542,0.0022094394161992917,71,False
128,Thal VL R,8,not_robust,WNT3,0.6782109866860141,0.1518237739801406,0.00219820012917037,72,False
128,Thal VL R,8,not_robust,LZTS3,0.2838582764209861,0.3598359227180481,0.0021805633280772823,73,False
128,Thal VL R,8,not_robust,MIPOL1,0.4508531770723875,0.2262192219495773,0.002177345079257471,74,False
128,Thal VL R,8,not_robust,RORA,0.6245728412311459,0.1622077226638794,0.0021628044177380477,75,False
128,Thal VL R,8,not_robust,STBD1,0.6934309489141388,0.1455356031656265,0.0021544434370786036,76,False
128,Thal VL R,8,not_robust,CYLD,0.585046398461194,0.169330820441246,0.0021148956709582173,77,False
128,Thal VL R,8,not_robust,AMPD3,0.6633602630459816,0.145731434226036,0.002063789113059929,78,False
128,Thal VL R,8,not_robust,MICU3,0.3877516233228985,0.2358701527118683,0.001952491888588877,79,False
128,Thal VL R,8,not_robust,DDRGK1,0.5767371170601596,0.1576443612575531,0.0019409706521293585,80,False
128,Thal VL R,8,not_robust,DCUN1D1,0.5548311904820449,0.163753792643547,0.0019396119904773299,81,False
128,Thal VL R,8,not_robust,SLC45A3,0.6473318570329221,0.1365202218294143,0.0018866293704963117,82,False
128,Thal VL R,8,not_robust,NEK1,0.6329184100921681,0.1384527385234832,0.001870733417168196,83,False
128,Thal VL R,8,not_robust,MED13,0.4381562750354521,0.1776958703994751,0.0016621453397688483,84,False
128,Thal VL R,8,not_robust,DTX3L,0.6234749835496667,0.1236892640590667,0.0016463177604838924,85,False
128,Thal VL R,8,not_robust,SNX20,0.5494449698699115,0.1277837306261062,0.0014988645577934997,86,False
128,Thal VL R,8,not_robust,NDUFAF2,0.4424738161260095,0.1519088149070739,0.0014349381332351575,87,False
128,Thal VL R,8,not_robust,IP6K2,0.6627893255884988,0.0962643772363662,0.0013620835137449353,88,False
128,Thal VL R,8,not_robust,LRRK2,0.4361971731814994,0.1440357118844986,0.0013412682851209905,89,False
128,Thal VL R,8,not_robust,CMC1,0.6855216071262884,0.0913318544626236,0.001336614134318533,90,False
128,Thal VL R,8,not_robust,COX4I2,0.701386374237347,0.0888595879077911,0.0013305286939516324,91,False
128,Thal VL R,8,not_robust,CNOT7,0.6067337579225742,0.0932418778538703,0.00120773540000084,92,False
128,Thal VL R,8,not_robust,YARS2,0.4665997677408615,0.1202353090047836,0.001197675505462783,93,False
128,Thal VL R,8,not_robust,VPS37A,0.6519115540782439,0.0843638330698013,0.0011741068109687065,94,False
128,Thal VL R,8,not_robust,FASTKD5,0.5972011495154653,0.0885050073266029,0.0011283688873734718,95,False
128,Thal VL R,8,not_robust,CTF1,0.3817678919233011,0.1332284361124038,0.0010858227964759745,96,False
128,Thal VL R,8,not_robust,DPM3,0.4941411553316976,0.0954490676522255,0.001006897684861756,97,False
128,Thal VL R,8,not_robust,P4HTM,0.5679534008412055,0.0821254402399063,0.0009957562487980128,98,False
128,Thal VL R,8,not_robust,MTMR7,0.624918414419362,0.0743675380945205,0.0009921317594668577,99,False
128,Thal VL R,8,not_robust,NUCKS1,0.4604792565800797,0.1008259132504463,0.0009911624966384162,100,False
128,Thal VL R,8,not_robust,DR1,0.5087604660530003,0.0850554704666137,0.0009238005852655168,101,False
128,Thal VL R,8,not_robust,METTL13,0.5701735284905447,0.0712111964821815,0.0008667981158659035,102,False
128,Thal VL R,8,not_robust,FOXS1,0.5564715062623053,0.0717954486608505,0.0008529085553503393,103,False
128,Thal VL R,8,not_robust,MTF2,0.2995463893875325,0.1314258724451065,0.0008404416820113614,104,False
128,Thal VL R,8,not_robust,ZDHHC2,0.7037107849813684,0.0558798909187316,0.0008394839206211453,105,False
128,Thal VL R,8,not_robust,CERS6,0.5213520025727989,0.0747304856777191,0.0008317474465392372,106,False
128,Thal VL R,8,not_robust,NTPCR,0.6145225869581472,0.0572280026972293,0.0007507737239823485,107,False
128,Thal VL R,8,not_robust,WDR6,0.6048076631157899,0.0575480684638023,0.0007430373797458885,108,False
128,Thal VL R,8,not_robust,ANK2,0.5113480332659011,0.0663385838270187,0.0007241781406262416,109,False
128,Thal VL R,8,not_robust,RPP38,0.4686798552638199,0.0709610506892204,0.0007100009827477596,110,False
128,Thal VL R,8,not_robust,CCDC90B,0.5622450301473338,0.0561612658202648,0.0006741012593862056,111,False
128,Thal VL R,8,not_robust,ARIH2,0.5361992246402989,0.0570767857134342,0.0006533536397793729,112,False
128,Thal VL R,8,not_robust,CNTLN,0.5128367200846393,0.0592545457184314,0.0006487291489782253,113,False
128,Thal VL R,8,not_robust,ACBD7,0.4074574103872543,0.0733931586146354,0.0006384110933287972,114,False
128,Thal VL R,8,not_robust,FAM171A2,0.4049188854198935,0.0734663009643554,0.000635065955521654,115,False
128,Thal VL R,8,not_robust,DCAF16,0.3950117898330722,0.0746670886874198,0.0006296539060123548,116,False
128,Thal VL R,8,not_robust,ARL17A,0.3859689276556824,0.0748985931277275,0.0006171470094639638,117,False
128,Thal VL R,8,not_robust,NOL4,0.4599394329125227,0.0601187869906425,0.0005903009472712586,118,False
128,Thal VL R,8,not_robust,TPX2,0.4473011462775821,0.0610919557511806,0.0005833734568377681,119,False
128,Thal VL R,8,not_robust,UBOX5,0.2730980401343532,0.0885050073266029,0.0005159992272960215,120,False
128,Thal VL R,8,not_robust,BIN3,0.3013886362581687,0.0713214352726936,0.0004588910348421006,121,False
128,Thal VL R,8,not_robust,B3GALT1,0.3047000349955091,0.0701578333973884,0.00045636391620239774,122,False
128,Thal VL R,8,not_robust,PRSS3,0.3432966018810988,0.0544609166681766,0.00039913248588783194,123,False
41,Hippocampus L,9,not_robust,SH3GL2,0.7078921831670177,0.8994671702384949,0.013592991919841388,1,True
41,Hippocampus L,9,not_robust,CCSER1,0.6792865959810211,0.8328624963760376,0.012077831787527036,2,True
41,Hippocampus L,9,not_robust,CNTN1,0.6698651480040937,0.7606772780418396,0.010878035003215446,3,True
41,Hippocampus L,9,not_robust,PKP2,0.7082381375960235,0.7130399346351624,0.010780919130070548,4,True
41,Hippocampus L,9,not_robust,FYN,0.6589353395522631,0.7615038752555847,0.010712172144351235,5,True
41,Hippocampus L,9,not_robust,IRS2,0.6624964812247357,0.7469207048416138,0.010563812877453426,6,True
41,Hippocampus L,9,not_robust,CTSB,0.5672597994502969,0.8426995277404785,0.010205102780443419,7,True
41,Hippocampus L,9,not_robust,CLCN3,0.5894054788511459,0.8020431399345398,0.010091936809468594,8,True
41,Hippocampus L,9,not_robust,DYRK1A,0.6060526195256128,0.7525694370269775,0.009736873665540593,9,True
41,Hippocampus L,9,not_robust,RIMS1,0.6792700707830219,0.67091304063797,0.00972907023176682,10,True
41,Hippocampus L,9,not_robust,TMEM175,0.5550341243100582,0.7957037091255188,0.009428306513110258,11,True
41,Hippocampus L,9,not_robust,SIPA1L2,0.5138955428127363,0.8528462648391724,0.009356388104128449,12,True
41,Hippocampus L,9,not_robust,GPNMB,0.493065157306094,0.8844435214996338,0.009309729115157003,13,True
41,Hippocampus L,9,not_robust,DLG2,0.7104059104466266,0.607625424861908,0.009215207722606263,14,True
41,Hippocampus L,9,not_robust,RIT2,0.4963228980527691,0.8445248007774353,0.00894827547019352,15,True
41,Hippocampus L,9,not_robust,USP25,0.7177514299372322,0.5770121216773987,0.00884141199813566,16,True
41,Hippocampus L,9,not_robust,STK39,0.4623682337348365,0.8421160578727722,0.008312325918045736,17,True
41,Hippocampus L,9,not_robust,FCGR2A,0.4465909484961423,0.8712173104286194,0.008306136003665868,18,True
41,Hippocampus L,9,not_robust,SEC23IP,0.5749178632835581,0.6697301864624023,0.008219933468527778,19,True
41,Hippocampus L,9,not_robust,FBRSL1,0.5627571116730157,0.6778879165649414,0.008144070228273835,20,True
41,Hippocampus L,9,not_robust,HIP1R,0.4288225776482081,0.8798125386238098,0.008054348472501874,21,False
41,Hippocampus L,9,not_robust,ITGA8,0.6556423506965255,0.5747663378715515,0.008044905540608428,22,False
41,Hippocampus L,9,not_robust,TMEM163,0.4416988422783812,0.8511537313461304,0.008025958203766245,23,False
41,Hippocampus L,9,not_robust,NSF,0.6737238938542736,0.5286843180656433,0.007603980665787269,24,False
41,Hippocampus L,9,not_robust,ASXL3,0.4956258110428429,0.7160765528678894,0.007576628516744227,25,False
41,Hippocampus L,9,not_robust,SLC18B1,0.4876573087282048,0.702358067035675,0.007311995878526492,26,False
41,Hippocampus L,9,not_robust,ITPKB,0.3712229129979964,0.9014809131622314,0.007144205456648193,27,False
41,Hippocampus L,9,not_robust,PIK3CA,0.5961215904150566,0.5610139966011047,0.007139555490339645,28,False
41,Hippocampus L,9,not_robust,SLC50A1,0.5375994215341775,0.6150293350219727,0.007058578500062712,29,False
41,Hippocampus L,9,not_robust,SLC2A13,0.4596221778308749,0.700274646282196,0.006871190740718092,30,False
41,Hippocampus L,9,not_robust,VAMP4,0.5378304938836893,0.5934772491455078,0.006814156796316734,31,False
41,Hippocampus L,9,not_robust,CAMK2D,0.5235822098081179,0.6061360836029053,0.006775130201955971,32,False
41,Hippocampus L,9,not_robust,FASN,0.5495000114072705,0.5596649646759033,0.006565358594827879,33,False
41,Hippocampus L,9,not_robust,ALG10,0.4337549094636679,0.7019623517990112,0.006500112140026013,34,False
41,Hippocampus L,9,not_robust,MED12L,0.5466314459346493,0.5456203818321228,0.006367190185007929,35,False
41,Hippocampus L,9,not_robust,MCCC1,0.4429880701731225,0.6534242630004883,0.006179451284008875,36,False
41,Hippocampus L,9,not_robust,SNCA,0.6650375785154606,0.4322746694087982,0.006137176295624105,37,False
41,Hippocampus L,9,not_robust,SPPL2B,0.4105279888650233,0.6948310136795044,0.006089541464527191,38,False
41,Hippocampus L,9,not_robust,TOX3,0.3895382410166473,0.7276461720466614,0.006051081094821692,39,False
41,Hippocampus L,9,not_robust,AZI2,0.519842688982561,0.5317397713661194,0.005901110002701211,40,False
41,Hippocampus L,9,not_robust,ITPA,0.5727593324840649,0.4807567894458771,0.005878414771603168,41,False
41,Hippocampus L,9,not_robust,FAM47E,0.3851145485585892,0.6943575739860535,0.00570868037592855,42,False
41,Hippocampus L,9,not_robust,RNF141,0.3458301465449128,0.7541582584381104,0.005567855623137691,43,False
41,Hippocampus L,9,not_robust,MAP4K4,0.3415836449074231,0.7526438236236572,0.005488443476229282,44,False
41,Hippocampus L,9,not_robust,KPNA1,0.6453827143803703,0.3957322239875793,0.005452320421529785,45,False
41,Hippocampus L,9,not_robust,CCAR2,0.636289408963273,0.3965764939785003,0.005386966674599131,46,False
41,Hippocampus L,9,not_robust,ITGA2B,0.4227729376320971,0.5718092322349548,0.0051608468109422935,47,False
41,Hippocampus L,9,not_robust,C8orf58,0.4458350146780531,0.5322436690330505,0.005065791413173386,48,False
41,Hippocampus L,9,not_robust,LZTS3,0.6499742596019261,0.3598359227180481,0.004993019941332102,49,False
41,Hippocampus L,9,not_robust,ELOVL7,0.3607335340001049,0.6225336194038391,0.004794153685184424,50,False
41,Hippocampus L,9,not_robust,GALC,0.3052372227205186,0.730959951877594,0.004763143898547411,51,False
41,Hippocampus L,9,not_robust,UBAP2,0.3634797160686113,0.5707280039787292,0.00442865641660656,52,False
41,Hippocampus L,9,not_robust,FAM171A1,0.6122130100141999,0.316009521484375,0.004130145467443435,53,False
41,Hippocampus L,9,not_robust,NCKIPSD,0.5431365138911086,0.3463244140148163,0.004015639651753883,54,False
41,Hippocampus L,9,not_robust,KTN1,0.3806954969214256,0.4827914834022522,0.00392373768466393,55,False
41,Hippocampus L,9,not_robust,ZCWPW2,0.6315419965549863,0.2858431041240692,0.0038538302439224815,56,False
41,Hippocampus L,9,not_robust,NRIP1,0.5762179413514543,0.3074838519096374,0.003782437101910948,57,False
41,Hippocampus L,9,not_robust,SV2C,0.3076848450076921,0.5758057832717896,0.003782202293055242,58,False
41,Hippocampus L,9,not_robust,MICU3,0.7432308776150882,0.2358701527118683,0.0037424788772162315,59,False
41,Hippocampus L,9,not_robust,ERCC8,0.5688162211980221,0.3066307008266449,0.003723490361084777,60,False
41,Hippocampus L,9,not_robust,DGKQ,0.6232677502375639,0.2635650038719177,0.0035069132697379225,61,False
41,Hippocampus L,9,not_robust,MIPOL1,0.6665561416542976,0.2262192219495773,0.003219058462677332,62,False
41,Hippocampus L,9,not_robust,P2RY12,0.4754771836552247,0.3019077479839325,0.003064548971085301,63,False
41,Hippocampus L,9,not_robust,MYLK2,0.4696467177345541,0.2965930700302124,0.0029736846862010603,64,False
41,Hippocampus L,9,not_robust,C2CD4A,0.5761740120039287,0.2195565849542617,0.002700615514357594,65,False
41,Hippocampus L,9,not_robust,PARP9,0.3040013469728041,0.4089574217796325,0.0026540935558412846,66,False
41,Hippocampus L,9,not_robust,HSD3B7,0.3739865920778464,0.3309276401996612,0.0026421149003566795,67,False
41,Hippocampus L,9,not_robust,TMED5,0.4035085826383386,0.3018712401390075,0.002600381938894724,68,False
41,Hippocampus L,9,not_robust,BCL2L1,0.4394679627815172,0.2567904889583587,0.002409177398188241,69,False
41,Hippocampus L,9,not_robust,CD38,0.3450612351830756,0.321556955575943,0.0023687362494677487,70,False
41,Hippocampus L,9,not_robust,MED13,0.5834437306105887,0.1776958703994751,0.0022132931401547895,71,False
41,Hippocampus L,9,not_robust,DCUN1D1,0.6030976596087646,0.163753792643547,0.0021083447940078103,72,False
41,Hippocampus L,9,not_robust,VPS13C,0.3335094286129707,0.2877374291419983,0.0020486468522205145,73,False
41,Hippocampus L,9,not_robust,NDUFAF2,0.5801226190447251,0.1519088149070739,0.0018813318159880956,74,False
41,Hippocampus L,9,not_robust,INTS2,0.4749320363226242,0.1789993643760681,0.001814870243146267,75,False
41,Hippocampus L,9,not_robust,MCMBP,0.4227252350837822,0.1930699795484542,0.001742350604374582,76,False
41,Hippocampus L,9,not_robust,WNT3,0.5337747624755175,0.1518237739801406,0.0017300571280258242,77,False
41,Hippocampus L,9,not_robust,DDRGK1,0.5045485014493652,0.1576443612575531,0.0016980246370841994,78,False
41,Hippocampus L,9,not_robust,CYLD,0.4600303972914526,0.169330820441246,0.0016629728826634512,79,False
41,Hippocampus L,9,not_robust,MTF2,0.5801539441124451,0.1314258724451065,0.0016277463988543831,80,False
41,Hippocampus L,9,not_robust,PDLIM2,0.3978911260244724,0.1904719173908233,0.0016179229389217122,81,False
41,Hippocampus L,9,not_robust,YARS2,0.5918742014988737,0.1202353090047836,0.00151923186092162,82,False
41,Hippocampus L,9,not_robust,LRRK2,0.4902102907509549,0.1440357118844986,0.0015073539134344907,83,False
41,Hippocampus L,9,not_robust,CTF1,0.5229627660901163,0.1332284361124038,0.0014874087243640268,84,False
41,Hippocampus L,9,not_robust,SNX20,0.4880146859819071,0.1277837306261062,0.001331285127014976,85,False
41,Hippocampus L,9,not_robust,NUCKS1,0.5727297350443236,0.1008259132504463,0.001232776994780589,86,False
41,Hippocampus L,9,not_robust,UBOX5,0.6321347877614522,0.0885050073266029,0.0011943734999759644,87,False
41,Hippocampus L,9,not_robust,STBD1,0.380729454821238,0.1455356031656265,0.0011829008735860392,88,False
41,Hippocampus L,9,not_robust,RORA,0.3286384749103624,0.1622077226638794,0.0011380269817268217,89,False
41,Hippocampus L,9,not_robust,DPM3,0.5568104151902651,0.0954490676522255,0.0011345970921722718,90,False
41,Hippocampus L,9,not_robust,NEK1,0.3680965158900025,0.1384527385234832,0.0010879924521682554,91,False
41,Hippocampus L,9,not_robust,CERS6,0.6781174689717981,0.0747304856777191,0.001081845798016641,92,False
41,Hippocampus L,9,not_robust,B3GALT1,0.7145225859449148,0.0701578333973884,0.0010701748870547117,93,False
41,Hippocampus L,9,not_robust,FAM171A2,0.6592336392472465,0.0734663009643554,0.001033927673159602,94,False
41,Hippocampus L,9,not_robust,DR1,0.5588658419557564,0.0850554704666137,0.0010147812700325852,95,False
41,Hippocampus L,9,not_robust,DTX3L,0.3815645764106972,0.1236892640590667,0.0010075408885533942,96,False
41,Hippocampus L,9,not_robust,SLC45A3,0.3419899415790566,0.1365202218294143,0.0009967194742349162,97,False
41,Hippocampus L,9,not_robust,CNOT7,0.4880030281498965,0.0932418778538703,0.0009713956487640293,98,False
41,Hippocampus L,9,not_robust,RPP38,0.6296990050084408,0.0709610506892204,0.0009539281609183183,99,False
41,Hippocampus L,9,not_robust,FOXS1,0.5982661500177157,0.0717954486608505,0.0009169675571602291,100,False
41,Hippocampus L,9,not_robust,AMPD3,0.293852583616369,0.145731434226036,0.0009142087590946911,101,False
41,Hippocampus L,9,not_robust,P4HTM,0.5039786987546641,0.0821254402399063,0.0008835935092610842,102,False
41,Hippocampus L,9,not_robust,ANK2,0.620118051367888,0.0663385838270187,0.0008782197411422246,103,False
41,Hippocampus L,9,not_robust,BIN3,0.5676151266871429,0.0713214352726936,0.0008642445717640532,104,False
41,Hippocampus L,9,not_robust,MTMR7,0.542465999625802,0.0743675380945205,0.0008612288168204434,105,False
41,Hippocampus L,9,not_robust,COX4I2,0.4353628107321465,0.0888595879077911,0.0008258824711107574,106,False
41,Hippocampus L,9,not_robust,FASTKD5,0.4255300429330131,0.0885050073266029,0.0008040086015873877,107,False
41,Hippocampus L,9,not_robust,NOL4,0.6253388958244585,0.0601187869906425,0.0008025798967338123,108,False
41,Hippocampus L,9,not_robust,VPS37A,0.4405246859787957,0.0843638330698013,0.0007933944888258206,109,False
41,Hippocampus L,9,not_robust,ARL17A,0.4702602293554863,0.0748985931277275,0.0007519250214760217,110,False
41,Hippocampus L,9,not_robust,CMC1,0.3669507188349204,0.0913318544626236,0.0007154720030622532,111,False
41,Hippocampus L,9,not_robust,TPX2,0.5408262904442692,0.0610919557511806,0.0007053496402386316,112,False
41,Hippocampus L,9,not_robust,METTL13,0.455477988174972,0.0712111964821815,0.0006924338683587364,113,False
41,Hippocampus L,9,not_robust,DCAF16,0.4299971369358555,0.0746670886874198,0.0006854210021432693,114,False
41,Hippocampus L,9,not_robust,PRSS3,0.5812913876031667,0.0544609166681766,0.0006758362165192562,115,False
41,Hippocampus L,9,not_robust,IP6K2,0.3280804531973597,0.0962643772363662,0.0006742307988821432,116,False
41,Hippocampus L,9,not_robust,ACBD7,0.4196686734088329,0.0733931586146354,0.0006575439047044016,117,False
41,Hippocampus L,9,not_robust,CCDC90B,0.5022923589206295,0.0561612658202648,0.0006022212622132681,118,False
41,Hippocampus L,9,not_robust,NTPCR,0.4796555551700988,0.0572280026972293,0.0005860041518838457,119,False
41,Hippocampus L,9,not_robust,CNTLN,0.4133136697801389,0.0592545457184314,0.0005228342955108293,120,False
41,Hippocampus L,9,not_robust,WDR6,0.3963094596757646,0.0575480684638023,0.00048688659295246465,121,False
41,Hippocampus L,9,not_robust,ARIH2,0.3560320279628969,0.0570767857134342,0.0004338216294580364,122,False
41,Hippocampus L,9,not_robust,ZDHHC2,0.2998513498247608,0.0558798909187316,0.00035770431848802396,123,False
11,Frontal Inf Orb 2 L,10,not_robust,RIT2,0.7283079469345747,0.8445248007774353,0.013130766607525653,1,True
11,Frontal Inf Orb 2 L,10,not_robust,SH3GL2,0.5663184141638963,0.8994671702384949,0.010874483164014539,2,True
11,Frontal Inf Orb 2 L,10,not_robust,FAM47E,0.7207527556272932,0.6943575739860535,0.010683956571741902,3,True
11,Frontal Inf Orb 2 L,10,not_robust,STK39,0.5917511987329284,0.8421160578727722,0.010638336432695442,4,True
11,Frontal Inf Orb 2 L,10,not_robust,GPNMB,0.5577270072798126,0.8844435214996338,0.010530631258454326,5,True
11,Frontal Inf Orb 2 L,10,not_robust,TMEM175,0.6082996640108107,0.7957037091255188,0.010333122654837055,6,True
11,Frontal Inf Orb 2 L,10,not_robust,CNTN1,0.6239015995768898,0.7606772780418396,0.010131626431053014,7,True
11,Frontal Inf Orb 2 L,10,not_robust,SIPA1L2,0.5523450210149897,0.8528462648391724,0.010056429669954214,8,True
11,Frontal Inf Orb 2 L,10,not_robust,DYRK1A,0.6197001987555267,0.7525694370269775,0.009956136400360785,9,True
11,Frontal Inf Orb 2 L,10,not_robust,CLCN3,0.5677357337862725,0.8020431399345398,0.009720902426995155,10,True
11,Frontal Inf Orb 2 L,10,not_robust,TOX3,0.6224018954805869,0.7276461720466614,0.009668381551691644,11,True
11,Frontal Inf Orb 2 L,10,not_robust,SLC2A13,0.6277389051159732,0.700274646282196,0.009384476991030965,12,True
11,Frontal Inf Orb 2 L,10,not_robust,ITPKB,0.4832750370237548,0.9014809131622314,0.009300654770158547,13,True
11,Frontal Inf Orb 2 L,10,not_robust,RNF141,0.5773540947650725,0.7541582584381104,0.009295384671335465,14,True
11,Frontal Inf Orb 2 L,10,not_robust,FCGR2A,0.4996330334394652,0.8712173104286194,0.0092926646669557,15,True
11,Frontal Inf Orb 2 L,10,not_robust,CCSER1,0.5208364053335189,0.8328624963760376,0.009260560313800518,16,True
11,Frontal Inf Orb 2 L,10,not_robust,ASXL3,0.5625177304129235,0.7160765528678894,0.008599204848619924,17,True
11,Frontal Inf Orb 2 L,10,not_robust,CTSB,0.4716469769099218,0.8426995277404785,0.008485011418252118,18,True
11,Frontal Inf Orb 2 L,10,not_robust,ALG10,0.5654321194715921,0.7019623517990112,0.008473384632539336,19,True
11,Frontal Inf Orb 2 L,10,not_robust,RIMS1,0.5866551910016073,0.67091304063797,0.0084025629872163,20,True
11,Frontal Inf Orb 2 L,10,not_robust,TMEM163,0.4570382476745321,0.8511537313461304,0.008304685279311852,21,False
11,Frontal Inf Orb 2 L,10,not_robust,MCCC1,0.56852546087008,0.6534242630004883,0.007930632054701571,22,False
11,Frontal Inf Orb 2 L,10,not_robust,IRS2,0.4973076327031809,0.7469207048416138,0.007929800268061548,23,False
11,Frontal Inf Orb 2 L,10,not_robust,SEC23IP,0.5383081711956692,0.6697301864624023,0.00769650351012116,24,False
11,Frontal Inf Orb 2 L,10,not_robust,VAMP4,0.598258630503795,0.5934772491455078,0.0075797638091606315,25,False
11,Frontal Inf Orb 2 L,10,not_robust,SLC18B1,0.4999349990165466,0.702358067035675,0.007496089132496803,26,False
11,Frontal Inf Orb 2 L,10,not_robust,HIP1R,0.3899655455314594,0.8798125386238098,0.007324517317174414,27,False
11,Frontal Inf Orb 2 L,10,not_robust,FBRSL1,0.5042154651151308,0.6778879165649414,0.007296871195233059,28,False
11,Frontal Inf Orb 2 L,10,not_robust,ITGA8,0.5857732984929518,0.5747663378715515,0.007187593738537603,29,False
11,Frontal Inf Orb 2 L,10,not_robust,PKP2,0.4707690730868044,0.7130399346351624,0.007166125398321964,30,False
11,Frontal Inf Orb 2 L,10,not_robust,MED12L,0.6064338533499833,0.5456203818321228,0.007063771591669782,31,False
11,Frontal Inf Orb 2 L,10,not_robust,DLG2,0.5335609944458386,0.607625424861908,0.006921219719874752,32,False
11,Frontal Inf Orb 2 L,10,not_robust,CAMK2D,0.5276948273364851,0.6061360836029053,0.006828347287455774,33,False
11,Frontal Inf Orb 2 L,10,not_robust,NSF,0.601746218312936,0.5286843180656433,0.0067916050647773025,34,False
11,Frontal Inf Orb 2 L,10,not_robust,PIK3CA,0.5637348689054966,0.5610139966011047,0.006751670201355756,35,False
11,Frontal Inf Orb 2 L,10,not_robust,FASN,0.5594926439442928,0.5596649646759033,0.0066847493401417536,36,False
11,Frontal Inf Orb 2 L,10,not_robust,USP25,0.5426602588881564,0.5770121216773987,0.006684602389806073,37,False
11,Frontal Inf Orb 2 L,10,not_robust,FYN,0.4013887050942618,0.7615038752555847,0.006525291098652528,38,False
11,Frontal Inf Orb 2 L,10,not_robust,ELOVL7,0.4825218520592431,0.6225336194038391,0.00641272212644129,39,False
11,Frontal Inf Orb 2 L,10,not_robust,GALC,0.4098186308205395,0.730959951877594,0.006395108347225465,40,False
11,Frontal Inf Orb 2 L,10,not_robust,MAP4K4,0.3975684263731844,0.7526438236236572,0.006387986862409719,41,False
11,Frontal Inf Orb 2 L,10,not_robust,ITPA,0.6144010773299325,0.4807567894458771,0.006305797503117349,42,False
11,Frontal Inf Orb 2 L,10,not_robust,ITGA2B,0.5069379113375514,0.5718092322349548,0.006188260104171635,43,False
11,Frontal Inf Orb 2 L,10,not_robust,SPPL2B,0.3953871846805358,0.6948310136795044,0.005864951284591767,44,False
11,Frontal Inf Orb 2 L,10,not_robust,AZI2,0.50613885953542,0.5317397713661194,0.005745547932213868,45,False
11,Frontal Inf Orb 2 L,10,not_robust,UBAP2,0.4605864671755448,0.5707280039787292,0.005611810296655149,46,False
11,Frontal Inf Orb 2 L,10,not_robust,KTN1,0.5428501723100361,0.4827914834022522,0.005595027247350978,47,False
11,Frontal Inf Orb 2 L,10,not_robust,C8orf58,0.4557768132391357,0.5322436690330505,0.005178754899943487,48,False
11,Frontal Inf Orb 2 L,10,not_robust,SLC50A1,0.3890436132725945,0.6150293350219727,0.005108068897090632,49,False
11,Frontal Inf Orb 2 L,10,not_robust,SNCA,0.5349706365933137,0.4322746694087982,0.0049368775777820124,50,False
11,Frontal Inf Orb 2 L,10,not_robust,SV2C,0.3947624945531128,0.5758057832717896,0.004852600432997159,51,False
11,Frontal Inf Orb 2 L,10,not_robust,KPNA1,0.5719744305047979,0.3957322239875793,0.004832152765399556,52,False
11,Frontal Inf Orb 2 L,10,not_robust,CCAR2,0.5186738671683279,0.3965764939785003,0.004391207519819828,53,False
11,Frontal Inf Orb 2 L,10,not_robust,NCKIPSD,0.54947997388819,0.3463244140148163,0.00406253955415798,54,False
11,Frontal Inf Orb 2 L,10,not_robust,CD38,0.5878814503921715,0.321556955575943,0.004035620231854759,55,False
11,Frontal Inf Orb 2 L,10,not_robust,LZTS3,0.5247381310721014,0.3598359227180481,0.004030971863447278,56,False
11,Frontal Inf Orb 2 L,10,not_robust,PARP9,0.4579215070322065,0.4089574217796325,0.003997898473140762,57,False
11,Frontal Inf Orb 2 L,10,not_robust,NRIP1,0.6070613954599715,0.3074838519096374,0.003984901164202244,58,False
11,Frontal Inf Orb 2 L,10,not_robust,FAM171A1,0.5693654109901282,0.316009521484375,0.0038410846111640185,59,False
11,Frontal Inf Orb 2 L,10,not_robust,HSD3B7,0.485409947289557,0.3309276401996612,0.0034292910004862717,60,False
11,Frontal Inf Orb 2 L,10,not_robust,MYLK2,0.5042685289910792,0.2965930700302124,0.0031929012718906087,61,False
11,Frontal Inf Orb 2 L,10,not_robust,P2RY12,0.49389855932936,0.3019077479839325,0.003183278554351871,62,False
11,Frontal Inf Orb 2 L,10,not_robust,MICU3,0.5752496835817588,0.2358701527118683,0.002896623182339038,63,False
11,Frontal Inf Orb 2 L,10,not_robust,VPS13C,0.4669716004231854,0.2877374291419983,0.002868464328765692,64,False
11,Frontal Inf Orb 2 L,10,not_robust,ERCC8,0.4352577646833562,0.3066307008266449,0.0028492121549775137,65,False
11,Frontal Inf Orb 2 L,10,not_robust,ZCWPW2,0.4583926062977502,0.2858431041240692,0.0027972285285495046,66,False
11,Frontal Inf Orb 2 L,10,not_robust,DGKQ,0.4736569712947473,0.2635650038719177,0.0026651048723510744,67,False
11,Frontal Inf Orb 2 L,10,not_robust,TMED5,0.4085282612365944,0.3018712401390075,0.002632730895342226,68,False
11,Frontal Inf Orb 2 L,10,not_robust,C2CD4A,0.5586762825967329,0.2195565849542617,0.0026186009865958276,69,False
11,Frontal Inf Orb 2 L,10,not_robust,MIPOL1,0.5194274298729552,0.2262192219495773,0.0025085167765905507,70,False
11,Frontal Inf Orb 2 L,10,not_robust,BCL2L1,0.4541913559298055,0.2567904889583587,0.002489891509344349,71,False
11,Frontal Inf Orb 2 L,10,not_robust,CYLD,0.6129103108454984,0.169330820441246,0.002215621472933107,72,False
11,Frontal Inf Orb 2 L,10,not_robust,DDRGK1,0.6146057739967506,0.1576443612575531,0.0020684151143899885,73,False
11,Frontal Inf Orb 2 L,10,not_robust,MCMBP,0.4983144381660733,0.1930699795484542,0.002053907338498865,74,False
11,Frontal Inf Orb 2 L,10,not_robust,STBD1,0.6277164507044742,0.1455356031656265,0.0019502728998240632,75,False
11,Frontal Inf Orb 2 L,10,not_robust,MED13,0.4956800327553437,0.1776958703994751,0.0018803616504045318,76,False
11,Frontal Inf Orb 2 L,10,not_robust,DCUN1D1,0.5370764734685525,0.163753792643547,0.001877543991061179,77,False
11,Frontal Inf Orb 2 L,10,not_robust,INTS2,0.4825615751703923,0.1789993643760681,0.0018440251999922116,78,False
11,Frontal Inf Orb 2 L,10,not_robust,CTF1,0.6233069770099174,0.1332284361124038,0.001772807350115936,79,False
11,Frontal Inf Orb 2 L,10,not_robust,PDLIM2,0.4206257610138539,0.1904719173908233,0.0017103675426122962,80,False
11,Frontal Inf Orb 2 L,10,not_robust,MTF2,0.5665959634923902,0.1314258724451065,0.0015897065745043228,81,False
11,Frontal Inf Orb 2 L,10,not_robust,RORA,0.4406374238263562,0.1622077226638794,0.0015258629641881252,82,False
11,Frontal Inf Orb 2 L,10,not_robust,AMPD3,0.4869222360660115,0.145731434226036,0.001514870373883361,83,False
11,Frontal Inf Orb 2 L,10,not_robust,LRRK2,0.4905221269933309,0.1440357118844986,0.0015083127826976718,84,False
11,Frontal Inf Orb 2 L,10,not_robust,YARS2,0.5818266911597257,0.1202353090047836,0.001493441755876465,85,False
11,Frontal Inf Orb 2 L,10,not_robust,NDUFAF2,0.456510520061943,0.1519088149070739,0.0014804590228528764,86,False
11,Frontal Inf Orb 2 L,10,not_robust,SLC45A3,0.4957939009338077,0.1365202218294143,0.001444976521782843,87,False
11,Frontal Inf Orb 2 L,10,not_robust,SNX20,0.5220441311147154,0.1277837306261062,0.0014241161328990067,88,False
11,Frontal Inf Orb 2 L,10,not_robust,NEK1,0.4656900975427658,0.1384527385234832,0.0013764523414490403,89,False
11,Frontal Inf Orb 2 L,10,not_robust,DTX3L,0.4795097067359298,0.1236892640590667,0.0012661700426684361,90,False
11,Frontal Inf Orb 2 L,10,not_robust,CERS6,0.7746509542387986,0.0747304856777191,0.0012358520730096085,91,False
11,Frontal Inf Orb 2 L,10,not_robust,NUCKS1,0.5461437582293452,0.1008259132504463,0.00117555178261531,92,False
11,Frontal Inf Orb 2 L,10,not_robust,WNT3,0.3619341663023752,0.1518237739801406,0.0011730917763580638,93,False
11,Frontal Inf Orb 2 L,10,not_robust,CNOT7,0.5782248452074796,0.0932418778538703,0.001150986912460861,94,False
11,Frontal Inf Orb 2 L,10,not_robust,FASTKD5,0.5847476312634484,0.0885050073266029,0.0011048388547449102,95,False
11,Frontal Inf Orb 2 L,10,not_robust,COX4I2,0.569041187736944,0.0888595879077911,0.0010794701125290363,96,False
11,Frontal Inf Orb 2 L,10,not_robust,CMC1,0.5323187719675159,0.0913318544626236,0.0010379027986550258,97,False
11,Frontal Inf Orb 2 L,10,not_robust,UBOX5,0.5061240587156823,0.0885050073266029,0.0009562852339941301,98,False
11,Frontal Inf Orb 2 L,10,not_robust,DPM3,0.4612735091560832,0.0954490676522255,0.0009399241966509499,99,False
11,Frontal Inf Orb 2 L,10,not_robust,FOXS1,0.5969811999036949,0.0717954486608505,0.0009149981033191728,100,False
11,Frontal Inf Orb 2 L,10,not_robust,P4HTM,0.520240240969032,0.0821254402399063,0.0009121038276271095,101,False
11,Frontal Inf Orb 2 L,10,not_robust,METTL13,0.59472110546083,0.0712111964821815,0.0009041162171170201,102,False
11,Frontal Inf Orb 2 L,10,not_robust,NOL4,0.6730783835070523,0.0601187869906425,0.0008638502788422312,103,False
11,Frontal Inf Orb 2 L,10,not_robust,B3GALT1,0.5667834720300831,0.0701578333973884,0.0008488989013022372,104,False
11,Frontal Inf Orb 2 L,10,not_robust,VPS37A,0.4690061560455667,0.0843638330698013,0.000844690232523874,105,False
11,Frontal Inf Orb 2 L,10,not_robust,DCAF16,0.5238011506230907,0.0746670886874198,0.0008349458141565102,106,False
11,Frontal Inf Orb 2 L,10,not_robust,RPP38,0.5499925124833362,0.0709610506892204,0.0008331811576310836,107,False
11,Frontal Inf Orb 2 L,10,not_robust,MTMR7,0.5168037033329229,0.0743675380945205,0.0008204868918178488,108,False
11,Frontal Inf Orb 2 L,10,not_robust,BIN3,0.5105005594555333,0.0713214352726936,0.000777282557579082,109,False
11,Frontal Inf Orb 2 L,10,not_robust,IP6K2,0.3661019287313424,0.0962643772363662,0.0007523678825581826,110,False
11,Frontal Inf Orb 2 L,10,not_robust,DR1,0.4095684233009468,0.0850554704666137,0.0007436889742770891,111,False
11,Frontal Inf Orb 2 L,10,not_robust,TPX2,0.557261544486785,0.0610919557511806,0.0007267846198817185,112,False
11,Frontal Inf Orb 2 L,10,not_robust,NTPCR,0.5849408401801067,0.0572280026972293,0.0007146331513463017,113,False
11,Frontal Inf Orb 2 L,10,not_robust,WDR6,0.5749525545692021,0.0575480684638023,0.0007063588404691157,114,False
11,Frontal Inf Orb 2 L,10,not_robust,FAM171A2,0.445986673493998,0.0734663009643554,0.0006994757793494478,115,False
11,Frontal Inf Orb 2 L,10,not_robust,CCDC90B,0.5716942522895805,0.0561612658202648,0.0006854303636108163,116,False
11,Frontal Inf Orb 2 L,10,not_robust,ANK2,0.4820672643531236,0.0663385838270187,0.000682710311656739,117,False
11,Frontal Inf Orb 2 L,10,not_robust,ARL17A,0.4157350497947447,0.0748985931277275,0.0006647417041276986,118,False
11,Frontal Inf Orb 2 L,10,not_robust,ACBD7,0.4174925298166261,0.0733931586146354,0.0006541342864853567,119,False
11,Frontal Inf Orb 2 L,10,not_robust,ZDHHC2,0.5304866820931683,0.0558798909187316,0.000632838161962612,120,False
11,Frontal Inf Orb 2 L,10,not_robust,CNTLN,0.4865606916215696,0.0592545457184314,0.0006154904495719863,121,False
11,Frontal Inf Orb 2 L,10,not_robust,ARIH2,0.4346119368373084,0.0570767857134342,0.0005295704987539016,122,False
11,Frontal Inf Orb 2 L,10,not_robust,PRSS3,0.4513758062593379,0.0544609166681766,0.0005247903609727898,123,False
